time_s,time_min,falla_prop_inyectada,falla_remi_inyectada,BIS,BIS_ref,BIS_desde_Ce_real,BIS_desde_Ce_bis,BIS_mas,BIS_menos,age_patient,error,Ce_remi_pred,Ce_remi_corr,Ce_remi_prom,Ce_prop,Ce_remi,Ce_bis,Ce_prop_obs,Ce_remi_obs,Ce_bis_menos,Ce_bis_mas,Ce_bis_inv,Ce_prop_menos,Ce_prop_mas,Ce_remi_menos,Ce_remi_mas,r_prop_sup,r_prop_inf,r_remi_sup,r_remi_inf,fallo_prop,fallo_remi,u_prop_app,u_remi_app,u_prop_cmd,u_remi_cmd
0,0.0,False,False,93.0,50.0,83.1,93.0,93.0,92.99859384556382,74.0,43.0,0.0,0.0,0.06,0.0,0.0,0.0,9.185896487906575e-12,0.0,-0.06003361123466673,0.004932777515969128,7.321432349272073e-12,-0.06003361123466673,0.004932777515969128,-0.06003994062621891,0.00492011874756218,0.004932777506783231,-0.060033611243852626,0.00492011874756218,-0.06003994062621891,False,False,0.0,0.0,6.043972499999999,6.043972499999999
5,0.08333333333333333,False,False,92.99515169190265,50.0,83.0999963611842,92.97915815554757,92.83982082177273,92.31233481197503,74.0,42.99515169190265,0.14742010188281207,0.14889430290164019,-0.027559910939328365,0.01927387911056376,0.06882320395418404,0.0,9.185896487906575e-12,0.14889430290164019,0.01835127399760665,0.07665965839182153,7.321432349272073e-12,0.01835127399760665,0.07665965839182153,0.25375151075794755,0.3119301684916699,0.07665965838263562,0.018351273988420756,0.1630358655900297,0.10485720785630737,False,False,6.043972499999999,6.043972499999999,0.3697635339346066,0.3697635339346066
10,0.16666666666666666,False,False,92.96042603306536,50.0,83.09980465716603,92.92525041196966,92.92536900780414,92.56229259156699,74.0,42.96042603306536,0.2898461698169258,0.29274463151509506,0.2828408396248087,0.05791141935795871,0.2034916716289493,0.0005268644426936545,9.185896487906575e-12,0.29274463151509506,-0.024739929433985803,0.04064469031392859,0.0004241258829551953,-0.024739929433985803,0.04064469031392859,0.2924985954848575,0.35743985245477505,0.040644690304742694,-0.024739929443171698,0.06469522093968,-0.0002460360302375397,False,False,0.3697635339346066,0.3697635339346066,0.3679947800337191,0.3679947800337191
15,0.25,False,False,92.80429939640435,50.0,83.09874993060461,92.80059216759012,92.70971390661545,91.85642247750137,74.0,42.804299396404346,0.42756899327313524,0.4318446832058666,0.3249692239698163,0.09722605868860033,0.33574630787773085,0.01466563384734565,0.005739575742973102,0.4318446832058666,0.010581386939556833,0.07415930720001634,0.011805835251607277,0.010581386939556833,0.07415930720001634,0.48972836429196553,0.5527806409231304,0.06841973145704325,0.004841811196583732,0.12093595771726379,0.057883681086098926,False,False,0.3679947800337191,0.3679947800337191,0.353104021764662,0.353104021764662
20,0.3333333333333333,False,False,92.443836298558,50.0,83.09576297830887,92.43334237797988,92.4869103877964,91.4217886019246,74.0,42.443836298558,0.5605364274697698,0.5661417917444675,0.5212545026075479,0.1371257040544355,0.4654426548565882,0.03856197755084152,0.02830693469486505,0.5661417917444675,0.02249661394714461,0.08986033828151505,0.031042391930486704,0.02249661394714461,0.08986033828151505,0.579575809421326,0.6460646874560869,0.06155340358665,-0.005810320747720438,0.07992289571161937,0.013434017676858478,False,False,0.353104021764662,0.353104021764662,0.3255081931436709,0.3255081931436709
25,0.4166666666666667,False,False,91.85875295547679,50.0,83.089504950175,91.83735828894224,91.74055792069166,90.39729558894028,74.0,41.85875295547679,0.6883958828821927,0.6952798417110146,0.6128202484387064,0.17744025291679838,0.5921603290936358,0.06827562805098439,0.05652851529803229,0.6952798417110146,0.05864788262681611,0.12613458234046446,0.05496188057682048,0.05864788262681611,0.12613458234046446,0.7287498522919562,0.795213443909294,0.06960606704243216,0.0021193673287838236,0.0999336021982794,0.03347001058094157,False,False,0.3255081931436709,0.3255081931436709,0.29329199065141903,0.29329199065141903
30,0.5,False,False,91.06159140763108,50.0,83.07849094779833,91.02557376976073,91.05600736322384,89.48704433225964,74.0,41.061591407631084,0.8107201297724445,0.8188273310701689,0.7619816481006252,0.21795205058303904,0.7153216417155991,0.10140656290144234,0.08846267219823858,0.8188273310701689,0.08511760283671307,0.15498981595403513,0.08163228314083426,0.08511760283671307,0.15498981595403513,0.8316274229853041,0.9001417764118413,0.06652714375579655,-0.00334506936152551,0.08131444534167243,0.012800091915135203,False,False,0.29329199065141903,0.29329199065141903,0.260882835971756,0.260882835971756
35,0.5833333333333334,False,False,90.07555281090895,50.0,83.06121982616861,90.02181276748864,89.98811422992299,88.20192364605651,74.0,40.075552810908945,0.9271227202139036,0.9363939474160426,0.8658845996985727,0.25843751785265556,0.8343445937916133,0.13663233756948873,0.12297753212724274,0.9363939474160426,0.1219718954063885,0.19270640173823586,0.10998903174499902,0.1219718954063885,0.19270640173823586,0.9540492070278311,1.023212564161323,0.06972886961099312,-0.0010056367208542416,0.08681861674528035,0.017655259611788487,False,False,0.260882835971756,0.260882835971756,0.2298740817345557,0.2298740817345557
40,0.6666666666666666,False,False,88.92796739219969,50.0,83.03629655887109,88.85410978357332,88.92674740595774,86.94520763284979,74.0,38.92796739219969,1.0372933834268432,1.0476663172611116,0.9886308855945771,0.29868646785232283,0.9487111057450507,0.17318504191269718,0.1593507750300887,1.0476663172611116,0.15510345750322843,0.22760261646537563,0.1394139587324844,0.15510345750322843,0.22760261646537563,1.054082185817921,1.124688144781286,0.06825184143528693,-0.004247317526860278,0.07702182752017439,0.006415868556809423,False,False,0.2298740817345557,0.2298740817345557,0.20103378329827917,0.20103378329827917
45,0.75,False,False,87.64811408719702,50.0,83.00253677717579,87.55246480848,87.63331052788452,85.47893342529576,74.0,37.648114087197015,1.1410098876229215,1.1524199864991507,1.0893851652996034,0.3385090515644231,1.057989016249537,0.21056526646153267,0.19706729077488488,1.1524199864991507,0.19279141404275135,0.26641008880391803,0.16950503950870371,0.19279141404275135,0.26641008880391803,1.1577614483861776,1.2292282670154713,0.06934279802903315,-0.004275876732133532,0.0768082805163206,0.005341461887026888,False,False,0.20103378329827917,0.20103378329827917,0.17486043577503882,0.17486043577503882
50,0.8333333333333334,False,False,86.26581403490314,50.0,82.95904499059787,86.14739167466414,86.32658214992144,84.01690833404022,74.0,36.265814034903144,1.2381421266626385,1.250523547929265,1.1934948577008244,0.3777389470335695,1.1618400459092602,0.24840792240531973,0.2357217860710989,1.250523547929265,0.2290530497447863,0.3041393926737338,0.19996837753164984,0.2290530497447863,0.3041393926737338,1.2484989438273362,1.321116151352015,0.0684176066026349,-0.0066687363263125965,0.0705926034227502,-0.0020246041019287286,False,False,0.17486043577503882,0.17486043577503882,0.15167319899510995,0.15167319899510995
55,0.9166666666666666,False,False,84.81015273303663,50.0,82.90526138735271,84.6686044262044,84.90112561021293,82.45895439937733,74.0,34.81015273303663,1.3286513599701493,1.3419378735698508,1.2848075475896756,0.4162349869388988,1.2600220044942956,0.286422547552564,0.2749736877988653,1.3419378735698508,0.2672068683828412,0.34347717117396387,0.23057015077888537,0.2672068683828412,0.34347717117396387,1.3366780271217402,1.4101921710190746,0.0685034833750986,-0.007766819416024084,0.06825429744922373,-0.005259846448110617,False,False,0.15167319899510995,0.15167319899510995,0.1316179767678054,0.1316179767678054
60,1.0,False,False,83.30835500790977,50.0,82.84097652715782,83.1438670186569,83.47309107250311,80.91476058088064,74.0,33.30835500790977,1.4125852107913663,1.42671106289928,1.3734350990704074,0.453881593740913,1.3523867582587608,0.32436734555995694,0.3145271528631383,1.42671106289928,0.30464709913740895,0.3822248424485951,0.2611157131728305,0.30464709913740895,0.3822248424485951,1.415848259295837,1.4903525105771505,0.0676976895854568,-0.009880053725729365,0.06364144767787039,-0.01086280360344305,False,False,0.1316179767678054,0.1316179767678054,0.11467791864681573,0.11467791864681573
65,1.0833333333333333,False,False,81.78491966216409,50.0,82.76631736643475,81.5981144507732,82.00370441157943,79.34843498310713,74.0,31.784919662164086,1.4900690828635608,1.5049697736921963,1.4531003849364938,0.49058812565428594,1.4388744770034925,0.3620378993841434,0.3541226159196412,1.5049697736921963,0.34264379126070144,0.42139500732973595,0.2914405090053606,0.34264379126070144,0.42139500732973595,1.4902782682544182,1.5656522120200647,0.06727239141009472,-0.01147882465893979,0.06068243832786835,-0.014691505437778085,False,False,0.11467791864681573,0.11467791864681573,0.10070018516686785,0.10070018516686785
70,1.1666666666666667,False,False,80.26107074726085,50.0,82.68171097667425,80.05290154489069,80.55323313461292,77.81526343163794,74.0,30.261070747260845,1.561294993558889,1.5769079434944777,1.5279652401372414,0.5262872983609508,1.519504878384252,0.3992619508284695,0.3935332539988849,1.5769079434944777,0.38002139082329767,0.4599794560871386,0.3214058704209947,0.38002139082329767,0.4599794560871386,1.557598037182385,1.6338598768762373,0.06644620208825369,-0.013511863175587224,0.056951933381759634,-0.01930990631209273,False,False,0.10070018516686785,0.10070018516686785,0.08943288982936007,0.08943288982936007
75,1.25,False,False,78.75452025689813,50.0,82.58783365702483,78.52617185263848,79.11073030904758,76.30492689255894,74.0,28.754520256898132,1.626508978337261,1.6427740681206338,1.5957289570293112,0.5609329242057182,1.5943664306978487,0.4358964293435552,0.43256321405069686,1.6427740681206338,0.417228203966191,0.49832205176966377,0.3508966256220902,0.417228203966191,0.49832205176966377,1.6197017348622709,1.6967863298849086,0.0657588377189669,-0.015335010084505885,0.05401226176427487,-0.023072333258362887,False,False,0.08943288982936007,0.08943288982936007,0.08056398761539826,0.08056398761539826
80,1.3333333333333333,False,False,77.27949381765713,50.0,82.48555302045479,77.03229531310879,77.70672103075944,74.84447391616473,74.0,27.279493817657126,1.6859981615163324,1.7028581431314957,1.6582440323735899,0.5944972387217767,1.663604537817525,0.47182510235351116,0.4710461741756262,1.7028581431314957,0.45371286863162075,0.5359405925005212,0.37981920739143793,0.45371286863162075,0.5359405925005212,1.6758654193000184,1.7537636765212363,0.06489441832489495,-0.017333305544005473,0.050905533389740576,-0.026992723831477328,False,False,0.08056398761539826,0.08056398761539826,0.07375600852443029,0.07375600852443029
85,1.4166666666666667,False,False,75.846950689143,50.0,82.37586947212476,75.58230310553054,76.33951185037459,73.43169570606429,74.0,25.846950689143,1.740078384299573,1.7574791681425688,1.7148145479106274,0.6269680658285078,1.727409625601046,0.5069562261643606,0.5088436727103727,1.7574791681425688,0.48961103994400584,0.572928750643574,0.40809976206878673,0.48961103994400584,0.572928750643574,1.7270581266936962,1.8057290099284158,0.06408507793320128,-0.01923263276636683,0.048249841785847014,-0.030421041448872588,False,False,0.07375600852443029,0.07375600852443029,0.06867338861263403,0.06867338861263403
90,1.5,False,False,74.4649272604021,50.0,82.2598618127813,74.18424661905419,75.02373512968576,72.07885076238702,74.0,24.464927260402106,1.7890830160772337,1.806973846238006,1.7663935683110559,0.6583460257141508,1.7860058471840365,0.5412200349857419,0.5458430626204972,1.806973846238006,0.5246563355431175,0.609049071003851,0.4356821281619432,0.5246563355431175,0.609049071003851,1.7732108176424457,1.8526364718570754,0.06320600838335377,-0.021186727077379675,0.04566262561906931,-0.03376302859556035,False,False,0.06867338861263403,0.06867338861263403,0.06500152315587626,0.06500152315587626
95,1.5833333333333333,False,False,73.13894232657643,50.0,82.1386399338576,72.84361723245264,73.75947431006082,70.7851478704821,74.0,23.138942326576426,1.8333533130691753,1.851686846199867,1.8129236447497605,0.6886419310412032,1.8396408915980034,0.5745661016992597,0.5819551463525385,1.851686846199867,0.5588776379828991,0.6443139005473713,0.46252571187210384,0.5588776379828991,0.6443139005473713,1.8149195781827456,1.8950704088846988,0.06235875419483272,-0.0230775083696394,0.04338356268483179,-0.03676726801712138,False,False,0.06500152315587626,0.06500152315587626,0.06245822173094437,0.06245822173094437
100,1.6666666666666667,False,False,71.87241658756759,50.0,82.013306022858,71.5637784691576,72.55282426505637,69.55506842043815,74.0,21.872416587567585,1.873230467315178,1.8919627719883299,1.8549949935337222,0.7178744605987157,1.8885771628229882,0.6069606719282935,0.6171116189580971,1.8919627719883299,0.59214645711826,0.6786071514663836,0.4886033409038191,0.59214645711826,0.6786071514663836,1.8523610521879128,1.9332174886024043,0.06149553250828654,-0.024965161839837102,0.04125471661407443,-0.039601719800417046,False,False,0.06245822173094437,0.06245822173094437,0.06079903061897701,0.06079903061897701
105,1.75,False,False,70.66707365761398,50.0,81.88492451247113,70.34637743365643,71.40328564596447,68.38726139532936,74.0,20.667073657613983,1.9090493243635909,1.9281398176072269,1.8927892703951585,0.7460681522050397,1.9330844199214547,0.6383840792989657,0.6512624588766812,1.9281398176072269,0.6244641346220128,0.7119239561249311,0.513899183831063,0.6244641346220128,0.7119239561249311,1.8859649566036099,1.9675035592620609,0.060661497248249874,-0.026798324254668437,0.03936374165483403,-0.042174861003617004,False,False,0.06079903061897701,0.06079903061897701,0.05981810324497583,0.05981810324497583
110,1.8333333333333333,False,False,69.52330289350421,50.0,81.75450021033106,69.19171583496052,70.31240581798284,67.28218107536611,74.0,19.52330289350421,1.9411336398638548,1.9605449762624934,1.9267342579328353,0.7732517213157962,1.9734338414825319,0.6688283292650149,0.6843733848570082,1.9605449762624934,0.65577320267952,0.7442124270550368,0.5384068050562292,0.65577320267952,0.7442124270550368,1.915983328022819,1.9981853497857989,0.0598390421980286,-0.028600182177488165,0.037640373523305515,-0.044561648239674456,False,False,0.05981810324497583,0.05981810324497583,0.05934616755780445,0.05934616755780445
115,1.9166666666666667,False,False,68.44047448347152,50.0,81.62296359125078,68.09907124496911,69.2787463308555,66.23769548836327,74.0,18.44047448347152,1.9697926852032916,1.9894906120553246,1.9570843389043089,0.7994566881714532,2.0098933964420196,0.6982949099287219,0.7164234661725459,1.9894906120553246,0.6860750228989053,0.7754718720998778,0.5621274024974355,0.6860750228989053,0.7754718720998778,1.9427562383256534,2.0256020690074403,0.05904840592733185,-0.030348443273640613,0.036111456952115706,-0.046734373729671264,False,False,0.05934616755780445,0.05934616755780445,0.059246844093501394,0.059246844093501394
120,2.0,False,False,67.41720438326185,50.0,81.49116204109124,67.06696648383797,68.3015112343713,65.25227185331994,74.0,17.417204383261847,1.995318988677194,2.015272178563966,1.9841791536665467,0.8247162825781085,2.0427243600963054,0.7267928603172753,0.747402941191558,2.015272178563966,0.7153507843132175,0.8056862137187484,0.5850682525602224,0.7153507843132175,0.8056862137187484,1.9665410336552156,2.050013541023588,0.058283272527190344,-0.03205215687834051,0.03474136245962223,-0.04873114490875019,False,False,0.059246844093501394,0.059246844093501394,0.059412234390395086,0.059412234390395086
125,2.0833333333333335,False,False,66.45157123918354,50.0,81.35985582853873,66.09338959671383,67.3785806555941,64.3232730269235,74.0,16.451571239183536,2.0179869998912805,2.038166869890193,2.0082772873394017,0.8490645891433186,2.0721787988122027,0.7543371037358355,0.7773112720981772,2.038166869890193,0.7436092815956094,0.8348638351710523,0.6072413685143602,0.7436092815956094,0.8348638351710523,1.9876177281055496,2.071700012074402,0.05755256307287515,-0.033701990502567836,0.033533142184208664,-0.050549141784643536,False,False,0.059412234390395086,0.059412234390395086,0.059758396221322174,0.059758396221322174
130,2.1666666666666665,False,False,65.54128998656105,50.0,81.2297176768772,65.17596943453381,66.5080401419805,63.448291240502556,74.0,15.541289986561054,2.0380524814308223,2.0584330062451306,2.0296588700899756,0.8725358946521908,2.0984978502312166,0.7809470373007787,0.806155441863939,2.0584330062451306,0.7708535640166987,0.8630093046173438,0.6286623650275488,0.7708535640166987,0.8630093046173438,2.00622176836771,2.0908984419212153,0.05685386275340487,-0.03530187784724026,0.03246543567608473,-0.05221123787742066,False,False,0.059758396221322174,0.059758396221322174,0.06022107942042766,0.06022107942042766
135,2.25,False,False,64.68384794214141,50.0,81.10133495852332,64.31211291159367,65.6874291265458,62.62449942643495,74.0,14.683847942141412,2.055752455932894,2.076309980492223,2.0485601051444626,0.8951642013216464,2.1219106400943915,0.8066453581704951,0.8339484861210622,2.076309980492223,0.7971000814555793,0.8901392834139996,0.6493495133199304,0.7971000814555793,0.8901392834139996,2.0225863179045893,2.1078425786655224,0.05619079729293741,-0.03684840466548289,0.03153259817329923,-0.053723662587633836,False,False,0.06022107942042766,0.06022107942042766,0.06075191878230879,0.06075191878230879
140,2.3333333333333335,False,False,63.87660941645052,50.0,80.97521370385118,63.49911020445604,64.91438928347227,61.84921183400232,74.0,13.87660941645052,2.0713055634887794,2.0920186191236674,2.065214448285056,0.9169828734478023,2.1426336965856687,0.8314571012538958,0.8607082423740394,2.0920186191236674,0.8223644278886584,0.9162703437048625,0.6693229665126182,0.8223644278886584,0.9162703437048625,2.036916268750219,2.1227383702130465,0.055562101330823066,-0.038343814485381045,0.030719751089379077,-0.05510235037344824,False,False,0.06075191878230879,0.06075191878230879,0.06131516082757715,0.06131516082757715
145,2.4166666666666665,False,False,63.116894534541295,50.0,80.85178378001035,62.73421374426567,64.18638359082505,61.119640588373336,74.0,13.116894534541295,2.0849127105847933,2.105761837690641,2.079827319481633,0.9380243894490644,2.160870744531467,0.8554088610315715,0.8864562952933739,2.105761837690641,0.8466688446686528,0.9414251511182835,0.6886041331327306,0.8466688446686528,0.9414251511182835,2.0494056776419067,2.1357805281631603,0.054968855824909624,-0.03978745062472111,0.03001869047251926,-0.05635616004873434,False,False,0.06131516082757715,0.06131516082757715,0.06188492674626479,0.06188492674626479
150,2.5,False,False,62.40203733650999,50.0,80.73140474281271,62.014696214671744,63.50097206019775,60.43313084224998,74.0,12.402037336509991,2.096757915767753,2.1177254949254305,2.0925931029025335,0.9583201758604617,2.176812782572142,0.8785281704143466,0.9112170944285936,2.1177254949254305,0.8700360108055445,0.9656271032678874,0.707215177176704,0.8700360108055445,0.9656271032678874,2.0602281832814344,2.1471435019112404,0.05441000883929381,-0.041181083623049064,0.029418006985809875,-0.057497311643996074,False,False,0.06188492674626479,0.06188492674626479,0.06244297198173371,0.06244297198173371
155,2.5833333333333335,False,False,61.72942750614597,50.0,80.61437199015523,61.33789199833352,62.85570818778458,59.78706909493723,74.0,11.729427506145967,2.1070092780691465,2.128079370849838,2.103685842596337,0.977900504081224,2.1906383652627266,0.9008430113482708,0.9350172214125451,2.128079370849838,0.8924918709372172,0.9889026198457782,0.7251786241293758,0.8924918709372172,0.9889026198457782,2.0695446178128782,2.1569887470239557,0.053885398433233145,-0.042525350475327905,0.028909376174117707,-0.058534753036959764,False,False,0.06244297198173371,0.06244297198173371,0.06297688303732378,0.06297688303732378
160,2.6666666666666665,False,False,61.09653935209202,50.0,80.50092294803389,60.70122577463349,62.24825524306908,59.17897984810527,74.0,11.096539352092023,2.11582001172945,2.1369782118467446,2.113266682418417,0.9967944344345735,2.202514028405105,0.9223814344529115,0.9578847847761608,2.1369782118467446,0.914062857154638,1.011278711895487,0.7425170547377548,0.914062857154638,1.011278711895487,2.077499899088794,2.1654618401898067,0.05339392711932611,-0.043821927621522816,0.028483628343062062,-0.05947831275795057,False,False,0.06297688303732378,0.06297688303732378,0.0634786460135411,0.0634786460135411
165,2.75,False,False,60.50095099823045,50.0,80.39124310157969,60.102231271152945,61.676347218285585,58.60648897485224,74.0,10.50095099823045,2.12332950508046,2.144562800131265,2.1214808696393,1.0150297953040737,2.212594809648288,0.943171267866306,0.979848923028203,2.144562800131265,0.9347768785529109,1.0327837528925132,0.7592528706373287,0.9347768785529109,1.0327837528925132,2.0842267032353896,2.1726960178965946,0.052934829864310196,-0.04507204447529212,0.028133217765329732,-0.06033609689587527,False,False,0.0634786460135411,0.0634786460135411,0.06394352331350908,0.06394352331350908
170,2.8333333333333335,False,False,59.94035615489451,50.0,80.28547174643438,59.538562576978485,61.13783597980958,58.06736082077324,74.0,9.94035615489451,2.129664372902631,2.1509610166316575,2.128461360565992,1.032633187774365,2.2210248276603792,0.9632398983537437,1.0009393987304975,2.1509610166316575,0.9546620340286265,1.0534463343715932,0.7754081181691164,0.9546620340286265,1.0534463343715932,2.0898448563980874,2.1788116582079144,0.05250693564109565,-0.04627736470187105,0.02785064157625694,-0.06111616023357014,False,False,0.06394352331350908,0.06394352331350908,0.06436918101344326,0.06436918101344326
175,2.9166666666666665,False,False,59.41257034716274,50.0,80.18370738324889,59.007999914894576,60.63067453135326,57.55948079344309,74.0,9.412570347162742,2.13493948058196,2.1562888753877796,2.134328257303001,1.0496300083734527,2.227937892245418,0.9826141104363197,1.0211862687793656,2.1562888753877796,0.9737469058879087,1.0732954713073501,0.7910043589074576,0.9737469058879087,1.0732954713073501,2.09446337242413,2.1839182671220136,0.052109202527984566,-0.04743936289145689,0.027629391734234066,-0.06182550296364964,False,False,0.06436918101344326,0.06436918101344326,0.06475501714243607,0.06475501714243607
180,3.0,False,False,58.91553306744838,50.0,80.08601271309678,58.50845136287475,60.15293387402652,57.080866752199846,74.0,8.91553306744838,2.1392589253579737,2.1606515146115535,2.139190819773072,1.0660444842531425,2.23345812496714,1.0013199717162178,1.0406196178309073,2.1606515146115535,0.9920599382857404,1.092360039714921,0.8060625772342519,0.9920599382857404,1.092360039714921,2.0981807543259534,2.1881148172611087,0.05174042188401362,-0.048559679545166934,0.02746330264955521,-0.06247076028560006,False,False,0.06475501714243607,0.06475501714243607,0.06510164911453974,0.06510164911453974
185,3.0833333333333335,False,False,58.44730698804373,50.0,79.99241921679399,58.03795165432887,59.702793501941386,56.62965810225935,74.0,8.447306988043728,2.1427169652613496,2.164144134913963,2.143147785793531,1.0818997165214475,2.2377005754653787,1.0193827546848218,1.0592693447289094,2.164144134913963,1.009629486707961,1.1106687909364157,0.8206031175210683,1.009629486707961,1.1106687909364157,2.1010863026199784,2.191491037335269,0.05139944620750625,-0.0496398580209485,0.02734690242130622,-0.06305783229398454,False,False,0.06510164911453974,0.06510164911453974,0.06541052603229458,0.06541052603229458
190,3.1666666666666665,False,False,58.00607510437435,50.0,79.90293131874883,57.594658948980445,59.27854498328662,56.20411621966792,74.0,8.006075104374347,2.1453988903201004,2.1668528792233013,2.146288669977624,1.0972177285198585,2.2407718229990095,1.0368268870988997,1.0771649922166944,2.1668528792233013,1.0264835056235522,1.1282500641840998,0.8346456441101964,1.0264835056235522,1.1282500641840998,2.1032606959353335,2.1941280088343267,0.051085071967405415,-0.0506814865931422,0.027275129611025406,-0.06359218328796779,False,False,0.06541052603229458,0.06541052603229458,0.06568363817666201,0.06568363817666201
195,3.25,False,False,57.59013647047207,50.0,79.81753014786935,57.1768502215988,58.8785846901148,55.80261584744341,74.0,7.590136470472068,2.147381833549009,2.168855651884499,2.14869435238483,1.11201951667627,2.2427705560746407,1.0536759245208498,1.094335613043495,2.168855651884499,1.0426495262992421,1.1451317506906558,0.8482091192332064,1.0426495262992421,1.1451317506906558,2.1047769317984297,2.1960991005756982,0.050796137647160844,-0.05168608674425279,0.027243448691199212,-0.0640787200860693,False,False,0.06568363817666201,0.06568363817666201,0.06592330160480232,0.06592330160480232
200,3.3333333333333335,False,False,57.197901024435275,50.0,79.73617691569535,56.782915781249386,58.50141170304509,55.42364108773827,74.0,7.197901024435275,2.1487355213603454,2.170222876573949,2.150438016187064,1.126325102209708,2.2437881255356436,1.0699525398727394,1.110809665539182,2.170222876573949,1.058154495708172,1.1613411434195224,0.8613117945913018,1.058154495708172,1.1613411434195224,2.105700942610258,2.197470592195174,0.050531477880340514,-0.05265516983100982,0.027247715621224966,-0.06452193396369088,False,False,0.06592330160480232,0.06592330160480232,0.06613200042063877,0.06613200042063877
205,3.4166666666666665,False,False,56.82788387452902,50.0,79.65881593644562,56.411353276492456,58.14562133423127,55.065777865945186,74.0,6.827883874529022,2.149522964532517,2.1710181941778424,2.151585767402716,1.1401535824563118,2.243909068367072,1.0856785258848147,1.1266149340092853,2.1710181941778424,1.073024744473964,1.1769049000345013,0.8739712133321064,1.073024744473964,1.1769049000345013,2.106092319892141,2.198302396979594,0.05028996602521607,-0.05359018953532124,0.0272842028017517,-0.06492587428570129,False,False,0.06613200042063877,0.06613200042063877,0.06631227305845222,0.06631227305845222
210,3.5,False,False,56.478699318580794,50.0,79.58537731595801,56.06076146901627,57.809900812470666,54.72770841296509,74.0,6.478699318580794,2.149801091896645,2.1712991028156114,2.152197358435868,1.1535231809602637,2.243211600860435,1.100874807160973,1.1417784691001542,2.1712991028156114,1.087285904377463,1.1918489653702913,0.8862042197578831,1.087285904377463,1.1918489653702913,2.106004877873308,2.1986486294063865,0.050070496270137044,-0.05449256472269126,0.027349526590775053,-0.06529422494230364,False,False,0.06631227305845222,0.06631227305845222,0.06646663194617017,0.06646663194617017
215,3.5833333333333335,False,False,56.14905479427286,50.0,79.51577933722038,55.72983396176564,57.49302330924297,54.40820451157468,74.0,6.149054794272857,2.1496213295666724,2.1711175428623393,2.152326753639847,1.1664512957550108,2.2417680807912097,1.1155614592670693,1.156326544919193,2.1711175428623393,1.10096288543598,1.2061985470003158,0.8980269747151852,1.10096288543598,1.2061985470003158,2.105487230310554,2.198558182305646,0.049872002081122746,-0.05536365948321298,0.027440639443306658,-0.06563031255178542,False,False,0.06646663194617017,0.06646663194617017,0.0665975083167416,0.0665975083167416
220,3.6666666666666665,False,False,55.83774490080572,50.0,79.44993056984099,55.41735302600513,57.193842988105324,54.10612176968988,74.0,5.837744900805717,2.1490301289381253,2.1705204302275067,2.1520227063080997,1.1789545454702564,2.2396454389809937,1.1297577328002697,1.1702846296399911,2.1705204302275067,1.1140798368359783,1.2199780786751209,0.9094549749087947,1.1140798368359783,1.2199780786751209,2.104583276377949,2.198075215148293,0.04969344903512973,-0.056204792804012804,0.027554784920786446,-0.0659371538495579,False,False,0.0665975083167416,0.0665975083167416,0.06670721582505254,0.06670721582505254
225,3.75,False,False,55.54364558921459,50.0,79.38773172975773,55.1221836178271,56.911289545825994,53.82039360891657,74.0,5.5436455892145915,2.1480694468847608,2.1695501413536085,2.151329245763121,1.191048813055356,2.2369055811150633,1.1434820808421635,1.1836773672958771,2.1695501413536085,1.1266601366006836,1.2332112098205867,0.9205030750710194,1.1266601366006836,1.2332112098205867,2.1033326667549526,2.1972396210396954,0.049533842524709604,-0.05701723069519349,0.027689479686086926,-0.0662174745986559,False,False,0.06670721582505254,0.06670721582505254,0.06679792810554169,0.06679792810554169
230,3.8333333333333335,False,False,55.26570858619197,50.0,79.32907731400388,54.84326764949357,56.6443633437002,53.55002588694543,74.0,5.26570858619197,2.1467771816453425,2.168244953461796,2.1502861438973238,1.2027492870229086,2.2336057610194,1.156752188554952,1.19652856857565,2.168244953461796,1.1387263777301626,1.245920793115493,0.931185511785634,1.1387263777301626,1.245920793115493,2.1017712108152202,2.196087435569641,0.049392224539843044,-0.05780219084548732,0.027842482107845345,-0.06647374264657557,False,False,0.06679792810554169,0.06679792810554169,0.06687166655459793,0.06687166655459793
235,3.9166666666666665,False,False,55.00295609212049,50.0,79.27385703362498,54.579618552002586,56.392130509775065,53.294091616728245,74.0,5.002956092120492,2.1451875678558583,2.1666394435344167,2.148929323192431,1.2140705001975358,2.229798926810785,1.169585003965089,1.208861209004772,2.1666394435344167,1.1503003688917561,1.258128885499272,0.9415159281903925,1.1503003688917561,1.258128885499272,2.0999312551138782,2.194651216315375,0.049267676494500146,-0.058560840113015766,0.028011772780958122,-0.0667081884205385,False,False,0.06687166655459793,0.06687166655459793,0.06693029551183831,0.06693029551183831
240,4.0,False,False,54.75447577621235,50.0,79.22195706601296,54.33031615214139,56.153718459215064,53.05172615021277,74.0,4.754475776212352,2.1433315340768355,2.1647648494176037,2.1472912357146265,1.2250263660118996,2.2255340414518545,1.1819967692058886,1.2206974329871627,2.1647648494176037,1.1614031356192986,1.2698567503167908,0.9515073992066846,1.1614031356192986,1.2698567503167908,2.097842019583632,2.192960380302725,0.04915931732962808,-0.05929429736786407,0.02819553088512139,-0.06692282983397169,False,False,0.06693029551183831,0.06693029551183831,0.06697552270131199,0.06697552270131199
245,4.083333333333333,False,False,54.51941607867671,50.0,79.17326114608115,54.094501868790275,55.928311571182036,52.82212259374737,74.0,4.519416078676713,2.141237026014319,2.162649396274462,2.1454011999431786,1.235630212430922,2.220856379294548,1.1940030516709914,1.2320585626787761,2.162649396274462,1.1720549293471652,1.2811248668161361,0.9611724565934765,1.1720549293471652,1.2811248668161361,2.0955299051560523,2.1910415125906186,0.04906630413736002,-0.06000363333161096,0.028392116316156457,-0.06711949111840987,False,False,0.06697552270131199,0.06697552270131199,0.06700890332195297,0.06700890332195297
250,4.166666666666667,False,False,54.29698182053147,50.0,79.12765151390934,53.87137423147317,55.71514720597733,52.604527601981715,74.0,4.296981820531471,2.138929298453857,2.1603185914383953,2.1432857088733357,1.2458948136105255,2.215807800199074,1.2056187746732883,1.2429651105355333,2.1603185914383953,1.1822752377086316,1.2919529411436588,0.9705231136058956,1.1822752377086316,1.2919529411436588,2.0930187690468554,2.188918642575611,0.048987830608125504,-0.060689872826901636,0.028600051137215754,-0.06729982239153998,False,False,0.06700890332195297,0.06700890332195297,0.06703184658193148,0.06703184658193148
255,4.25,False,False,54.08643011514174,50.0,79.08500973478093,53.66018470763669,55.51351193482812,52.398237431628125,74.0,4.086430115141738,2.1364311787322126,2.157795490519535,2.1409687058112334,1.2558324194125692,2.210427002785521,1.2168582473162732,1.2534367950028353,2.157795490519535,1.1920827994253143,1.3023599217121298,0.9795708890827428,1.1920827994253143,1.3023599217121298,2.090330174625688,2.186613494722007,0.04892312670929444,-0.06135399557752108,0.028818004202471936,-0.06746531589384697,False,False,0.06703184658193148,0.06703184658193148,0.06704562378146657,0.06704562378146657
260,4.333333333333333,False,False,53.88706657111611,50.0,79.04521740593607,53.4602338372769,55.32273807103381,52.202594324758856,74.0,3.887066571116108,2.1337633043706536,2.1551009374143604,2.1384718346738474,1.265454782905664,2.2047497583222335,1.227735193372882,1.2634925582075993,2.1551009374143604,1.2014956198085227,1.3123640152558531,0.9883268306700758,1.2014956198085227,1.3123640152558531,2.0874836157426553,2.1841457137344698,0.0488714570482538,-0.061996938399076607,0.029044776320109378,-0.06761732167170509,False,False,0.06704562378146657,0.06704562378146657,0.0670513772851495,0.0670513772851495
265,4.416666666666667,False,False,53.69824177329194,50.0,79.00815676288873,53.27086764785548,55.14220041029179,52.01698313243593,74.0,3.69824177329194,2.130944337293139,2.1522537806660704,2.1358146647385627,1.2747731859842788,2.198809126687079,1.2382627790355145,1.273150585671192,2.1522537806660704,1.2105309894185923,1.321982705936408,0.9968015371222919,1.2105309894185923,1.321982705936408,2.084496719494517,2.1815330680737395,0.048832120265215995,-0.06261959625259972,0.029279287407669052,-0.06775706117155345,False,False,0.0670513772851495,0.0670513772851495,0.06705012990420134,0.06705012990420134
270,4.5,False,False,53.51934802679258,50.0,78.97371119680396,53.09147434236669,54.971313234645784,51.84082822198524,74.0,3.519348026792578,2.1279911568570578,2.1492710684256284,2.1330148937841282,1.283798463237519,2.1926356557606073,1.2484536394539723,1.2824283271797867,2.1492710684256284,1.2192055028485307,1.3312327745861683,1.0050051797539254,1.2192055028485307,1.3312327745861683,2.0813854285100613,2.178791632954815,0.04880444740638157,-0.06322282433125603,0.02952056452918672,-0.06788563991556718,False,False,0.06705012990420134,0.06705012990420134,0.06704279434537168,0.06704279434537168
275,4.583333333333333,False,False,53.34981634823265,50.0,78.94176569320372,52.921481242611016,54.809527522633,51.673590610690866,74.0,3.3498163482326504,2.124919033736391,2.1461682240737545,2.130088530732438,1.2925410241953204,2.1862575655282788,1.2583199040187065,1.2913425184814513,2.1461682240737545,1.2275350790145414,1.3401303193990668,1.0129475227346576,1.2275350790145414,1.3401303193990668,2.078164165357999,2.1759359554006905,0.048787800917615476,-0.06380743946690992,0.029767731326935998,-0.06800405871575554,False,False,0.06704279434537168,0.06704279434537168,0.06703018248564108,0.06703018248564108
280,4.666666666666667,False,False,53.18911368784912,50.0,78.91220720116031,52.760351966688525,54.65632837335441,51.514765328086476,74.0,3.1891136878491224,2.121741786519262,2.1429592043844545,2.1270500603793447,1.301010874074474,2.1797009180854205,1.2678732203775895,1.2999092036813635,2.1429592043844545,1.2355349818418686,1.3486907770074295,1.0206379424032548,1.2355349818418686,1.3486907770074295,2.0748459804346,2.172979202734798,0.04878157332606592,-0.06437422183949493,0.030019998350343524,-0.06811322394985453,False,False,0.06703018248564108,0.06703018248564108,0.06701301430871713,0.06701301430871713
285,4.75,False,False,53.03674036647139,50.0,78.88492494113792,52.60758382597446,54.511232620394026,51.36387898135805,74.0,3.036740366471392,2.118471922714895,2.139656641942044,2.1239125915846992,1.3092176331404328,2.172989774655735,1.2771247771973764,1.3081437579860904,2.139656641942044,1.2432198414752875,1.356928944045509,1.0280854456443649,1.2432198414752875,1.356928944045509,2.0714426852032464,2.1699332963743427,0.04878518605941862,-0.06492391651080287,0.030276654432298766,-0.0682139567387976,False,False,0.06701301430871713,0.06701301430871713,0.06699192639684379,0.06699192639684379
290,4.833333333333333,False,False,52.892227711678174,50.0,78.85981065874826,52.462705429469416,54.37378663541352,51.220487520254295,74.0,2.8922277116781743,2.1151207657095217,2.136271973366617,2.1206879907887943,1.317170554793825,2.166146340653493,1.2860853256978544,1.3160609103927527,2.136271973366617,1.2506036752643597,1.3648589984713386,1.0352986871817393,1.2506036752643597,1.3648589984713386,2.0679649720834474,2.1668090322342213,0.04879808807858588,-0.06545723512839308,0.030537058867604383,-0.06830700128316947,False,False,0.06699192639684379,0.06699192639684379,0.06696747991367864,0.06696747991367864
295,4.916666666666667,False,False,52.75513587812407,50.0,78.83675883088614,52.32527447119592,54.24356428528136,51.08417416508697,74.0,2.7551358781240722,2.111698569066923,2.132815554757592,2.1173870021588344,1.3248785424832625,2.1591910997420607,1.2947651999986312,1.3236747665619077,2.132815554757592,1.2576999093652819,1.3724945214779756,1.042285985992885,1.2576999093652819,1.3724945214779756,2.0644225224166917,2.1636161891666656,0.048819754916067826,-0.06597485719662588,0.030800634409073435,-0.06839303234090055,False,False,0.06696747991367864,0.06696747991367864,0.06694016804502416,0.06694016804502416
300,5.0,False,False,52.625051837781044,50.0,78.8156668299964,52.19487569555896,54.1201650607701,50.95454751244198,74.0,2.6250518377810437,2.1082146194368208,2.129296765631189,2.1140193557916787,1.3323501655387051,2.1521429377678065,1.3031743363266786,1.3309988312862515,2.129296765631189,1.2645213994648246,1.379848518509229,1.0490553407426433,1.2645213994648246,1.379848518509229,2.0608241036415147,2.160363626575403,0.048849687222977556,-0.06647743182142696,0.031066860944213737,-0.0684726619896745,False,False,0.06694016804502416,0.06694016804502416,0.06691042288664253,0.06691042288664253
305,5.083333333333333,False,False,52.50158752667391,50.0,78.79643505158734,52.07111901819969,54.003212331234785,50.831239773750106,74.0,2.5015875266739087,2.10467732921285,2.1257241025049787,2.110593865108459,1.3395936740124401,2.145019257379075,1.3113222911379832,1.3380460308490911,2.1257241025049787,1.271080452033576,1.3869334407835028,1.055614444367484,1.271080452033576,1.3869334407835028,2.0571776568002362,2.157059372327361,0.04888740993441165,-0.06696557881551524,0.031335269822382106,-0.06854644570474244,False,False,0.06691042288664253,0.06691042288664253,0.06687862178415357,0.06687862178415357
310,5.166666666666667,False,False,52.384378135557114,50.0,78.77896700953913,51.95363779733437,53.89235174862422,50.713905167005784,74.0,2.384378135557114,2.101094319970835,2.1221052631705435,2.1071185145637985,1.3466170126078114,2.1378360840749884,1.3192182582095893,1.3448287348132908,2.1221052631705435,1.2773888444623835,1.3937612056842725,1.06197069785444,1.2773888444623835,1.3937612056842725,2.053490375327429,2.1537107019158763,0.04893247087098174,-0.06743989035090725,0.03160543874533284,-0.06861488784311431,False,False,0.06687862178415357,0.06687862178415357,0.06684509314118026,0.06684509314118026
315,5.25,False,False,52.27308053284946,50.0,78.76316940325161,51.842087236271404,53.787249756362485,50.60221841827297,74.0,2.2730805328494625,2.097472497616932,2.118447222593101,2.1036005386216527,1.3534278337692471,2.1306081643683794,1.3268710847595808,1.3513587775162705,2.118447222593101,1.2834578455589851,1.4003432174934123,1.0681312232293294,1.2834578455589851,1.4003432174934123,2.0497687760158816,2.150324209772686,0.04898443997714175,-0.06790093195728542,0.03187698717958476,-0.06867844657721944,False,False,0.06684509314118026,0.06684509314118026,0.06681012171881101,0.06681012171881101
320,5.333333333333333,False,False,52.16737180900127,50.0,78.74895216022685,51.73614291073164,53.687592222857575,50.49587339031235,74.0,2.167371809001267,2.0938181200832444,2.114756301284077,2.1000464928942835,1.3600335100009335,2.1233490566910436,1.3342892866524414,1.3576474789954773,2.114756301284077,1.289298235010733,1.4066903870757803,1.0741028757542608,1.289298235010733,1.4066903870757803,2.0460187629421225,2.146905873513418,0.04904290808030298,-0.0683492439847444,0.032149572229340784,-0.06873753834195462,False,False,0.06681012171881101,0.06681012171881101,0.06677395345456709,0.06677395345456709
325,5.416666666666667,False,False,52.06694793229263,50.0,78.73622845728369,51.63549941102553,53.593083172409,50.3945818115582,74.0,2.066947932292628,2.0901368583250886,2.1110382269083394,2.09646231822777,1.366441145475682,2.1160712156176777,1.3414810627462446,1.363705665289217,2.1110382269083394,1.294920322602964,1.4128131513048727,1.07989225551014,1.294920322602964,1.4128131513048727,2.0422456850709003,2.143461111837694,0.04910748601565573,-0.06878534268625303,0.032422884929354634,-0.0687925418374391,False,False,0.06677395345456709,0.06677395345456709,0.06673679983107193,0.06673679983107193
330,5.5,False,False,51.971522506850974,50.0,78.7249147232457,51.539869085583824,53.50344361003599,50.29807210118661,74.0,1.9715225068509739,2.086433851298527,2.1072981898115124,2.092853398454297,1.3726575869901736,2.108786069937053,1.3484543084363536,1.3695436882781906,2.1072981898115124,1.300333966944654,1.4187214919827553,1.0855057182909604,1.300333966944654,1.4187214919827553,2.0384543881759956,2.1399948367232406,0.049177803704564704,-0.06920972133353653,0.032696646911728244,-0.06884380163551684,False,False,0.06673679983107193,0.06673679983107193,0.06669884182620385,0.06669884182620385
335,5.583333333333333,False,False,51.88082562441892,50.0,78.71493062562915,51.44898088102303,53.4184104358438,50.20608828529774,74.0,1.880825624418918,2.082713755528494,2.103540893083779,2.089224612449618,1.378689434317783,2.10150409505498,1.355216628448171,1.3751714448656458,2.103540893083779,1.305548593527523,1.424424954081019,1.0909493858977386,1.305548593527523,1.424424954081019,2.0346492616565297,2.136511500494765,0.04925350921537319,-0.06962285133812274,0.032970607410985675,-0.06889163142724941,False,False,0.06669884182620385,0.06669884182620385,0.06666023347620242,0.06666023347620242
340,5.666666666666667,False,False,51.79460280210196,50.0,78.70619904357531,51.36257926862514,53.337735436166255,50.1183889914359,74.0,1.7946028021019629,2.078980789816092,2.099770597714253,2.0855803810756472,1.384543050005622,2.0942348801732713,1.3617753489288997,1.3805983955880037,2.099770597714253,1.3105732123684253,1.4299326635537133,1.09622915589066,1.3105732123684253,1.4299326635537133,2.030834280765327,2.133015138285808,0.04933426796570961,-0.0700251832195784,0.033244540571554904,-0.0689363169489261,False,False,0.06666023347620242,0.06666023347620242,0.06662110508282244,0.06662110508282244
345,5.75,False,False,51.71261399897514,50.0,78.69864602902202,51.28042325290136,53.261184353502856,50.03474652268795,74.0,1.7126139989751366,2.075238775578016,2.0959911633337964,2.0819247095255675,1.3902245686582555,2.086987190651818,1.368137528885613,1.3858335825089854,2.0959911633337964,1.3154164348335085,1.4352533443213855,1.1013507107555143,1.3154164348335085,1.4352533443213855,2.0270130447158925,2.129509406361534,0.049419761812400154,-0.07041714767547691,0.03351824302773743,-0.06897811861790393,False,False,0.06662110508282244,0.06662110508282244,0.06658156609428251,0.06658156609428251
350,5.833333333333333,False,False,51.634632705030604,50.0,78.69220075788553,51.20228544945833,53.18853601372075,49.95494599051478,74.0,1.6346327050306044,2.071491173260863,2.092206084993472,2.0782612255387134,1.3957399057467055,2.0797690259270056,1.3743099710141082,1.3908856466911856,2.092206084993472,1.3200864903639113,1.4403953351468586,1.1063195266601271,1.3200864903639113,1.4403953351468586,2.02318881108533,2.1259976167211754,0.04950968845567294,-0.07079915632727429,0.03379153172770355,-0.06901727390814161,False,False,0.06658156609428251,0.06658156609428251,0.06654170768835607,0.06654170768835607
355,5.916666666666667,False,False,51.56044509650532,50.0,78.68679547282495,51.127951235325895,53.11958153029963,49.878784524405596,74.0,1.560445096505319,2.0677411152279075,2.0884185263801864,2.0745932139032526,1.4010947659778765,2.0725876733286124,1.3802992319601965,1.395762844804176,2.0884185263801864,1.3245912419330552,1.4453666052334235,1.1111408817275787,1.3245912419330552,1.4453666052334235,2.0193645268889377,2.1224827683570724,0.049603760429247634,-0.07117160287112068,0.034064241976885956,-0.06905399949124869,False,False,0.06654170768835607,0.06654170768835607,0.06650160508428075,0.06650160508428075
360,6.0,False,False,51.489849252140566,50.0,78.68236541898361,51.05721795603045,53.05412354770655,49.806070522239686,74.0,1.4898492521405657,2.063991435475286,2.084631349830039,2.070923647623005,1.4062946512563461,2.0654497581089517,1.3861116320522968,1.4004730653651678,2.084631349830039,1.3289382017695694,1.4501747700801741,1.1158198637969237,1.3289382017695694,1.4501747700801741,2.0155428566630835,2.1189675755080852,0.049701704715006345,-0.07153486359559835,0.03433622567804617,-0.06908849316695553,False,False,0.06650160508428075,0.06650160508428075,0.0664613196083687,0.0664613196083687
365,6.083333333333333,False,False,51.4226544253958,50.0,78.67884877394347,50.98989419330528,52.991975555136335,49.73662297032174,74.0,1.4226544253957982,2.06024469649793,2.0808471434629094,2.0672552160855844,1.4113448682675833,2.0583612899720265,1.391753264541512,1.405023844189691,2.0808471434629094,1.3331345456874837,1.4548271059366926,1.1203613779496209,1.3331345456874837,1.4548271059366926,2.011726207858773,2.1154544932108337,0.04980326174700167,-0.07188929850220727,0.03460734974792423,-0.06912093560413624,False,False,0.0664613196083687,0.0664613196083687,0.06642090053633654,0.06642090053633654
370,6.166666666666667,False,False,51.35868036807236,50.0,78.67618657298662,50.92579908182015,52.93296123204352,49.67027079646904,74.0,1.3586803680723634,2.0565032135927512,2.077068245728679,2.0635903505348034,1.416250535709035,2.0513277063667634,1.397230004382699,1.4094223794013487,2.077068245728679,1.3371871276348657,1.4593305644688181,1.1247701535234684,1.3371871276348657,1.4593305644688181,2.0079167538171183,2.111945740420965,0.04990818506746941,-0.07223525176648304,0.03487749469228607,-0.06915149191156056,False,False,0.06642090053633654,0.06642090053633654,0.06638038673386741,0.06638038673386741
375,6.25,False,False,51.2977567011956,50.0,78.67432263063125,50.86476167591795,52.87691385216735,49.60685228092509,74.0,1.2977567011956026,2.0527690768570404,2.0732967676256107,2.0599312471190414,1.4210165911931358,2.0443539127866726,1.4025475165876407,1.4136755457618164,2.0732967676256107,1.3411024930482032,1.4636917862233247,1.129050750848319,1.3411024930482032,1.4636917862233247,2.0041164545700547,2.1084433209486897,0.05001624046150832,-0.07257305271361325,0.03514655332307903,-0.06918031305555594,False,False,0.06638038673386741,0.06638038673386741,0.06633980811469468,0.06633980811469468
380,6.333333333333333,False,False,51.23972232936729,50.0,78.67320345929603,50.806620359008754,52.82367571731348,49.546214497814496,74.0,1.2397223293672894,2.0490441711135094,2.0695346128246443,2.056279887759372,1.425647797844156,2.0374443202985266,1.4077112641789857,1.4177899085048011,2.0695346128246443,1.3448868922034312,1.4679171140828544,1.133207567659656,1.3448868922034312,1.4679171140828544,2.0003270756846123,2.1049490424277457,0.05012720557805328,-0.07290301630136997,0.03541442960310137,-0.06920753714003203,False,False,0.06633980811469468,0.06633980811469468,0.06629918693448773,0.06629918693448773
385,6.416666666666667,False,False,51.18442489512772,50.0,78.67277818584569,50.7512222939382,52.773097636792194,49.488212801820545,74.0,1.1844248951277194,2.045330193969623,2.065783495909319,2.052638059056179,1.4301487506088424,2.030602880504511,1.4127265157714886,1.4217717366004763,2.065783495909319,1.3485462926840275,1.4720126058320064,1.1372448451900254,1.3485462926840275,1.4720126058320064,1.9965502053465776,2.1014645335143673,0.05024086923153015,-0.0732254439164488,0.03568103760504826,-0.06923329056274152,False,False,0.06629918693448773,0.06629918693448773,0.0662585389366353,0.0662585389366353
390,6.5,False,False,51.131720270168614,50.0,78.6729984666792,50.69842291106738,52.725038437336956,49.43271034560502,74.0,1.1317202701686142,2.041628672197476,2.0620449589194507,2.0490073694304725,1.4345238822990614,2.023833118125784,1.4175983528049594,1.4256270154687627,2.0620449589194507,1.3520863915534298,1.4759840464221978,1.141166674011538,1.3520863915534298,1.4759840464221978,1.9927872698591915,2.097991259492659,0.05035703095343513,-0.07354062391533289,0.035946300573208134,-0.0692576890602592,False,False,0.0662585389366353,0.0662585389366353,0.06621787436503897,0.06621787436503897
395,6.583333333333333,False,False,51.081472080511524,50.0,78.67381840194119,50.648085428838044,52.67936450480209,49.37957762898855,74.0,1.0814720805115243,2.037940976601325,2.0583203863673383,2.0453892646759253,1.4387774693830384,2.0171381613803034,1.4223316764514273,1.4293614592700579,2.0583203863673383,1.35551262706084,1.4798369597647882,1.1449769995415864,1.35551262706084,1.4798369597647882,1.9890395477144756,2.0945305364445845,0.050475500494730374,-0.0738488322092179,0.03621015007724626,-0.06928083865286272,False,False,0.06621787436503897,0.06621787436503897,0.06617719885744913,0.06617719885744913
400,6.666666666666667,False,False,51.03355126301516,50.0,78.67519444936386,50.60008040825421,52.635949359478914,49.32869208143301,74.0,1.0335512630151626,2.0342683355226643,2.0546110188778908,2.04178504207953,1.4429136375403737,2.0105207703139363,1.4269312142172452,1.432980522589696,2.0546110188778908,1.3588301896932378,1.483576619865592,1.1486796274460631,1.3588301896932378,1.483576619865592,1.9853081823784973,2.0910835441265228,0.05059609727589587,-0.07415033289645834,0.03647252524863198,-0.0693028364993935,False,False,0.06617719885744913,0.06617719885744913,0.06613651423156955,0.06613651423156955
405,6.75,False,False,50.98783565080325,50.0,78.67708533818197,50.5542853357878,52.59467325498935,49.27993766823953,74.0,0.9878356508032482,2.030611847117345,2.0509179655885186,2.03819586325251,1.4469363669946977,2.0039833632312845,1.4314015262591704,1.4364894116814866,2.0509179655885186,1.3620440329554964,1.4872080616830323,1.1522782286325766,1.3620440329554964,1.4872080616830323,1.981594193917424,2.087651337679774,0.05071865000154574,-0.07444537872599022,0.03673337209125549,-0.0693237716710946,False,False,0.06613651423156955,0.06613651423156955,0.0660958191752365,0.0660958191752365
410,6.833333333333333,False,False,50.94420958541018,50.0,78.67945198350431,50.510584232074635,52.55542280299923,49.23320452242102,74.0,0.944209585410178,2.026972490525393,2.047242215430647,2.034622765798599,1.4508494976366622,1.9975280413611165,1.43574701143198,1.4398930953070703,2.047242215430647,1.365158883692259,1.4907360915238779,1.1557763441997395,1.365158883692259,1.4907360915238779,1.9778984895780662,2.084234858289273,0.050842996216807546,-0.07473421161481131,0.036992642858626024,-0.06934372585258064,False,False,0.0660958191752365,0.0660958191752365,0.06605510985064392,0.06605510985064392
415,6.916666666666667,False,False,50.9025635536301,50.0,78.68225740147348,50.46886728769597,52.51809062468274,49.18838860298675,74.0,0.9025635536301024,2.023351136041788,2.0435846474022057,2.03106667393367,1.4546567339489058,1.9911566118807291,1.4399719130837414,1.4431963150241245,2.0435846474022057,1.3681792518336195,1.4941652968588883,1.159177390035029,1.3681792518336195,1.4941652968588883,1.9742218734250456,2.080834942893068,0.05096898183476384,-0.07501706319050494,0.03725029549086223,-0.06936277397716006,False,False,0.06605510985064392,0.06605510985064392,0.06601438042176233,0.06601438042176233
420,7.0,False,False,50.862793847226655,50.0,78.68546662549845,50.42903052038789,52.48257501912158,49.145391370316304,74.0,0.862793847226655,2.019748554385381,2.039946039929235,2.027528408159057,1.4583616497436678,1.9848706094139337,1.4440803246135683,1.4464035951255028,2.039946039929235,1.371109439961725,1.4975000559557439,1.1624846613101454,1.371109439961725,1.4975000559557439,1.9705650551261333,2.0774523330346266,0.05109646083024111,-0.0752941551637778,0.03750629310539155,-0.06938098480310173,False,False,0.06601438042176233,0.06601438042176233,0.06597362351326347,0.06597362351326347
425,7.083333333333333,False,False,50.8248022438153,50.0,78.6890466238029,50.390975453054466,52.44877965401408,49.104119483555266,74.0,0.8248022438152987,2.0161654251531393,2.036327079404671,2.02400869408038,1.4619676927228678,1.978671316108511,1.4480761948055418,1.4495192521925673,2.036327079404671,1.3739535523851725,1.5007445470163785,1.1657013368153004,1.3739535523851725,1.5007445470163785,1.9669286579679994,2.0740876829405477,0.05122529482381122,-0.0755656998073948,0.03776060353587685,-0.06939842143667141,False,False,0.06597362351326347,0.06597362351326347,0.06593283060824234,0.06593283060824234
430,7.166666666666667,False,False,50.7884957073728,50.0,78.69296621849426,50.35460881432443,52.416613278313946,49.06448451957437,74.0,0.7884957073728032,2.0126023445380223,2.0327283679834025,2.0205081704542733,1.4654781888696888,1.9725597803908854,1.4519633329513573,1.4525474041157396,2.0327283679834025,1.3767155036844851,1.5039027567822072,1.1688304830299332,1.3767155036844851,1.5039027567822072,1.9633132261761828,2.070741566897919,0.051355352666467624,-0.07583190043125443,0.03801319891451671,-0.06941514180721975,False,False,0.06593283060824234,0.06593283060824234,0.0658919923915447,0.0658919923915447
435,7.25,False,False,50.753786106956674,50.0,78.697196006326,50.319842254926186,52.38598944598645,49.02640270327516,74.0,0.7537861069566745,2.0090598323807787,2.0291504307045867,2.017027396537051,1.4688963466799858,1.966536834488363,1.455745413773291,1.4554919788578444,2.0291504307045867,1.3793990271919767,1.5069784890707913,1.1718750580909274,1.3793990271919767,1.5069784890707913,1.9597192316055345,2.067414485997888,0.05148651021294692,-0.07609295166586771,0.03826405529330135,-0.06943119909905215,False,False,0.0658919923915447,0.0658919923915447,0.06585109904463803,0.06585109904463803
440,7.333333333333333,False,False,50.72058995233535,50.0,78.70170828129466,50.28659208186232,52.35682626118071,48.98979465880983,74.0,0.7205899523353523,2.0055383386187975,2.0255937220049853,2.0135668588017115,1.4722252612412168,1.960603110802478,1.459425982158162,1.4583567228132779,2.0255937220049853,1.3820076828747017,1.5099753727127925,1.1748379156436841,1.3820076828747017,1.5099753727127925,1.9561470798606602,2.064106874305326,0.05161864989951459,-0.07634903993857622,0.0385131523003408,-0.06944664214432517,False,False,0.06585109904463803,0.06585109904463803,0.06581014049753053,0.06581014049753053
445,7.416666666666667,False,False,50.68882814533588,50.0,78.70647695918764,50.25477900872419,52.32904613560585,48.954585173012596,74.0,0.6888281453358829,2.0020382491887485,2.022058631680636,2.0101269770829933,1.4754679181660162,1.9547590572107585,1.4630084577121663,1.461145208799735,2.022058631680636,1.384544865017054,1.5128968692859999,1.1777218084589096,1.384544865017054,1.5128968692859999,1.9525971158998736,2.0608191045083593,0.051751660486264894,-0.07660034378268099,0.0387604728277231,-0.06946151578076254,False,False,0.06581014049753053,0.06581014049753053,0.06576910664247643,0.06576910664247643
450,7.5,False,False,50.65842574581423,50.0,78.71147750417346,50.22432792057946,52.30257556146644,48.920702974119564,74.0,0.6584257458142275,1.9985598914339717,2.0185454903483113,2.0067081102041167,1.4786271973869975,1.9490049513685022,1.466496139145663,1.4638608437192488,2.0185454903483113,1.387013809508382,1.5157462804519193,1.1805293920054738,1.387013809508382,1.5157462804519193,1.9490696291706564,2.0575514930960703,0.05188543673267043,-0.07684703421086692,0.039006002747759005,-0.06947586117765492,False,False,0.06576910664247643,0.06576910664247643,0.06572798751399814,0.06572798751399814
455,7.583333333333333,False,False,50.62931175124099,50.0,78.71668685750545,50.19516765194984,52.27734489543854,48.88808052148659,74.0,0.6293117512409907,1.9951035390624576,2.015054574453082,2.0033105611333633,1.481705876818924,1.9433409140769033,1.469892208496371,1.466506875925279,2.015054574453082,1.389417600917787,1.5185267550772847,1.183263227832913,1.389417600917787,1.5185267550772847,1.9455648583199199,2.0543043051079017,0.05201987915200568,-0.07708927500749208,0.039249730654819626,-0.06948971613316224,False,False,0.06572798751399814,0.06572798751399814,0.06568677343901323,0.06568677343901323
460,7.666666666666667,False,False,50.60141888897684,50.0,78.72208336839157,50.1672307783259,52.25328815738595,48.85665380971244,74.0,0.6014188889768377,1.9916694166966307,2.011586110863597,1.999934581713911,1.4847066358939331,1.937766921779052,1.4731997351987365,1.4690864022407368,2.011586110863597,1.3917591791512687,1.5212412959357675,1.1859257868367878,1.3917591791512687,1.5212412959357675,1.9420829955178613,2.0510777584937903,0.05215489369503068,-0.07732722308946816,0.039491647630193416,-0.0695031153457355,False,False,0.06568677343901323,0.06568677343901323,0.06564545516068315,0.06564545516068315
465,7.75,False,False,50.57468342038513,50.0,78.72764672706592,50.14045342098173,52.23034284113739,48.826362184607895,74.0,0.5746834203851279,1.9882577040520215,2.0081402810925417,1.996580377005826,1.4876320589751402,1.932282818240877,1.4764216800067336,1.4716023746085738,2.0081402810925417,1.3940413457918375,1.5238927660906547,1.1885194524068994,1.3940413457918375,1.5238927660906547,1.9386241904304495,2.0478720281202945,0.05229039148208092,-0.07756102881673632,0.03973174702775273,-0.06951609066209219,False,False,0.06564545516068315,0.06564545516068315,0.06560402393908828,0.06560402393908828
470,7.833333333333333,False,False,50.54904495599638,50.0,78.73335790008406,50.11477505898186,52.20844972892506,48.797148163111416,74.0,0.5490449559963793,1.9848685397782198,2.004717225176002,1.993248109275372,1.4904846386535742,1.9268883254700444,1.4795608987768012,1.4740576066505127,2.004717225176002,1.3962667704989422,1.5264838953349573,1.191046523516934,1.3962667704989422,1.5264838953349573,1.9351885538719942,2.0446872494543533,0.052426288684444655,-0.07779083615157045,0.03997002427835117,-0.06952867130400797,False,False,0.06560402393908828,0.06560402393908828,0.06556247163154458,0.06556247163154458
475,7.916666666666667,False,False,50.52444628100102,50.0,78.73919906785054,50.090138354569625,52.187552725195744,48.76895727180277,74.0,0.5244462810010191,1.9815020249921733,2.001317045242095,1.9899379016631737,1.4932667789331027,1.9215830539220506,1.4826201461171553,1.4764547798032255,2.001317045242095,1.3984379966978449,1.5290172859197038,1.1935092176237505,1.3984379966978449,1.5290172859197038,1.9317761611661883,2.0415235219532706,0.05256250611647828,-0.07801678310538063,0.04020647671117539,-0.06954088407590686,False,False,0.06556247163154458,0.06556247163154458,0.06552079075516885,0.06552079075516885
480,8.0,False,False,50.500833190402105,50.0,78.74515356437664,50.06648898925812,52.16759869538175,48.741737890495536,74.0,0.5008331904021048,1.978158226530939,1.9979398087962483,1.9866498415597293,1.495980798307694,1.9163665120393107,1.4856020789093003,1.4787964491421917,1.9979398087962483,1.400557447225262,1.5314954182368277,1.1959096735227377,1.400557447225262,1.5314954182368277,1.928387055241186,2.0383809121866374,0.052698969094636006,-0.07823900191692967,0.04044110339038909,-0.06955275355506241,False,False,0.06552079075516885,0.06552079075516885,0.06547897453385707,0.06547897453385707
485,8.083333333333334,False,False,50.478154333211165,50.0,78.75120581925654,50.04377550504214,52.14853730956157,48.7154411008126,74.0,0.4781543332111653,1.974837179948323,1.9945855517478064,1.9833839837139116,1.49862893273512,1.911238115165832,1.4885092597071654,1.4810850491504426,1.9945855517478064,1.4026274299178259,1.533920656443333,1.198249954071389,1.4026274299178259,1.533920656443333,1.9250212494817815,2.035259456713437,0.052835607292890385,-0.07845761923261674,0.040673904965630836,-0.06956430226602484,False,False,0.06547897453385707,0.06547897453385707,0.06543701693174638,0.06543701693174638
490,8.166666666666666,False,False,50.45636106511701,50.0,78.7573413018414,50.02194915888273,52.1303209046738,48.69002055248146,74.0,0.456361065117008,1.9715388922774655,1.99125428120024,1.9801403530976094,1.5012133385109554,1.9061971938771485,1.491344160018936,1.4833228990096359,1.99125428120024,1.4046501424755637,1.53629525335898,1.2005320488103735,1.4046501424755637,1.53629525335898,1.9216787303595044,2.032159164735278,0.05297235434934411,-0.07867275653407213,0.04090488353503785,-0.06957555084073563,False,False,0.06543701693174638,0.06543701693174638,0.06539491267496553,0.06539491267496553
495,8.25,False,False,50.4354073091,50.0,78.76354646758404,50.000963780145085,52.112904339432504,48.665432323161006,74.0,0.43540730910000036,1.9682633445792885,1.9879459780250814,1.9769189475473912,1.5037360950465106,1.9012430017624626,1.4941091634763288,1.4855122079095053,1.9879459780250814,1.4066276778193727,1.5386213558566137,1.202757876599253,1.4066276778193727,1.5386213558566137,1.918359459859454,2.0290800205447113,0.053109147947108415,-0.07888453009013263,0.04113404251962982,-0.06958651816562744,False,False,0.06539491267496553,0.06539491267496553,0.06535265726327798,0.06535265726327798
500,8.333333333333334,False,False,50.41524942350309,50.0,78.76980870652064,49.98077564141554,52.09624487581245,48.64163480341799,74.0,0.41524942350309146,1.965010494294804,1.984660599237752,1.9737197402020827,1.5061992075541457,1.8963747226934444,1.496806568895768,1.487655079842898,1.984660599237752,1.4085620283129656,1.5409010091156266,1.2049292879593396,1.4085620283129656,1.5409010091156266,1.915063377720833,2.026021985785745,0.05324592927272853,-0.0790930515299324,0.04136138654799315,-0.06959722151691894,False,False,0.06535265726327798,0.06535265726327798,0.06531024697300872,0.06531024697300872
505,8.416666666666666,False,False,50.39584607710727,50.0,78.77611629385034,49.961343329495215,52.080302043568096,48.61858856615719,74.0,0.39584607710727227,1.9617802774175672,1.981398080191743,1.970542681753289,1.5086046096432275,1.8915914776118217,1.4994385932356398,1.4897535185294146,1.981398080191743,1.410455090916369,1.543136161805772,1.2070480675483397,1.410455090916369,1.543136161805772,1.9117904035066169,2.022985001542062,0.05338264327635733,-0.07929842761304573,0.04158692135031883,-0.06960767668512613,False,False,0.06531024697300872,0.06531024697300872,0.06526767885262173,0.06526767885262173
510,8.5,False,False,50.37715813079083,50.0,78.78245834256968,49.94262762999255,52.06503753790978,48.59625626729967,74.0,0.37715813079083205,1.9585726105010168,1.978158336606027,1.9673877025243394,1.5109541658298224,1.886892330865754,1.5020073744535871,1.4918094317878967,1.978158336606027,1.412308670865853,1.5453286697962216,1.2091159364299984,1.412308670865853,1.5453286697962216,1.9085404385162361,2.019968990266961,0.05351923800832492,-0.07950076092204372,0.04181065366093395,-0.0696178980897908,False,False,0.06526767885262173,0.06526767885262173,0.06522495071193052,0.06522495071193052
515,8.583333333333334,False,False,50.35914852538312,50.0,78.78882475811496,49.92459141273993,52.05041509714996,48.57460252801604,74.0,0.3591485253831195,1.955387392514058,1.9749412664391985,1.9642547143915985,1.5132496739630719,1.8822762961230046,1.504514974267531,1.4938246359824006,1.9749412664391985,1.4141244864123008,1.5474803009219875,1.2111345542851724,1.4141244864123008,1.5474803009219875,1.9053133675539435,2.0169738575677836,0.053655664939586956,-0.07970014957009974,0.04203259112858504,-0.069627898885255,False,False,0.06522495071193052,0.06522495071193052,0.06518206110612652,0.06518206110612652
520,8.666666666666666,False,False,50.341782175349955,50.0,78.79520619496235,49.90719952558744,52.03640040680827,48.55359384190662,74.0,0.34178217534995525,1.9522245065570059,1.971746751622576,1.9611436125608637,1.5154928675710553,1.8777423418870887,1.506963380823959,1.4958008601558503,1.971746751622576,1.4159041723869537,1.5495927385766648,1.21310552156433,1.4159041723869537,1.5495927385766648,1.9021090605642867,2.0139994938563213,0.053791878420814454,-0.07989668776889669,0.04225274223374531,-0.06963769105828921,False,False,0.06518206110612652,0.06518206110612652,0.06513900931536763,0.06513900931536763
525,8.75,False,False,50.325025867973444,50.0,78.8015940151341,49.89041869454212,52.0229609971999,48.533198476320344,74.0,0.32502586797344435,1.9490838214488977,1.9685746596633866,1.958054277210304,1.5176854181288173,1.8732893966408735,1.509354511276789,1.49773974994323,1.9685746596633866,1.4176492841632002,1.5516675857002507,1.2150303815814825,1.4176492841632002,1.5516675857002507,1.898927374145138,2.0110457758757567,0.05392783575702076,-0.08009046578002965,0.0424711162123701,-0.06964728551824861,False,False,0.06513900931536763,0.06513900931536763,0.06509579532075399,0.06509579532075399
530,8.833333333333334,False,False,50.30884816771238,50.0,78.80798024855604,49.874217424934116,52.0100661466662,48.51338637915184,74.0,0.30884816771237666,1.945965193196172,1.9654248451281335,1.9549865750104474,1.5198289372511202,1.8689163536405373,1.5116902142799724,1.4996428715215189,1.9654248451281335,1.419361301426126,1.5537063685737833,1.2169106224909685,1.419361301426126,1.5537063685737833,1.8957681529477084,2.008112568113648,0.05406349705226443,-0.08028157009539294,0.042687722985514265,-0.06965669218042514,False,False,0.06509579532075399,0.06509579532075399,0.0650524197774169,0.0650524197774169
535,8.916666666666666,False,False,50.29321932545064,50.0,78.8143575552115,49.85856591413822,51.99768680027164,48.49412910026295,74.0,0.293219325450643,1.9428684663518194,1.9622971510153375,1.9519403605306782,1.5219249788123657,1.8646220753813265,1.513972272396822,1.5015117150635888,1.9622971510153375,1.4210416312721614,1.5557105399432087,1.2187476792788858,1.4210416312721614,1.5557105399432087,1.8926312309722033,2.005199724109647,0.05419882487961991,-0.0804700837914274,0.04290257309430956,-0.06966592004313421,False,False,0.0650524197774169,0.0650524197774169,0.06500888398531765,0.06500888398531765
540,9.0,False,False,50.27811119236019,50.0,78.82071918903512,49.843435961724786,51.985795474175994,48.47539969972192,74.0,0.27811119236019266,1.9397934752733044,1.9591914100260375,1.9489154775409252,1.5239750409960449,1.8604053977551827,1.516202404428933,1.503347698394191,1.9591914100260375,1.4226916120601483,1.5576814828938228,1.2205429355641628,1.4226916120601483,1.5576814828938228,1.8895164327669443,2.002307087665907,0.05433378449963189,-0.08065608633404264,0.043115677639869565,-0.06967497725909322,False,False,0.06500888398531765,0.06500888398531765,0.06496518985821893,0.06496518985821893
545,9.083333333333334,False,False,50.263497138124194,50.0,78.82705896348946,49.82880088943128,51.974366185333125,48.45717267983739,74.0,0.26349713812419395,1.9367400452868222,1.9561074457396905,1.9459117602164255,1.5259805682759588,1.8562651339190672,1.5183822676673913,1.5051521702233912,1.9561074457396905,1.424312516108518,1.5596205135700392,1.2222977254728449,1.424312516108518,1.5596205135700392,1.8864235745381683,1.9994344939673798,0.05446834334664796,-0.08083965411487326,0.04332704822768929,-0.0696838712015222,False,False,0.06496518985821893,0.06496518985821893,0.06492133989144269,0.06492133989144269
550,9.166666666666666,False,False,50.249351973281456,50.0,78.83337121876745,49.814635463846614,51.96337436942106,48.43942390637112,74.0,0.2493519732814562,1.93370799376481,1.9530450737024583,1.942929034252774,1.5279429533313904,1.8522000778916183,1.5205134600688897,1.506926413306519,1.9530450737024583,1.4259055530112306,1.5615288845131619,1.2240133353513103,1.4259055530112306,1.5615288845131619,1.883352465177029,1.996581770618643,0.054602471206642855,-0.08102086029528843,0.04353669691618478,-0.06969260852542924,False,False,0.06492133989144269,0.06492133989144269,0.06487733712865357,0.06487733712865357
555,9.25,False,False,50.23565187546942,50.0,78.83965079056345,49.800915819874405,51.9527968074207,48.422130537965764,74.0,0.23565187546942212,1.9306971311230325,1.950004102434263,1.9399671178978362,1.5298635388983013,1.8482090078946927,1.5225975223592174,1.5086716476224864,1.950004102434263,1.427471872589693,1.5634077876344201,1.2256910054941272,1.427471872589693,1.5634077876344201,1.8803029072098218,1.9937487386032937,0.05473614001193372,-0.0811997750327933,0.04374463616903079,-0.06970119522444107,False,False,0.06487733712865357,0.06487733712865357,0.06483318512814366,0.06483318512814366
560,9.333333333333334,False,False,50.222374319357186,50.0,78.84589298035607,49.78761939296396,51.94261156117116,48.40527096407737,74.0,0.22237431935718632,1.927707261743039,1.9469843343604696,1.9370258229065578,1.5317436195585763,1.8442906894553188,1.524635940066504,1.5103890331663024,1.9469843343604696,1.4290125674602192,1.5652583568028695,1.2273319317547704,1.4290125674602192,1.5652583568028695,1.8772746976769283,1.9909352131714733,0.05486932363656716,-0.08137646570608315,0.04395087881100368,-0.06970963668354124,False,False,0.06483318512814366,0.06483318512814366,0.06478888792892608,0.06478888792892608
565,9.416666666666666,False,False,50.209498010072025,50.0,78.85209352714652,49.77472485120527,51.932797902854695,48.38882473737686,74.0,0.20949801007202495,1.924738184825303,1.943985566673556,1.9341049554242007,1.5335844434692465,1.8404438782826456,1.5266301454865026,1.512079672796699,1.943985566673556,1.4305286759354692,1.567081670766617,1.2289372671124057,1.4305286759354692,1.567081670766617,1.8742676289455187,1.988141004660591,0.055001997969918115,-0.0815509968612298,0.04415543798703503,-0.06971793772803725,False,False,0.06478888792892608,0.06478888792892608,0.06474445001675516,0.06474445001675516
570,9.5,False,False,50.19700281993685,50.0,78.85824858059675,49.76221203272062,51.92333625706713,48.37277251800222,74.0,0.19700281993684854,1.9217896951779259,1.9410075921297052,1.9312043168030548,1.5353872140335678,1.8366673229335766,1.5285815195820887,1.513744614863299,1.9410075921297052,1.4320211843610449,1.5688787555085946,1.2305081232679642,1.4320211843610449,1.5688787555085946,1.8712814894606777,1.9853659192539637,0.05513414064529565,-0.08172343050225406,0.04435832712425847,-0.06972610266902746,False,False,0.06474445001675516,0.06474445001675516,0.06469987629055055,0.06469987629055055
575,9.583333333333334,False,False,50.18486972834519,50.0,78.86435467551267,49.75006188424414,51.914208136744264,48.357096012196536,74.0,0.18486972834519122,1.918861583945397,1.9380501997848512,1.9283237043573207,1.5371530915157605,1.8329597672799631,1.5304913938190936,1.5153848558154095,1.9380501997848512,1.4334910297833476,1.57065058693299,1.23204557202057,1.4334910297833476,1.57065058693299,1.8683160644391816,1.9826097596816432,0.0552657311175806,-0.08189382603206186,0.044559559896792056,-0.06973413534566952,False,False,0.06469987629055055,0.06469987629055055,0.06465517202914582,0.06465517202914582
580,9.666666666666666,False,False,50.17308076461227,50.0,78.87040870761874,49.73825640449367,51.905396090897426,48.341777922054135,74.0,0.17308076461227273,1.9159536392815406,1.935113175674356,1.9254629120604125,1.5388831946011645,1.8293199527894486,1.5323610519404878,1.517001342608728,1.935113175674356,1.4349391020836235,1.572398093017323,1.2335506468050426,1.4349391020836235,1.572398093017323,1.865371136509917,1.9798723258674285,0.05539675040859482,-0.08206224052510458,0.04475915019307242,-0.069742039164439,False,False,0.06465517202914582,0.06465517202914582,0.06461034285873475,0.06461034285873475
585,9.75,False,False,50.16161895364954,50.0,78.87640791057099,49.72677859007296,51.89688364895468,48.32680189220171,74.0,0.16161895364953693,1.9130656469704668,1.9321963034401715,1.9226217311886726,1.5405786019035008,1.8257466206313364,1.5341917316808684,1.518594975020187,1.9321963034401715,1.4363662463058307,1.5741221561577854,1.235024344009753,1.4363662463058307,1.5741221561577854,1.8624464863045203,1.977153415525713,0.05552718113759836,-0.08222872871435638,0.04495711208554165,-0.0697498171356512,False,False,0.06461034285873475,0.06461034285873475,0.06456539472105045,0.06456539472105045
590,9.833333333333334,False,False,50.150468264319166,50.0,78.88234983415748,49.715612382385785,51.88865526886667,48.31215246007833,74.0,0.1504682643191657,1.910197390999052,1.9292993649090424,1.9197999509151167,1.542240353420878,1.8222385136181853,1.5359846264231354,1.5201666079444294,1.9292993649090424,1.4377732648321586,1.575823615361738,1.2364676242651969,1.4377732648321586,1.575823615361738,1.8595418930016359,1.9744528247115631,0.05565700741730861,-0.08239334311227076,0.04515345980252072,-0.06975747190740655,False,False,0.06456539472105045,0.06456539472105045,0.06452033384241278,0.06452033384241278
595,9.916666666666666,False,False,50.13961356033307,50.0,78.88823232363534,49.704742620640914,51.880696292897674,48.297815013457694,74.0,0.1396135603330677,1.9073486540842046,1.9264221406250466,1.9169973588565994,1.5438694519421396,1.8187943779931959,1.53774088679917,1.5217170534147044,1.9264221406250466,1.439160919215249,1.5775032680964034,1.2378814138789949,1.439160919215249,1.5775032680964034,1.8566571348278809,1.9717703483271642,0.055786214681698976,-0.0825561341994554,0.04534820770211767,-0.06976500579716571,False,False,0.06452033384241278,0.06452033384241278,0.06447516670369417,0.06447516670369417
600,10.0,False,False,50.129040553569574,50.0,78.89405350015605,49.694154992476925,51.87299289447441,48.28377573972434,74.0,0.129040553569574,1.904519218157938,1.9235644103395173,1.9142137415775227,1.5454668644050864,1.8154129650728592,1.5394616222362754,1.5232470827707403,1.9235644103395173,1.440529932464862,1.5791618725915408,1.2392666059048225,1.440529932464862,1.5791618725915408,1.8537919895184056,1.9691057805875298,0.05591478982080056,-0.08271715030587834,0.045541370248012525,-0.06977242082111168,False,False,0.06447516670369417,0.06447516670369417,0.06442990001141849,0.06442990001141849
605,10.083333333333334,False,False,50.11873575968647,50.0,78.89981174223135,49.68383599205365,51.865532043123174,48.27002159206589,74.0,0.11873575968647287,1.90170886481305,1.9207259534611805,1.9114488850529678,1.5470335232080705,1.812093032753798,1.541147902451073,1.524757428477551,1.9207259534611805,1.4418809904869014,1.5808001492940291,1.2406240614749096,1.4418809904869014,1.5808001492940291,1.8509462347397156,1.9664589154481886,0.05604272081647821,-0.08287643799064948,0.04573296198700816,-0.06977971872146482,False,False,0.06442990001141849,0.06442990001141849,0.06438454066980592,0.06438454066980592
610,10.166666666666666,False,False,50.10868645591774,50.0,78.90550566819343,49.67377287531937,51.85830145310528,48.25654024056017,74.0,0.1086864559177414,1.8989173757120117,1.9179065494691319,1.9087025750939521,1.548570327476415,1.8088333468921904,1.542800758892504,1.5262487861095906,1.9179065494691319,1.4432147443276435,1.5824187831272138,1.2419546109128987,1.4432147443276435,1.5824187831272138,1.848119648477254,1.9638295469973448,0.05616999701762326,-0.08303404178194707,0.04592299752821294,-0.0697869009918779,False,False,0.06438454066980592,0.06438454066980592,0.06433909575408375,0.06433909575408375
615,10.25,False,False,50.09888064094584,50.0,78.91113411960508,49.66395362157004,51.851289552879805,48.243320042714785,74.0,0.09888064094584337,1.8961445329614819,1.9151059782910966,1.9059745977372993,1.5500781442850617,1.805632682563693,1.5444211861355166,1.5277218160409576,1.9151059782910966,1.4445318114349242,1.5840184247668088,1.2432590548320606,1.4445318114349242,1.5840184247668088,1.8453120093900437,1.9612174698148443,0.05629660872585118,-0.08319000460603343,0.046111491523747716,-0.06979396890105294,False,False,0.06433909575408375,0.06433909575408375,0.06429357248485904,0.06429357248485904
620,10.333333333333334,False,False,50.08930699674858,50.0,78.9166961455765,49.654366894313554,51.84448544008172,48.23035000058722,74.0,0.08930699674858289,1.8933901194547045,1.9123240206492516,1.903264739602444,1.5515578098388183,1.8024898252113193,1.5460101432269868,1.5291771451907152,1.9123240206492516,1.4458327776344078,1.5855996926314675,1.2445381652920788,1.4458327776344078,1.5855996926314675,1.8425230971345552,1.9586224793001301,0.05642254744075226,-0.08334436755630747,0.04629845865087856,-0.06980092351469636,False,False,0.06429357248485904,0.06429357248485904,0.06424797820374752,0.06424797820374752
625,10.416666666666666,False,False,50.07995485232363,50.0,78.92219098794695,49.64500200543458,51.837878851185536,48.217619731629426,74.0,0.07995485232363109,1.8906539191838843,1.909560458375723,1.9005727882173427,1.5530101306115331,1.7994035716882928,1.5475685549853728,1.5306153686212383,1.909560458375723,1.447118198415369,1.5871631741824945,1.2457926867654807,1.447118198415369,1.5871631741824945,1.839752692659793,1.9560443719712015,0.05654780556125627,-0.08349717020586933,0.04648391359547843,-0.06980776571593017,False,False,0.06424797820374752,0.06424797820374752,0.06420232035008877,0.06420232035008877
630,10.5,False,False,50.07081414920074,50.0,78.92761806729112,49.63584888007173,51.83146012295301,48.2051194319422,74.0,0.0708141492007428,1.8879357175245022,1.9068150746997472,1.897898532315497,1.5544358844454815,1.796372731202496,1.5490973132555343,1.5320370511181864,1.9068150746997472,1.4483886006274893,1.5887094276341986,1.2470233371772794,1.4483886006274893,1.5887094276341986,1.837000578475507,1.9534829457364802,0.0566723765160122,-0.08364845049069713,0.04666787103673298,-0.06981449622424019,False,False,0.06420232035008877,0.06420232035008877,0.06415660643899565,0.06415660643899565
635,10.583333333333334,False,False,50.0618754086543,50.0,78.93297696971128,49.62689802474012,51.82522016448825,48.19283984944865,74.0,0.06187540865430208,1.8852353014934065,1.9040876545083405,1.8952417621059936,1.555835821612226,1.7933961261687554,1.550597278120134,1.5334427286235042,1.9040876545083405,1.4496444836809197,1.590238983167154,1.2482308088860465,1.4496444836809197,1.590238983167154,1.8342665388952497,1.9509380001413488,0.05679625454364978,-0.08379824494258448,0.04685034563300827,-0.06982111561309079,False,False,0.06415660643899565,0.06415660643899565,0.0641108440404396,0.0641108440404396
640,10.666666666666666,False,False,50.053129700535166,50.0,78.93826743437792,49.6181404946565,51.81915042116074,48.18077224955171,74.0,0.05312970053516608,1.8825524599823844,1.9013779845822083,1.8926022695182994,1.5572106658361606,1.7904725929748428,1.552069279068988,1.5348329097235365,1.9013779845822083,1.450886321151425,1.5917523445462105,1.2494157696503407,1.450886321151425,1.5917523445462105,1.8315503602559475,1.9484093365910158,0.05691943482267403,-0.08394658857211157,0.04703135200880748,-0.06982762432626077,False,False,0.0641108440404396,0.0641108440404396,0.06406504075961195,0.06406504075961195
645,10.75,False,False,50.04456861363013,50.0,78.94348934178274,49.60956786535961,51.8132428508413,48.168908392288536,74.0,0.044568613630133314,1.8798869839688264,1.8986858538085147,1.8899798484234815,1.5585611152819263,1.7876009826667347,1.5535141161276766,1.5362080769350541,1.8986858538085147,1.4521145618043603,1.5932499901569919,1.2505788634779949,1.4521145618043603,1.5932499901569919,1.8288518311155113,1.9458967585512634,0.057041913221937746,-0.08409351513069385,0.047210904742748694,-0.06983402269300343,False,False,0.06406504075961195,0.06406504075961195,0.06401920421646452,0.06401920421646452
650,10.833333333333334,False,False,50.036184224807705,50.0,78.94864270266983,49.60117220130265,51.80748988719982,48.157240497496694,74.0,0.036184224807705334,1.8772386667049341,1.8960110533719834,1.8873742948333874,1.5598878435068426,1.7847801615583405,1.5549325609467057,1.5375686881566253,1.8960110533719834,1.4533296312538795,1.594732374677326,1.2517207116804003,1.4533296312538795,1.594732374677326,1.826170742429856,1.9434000717284468,0.05716368652070081,-0.0842390569027458,0.047389018356463364,-0.06984031094212728,False,False,0.06401920421646452,0.06401920421646452,0.06397334165130415,0.06397334165130415
655,10.916666666666666,False,False,50.027968897834555,50.0,78.95372764763476,49.592945853661895,51.80188412600163,48.14576095258148,74.0,0.027968897834554696,1.8746073038776894,1.8933533769164663,1.8847854070791514,1.5611915003782642,1.7820090117663074,1.556325357852543,1.538915186736358,1.8933533769164663,1.4545319470032325,1.5961999441294386,1.2528419206478703,1.4545319470032325,1.5961999441294386,1.8235068876954192,1.9409190842148583,0.05728475739308059,-0.08438323973312545,0.047565707298391935,-0.06984648922104708,False,False,0.06397334165130415,0.06397334165130415,0.06392743574776248,0.06392743574776248
660,11.0,False,False,50.01991103007604,50.0,78.95874441886595,49.58487720361714,51.79641141695074,48.134455892432186,74.0,0.019911030076038116,1.8719926931524815,1.8907126200840063,1.8822129859551389,1.5624727128787665,1.7792864313955963,1.5576932248660196,1.5402482160176987,1.8907126200840063,1.4557222520852857,1.5976534695320923,1.2539432533615127,1.4557222520852857,1.5976534695320923,1.8208600620882542,1.9384536056305284,0.05740525351439363,-0.08452596393241296,0.04774098554652206,-0.06985255799575207,False,False,0.06392743574776248,0.06392743574776248,0.06388087337237616,0.06388087337237616
665,11.083333333333334,False,False,50.011958462446266,50.0,78.96369340045096,49.57691401980158,51.79099408512673,48.123252447214604,74.0,0.011958462446266083,1.8693946192250563,1.888088565417307,1.8796568338593913,1.5637320839059594,1.7766113276296525,1.5590368547827527,1.5415704711610487,1.888088565417307,1.4569043644022006,1.5990967962515767,1.255027106946136,1.4569043644022006,1.5990967962515767,1.8182300381058383,1.936003422767627,0.05752632509052802,-0.08466610675884811,0.047914857350320084,-0.06985852731146869,False,False,0.06388087337237616,0.06388087337237616,0.06382786377610804,0.06382786377610804
670,11.166666666666666,False,False,50.00404369880365,50.0,78.96857550045691,49.568988716518106,51.78556950586853,48.11209178583827,74.0,0.004043698803648965,1.866812714003902,1.885480841143941,1.8771167304367327,1.5649701727447354,1.773982544772837,1.5603569168460432,1.5428854783013777,1.885480841143941,1.458081462595139,1.6005331298824725,1.256096517863307,1.458081462595139,1.6005331298824725,1.8156163481065868,1.9335680821324461,0.05764765158109486,-0.08480401570623863,0.04808724098850514,-0.0698644930373542,False,False,0.06382786377610804,0.06382786377610804,0.06376581092413146,0.06376581092413146
675,11.25,False,False,49.99831047634032,50.0,78.97339262069725,49.563247874977066,51.783764452014594,48.10434230975893,74.0,-0.001689523659678116,1.8642464080184977,1.8828888720986827,1.8745922151195165,1.5661874702849958,1.7713987768817343,1.5616540541144186,1.5440852207023454,1.8828888720986827,1.4590786532910465,1.6017876035052017,1.2570653560653682,1.4590786532910465,1.6017876035052017,1.813018340993056,1.9311469466309859,0.05770238280285622,-0.08500656741129897,0.04825807453230313,-0.06987053110562669,False,False,0.06376581092413146,0.06376581092413146,0.06400494482124902,0.06400494482124902
680,11.333333333333334,False,False,50.0132668688106,50.0,78.97812867596735,49.57822417131611,51.814221264327045,48.126606043576345,74.0,0.013266868810596577,1.8617025168134849,1.8803195419816197,1.8720826438120208,1.5673853829443773,1.7688620849831724,1.5629288129695815,1.544233017073657,1.8803195419816197,1.4585091348755579,1.6014734414694591,1.257186310915995,1.4585091348755579,1.6014734414694591,1.8104477853408512,1.9287517987001195,0.057240424395802236,-0.08572388219809901,0.04843225671849982,-0.0698717566407685,False,False,0.06400494482124902,0.06400494482124902,0.06686386617343842,0.06686386617343842
685,11.416666666666666,False,False,50.12376159151944,50.0,78.9825897304241,49.68886874752024,51.98387731377032,48.278207841174385,74.0,0.12376159151943966,1.8592510931007133,1.8778436040317206,1.8695997920204852,1.5685745629720778,1.7664074775904353,1.5641813463444965,1.5395329763782684,1.8778436040317206,1.451187639174327,1.594405401085809,1.2534353383930013,1.451187639174327,1.594405401085809,1.8080139383401777,1.926491909251336,0.05487242470754072,-0.08834533720394133,0.048648305219615384,-0.06982966569154292,False,False,0.06686386617343842,0.06686386617343842,0.08042124719946699,0.08042124719946699
690,11.5,False,False,50.50777898624433,50.0,78.98578062445938,50.07344543194457,52.522435788611034,48.77268542791653,74.0,0.5077789862443325,1.8572164582264918,1.8757886228087568,1.867252923795757,1.569807567180496,1.7642180288921985,1.5654116345316766,1.5209945586807407,1.8757886228087568,1.4260533832147975,1.5695227243974774,1.2386655196475205,1.4260533832147975,1.5695227243974774,1.8061877297309474,1.9248382216079407,0.04852816571673668,-0.09494117546594327,0.04904959879918391,-0.06960089307780937,False,False,0.08042124719946699,0.08042124719946699,0.11981958505245617,0.11981958505245617
695,11.583333333333334,False,False,51.41769150834649,50.0,78.98454275256059,50.984921825630174,53.70540346338602,49.867224536269845,74.0,1.4176915083464934,1.856522310323789,1.8750875334270267,1.8655129756694442,1.5712507578510595,1.762875226679912,1.5666256748713596,1.4762032308254676,1.8750875334270267,1.3703443782493132,1.5140634472132546,1.2030433021268891,1.3703443782493132,1.5140634472132546,1.8062074969016912,1.9250290866059783,0.03786021638778703,-0.10585885257615435,0.04994155317895155,-0.06888003652533548,False,False,0.11981958505245617,0.11981958505245617,0.19705351556585385,0.19705351556585385
700,11.666666666666666,False,False,53.011599865304106,50.0,78.97203575198023,52.58237908854822,55.616371735453235,51.64303208404268,74.0,3.011599865304106,1.8589270050623672,1.8775162751129908,1.8656182917538349,1.5732652931791238,1.7636319343551545,1.567860551604883,1.3983994204237207,1.8775162751129908,1.2814658990860495,1.4254328684479856,1.141280404541294,1.2814658990860495,1.4254328684479856,1.810206444486578,1.9291977221932004,0.027033448024264883,-0.11693352133767121,0.05168144708020961,-0.06730983062641283,False,False,0.19705351556585385,0.19705351556585385,0.3010623537931682,0.3010623537931682
705,11.75,False,False,55.13783908578658,50.0,78.93784967577744,54.71495830795825,57.93490910635177,53.80588723471488,74.0,5.137839085786581,1.8666735510846895,1.8853402865955364,1.8697020833398892,1.576401197348709,1.7683659056483318,1.5692368079063488,1.2965868741396662,1.8853402865955364,1.1755577119350635,1.3197707779779602,1.0606216127315293,1.1755577119350635,1.3197707779779602,1.8205335553177409,1.939693124383259,0.02318390383829394,-0.12102916220460269,0.054352837787722486,-0.06480673127779557,False,False,0.3010623537931682,0.3010623537931682,0.38969848689998376,0.38969848689998376
710,11.833333333333334,False,False,57.28546921522613,50.0,78.8712650458603,56.87085784967635,60.0045776539003,55.74203720086482,74.0,7.285469215226129,1.8814138287890954,1.9002279670769864,1.8801133398504999,1.5812199847798283,1.7789264136570295,1.5710145334696093,1.195169278157391,1.9002279670769864,1.0813736544274235,1.2258310366691603,0.9804766978497811,1.0813736544274235,1.2258310366691603,1.8383788602477757,1.9577053370800181,0.03066175851176922,-0.11379562372996754,0.05747737000303177,-0.06184910682921063,False,False,0.38969848689998376,0.38969848689998376,0.41119585746242915,0.41119585746242915
715,11.916666666666666,False,False,58.798944264616466,50.0,78.76677123738885,58.39128807300452,61.16609973582439,56.82650301612533,74.0,8.798944264616466,1.9029999988113082,1.9220299987994214,1.8980420986638968,1.5879963815443847,1.7960773013815547,1.573591777927118,1.122096417706689,1.9220299987994214,1.0251647468567222,1.169864687627695,0.9229869743155633,1.0251647468567222,1.169864687627695,1.8626427033075772,1.9821347172371289,0.047768269921006024,-0.09693167084996679,0.06010471843770748,-0.05938729549184418,False,False,0.41119585746242915,0.41119585746242915,0.3408578641109665,0.3408578641109665
720,12.0,False,False,59.21129993934949,50.0,78.6286001215442,58.805700462522466,61.088629358571,56.74296831548091,74.0,9.211299939349487,1.9290516159093765,1.9483421320684702,1.9223887102723531,1.5964888862977458,1.818725027720253,1.5773959132566726,1.0958392522742542,1.9483421320684702,1.019512374533963,1.1644531385633883,0.902718944961589,1.019512374533963,1.1644531385633883,1.8899767672814571,2.0096329604348497,0.06861388628913412,-0.07632687774029123,0.06129082836637956,-0.05836536478701304,False,False,0.3408578641109665,0.3408578641109665,0.19954477963794415,0.19954477963794415
725,12.083333333333334,False,False,58.45270998767613,50.0,78.47117285405733,58.043380380925065,59.87996799937586,55.59581885641246,74.0,8.45270998767613,1.9556767990396287,1.975233567030025,1.9498048638581533,1.605950648569032,1.8440279886280926,1.5826961006428262,1.1195222090515926,1.975233567030025,1.061172380509192,1.2063522545199323,0.9220002561946331,1.061172380509192,1.2063522545199323,1.9160152346939183,2.0358342618684464,0.08683004546833972,-0.05834982854240067,0.060600694838421454,-0.05921833233610663,False,False,0.19954477963794415,0.19954477963794415,0.03901797318736995,0.03901797318736995
730,12.166666666666666,False,False,56.82029048854788,50.0,78.31485611660196,56.40372876060794,57.957712873275575,53.78465971380587,74.0,6.820290488547883,1.9788806991972994,1.9986695061892723,1.9759247482811824,1.615381845113772,1.868356630889825,1.5894418828167327,1.1829228914407395,1.9986695061892723,1.1357585584250691,1.2811758507367723,0.9725221810549102,1.1357585584250691,1.2811758507367723,1.9369651107414498,2.0569456392815852,0.09825295929603284,-0.04716433301567036,0.05827613309231294,-0.06170439544782247,False,False,0.03901797318736995,0.03901797318736995,0.0,0.0
735,12.25,False,False,54.776806170448324,50.0,78.17311087167036,54.35271939881198,55.80549015801235,51.766710603206285,74.0,4.7768061704483245,1.9980114039116177,2.0179915179507337,1.9969553750115177,1.6241522650419995,1.889535563621606,1.5972135614555776,1.2682310300299833,2.0179915179507337,1.2241410101838281,1.3697940503242074,1.0403331795266695,1.2241410101838281,1.3697940503242074,1.954309435387628,2.0744501450629667,0.10156302029422415,-0.044090019846155126,0.05645862711223293,-0.0636820825631057,False,False,0.0,0.0,0.0,0.0
740,12.333333333333334,False,False,52.7441740911292,50.0,78.04833463668207,52.31428589728971,53.804882687752865,49.897963057714364,74.0,2.744174091129203,2.013433932933136,2.0335682722624675,2.0143797902252976,1.632165292670452,1.9073549247540684,1.6053996492422993,1.357611943869324,2.0335682722624675,1.3102287055540325,1.4561158438780903,1.1112539890130848,1.3102287055540325,1.4561158438780903,1.9679079227411718,2.0882075056258835,0.09850390000876641,-0.047383238315291454,0.05463923336341603,-0.06566034952129574,False,False,0.0,0.0,0.0,0.0
745,12.416666666666666,False,False,50.993621477346984,50.0,77.94010122232619,50.56008117204328,52.16692096870031,48.371777382219435,74.0,0.9936214773469842,2.025482498665637,2.0457373236522933,2.028057714183528,1.639451343756392,1.9220578635676075,1.613531699527426,1.4379797437816706,2.0457373236522933,1.3833979079707908,1.5295175152878293,1.1748344044897294,1.3833979079707908,1.5295175152878293,1.9784355904028905,2.0988927507566246,0.09153777150615872,-0.05458183581087983,0.0531554271043313,-0.0673017332494028,False,False,0.0,0.0,0.0,0.0
750,12.5,False,False,49.63264202971116,50.0,77.8478915272266,49.19712100161901,50.94305447547075,47.23274636911403,74.0,-0.3673579702888432,2.0344630859909625,2.0548077168508723,2.0386641705797577,1.6460397300375218,1.9338720179080544,1.6213478168867839,1.5026915453988294,2.0548077168508723,1.4397860669315627,1.586136534139786,1.2258021130036014,1.4397860669315627,1.586136534139786,1.9859603262742804,2.1065737804244873,0.08344498874095652,-0.06290547846726668,0.05176606357361502,-0.06884739057659184,False,False,0.0,0.0,0.0,0.0
755,12.583333333333334,False,False,48.65069809892096,50.0,77.7711126915732,48.21421407218976,50.08739753025709,46.43615946715297,74.0,-1.3493019010790377,2.040655816287384,2.061062374450258,2.046267053349384,1.6519586983617927,1.9430104662876913,1.6287175740900037,1.5507125483690287,2.061062374450258,1.4801965217446502,1.6267762594732107,1.263369250943879,1.4801965217446502,1.6267762594732107,1.9908904333582897,2.111658909583924,0.07606371110418197,-0.0705160266243785,0.05059653513366591,-0.07017194109196834,False,False,0.0,0.0,0.0,0.0
760,12.666666666666666,False,False,47.97838008390293,50.0,77.70911482489251,47.54146189510139,49.51508060942923,45.90229926060858,74.0,-2.021619916097073,2.0443171136914593,2.064760284828374,2.051274671471107,1.65723546843911,1.9496726223463008,1.6355791841293192,1.5844260574193867,2.064760284828374,1.5079274161923126,1.6547348544506253,1.2894718333791844,1.5079274161923126,1.6547348544506253,1.9933818182424603,2.1143040566590323,0.0703087970312386,-0.07649864122707406,0.04954377183065839,-0.07137846658591362,False,False,0.0,0.0,0.0,0.0
765,12.75,False,False,47.532647606946,50.0,77.66120554744526,47.095542435980704,49.141704562841824,45.55258449551438,74.0,-2.467352393054,2.0456816901436468,2.0661385070450833,2.0538429374507463,1.6618962692633867,1.9540450751436766,1.6419053102548076,1.6074467325549449,2.0661385070450833,1.5266579880363662,1.6736915758705362,1.3070211973528332,1.5266579880363662,1.6736915758705362,1.9937142522186304,2.114789004664573,0.06624484331559133,-0.08078874451857865,0.04865049761948992,-0.07242425482645287,False,False,0.0,0.0,0.0,0.0
770,12.833333333333334,False,False,47.24131199932605,50.0,77.62666256792944,46.804128061170566,48.90016214636945,45.32478340557114,74.0,-2.758688000673949,2.0449643643745663,2.065414008018312,2.0542516284416017,1.6659663742516868,1.9563023785463587,1.6476862639045404,1.623192203851886,2.065414008018312,1.5395092214589035,1.6867674266151138,1.3187645353716562,1.5395092214589035,1.6867674266151138,1.992057516211125,2.113283546135442,0.0635752227632278,-0.08368298239298255,0.047869538117129906,-0.07335649180718695,False,False,0.0,0.0,0.005764971594105293,0.005764971594105293
775,12.916666666666666,False,False,47.0507506655791,50.0,77.60431946878015,46.613533782279355,48.74308161828464,45.17504899890502,74.0,-2.949249334420898,2.0425023436394816,2.0629273670758765,2.052670531173283,1.6694885193069107,1.9566734389733111,1.6529208409498635,1.6342528295429475,2.0629273670758765,1.548643472174429,1.6961247807691326,1.3268044129366445,1.548643472174429,1.6961247807691326,1.9888553954956603,2.1102314778468316,0.06187195122618516,-0.08560935736851838,0.04730411077095509,-0.07407197158021628,False,False,0.005764971594105293,0.005764971594105293,0.017277822571763052,0.017277822571763052
780,13.0,False,False,46.92448352548803,50.0,77.59218495501293,46.48725290412697,48.639052203174685,45.07433967059129,74.0,-3.0755164745119714,2.038742968026348,2.0591303977066113,2.0495434366712457,1.6725402260950502,1.9555008069197857,1.6576150336914544,1.6423600435308798,2.0591303977066113,1.555467071517801,1.7031699877145716,1.3325545766262168,1.555467071517801,1.7031699877145716,1.984563482812006,2.10608840392812,0.06080994418369179,-0.08689297201307888,0.0469580062215087,-0.07456691489460532,False,False,0.017277822571763052,0.017277822571763052,0.024514543246280072,0.024514543246280072
785,13.083333333333334,False,False,46.83934990112855,50.0,77.58825014465056,46.402113656794256,48.56924386053043,45.00525926312348,74.0,-3.16065009887145,2.0339884215353194,2.0543283057506727,2.045325943370063,1.6752002815347502,1.9531171167541013,1.6617936201930374,1.6486240081440884,2.0543283057506727,1.560857810523739,1.7087808562166396,1.3368935741322732,1.560857810523739,1.7087808562166396,1.979382515009923,2.101055072510016,0.06015684807255117,-0.08776619762034943,0.046726766759343175,-0.07494579074074981,False,False,0.024514543246280072,0.024514543246280072,0.02903879413510988,0.02903879413510988
790,13.166666666666666,False,False,46.78145849160014,50.0,77.5911171278031,46.34422009835907,48.522671181858115,44.95765994599225,74.0,-3.218541508399859,2.0284472423732343,2.0487317147969666,2.040218793759969,1.6775221217286542,1.9497520647320883,1.665502464760911,1.653707074230897,2.0487317147969666,1.5653022243023251,1.7134439388056486,1.3403446007212096,1.5653022243023251,1.7134439388056486,1.973512621712177,2.0953316243887414,0.05973686457475158,-0.0884048499285719,0.046599909591774846,-0.07521909308478958,False,False,0.02903879413510988,0.02903879413510988,0.03195762337508659,0.03195762337508659
795,13.25,False,False,46.743702877229055,50.0,77.59977607967366,46.306463812508326,48.49461692301842,44.92718117958933,74.0,-3.2562971227709454,2.0222699381957074,2.0424926375776646,2.0344221230504593,1.6795433452108433,1.9455701296995744,1.668791963366405,1.6579337258134728,2.0424926375776646,1.5690005321580258,1.7173594719022762,1.343162895962587,1.5690005321580258,1.7173594719022762,1.967064421066078,2.089028688778733,0.059425746088803466,-0.08893319365544694,0.04653605120106841,-0.07542821651158671,False,False,0.03195762337508659,0.03195762337508659,0.03410738852913966,0.03410738852913966
800,13.333333333333334,False,False,46.71717470428206,50.0,77.6134440042377,46.279935512779716,48.47325144796361,44.90291339975914,74.0,-3.2828252957179416,2.0155747028805973,2.035730449909403,2.0280465549224056,1.6812925261001983,1.9406972787416004,1.671707070024481,1.6617407395381634,2.035730449909403,1.5725188124587104,1.721093550692685,1.345695123030282,1.5725188124587104,1.721093550692685,1.9601553990552048,2.082263762625496,0.05935281115452162,-0.08922192707945298,0.046533312716092734,-0.07557505085419836,False,False,0.03410738852913966,0.03410738852913966,0.03517515887256629,0.03517515887256629
805,13.416666666666666,False,False,46.704595281781344,50.0,77.63151606374147,46.26735612968672,48.47078242578381,44.89609811314628,74.0,-3.2954047182186557,2.0084427116176027,2.0285271387337787,2.0212095808403503,1.6827912232619724,1.935229544775025,1.6742850628789006,1.664950956003213,2.0285271387337787,1.5752087744120962,1.723997900910946,1.3477955399105213,1.5752087744120962,1.723997900910946,1.9528397687348134,2.0750910698421206,0.0590469449077331,-0.0897421815911168,0.046563931108341894,-0.0756873699989653,False,False,0.03517515887256629,0.03517515887256629,0.03671998306892188,0.03671998306892188
810,13.5,False,False,46.701636124034636,50.0,77.65346322307707,46.264396990581346,48.47220676183499,44.8929067921559,74.0,-3.2983638759653644,2.000959554016285,2.0209691495564477,2.013965419288467,1.6840582606402434,1.929249532066229,1.676556155383715,1.6677674241226668,2.0209691495564477,1.577806711726651,1.7268088325057833,1.3496271723224256,1.577806711726651,1.7268088325057833,1.9452204164494695,2.0676135075280153,0.059041408383116556,-0.08996071239601577,0.04664435797156763,-0.07574873310697816,False,False,0.03671998306892188,0.03671998306892188,0.03777504925273555,0.03777504925273555
815,13.583333333333334,False,False,46.70690229025759,50.0,77.6787879428135,46.26966312625176,48.4847587661604,44.900000310595004,74.0,-3.293097709742412,1.9931911552166957,2.0131230667688627,2.0064169619887426,1.6851116591613666,1.922833662130776,1.6785447893763905,1.670242034511375,2.0131230667688627,1.5799255031317285,1.7291392401664347,1.3512284833376271,1.5799255031317285,1.7291392401664347,1.9373385617122891,2.059872305849206,0.058897205655059626,-0.09031653137964657,0.04674923908034323,-0.07578450505657353,False,False,0.03777504925273555,0.03777504925273555,0.03871620131131575,0.03871620131131575
820,13.666666666666666,False,False,46.71951554026917,50.0,77.70706574550302,46.28227634854255,48.50239199606124,44.911805261404496,74.0,-3.280484459730829,1.9851947306706523,2.005046677977359,1.9986054337807475,1.6859668238332175,1.91604612233985,1.6802724071001556,1.6724020517001008,2.005046677977359,1.5818539259677957,1.7312779169184775,1.3526192779577741,1.5818539259677957,1.7312779169184775,1.9292595299557116,2.051932800790177,0.05887586521837673,-0.09054812573230508,0.04688612281281834,-0.07578714802164721,False,False,0.03871620131131575,0.03871620131131575,0.039604601140078896,0.039604601140078896
825,13.75,False,False,46.738740076385604,50.0,77.73790977320203,46.301500966329854,48.52774287104783,44.93074747449668,74.0,-3.2612599236143964,1.9770210429033732,1.996791253332407,1.9905961653729443,1.6866380281650137,1.9089446151002718,1.6817579760628163,1.6742694746800226,1.996791253332407,1.583442283413533,1.7330751813564143,1.353815169415566,1.583442283413533,1.7330751813564143,1.9210236428263152,2.043835324449709,0.05880570667639162,-0.09082719126648953,0.04704407111730191,-0.07576761050609182,False,False,0.039604601140078896,0.039604601140078896,0.040453177017300876,0.040453177017300876
830,13.833333333333334,False,False,46.763918513579156,50.0,77.77096393844114,46.326679736771744,48.558040990226466,44.95427286565325,74.0,-3.2360814864208436,1.9687152755969397,1.9884024283529091,1.982429483638012,1.6871386921466218,1.901581625376872,1.6830185600422396,1.675864136903965,1.9884024283529091,1.5848170756551918,1.7346575488183902,1.3548299406588287,1.5848170756551918,1.7346575488183902,1.9126780719558705,2.0356270588129655,0.05879341191442511,-0.09104706124877326,0.047224630460056316,-0.07572435639703867,False,False,0.040453177017300876,0.040453177017300876,0.04126703399015678,0.04126703399015678
835,13.916666666666666,False,False,46.794451834308084,50.0,77.80590043403811,46.35721380521127,48.594058305110394,44.9830906036638,74.0,-3.2055481656919156,1.9603176399313391,1.9799208163306525,1.974152565384418,1.687481471970104,1.8940049710180376,1.684069838825292,1.6772045349277505,1.9799208163306525,1.5859266992138614,1.7359734307187211,1.355676220235864,1.5859266992138614,1.7359734307187211,1.9042576983025619,2.027342895093706,0.058768895790970666,-0.09127783571388903,0.047422078763053266,-0.07566311802809067,False,False,0.04126703399015678,0.04126703399015678,0.0420490928234949,0.0420490928234949
840,14.0,False,False,46.82978922996582,50.0,77.8424179839737,46.392552537307694,48.63438789456056,45.0159033604992,74.0,-3.1702107700341813,1.951863875339744,1.9713825140931414,1.9658002966981338,1.6876783145645735,1.886258203754879,1.6849264362546084,1.678308168784406,1.9713825140931414,1.5868315396156274,1.737083227223187,1.3563657811856047,1.5868315396156274,1.737083227223187,1.8957979510413878,2.0190182726256842,0.05877505843878117,-0.09147662916877852,0.04763575853254287,-0.07558456305175354,False,False,0.0420490928234949,0.0420490928234949,0.0428013114579111,0.0428013114579111
845,14.083333333333334,False,False,46.86942184488499,50.0,77.88024030751674,46.43218725174365,48.67908128243575,45.05275735330311,74.0,-3.1305781551150105,1.9433856839283736,1.9628195407676574,1.957408111833536,1.6877405000584091,1.878380948535567,1.6856021055917958,1.6791917022229428,1.9628195407676574,1.5875193141262811,1.737974669988781,1.3569096950073345,1.5875193141262811,1.737974669988781,1.887327423274171,2.010681794573621,0.058782967765838245,-0.09167238809666167,0.04786225380596365,-0.07549211749348639,False,False,0.0428013114579111,0.0428013114579111,0.04352514938331456,0.04352514938331456
850,14.166666666666666,False,False,46.91287847402456,50.0,77.91911467790355,46.475646913633476,48.727322202660346,45.0928998152829,74.0,-3.0871215259754408,1.9349111157149232,1.9542602268720726,1.9490046089238962,1.6876786779939743,1.8704092044575988,1.6861098347886483,1.6798710402740653,1.9542602268720726,1.5880228886713514,1.7386806390886644,1.3573184169993056,1.5880228886713514,1.7386806390886644,1.8788731373948437,2.0023604932994634,0.05880959881459913,-0.09184815160271387,0.04810026642739085,-0.07538708947722883,False,False,0.04352514938331456,0.04352514938331456,0.04422179112034998,0.04422179112034998
855,14.25,False,False,46.959722313537846,50.0,77.95881053533446,46.52249487742111,48.77890469287525,45.13614024956786,74.0,-3.0402776864621543,1.9264649143966657,1.9457295635406324,1.9406168153471537,1.6875028997243,1.8623756176477826,1.6864619108817882,1.680361368933245,1.9457295635406324,1.5883452406506644,1.7392041258315594,1.3576018382555504,1.5883452406506644,1.7392041258315594,1.8704577872108785,1.9940770724847434,0.05884275689831431,-0.09201612828258066,0.048347508944110995,-0.0752717763297539,False,False,0.04422179112034998,0.04422179112034998,0.044892259558571936,0.044892259558571936
860,14.333333333333334,False,False,47.00954831406009,50.0,77.99911814040827,46.57232623888719,48.833286135216774,45.18197827832249,74.0,-2.9904516859399095,1.9180688297966486,1.9372495180946152,1.932267429847811,1.6872226482099146,1.8543097317378614,1.6866699641815994,1.6806771777396534,1.9372495180946152,1.5885073190054613,1.7395660928335812,1.3577693211601856,1.5885073190054613,1.7395660928335812,1.8621019759594348,1.9858521451476732,0.058888915093927796,-0.09216985873419214,0.048602627053057956,-0.07514754213518038,False,False,0.044892259558571936,0.044892259558571936,0.04553747484425199,0.04553747484425199
865,14.416666666666666,False,False,47.061980908037484,50.0,78.03984726530159,46.62476555879781,48.8901875041718,45.230156409874894,74.0,-2.9380190919625164,1.9097419012615833,1.9288393202741991,1.923977060553554,1.6868468658627676,1.8462382193268017,1.686745002488387,1.6808322758514804,1.9288393202741991,1.5885175609155544,1.7397749907200288,1.3578297270038548,1.5885175609155544,1.7397749907200288,1.8538232637932626,1.9777032811299529,0.05894271486854841,-0.09231471493592602,0.04886396085575373,-0.07501605648093657,False,False,0.04553747484425199,0.04553747484425199,0.046158286131351554,0.046158286131351554
870,14.5,False,False,47.11667199225193,50.0,78.0808259245599,46.67946484366695,48.949207201122334,45.280304378013476,74.0,-2.8833280077480694,1.9015007152486794,1.9205157224011662,1.9157632724616076,1.6863839807993963,1.8381850966648912,1.6866974402655153,1.6808398060452419,1.9205157224011662,1.5883913408550356,1.7398462071856167,1.3577914394123127,1.5883913408550356,1.7398462071856167,1.8456371816554398,1.9696460209724316,0.05900640114037481,-0.09244846519020622,0.049130298571265385,-0.07487854074572642,False,False,0.046158286131351554,0.046158286131351554,0.04675548969801996,0.04675548969801996
875,14.583333333333334,False,False,47.17329910101859,50.0,78.12189914881228,46.73610171864611,49.010064386849265,45.33216321399333,74.0,-2.8267008989814073,1.8933596397261654,1.912293236123427,1.9076416013139357,1.6858419317216546,1.830171923183281,1.6865371251070511,1.6807122586967125,1.912293236123427,1.588138593666694,1.7397896900733294,1.3576623857103642,1.588138593666694,1.7397896900733294,1.8375569704091146,1.9616936150457274,0.05907743137661692,-0.0925736650300184,0.049400378922300314,-0.07473626571431247,False,False,0.04675548969801996,0.04675548969801996,0.047329840061737544,0.047329840061737544
880,14.666666666666666,False,False,47.23156373257766,50.0,78.16292780476103,46.79437775233216,49.07244100426932,45.385439742385095,74.0,-2.768436267422338,1.885331037616601,1.9041843479927671,1.8996252927274209,1.6852281915691874,1.8222179871522666,1.6862733625924908,1.6804614866804513,1.9041843479927671,1.587771724852517,1.7396178576692645,1.3574500568800887,1.587771724852517,1.7396178576692645,1.8295940884685682,1.9538575311821884,0.05915637098881321,-0.09268976182793431,0.049673183189421266,-0.07459025952419895,False,False,0.047329840061737544,0.047329840061737544,0.04788205735321061,0.04788205735321061
885,14.75,False,False,47.2911898049368,50.0,78.20378746425551,46.85401691549973,49.136080023126006,45.43989704340526,74.0,-2.708810195063201,1.8774254612310937,1.8961997158434045,1.8917258098253784,1.6845497900480826,1.8143404785470525,1.6859149400303486,1.6800987210960556,1.8961997158434045,1.5873005916493859,1.7393405797825803,1.3571615267283506,1.5873005916493859,1.7393405797825803,1.8217582052171062,1.9461474480946483,0.05924185868652465,-0.09279812944666976,0.049947732251243826,-0.07444151062629834,False,False,0.04788205735321061,0.04788205735321061,0.04841283256765608,0.04841283256765608
890,14.833333333333334,False,False,47.35192222465426,50.0,78.2443673245275,46.91476414765968,49.20072039913235,45.49529454225192,74.0,-2.6480777753457403,1.8696518294255895,1.8883483477198455,1.8839528266558774,1.6838133351174454,1.8065546500645009,1.685470149315862,1.6796345882988135,1.8883483477198455,1.5867357272838212,1.738968402004405,1.3568034702050227,1.5867357272838212,1.738968402004405,1.8140574902195006,1.9385715445897327,0.05933381370559143,-0.09289886101499234,0.05022319686988719,-0.07429085750034492,False,False,0.04841283256765608,0.04841283256765608,0.04892283151447081,0.04892283151447081
895,14.916666666666666,False,False,47.41352555609196,50.0,78.28456918091905,46.976384028685665,49.266136375822676,45.55142419421199,74.0,-2.5864744439080383,1.862017589032262,1.8806377649225847,1.8763145174046167,1.6830250335016164,1.7988739671359324,1.6849468090011992,1.679079127573368,1.8806377649225847,1.586086312380915,1.7385105171208461,1.3563821812526387,1.586086312380915,1.7385105171208461,1.806498690978796,1.9311365773255142,0.059431389547478064,-0.09299281519245306,0.05049881240292953,-0.07413907394378882,False,False,0.04892283151447081,0.04892283151447081,0.049412697898238434,0.049412697898238434
900,15.0,False,False,47.47578278110485,50.0,78.32430645274853,47.038659538481106,49.332110357663545,45.60808549409633,74.0,-2.524217218895153,1.8545288619667035,1.8730741505863706,1.8688176341521552,1.6821907102862637,1.7913102477033216,1.6843522856205093,1.678441809652486,1.8730741505863706,1.5853614959632019,1.7379760861158535,1.3559035899239007,1.5853614959632019,1.7379760861158535,1.7990873207090907,1.9238480685851385,0.05953427646336751,-0.09308031368928416,0.05077391799876785,-0.07398682987727989,False,False,0.049412697898238434,0.049412697898238434,0.049883055772685696,0.049883055772685696
905,15.083333333333334,False,False,47.538494140747524,50.0,78.36350326236162,47.10139090227891,49.39844830483325,45.665099647984086,74.0,-2.461505859252476,1.8471905792782077,1.8656624850709898,1.8614676946471147,1.6813158276496272,1.7838737924612844,1.6836935142889498,1.6777315555848873,1.8656624850709898,1.5845695821957262,1.7373734249201989,1.3553732790013329,1.5845695821957262,1.7373734249201989,1.7918277558577071,1.9167104037998195,0.05964186933531157,-0.0931619733891611,0.051047918728829744,-0.0738347292132826,False,False,0.049883055772685696,0.049883055772685696,0.05033451151387389,0.05033451151387389
910,15.166666666666666,False,False,47.60147605174767,50.0,78.40209356690838,47.16439450508021,49.4649681098049,45.72229886329218,74.0,-2.3985239482523326,1.8400066032919216,1.8584066693248409,1.8542690798287633,1.680405502774725,1.7765735062108938,1.6829770185866324,1.6769567562828342,1.8584066693248409,1.5837185786850085,1.7367105527142703,1.3547964999580018,1.5837185786850085,1.7367105527142703,1.7847233712556112,1.9097269667000842,0.05975379643143608,-0.09323817759782571,0.05132029737524335,-0.07368329806922969,False,False,0.05033451151387389,0.05033451151387389,0.05076765540953622,0.05076765540953622
915,15.25,False,False,47.664560091404255,50.0,78.44002034196791,47.22750188060535,49.531505334318986,45.779531628594775,74.0,-2.3354399085957454,1.8329798388855476,1.8513096372744031,1.8472251689778476,1.6794645249838676,1.7694170109213903,1.6822089297366722,1.67612529197786,1.8513096372744031,1.582815876929379,1.735994872382155,1.354178188435026,1.582815876929379,1.735994872382155,1.7777766340986356,1.902900233297808,0.05986958040429502,-0.093309415048481,0.05159059602340488,-0.0735330031757675,False,False,0.05076765540953622,0.05076765540953622,0.05118306293452352,0.05118306293452352
920,15.333333333333334,False,False,47.727592045314694,50.0,78.47723481580316,47.29055875986415,49.59790796675852,45.836657882152906,74.0,-2.272407954685306,1.826112334847887,1.8443734581963658,1.8403384336982218,1.6784973721330778,1.762410751050981,1.681395005087386,1.6752445519520733,1.8443734581963658,1.581868486468381,1.7352334046647182,1.3535229790894392,1.581868486468381,1.7352334046647182,1.7709892078724103,1.8962318758119405,0.05998885271264487,-0.09337606548369237,0.05185841761557475,-0.07338425032395546,False,False,0.05118306293452352,0.05118306293452352,0.0515812957668763,0.0515812957668763
925,15.416666666666666,False,False,47.79043101296455,50.0,78.51369575275818,47.35342417708478,49.66403827895688,45.893550719878235,74.0,-2.2095689870354533,1.8194053761805173,1.8375994299423226,1.8336105418421753,1.677508226300779,1.7555600916373053,1.6805406459102639,1.6743214542878377,1.8375994299423226,1.5808829162477052,1.7344326695281298,1.3528352199588427,1.5808829162477052,1.7344326695281298,1.7643620354414298,1.8897228457583752,0.06011121524029206,-0.09343853804013258,0.05212341581605262,-0.07323739450089284,False,False,0.0515812957668763,0.0515812957668763,0.05196290258874811,0.05196290258874811
930,15.5,False,False,47.85294856675717,50.0,78.54936878410204,47.415969630559914,49.72977024333469,45.95009401483721,74.0,-2.1470514332428294,1.812859568126248,1.8309881638075105,1.8270424405999024,1.6765009888023568,1.7488694096312154,1.6796509145270293,1.6733624654337291,1.8309881638075105,1.5798652806370568,1.7335987921852614,1.3521189861964105,1.5798652806370568,1.7335987921852614,1.7578954219336371,1.8833734568353113,0.06023632675153223,-0.09349718479667235,0.05238529302780082,-0.07309274187387338,False,False,0.05196290258874811,0.05196290258874811,0.052328419709419725,0.052328419709419725
935,15.583333333333334,False,False,47.91502796053272,50.0,78.58422578446677,47.478078293940875,49.79498986579539,46.006182722808724,74.0,-2.0849720394672815,1.8064749126378212,1.8245396617641993,1.8206344393844742,1.6754792945597787,1.7423421789138702,1.6787305507804984,1.6723736195316632,1.8245396617641993,1.5788212619603161,1.7327374656292895,1.3513780933812543,1.5788212619603161,1.7327374656292895,1.751589105585453,1.877183455769059,0.06036384609762635,-0.09355235757134706,0.052643794004859634,-0.07295055617874624,False,False,0.052328419709419725,0.052328419709419725,0.0526783715419885,0.0526783715419885
940,15.666666666666666,False,False,47.97656338404041,50.0,78.61824429191584,47.539644269976236,49.85959372805594,46.06172153901415,74.0,-2.0234366159595893,1.8002508779368365,1.818253386716205,1.814386280677256,1.6744465258533714,1.7359810494063572,1.6777839878650085,1.6713605376705345,1.818253386716205,1.5777561644377518,1.7318540045792936,1.3506161102284295,1.5777561644377518,1.7318540045792936,1.7454423250415025,1.8711520896145366,0.06049346690875912,-0.0936043732327827,0.05289870289833165,-0.07281106167470242,False,False,0.0526783715419885,0.0526783715419885,0.053013270961029244,0.053013270961029244
945,15.75,False,False,48.03745926018911,50.0,78.6514069696065,47.60057189001136,49.92348874811755,46.116624677171416,74.0,-1.9625407398108905,1.7941864617554089,1.812128326372963,1.8082972073280197,1.6734058254810174,1.7297879206528832,1.6768153675330089,1.6703284466621882,1.812128326372963,1.576674909168049,1.7309533404655921,1.3498363708596572,1.576674909168049,1.7309533404655921,1.7394538787173335,1.8652781651187444,0.06062489380340397,-0.09365353749413918,0.053149838745781386,-0.07267444765562958,False,False,0.053013270961029244,0.053013270961029244,0.05333361956436693,0.05333361956436693
950,15.833333333333334,False,False,48.09762958222112,50.0,78.68370110696863,47.66077505197045,49.98659122715982,46.17081499151806,74.0,-1.902370417778883,1.7882802488010106,1.8061630512890208,1.802366021918039,1.6723601093484437,1.723764010232725,1.6758285546948344,1.6692821975234438,1.8061630512890208,1.575582066280631,1.7300400535853064,1.3490419865322565,1.575582066280631,1.7300400535853064,1.7336221798589142,1.859560103781014,0.06075785606186268,-0.09370013124281273,0.053397052491993335,-0.07254087143010657,False,False,0.05333361956436693,0.05333361956436693,0.053639907859213465,0.053639907859213465
955,15.916666666666666,False,False,48.15699728823179,50.0,78.71511815830894,47.720176595874605,50.048826413964164,46.22422357572396,74.0,-1.8430027117682073,1.7825304629377585,1.8003557675671362,1.796591141819964,1.6713120785128763,1.7179099173323826,1.6748271514290016,1.6682262835355686,1.8003557675671362,1.5744818627762032,1.7291183809460786,1.3482358568995096,1.5744818627762032,1.7291183809460786,1.7279453058061864,1.8539959911173047,0.06089209741051005,-0.0937444207593654,0.05364022355016851,-0.07241046176094978,False,False,0.053639907859213465,0.053639907859213465,0.05393261538956172,0.05393261538956172
960,16.0,False,False,48.21549367070288,50.0,78.74565331675821,47.778707715303284,50.110127798851366,46.276789112784876,74.0,-1.7845063292971233,1.7769350145346126,1.7947043646799588,1.7909706484617456,1.6702642307011015,1.7122256817875117,1.673814510420476,1.6671648578077112,1.7947043646799588,1.5733782051195013,1.728192238861932,1.347420680890309,1.5733782051195013,1.728192238861932,1.72242104312527,1.8485836217931406,0.061027381054220786,-0.09378665268820985,0.053879257113181867,-0.07228332155468875,False,False,0.05393261538956172,0.05393261538956172,0.054212210819405256,0.054212210819405256
965,16.083333333333332,False,False,48.273057818933125,50.0,78.77530512150645,47.83630739900434,50.170436630300074,46.328457430130854,74.0,-1.7269421810668746,1.7714915433920886,1.7892064588260095,1.7855023324592052,1.669218871321909,1.7067108388840595,1.6727937478442758,1.6661017505096425,1.7892064588260095,1.572274691946069,1.7272652356630942,1.3465989670177352,1.572274691946069,1.7272652356630942,1.7170469282243943,1.8433205402402733,0.06116348515345171,-0.09382705856357343,0.05411408141426377,-0.07215953060161517,False,False,0.054212210819405256,0.054212210819405256,0.05447915198416076,0.05447915198416076
970,16.166666666666668,False,False,48.32963609243664,50.0,78.80407509631353,47.892921906583325,50.22970134630314,46.37918097625221,74.0,-1.6703639075633632,1.7661974576238149,1.783859432200053,1.7801837342323337,1.6681781239919165,1.701364470189416,1.6717677557117363,1.6650404854431144,1.783859432200053,1.5711746320533377,1.7263406896900597,1.345773043350846,1.5711746320533377,1.7263406896900597,1.711820284301657,1.8382040776051536,0.06130020424694527,-0.09386585338977671,0.054344645405100644,-0.07203914789839594,False,False,0.05447915198416076,0.05447915198416076,0.0547338859203264,0.0547338859203264
975,16.25,False,False,48.38518162354584,50.0,78.83196741733643,47.94850427094505,50.28787710471105,46.4289183885408,74.0,-1.61481837645416,1.7610499688371766,1.7786604685255483,1.7750121809534054,1.6671439405929473,1.696185250667168,1.6707392136964767,1.6639842962274087,1.7786604685255483,1.5700810584440839,1.7254216433399723,1.3449450670325405,1.5700810584440839,1.7254216433399723,1.7067382546450947,1.833231385049723,0.061437347112563545,-0.09390323778332488,0.054570916524174784,-0.07192221388045361,False,False,0.0547338859203264,0.0547338859203264,0.054976848882059844,0.054976848882059844
980,16.333333333333332,False,False,48.43965384760075,50.0,78.85898860837851,48.00301382982226,50.34492529900465,46.47763404771578,74.0,-1.560346152399248,1.7560461239281089,1.77360658516739,1.7699848198474089,1.666118110878365,1.691171492313102,1.6697106004569042,1.6629361418786175,1.77360658516739,1.5689967439502839,1.7245108786933414,1.344117033372777,1.5689967439502839,1.7245108786933414,1.7017978327794037,1.8283994638988292,0.06157473681472392,-0.09393939792833361,0.05479287873143934,-0.07180875238798623,False,False,0.054976848882059844,0.054976848882059844,0.0552084663515972,0.0552084663515972
985,16.416666666666668,False,False,48.49301805923255,50.0,78.88514726173679,48.05641578158394,50.40081312392864,46.52529767817163,74.0,-1.506981940767453,1.7511828337785453,1.7686946621163309,1.7650986483391164,1.6651022716450834,1.6863211845352808,1.6686842044718226,1.6618987219480004,1.7686946621163309,1.567924215175404,1.723610931459136,1.3432907846050057,1.567924215175404,1.723610931459136,1.6969958896126958,1.8237051927876906,0.06171220951113554,-0.09397450677259633,0.05501053067135975,-0.0716987725036351,False,False,0.0552084663515972,0.0552084663515972,0.05542915304902187,0.05542915304902187
990,16.5,False,False,48.54524499336326,50.0,78.910453782899,48.10868076805597,50.45551315451532,46.57188396063673,74.0,-1.4547550066367378,1.7464568991208127,1.7639214681120208,1.7603505412001932,1.6640979154873679,1.681632031487259,1.6676621344053286,1.6608744909989581,1.7639214681120208,1.5668657664786996,1.722724104961833,1.3424680182033173,1.5668657664786996,1.722724104961833,1.6923291979122626,1.8191453521383374,0.061849613962874805,-0.09400872452025855,0.055223884026316616,-0.07159227019975822,False,False,0.05542915304902187,0.05542915304902187,0.0556393129461088,0.0556393129461088
995,16.583333333333332,False,False,48.59631042963994,50.0,78.93492015742213,48.159784478120955,50.50900295133556,46.61737216895904,74.0,-1.4036895703600578,1.7418650338112038,1.7592836841493158,1.7557372750253,1.663106399147965,1.6771014865506828,1.6666463290169513,1.6598656726798253,1.7592836841493158,1.56582347331192,1.7218524834808102,1.3416502948628022,1.56582347331192,1.7218524834808102,1.6877944542922967,1.814716646148031,0.06198681080098489,-0.09404219936790525,0.05543296199871528,-0.07148922985701911,False,False,0.0556393129461088,0.0556393129461088,0.05583933928743225,0.05583933928743225
1000,16.666666666666668,False,False,48.646194819110256,50.0,78.9585597384052,48.20970727583494,50.56126469009244,46.66174582927478,74.0,-1.3538051808897436,1.7374038857348137,1.754777924592162,1.7512555502201639,1.6621289514815971,1.6727267841515758,1.665638566632563,1.6588742731352795,1.754777924592162,1.564799204934187,1.7209979449678634,1.3408390461431283,1.564799204934187,1.7209979449678634,1.6833882989559867,1.8104157225320243,0.06212367183258394,-0.09407506820109246,0.05563779793986234,-0.07138962563617524,False,False,0.05583933928743225,0.05583933928743225,0.056029614621588474,0.056029614621588474
1005,16.75,False,False,48.69488293202278,50.0,78.98138705305225,48.25843384743206,50.61228480733037,46.70499239397668,74.0,-1.3051170679772213,1.7330700555453387,1.7504007561007922,1.7469020107440056,1.661166681045357,1.6685049690834377,1.6646404741913114,1.6579020939951987,1.7504007561007922,1.5637946368686015,1.7201621735063959,1.3400355817167566,1.5637946368686015,1.7201621735063959,1.679107333367374,1.8062391901960944,0.062260079511197164,-0.09410745712659718,0.0558384340953022,-0.0712934227334181,False,False,0.056029614621588474,0.056029614621588474,0.0562105108443077,0.0562105108443077
1010,16.833333333333332,False,False,48.74236352570362,50.0,79.00341762690351,48.30595287049191,50.662053673022584,46.747102940393845,74.0,-1.2576364742963833,1.728860113426721,1.7461487145609882,1.7426732617817342,1.6602205833301087,1.664432923499851,1.6636535358834579,1.656950744720507,1.7461487145609882,1.5628112625143138,1.7193466709260126,1.3392410963828754,1.5628112625143138,1.7193466709260126,1.674948136043469,1.8021836350293183,0.0623959262055056,-0.09413948220619317,0.05603492046833014,-0.07120057851751915,False,False,0.0562105108443077,0.0562105108443077,0.056382389254740456,0.056382389254740456
1015,16.916666666666668,False,False,48.78862903152244,50.0,79.02466782439517,48.35225670018685,50.71056527465062,46.78807188000732,74.0,-1.21137096847756,1.7247706140481565,1.7420183201886381,1.7385658855363937,1.6592915476465604,1.660507391729521,1.662679101393647,1.6560216545264665,1.7420183201886381,1.561850404638655,1.7185527682971387,1.338456676627402,1.561850404638655,1.7185527682971387,1.6709072766228619,1.7982456339733448,0.06253111377067211,-0.09417124988781156,0.05622731378470669,-0.07111104356577624,False,False,0.056382389254740456,0.056382389254740456,0.05654560062572704,0.05654560062572704
1020,17.0,False,False,48.83367526001527,50.0,79.04515470448746,48.39734107572,50.75781692781965,46.827896692061486,74.0,-1.1663247399847307,1.720798109869895,1.738006090968594,1.7345764552981033,1.6583803636792822,1.6567250030575011,1.6617183937638345,1.6551160836813323,1.738006090968594,1.5609132259626843,1.717781636518985,1.3376833069779879,1.5609132259626843,1.717781636518985,1.6669813283659625,1.7944217675232794,0.06266555283765274,-0.094202857718648,0.05641567655468549,-0.07102476260263146,False,False,0.05654560062572704,0.05654560062572704,0.05670048528833576,0.05670048528833576
1025,17.083333333333332,False,False,48.87750112328082,50.0,79.06489589018005,48.44120484095825,50.8038089937558,46.86657766346506,74.0,-1.1224988767191775,1.716939162944387,1.734108554573831,1.730701547944621,1.65748772772155,1.653082292607768,1.660772516889709,1.6542351344559392,1.734108554573831,1.560000739780946,1.717034296941691,1.3369218760954482,1.560000739780946,1.717034296941691,1.663166879221948,1.790708630795279,0.06279916248575179,-0.09423439467499306,0.056600076221448026,-0.070941675351883,False,False,0.05670048528833576,0.05670048528833576,0.056847373230681175,0.056847373230681175
1030,17.166666666666668,False,False,48.92010837381136,50.0,79.08390945080873,48.48384968534902,50.84854462644269,46.90411765595061,74.0,-1.0798916261886404,1.7131903553455023,1.7303222588989573,1.7269377550086136,1.6566142486035214,1.6495757204542163,1.6598424626641575,1.653379761375163,1.7303222588989573,1.5591138194561058,1.7163116308632838,1.3361731824405525,1.5591138194561058,1.7163116308632838,1.659460541591074,1.7871028432894993,0.06293186948812068,-0.09426594191905724,0.05678058439054201,-0.07086171730788338,False,False,0.056847373230681175,0.056847373230681175,0.05698658421066276,0.05698658421066276
1035,17.25,False,False,48.96150135896075,50.0,79.10221379609068,48.52527989712205,50.89202952145811,46.94052187475482,74.0,-1.0384986410392472,1.70954829834771,1.726643781331187,1.7232816924402865,1.6557604533258992,1.6462016890795592,1.6589291177809296,1.6525507811570606,1.726643781331187,1.5582532081433937,1.715614389256409,1.335437939809026,1.5582532081433937,1.715614389256409,1.6558589608976084,1.7836010574636598,0.06306360809934852,-0.09429757301366681,0.05695727613247281,-0.07078482043357859,False,False,0.05698658421066276,0.05698658421066276,0.05711842788226186,0.05711842788226186
1040,17.333333333333332,False,False,49.001686790287366,50.0,79.1198275809558,48.56550213285451,50.93427169117547,46.97579766154648,74.0,-0.9983132097126344,1.7060096404671636,1.7230697368718353,1.7197300091806342,1.654926792410871,1.6429565592944653,1.6580332702114076,1.6517488821008555,1.7230697368718353,1.5574195274981744,1.7149432014781354,1.3347167825151247,1.5574195274981744,1.7149432014781354,1.6523588230810455,1.780199966224884,0.06319431937727993,-0.0943293546026811,0.05713022935304868,-0.07071091379078975,False,False,0.05711842788226186,0.05711842788226186,0.05724320393437258,0.05724320393437258
1045,17.416666666666668,False,False,49.04067352704685,50.0,79.1367696202681,48.60452520115978,50.97528124683655,47.009954293646345,74.0,-0.9593264729531512,1.7025710744674967,1.7195967852121716,1.7162793946529646,1.6541136449817873,1.6398366647225189,1.6571556153669502,1.6509746330156303,1.7195967852121716,1.5566132863071356,1.7142985839033302,1.3340102703702088,1.5566132863071356,1.7142985839033302,1.6489568611033452,1.776896309437554,0.06332395088769993,-0.09436134670849472,0.057299524225382426,-0.07063992410882647,False,False,0.05724320393437258,0.05724320393437258,0.05736120224177227,0.05736120224177227
1050,17.5,False,False,49.078472373138474,50.0,79.15305881260512,48.64235985935713,51.015070198009525,47.04300279922917,74.0,-0.9215276268615256,1.6992293434247372,1.7162216368589847,1.7129265852704496,1.6533213235826856,1.6368383249502645,1.6562967619590636,1.650228491726466,1.7162216368589847,1.5558348885016224,1.7136809479401451,1.3333188933831026,1.5558348885016224,1.7136809479401451,1.6456498605626433,1.7736868795376404,0.06345245621367912,-0.09439360322484358,0.057465242678655715,-0.07057177629634137,False,False,0.05736120224177227,0.05736120224177227,0.05747270302684936,0.05747270302684936
1055,17.583333333333332,False,False,49.11509588684104,50.0,79.16871407232328,48.67901862379441,51.05365226385012,47.07495578336922,74.0,-0.8849041131589601,1.695981245938035,1.7129410583974154,1.7096683700501418,1.6525500787484504,1.6339578574355882,1.6554572375692371,1.6495108131029155,1.7129410583974154,1.5550846408091896,1.7130906076836654,1.332643076240811,1.5550846408091896,1.7130906076836654,1.6424346644960564,1.7705685263361053,0.06357979458074992,-0.09442617229372585,0.05762746793868989,-0.07050639390135904,False,False,0.05747270302684936,0.05747270302684936,0.05757797703145858,0.05757797703145858
1060,17.666666666666668,False,False,49.15055820270074,50.0,79.18375426919448,48.71451559061791,51.09104269434373,47.105827263254305,74.0,-0.8494417972992565,1.6928236405657946,1.7097518769714526,1.7065015954160807,1.6518001033360659,1.631191588262064,1.6546374939400148,1.6488218567567856,1.7097518769714526,1.5543627601146004,1.7125277872789735,1.3319831826281643,1.5543627601146004,1.7125277872789735,1.6393081774476939,1.7675381610875223,0.06370593052218787,-0.09445909664218521,0.057786284116069675,-0.07044369952375873,False,False,0.05757797703145858,0.05757797703145858,0.05767728569766359,0.05767728569766359
1065,17.75,False,False,49.18487486496031,50.0,79.19819817495241,48.7488662691453,51.127258106304396,47.13563251697193,74.0,-0.8151251350396933,1.6897534495602773,1.7066509840558801,1.703423169267608,1.6510715366271016,1.628535861821554,1.653837911998529,1.6481617942806224,1.7066509840558801,1.55366938027842,1.7119926277417568,1.331339519152107,1.55366938027842,1.7119926277417568,1.636267368871564,1.7645927598935773,0.06383083346113438,-0.09449241400220232,0.05794177583769722,-0.07038361518431602,False,False,0.05767728569766359,0.05767728569766359,0.05777088135638656,0.05777088135638656
1070,17.833333333333332,False,False,49.21806267194393,50.0,79.21206441613822,48.78208742682976,51.16231632938253,47.16438794149741,74.0,-0.7819373280560669,1.6867676619677203,1.7036353385873975,1.7004300643825707,1.6503644682112462,1.6259870495023236,1.6530588066233987,1.6475307160636476,1.7036353385873975,1.5530045586318877,1.7114851934551571,1.3307123393245548,1.5530045586318877,1.7114851934551571,1.6333092759334324,1.7617293665055112,0.0639544773915095,-0.09452615743175996,0.05809402791811369,-0.07032606265396502,False,False,0.05777088135638656,0.05777088135638656,0.05785900742296052,0.05785900742296052
1075,17.916666666666668,False,False,49.250139530836215,50.0,79.22537143268167,48.81419694446779,51.19623626284527,47.19211092059068,74.0,-0.7498604691637851,1.6838633361554882,1.700701969517043,1.6975193212194717,1.649678941660402,1.6235415574551997,1.6523004311656058,1.6469286377402568,1.700701969517043,1.5523682820962974,1.7110054782910906,1.3301018470913277,1.5523682820962974,1.7110054782910906,1.6304310057703109,1.7589450945841996,0.06407684055083385,-0.09456035564395937,0.058243125067156454,-0.07027096374673225,False,False,0.05785900742296052,0.05785900742296052,0.05794189859851049,0.05794189859851049
1080,18.0,False,False,49.28112432231583,50.0,79.23813744169901,48.845213678535245,51.22903773741304,47.21881969733967,74.0,-0.7188756776841672,1.6810376018226705,1.6978479778408972,1.6946880501772552,1.6490149580025337,1.6211958335057957,1.6515629817336186,1.6463555064180582,1.6978479778408972,1.5517604731945323,1.7105534116236776,1.3295082003025074,1.5517604731945323,1.7105534116236776,1.6276297372614261,1.756237129471695,0.06419790520561941,-0.09459503322352592,0.05838915163079772,-0.07021824057947113,False,False,0.05794189859851049,0.05794189859851049,0.05801978107614879,0.05801978107614879
1085,18.083333333333332,False,False,49.311036774527686,50.0,79.25038040602931,48.87515733647646,51.26074139556518,47.244533263708846,74.0,-0.6889632254723139,1.678287661545844,1.6950705381613025,1.6919334333665605,1.648372479004171,1.6189463732766136,1.650846601252737,1.6458112063731278,1.6950705381613025,1.5511809952839801,1.710128863564018,1.3289315140070812,1.5511809952839801,1.710128863564018,1.6249027223600128,1.753602729523594,0.06431765719089011,-0.09463021108914771,0.0585321913622916,-0.07016781580128972,False,False,0.05801978107614879,0.05801978107614879,0.05809287275113994,0.05809287275113994
1090,18.166666666666668,False,False,49.339897345897384,50.0,79.26211800707028,48.90404836009459,51.291368573619245,47.26927125171648,74.0,-0.6601026541026158,1.6756107919073897,1.6923668998264636,1.6892527259418033,1.6477514302701566,1.616789725578828,1.650151383308321,1.6452955644513167,1.6923668998264636,1.5506296578200105,1.7097316502254907,1.3283718635572315,1.5506296578200105,1.7097316502254907,1.622247287031115,1.751039227047408,0.06443608577417392,-0.09466590663130625,0.0586723272209444,-0.07011961279534851,False,False,0.05809287275113994,0.05809287275113994,0.058161383434007,0.058161383434007
1095,18.25,False,False,49.36772711631276,50.0,79.27336762150983,48.93190781433285,51.320941191682195,47.29305383186058,74.0,-0.6322728836872429,1.6730043442497677,1.6897343876922655,1.6866432570392615,1.647151704168939,1.6147224971297818,1.6494773757822705,1.6448083553042125,1.6897343876922655,1.5501062213396863,1.7093615387092491,1.3278292875076205,1.5501062213396863,1.7093615387092491,1.6196608318367995,1.7485440288883345,0.06455318340503657,-0.0947021339645262,0.05880964119606902,-0.07007355585546593,False,False,0.058161383434007,0.058161383434007,0.05822551506575473,0.05822551506575473
1100,18.333333333333332,False,False,49.39454768621742,50.0,79.28414630158305,48.95875728876286,51.34948165985367,47.31590162651547,74.0,-0.6054523137825782,1.6704657450954765,1.6871704025464314,1.6841024303625671,1.646573162591422,1.6127413566486741,1.64882458429179,1.6443493060739456,1.6871704025464314,1.5496104017458174,1.7090182513900254,1.327303790353608,1.5496104017458174,1.7090182513900254,1.617140832206632,1.7461146167002934,0.0646689453160798,-0.09473890432812815,0.058944214153862085,-0.07002957033979929,False,False,0.05822551506575473,0.05822551506575473,0.058285461934488386,0.058285461934488386
1105,18.416666666666668,False,False,49.42038108317941,50.0,79.29447075851533,48.984618801598685,51.37701277825879,47.33783561764674,74.0,-0.5796189168205927,1.6679924962690365,1.6846724212317268,1.6816277244534628,1.6460156395510879,1.6108430383795393,1.6481929754392226,1.643918101041254,1.6846724212317268,1.5491418749816743,1.7087014705925536,1.326795345225537,1.5491418749816743,1.7087014705925536,1.6146848384280565,1.7437485469368563,0.0647833695512996,-0.0947762260595797,0.059076125705129545,-0.06998758280367023,False,False,0.058285461934488386,0.058285461934488386,0.05834141089251443,0.05834141089251443
1110,18.5,False,False,49.44524967551752,50.0,79.30435734884061,49.00951471537136,51.40355766052753,47.35887707612745,74.0,-0.5547503244824767,1.6655821747542185,1.6822379965017606,1.6792166926824565,1.645478943632843,1.6090243450874577,1.647582479881406,1.6435143857591357,1.6822379965017606,1.5487002806369246,1.7084108421991893,1.3263038963048075,1.5487002806369246,1.7084108421991893,1.6122904753883143,1.7414434505937095,0.0648964564400536,-0.09481410512221111,0.059205454091948884,-0.06994752111344638,False,False,0.05834141089251443,0.05834141089251443,0.0583935415733799,0.0583935415733799
1115,18.583333333333332,False,False,49.46917609258604,50.0,79.31382206331034,49.033467655170995,51.42913964658436,47.37904748121375,74.0,-0.5308239074139607,1.663232432316861,1.6798647566400295,1.6768669629910118,1.6449628602977486,1.6072821505709387,1.6469929952267117,1.643137771131387,1.6798647566400295,1.5482852261494722,1.7081459798533913,1.3258293611520913,1.5482852261494722,1.7081459798533913,1.60995544209679,1.739197032731547,0.0650082087220043,-0.09485254498191487,0.059332276091517366,-0.06990931454323945,False,False,0.0583935415733799,0.0583935415733799,0.05844202660819879,0.05844202660819879
1120,18.666666666666668,False,False,49.49218315133475,50.0,79.32288051813282,49.05650043647534,51.45378223828441,47.3983684610717,74.0,-0.5078168486652501,1.66094099492097,1.6775504048701797,1.6745762374141684,1.644467154050541,1.605613401730598,1.6464243887676786,1.6427878370685902,1.6775504048701797,1.547896289954159,1.7079064681100358,1.325371632962333,1.547896289954159,1.7079064681100358,1.6076775110141575,1.737007071805742,0.06511863104144555,-0.09489154711443115,0.059456666935562286,-0.06987289385602224,False,False,0.05844202660819879,0.05844202660819879,0.058487031840550256,0.058487031840550256
1125,18.75,False,False,49.51429378877994,50.0,79.33154794830568,49.07863599599085,51.47750902548814,47.4168617245057,74.0,-0.4857062112200623,1.6587056619633498,1.6752927185829833,1.6723422914099497,1.643991570476566,1.6040151202315778,1.6458765000568374,1.64246413605224,1.6752927185829833,1.547533025158104,1.7076918661123344,1.3249305825415378,1.547533025158104,1.7076918661123344,1.605454527212311,1.7348714188268206,0.0652277300600943,-0.09493111089413597,0.05957870024383727,-0.06983819137067226,False,False,0.058487031840550256,0.058487031840550256,0.05852871653962419,0.05852871653962419
1130,18.833333333333332,False,False,49.535531000036954,50.0,79.33983920282405,49.09989733147882,51.500343633252605,47.43454901214634,74.0,-0.4644689999630458,1.6565243053497796,1.6730895484032773,1.6701629730195657,1.643535838154515,1.6024844037946664,1.6453491433330598,1.6421661962946927,1.6730895484032773,1.5471949622359822,1.7075017102886596,1.3245060603860566,1.5471949622359822,1.7075017102886596,1.6032844073870116,1.7327879963736224,0.06533551399396686,-0.09497123405871055,0.05969844797034507,-0.06980514101626567,False,False,0.05852871653962419,0.05852871653962419,0.05856723361097234,0.05856723361097234
1135,18.916666666666668,False,False,49.55591778158221,50.0,79.34776874156705,49.120307442928,51.52230965777042,47.451452037284774,74.0,-0.4440822184177904,1.6543948684336582,1.6709388171179949,1.668036201880317,1.6430996704510792,1.6010184271486934,1.6448421098054922,1.641893524880743,1.6709388171179949,1.546881612322533,1.7073355176465725,1.3240978983958032,1.546881612322533,1.7073355176465725,1.6011651387430694,1.730754797479013,0.06544199276582963,-0.09501191255820984,0.059815980361018095,-0.06977367837492543,False,False,0.05856723361097234,0.05856723361097234,0.05860272980459553,0.05860272980459553
1140,19.0,False,False,49.57547707942674,50.0,79.3553506336819,49.13988928214319,51.54343062354884,47.467592446280904,74.0,-0.4245229205732599,1.6523153648361557,1.6688385184845174,1.665959968111041,1.642682767203407,1.5996144426745609,1.644355169801874,1.6416456105233919,1.6688385184845174,1.5465924695090258,1.7071927880707705,1.3237059116899674,1.5465924695090258,1.7071927880707705,1.5990947777701996,1.7287698844062476,0.0655471775473786,-0.09505314101436602,0.059931365921730206,-0.06974374071431777,False,False,0.05860272980459553,0.05860272980459553,0.05863534591984538,0.05863534591984538
1145,19.083333333333332,False,False,49.594231741899556,50.0,79.36259855730167,49.15866570455772,51.56372993073008,47.482991769903286,74.0,-0.40576825810044426,1.6502838771651425,1.666786715936794,1.6639323310882235,1.642284816295002,1.598269780769169,1.6438880747877813,1.6414219262461303,1.666786715936794,1.5463270136586036,1.7070730071398865,1.3233299002030892,1.5463270136586036,1.7070730071398865,1.5970714489259004,1.7268313873323673,0.06565108089375626,-0.09509491258752667,0.060044671395573346,-0.06971526701089359,False,False,0.05863534591984538,0.05863534591984538,0.05866521700695718,0.05866521700695718
1150,19.166666666666668,False,False,49.612204476752716,50.0,79.36952580044705,49.17665942533275,51.58323081583955,47.497671387048186,74.0,-0.3877955232472843,1.6482985556485632,1.6647815412050488,1.6619514181291337,1.6419054951304697,1.5969818499555326,1.643440559263079,1.6412219318815005,1.6647815412050488,1.546084712598531,1.7069756483201703,1.3229696502079151,1.546084712598531,1.7069756483201703,1.5950933432402368,1.724937502953481,0.0657537164386699,-0.09513721928296937,0.060155961748432185,-0.06968819796481207,False,False,0.05866521700695718,0.05866521700695718,0.05869247256482776,0.05869247256482776
1155,19.25,False,False,49.62941781231463,50.0,79.3761452629764,49.193892982897864,51.601956316406785,47.511652492036845,74.0,-0.3705821876853719,1.6463576166964309,1.6628211928633951,1.660015423096859,1.6415444720143024,1.5957481367635158,1.6430123425416125,1.6410450762205984,1.6628211928633951,1.5458650241524312,1.7069001749991102,1.3226249357504003,1.5458650241524312,1.7069001749991102,1.5931587168559438,1.7230864930253778,0.06585509877851181,-0.09518005206816715,0.060265300161982616,-0.06966247600745135,False,False,0.05869247256482776,0.05869247256482776,0.05871723673486744,0.05871723673486744
1160,19.333333333333332,False,False,49.64589406243148,50.0,79.38246945946044,49.21038870195546,51.619929232174236,47.52495605878317,74.0,-0.3541059375685194,1.6444593414042645,1.6609039348183072,1.6581226049406608,1.6412014074386525,1.5945662054038836,1.642603130419946,1.6408907992176864,1.6609039348183072,1.5456673983639309,1.7068460427104644,1.3222955199822082,1.5456673983639309,1.7068460427104644,1.5912658895160106,1.7212766828516008,0.06595524349277793,-0.09522340085375558,0.06037274803329362,-0.06963804530229667,False,False,0.05871723673486744,0.05871723673486744,0.05873962849070258,0.05873962849070258
1165,19.416666666666668,False,False,49.66165529494956,50.0,79.38851052286974,49.22616866090609,51.63717209585156,47.53760281376442,74.0,-0.3383447050504387,1.6426020740095322,1.6590280947496274,1.6562712861838058,1.6408759552848542,1.593433697256724,1.6422126167407025,1.6407585339927209,1.6590280947496274,1.5454912792761297,1.7068127009150562,1.3219811564785688,1.5454912792761297,1.7068127009150562,1.5894132430096621,1.7195064597299246,0.06605416692233534,-0.09526725471659114,0.06047836498029713,-0.06961485173996529,False,False,0.05873962849070258,0.05873962849070258,0.05875976182352798,0.05875976182352798
1170,19.5,False,False,49.676723303504424,50.0,79.39428020897309,49.241254666511736,51.653707149880006,47.54961321453784,74.0,-0.3232766964955758,1.6407842203115204,1.6571920625146357,1.6544598513697935,1.6405677639432363,1.5923483301937587,1.641840484855841,1.6406477084848121,1.6571920625146357,1.5453361064366615,1.7067995945071643,1.3216815903072074,1.5453361064366615,1.7067995945071643,1.5875992195866075,1.7177742713670896,0.06615188602235222,-0.09531160204815059,0.06058220885245391,-0.06959284292802814,False,False,0.05875976182352798,0.05875976182352798,0.058777745923051086,0.058777745923051086
1175,19.583333333333332,False,False,49.69111958239443,50.0,79.39978990135472,49.25566822638944,51.66955631568716,47.56100742135492,74.0,-0.3088804176055717,1.6390042460639906,1.6553942885246307,1.6526867454768486,1.6402764773555658,1.591307897752618,1.6414864089949794,1.6405577472342885,1.6553942885246307,1.5452013167843288,1.7068061657024343,1.3213965592437036,1.5452013167843288,1.7068061657024343,1.5858223203483681,1.7160786242706123,0.06624841846814578,-0.09535643044995967,0.060684335745981643,-0.06957196817626254,False,False,0.058777745923051086,0.058777745923051086,0.05879368535384243,0.05879368535384243
1180,19.666666666666668,False,False,49.704865304328074,50.0,79.40505061696699,49.269430526471076,51.684741176016715,47.5718052808267,74.0,-0.2951346956719263,1.6372606753490229,1.653633282102513,1.65095047230949,1.6400017359842785,1.5903102681798074,1.6411500555436693,1.6404880729259275,1.653633282102513,1.545086345911275,1.7068318553013253,1.3211257947086326,1.545086345911275,1.7068318553013253,1.584081103624634,1.714418082125621,0.06634378237539784,-0.09540172701465255,0.06078480002310793,-0.06955217847787898,False,False,0.05879368535384243,0.05879368535384243,0.05880768022703794,0.05880768022703794
1185,19.75,False,False,49.717981300846496,50.0,79.4100730121429,49.28256241302355,51.699282956533544,47.582026308933024,74.0,-0.28201869915350386,1.635552088939555,1.6519076098289505,1.6492495928751274,1.6397431777124614,1.589353383357809,1.6408310842362879,1.640438107711725,1.6519076098289505,1.5449906293711344,1.7068761039984877,1.3208690228072102,1.5449906293711344,1.7068761039984877,1.582374183341689,1.7127912641637526,0.06643799628676272,-0.09544747834059053,0.06088365433480214,-0.06953342648726157,False,False,0.05880768022703794,0.05880768022703794,0.05881982636743377,0.05881982636743377
1190,19.833333333333332,False,False,49.730488045231816,50.0,79.41486738900032,49.29508437450623,51.71320250758125,47.59168967418325,74.0,-0.2695119547681841,1.633877122657323,1.6502158938838962,1.6475827237527207,1.6395004386783691,1.5884352576306027,1.6405291492680563,1.6404072745520353,1.6502158938838962,1.544913603987955,1.7069383536929061,1.3206259651639358,1.544913603987955,1.7069383536929061,1.5807002273892317,1.711196843530444,0.06653107914087086,-0.09549367056408031,0.06098094964654788,-0.06951566649466456,False,False,0.05881982636743377,0.05881982636743377,0.05883021547574026,0.05883021547574026
1195,19.916666666666668,False,False,49.742405637724055,50.0,79.41944370217627,49.307016526100725,51.726520290289486,47.60081418479272,74.0,-0.25759436227594534,1.6322344657321586,1.64855681038948,1.645948535459838,1.639273154048089,1.5875539765407398,1.6402439003304528,1.6403949984281099,1.64855681038948,1.544854708959477,1.7070180485923627,1.320396339771878,1.544854708959477,1.7070180485923627,1.5790579559911746,1.7096335456561955,0.06662305016425285,-0.0955402894686328,0.06107673526671542,-0.0694988543983055,False,False,0.05883021547574026,0.05883021547574026,0.05883893528620674,0.05883893528620674
1200,20.0,False,False,49.75385486463968,50.0,79.42381156583565,49.31847979398274,51.739426051275345,47.60957447649151,74.0,-0.24614513536032234,1.6306228591679297,1.646929087759609,1.644345750823685,1.6390609587297964,1.5867076954901047,1.6399749835741324,1.6403955472119378,1.646929087759609,1.5448051305436954,1.7071063799011645,1.3201757451469804,1.5448051305436954,1.7071063799011645,1.5774461400853734,1.7081001466367614,0.06671083268922673,-0.09559041666824242,0.06117105887715235,-0.06948294767423557,False,False,0.05883893528620674,0.05883893528620674,0.05886027611359303,0.05886027611359303
1205,20.083333333333332,False,False,49.76493669208113,50.0,79.42797940824421,49.3295752625066,51.751967796530415,47.61801468007373,74.0,-0.2350633079188711,1.6290414406316323,1.6453318550379485,1.6427731433610675,1.6388635333362576,1.5858948001048494,1.6397220398777324,1.6404040624093796,1.6453318550379485,1.5447627339379266,1.7072012177003546,1.3199605251269988,1.5447627339379266,1.7072012177003546,1.5758641767029435,1.7065960486129195,0.06679715529097496,-0.09564132847145301,0.06126419357497093,-0.069467678335005,False,False,0.05886027611359303,0.05886027611359303,0.05889245877604935,0.05889245877604935
1210,20.166666666666668,False,False,49.77587862397367,50.0,79.43195382167772,49.340530712065274,51.76449589030421,47.626457220054036,74.0,-0.2241213760263321,1.6274896645543122,1.6437645611998553,1.6412301126579316,1.638680641605121,1.585114028475285,1.6394847126710779,1.6404091173531015,1.6437645611998553,1.54471063399445,1.7072856816644715,1.3197417734237662,1.54471063399445,1.7072856816644715,1.5743115937736833,1.705120784576349,0.06687656431137001,-0.09569848335865139,0.06135622337649371,-0.06945296742617191,False,False,0.05889245877604935,0.05889245877604935,0.058954112005558,0.058954112005558
1215,20.25,False,False,49.78733392064302,50.0,79.43573867933958,49.352000212499014,51.77788219262458,47.635704438050865,74.0,-0.21266607935697834,1.6259677272227366,1.642227404494964,1.639716189175016,1.6385121807420113,1.5843646375556282,1.639262673526688,1.6403773011555132,1.642227404494964,1.5446061938429017,1.707317139685034,1.3194931111508141,1.5446061938429017,1.707317139685034,1.5727890536559803,1.7036750218999845,0.06693983852952079,-0.09577110731261151,0.06144761740502047,-0.06943835083898375,False,False,0.058954112005558,0.058954112005558,0.05910701787822402,0.05910701787822402
1220,20.333333333333332,False,False,49.8007070745691,50.0,79.43933053904418,49.36539001572073,51.79392441216288,47.647410635366796,74.0,-0.19929292543090327,1.6244780037258635,1.6407227837631222,1.6382320377779824,1.6383584313876773,1.5836472738912266,1.6390556372401186,1.6402361172334168,1.6407227837631222,1.5443607654804545,1.707206948461806,1.3191572097064181,1.5443607654804545,1.707206948461806,1.571300117821206,1.70226232702285,0.0669708312283892,-0.09587535175296225,0.06153954325972788,-0.06942266594191615,False,False,0.05910701787822402,0.05910701787822402,0.05946238750127061,0.05946238750127061
1225,20.416666666666668,False,False,49.81897877015976,50.0,79.4427089057298,49.38368457629644,51.816470142467715,47.665116436523,74.0,-0.1810212298402405,1.6230275532401217,1.639257828772523,1.636781222422028,1.638220590201318,1.582965816746447,1.6388634165008804,1.6398310672589105,1.639257828772523,1.5437840620269767,1.7067648257589978,1.3186117496860335,1.5437840620269767,1.7067648257589978,1.5698542876907997,1.7008922062875873,0.06693375850008731,-0.09604700523193377,0.06163437751506429,-0.06940354108172331,False,False,0.05946238750127061,0.05946238750127061,0.060253895692801006,0.060253895692801006
1230,20.5,False,False,49.84817063289974,50.0,79.44581699876808,49.412913250149245,51.85315372814035,47.6958472547454,74.0,-0.1518293671002624,1.6216333711380941,1.6378497048494751,1.6353732469891935,1.638101825535864,1.5823310172060876,1.638686087978812,1.6388493205483428,1.6378497048494751,1.542497715479691,1.7056124081609652,1.317609002885047,1.542497715479691,1.7056124081609652,1.5684737689194153,1.6995868702240329,0.0667630876126224,-0.0963516050686517,0.061737165374557756,-0.06937593593005986,False,False,0.060253895692801006,0.060253895692801006,0.061934758401192176,0.061934758401192176
1235,20.583333333333332,False,False,49.899795839905494,50.0,79.44852364975222,49.46460440173924,51.91839218518557,47.75287169957181,74.0,-0.10020416009450628,1.620332492269177,1.636535817191869,1.634030319571724,1.6380093729550993,1.5817677053326658,1.6385243511462853,1.6366921385681963,1.636535817191869,1.5397867109267183,1.7030346852867593,1.3156749102634877,1.5397867109267183,1.7030346852867593,1.5672059197165684,1.6983936818712981,0.06634254671856299,-0.09690542764147803,0.06185786467942922,-0.0693298974753005,False,False,0.061934758401192176,0.061934758401192176,0.06532901236461836,0.06532901236461836
1240,20.666666666666668,False,False,49.99462277401665,50.0,79.45055297837311,49.5595552789261,52.03777523884701,47.85974840959355,74.0,-0.0053772259833522185,1.619200169169595,1.6353921708612909,1.6327998007939333,1.6379584135482814,1.5813280796064244,1.6383802809080954,1.6322801536241058,1.6353921708612909,1.5343833062758574,1.697763919519902,1.3119551729330396,1.5343833062758574,1.697763919519902,1.5661454388020644,1.6974073447336258,0.06548376589579608,-0.09789684734824844,0.062015173872334906,-0.06924673205922649,False,False,0.06532901236461836,0.06532901236461836,0.07183736009198166,0.07183736009198166
1245,20.75,False,False,50.16788493289968,50.0,79.45136292549125,49.73305331134243,52.25398104693367,48.05579567340434,74.0,0.16788493289968187,1.618380368808938,1.6345641724970275,1.6317763917678452,1.63797879040047,1.5811146133142426,1.6382588270390233,1.6237889596096466,1.6345641724970275,1.524182936582479,1.6876955503372462,1.3050065104186162,1.524182936582479,1.6876955503372462,1.5654707081512564,1.6968062455260666,0.06390659072759952,-0.09960602302716759,0.06224207302903917,-0.06909346434577102,False,False,0.07183736009198166,0.07183736009198166,0.08367319149601735,0.08367319149601735
1250,20.833333333333332,False,False,50.47557366987723,50.0,79.44994965200976,50.04119091492368,52.63350538528584,48.402363836641754,74.0,0.47557366987722816,1.6181331564393955,1.6343144880037894,1.6311384768386614,1.6381258407775978,1.5813167760198257,1.6381706226777373,1.6083466330931515,1.6343144880037894,1.5059430958905344,1.6695870761509444,1.2925583382978858,1.5059430958905344,1.6695870761509444,1.565498968224143,1.6969076294040006,0.06124044305779286,-0.10240353720261708,0.06259314140021122,-0.0688155197796465,False,False,0.08367319149601735,0.08367319149601735,0.10406019955482004,0.10406019955482004
1255,20.916666666666668,False,False,51.000576224634045,50.0,79.44455552930228,50.567047969060745,53.272521751600024,48.98844305547145,74.0,1.0005762246340453,1.6189021523149323,1.6350911738380816,1.631203298814072,1.638496538583287,1.5822653239201887,1.6381369107832955,1.5817860349391595,1.6350911738380816,1.475081197257198,1.6388559143340165,1.271318562346778,1.475081197257198,1.6388559143340165,1.5667624881742623,1.6982437701724415,0.05706987939485697,-0.10670483768196148,0.06315259633435999,-0.06832868566381922,False,False,0.10406019955482004,0.10406019955482004,0.13726567835003317,0.13726567835003317
1260,21.0,False,False,51.85624727302652,50.0,79.43226802119659,51.42435125702831,54.298735228841345,49.93287553757775,74.0,1.8562472730265185,1.6214009201843163,1.6376149293861595,1.6325031291733518,1.6392514446304083,1.58450530430661,1.6381976013240882,1.5386238271120418,1.6376149293861595,1.4257722353662616,1.5896770638346664,1.2369595019729331,1.4257722353662616,1.5896770638346664,1.5701022569513725,1.701655661389133,0.05105323672262463,-0.11285159174578019,0.06404073200297344,-0.06751267243478698,False,False,0.13726567835003317,0.13726567835003317,0.18829385763947484,0.18829385763947484
1265,21.083333333333332,False,False,53.18386566231146,50.0,79.4085179101541,52.755090186200896,55.864942062246406,51.37946800241039,74.0,3.1838656623114616,1.6267089436234892,1.642976033059724,1.6358789591702527,1.6406413386440186,1.5888831153782244,1.6384234770080535,1.472490599798857,1.642976033059724,1.3515765395611763,1.5156108582102141,1.1844605663864514,1.3515765395611763,1.5156108582102141,1.5767656751502823,1.7083907082137815,0.043120258411357026,-0.12091406023768081,0.06541467515405741,-0.06621035790944174,False,False,0.18829385763947484,0.18829385763947484,0.2620587352217858,0.2620587352217858
1270,21.166666666666668,False,False,55.13996291584797,50.0,79.36651647969181,54.717089389244514,58.129876070107365,53.48117516900106,74.0,5.139962915847967,1.6363560206783005,1.6527195808850836,1.642578191682032,1.6430347245018817,1.5966336108274315,1.6389331426811837,1.3771755850703813,1.6527195808850836,1.2467112002274965,1.4108743920104234,1.1089338725237667,1.2467112002274965,1.4108743920104234,1.5884815618277552,1.7201777342253683,0.033698806940042125,-0.1304643848428848,0.06745815334028471,-0.0642380190573284,False,False,0.2620587352217858,0.2620587352217858,0.3619403198257135,0.3619403198257135
1275,21.25,False,False,57.8705105620565,50.0,79.29670509977267,57.45847715950988,61.22424213569833,56.37125000806791,74.0,7.870510562056502,1.6523608710105875,1.6688844797206934,1.654329648026562,1.6469389587039251,1.6094415327063893,1.6399142163259817,1.2482037297667374,1.6688844797206934,1.1077597027399195,1.2720511547254008,1.006859946515624,1.1077597027399195,1.2720511547254008,1.6074727531153186,1.7392395800353542,0.02384742495866332,-0.1404440270268179,0.07035510031466075,-0.06141172660537486,False,False,0.3619403198257135,0.3619403198257135,0.4878299810085123,0.4878299810085123
1280,21.333333333333332,False,False,61.472013737078846,50.0,79.18631776945882,61.07892185957894,65.20572104115342,60.12302663479311,74.0,11.472013737078846,1.677180550913172,1.6939523564223038,1.6733561665753363,1.6530044937416617,1.629440926956448,1.6416463486184543,1.0845292097806123,1.6939523564223038,0.9352838785965606,1.099702981920715,0.877387896341179,0.9352838785965606,1.099702981920715,1.6363600096910182,1.7681970107598342,0.015173772140102626,-0.1492453311840517,0.07424465433753036,-0.05759234673128555,False,False,0.4878299810085123,0.4878299810085123,0.6340685285895071,0.6340685285895071
1285,21.416666666666668,False,False,65.9445658203794,50.0,79.01917637613747,65.58236613838471,70.01628798032951,64.70395499250283,74.0,15.944565820379395,1.7135288246535154,1.7306641129000506,1.702278510225426,1.6620002306919104,1.6591122029370138,1.6445210821620875,0.8898863359566349,1.7306641129000506,0.734944727669014,0.8994908774882877,0.7233046562231267,0.734944727669014,0.8994908774882877,1.6779182722682795,1.809824971508786,0.0096045415316528,-0.15494160828762094,0.07916085860873534,-0.052745840631771124,False,False,0.6340685285895071,0.6340685285895071,0.7879804897249566,0.7879804897249566
1290,21.5,False,False,71.14764494196021,50.0,78.77586703406207,70.83168480319678,75.46424626712007,69.92760500885164,74.0,21.14764494196021,1.7640402459922475,1.7816806484521701,1.7438716218885326,1.6747500576712466,1.7010453492228224,1.6490509237909055,0.6740127722817306,1.7816806484521701,0.518727923109003,0.683400518553851,0.5518019617820301,0.518727923109003,0.683400518553851,1.7346731031850473,1.8666490289756033,0.009387746272120356,-0.15528484917272767,0.08496838052343314,-0.04700754526712281,False,False,0.7879804897249566,0.7879804897249566,0.9298522208955511,0.9298522208955511
1295,21.583333333333332,False,False,76.77357457075288,50.0,78.43451340574508,76.52011717983933,81.22097550299276,75.39466250756203,74.0,26.773574570752885,1.8307942554786283,1.8491021980334146,1.8006610660803253,1.6920275627054613,1.7575634719780835,1.6558583906825664,0.45472341365230023,1.8491021980334146,0.3074630345328394,0.4722614786622078,0.3759906916016462,0.3074630345328394,0.4722614786622078,1.808370738063259,1.9404154230969477,0.017538065009907566,-0.14726037911946083,0.09131322506353312,-0.04073145997015559,False,False,0.9298522208955511,0.9298522208955511,1.0350283702300729,1.0350283702300729
1300,21.666666666666668,False,False,82.35347848975019,50.0,77.97247389226439,82.17489005027113,86.62292218044284,80.48985017030742,74.0,32.35347848975019,1.9147640558743677,1.9339116964331113,1.8743930805801035,1.714417345122707,1.8302415714345575,1.6656365437901315,0.2571637082573034,1.9339116964331113,0.12801008817503226,0.29293378793161334,0.2155335537107476,0.12801008817503226,0.29293378793161334,1.8994096260313054,2.031522607275599,0.03577007967430995,-0.12915362008227113,0.09761091084248763,-0.03450207040180597,False,False,1.0350283702300729,1.0350283702300729,1.0782424848617216,1.0782424848617216
1305,21.75,False,False,87.30455008899216,50.0,77.3693666196832,87.20316670833216,90.24088671586492,84.88826780762481,74.0,37.30455008899216,2.0153034993528696,2.035456534346398,1.9654661166534522,1.742164787034391,1.9194018133666082,1.6790767041059351,0.09604077272460927,2.035456534346398,-0.013380276037730336,0.15166809012852905,0.08462109988627163,-0.013380276037730336,0.15166809012852905,2.006366022003437,2.1385468406602293,0.05562731740391978,-0.1094210487623396,0.10309030631383109,-0.029090512342961006,False,False,1.0782424848617216,1.0782424848617216,1.0394657388776913,1.0394657388776913
1310,21.833333333333332,False,False,91.01611461189819,50.0,76.61168658737158,86.44600916951462,86.93031758459642,80.46910390288723,74.0,41.01611461189819,2.1298115573910046,2.151109672964915,2.072456431331833,1.775047087191113,2.023702328245693,1.6967667512593536,0.1061705725281172,2.151109672964915,0.09479856500138394,0.2599710121563291,0.08462109988627163,0.09479856500138394,0.2599710121563291,2.125759574807412,2.2580077762734327,0.15380043962821194,-0.011372007526733258,0.1068981033085179,-0.025350098157502998,False,False,1.0394657388776913,1.0394657388776913,0.9097575298362328,0.9097575298362328
1315,21.916666666666668,False,False,92.95862168479309,50.0,75.6987185485535,85.98701861323546,88.7616555128921,82.34669712430943,74.0,42.95862168479309,2.253700686621164,2.276237693487376,2.1918836755404225,1.8123017387471583,2.139944222241633,1.7190732151244024,0.1061705725281172,2.276237693487376,0.027305129204073953,0.19260107568076346,0.08462109988627163,0.027305129204073953,0.19260107568076346,2.252172086097129,2.384487219924728,0.08643050315264626,-0.07886544332404324,0.10824952643735175,-0.024065607390247212,False,False,0.9097575298362328,0.9097575298362328,0.6952233773012455,0.6952233773012455
1320,22.0,False,False,92.6572756609281,50.0,74.64845616663739,85.50664959641925,86.87320668101825,80.10031091618313,74.0,42.65727566092809,2.3807370623234334,2.404544432946668,2.3183296530109283,1.8526410478285653,2.2631900055384575,1.7460293828639273,0.1061705725281172,2.404544432946668,0.07112607670580981,0.2365449445495782,0.08462109988627163,0.07112607670580981,0.2365449445495782,2.3787549384485995,2.5111365583068914,0.13037437202146102,-0.035044495822307384,0.10659212536022356,-0.025789494498068333,False,False,0.6952233773012455,0.6952233773012455,0.3989261206765906,0.3989261206765906
1325,22.083333333333332,False,False,91.52085401549263,50.0,73.50315205649997,85.03431627795446,87.45335782186396,80.61742755080385,74.0,41.52085401549263,2.503276153183052,2.5283089147148825,2.4449457483777453,1.8943037916824927,2.3870069963256326,1.7772596933566638,0.1061705725281172,2.5283089147148825,0.04317879518492196,0.20872001011231314,0.08462109988627163,0.04317879518492196,0.20872001011231314,2.4973034220610058,2.6297510856973885,0.10254943758419595,-0.06299177734319523,0.10144217098250596,-0.031005492653876754,False,False,0.3989261206765906,0.3989261206765906,0.28142400374897825,0.28142400374897825
1330,22.166666666666668,False,False,90.28830328817799,50.0,72.3056076680113,84.581446689305,86.45121283799085,79.41317059318689,74.0,40.288303288177985,2.618758112797619,2.644945693925595,2.5635272538791973,1.9359163693784884,2.5065917405670524,1.8119071177673263,0.1061705725281172,2.644945693925595,0.060368174848154925,0.2260311662065457,0.08462109988627163,0.060368174848154925,0.2260311662065457,2.6090098157206643,2.7415230849226875,0.11986059367842851,-0.04580239767996227,0.0965773909970924,-0.03593587820493083,False,False,0.28142400374897825,0.28142400374897825,0.26057486119782175,0.26057486119782175
1335,22.25,False,False,89.08047691782403,50.0,71.07547976193054,84.14951494827157,86.51230787018433,79.38645306849634,74.0,39.08047691782403,2.727228203618916,2.754500485655105,2.6752664503216756,1.9770342370085185,2.620604365957276,1.848772388537516,0.1061705725281172,2.754500485655105,0.048640556771381474,0.21442475749928466,0.08462109988627163,0.048640556771381474,0.21442475749928466,2.7135541646498287,2.8461326052074267,0.10825418497116747,-0.05753001575673572,0.09163211955232153,-0.04094632100527651,False,False,0.26057486119782175,0.26057486119782175,0.2558190795913991,0.2558190795913991
1340,22.333333333333332,False,False,87.92421192369872,50.0,69.82116604206287,83.73819917797836,85.90594792758515,78.64553315422056,74.0,37.92421192369872,2.829126662125152,2.8574179287464037,2.7798433849286277,2.0175872275914424,2.7290714675940313,1.8868337172846577,0.1061705725281172,2.8574179287464037,0.05536715907510141,0.22127200566313288,0.006044641311700617,0.05536715907510141,0.22127200566313288,2.8119897755789496,2.944632957247027,0.11510143313501568,-0.05080341345301578,0.08721502850062324,-0.04542815316745408,False,False,0.2558190795913991,0.2558190795913991,0.2549775709891281,0.2549775709891281
1345,22.416666666666668,False,False,86.82690286179877,50.0,68.5485853479386,86.71762882702444,87.6102723990556,84.12916664097958,74.0,36.82690286179877,2.924954048008423,2.9542035884885074,2.878311366412988,2.05757141828432,2.832247019832396,1.925437378894433,0.020148633527333003,2.9542035884885074,-0.08725089580088298,0.07877403665161553,0.023144861943592332,-0.08725089580088298,0.07877403665161553,2.90448552220317,3.037193018664531,0.05862540312428253,-0.10739952932821598,0.08298943017602367,-0.04971806628533759,False,False,0.2549775709891281,0.2549775709891281,0.25555017393127943,0.25555017393127943
1350,22.5,False,False,85.78933732276607,50.0,67.26262277081653,85.663248614778,86.07547714678924,78.69344202723715,74.0,35.78933732276607,3.0152041076609253,3.0453561487375347,2.97083927043385,2.0970000328807785,2.9304307591483476,1.964208700940715,0.03935314607924738,3.0453561487375347,0.033723873441704216,0.19986833523899006,0.03788212312870201,0.033723873441704216,0.19986833523899006,2.9917371784497413,3.124508567278375,0.16051518915974267,-0.005629272637543162,0.07915241854084032,-0.05361897028779339,False,False,0.25555017393127943,0.25555017393127943,0.2566748987640376,0.2566748987640376
1355,22.583333333333332,False,False,84.80952986252868,50.0,65.96747946957989,84.66797184787303,87.03923043189046,80.46165060530859,74.0,34.80952986252868,3.100342918797945,3.1313463479859247,3.0581228728640584,2.1358920959630856,3.023926719329337,2.0029370004242213,0.05633596160141678,3.1313463479859247,-0.016787820600790176,0.14947561746047,0.0508160061732724,-0.016787820600790176,0.14947561746047,3.074060003378259,3.206894866002963,0.09313965585905322,-0.07312378220220696,0.0755485180170381,-0.05728634460766591,False,False,0.2566748987640376,0.2566748987640376,0.2579721497200951,0.2579721497200951
1360,22.666666666666668,False,False,83.88435852043418,50.0,64.66682654090737,83.7285585662075,85.27123923663902,77.70384097228319,74.0,33.884358520434176,3.1808017901915138,3.212609808093429,3.140477434690611,2.174268259181361,3.113028663243262,2.041501079895086,0.07155938506302846,3.212609808093429,0.039220831879404075,0.20560269652619226,0.06231849933460581,0.039220831879404075,0.20560269652619226,3.1519511011903787,3.2848490228587206,0.13404331146316378,-0.032338553183624386,0.07223921476529149,-0.06065870690305042,False,False,0.2579721497200951,0.2579721497200951,0.2592685115220789,0.2592685115220789
1365,22.75,False,False,83.01032714698931,50.0,63.36389583168964,82.84139777806986,85.5507196886787,77.96292365775167,74.0,33.01032714698931,3.2569758917442373,3.2895456506616796,3.21840006202455,2.212148979484888,3.19801436194024,2.0798284040808093,0.08534615834423676,3.2895456506616796,0.025091764938941274,0.19159150985927992,0.07265286433425899,0.025091764938941274,0.19159150985927992,3.225734219194069,3.3586947889366985,0.10624535151504316,-0.06025439340529548,0.0691491382750189,-0.06381143146761037,False,False,0.2592685115220789,0.2592685115220789,0.2604878145205014,0.2604878145205014
1370,22.833333333333332,False,False,82.18391928887002,50.0,62.06154063649022,82.00286641289983,84.13159993938076,76.38973831642836,74.0,32.183919288870015,3.3292254199270626,3.3625176741263334,3.2922145040653836,2.2495537335407607,3.2791437328092257,2.11787376090423,0.09793208755991145,3.3625176741263334,0.05378020486275864,0.2203972870758317,0.08201391290454013,0.05378020486275864,0.2203972870758317,3.2957855402231906,3.4288083508184646,0.12246519951592025,-0.04415188269715281,0.06629067669213118,-0.06673213390314281,False,False,0.2604878145205014,0.2604878145205014,0.26160022710857245,0.26160022710857245
1375,22.916666666666668,False,False,81.40175694872448,50.0,60.76228029040946,81.20948963375207,83.87679158936658,76.07650637669913,74.0,31.401756948724483,3.3978778171897805,3.4318565953616784,3.3622969455208276,2.286500719478386,3.3566587497478872,2.1556080951636893,0.10949560033504895,3.4318565953616784,0.053582759587008685,0.22031663940843377,0.09055073165059185,0.053582759587008685,0.22031663940843377,3.3623953615087028,3.4954800094476615,0.11082103907338482,-0.05591284074804026,0.06362341408598304,-0.06946123385297565,False,False,0.26160022710857245,0.26160022710857245,0.2625978566144239,0.2625978566144239
1380,23.0,False,False,80.66066631083636,50.0,59.46833570330418,80.45800658388798,82.91499771995521,75.03851940806825,74.0,30.660666310836362,3.4632303489208933,3.4978626524101024,3.428937685478182,2.3230067873735054,3.430784144659059,2.1930124986192943,0.12017554904587087,3.4978626524101024,0.07041369139885298,0.23726383240652094,0.09838045845285706,0.07041369139885298,0.23726383240652094,3.4258593762186007,3.55900546167026,0.11708828336065007,-0.04976185764701789,0.061142809260157804,-0.07200327619150171,False,False,0.2625978566144239,0.2625978566144239,0.26348303920322635,0.26348303920322635
1385,23.083333333333332,False,False,79.95769924961144,50.0,58.18165941535304,79.74539128851407,82.46214631690185,74.5346153375864,74.0,29.957699249611437,3.5255527162265254,3.5608082433887907,3.4924324189444302,2.3590874746707735,3.50172843374164,2.2300748181727976,0.13008251132805526,3.5608082433887907,0.07518603811576918,0.24215190711624054,0.10559709700305575,0.07518603811576918,0.24215190711624054,3.4864254835941995,3.6196326103711707,0.11206939578818528,-0.05489647321228608,0.05882436698238003,-0.07438275979459119,False,False,0.26348303920322635,0.26348303920322635,0.26426269900920896,0.26426269900920896
1390,23.166666666666668,False,False,79.29013394941038,50.0,56.903961980938135,79.06885244096023,81.72785909496935,73.75550070044089,74.0,29.290133949410375,3.5850895610748914,3.6209404566856405,3.553029046982685,2.3947570872497517,3.569685047939335,2.2667876216107703,0.13930626546743952,3.6209404566856405,0.08657722751148623,0.253658294506934,0.1122774014640072,0.08657722751148623,0.253658294506934,3.544331314138912,3.677599089663349,0.11435202903949448,-0.05272903795595328,0.05665863297770857,-0.07660914254672857,False,False,0.26426269900920896,0.26426269900920896,0.26494560911474097,0.26494560911474097
1395,23.25,False,False,78.65546584702275,50.0,55.63673560491366,78.42582348167784,81.22051525314818,73.21113120864626,74.0,28.655465847022754,3.642062804734309,3.6784834327816522,3.6109652019011307,2.4300287976937938,3.634833464373791,2.303146894386506,0.14792090609926162,3.6784834327816522,0.09280021887581959,0.25999595703150663,0.11848494528244374,0.09280021887581959,0.25999595703150663,3.5997843912074985,3.733112426477351,0.11207505093224501,-0.05512068722344203,0.054628993695698735,-0.07869904157415375,False,False,0.26494560911474097,0.26494560911474097,0.26554104964202413,0.26554104964202413
1400,23.333333333333332,False,False,78.0513943443935,50.0,54.38127552798491,77.81394847808095,80.60985038435297,72.57170597735582,74.0,28.0513943443935,3.696673800227977,3.7336405382302567,3.6664484088424247,2.4649147471095465,3.6973402917351996,2.3391511516471253,0.15598844800069855,3.7336405382302567,0.10146354208320599,0.26877342769548834,0.12427301949514914,0.10146354208320599,0.26877342769548834,3.652978084630308,3.7863659941859065,0.11278497969478979,-0.05452490591749257,0.052725455955649814,-0.0806624535999485,False,False,0.26554104964202413,0.26554104964202413,0.2660581482125827,0.2660581482125827
1405,23.416666666666668,False,False,77.47580797586966,50.0,53.13869945583824,77.23106653415526,80.10601305496462,72.04276335247938,74.0,27.475807975869657,3.7491052981640833,3.7865963511457243,3.719672039408107,2.4994261439952066,3.7573602895924414,2.3748008019796156,0.1635614290799822,3.7865963511457243,0.10780024671990074,0.2752237591847443,0.12968675118540887,0.10780024671990074,0.2752237591847443,3.704084738343939,3.8375321402348774,0.11166233010476209,-0.05576118236008146,0.05093578908915308,-0.08251161280178554,False,False,0.2660581482125827,0.2660581482125827,0.26650556074065657,0.26650556074065657
1410,23.5,False,False,76.9267693693945,50.0,51.90996523251116,76.67519606941195,79.57166508344623,71.48956276850187,74.0,26.926769369394506,3.7995232338395692,3.837518466177965,3.770808439289408,2.5335733571646872,3.8150373146677237,2.4100976745941836,0.17068483250686767,3.837518466177965,0.1149182568543421,0.2824548786363459,0.13476468719668447,0.1149182568543421,0.2824548786363459,3.7532628724396218,3.886769388191964,0.11177004612947822,-0.055766575652525574,0.049250922013999165,-0.08425559373834313,False,False,0.26650556074065657,0.26650556074065657,0.2668913264147855,0.2668913264147855
1415,23.583333333333332,False,False,76.40250067208693,50.0,50.69588691436457,76.14451963365856,79.09276154728856,70.99432974768146,74.0,26.40250067208693,3.8480783471919646,3.8865591306638843,3.8200161303157927,2.567366001489719,3.8705051935047825,2.4450446595080906,0.17739753406085584,3.8865591306638843,0.12089736284749056,0.2885465794494032,0.13954000183216522,0.12089736284749056,0.2885465794494032,3.8006552588022955,3.934220513386078,0.11114904538854736,-0.056500171213365286,0.04766138272219367,-0.08590387186158877,False,False,0.2668913264147855,0.2668913264147855,0.2672228142864359,0.2672228142864359
1420,23.666666666666668,False,False,75.90136976839253,50.0,49.49714937915312,75.63736959472507,78.61214071523258,70.50161002832948,74.0,25.901369768392527,3.8949076484786076,3.933856724963394,3.8674378860941867,2.6008130161164726,3.923888524063049,2.479645429897096,0.1837334106668095,3.933856724963394,0.1270139044445281,0.294775204377251,0.14404143376382308,0.1270139044445281,0.294775204377251,3.846392490908356,3.9800161127053975,0.11104179371044151,-0.05671950622228142,0.04615938774200368,-0.08746423405503778,False,False,0.2672228142864359,0.2672228142864359,0.267506719123655,0.267506719123655
1425,23.75,False,False,75.42187743826483,50.0,48.31432159218829,75.15221481992332,78.16448127478321,70.04384389753531,74.0,25.42187743826483,3.9401357426995585,3.9795371001265543,3.9132043018068767,2.6339227352751506,3.975303410230389,2.513904226393819,0.18972220287714664,3.9795371001265543,0.13250064331988787,0.30037351807295365,0.14829402413529352,0.13250064331988787,0.30037351807295365,3.8905928687376456,4.024274489509665,0.11065131519580701,-0.05722155955725877,0.04473738938311067,-0.08894423138890861,False,False,0.267506719123655,0.267506719123655,0.2677490839810748,0.2677490839810748
1430,23.833333333333332,False,False,74.962645504455,50.0,47.14786864271288,74.68764841243821,77.72577721637109,69.59784051018572,74.0,24.962645504454997,3.983876025342218,4.02371478559564,3.957433679123655,2.6667029520380185,4.024858133862302,2.547825689205811,0.19539019477515468,4.02371478559564,0.13788730357043835,0.30587124758295686,0.15231970583467958,0.13788730357043835,0.30587124758295686,3.933364395203474,4.067103650060496,0.11048105280780218,-0.05750289120471633,0.04338886446485546,-0.09035039039216608,False,False,0.2677490839810748,0.2677490839810748,0.26795533697415574,0.26795533697415574
1435,23.916666666666668,False,False,74.52240596323882,50.0,45.99816265596948,74.2423764781551,77.30968902224879,69.17602889972358,74.0,24.522405963238825,4.0262317613114105,4.066494078924524,4.000234022631985,2.6991609754974446,4.072653769124977,2.581414727676762,0.20076075667775511,4.066494078924524,0.14287253992011828,0.3109670505521798,0.15613777957801178,0.14287253992011828,0.3109670505521798,3.974805255804472,4.108601783173532,0.11020629387442471,-0.057888216757636834,0.042107704249008115,-0.09168882312005211,False,False,0.26795533697415574,0.26795533697415574,0.2681303350390676,0.2681303350390676
1440,24.0,False,False,74.09999106230165,50.0,44.86549267917135,73.81520788478868,76.905901846472,68.76839793708446,74.0,24.099991062301655,4.067297058074247,4.107970028654989,4.041703519489002,2.7313036818841026,4.118784743849484,2.6146764193934624,0.20585478297207374,4.107970028654989,0.14768079345176977,0.3158853709562981,0.1597653024137344,0.14768079345176977,0.3158853709562981,4.015005082444665,4.148858524038816,0.11003058798422435,-0.058173989520303976,0.04088849538382622,-0.09296494621032458,False,False,0.2681303350390676,0.2681303350390676,0.26827841038401223,0.26827841038401223
1445,24.083333333333332,False,False,73.69432427284858,50.0,43.75007363243806,73.40504495094768,76.51952910898024,68.37939346554685,74.0,23.694324272848576,4.107157743177899,4.148229320609678,4.081931803241741,2.7631375601555175,4.163339352405413,2.647615932686557,0.21069104887728826,4.148229320609678,0.1521981429652945,0.3205122904603391,0.16321740780108485,0.1521981429652945,0.3205122904603391,4.054045569900744,4.187955570688338,0.10982124158305082,-0.05849290591199377,0.03972625007865993,-0.09418375070893426,False,False,0.26827841038401223,0.26827841038401223,0.2684034170352499,0.2684034170352499
1450,24.166666666666668,False,False,73.30441209471495,50.0,42.65205440875158,73.01087500961587,76.14592609631866,68.00443510285103,74.0,23.304412094714948,4.1458921554361305,4.187351076990492,4.121000570294541,2.7946687525728113,4.206400224336548,2.680238467664564,0.21528650349309827,4.187351076990492,0.15652347433750427,0.324946697778966,0.16650757139273084,0.15652347433750427,0.324946697778966,4.092001360715369,4.225967568889639,0.10966019428586773,-0.058763029155594004,0.0386164918991474,-0.09534971627512245,False,False,0.2684034170352499,0.2684034170352499,0.26850877591072775,0.26850877591072775
1455,24.25,False,False,72.92933663011084,50.0,41.57152520020126,72.6317627647528,75.7867714722473,67.6448304912976,74.0,22.92933663011084,4.183571858252264,4.225407576834787,4.158984464802504,2.8259030907583518,4.248044752704699,2.712549211909732,0.21965651265645647,4.225407576834787,0.1606176059295817,0.3291494140843611,0.1696478333280993,0.1606176059295817,0.3291494140843611,4.128940635891364,4.262962702840283,0.10949290142790463,-0.05903890672687476,0.03755512600549604,-0.09646694094342312,False,False,0.26850877591072775,0.26850877591072775,0.2685975175037207,0.2685975175037207
1460,24.333333333333332,False,False,72.56824886168886,50.0,40.508524121305605,72.26684337757806,75.43979247816787,67.29827627387753,74.0,22.568248861688858,4.220262282765465,4.26246490559312,4.195951669365823,2.8568461276950194,4.288345485782193,2.744553307739514,0.223815061600817,4.26246490559312,0.1645272121571259,0.3331671165766872,0.17264898541311596,0.1645272121571259,0.3331671165766872,4.1649257778013515,4.2990033580777816,0.1093520549758702,-0.05928784944369109,0.03653845248466148,-0.09753912779176854,False,False,0.2685975175037207,0.2685975175037207,0.26867232167772176,0.26867232167772176
1465,24.416666666666668,False,False,72.22036257265697,50.0,39.463043194084705,71.91531622104193,75.105317581815,66.96488444580618,74.0,22.220362572656967,4.256023307780489,4.298583540858294,4.231964567939567,2.887503166092508,4.327370485431747,2.776255828553357,0.22777492511568198,4.298583540858294,0.16824238417039333,0.33698989916473665,0.17552072957064413,0.16824238417039333,0.33698989916473665,4.200013885947534,4.334146637239638,0.10921497404905467,-0.05953254094528865,0.035563096381343584,-0.09856965491075975,False,False,0.26867232167772176,0.26867232167772176,0.26873555434837043,0.26873555434837043
1470,24.5,False,False,71.88494884986463,50.0,38.435033753848614,71.57643923591353,74.7820891368308,66.6433384370441,74.0,21.884948849864628,4.290909782770469,4.333818880598174,4.267080261593586,2.9178792835099308,4.365183655222361,2.807661762278041,0.2315478113793688,4.333818880598174,0.17178762776398554,0.3406422703760179,0.17827181271591144,0.17178762776398554,0.3406422703760179,4.234257293732305,4.3684448768342605,0.1090944589966491,-0.05976018361538327,0.03462599623608664,-0.09956158686586924,False,False,0.26873555434837043,0.26873555434837043,0.2687893010071236,0.2687893010071236
1475,24.583333333333332,False,False,71.56133111464867,50.0,37.42441132937977,71.24952382921091,74.46992954980621,66.33332677569739,74.0,21.561331114648667,4.324971999627862,4.368221719624141,4.301351085283283,2.9479793545884223,4.401845041055931,2.8387760003218943,0.23514448427840762,4.368221719624141,0.1751640609247669,0.34412535090506613,0.18091014211299808,0.1751640609247669,0.34412535090506613,4.267704002141376,4.40194608092434,0.10898086662665851,-0.059980423353640705,0.03372436130019896,-0.10051771748276472,False,False,0.2687893010071236,0.2687893010071236,0.2688353971569621,0.2688353971569621
1480,24.666666666666668,False,False,71.2488806303794,50.0,36.43106004631805,70.93393026886343,74.16803557303834,66.03398624331264,74.0,21.248880630379404,4.358256118278214,4.401838679460996,4.3348250415328575,2.9778080707133485,4.437411106823916,2.8696033307685593,0.23857486785118454,4.401838679460996,0.17838641206166872,0.3474538718436319,0.18344288453631635,0.17838641206166872,0.3474538718436319,4.300398091489049,4.434694332872406,0.10887900399244738,-0.060188455789515816,0.032855653411410835,-0.10144058797194688,False,False,0.2688353971569621,0.2688353971569621,0.2688754558018843,0.2688754558018843
1485,24.75,False,False,70.94701243987006,50.0,35.45483659809737,70.62906351869489,73.87606147226397,65.744883605132,74.0,20.947012439870065,4.390804550762331,4.4347125962699545,4.367546212180727,3.007369957393727,4.471934987377419,2.900148434799431,0.24184813605252203,4.4347125962699545,0.1814595800312659,0.35063273470663486,0.18587655160922623,0.1814595800312659,0.35063273470663486,4.332380080157174,4.466730154080056,0.10878459865411283,-0.060388556021256146,0.03201755781010185,-0.1023325161127806,False,False,0.2688754558018843,0.2688754558018843,0.2689108921741575,0.2689108921741575
1490,24.833333333333332,False,False,70.65518168994706,50.0,34.49557382470712,70.3343694705264,73.59342399771278,65.46538397489212,74.0,20.655181689947057,4.422656307931353,4.466882871010667,4.399555117118615,3.036669389616711,4.505466720877593,2.930415885542522,0.2449727902642735,4.466882871010667,0.18439369160207292,0.35367206889683034,0.1882170739115736,0.18439369160207292,0.35367206889683034,4.363687256545861,4.498090835938926,0.10869927863255685,-0.06057909866220057,0.03120796492825839,-0.10319561446480652,False,False,0.2689108921741575,0.2689108921741575,0.2689429459043795,0.2689429459043795
1495,24.916666666666668,False,False,70.37288030443372,50.0,33.55308393584132,70.04933154090672,73.31974152824205,65.19504596836966,74.0,20.37288030443372,4.45384731248253,4.498385785607356,4.4308890462423935,3.065710605407743,4.538053462395806,2.960410148713642,0.24795672637073948,4.498385785607356,0.1871946087525127,0.3565777390031408,0.19046986511543765,0.1871946087525127,0.3565777390031408,4.3943539737354,4.528810734492871,0.10862101263240134,-0.06076211761822678,0.030424948885515057,-0.10403181187195631,False,False,0.2689429459043795,0.2689429459043795,0.2689727008470979,0.2689727008470979
1500,25.0,False,False,70.09963397051686,50.0,32.62716141162202,69.7734675808307,73.0545504172862,64.93336456849855,74.0,20.099633970516862,4.4844106816877005,4.529254788504578,4.461582354114135,3.0944977178020894,4.569739680453338,2.990135584551173,0.2508072933646872,4.529254788504578,0.18987006835739526,0.3593574844874915,0.1926398780526597,0.18987006835739526,0.3593574844874915,4.424411918859391,4.558921539811383,0.10855019112280428,-0.060937225007291956,0.02966675130680496,-0.10484286964518663,False,False,0.2689727008470979,0.2689727008470979,0.2690011027728442,0.2690011027728442
1505,25.083333333333332,False,False,69.83499940691726,50.0,31.717585611018585,69.50632708704087,72.79748241703112,64.67992945654635,74.0,19.834999406917262,4.514376982827935,4.559520752656215,4.491666729335387,3.1230347254109825,4.600567338027826,3.0195964506545145,0.2535313443474479,4.559520752656215,0.19242584775627097,0.3620170852535121,0.19473165362201145,0.19242584775627097,0.3620170852535121,4.453890354485838,4.588452517370897,0.10848574090606422,-0.06110549659117692,0.02893176471468273,-0.10563039817037634,False,False,0.2690011027728442,0.2690011027728442,0.26902897513002355,0.26902897513002355
1510,25.166666666666668,False,False,69.5785618854566,50.0,30.824123115301795,69.24748865910863,72.54814844957735,64.4343196325391,74.0,19.578561885456594,4.54377446404322,4.589212208683652,4.521171435928368,3.1513255217452927,4.630576059406455,3.048796905423542,0.2561352816132967,4.589212208683652,0.19486827757802122,0.3645628744714713,0.19674936363421694,0.19486827757802122,0.3645628744714713,4.482816338064834,4.617430727502789,0.1084275928581746,-0.06126700403527546,0.02821851881913684,-0.10639587061881883,False,False,0.26902897513002355,0.26902897513002355,0.2690570330683606,0.2690570330683606
1515,25.25,False,False,69.32993298051173,50.0,29.946529831347696,68.996557705566,72.30620981607079,64.1961662578066,74.0,19.329932980511728,4.572629263032245,4.618355555662568,4.550123532783811,3.1793739034414137,4.65980328413325,3.0777410118661286,0.25862509607532047,4.618355555662568,0.19720270078847285,0.36700019762622693,0.19869684857590075,0.19720270078847285,0.36700019762622693,4.51121491954762,4.64588122301264,0.10837510155090646,-0.06142239528684762,0.027525667350071892,-0.10714063611494762,False,False,0.2690570330683606,0.2690570330683606,0.26908589590279464,0.26908589590279464
1520,25.333333333333332,False,False,69.088748523475,50.0,29.084552877317456,68.75316434783866,72.07133015878362,63.96510890507433,74.0,19.088748523475005,4.60096559579131,4.6469752517492235,4.57854807128013,3.2071835775177635,4.688284409178149,3.106432741596507,0.26100640241065776,4.6469752517492235,0.19943450858344453,0.3693344484106031,0.20057765070246206,0.19943450858344453,0.3693344484106031,4.539109320632354,4.6738272284262905,0.10832804599994533,-0.06157189382721323,0.026851976677066958,-0.10786593111686926,False,False,0.26908589590279464,0.26908589590279464,0.26911609818195703,0.26911609818195703
1525,25.416666666666668,False,False,68.85466674171727,50.0,28.237932271161817,68.51696152129736,71.84320364122314,63.74081999199018,74.0,18.854666741717267,4.628805927360416,4.67509398663402,4.606468274529322,3.234758167775731,4.7160529203478125,3.1348759788913294,0.2632844701088288,4.67509398663402,0.2015685277794862,0.371570456116452,0.20239504344094714,0.2015685277794862,0.371570456116452,4.5665210966281595,4.7012903018541135,0.10828598600762318,-0.06171594232934263,0.026196315220093247,-0.10857289000586068,False,False,0.26911609818195703,0.26911609818195703,0.2691480995114912,0.2691480995114912
1530,25.5,False,False,68.62736656368841,50.0,27.406402440518356,68.28762324150382,71.62153474571858,63.52298616716375,74.0,18.627366563688412,4.656171126346217,4.702732837609679,4.6339056992411365,3.2621012204458957,4.743140513861203,3.163074524705329,0.2654642512498867,4.702732837609679,0.20360945376131456,0.3737129185824093,0.2041520573079197,0.20360945376131456,0.3737129185824093,4.593470283160207,4.728290481696376,0.10824866733252259,-0.061854797488572144,0.025557644086696918,-0.10926255444947142,False,False,0.2691480995114912,0.2691480995114912,0.26918229326787046,0.26918229326787046
1535,25.583333333333332,False,False,68.40654607371553,50.0,26.589693570858778,68.06484302914485,71.40604908794722,63.311317380489385,74.0,18.406546073715532,4.683080604813419,4.729911410861553,4.660880382428291,3.289216209168845,4.769577208925671,3.1910321005759443,0.2675504052328506,4.729911410861553,0.20556161242561707,0.37576616413800723,0.2058515029280443,0.20556161242561707,0.37576616413800723,4.619975528877431,4.754846419351157,0.10821575890515661,-0.061988792807233545,0.024935008489603838,-0.1099358819841223,False,False,0.26918229326787046,0.26918229326787046,0.26921901432572837,0.26921901432572837
1540,25.666666666666668,False,False,68.19192110177801,50.0,25.787532807196285,67.84833246854207,71.19648462407943,63.10553859704626,74.0,18.191921101778007,4.7095524449763495,4.756647969426113,4.687410974114294,3.316106539389601,4.79539145207093,3.21875235236782,0.26954732106069057,4.756647969426113,0.20742914601343582,0.3777343374363673,0.20749599147552544,0.20742914601343582,0.3777343374363673,4.646054215734935,4.780975499497042,0.10818701637567674,-0.06211817504725475,0.024327530070928916,-0.11059375369117763,False,False,0.26921901432572837,0.26921901432572837,0.2692585459082785,0.2692585459082785
1545,25.75,False,False,67.98322393508502,50.0,24.99964532325471,67.63781989173587,70.99259550199338,62.905392786805415,74.0,17.98322393508502,4.735603513978898,4.7829595491186865,4.713514857615989,3.3427755522356146,4.820610213927575,3.246238853824784,0.27145913738395394,4.7829595491186865,0.20921592537505285,0.37962131171938285,0.20908795291911703,0.20921592537505285,0.37962131171938285,4.6717225679341725,4.806693949033499,0.1081621743354289,-0.062243212008901094,0.02373439991481252,-0.11123698118451397,False,False,0.2692585459082785,0.2692585459082785,0.26930112565993464,0.26930112565993464
1550,25.833333333333332,False,False,67.7802021396547,50.0,24.225755270724797,67.43304917774265,70.79414799785306,62.7106369528917,74.0,17.780202139654705,4.761249567922248,4.80886206360147,4.739208258483836,3.369226527940159,4.845259079073412,3.273495109909808,0.2732897605418657,4.80886206360147,0.21092563351325336,0.38143077236127887,0.21062965230498776,0.21092563351325336,0.38143077236127887,4.696995750704338,4.832016935862551,0.10814101181941316,-0.062364127028612354,0.02315487226108104,-0.11186631289713223,False,False,0.26930112565993464,0.26930112565993464,0.2693469510284794,0.2693469510284794
1555,25.916666666666668,False,False,67.5826174813279,50.0,23.465586620075662,67.23377865196547,70.60092161791422,62.52104277281349,74.0,17.5826174813279,4.786505346184104,4.834370399645945,4.764506343283445,3.3954626888658144,4.869362329513575,3.300524559923209,0.2750428809315963,4.834370399645945,0.21256173742471796,0.38316618871029273,0.21212320428244313,0.21256173742471796,0.38316618871029273,4.721887959859261,4.856958658445871,0.10812330777869644,-0.062481143506878334,0.02258825879992621,-0.11248243978668349,False,False,0.2693469510284794,0.2693469510284794,0.26939618403554166,0.26939618403554166
1560,26.0,False,False,67.39024493674549,50.0,22.718863903332654,67.0397800752998,70.4127070203512,62.33639446845247,74.0,17.39024493674549,4.811384656969282,4.859498503538974,4.789423309152566,3.421487202176405,4.892943022308979,3.32733058039677,0.27672198792615743,4.859498503538974,0.21412752891897352,0.3848308549079072,0.21357058610678906,0.21412752891897352,0.3848308549079072,4.746412503053775,4.881532427061406,0.10810886698174976,-0.06259445900718391,0.022033923522431387,-0.11308600048519946,False,False,0.26939618403554166,0.26939618403554166,0.26944895550471376,0.26944895550471376
1565,26.083333333333332,False,False,67.20287178579852,50.0,21.985312868281355,66.85083772037683,70.22930607422327,62.15648859488129,74.0,17.20287178579852,4.835900454938229,4.884259459487612,4.81397246505759,3.447303182200103,4.916023061821205,3.353916487766848,0.2783303833776699,4.884259459487612,0.21562611931721917,0.38642788458795807,0.21497364939755245,0.21562611931721917,0.38642788458795807,4.770581873519949,4.905750737539829,0.10809750121028816,-0.06270426406045074,0.021491278052216956,-0.11367758596766286,False,False,0.26944895550471376,0.26944895550471376,0.2695053688092266,0.2695053688092266
1570,26.166666666666668,False,False,67.0202967779338,50.0,21.2646610526839,66.66674752158632,70.0505306500465,61.981132740661806,74.0,17.020296777933794,4.860064911676215,4.9086655607929774,4.838166305529889,3.4729136925214563,4.938623267000106,3.380285540833397,0.2798711939815803,4.9086655607929774,0.21706046181176927,0.3879602332363463,0.2163341305642007,0.21706046181176927,0.3879602332363463,4.794407817019098,4.929625338216787,0.10808903925476604,-0.062810732169811,0.020959777423809278,-0.1142577437738792,False,False,0.2695053688092266,0.2695053688092266,0.2695655031939634,0.2695655031939634
1575,26.25,False,False,66.84232936547687,50.0,20.556638286308072,66.48731629278583,69.87620230492547,61.81014504110185,74.0,16.84232936547687,4.883889479690634,4.9327283744875405,4.8620165776179425,3.4983217478356905,4.9607634341026365,3.4064409430146867,0.2813473826120571,4.9327283744875405,0.21843335463352856,0.38943070135878477,0.21765366038257528,0.21843335463352856,0.38943070135878477,4.81790139265235,4.953167290743683,0.10808331874672766,-0.06291402797852855,0.02043891625614247,-0.1148269818351908,False,False,0.2695655031939634,0.2695655031939634,0.26962941672042473,0.26962941672042473
1580,26.333333333333332,False,False,66.6687889978283,50.0,19.860977127848486,66.31236100979565,69.70615148257384,61.6433532875934,74.0,16.6687889978283,4.907384950556125,4.956458800061686,4.885534341698016,3.5235303155947424,4.982462395197359,3.432385844409131,0.2827617586653105,4.956458800061686,0.21974745493643127,0.3908419483654977,0.21893377242918177,0.21974745493643127,0.3908419483654977,4.841073028122156,4.976387025349433,0.10808018970018718,-0.06301430372887923,0.019928225287746848,-0.11538577193952992,False,False,0.26962941672042473,0.26962941672042473,0.2696971488774894,0.2696971488774894
1585,26.416666666666668,False,False,66.49950447101011,50.0,19.177413243169774,66.14170814499509,69.5402170887202,61.48059438651354,74.0,16.499504471010113,4.930561507766371,4.979867122844035,4.908730026735794,3.5485423174710093,5.003738072778224,3.4581233436767937,0.28411698766803967,4.979867122844035,0.22100528474223308,0.39219649851627325,0.220175910871194,0.22100528474223308,0.39219649851627325,4.863932569971021,4.9992943910793874,0.10807951084823358,-0.06311170292580659,0.019427268235352457,-0.11593455287301424,False,False,0.2696971488774894,0.2696971488774894,0.26976872289622833,0.26976872289622833
1590,26.5,False,False,66.3343133275918,50.0,18.505685730706546,65.97519305924831,69.3782459047784,61.32171369382519,74.0,16.3343133275918,4.953428774796666,5.002963062544632,4.931613480525204,3.5733606306617838,5.024607530783382,3.4836564897536797,0.28541560000403476,5.002963062544632,0.2222092405933563,0.39349675057356015,0.22138143737788596,0.2222092405933563,0.39349675057356015,4.886489329277154,5.021898701491241,0.10808115056952539,-0.06320635941067845,0.018935638946609323,-0.1164737332674779,False,False,0.26976872289622833,0.26976872289622833,0.26984414780229293,0.26984414780229293
1595,26.583333333333332,False,False,66.17306130252013,50.0,17.845537399316,65.81265943527127,69.22009215754471,61.166564502000725,74.0,16.173061302520125,4.975995858832077,5.025755817420397,4.954194015384198,3.5979880890546054,5.045087022289602,3.5089882834119845,0.28665999908962475,5.025755817420397,0.22336160001389702,0.3947449842637251,0.2225516375195639,0.22336160001389702,0.3947449842637251,4.908752123236901,5.044208776237648,0.10808498517410037,-0.06329839907572773,0.018452958817250398,-0.11700369418349599,False,False,0.26984414780229293,0.26984414780229293,0.26992342023583454,0.26992342023583454
1600,26.666666666666668,False,False,66.0156018108164,50.0,17.196715003390153,65.65395875530422,69.06561704906318,61.01500750590168,74.0,16.015601810816406,4.998271390571706,5.048254104477423,4.9764804497372745,3.62242748427139,5.065192034129927,3.5341216786793526,0.2878524689061123,5.048254104477423,0.22446452902359734,0.39594336779126826,0.2236877264782834,0.22446452902359734,0.39594336779126826,4.930729313023754,5.066232978925474,0.10809089888515594,-0.06338793988251498,0.01797887444805113,-0.11752479145366923,False,False,0.26992342023583454,0.26992342023583454,0.2700065260650452,0.2700065260650452
1605,26.75,False,False,65.86179547350213,50.0,16.55896943958669,65.49894982191175,68.91468837106879,60.86691035490214,74.0,15.861795473502127,5.020263560479647,5.0704661960844435,4.998481145974614,3.6466815666070684,5.084937328661589,3.559059584129729,0.2889951808891965,5.0704661960844435,0.2255200879947483,0.39709396369596606,0.22479085423142353,0.2255200879947483,0.39709396369596606,4.952428838274853,5.087979251602499,0.10809878280676954,-0.06347509289444822,0.017513055518055154,-0.11803735780959013,False,False,0.2700065260650452,0.2700065260650452,0.27009344181700623,0.27009344181700623
1610,26.833333333333332,False,False,65.71150967846383,50.0,15.932055909133865,65.3474983070367,68.76718010133249,60.72214720015438,74.0,15.711509678463827,5.04198015181725,5.0923999533354225,5.0202040449386764,3.670753045876605,5.104336982892329,3.5838048640579037,0.2900902004877025,5.0923999533354225,0.22653023807443445,0.39819873527535277,0.22586211039847515,0.22653023807443445,0.39819873527535277,4.973858248522443,5.109455146189091,0.10810853478765026,-0.06355996241326806,0.01705519285366819,-0.1185417048129791,False,False,0.27009344181700623,0.27009344181700623,0.27018413594612156,0.27018413594612156
1615,26.916666666666668,False,False,65.56461817328551,50.0,15.315734049294647,65.19947634041853,68.62297206709363,60.58059831016604,74.0,15.56461817328551,5.063428570759029,5.11406285646662,5.0416566973557675,3.694644592182597,5.123404425156215,3.6083603395491477,0.29113949311604304,5.11406285646662,0.22749684631096237,0.3992595517113757,0.22690252844354292,0.22749684631096237,0.3992595517113757,4.995024731856831,5.130667853141374,0.10812005859533269,-0.06364264680508067,0.016604996674754346,-0.11903812460978891,False,False,0.27018413594612156,0.27018413594612156,0.27027856995858757,0.27027856995858757
1620,27.0,False,False,65.42100068735996,50.0,14.70976803724264,65.05476212344192,68.48194959914409,60.442149686940596,74.0,15.421000687359964,5.084615873865249,5.135462032603901,5.062846292499103,3.718358836614193,5.1421524695145,3.6327287894546045,0.2921449297943582,5.135462032603901,0.2284216911373621,0.4002781935541295,0.22791308976070468,0.2284216911373621,0.4002781935541295,5.015935141079767,5.151624227604825,0.10813326375977134,-0.06372323865699608,0.01616219500092342,-0.1195268915241341,False,False,0.27027856995858757,0.27027856995858757,0.2703766994091094,0.2703766994091094
1625,27.083333333333332,False,False,65.28054258084194,50.0,14.113926669293761,64.91323957397026,68.34400323549953,60.306692733121245,74.0,15.280542580841939,5.105548793158043,5.156604281089623,5.083779684342296,3.741898371886765,5.1605933480429735,3.6569129512824627,0.2931082923293616,5.156604281089623,0.229306466920285,0.40125635727097075,0.2288947271590132,0.229306466920285,0.40125635727097075,5.036596017582431,5.172330813292446,0.10814806494160917,-0.06380182540907658,0.01572653220282305,-0.1200082635071924,False,False,0.2703766994091094,0.2703766994091094,0.2704784747838973,0.2704784747838973
1630,27.166666666666668,False,False,65.14313451823651,50.0,13.527983418164212,64.77479799081203,68.20902841899358,60.17412392083608,74.0,15.143134518236508,5.1262337590241485,5.17749609661439,5.104463415437438,3.7652657529306324,5.178738741154335,3.6809155220140104,0.2940312782747242,5.17749609661439,0.23015278877676248,0.40219566006349927,0.22984832831821225,0.23015278877676248,0.40219566006349927,5.057013613159476,5.1927938642990386,0.10816438178877508,-0.06387848949796171,0.015297767684648633,-0.1204824834549143,False,False,0.2704784747838973,0.2704784747838973,0.2705838422830122,0.2705838422830122
1635,27.25,False,False,65.00867216461711,50.0,12.9517164706713,64.63933174832084,68.07692524257773,60.04434450830483,74.0,15.00867216461711,5.14667692114599,5.19814369035745,5.124903738729257,3.788463497436091,5.196599806092424,3.7047391588530956,0.29491550541379186,5.19814369035745,0.23096219647844313,0.4030976437720081,0.23077473867338086,0.23096219647844313,0.4030976437720081,5.077193909950603,5.21301936504297,0.10818213835821622,-0.06395330893534873,0.014875674685519868,-0.12094978040684712,False,False,0.2705838422830122,0.2705838422830122,0.27069274451286923,0.27069274451286923
1640,27.333333333333332,False,False,64.87705590265426,50.0,12.384908748064959,64.50674000828394,67.9475981872623,59.91726025567351,74.0,14.877055902654263,5.1668841676435475,5.218553009319983,5.145106637496786,3.8114940863611353,5.214187203724404,3.7283864799166735,0.2957625160402131,5.218553009319983,0.2317361586341888,0.40396377905829073,0.23167476428493503,0.2317361586341888,0.40396377905829073,5.097142638682658,5.233013048508458,0.10820126301807764,-0.06402635740602428,0.014460039188475271,-0.1214103706373253,False,False,0.27069274451286923,0.27069274451286923,0.27080512109925226,0.27080512109925226
1645,27.416666666666668,False,False,64.74819056879855,50.0,11.827347910969948,64.37692644763214,67.8209558859044,59.79278116838317,74.0,14.748190568798549,5.186861142592041,5.238729754017961,5.165077843595558,3.834359964407427,5.231511123747244,3.751860064873485,0.29657378105484894,5.238729754017961,0.23247607641944298,0.4047954691352156,0.23254917438648592,0.23247607641944298,0.4047954691352156,5.116865295368824,5.252780412944996,0.10822168808036664,-0.06409770463540596,0.014050658927034831,-0.12186445864913686,False,False,0.27080512109925226,0.27080512109925226,0.2709209092293262,0.2709209092293262
1650,27.5,False,False,64.62198520711152,50.0,11.278826350728878,64.2497990125976,67.69691091003023,59.67082126508186,74.0,14.621985207111521,5.206613262064765,5.258679394685413,5.18482285415691,3.8570635404693943,5.248581308415883,3.7751624555372447,0.29735070362175975,5.258679394685413,0.23318328690523316,0.4055940530959341,0.23339870371305552,0.23318328690523316,0.4055940530959341,5.136367156606629,5.272326737165512,0.10824334947417436,-0.06416741671652659,0.013647342480099134,-0.12231223807878422,False,False,0.2709209092293262,0.2709209092293262,0.271040044130662,0.271040044130662
1655,27.583333333333332,False,False,64.49835283937244,50.0,10.739141168765087,64.12526968585092,67.57537955941393,59.55129835203724,74.0,14.498352839372444,5.226145728836224,5.2784071861245865,5.204346946886071,3.879607188060691,5.2654070748922965,3.798296156420062,0.29809462267721754,5.2784071861245865,0.2338590664217847,0.4063608092776889,0.23422405466822058,0.2338590664217847,0.4063608092776889,5.155653293602947,5.291657094571615,0.10826618660047138,-0.06423555625543284,0.01324990844702878,-0.12275389252163915,False,False,0.271040044130662,0.271040044130662,0.2711624594942732,0.2711624594942732
1660,27.666666666666668,False,False,64.37721025020784,50.0,10.20809414542714,64.0032542620886,67.45628166014802,59.43413380864574,74.0,14.377210250207838,5.245463545867906,5.297918181326586,5.223655194087281,3.901993245721717,5.281997336307208,3.8212636352513196,0.2988068163836033,5.297918181326586,0.23450463382502967,0.40709695852852557,0.23502589935947074,0.23450463382502967,0.40709695852852557,5.17472858504217,5.31077636602192,0.10829014214492227,-0.06430218255857362,0.012858184695334174,-0.12318959628441561,False,False,0.2711624594942732,0.2711624594942732,0.27128808784759123,0.27128808784759123
1665,27.75,False,False,64.25847778610208,50.0,9.685491699634909,63.88367215003693,67.33954039806027,59.319252406909705,74.0,14.258477786102077,5.264571528687467,5.317217243974342,5.242752475532045,3.9242240174113943,5.298360621619289,3.8440673234665717,0.2994885051056372,5.317217243974342,0.23512115307253653,0.4078036667834075,0.23580488136999522,0.23512115307253653,0.4078036667834075,5.193597728902567,5.329689251648624,0.10831516167777033,-0.06436735203310065,0.012472007674281471,-0.12361951507177515,False,False,0.27128808784759123,0.27128808784759123,0.2714168608831606,0.2714168608831606
1670,27.833333333333332,False,False,64.142079167244,50.0,9.171144840518721,63.76644617793485,67.22508213225811,59.206582116753594,74.0,14.142079167244006,5.283474316761664,5.336309059929281,5.2616434902755955,3.946301772885981,5.3145050943504595,3.866709616670685,0.3001408544233527,5.336309059929281,0.23570973630893297,0.40848204814983347,0.2365616175597552,0.23570973630893297,0.40848204814983347,5.212265253316189,5.348400281717587,0.10834119372648077,-0.06443111811441973,0.012091221788305795,-0.12404380661309222,False,False,0.2714168608831606,0.2714168608831606,0.2715487097476787,0.2715487097476787
1675,27.916666666666668,False,False,64.02794131125529,50.0,8.664869112125544,63.65150241572622,67.1128362464654,59.09605394680237,74.0,14.02794131125529,5.302176383953896,5.355198147793435,5.280332767516888,3.9682287480673146,5.3304385702700605,3.8891928750788294,0.300764977869494,5.355198147793435,0.23627144619524132,0.4091331672373541,0.2372966995297702,0.23627144619524132,0.4091331672373541,5.2307355265584095,5.366913826618064,0.10836818936786008,-0.0644935316742527,0.011715678824629094,-0.1244626212350255,False,False,0.2715487097476787,0.2715487097476787,0.27168356529592663,0.27168356529592663
1680,28.0,False,False,63.91599416792506,50.0,8.166484532158776,63.53877000635664,67.00273498893884,58.98760177778308,74.0,13.915994167925057,5.320682048148716,5.373888868630203,5.298824676588237,3.9900071454025356,5.346168534095431,3.911519423938636,0.30136193955668206,5.373888868630203,0.23680729855225163,0.4097580418011306,0.2380106952035476,0.23680729855225163,0.4097580418011306,5.249012766245441,5.3852341060604205,0.10839610224444857,-0.06455464100443042,0.011345237430217203,-0.12487610238476243,False,False,0.27168356529592663,0.27168356529592663,0.27182135831319504,0.27182135831319504
1685,28.083333333333332,False,False,63.80617056415081,50.0,7.6758155256235625,63.4281810098267,66.89471333869102,58.88116222093705,74.0,13.806170564150811,5.338995480117928,5.392385434919108,5.317123436152931,4.011639134217062,5.361702155271479,3.933691553936399,0.3019327566024913,5.392385434919108,0.23731826448811172,0.41035764486970144,0.23870415008636883,0.23731826448811172,0.41035764486970144,5.267101047810522,5.403365197552479,0.10842488826721014,-0.06461449211437958,0.010979762633371415,-0.1252843871085858,False,False,0.27182135831319504,0.27182135831319504,0.27196201970994305,0.27196201970994305
1690,28.166666666666668,False,False,63.6984060583498,50.0,7.192690854159821,63.319670252479554,66.78870886157718,58.77667446974788,74.0,13.698406058349804,5.357120711695921,5.41069191881288,5.335233122681501,4.033126851062309,5.3770463028874165,3.9557115215898415,0.30247840151778294,5.41069191881288,0.23780527280274244,0.41093290714957464,0.23937758853921878,0.23780527280274244,0.41093290714957464,5.285004312323102,5.4213110442189185,0.10845450563179171,-0.0646731287150405,0.010619125406038599,-0.12568760648977761,False,False,0.27196201970994305,0.27196201970994305,0.27210548069145696,0.27210548069145696
1695,28.25,False,False,63.59263880366649,50.0,6.716943541766639,63.213175191618696,66.68466159662127,58.674080179655405,74.0,13.592638803666489,5.375061643325564,5.4288122597588195,5.35315767827101,4.054472400059424,5.392207559784642,3.9775815496297096,0.30299980431946094,5.4288122597588195,0.2382692117811218,0.4114847188186831,0.24003151502342918,0.2382692117811218,0.4114847188186831,5.302726373709198,5.4390754620217745,0.10848491449922215,-0.06473059253833915,0.010263202262954962,-0.1260858860496219,False,False,0.27210548069145696,0.27210548069145696,0.2722516729053951,0.2722516729053951
1700,28.333333333333332,False,False,63.488809419356656,50.0,6.248410797549141,63.108635781598245,66.5825139237591,58.57332333345461,74.0,13.488809419356656,5.3928220510303,5.446750271540603,5.370900917865486,4.075677853240122,5.407192235905997,3.9993038273721035,0.3034978546799721,5.446750271540603,0.23871093144040506,0.41201393177367673,0.24066641506710768,0.23871093144040506,0.41201393177367673,5.32027092542574,5.456662146435008,0.10851607709370464,-0.06478692323956703,0.009911874894404704,-0.12647934611486278,False,False,0.2722516729053951,0.2722516729053951,0.2724005285696741,0.2724005285696741
1705,28.416666666666668,False,False,63.38686086977723,50.0,5.7869339360536,63.00599435471344,66.48221046666154,58.474350138513515,74.0,13.38686086977723,5.410405592862876,5.464509648791505,5.388466535930374,4.096745250885483,5.422006380933073,4.020880511083259,0.3039734038012284,5.464509648791505,0.2391312450519095,0.41252136115207083,0.24128275637799562,0.2391312450519095,0.41252136115207083,5.337641546636869,5.474074678620938,0.10854795735084244,-0.0648421587493189,0.009565029829433414,-0.12686810215463584,False,False,0.2724005285696741,0.2724005285696741,0.27255198058267494,0.27255198058267494
1710,28.5,False,False,63.28673835045777,50.0,5.332358295696437,62.90519550070358,66.38369796938466,58.377108902865764,74.0,13.286738350457767,5.427815814876513,5.482093973025278,5.405858112628904,4.1176766018634865,5.436655796255032,4.042313724338241,0.30442726638038947,5.482093973025278,0.23953093127669706,0.4130077874679948,0.2418809897220399,0.23953093127669706,0.4130077874679948,5.354841707935615,5.491316531152136,0.10858052108760535,-0.06489633510369242,0.009222558126857905,-0.1272522650896626,False,False,0.27255198058267494,0.27255198058267494,0.27270596261792585,0.27270596261792585
1715,28.583333333333332,False,False,63.18838918076955,50.0,4.884533155739618,62.80618596300027,66.28692521649384,58.28154995006589,74.0,13.188389180769548,5.445056156660036,5.499506718226637,5.423079119543876,4.138473883965853,5.45114604630944,4.063605558374788,0.30486022224495174,5.499506718226637,0.23991073538505447,0.413473957831832,0.2424615498458934,0.23991073538505447,0.413473957831832,5.371874776650414,5.508391073318077,0.10861373558688026,-0.06494948685989727,0.00888435509144081,-0.12763194157622237,False,False,0.27270596261792585,0.27270596261792585,0.2728624092047943,0.2728624092047943
1720,28.666666666666668,False,False,63.09176270274725,50.0,4.443311652216053,62.70891453239615,66.19184291991142,58.187625506586436,74.0,13.091762702747253,5.462129956474689,5.516751256039436,5.440132924984246,4.1591390442446885,5.465482469332775,4.084758072443411,0.30527301809806884,5.516751256039436,0.24027137123979786,0.4139205879336813,0.2430248562822726,0.24027137123979786,0.4139205879336813,5.3887440217723155,5.525301576052561,0.10864756983561247,-0.06500164685827098,0.008550320013124946,-0.12800723426712057,False,False,0.2728624092047943,0.2728624092047943,0.273021255796915,0.273021255796915
1725,28.75,False,False,62.99681018565068,50.0,4.00855069316367,62.61333195071401,66.0984036426489,58.09528962206987,74.0,12.99681018565068,5.479040456026887,5.533830860587155,5.457022798912439,4.179673999349315,5.47967018755581,4.105773294154627,0.30566636908015427,5.533830860587155,0.24061352250211565,0.41434836324935753,0.24357131411138655,0.24061352250211565,0.41434836324935753,5.405452618535389,5.542051216514255,0.10868199416920327,-0.06505284657803861,0.00822035592709991,-0.12837824205176673,False,False,0.273021255796915,0.273021255796915,0.2731824388294643,0.2731824388294643
1730,28.833333333333332,False,False,62.90348473588773,50.0,3.5801108734872287,62.519390821120055,66.00656170918504,58.004498079091135,74.0,12.90348473588773,5.49579080490799,5.550748712957071,5.473751917524822,4.200080635863566,5.493714116876662,4.126653219824095,0.3060409602202526,5.550748712957071,0.24093784415943875,0.41475794056841164,0.24410131467843713,0.24093784415943875,0.41475794056841164,5.422003652679887,5.55864308235005,0.10871698034815902,-0.06510311606081387,0.007894369392979605,-0.12874506027718358,False,False,0.2731824388294643,0.2731824388294643,0.2733458957668309,0.2733458957668309
1735,28.916666666666668,False,False,62.81174121194666,50.0,3.1578563897312932,62.427045521752326,65.91627312898055,57.91520831514619,74.0,12.81174121194666,5.5123840647293685,5.5675079053766625,5.490323367514969,4.220360810643762,5.507618976042112,4.1473998148163105,0.30639744785066797,5.5675079053766625,0.24124496379193,0.415149949260772,0.24461523625254813,0.24124496379193,0.415149949260772,5.438400124424973,5.575080175667949,0.10875250141010401,-0.06515248405873797,0.00757227029128682,-0.1291077809516894,False,False,0.2733458957668309,0.2733458957668309,0.2735115651415071,0.2735115651415071
1740,29.0,False,False,62.72153614401288,50.0,2.7416549550132885,62.33625212094988,65.8274955134398,57.827379339864,74.0,12.72153614401288,5.5288232129784145,5.584111445108198,5.506740150046461,4.240516351157512,5.521389295365788,4.168015013887375,0.3067364610215918,5.584111445108198,0.2415354830079108,0.41552499271231613,0.24511344472962265,0.2415354830079108,0.41552499271231613,5.4546449521754905,5.591365416744,0.10878853169072433,-0.065200978013681,0.007253971635801548,-0.12946649293270784,False,False,0.2735115651415071,0.2735115651415071,0.2736793865853128,0.2736793865853128
1745,29.083333333333332,False,False,62.63282765796952,50.0,2.3313777143381174,62.24696830348746,65.74018801478118,57.74097167182433,74.0,12.632827657969521,5.545111146618857,5.600562258085046,5.523005184459745,4.260549055823426,5.535029425009931,4.188500721527213,0.30705860269526963,5.600562258085046,0.2418099784210101,0.4158836493021666,0.24559629413020048,0.2418099784210101,0.4158836493021666,5.470740975984832,5.607501647485329,0.10882504660689696,-0.06524862427425954,0.006939389400283602,-0.12982128210021404,False,False,0.2736793865853128,0.2736793865853128,0.27384930085381315,0.27384930085381315
1750,29.166666666666668,False,False,62.54557540350299,50.0,1.9268991604862578,62.15915329737218,65.65431125116237,57.655947264288756,74.0,12.545575403502987,5.561250685456598,5.616863192311165,5.53912131173508,4.280460694351766,5.548543542855726,4.208858812301652,0.30736445095853926,5.616863192311165,0.24206900295066666,0.41622647370333343,0.2460641271851728,0.24206900295066666,0.41622647370333343,5.486690960794204,5.6234916346695805,0.10886202274479417,-0.0652954480078726,0.006628442358415754,-0.1301722315169611,False,False,0.27384930085381315,0.27384930085381315,0.27402124984468984,0.27402124984468984
1755,29.25,False,False,62.459740486055026,50.0,1.5280970506465366,62.072767802696774,65.56982724334628,57.572269441512304,74.0,12.459740486055026,5.577244575290343,5.633017021043246,5.555091297731892,4.300253008086048,5.561935661985538,4.229091131194543,0.3076545602169972,5.633017021043246,0.24231308688887843,0.41655399794960446,0.24651727587756797,0.24231308688887843,0.41655399794960446,5.502497599466506,5.63933807297894,0.10889943773260724,-0.0653414733281188,0.006321051935693767,-0.13051942157674024,False,False,0.27402124984468984,0.27402124984468984,0.27419517661078197,0.27419517661078197
1760,29.333333333333332,False,False,62.37528540238167,50.0,1.1348523239387447,61.98777392879494,65.48669935738364,57.48990284082854,74.0,12.375285402381671,5.593095490864618,5.649026445773265,5.570917836222723,4.319927710345527,5.575209637798947,4.2491994939501465,0.30792946222381945,5.649026445773265,0.24254273885290017,0.41686673238837935,0.24695606194040923,0.24254273885290017,0.41686673238837935,5.518163515631635,5.65504358784562,0.1089372701645599,-0.06538672337091928,0.006017142072355597,-0.13086293014162997,False,False,0.27419517661078197,0.27419517661078197,0.2743710253684435,0.2743710253684435
1765,29.416666666666668,False,False,62.29217397949567,50.0,0.7470490199556394,61.90413513088872,65.40489224203218,57.408813350789025,74.0,12.292173979495672,5.608806038641139,5.66489409902755,5.586603551738627,4.339486486768523,5.588369174783024,4.269185687415898,0.3081896671453251,5.66489409902755,0.2427584468707919,0.4171651667663531,0.24738079725207174,0.2427584468707919,0.4171651667663531,5.533691266358294,5.670610738123803,0.10897549962102804,-0.06543122027453319,0.005716639096252862,-0.13120283266925625,False,False,0.2743710253684435,0.2743710253684435,0.2745487415016645,0.2745487415016645
1770,29.5,False,False,62.21037131678648,50.0,0.3645741984328623,61.82181615249008,65.32437177870085,57.32896806056825,74.0,12.210371316786478,5.624378759403073,5.680622546997104,5.602151002241048,4.358930995656461,5.601417832956053,4.289051469885638,0.30843566451630977,5.680622546997104,0.24296067920717002,0.41744977105540093,0.24779178434878305,0.24296067920717002,0.41744977105540093,5.549083344666233,5.686042018602068,0.10901410653909116,-0.06547498530913975,0.00541947160496381,-0.13153920233087124,False,False,0.2745487415016645,0.2745487415016645,0.2747282715626898,0.2747282715626898
1775,29.583333333333332,False,False,62.129843731124296,50.0,-0.012682139858611663,61.74078296635881,65.24510502048804,57.250335200509944,74.0,12.129843731124296,5.639816130705461,5.696214292012516,5.61756268163415,4.378262868318525,5.614359034002647,4.308798571443329,0.3086679242504943,5.696214292012516,0.24314988544381724,0.4177209965333161,0.24818931679069467,0.24314988544381724,0.4177209965333161,5.564342181891463,5.701339862368731,0.10905307228282185,-0.06551803880667703,0.005125570356215192,-0.13187211012105315,False,False,0.2747282715626898,0.2747282715626898,0.2749095632693065,0.2749095632693065
1780,29.666666666666668,False,False,62.05055870476966,50.0,-0.3848271309187936,61.66100272818722,65.16706015918835,57.172884107083966,74.0,12.050558704769657,5.6551205691838575,5.711671774875696,5.632841022130097,4.397483709416794,5.627196067117155,4.328428694307254,0.3088868973753961,5.711671774875696,0.24332649695794611,0.41797927626220466,0.24857367954259646,0.24332649695794611,0.41797927626220466,5.579470149915942,5.716506643041712,0.10909237888680856,-0.06556040041744998,0.004834868166016193,-0.1322016249597544,False,False,0.2749095632693065,0.2749095632693065,0.27509256549941186,0.27509256549941186
1785,29.75,False,False,61.972484835921314,50.0,-0.7519651239563103,61.58244372001253,65.09020645673088,57.096585157796284,74.0,11.972484835921314,5.670294432732194,5.726997377059516,5.6479883964788264,4.416595097311697,5.639932094571119,4.347943513174663,0.30909301702440645,5.726997377059516,0.24349092819675103,0.41822502636315984,0.2489451493692741,0.24349092819675103,0.41822502636315984,5.594469563272211,5.731544676873305,0.10913200933875339,-0.06560208882765542,0.004547299813789429,-0.13252781378730472,False,False,0.27509256549941186,0.27509256549941186,0.27527722828309764,0.27527722828309764
1790,29.833333333333332,False,False,61.8955917917475,50.0,-1.114197756403641,61.50507530544684,65.01451421883122,57.02140974263869,74.0,11.8955917917475,5.685340022559917,5.742193422785516,5.663007120072758,4.435598584407646,5.652570157019686,4.367344675566794,0.3092866991716619,5.742193422785516,0.24364357703376754,0.4184586463727492,0.2493039951430092,0.24364357703376754,0.4184586463727492,5.609342681132513,5.746456224739463,0.1091719472010873,-0.06564312213789436,0.004262801953946571,-0.13285074165300337,False,False,0.27527722828309764,0.27527722828309764,0.2754635027926834,0.2754635027926834
1795,29.916666666666668,False,False,61.81985026375484,50.0,-1.471624027464287,61.42886788638314,64.93995474388798,56.9473302146987,74.0,11.819850263754837,5.7002595851375215,5.757262180988897,5.677899452935987,4.454495697498663,5.665113178560871,4.386633802174196,0.3094683433485443,5.757262180988897,0.24378482568170687,0.418680520155966,0.249650478195008,0.24378482568170687,0.418680520155966,5.624091709191107,5.761243494022244,0.10921217680742173,-0.06568351766683742,0.003981313033347256,-0.13317047179778996,False,False,0.2754635027926834,0.2754635027926834,0.27565134133082386,0.27565134133082386
1800,30.0,False,False,61.745231925360265,50.0,-1.8243403701581826,61.35379285482408,64.86650027908185,56.874319847277874,74.0,11.745231925360265,5.71505531403887,5.772205867179259,5.692667601606676,4.473287938113854,5.67756397156079,4.405812487202234,0.3096383334887832,5.772205867179259,0.2439150414570638,0.4188910166709622,0.24998485260825876,0.2439150414570638,0.4188910166709622,5.638718801447733,5.775908640393454,0.10925268318217896,-0.06572329203171942,0.0037027732141954317,-0.1334870657315257,False,False,0.27565134133082386,0.27565134133082386,0.27584069731712607,0.27584069731712607
1805,30.083333333333332,False,False,61.67170939153931,50.0,-2.1724407218372477,61.279822557153295,64.79412399258874,56.802352805101805,74.0,11.67170939153931,5.72972935168789,5.787026645204769,5.7073137209205935,4.491976782862537,5.689925241257163,4.424882298716635,0.3097970384979817,5.787026645204769,0.24403457719884086,0.41909049038788493,0.250307365510389,0.24403457719884086,0.41909049038788493,5.653226061899483,5.790453769506621,0.10929345188990325,-0.06576246129914082,0.0034271243018526576,-0.13380058330528577,False,False,0.27584069731712607,0.27584069731712607,0.27603152527337876,0.27603152527337876
1810,30.166666666666668,False,False,61.59925618043263,50.0,-2.5160165931523863,61.20693025344141,64.72279992685885,56.73140409962658,74.0,11.599256180432633,5.744283791016645,5.8017266289268115,5.721839915703052,4.510563683778847,5.7021995901526745,4.443844778989017,0.3099448129517441,5.8017266289268115,0.24414377211398125,0.41927928213442933,0.25061825735188,0.24414377211398125,0.41927928213442933,5.667615546147697,5.8048809386040965,0.10933446918268525,-0.06580104083776284,0.0031543096772850276,-0.1341110827791141,False,False,0.27603152527337876,0.27603152527337876,0.27622378080763177,0.27622378080763177
1815,30.25,False,False,61.527846676800834,50.0,-2.8551571354594643,61.1350900780724,64.6525029659193,56.661449556612396,74.0,11.527846676800834,5.758720677041135,5.816307883811547,5.736248242375897,4.5290500686656685,5.714389522209083,4.462701444842137,0.31008199777543266,5.816307883811547,0.2442429523219341,0.4194577196405147,0.25091776216963807,0.2442429523219341,0.4194577196405147,5.681889262926012,5.819192158045184,0.10937572186508204,-0.06583904545349856,0.0028842742336374627,-0.13441862088553513,False,False,0.27622378080763177,0.27622378080763177,0.2764174205973614,0.2764174205973614
1820,30.333333333333332,False,False,61.457456097223705,50.0,-3.1899492066571895,61.06427700952747,64.58320880897067,56.59246578932146,74.0,11.457456097223705,5.773042008360655,5.830772428444261,5.750540710485598,4.547437341437677,5.726497446852313,4.481453787994838,0.31020892072183415,5.830772428444261,0.24433243126803078,0.41962611795177407,0.251206107821281,0.24433243126803078,0.41962611795177407,5.696049175555004,5.833389392760981,0.10941719722993992,-0.06587648945380337,0.002616964316719539,-0.13472325288925724,False,False,0.2764174205973614,0.2764174205973614,0.27661240237176254,0.27661240237176254
1825,30.416666666666668,False,False,61.38806045694814,50.0,-3.520477435454893,60.99446683038965,64.51489392321744,56.52443015421548,74.0,11.38806045694814,5.787249738586039,5.845122235971899,5.764719284157993,4.565726882463363,5.738525682798221,4.500103275406432,0.31032589708765956,5.845122235971899,0.2444125106029713,0.4197847803091507,0.25148351624870885,0.2444125106029713,0.4197847803091507,5.710097203328624,5.847474563640919,0.10945888322149111,-0.06591338648468825,0.002352327669020049,-0.13502503264327448,False,False,0.27661240237176254,0.27661240237176254,0.2768086848935011,0.2768086848935011
1830,30.5,False,False,61.319636538293196,50.0,-3.8468242840742732,60.92563610195365,64.44753553439969,56.45732073907298,74.0,11.319636538293196,5.801345777701683,5.8593592354787,5.778785883484772,4.583920048905836,5.750476461708077,4.518651349620416,0.3104332300993519,5.8593592354787,0.24448348023649064,0.41993399820267036,0.2517502036391761,0.24448348023649064,0.41993399820267036,5.724035222836993,5.861449548855713,0.10950076810331844,-0.06594974986286128,0.0020903133770131532,-0.13532401264170701,False,False,0.2768086848935011,0.2768086848935011,0.2770062279398081,0.2770062279398081
1835,30.583333333333332,False,False,61.252161860528204,50.0,-4.169070109391626,60.857762129005415,64.38111157649064,56.391116316444105,74.0,11.252161860528204,5.815331993365799,5.873485313299457,5.792742385846353,4.6020181750622715,5.762351931682404,4.537099429107381,0.31053121153772734,5.873485313299457,0.24454561929974178,0.42007405233393524,0.2520063807181487,0.24454561929974178,0.42007405233393524,5.737865069229824,5.875316185120935,0.10954284079620791,-0.06598559223798556,0.0018308718214781194,-0.13562024406963324,False,False,0.2770062279398081,0.2770062279398081,0.27720499228325973,0.27720499228325973
1840,30.666666666666668,False,False,61.18561465114426,50.0,-4.487293222530951,60.790822932066945,64.3156006798425,56.32579633012547,74.0,11.185614651144263,5.829210212153015,5.8875023142745455,5.80659062717538,4.620022572701802,5.774154160601176,4.555448908606875,0.31062012219726964,5.8875023142745455,0.2445991962642784,0.4202052127352046,0.2522522528810896,0.2445991962642784,0.4202052127352046,5.751588537424475,5.889076268905176,0.10958509053793497,-0.06602092593299125,0.0015739546306301477,-0.1359137768500709,False,False,0.27720499228325973,0.27720499228325973,0.2774049396722356,0.2774049396722356
1845,30.75,False,False,61.119973818444144,50.0,-4.801569946922527,60.7247972207815,64.25098213659383,56.261340862404005,74.0,11.119973818444144,5.842982220743079,5.9014120429505095,5.820332403164825,4.637934531401739,5.78588513931807,4.573701159468159,0.3107002323270535,5.9014120429505095,0.24464446956937058,0.4203277393968209,0.25248802042774515,0.24464446956937058,0.4203277393968209,5.7652073832620525,5.902731557586313,0.10962750706976737,-0.06605576275768293,0.0013195146358038201,-0.13620465968845696,False,False,0.2774049396722356,0.2774049396722356,0.2776060328111097,0.2776060328111097
1850,30.833333333333332,False,False,61.05521892538099,50.0,-5.111974674843154,60.65966436606292,64.18723587831143,56.19773061191378,74.0,11.055218925380991,5.856649767059125,5.9152162647297155,5.833969470424183,4.655755318881939,5.797546784715919,4.5918575299896185,0.31077180210841104,5.9152162647297155,0.244681687984371,0.42044188262967075,0.25271387870857326,0.244681687984371,0.42044188262967075,5.778723324615055,5.916283770559277,0.1096700805212597,-0.06609011412404003,0.0010675058295612772,-0.1364929401146604,False,False,0.2776060328111097,0.2776060328111097,0.2778082353403618,0.2778082353403618
1855,30.916666666666668,False,False,60.99133016457986,50.0,-5.418579922457113,60.59540437648988,64.12434245286632,56.13494687099552,74.0,10.991330164579857,5.870214561358665,5.9289167069722515,5.847503547587166,4.673486181337207,5.809140942630189,4.609919345756721,0.3108350820407395,5.9289167069722515,0.24471109099314786,0.42054788344972116,0.25293001834438655,0.24471109099314786,0.42054788344972116,5.792138042449419,5.929734590298227,0.10971280140898165,-0.06612399104759165,0.0008178833259755436,-0.13677866452283283,False,False,0.2778082353403618,0.2778082353403618,0.278011511816602,0.278011511816602
1860,31.0,False,False,60.928288334480044,50.0,-5.721456383378666,60.53199787028892,64.06228299419213,56.072971497140834,74.0,10.928288334480044,5.883678277280233,5.942515060053036,5.860936316373823,4.6911283437675655,5.820669390646864,4.6278879099783445,0.3108903134375396,5.942515060053036,0.24473290934099523,0.42064597412502636,0.25313662532885245,0.24473290934099523,0.42064597412502636,5.805453181843841,5.943085663376025,0.10975566068748677,-0.06615740409654436,0.0005706033229895269,-0.13706187820919435,False,False,0.278011511816602,0.278011511816602,0.27821582769256054,0.27821582769256054
1865,31.083333333333332,False,False,60.866074816540355,50.0,-6.020672980779182,60.4694260578027,64.00103921418764,56.011786903450485,74.0,10.866074816540355,5.8970425528483705,5.9560129783768545,5.874269422609933,4.708683010306267,5.832133840780845,4.645764503821389,0.3109377286836207,5.9560129783768545,0.24474736509602096,0.42073637823721244,0.2533338812481361,0.24474736509602096,0.42073637823721244,5.8186703529689705,5.956338601443532,0.10979864955359175,-0.06619036358759972,0.00032562306667749397,-0.137342625407884,False,False,0.27821582769256054,0.27821582769256054,0.2784211492971606,0.2784211492971606
1870,31.166666666666668,False,False,60.80467155345257,50.0,-6.31629691806269,60.40767071402282,63.94059336357343,55.951376022767704,74.0,10.804671553452572,5.9103089914394165,5.969412081353811,5.887504477206251,4.726151364545447,5.843535942040526,4.663550386743424,0.3109775517311391,5.969412081353811,0.24475467240222143,0.4208193114346471,0.2535219634126861,0.24475467240222143,0.4208193114346471,5.831791132028705,5.969494982171064,0.10984175970350801,-0.06622287932891768,8.290081725270682e-05,-0.1376209493251057,False,False,0.2784211492971606,0.2784211492971606,0.2786274438156896,0.2786274438156896
1875,31.25,False,False,60.74406102831158,50.0,-6.608393728135681,60.34671416235648,63.88092823142479,55.89172230488985,74.0,10.744061028311577,5.9234791627104,5.9827139543375045,5.9006430570998845,4.743534569859259,5.854877282884048,4.681246796823333,0.3110099983384316,5.9827139543375045,0.24475503738034995,0.4208949813334004,0.25370104494509177,0.24475503738034995,0.4208949813334004,5.844817062165952,5.982556350154255,0.1098849829949688,-0.06625496095808167,-0.0001576041832498376,-0.1378968921715522,False,False,0.2786274438156896,0.2786274438156896,0.27883467927009514,0.27883467927009514
1880,31.333333333333332,False,False,60.68422624469342,50.0,-6.897027321297557,60.28653925078899,63.82202710708299,55.832809681848296,74.0,10.68422624469342,5.936554603493119,5.99592014952805,5.913686706160103,4.7608337697244165,5.866159393572276,4.698854951089795,0.31103527649256646,5.99592014952805,0.24474865886594338,0.42096358825536373,0.25387129499972616,0.24474865886594338,0.42096358825536373,5.857749654334685,5.995524217786261,0.10992831176279727,-0.06628661762662308,-0.00039593174178964574,-0.1381704951933651,False,False,0.27883467927009514,0.27883467927009514,0.27904282449942513,0.27904282449942513
1885,31.416666666666668,False,False,60.62515070759635,50.0,-7.182260031778796,60.22712933376123,63.76387377560687,55.77462256186628,74.0,10.625150707596347,5.949536818655373,6.009032186841927,5.926636936060473,4.778050088038024,5.877383748423409,4.716376045847441,0.31105358670329225,6.009032186841927,0.24473572840817467,0.4210253252271937,0.2540328788359602,0.24473572840817467,0.4210253252271937,5.870590388140317,6.00840006609826,0.10997173852390146,-0.06631785829511758,-0.0006321207436670306,-0.13844179870161,False,False,0.27904282449942513,0.27904282449942513,0.27925184914057005,0.27925184914057005
1890,31.5,False,False,60.56681840520082,50.0,-7.464152662955314,60.16846825582418,63.70645249476978,55.71714580770305,74.0,10.56681840520082,5.962427281931134,6.022051554750446,5.939495227119289,4.795184629432581,5.888551767973781,4.7338112570006325,0.3110651222602428,6.022051554750446,0.2447164306810694,0.42108037839161394,0.2541859579645916,0.2447164306810694,0.42108037839161394,5.883340712649986,6.0211853455698385,0.11001525613137114,-0.06634869157917339,-0.0008662091806073136,-0.13871084210046014,False,False,0.27925184914057005,0.27925184914057005,0.2794617236091111,0.2794617236091111
1895,31.583333333333332,False,False,60.50921379140868,50.0,-7.742764531266602,60.11054032923403,63.64974797346074,55.66036471629689,74.0,10.509213791408683,5.975227436721321,6.034979711088534,5.952263029109912,4.81223847958809,5.899664821049214,4.751161740374694,0.3110700696371168,6.034979711088534,0.2446909438671675,0.4211289273911706,0.2543306902796303,0.2446909438671675,0.4211289273911706,5.89600204717443,6.0338814769110325,0.11005885775405377,-0.06637912576994931,-0.0010982341775012117,-0.13897766391410382,False,False,0.2794617236091111,0.2794617236091111,0.27967241908053153,0.27967241908053153
1900,31.666666666666668,False,False,60.452321769123,50.0,-8.018153508867854,60.053330322699125,63.593745367993904,55.60426501373785,74.0,10.452321769123003,5.98793869686672,6.047818083835387,5.964941762042731,4.8292127055411775,5.910724226751049,4.768428632034503,0.3110686086386522,6.047818083835387,0.2446594396472883,0.42117114535807476,0.2544672301315131,0.2446594396472883,0.42117114535807476,5.908575782022877,6.046489851817297,0.11010253671942255,-0.0664091689913639,-0.0013282320180900697,-0.1392423018125104,False,False,0.27967241908053153,0.27967241908053153,0.27988390747168,0.27988390747168
1905,31.75,False,False,60.39612767423185,50.0,-8.290376065043446,59.99682343935468,63.538430248680214,55.548832825028086,74.0,10.396127674231849,6.000562447394489,6.060568071868434,5.977532816920087,4.8461083559911415,5.9217312563607525,4.785613048600391,0.3110609128048054,6.060568071868434,0.24462208385291195,0.4212071995666775,0.2545957284735323,0.24462208385291195,0.4212071995666775,5.921063279232351,6.059011833698971,0.1101462867618721,-0.06643882895189346,-0.0015562381694627092,-0.13950479263608262,False,False,0.27988390747168,0.27988390747168,0.280096161422451,0.280096161422451
1910,31.833333333333332,False,False,60.34061726026264,50.0,-8.559487306412692,59.94100530742753,63.483788606769245,55.49405467826466,74.0,10.34061726026264,6.013100045239567,6.073231045691963,5.990037556465661,4.8629264616028465,5.932687135166796,4.802716087561169,0.3110471495209822,6.073231045691963,0.24457903622602464,0.4212372511933916,0.25471633294969254,0.24457903622602464,0.4212372511933916,5.933465873272672,6.071448758386369,0.11019010167240939,-0.06646811329495758,-0.0017822873055939326,-0.13976517241929098,False,False,0.280096161422451,0.280096161422451,0.2803091542778745,0.2803091542778745
1915,31.916666666666668,False,False,60.2857766836748,50.0,-8.825541015955508,59.88586196011846,63.42980681732991,55.43991747142843,74.0,10.285776683674797,6.025552819942217,6.085808348141639,6.0024573158295205,4.87966803530642,5.94359304421734,4.819738827584242,0.3110274803854736,6.085808348141639,0.24453045115934413,0.4212614560570037,0.2548291879972112,0.24453045115934413,0.4212614560570037,5.94578487172827,6.083801934811737,0.1102339756715301,-0.06649702922612949,-0.002006413329902479,-0.14002347641336943,False,False,0.2803091542778745,0.2803091542778745,0.2805228600705295,0.2805228600705295
1920,32.0,False,False,60.23159248975916,50.0,-9.088589690888767,59.83137982346309,63.37647164365461,55.38640847455647,74.0,10.231592489759159,6.03792207432287,6.098301295066098,6.014793403270003,4.8963340725936675,5.954450122002053,4.836682328822778,0.31100206139317377,6.098301295066098,0.24447647751786006,0.42127996444029103,0.2549344349490184,0.24447647751786006,0.42127996444029103,5.958021555958045,6.09607264566922,0.11027790304711726,-0.06652558387531371,-0.0022286493968781684,-0.14027973910805258,False,False,0.2805228600705295,0.2805228600705295,0.2807372535031387,0.2807372535031387
1925,32.083333333333336,False,False,60.17805159911667,50.0,-9.348684579420862,59.777545703559014,63.32377021407184,55.3335153085248,74.0,10.178051599116671,6.05020908513532,6.1107111759866735,6.027047100813633,4.912925551811159,5.965259466066198,4.853547633219728,0.31097104313766977,6.1107111759866735,0.244417259075276,0.42129292152654785,0.25503221209232835,0.244417259075276,0.42129292152654785,5.970177181734141,6.1082621480537505,0.11032187838887808,-0.06655378406239376,-0.002449027932923009,-0.14053399425253232,False,False,0.2807372535031387,0.2807372535031387,0.28095230993168263,0.28095230993168263
1930,32.166666666666664,False,False,60.12514129468827,50.0,-9.605875716414417,59.72434677159486,63.2716900125519,55.28122593562441,74.0,10.12514129468827,6.0624151036992835,6.123039254736276,6.039219664893945,4.929443434449944,5.976022134560039,4.870335764808755,0.3109345710684465,6.123039254736276,0.2443529346468044,0.42130046753245487,0.2551226548297109,0.2443529346468044,0.42130046753245487,5.982252979860723,6.120371674079961,0.11036589646400835,-0.06658163642164211,-0.002667580656314783,-0.14078627487555284,False,False,0.28095230993168263,0.28095230993168263,0.2811680053487452,0.2811680053487452
1935,32.25,False,False,60.07284920931038,50.0,-9.860211957985314,59.671770552141254,63.22021886599663,55.22952864738172,74.0,10.072849209310377,6.0745413565132464,6.135286770078379,6.051312326970342,4.945888665431823,5.9867391477263885,4.887047730011932,0.310892785674605,6.135286770078379,0.24428363829792696,0.42130273791691786,0.2552058956644487,0.24428363829792696,0.42130273791691786,5.994250156773607,6.132402431481899,0.11040995224231287,-0.06660914737667803,-0.0028843385964796298,-0.14103661330477202,False,False,0.2811680053487452,0.2811680053487452,0.2813843163672357,0.2813843163672357
1940,32.333333333333336,False,False,60.021163313771495,50.0,-10.111741015066258,59.61980491313174,63.16934493645514,55.178412056621404,74.0,10.021163313771495,6.08658904584848,6.147454936306964,6.063326294127753,4.962262173392171,5.9974114893290205,4.903684517934168,0.3108458226318362,6.147454936306964,0.2442094994459823,0.42129986348273135,0.25528206439089446,0.2442094994459823,0.42129986348273135,6.006169895121537,6.144355604194451,0.11045404085089516,-0.06663632318585389,-0.003099332112513231,-0.1412850411854274,False,False,0.2813843163672357,0.2813843163672357,0.28160122020444656,0.28160122020444656
1945,32.416666666666664,False,False,59.97007190534691,50.0,-10.36050948596322,59.56843804817047,63.11905669713717,55.12786507582965,74.0,9.970071905346913,6.098559350325033,6.159544943828283,6.075262749657994,4.97856487095925,6.008040108024525,4.920247100654318,0.3107938131331139,6.159544943828283,0.24413064332403087,0.42129197084051917,0.25535128806518514,0.24413064332403087,0.42129197084051917,6.018013354330003,6.156232352917247,0.11049815770740529,-0.06666316980908302,-0.00331259091103675,-0.14153158949828004,False,False,0.28160122020444656,0.28160122020444656,0.28181869466648246,0.28181869466648246
1950,32.5,False,False,59.919563596789445,50.0,-10.606562887931673,59.51765847377902,63.06934294403631,55.07787692580606,74.0,9.919563596789445,6.1104534254704745,6.171557959725179,6.087122853623625,4.994797655029995,6.018625918680049,4.936736433512924,0.31073688387032233,6.171557959725179,0.24404719065536568,0.42127918208331594,0.2554136911663136,0.24404719065536568,0.42127918208331594,6.0297816711482115,6.16803381566176,0.1105422982129936,-0.06668969321495666,-0.0035241440634194987,-0.14177628857696778,False,False,0.28181869466648246,0.28181869466648246,0.2820367181330185,0.2820367181330185
1955,32.583333333333336,False,False,59.86962730575526,50.0,-10.849945687800343,59.467455011162194,63.02019275856418,55.02843710277629,74.0,9.869627305755259,6.122272404262092,6.183495128304713,6.098907743404986,5.010961407042232,6.029169803639276,4.953153455396536,0.31067515738332074,6.183495128304713,0.24395925841898936,0.42126161555211983,0.25546939561077125,0.24395925841898936,0.42126161555211983,6.041475960180003,6.179761108282325,0.11058645816879908,-0.06671589896433139,-0.003734020022387874,-0.14201916812471005,False,False,0.2820367181330185,0.2820367181330185,0.2822552695423821,0.2822552695423821
1960,32.666666666666664,False,False,59.82025224464562,50.0,-11.09070133166891,59.41781678055965,62.971595522700554,54.97953539013313,74.0,9.820252244645623,6.13401739765324,6.195357571629772,6.110618534231165,5.027056993243336,6.039672613938839,4.969499089018576,0.31060875211505845,6.195357571629772,0.2438669594495339,0.42123938543588135,0.25551852085504834,0.2438669594495339,0.42123938543588135,6.053097314399296,6.191415324991706,0.1106306333208229,-0.06674179266552455,-0.003942246638066749,-0.1422602572304763,False,False,0.2822552695423821,0.2822552695423821,0.28247432837705794,0.28247432837705794
1965,32.75,False,False,59.771427910845375,50.0,-11.328872273705755,59.36873319024538,62.92354089156491,54.93116183408434,74.0,9.771427910845375,6.145689495084459,6.207146390035303,6.1222563196955,5.043085264955272,6.050135170477292,4.985774241196716,0.3105377825952928,6.207146390035303,0.24377040298575725,0.42121260232007196,0.2555611839542053,0.24377040298575725,0.42121260232007196,6.064646805650747,6.202997538861843,0.11067481972477916,-0.06676737960953555,-0.004148851173460422,-0.14249958438455668,False,False,0.28247432837705794,0.28247432837705794,0.28269387464946866,0.28269387464946866
1970,32.833333333333336,False,False,59.723144077340365,50.0,-11.56450000407186,59.32019392563157,62.87601879325368,54.88330674248496,74.0,9.723144077340365,6.157289764979958,6.218862662629758,6.133822172256295,5.059047058836044,6.060558265138654,5.001979803126757,0.3104623596243073,6.218862662629758,0.24366969461454122,0.4211813731307482,0.2555974996058012,0.24366969461454122,0.4211813731307482,6.0761254851360755,6.214508802310313,0.11071901350644092,-0.06679266500976608,-0.004353860319445069,-0.1427371774936823,False,False,0.28269387464946866,0.28269387464946866,0.28291388888809443,0.28291388888809443
1975,32.916666666666664,False,False,59.675390783697374,50.0,-11.797625075995171,59.272188942363044,62.829019418039685,54.8359606746831,74.0,9.675390783697374,6.168819255230057,6.230507447782357,6.145317143723194,5.074943197137504,6.070942661872432,5.018116650652926,0.3103825903647703,6.230507447782357,0.24356493645316896,0.42114580131690194,0.25562758022310844,0.24356493645316896,0.42114580131690194,6.087534383886795,6.22595014757314,0.11076321095213165,-0.06681765391160133,-0.00455730020921763,-0.1429730638955622,False,False,0.28291388888809443,0.28291388888809443,0.2831343521239782,0.2831343521239782
1980,33.0,False,False,59.628158327390146,50.0,-12.02828713202149,59.2247084563909,62.7825332091887,54.78911443277928,74.0,9.628158327390146,6.18027899366007,6.242081783596671,6.156742265729967,5.090774487959551,6.081289097731952,5.034185644534667,0.3102985785070814,6.242081783596671,0.2434562272973437,0.4211059869985418,0.2556515360522553,0.2434562272973437,0.4211059869985418,6.0988745132236275,6.237322587164339,0.11080740849146037,-0.06684235120973772,-0.0047591964323316915,-0.14320727037304337,False,False,0.2831343521239782,0.2831343521239782,0.28335524587751243,0.28335524587751243
1985,33.083333333333336,False,False,59.58143725545684,50.0,-12.256524929464632,59.17774293413849,62.73655085286814,54.74275905215486,74.0,9.58143725545684,6.191669988486187,6.253586688371049,6.168098550193983,5.106541725500698,6.091598283872743,5.050187630709796,0.3102104244347174,6.253586688371049,0.24334366279105174,0.42106202713662444,0.25566947511365473,0.24334366279105174,0.42106202713662444,6.110146865203314,6.248627114322816,0.11085160270190703,-0.06686676164366567,-0.004959574048233328,-0.14343982316773563,False,False,0.28335524587751243,0.28335524587751243,0.2835765521456259,0.2835765521456259
1990,33.166666666666664,False,False,59.53521835647367,50.0,-12.48237636508047,59.13128308819836,62.69106327799078,54.69688580045826,74.0,9.53521835647367,6.20299322875879,6.265023161046378,6.179386989763065,5.122245690305007,6.101870906512628,5.06612344055412,0.31011822526097604,6.265023161046378,0.24322733537675328,0.4210140154833111,0.25568150336307555,0.24322733537675328,0.4210140154833111,6.121352413053112,6.259864703446981,0.11089579022233503,-0.06689088988422276,-0.005158457599397259,-0.14367074799326662,False,False,0.2835765521456259,0.2835765521456259,0.28379825338918396,0.28379825338918396
1995,33.25,False,False,59.489492652831636,50.0,-12.705878498987303,59.08531986533512,62.646061636638294,54.65148616016455,74.0,9.489492652831636,6.21424968479368,6.276392181641617,6.190608558250046,5.137887149505399,6.112107627855096,5.081993891137404,0.31002207504943724,6.276392181641617,0.24310733467952536,0.4209620429661727,0.25568772469164286,0.24310733467952536,0.4209620429661727,6.132492111593527,6.27103631051757,0.11093996791673544,-0.06691474036991188,-0.005355871124046452,-0.14390007004808947,False,False,0.28379825338918396,0.28379825338918396,0.2840203325207944,0.2840203325207944
2000,33.333333333333336,False,False,59.44425139330337,50.0,-12.92706757785551,59.03984444234495,62.60153731016636,54.60655183293515,74.0,9.444251393303368,6.225440308591632,6.287694711677548,6.201764211055549,5.153466857063356,6.122309086977487,5.097799785475773,0.3099220648507071,6.287694711677548,0.24298374732071512,0.4209061975019084,0.25568824095512355,0.24298374732071512,0.4209061975019084,6.143566897649629,6.282142873509077,0.11098413265120127,-0.06693831752999199,-0.005551838168471157,-0.14412781402791897,False,False,0.2840203325207944,0.2840203325207944,0.2842427728929362,0.2842427728929362
2005,33.416666666666664,False,False,59.399486045887,50.0,-13.145979057388217,58.994848214997205,62.55748188717449,54.562074720166436,74.0,9.399486045887002,6.236566034246684,6.298931694589151,6.212854885579353,5.168985554004997,6.132475900685404,5.113541912780485,0.3098182829045072,6.298931694589151,0.24285665735972012,0.4208465644381868,0.25568315212035486,0.24285665735972012,0.4208465644381868,6.154577690451374,6.293185312790164,0.11102828153367961,-0.06696162554478707,-0.005746381798987343,-0.1443540041377771,False,False,0.2842427728929362,0.2842427728929362,0.28446555828630676,0.28446555828630676
2010,33.5,False,False,59.35518829091593,50.0,-13.362647624114246,58.950322796373996,62.51388717533406,54.5180469322556,74.0,9.355188290915933,6.24762777834356,6.310104056126995,6.2238815016207685,5.184443968653572,6.142608664334734,5.1292210487031085,0.3097108146213031,6.310104056126995,0.24272614598274336,0.42078322624246356,0.2556725561920303,0.24272614598274336,0.42078322624246356,6.165525392023308,6.304164531513478,0.11107241162116044,-0.06698466863855976,-0.005939524613517655,-0.1445786641036877,False,False,0.28446555828630676,0.28446555828630676,0.2846886728985595,0.2846886728985595
2015,33.583333333333336,False,False,59.3113500144227,50.0,-13.577107216514861,58.90626000440648,62.47074517327334,54.4744607640581,74.0,9.3113500144227,6.258626440344576,6.321212704748022,6.234844961768393,5.19984281685838,6.152707952622607,5.144837955577102,0.3095997428211376,6.321212704748022,0.24259229208297556,0.4207162630822233,0.2556565493591279,0.24259229208297556,0.4207162630822233,6.176410887564012,6.315081415995183,0.1111165202610857,-0.06700745073816206,-0.006131288752838415,-0.14480181718400953,False,False,0.2846886728985595,0.2846886728985595,0.2849121013332707,0.2849121013332707
2020,33.666666666666664,False,False,59.267963301746946,50.0,-13.78939104550372,58.86265186035358,62.428048086471705,54.431308707649514,74.0,9.267963301746946,6.269562902966399,6.332258531996063,6.245746151779597,5.21518280222009,6.162774320348524,5.160393382655768,0.3094851477152588,6.332258531996063,0.2424551718611629,0.420645752425607,0.25563522598026794,0.2424551718611629,0.420645752425607,6.187235045815598,6.325936836084565,0.11116060471034817,-0.06702997585409592,-0.006321695911498004,-0.1450234861804649,False,False,0.2849121013332707,0.2849121013332707,0.2851358285892843,0.2851358285892843
2025,33.75,False,False,59.22502043137632,50.0,-13.999531614280912,58.8194905795822,62.38578830201588,54.3885834302731,74.0,9.225020431376322,6.2804380325469715,6.343242412872441,6.256585940950082,5.230464616312554,6.1728083031468675,5.175888066346669,0.3093671070714663,6.343242412872441,0.24231485934442495,0.42057176956028963,0.255608678627641,0.24231485934442495,0.42057176956028963,6.19799871942362,6.336731645524034,0.11120466248882332,-0.06705224772704135,-0.006510767348407498,-0.14524369344882082,False,False,0.2851358285892843,0.2851358285892843,0.2853598400502155,0.2853598400502155
2030,33.833333333333336,False,False,59.18251386901148,50.0,-14.207560737579186,58.77676856551901,62.3439583949322,54.3462777790527,74.0,9.18251386901148,6.291252679402952,6.354165206196981,6.267365182473827,5.245688938901075,6.1828104181919175,5.191322730442427,0.3092456963059703,6.354165206196981,0.24217142620231175,0.42049438740959366,0.2555769981602225,0.24217142620231175,0.42049438740959366,6.2087027452877095,6.347466682299856,0.11124869110362334,-0.06707427010365857,-0.006698523897125774,-0.14546246090927184,False,False,0.2853598400502155,0.2853598400502155,0.2855841214743456,0.2855841214743456
2035,33.916666666666664,False,False,59.140436261845295,50.0,-14.41350956032241,58.73447840599068,62.302551118437336,54.304384772111405,74.0,9.140436261845295,6.302007678177944,6.365027754959724,6.278084713793783,5.260856438157171,6.192781164876505,5.206698086348005,0.30912098852013514,6.365027754959724,0.24202494192254148,0.42041367670828633,0.2555402737677014,0.24202494192254148,0.42041367670828633,6.219347944903181,6.35814276898386,0.11129268818815119,-0.06709604659759366,-0.006884985975863955,-0.14567981005654218,False,False,0.2855841214743456,0.2855841214743456,0.2858086589847119,0.2858086589847119
2040,34.0,False,False,59.09878043304803,50.0,-14.617408575713256,58.69261286652053,62.261559399245755,54.262897593995426,74.0,9.098780433048027,6.312703848181825,6.3758308866636435,6.2887453569435205,5.275967770869867,6.202721025465306,5.222014833304402,0.3089930546107098,6.3758308866636435,0.241875473875104,0.42032970606673564,0.2554985929704799,0.241875473875104,0.42032970606673564,6.229935124693966,6.3687607130664565,0.11133665145602584,-0.06711758073560581,-0.0070701735971869795,-0.1458957619696779,False,False,0.2858086589847119,0.2858086589847119,0.2860334390595325,0.2860334390595325
2045,34.083333333333336,False,False,59.05753937644928,50.0,-14.819287642768643,58.651164883685134,62.22097632973762,54.221809588463145,74.0,9.057539376449277,6.323341993721454,6.386575413658668,6.299347918880211,5.29102358265353,6.212630465723802,5.237273658608868,0.308861963380059,6.386575413658668,0.24172308744751314,0.42024254210622314,0.25545204167824526,0.24172308744751314,0.42024254210622314,6.240465076337075,6.379321307281208,0.11138057872616414,-0.06713887593254586,-0.007254106377460268,-0.14611033732159306,False,False,0.2860334390595325,0.2860334390595325,0.28625844852279325,0.28625844852279325
2050,34.166666666666664,False,False,59.01670625140954,50.0,-15.019176003320169,58.61012756240262,62.180795168789956,54.181114258625705,74.0,9.016706251409538,6.333922904423011,6.397262133467241,6.309893191809142,5.306024508152289,6.222509935523861,5.2524752378316,0.3087277815545349,6.397262133467241,0.2415678459877474,0.420152249401934,0.2554007042338981,0.2415678459877474,0.420152249401934,6.250938577078914,6.389825329921221,0.11142446784739912,-0.06715993556678751,-0.007436803546020165,-0.14632355638832717,False,False,0.28625844852279325,0.28625844852279325,0.2864836745352009,0.2864836745352009
2055,34.25,False,False,58.97627437787287,50.0,-15.217102298495519,58.569494167850074,62.14100932794389,54.140805254701455,74.0,8.976274377872869,6.34444735554625,6.407891829101713,6.320381953500068,5.320971171241052,6.232359869426846,5.267620235028943,0.30859057393145123,6.407891829101713,0.24140981107551646,0.4200588907542823,0.2553446634428383,0.24140981107551646,0.4200588907542823,6.261356390043644,6.400273545147615,0.11146831682283109,-0.06718076285593477,-0.007618283954097471,-0.1465354390580691,False,False,0.2864836745352009,0.2864836745352009,0.28670910458527227,0.28670910458527227
2060,34.333333333333336,False,False,58.9362372315941,50.0,-15.413094584698072,58.52925812518093,62.10161238015523,54.1008763808933,74.0,8.936237231594099,6.35491610829088,6.4184652693737885,6.33081496759563,5.335864185223156,6.242180687245133,5.282709302953169,0.30845040334234,6.4184652693737885,0.2412490422903474,0.4199625269570472,0.2552840006022507,0.2412490422903474,0.4199625269570472,6.271719264533869,6.410666703290287,0.11151212361470725,-0.06720136105199256,-0.007798566083501157,-0.14674600483991984,False,False,0.28670910458527227,0.28670910458527227,0.286934726480762,0.286934726480762
2065,34.416666666666664,False,False,58.89658843953307,50.0,-15.607180349099963,58.48941300922318,62.06259803711113,54.06132157569808,74.0,8.896588439533069,6.36532991009534,6.428983209196294,6.341192983912078,5.350704153024693,6.251972794582884,5.29774308325881,0.3083073308550411,6.428983209196294,0.24108559768247814,0.41986321726832004,0.25521879554503357,0.24108559768247814,0.41986321726832004,6.2820279363238685,6.421005541141248,0.11155588641327896,-0.06722173317256294,-0.007977668055045406,-0.14695527287242527,False,False,0.286934726480762,0.286934726480762,0.2871605283402581,0.2871605283402581
2070,34.5,False,False,58.85732177540942,50.0,-15.799386524663802,58.44995254429588,62.023960163758034,54.02213492370394,74.0,8.857321775409417,6.375689494928179,6.43944638987746,6.351516738732558,5.365491667385542,6.261736583356858,5.3127222067055815,0.3081614157369586,6.43944638987746,0.24091953341373154,0.4197610190514307,0.2551491266544417,0.24091953341373154,0.4197610190514307,6.292283127945576,6.431290782240675,0.1115996033144721,-0.06724188232322706,-0.008155607636785689,-0.14716326193188412,False,False,0.2871605283402581,0.2871605283402581,0.2873864985850271,0.2873864985850271
2075,34.583333333333336,False,False,58.81843115541153,50.0,-15.98973950470831,58.410870599424335,61.98569276128559,53.983310640729016,74.0,8.818431155411531,6.385995583572259,6.449855539407982,6.361786955093125,5.380227311047104,6.271472432298054,5.327647293357969,0.30801271552854814,6.449855539407982,0.2407509041037245,0.41965598812120597,0.2550750709373006,0.2407509041037245,0.41965598812120597,6.30248554896756,6.441523137155993,0.11164327259265783,-0.06726181142482365,-0.008332402251988391,-0.14736999044042154,False,False,0.2873864985850271,0.2873864985850271,0.2876126259310822,0.2876126259310822
2080,34.666666666666664,False,False,58.779910634053664,50.0,-16.17826515703196,58.372161180508236,61.94778996501411,53.94484307158105,74.0,8.779910634053664,6.3962488839019995,6.4602113727410195,6.372004343061777,5.394911656936849,6.281180707434907,5.342518952781436,0.30786128619029113,6.4602113727410195,0.2405797628441588,0.4195481787583135,0.2549967039947205,0.2405797628441588,0.4195481787583135,6.312635896267147,6.451703303754087,0.11168689256802239,-0.06728152334613233,-0.008508068986932571,-0.1475754764738726,False,False,0.2876126259310822,0.2876126259310822,0.287838899381481,0.287838899381481
2085,34.75,False,False,58.74175440017517,50.0,-16.36498883760902,58.33381843181901,61.9102460486344,53.9067266931992,74.0,8.741754400175168,6.406450091153861,6.4705145920654,6.3821696000106165,5.409545268349633,6.290861762558745,5.357337784235358,0.3077071820292076,6.4705145920654,0.24040616107190524,0.41943764358239255,0.2549141000806685,0.24040616107190524,0.41943764358239255,6.322734854295977,6.461831967466937,0.11173046155318495,-0.06730102095730237,-0.008682624598463029,-0.14777973776942321,False,False,0.287838899381481,0.287838899381481,0.28806530821880083,0.28806530821880083
2090,34.833333333333336,False,False,58.70395677307664,50.0,-16.54993540387096,58.295836628255095,61.87305540867405,53.868956101099,74.0,8.70395677307664,6.416599888190259,6.480765887072161,6.392283410881457,5.424128699125872,6.30051593967219,5.372104376862641,0.3075504558458306,6.480765887072161,0.24023014888481847,0.41932443386792045,0.25482733217518216,0.24023014888481847,0.41932443386792045,6.3327830953390665,6.471909801550767,0.11177397802208988,-0.0673203069610121,-0.008856085521394164,-0.14798279173309492,False,False,0.28806530821880083,0.28806530821880083,0.28829184199787117,0.28829184199787117
2095,34.916666666666664,False,False,58.6665121987872,50.0,-16.733129227586872,58.25821017073619,61.83621256688652,53.831526010980674,74.0,8.666512198787203,6.426698945757105,6.490965935214676,6.402346448444916,5.438662493826589,6.310143569421158,5.386819309876137,0.3073911590076932,6.490965935214676,0.2400517749578305,0.4192085994603516,0.25473647192579846,0.2400517749578305,0.4192085994603516,6.342781279767688,6.481937467339018,0.1118174404526584,-0.0673393840498627,-0.009028467875657142,-0.1481846554469879,False,False,0.28829184199787117,0.28829184199787117,0.2885184905386409,0.2885184905386409
2100,35.0,False,False,58.69051759958227,50.0,-16.914594207355634,58.282332109449925,61.90417035234711,53.88269036591634,74.0,8.690517599582272,6.436747922735144,6.501115401962496,6.412359373553353,5.453147187905379,6.319744971511053,5.401483152741828,0.30577047405759006,6.501115401962496,0.23753689876942202,0.41675600100264026,0.25347111492287694,0.23753689876942202,0.41675600100264026,6.352730056286102,6.491915614489161,0.1109855269450502,-0.06823357528816804,-0.009199787473334275,-0.1483853456763935,False,False,0.2885184905386409,0.2885184905386409,0.2973336379185299,0.2973336379185299
2105,35.083333333333336,False,False,58.97988040544284,50.0,-17.095227938611714,58.57311814219752,62.35860713923793,54.260992576117964,74.0,8.979880405442842,6.446956948132323,6.511426517613646,6.422322835387632,5.467610695769592,6.329418251845247,5.416094878114171,0.29782733392303273,6.511426517613646,0.22640843984276438,0.405689559176425,0.2471409621665316,0.22640843984276438,0.405689559176425,6.3629788757601675,6.502193694811382,0.10786222525339229,-0.07141889408026836,-0.009232822802264451,-0.1484476418534788,False,False,0.2973336379185299,0.2973336379185299,0.33533674236030386,0.33533674236030386
2110,35.166666666666664,False,False,59.71337442222916,50.0,-17.279649446070877,59.31037270302433,63.321335570470005,55.07278984559378,74.0,9.713374422229158,6.458228155982903,6.5228104375427325,6.432586285285774,5.482199841369517,6.339681452752617,5.430652075230415,0.279408872863587,6.5228104375427325,0.20407756932217486,0.38342044627853455,0.23244913623843788,0.20407756932217486,0.38342044627853455,6.3748098786257605,6.514053849677103,0.10401157341494754,-0.07533130354141215,-0.00875658786562905,-0.14800055891697195,False,False,0.33533674236030386,0.33533674236030386,0.4007552803744643,0.4007552803744643
2115,35.25,False,False,60.77445673770568,50.0,-17.477668768321564,60.37728321404589,64.50441444379251,56.07869948664501,74.0,10.774456737705677,6.472046472001435,6.53676693672145,6.444431864151432,5.497234397302362,6.351647694529188,5.445178526114834,0.25348029451770343,6.53676693672145,0.17701546591932993,0.3564198421672442,0.21180963279671233,0.17701546591932993,0.3564198421672442,6.389878709617352,6.529151724747622,0.10293954764954077,-0.0764648285983735,-0.007615211973828195,-0.14688822710409788,False,False,0.4007552803744643,0.4007552803744643,0.45363566674553946,0.45363566674553946
2120,35.333333333333336,False,False,61.44745408716922,50.0,-17.69955302321908,61.05421513045924,64.87144777616564,56.386265857998985,74.0,11.44745408716922,6.489448836515491,6.554343324880646,6.459515217182487,5.513066656514727,6.366503005534586,5.459785623996871,0.23642412841791155,6.554343324880646,0.1673174705422466,0.3467830888913028,0.19834310092051055,0.1673174705422466,0.3467830888913028,6.408827745067261,6.548129697273461,0.11035896047339128,-0.06910665787566495,-0.006213627607185579,-0.14551557981338537,False,False,0.45363566674553946,0.45363566674553946,0.408787157312279,0.408787157312279
2125,35.416666666666664,False,False,61.21032946866713,50.0,-17.943579009407827,60.81568311763755,64.22336638737215,55.818899986762396,74.0,11.210329468667133,6.508987460200445,6.57407733480245,6.478478721170361,5.529682624406158,6.384085929987127,5.474702361990905,0.23982003395913126,6.57407733480245,0.1792503895062886,0.3587769939009847,0.20121971645162376,0.1792503895062886,0.3587769939009847,6.428772799021935,6.568103582210726,0.11895695994185346,-0.06056964445284266,-0.0059737525917240575,-0.1453045357805145,False,False,0.408787157312279,0.408787157312279,0.28728009222799655,0.28728009222799655
2130,35.5,False,False,59.42494127207811,50.0,-18.191187210242134,59.02043462792205,61.624725224140136,53.59710631825885,74.0,9.424941272078108,6.527478952224185,6.592753741746427,6.49843819061633,5.546516857304444,6.402287223219703,5.490164628483441,0.27903952859733183,6.592753741746427,0.23443747410015855,0.4140248096141246,0.23268624575971444,0.23443747410015855,0.4140248096141246,6.446180645852434,6.585540154831657,0.13498528101679275,-0.04460205449717328,-0.007213586914770254,-0.14657309589399325,False,False,0.28728009222799655,0.28728009222799655,0.06827543437265848,0.06827543437265848
2135,35.583333333333336,False,False,58.49050746811759,50.0,-18.40888542547866,58.08135816906451,61.69250056581872,53.6488874041313,74.0,8.490507468117592,6.539662390202401,6.605059014104425,6.515860400342046,5.562475895395882,6.417200339548494,5.5062009130493585,0.2998464221166614,6.605059014104425,0.23208645696293567,0.41173426979319916,0.24914854287458185,0.23208645696293567,0.41173426979319916,6.454582808419993,6.593970938890295,0.11188784767653775,-0.06775996515372573,-0.011088075214130022,-0.15047620568443154,False,False,0.06827543437265848,0.06827543437265848,0.173146931045374,0.173146931045374
2140,35.666666666666664,False,False,58.245306168964625,50.0,-18.58857166487182,57.834997527843946,61.26036875274198,53.278545108202614,74.0,8.245306168964625,6.548677676531883,6.614164453297201,6.524276873655144,5.5772392115414595,6.427832603152572,5.522434008869274,0.3047677749601462,6.614164453297201,0.2408757171935457,0.4205837546548399,0.25295970361898984,0.2408757171935457,0.4205837546548399,6.463427642233221,6.602844290779734,0.1158159796946937,-0.06389205776660048,-0.01132016251746748,-0.15073681106398062,False,False,0.173146931045374,0.173146931045374,0.2625155157418857,0.2625155157418857
2145,35.75,False,False,58.35927053096572,50.0,-18.75181443115804,57.949497681484004,61.744590744784944,53.68212184448923,74.0,8.359270530965723,6.556994138117641,6.622564079498818,6.533135966506477,5.591469464253469,6.436690739025698,5.538253556383885,0.3011803948998022,6.622564079498818,0.22927771149725762,0.4090457220163721,0.25003443632062955,0.22927771149725762,0.4090457220163721,6.471123279663765,6.610568343747878,0.10786532711656993,-0.07190268340254458,-0.011995735750939929,-0.15144079983505243,False,False,0.2625155157418857,0.2625155157418857,0.31137473814676225,0.31137473814676225
2150,35.833333333333336,False,False,58.28258006816178,50.0,-18.912889195613786,57.872446084495216,61.30770490622446,53.307425795850634,74.0,8.282580068161778,6.565861330766195,6.631519944073857,6.540845811705822,5.60562330761661,6.44545487671154,5.553479350619034,0.30209308525563755,6.631519944073857,0.2380957373170476,0.41792347042722056,0.2507730233385246,0.2380957373170476,0.41792347042722056,6.480606135383179,6.620079513334384,0.115830385171583,-0.06399734793858994,-0.011440430739472873,-0.15091380869067805,False,False,0.31137473814676225,0.31137473814676225,0.2860326806925822,0.2860326806925822
2155,35.916666666666664,False,False,58.25131047476255,50.0,-19.07396503958188,57.841029930073766,61.53391737991848,53.49299228407101,74.0,8.251310474762548,6.574600838292035,6.640346846674955,6.550342824358782,5.619773946191265,6.454379941550381,5.568262847656853,0.3019345708537912,6.640346846674955,0.23221720231779996,0.4121044086531519,0.2506282478709636,0.23221720231779996,0.4121044086531519,6.488783978099055,6.62828556910687,0.11016983779936068,-0.06971736853599125,-0.01206127756808506,-0.1515628685759003,False,False,0.2860326806925822,0.2860326806925822,0.29223689426241,0.29223689426241
2160,36.0,False,False,58.227802120918646,50.0,-19.233138664836602,57.81741165490403,61.35242439755454,53.33419525716494,74.0,8.227802120918646,6.583367658797826,6.649201335385804,6.558534773602963,5.633858688113544,6.463236639663986,5.582807363630627,0.30158807450252423,6.649201335385804,0.2353766740711012,0.4153231053611093,0.25034067181900355,0.2353766740711012,0.4153231053611093,6.497803318814163,6.637333022920119,0.11373503085858505,-0.06621140043142304,-0.011868312465685094,-0.15139801657164131,False,False,0.29223689426241,0.29223689426241,0.293534655497993,0.293534655497993
2165,36.083333333333336,False,False,58.20639089911941,50.0,-19.3911187810627,57.7959005135716,61.433971375077995,53.397576004383765,74.0,8.206390899119413,6.592182504405196,6.658104329449248,6.5675681708671405,5.647901101340764,6.472107781273517,5.597201404598415,0.30118683000609964,6.658104329449248,0.232697153531893,0.412702562595905,0.2500119916204767,0.232697153531893,0.412702562595905,6.506379128895204,6.645936846984936,0.11151573258980535,-0.06848967647420665,-0.012167482464311874,-0.15172520055404437,False,False,0.293534655497993,0.293534655497993,0.294101349019295,0.294101349019295
2170,36.166666666666664,False,False,58.18569460815999,50.0,-19.548034355244894,57.775107816233174,61.349030593516474,53.3203541286005,74.0,8.185694608159992,6.601046260698506,6.667056723305491,6.57615798794007,5.661905998733916,6.481006924951341,5.611490960674678,0.3007637931093086,6.667056723305491,0.23370652312018664,0.41377066386197636,0.24966758608347847,0.23370652312018664,0.41377066386197636,6.515314379112549,6.654900012907917,0.11300687075266774,-0.06705726998912198,-0.012156710397573711,-0.1517423441929413,False,False,0.294101349019295,0.294101349019295,0.29449047885696444,0.29449047885696444
2175,36.25,False,False,58.164777743456106,50.0,-19.70392041456995,57.75409369568034,61.36985337332709,53.33245737931092,74.0,8.164777743456106,6.609955352220015,6.676054905742215,6.585107196010233,5.675875132671034,6.489936391782844,5.625702525899227,0.3003417029844968,6.676054905742215,0.23236570653343072,0.4124883339357896,0.2493252034728812,0.23236570653343072,0.4124883339357896,6.524096827402763,6.663710279454096,0.11214663095129279,-0.06797599645106608,-0.012344626288118832,-0.15195807833945185,False,False,0.29449047885696444,0.29449047885696444,0.29475304449296086,0.29475304449296086
2180,36.333333333333336,False,False,58.142667612554256,50.0,-19.85878164561342,57.73188095418945,61.32124298748003,53.285937201722454,74.0,8.142667612554256,6.618903409610593,6.685092443706699,6.593903553428429,5.68980922836769,6.498894861003201,5.63985118915921,0.2999444750580551,6.685092443706699,0.23256245445931883,0.4127433245786901,0.24900360569122315,0.23256245445931883,0.4127433245786901,6.533038177686704,6.672679351365072,0.11279884952063501,-0.06738202059873627,-0.012413092341627241,-0.15205426601999505,False,False,0.29475304449296086,0.29475304449296086,0.29487580062988555,0.29487580062988555
2185,36.416666666666664,False,False,58.11835486869565,50.0,-20.012598640457654,57.70745560747457,61.31316175553875,53.273653614959244,74.0,8.118354868695647,6.627881215529146,6.694160027684437,6.602858764525887,5.703708145558742,6.507878070388314,5.653945729810562,0.2995971965828176,6.694160027684437,0.23185814745300112,0.4120970174141486,0.24872250185867417,0.23185814745300112,0.4120970174141486,6.541927081161036,6.681595880650632,0.11249982083133103,-0.06773904912981646,-0.012564147033804929,-0.1522329465234007,False,False,0.29487580062988555,0.29487580062988555,0.2948452028017453,0.2948452028017453
2190,36.5,False,False,58.09088628363938,50.0,-20.165327821633994,57.679860092514254,61.2739012266064,53.235064253513976,74.0,8.090886283639378,6.636876651083563,6.703245417594399,6.611761480905834,5.717570830505373,6.516878748980694,5.6679914045758535,0.29932392237196837,6.703245417594399,0.23184553667574656,0.4121421646664636,0.24850078157819555,0.23184553667574656,0.4121421646664636,6.5508766520424855,6.6905729823330455,0.11281824229449522,-0.0674783856962218,-0.01267243526135342,-0.15236876555191348,False,False,0.2948452028017453,0.2948452028017453,0.2946603747519851,0.2946603747519851
2195,36.583333333333336,False,False,58.05948353387439,50.0,-20.31690257577732,57.64831261047393,61.247848948564105,53.20765194205584,74.0,8.059483533874392,6.645874959066904,6.712333708657574,6.6207248171877655,5.731395309739909,6.525886699244334,5.681991294731897,0.2991448190875417,6.712333708657574,0.23154119069299373,0.41189533595884875,0.24835423972722312,0.23154119069299373,0.41189533595884875,6.559791556928356,6.699515323807679,0.11275051687130705,-0.06760362839454798,-0.012818384849894393,-0.15254215172921803,False,False,0.2946603747519851,0.2946603747519851,0.2943375619406299,0.2943375619406299
2200,36.666666666666664,False,False,58.02366168290416,50.0,-20.4672370142855,57.61232615009557,61.20589557399547,53.16685042704051,74.0,8.023661682904162,6.65485940256268,6.721407996588307,6.629653440368017,5.74517877876105,6.534889211524687,5.6959469209487485,0.2990732743836816,6.721407996588307,0.23159317412757632,0.41200459696669445,0.24829327842112436,0.23159317412757632,0.41200459696669445,6.568704480743746,6.708455590790262,0.11293132258301286,-0.06748010025610526,-0.012952405798045241,-0.15270351584456154,False,False,0.2943375619406299,0.2943375619406299,0.29391111539505776,0.29391111539505776
2205,36.75,False,False,57.983324975531495,50.0,-20.61623255073725,57.571804712196496,61.16643316843575,53.12819185379038,74.0,7.983324975531495,6.663812305083346,6.73045042813418,6.638580035767004,5.7589177987601055,6.543871845102829,5.709858542131436,0.29911350039810713,6.73045042813418,0.23159491011568273,0.412063371873565,0.24832100672078924,0.23159491011568273,0.412063371873565,6.577566104364434,6.717344464939859,0.11294987147545787,-0.0675185902824244,-0.013105963194321113,-0.15288432376974637,False,False,0.29391111539505776,0.29391111539505776,0.2934313335233614,0.2934313335233614
2210,36.833333333333336,False,False,57.93881996761982,50.0,-20.76378686766094,57.52709665341504,61.11833200089586,53.08229072438401,74.0,7.938819967619821,6.67271638270554,6.739443546532595,6.647455284652146,5.77260859294129,6.552819532784911,5.7237253546542375,0.2992591132450798,6.739443546532595,0.23179532527181046,0.41232058833618923,0.2484321206291952,0.23179532527181046,0.41232058833618923,6.5863794614520925,6.726184980694129,0.11306147509110942,-0.06746378797326935,-0.013258565838465408,-0.1530640850805023,False,False,0.2934313335233614,0.2934313335233614,0.2929593074331014,0.2929593074331014
2215,36.916666666666664,False,False,57.89093183384893,50.0,-20.90980434357415,57.478990933541446,61.0700165771565,53.03626140801887,74.0,7.890931833848931,6.681556213723821,6.7483717758610595,6.656282221073111,5.786247414894151,6.561717899983429,5.737545696275203,0.29949304225874585,6.7483717758610595,0.23200854101973256,0.4125903688154601,0.24861284280673318,0.23200854101973256,0.4125903688154601,6.595117784628342,6.734950371443485,0.11309732655671423,-0.06748450123901328,-0.013421404417574223,-0.15325399123271755,False,False,0.2929593074331014,0.2929593074331014,0.2925594142630787,0.2925594142630787
2220,37.0,False,False,57.84081893367164,50.0,-21.054206642068976,57.428651339350836,61.018082973134405,52.987236253118255,74.0,7.840818933671642,6.690319648381922,6.757222844865741,6.665034078035914,5.799830945704635,6.570554637473904,5.751317296949167,0.29978891309519895,6.757222844865741,0.23231114423281218,0.41294930121678775,0.24884203504821018,0.23231114423281218,0.41294930121678775,6.603778490939258,6.7436380549956185,0.1131603881215888,-0.06747776886238677,-0.013584789870122904,-0.15344435392648315,False,False,0.2925594142630787,0.2925594142630787,0.29229063253461307,0.29229063253461307
2225,37.083333333333336,False,False,57.78989181117124,50.0,-21.196942002814325,57.37749488661086,60.96708898833492,52.93906061159205,74.0,7.789891811171238,6.698998951144448,6.765988940655893,6.673708272967438,5.813356667173036,6.579320739964851,5.765037581619899,0.30011379069628674,6.765988940655893,0.23260206247472995,0.41329631413085854,0.24909339011469459,0.23260206247472995,0.41329631413085854,6.6123510415367495,6.752237493256999,0.1131825234345718,-0.0675117282215568,-0.013751447398894001,-0.15363789911914338,False,False,0.29229063253461307,0.29229063253461307,0.29219819342585085,0.29219819342585085
2230,37.166666666666664,False,False,57.73857411118323,50.0,-21.33799186956233,57.32594716615397,60.91482805080956,52.88987412821147,74.0,7.738574111183233,6.707591495950332,6.774667410909836,6.682294267396874,5.826823158119657,6.588011428150087,5.778704006203184,0.30045781763974444,6.774667410909836,0.23293051335372947,0.41368062618791746,0.24935918134719942,0.23293051335372947,0.41368062618791746,6.620838259803149,6.760751510357482,0.11322280854817302,-0.06752730428601497,-0.013915900552354366,-0.15382915110668716,False,False,0.29219819342585085,0.29219819342585085,0.29215540475898255,0.29215540475898255
2235,37.25,False,False,57.70468370980944,50.0,-21.477360630841815,57.2919054462325,60.89317770368944,52.866523890921115,74.0,7.704683709809437,6.7160961977364,6.783257159713764,6.690794885080315,5.840229786301383,6.596624884089607,5.792314421377522,0.30039324407598544,6.783257159713764,0.23258111015905703,0.41338685169423905,0.24929644381768415,0.23258111015905703,0.41338685169423905,6.6292369203170605,6.769176881616259,0.11299360761825361,-0.06781213391692842,-0.014080278097504895,-0.1540202393967034,False,False,0.29215540475898255,0.29215540475898255,0.2946107590776949,0.2946107590776949
2240,37.333333333333336,False,False,57.67512220383795,50.0,-21.61527482140538,57.26221233167372,60.859243071616255,52.83284279881006,74.0,7.675122203837951,6.724573090282497,6.7918188211853225,6.69920690096666,5.853584084607676,6.605188497873141,5.805866845241196,0.30022800809647376,6.7918188211853225,0.23250637971927354,0.41336751849047565,0.2491548321753271,0.23250637971927354,0.41336751849047565,6.637649138081455,6.777615722769995,0.11313951039400189,-0.06772162837720022,-0.01420309841532763,-0.15416968310386725,False,False,0.2946107590776949,0.2946107590776949,0.29537221999676283,0.29537221999676283
2245,37.416666666666664,False,False,57.64636877434882,50.0,-21.752006719667236,57.23333123245998,60.8342995466614,52.80676325394519,74.0,7.646368774348822,6.733035268542557,6.800365621227983,6.7076324304257255,5.866895734541517,6.613735998790814,5.819361287124955,0.30004525610047494,6.800365621227983,0.2322329232986183,0.4131492288480523,0.24899930944543486,0.2322329232986183,0.4131492288480523,6.646032482056718,6.786025603505954,0.11310397274757733,-0.06781233280185664,-0.014340017722028975,-0.154333139171265,False,False,0.29537221999676283,0.29537221999676283,0.2956741481463015,0.2956741481463015
2250,37.5,False,False,57.61793497295226,50.0,-21.88762412806362,57.204771511911815,60.804118989117384,52.776294804784165,74.0,7.617934972952263,6.741483400701382,6.808898234708396,6.7160290427813365,5.8801672235597735,6.622274462715188,5.832802466334013,0.2998566409672094,6.808898234708396,0.23207770398317584,0.41304894685536614,0.2488386888021978,0.23207770398317584,0.41304894685536614,6.654411982922612,6.794431555224015,0.11319230588815676,-0.06777893698403353,-0.014466679484381295,-0.15448625178578368,False,False,0.2956741481463015,0.2956741481463015,0.29591268300359463,0.29591268300359463
2255,37.583333333333336,False,False,57.58974546189723,50.0,-22.022146063622557,57.17645748827026,60.77767992704658,52.749003575368675,74.0,7.58974546189723,6.749916559238361,6.817415724830745,6.724421769073313,5.893399296209999,6.630804588308603,5.8461952623131275,0.29966406298308357,6.817415724830745,0.23184087861910657,0.4128668303560519,0.2486743599120473,0.23184087861910657,0.4128668303560519,6.6627697350253845,6.8028156729838525,0.1132027673729683,-0.067823184363977,-0.014600051846892725,-0.1546459898053607,False,False,0.29591268300359463,0.29591268300359463,0.2961417288487675,0.2961417288487675
2260,37.666666666666664,False,False,57.561783660816026,50.0,-22.155584711835445,57.14837249961538,60.74923637836435,52.72004836825615,74.0,7.561783660816026,6.75833368676262,6.825917023630246,6.732792704004618,5.906592445953878,6.6393262026806985,5.859543007659948,0.299468025002443,6.825917023630246,0.2316505515706258,0.4127309847069892,0.24850665348408257,0.2316505515706258,0.4127309847069892,6.671115212290776,6.811187431418004,0.1132629597045462,-0.06781747343181721,-0.014729592212241904,-0.15480181133946935,False,False,0.2961417288487675,0.2961417288487675,0.2963689138166195,0.2963689138166195
2265,37.75,False,False,57.5340428217112,50.0,-22.287951141634935,57.12050976134803,60.72243900404893,52.6925049487564,74.0,7.534042821711203,6.766733795303387,6.834401133256421,6.741151321854391,5.91974711958176,6.647839014614976,5.872847783174006,0.2992687865636071,6.834401133256421,0.23142546936884792,0.41256015742718244,0.24833572070588164,0.23142546936884792,0.41256015742718244,6.6794408480465455,6.8195392645544475,0.11329137086357532,-0.0678433171947592,-0.014861868701973258,-0.15496028520987526,False,False,0.2963689138166195,0.2963689138166195,0.2965954911273593,0.2965954911273593
2270,37.833333333333336,False,False,57.50651853440049,50.0,-22.419256129832362,57.09286483659455,60.694953034490894,52.66440665628885,74.0,7.506518534400492,6.77511599128862,6.842867151201506,6.7494900563004965,5.932863747061047,6.6563427231610905,5.886110945581457,0.29906654132364563,6.842867151201506,0.23121775061174907,0.4124064680977507,0.24816166863142827,0.23121775061174907,0.4124064680977507,6.687749962871518,6.827874493665734,0.1133399267741051,-0.06784879071189656,-0.014992657535771947,-0.15511718832998778,False,False,0.2965954911273593,0.2965954911273593,0.296821744337769,0.296821744337769
2275,37.916666666666664,False,False,57.47920723142423,50.0,-22.549510303942768,57.06543413361451,60.6682598240602,52.637001328832085,74.0,7.479207231424233,6.783479474431681,6.851314269175998,6.757812228268626,5.9459427469759865,6.664837035996724,5.899333469642676,0.29886145310383655,6.851314269175998,0.23099444373990585,0.412236966137701,0.24798458734362613,0.23099444373990585,0.412236966137701,6.696039178174257,6.836189740847691,0.11337551303386445,-0.0678670093639307,-0.015124528328307463,-0.15527509100174086,False,False,0.296821744337769,0.296821744337769,0.2970477666104255,0.2970477666104255
2280,38.0,False,False,57.45210574881968,50.0,-22.678724176666137,57.038214469069,60.64140931047669,52.60948887452471,74.0,7.452105748819683,6.7918235319897455,6.859741767309643,6.766114459510974,5.958984528082099,6.673321673419732,5.912516128300476,0.29865366693111356,6.859741767309643,0.2307767979133134,0.41207290168077404,0.24780455815430288,0.2307767979133134,0.41207290168077404,6.704309472797006,6.844485985623455,0.11341923474966048,-0.06787686901780016,-0.015255781686188463,-0.15543229451263674,False,False,0.2970477666104255,0.2970477666104255,0.2972735963779094,0.2972735963779094
2285,38.083333333333336,False,False,57.42521115252914,50.0,-22.806908157209392,57.011202887909704,60.61500149820377,52.582374609306406,74.0,7.425211152529137,6.800147532143949,6.868149007465389,6.77439772921023,5.9719894900238435,6.68179636927739,5.925659581566336,0.2984433140351939,6.868149007465389,0.23055148711289766,0.4119009496769884,0.24762165686956908,0.23055148711289766,0.4119009496769884,6.712559213978084,6.8527615959058945,0.11345763564179451,-0.06789182692229626,-0.015387411559494524,-0.15558979348730517,False,False,0.2972735963779094,0.2972735963779094,0.2974992509441587,0.2974992509441587
2290,38.166666666666664,False,False,57.39852065875544,50.0,-22.934072555459537,56.984396589143046,60.58864879601406,52.5553321773446,74.0,7.398520658755437,6.808450917409846,6.876535426583945,6.782660404941989,5.984958023784748,6.6902608709583875,5.938764420141025,0.2982305143103986,6.876535426583945,0.23032720743447554,0.41172980718663077,0.24743595526874743,0.23032720743447554,0.41172980718663077,6.720788532326773,6.8610167029725915,0.11349929287623217,-0.06790330687592305,-0.015518723611353202,-0.15574689425717203,False,False,0.2974992509441587,0.2974992509441587,0.2977247382171844,0.2977247382171844
2295,38.25,False,False,57.37203159405018,50.0,-23.060227583376033,56.95779287940139,60.56259327320426,52.528565380686814,74.0,7.372031594050178,6.81673319836778,6.884900530351458,6.790902617649682,5.997890512024406,6.698714939027066,5.951831187540644,0.29801537807934436,6.884900530351458,0.2300986001087061,0.4115541164002352,0.2472475219536591,0.2300986001087061,0.4115541164002352,6.728996558454089,6.869250438096641,0.11353873832089084,-0.06791677797063828,-0.01565009225481706,-0.15590397189736915,False,False,0.2977247382171844,0.2977247382171844,0.2979500616208817,0.2979500616208817
2300,38.333333333333336,False,False,57.34574137351505,50.0,-23.185383355218747,56.93138915694207,60.53667589787283,52.50194030485647,74.0,7.345741373515047,6.8249939478088475,6.893243887286936,6.799123498275365,6.010787329359585,6.707158346714353,5.964860392072095,0.2977980070850208,6.893243887286936,0.22986925152935267,0.41137746466687547,0.24705642277326662,0.22986925152935267,0.41137746466687547,6.737183152538483,6.8774626621124275,0.11357945758185467,-0.06792875555566813,-0.01578122517450886,-0.15606073474845328,False,False,0.2979500616208817,0.2979500616208817,0.2981752223057672,0.2981752223057672
2305,38.416666666666664,False,False,57.31964748766644,50.0,-23.309549887298957,56.90518289528795,60.51099344311335,52.47553836521318,74.0,7.319647487666437,6.833232795316878,6.901565123270046,6.807322907325455,6.023648842614303,6.715590879356835,5.977852513917148,0.29757849544612325,6.901565123270046,0.22963703282096024,0.4111977240618725,0.2468627211897456,0.22963703282096024,0.4111977240618725,6.74534780714776,6.885652868237596,0.11361922861574925,-0.06794146262516301,-0.015912255032450418,-0.1562173161222864,False,False,0.2981752223057672,0.2981752223057672,0.29840022018521556,0.29840022018521556
2310,38.5,False,False,57.293747493683505,50.0,-23.432737097562637,56.87917163422193,60.48547980090237,52.44930385451717,74.0,7.2937474936835045,6.841449422275844,6.909863916498603,6.8155003376926775,6.036475411050333,6.724012333825002,5.99080800975184,0.29735693039192485,6.909863916498603,0.22940344674802432,0.4110163982959888,0.24666647841027045,0.22940344674802432,0.4110163982959888,6.753490329653971,6.893820864487998,0.11365946790406395,-0.06795348364390053,-0.01604305201060452,-0.15637358684463187,False,False,0.29840022018521556,0.29840022018521556,0.29862505444351695,0.29862505444351695
2315,38.583333333333336,False,False,57.24686904555927,50.0,-23.554954805147858,56.83209248928143,60.42392563167547,52.3927890254001,74.0,7.246869045559272,6.849643557279814,6.918139992852612,6.823655597070985,6.049267386583811,6.732422517959489,6.0037273160344,0.29764322781566077,6.918139992852612,0.22998340625014718,0.41164840125061714,0.2468764437650407,0.22998340625014718,0.41164840125061714,6.761610405380794,6.901966336825137,0.11400517343495636,-0.06765982156551359,-0.016173656027474337,-0.15652958747181778,False,False,0.29862505444351695,0.29862505444351695,0.295874126657929,0.295874126657929
2320,38.666666666666664,False,False,57.369850009331444,50.0,-23.67597593810399,56.955601865069006,60.67660043989509,52.60071529261171,74.0,7.369850009331444,6.857742393356245,6.926319817289808,6.831788371102966,6.0620156249835375,6.7407873666585125,6.016611401434874,0.2938532693612615,6.926319817289808,0.22351845107133234,0.40523527360709855,0.2438148933627872,0.22351845107133234,0.40523527360709855,6.769587013244963,6.9099682647976515,0.11138200424583705,-0.07033481828992916,-0.01635155249215625,-0.1567328040448448,False,False,0.295874126657929,0.295874126657929,0.3197646735958543,0.3197646735958543
2325,38.75,False,False,57.44884765283056,50.0,-23.79747361194852,57.0349421856669,60.651704504419044,52.574794946951464,74.0,7.448847652830558,6.866329884809343,6.934993183657436,6.839777639021307,6.074786981047115,6.749345850936277,6.029454902293008,0.29107726684278534,6.934993183657436,0.22319791407136597,0.40496634915813584,0.2415905695718266,0.22319791407136597,0.40496634915813584,6.778468710797333,6.918875206582423,0.1138890823153505,-0.06787935277141938,-0.01611797707501328,-0.15652447286010318,False,False,0.3197646735958543,0.3197646735958543,0.31505866402959104,0.31505866402959104
2330,38.833333333333336,False,False,57.369492418790585,50.0,-23.920768254937656,56.95524272921499,60.531856043956196,52.46898003098251,74.0,7.3694924187905855,6.87523706308236,6.943989433713184,6.848671958689878,6.08763805943452,6.758288113648916,6.042264097069636,0.2920673800495024,6.943989433713184,0.225010661072654,0.4068304946546545,0.2423795141921346,0.225010661072654,0.4068304946546545,6.787317416141175,6.927749080902947,0.1147631146051521,-0.0670567189768484,-0.016240352810236836,-0.1566720175720091,False,False,0.31505866402959104,0.31505866402959104,0.2939053105191722,0.2939053105191722
2335,38.916666666666664,False,False,57.379953954739264,50.0,-24.04358077857593,56.96574949810599,60.62824080175017,52.545328520367036,74.0,7.379953954739264,6.883909382871805,6.952748476700523,6.857533248522061,6.100480642072416,6.767284444928857,6.055085140967087,0.2909276783030691,6.952748476700523,0.22201298076770803,0.40388399971331823,0.24143771002759423,0.22201298076770803,0.40388399971331823,6.795773125589482,6.936229884686673,0.11295632141024914,-0.06891469753536106,-0.016518592013849975,-0.15697535111104077,False,False,0.2939053105191722,0.2939053105191722,0.30627439456563543,0.30627439456563543
2340,39.0,False,False,57.406464957277905,50.0,-24.165194860423554,56.99237532623093,60.61485300695034,52.52917237580393,74.0,7.406464957277905,6.892662360426786,6.961588984031054,6.866001505138078,6.113285437509382,6.7762299489175115,6.067928687301716,0.2893958746360113,6.961588984031054,0.22144114347614755,0.4033631355735565,0.24019255203652393,0.22144114347614755,0.4033631355735565,6.8045957841894005,6.945077563589507,0.11396726093754522,-0.06795473115986375,-0.016511420441546854,-0.15699319984165339,False,False,0.30627439456563543,0.30627439456563543,0.3090441394121324,0.3090441394121324
2345,39.083333333333336,False,False,57.435690439160005,50.0,-24.28675369877186,57.02172772169458,60.67509933395277,52.575050054817375,74.0,7.435690439160005,6.901547604869376,6.97056308091807,6.874836673889454,6.126099235179273,6.785290625106575,6.080765632327982,0.2877869345894396,6.97056308091807,0.21922118150691802,0.40119393545981075,0.2388870577407488,0.21922118150691802,0.40119393545981075,6.813418617793847,6.953925344067467,0.11340700087037114,-0.06856575308252158,-0.01663773685060299,-0.15714446312422314,False,False,0.3090441394121324,0.3090441394121324,0.31007841948171866,0.31007841948171866
2350,39.166666666666664,False,False,57.46138878358273,50.0,-24.40844057837593,57.04753795081269,60.68216312859607,52.5760876731152,74.0,7.461388783582727,6.910569412416678,6.979675106540845,6.883671980930657,6.138931104200309,6.794493127057783,6.0935939729745465,0.28624988351575664,6.979675106540845,0.21817051083966688,0.40019381626293477,0.23763881722165936,0.21817051083966688,0.40019381626293477,6.822464980833744,6.962996581148986,0.11394393274717812,-0.06807937267608977,-0.016678525391858656,-0.1572101257071008,False,False,0.31007841948171866,0.31007841948171866,0.3102603031197298,0.3102603031197298
2355,39.25,False,False,57.47754252124063,50.0,-24.530225627288473,57.06376215563259,60.70684518806335,52.59197547842425,74.0,7.477542521240629,6.919710753579432,6.988907861115226,6.892730780991365,6.151781546183437,6.803832903812329,6.106422291644766,0.2849300223088903,6.988907861115226,0.21672145516871935,0.39879510258419826,0.23656323398558926,0.21672145516871935,0.39879510258419826,6.8315635637741945,6.972119965891121,0.11386508027530795,-0.06820856714017096,-0.016787895224105398,-0.15734429734103195,False,False,0.3102603031197298,0.3102603031197298,0.30956768049183714,0.30956768049183714
2360,39.333333333333336,False,False,57.47811578151161,50.0,-24.651950162538697,57.06433791811463,60.69377762991128,52.57604271398263,74.0,7.478115781511612,6.928934756889816,6.998224104458714,6.901841764832658,6.164645566682742,6.813286182618386,6.119258064012828,0.2839747778282799,6.998224104458714,0.21610684247918543,0.39823062331141873,0.23577735057328938,0.21610684247918543,0.39823062331141873,6.840760580813737,6.98134171307888,0.11425584548313883,-0.06786793534909447,-0.01688239137983416,-0.15746352364497707,False,False,0.30956768049183714,0.30956768049183714,0.30794592184650404,0.30794592184650404
2365,39.416666666666664,False,False,57.457882263196844,50.0,-24.77333359942331,57.044016148095906,60.66944284714226,52.55064138630721,74.0,7.4578822631968436,6.9381852787562845,7.007567131543848,6.911051146946308,6.1775126666517295,6.822810624580209,6.132104852774645,0.28351423835165407,7.007567131543848,0.21574653244610265,0.3979202390181297,0.2353842483008066,0.21574653244610265,0.3979202390181297,6.849934260440993,6.990540051781905,0.1144060006664756,-0.06776770590555142,-0.01702707976194251,-0.1576328711028543,False,False,0.30794592184650404,0.30794592184650404,0.3054562703976432,0.3054562703976432
2370,39.5,False,False,57.413428333679704,50.0,-24.893986424559472,56.99936890981754,60.61121318710038,52.49672268289277,74.0,7.413428333679704,6.947390264386217,7.0168641670300795,6.920237156111449,6.190367102925219,6.83234690795451,6.144961666080819,0.28363734356598796,7.0168641670300795,0.21615052701669116,0.39837395254586205,0.23545412135686095,0.21615052701669116,0.39837395254586205,6.859042979286174,6.999673359206039,0.11473660897987409,-0.06748681654929681,-0.01719080782404081,-0.15782118774390597,False,False,0.3054562703976432,0.3054562703976432,0.3023075898472211,0.3023075898472211
2375,39.583333333333336,False,False,57.344011741583934,50.0,-25.013441733706912,56.92965206722563,60.53229259677831,52.425461459117386,74.0,7.344011741583934,6.956468408288998,7.026033092371888,6.929358169246106,6.20318897418144,6.84182317328853,6.15782272416928,0.28437104206232106,7.026033092371888,0.2170352597609676,0.39930819835478204,0.23600776568432594,0.2170352597609676,0.39930819835478204,6.867980172177651,7.0086350707499445,0.11493715629246098,-0.06733578230135345,-0.01739802162194337,-0.1580529201942369,False,False,0.3023075898472211,0.3023075898472211,0.2988447580291689,0.2988447580291689
2380,39.666666666666664,False,False,57.25203727780443,50.0,-25.13120464199605,56.837282803958324,60.428378890521394,52.33327732508588,74.0,7.252037277804433,6.965338514414507,7.034991899558651,6.938307621463798,6.215956159811028,6.851162322812669,6.170677561770972,0.2856678894017932,7.034991899558651,0.21850497100327418,0.400827217655244,0.23700681582090513,0.21850497100327418,0.400827217655244,6.876681067196464,7.017360415059655,0.11515932825345077,-0.06716291839851904,-0.01763148449899621,-0.15831083236218735,False,False,0.2988447580291689,0.2988447580291689,0.29550232816826444,0.29550232816826444
2385,39.75,False,False,57.142983923784094,50.0,-25.246813192020795,56.72776580107499,60.31151622231474,52.23035737835828,74.0,7.142983923784094,6.973930162692282,7.043669464319205,6.94702074112806,6.228646890612235,6.860291287411587,6.183511660554828,0.28740607593053935,7.043669464319205,0.22029887998824618,0.40267023057378626,0.23835388320098902,0.22029887998824618,0.40267023057378626,6.885072965694834,7.025776694047155,0.11526415464324691,-0.06710719594229317,-0.017892770272049496,-0.15859649862437042,False,False,0.29550232816826444,0.29550232816826444,0.29273168272291844,0.29273168272291844
2390,39.833333333333336,False,False,57.024738068432306,50.0,-25.35990065928509,56.60902268410178,60.187409861004795,52.12152756206398,74.0,7.024738068432306,6.98219377204345,7.052015709763885,6.955424829870995,6.241242545703842,6.8691507541620584,6.1963077103087185,0.28940337515932696,7.052015709763885,0.22229347319436563,0.40471372446670406,0.23990375810822118,0.22229347319436563,0.40471372446670406,6.893122850584858,7.033850891179094,0.1153103493073771,-0.06710990196496133,-0.018164818584790687,-0.1588928591790273,False,False,0.29273168272291844,0.29273168272291844,0.2909171052156119,0.2909171052156119
2395,39.916666666666664,False,False,56.898283646153736,50.0,-25.47024763420498,56.482042776204665,60.053955175732774,52.005035422078855,74.0,6.898283646153736,6.990108059934131,7.060009140533472,6.963486870881976,6.253730168538496,6.87770354395849,6.209047428179438,0.2916397709829653,7.060009140533472,0.22453832380827987,0.40700727339439624,0.24164169803320876,0.22453832380827987,0.40700727339439624,6.90081934912076,7.041571634259124,0.11536750241143096,-0.06710144717468541,-0.01843750627434826,-0.15918979141271183,False,False,0.2909171052156119,0.2909171052156119,0.2891553631015627,0.2891553631015627
2400,40.0,False,False,56.850285191018735,50.0,-25.577729941937818,56.433846566009514,60.060825071326896,52.00658263760161,74.0,6.850285191018735,6.997655368821809,7.067631922510027,6.971195491689942,6.266100557501768,6.885926906951332,6.2217139149833764,0.2920255876008923,7.067631922510027,0.2236601822061218,0.4061776286027065,0.24189394565551084,0.2236601822061218,0.4061776286027065,6.908142530033141,7.0489189925621645,0.1141520410018142,-0.06836540539477051,-0.018712929947862555,-0.15948939247688632,False,False,0.2891553631015627,0.2891553631015627,0.2994974552943498,0.2994974552943498
2405,40.083333333333336,False,False,56.82408635229387,50.0,-25.683120307193548,56.40754018291276,60.014877344101755,51.96374515318229,74.0,6.824086352293868,7.005115280947063,7.075166433756533,6.978530761297653,6.278383697529417,6.893938625743653,6.23429102639792,0.29189488366600924,7.075166433756533,0.22396206000905527,0.4065278025784952,0.2417426155438534,0.22396206000905527,0.4065278025784952,6.915571479655871,7.05637205296136,0.11463291891248595,-0.06793282365695397,-0.018794380795172927,-0.15959495410066182,False,False,0.2994974552943498,0.2994974552943498,0.30254469949658314,0.30254469949658314
2410,40.166666666666664,False,False,56.801063749338844,50.0,-25.787453174816108,56.38442330426768,60.00702824866734,51.952945263634646,74.0,6.801063749338844,7.012563222744005,7.082688854971445,6.985971766308616,6.290623126652677,6.901898776657166,6.246771926178592,0.2916890241064721,7.082688854971445,0.22341230585930721,0.40602614482569144,0.2415343587624648,0.22341230585930721,0.40602614482569144,6.922931017863808,7.063755635865844,0.11433712071921937,-0.06827671824716486,-0.018933219105600863,-0.15975783710763647,False,False,0.30254469949658314,0.30254469949658314,0.3031593316586716,0.3031593316586716
2415,40.25,False,False,56.778660207497744,50.0,-25.890985840961164,56.36192822903077,59.97571183908075,51.9224375316088,74.0,6.778660207497744,7.020008199966341,7.090208281966005,6.993343326864826,6.302829839595995,6.9098463655878515,6.259173034973769,0.29146878251949604,7.090208281966005,0.2233874948569209,0.4060492313020724,0.24131539929162502,0.2233874948569209,0.4060492313020724,6.930333424278281,7.071182021426261,0.11458044878257634,-0.06808128766257515,-0.019026260539743767,-0.1598748576877238,False,False,0.3031593316586716,0.3031593316586716,0.30344039058199124,0.30344039058199124
2420,40.333333333333336,False,False,56.75650326520631,50.0,-25.99375978130685,56.3396809615048,59.95974004369993,51.90484120737419,74.0,6.756503265206312,7.027450237484431,7.0977247398592755,7.000757722852271,6.315005656514357,6.917786570297977,6.271513436368293,0.29124314230766685,7.0977247398592755,0.2230200226484634,0.40572945850799225,0.24109251080340074,0.2230200226484634,0.40572945850799225,6.93770458628474,7.078577097552472,0.1144863162003254,-0.06822311965920344,-0.019147642306803547,-0.16002015357453558,False,False,0.30344039058199124,0.30344039058199124,0.3036731066508198,0.3036731066508198
2425,40.416666666666664,False,False,56.73452644758603,50.0,-26.095786777257388,56.317614750241354,59.934290115001794,51.87929646559194,74.0,6.734526447586028,7.034888181492451,7.105237063307375,7.008140841918606,6.327151124538019,6.925719909563697,6.2838058063882825,0.29101382360358913,7.105237063307375,0.22286514562048157,0.4056220836798611,0.24086693416343224,0.22286514562048157,0.4056220836798611,6.945088802409875,7.085985163290718,0.11460826007627195,-0.06814867798310756,-0.01925190001665733,-0.16014826089750045,False,False,0.3036731066508198,0.3036731066508198,0.3038973154283749,0.3038973154283749
2430,40.5,False,False,56.712711748796714,50.0,-26.19707419883862,56.295711511129376,59.91515541739449,51.859074713861204,74.0,6.712711748796714,7.0423207831633805,7.112743990995014,7.015536982850296,6.339266595953494,6.933646224265527,6.296057271839109,0.29078138648974344,7.112743990995014,0.22256971355153715,0.40537395744220306,0.24063902878083357,0.22256971355153715,0.40537395744220306,6.9524561114922205,7.093376257994263,0.11459257095245962,-0.06821167293820629,-0.019367733000750675,-0.16028787950279355,False,False,0.3038973154283749,0.3038973154283749,0.30411927109990977,0.30411927109990977
2435,40.583333333333336,False,False,56.69105142504723,50.0,-26.29762858820581,56.27396346611454,59.892256602014605,51.83570724186779,74.0,6.6910514250472275,7.049746861330523,7.120244329943828,7.0229161847432415,6.351352381634335,6.941565243726323,6.308271742982615,0.2905461363604445,7.120244329943828,0.2223593458302155,0.40521070002568615,0.2404089648349782,0.2223593458302155,0.40521070002568615,6.959823452360666,7.100767321001959,0.11466456366524164,-0.06818679053022902,-0.019477008941869656,-0.16042087758316192,False,False,0.30411927109990977,0.30411927109990977,0.3043402713102365,0.3043402713102365
2440,40.666666666666664,False,False,56.6695409468116,50.0,-26.397456250057587,56.25236606160868,59.87200940729525,51.81458455741776,74.0,6.669540946811601,7.057165328899788,7.127736982188786,7.0302953866813125,6.363408776525336,6.949476678983032,6.320451479077287,0.29030829143584924,7.127736982188786,0.22209057212241368,0.404988841934434,0.24017685183985124,0.22209057212241368,0.404988841934434,6.967178410422646,7.108145938226471,0.11468055049858478,-0.06821771931343557,-0.019591043962314814,-0.1605585717661402,False,False,0.3043402713102365,0.3043402713102365,0.3045607104575049,0.3045607104575049
2445,40.75,False,False,56.64817712545322,50.0,-26.496563384506032,56.2309160937635,59.8503186256419,51.79226647624299,74.0,6.648177125453223,7.064575194655411,7.135220946601965,7.037662174324558,6.3754360655765305,6.957380243526381,6.33259791549994,0.2900680276442472,7.135220946601965,0.22185514667308587,0.4048001382477917,0.23994277318656715,0.22185514667308587,0.4048001382477917,6.974527200273164,7.115518324763357,0.11473211060354449,-0.06821288097116135,-0.019702621838607826,-0.16069374632880074,False,False,0.3045607104575049,0.3045607104575049,0.3047807468684691,0.3047807468684691
2450,40.833333333333336,False,False,56.62695742572192,50.0,-26.59495612960029,56.20961101206512,59.8297893719738,51.77094156047009,74.0,6.626957425721919,7.071975559046134,7.142695314636596,7.045022762518261,6.387434525833616,6.965275659709651,6.34471206686817,0.2898254957996869,7.142695314636596,0.22159483062474405,0.4045863509388487,0.23970679889730492,0.22159483062474405,0.4045863509388487,6.981864461418505,7.12287912061481,0.11476085513916179,-0.06823066517494286,-0.019816194021785805,-0.16083085321809065,False,False,0.3047807468684691,0.3047807468684691,0.30500045352750565,0.30500045352750565
2455,40.916666666666664,False,False,56.60587966750003,50.0,-26.692640577971133,56.18844862410121,59.8087569583155,51.74921165987175,74.0,6.605879667500027,7.079365608198746,7.150159264280734,7.0523717910166575,6.399404427426931,6.973162661055371,6.356794719391538,0.28958082931812895,7.150159264280734,0.2213469747636545,0.40438483162065797,0.23946899123352525,0.2213469747636545,0.40438483162065797,6.98919225610713,7.130230388520613,0.11480400230252902,-0.06823385455447445,-0.01992887576012059,-0.16096700817360343,False,False,0.30500045352750565,0.30500045352750565,0.3052198669427432,0.3052198669427432
2460,41.0,False,False,56.58494188555226,50.0,-26.789622783648497,56.16742695414713,59.78827848111436,51.72796476111536,74.0,6.5849418855522615,7.086744607523446,7.1576120535986805,7.059711322313872,6.411346034135515,6.981040993005946,6.368846523840822,0.2893341482776123,7.1576120535986805,0.22108797099986693,0.4041719730262835,0.23922940730240044,0.22108797099986693,0.4041719730262835,6.9965081033032375,7.1375696479317225,0.11483782474867121,-0.06824617727774535,-0.02004240566695792,-0.161103950295443,False,False,0.3052198669427432,0.3052198669427432,0.30543900682279124,0.30543900682279124
2465,41.083333333333336,False,False,56.56414225919212,50.0,-26.885908764638614,56.14654416925738,59.76767660188686,51.706632097449564,74.0,6.564142259192117,7.094111895435465,7.1650530143898195,7.06703887561748,6.423259603760623,6.988910413004946,6.380868042361852,0.2890855618433307,7.1650530143898195,0.22083305292643313,0.40396300956804343,0.23898810043324376,0.22083305292643313,0.40396300956804343,7.003812498853461,7.144897395177031,0.11487744772471276,-0.06825250891689755,-0.020155619212788523,-0.16124051553635876,False,False,0.30543900682279124,0.30543900682279124,0.30565788471619953,0.30565788471619953
2470,41.166666666666664,False,False,56.62383545798825,50.0,-26.98150450357916,56.206476497946426,59.88514048970358,51.80122721621813,74.0,6.62383545798825,7.101466877398737,7.172481546172724,7.074354947015246,6.435145388406165,6.9967706902778515,6.3928597737027415,0.2868940575693159,7.172481546172724,0.2174668980489267,0.4006426195670485,0.2371908242526388,0.2174668980489267,0.4006426195670485,7.011104173322279,7.152212361298801,0.11374856199773259,-0.06942715952038922,-0.02026918487392315,-0.1613773728504455,False,False,0.30565788471619953,0.30565788471619953,0.3171712003654295,0.3171712003654295
2475,41.25,False,False,56.77052519766588,50.0,-27.077180509729118,56.35376003234492,60.062813675508295,51.9463955400714,74.0,6.770525197665883,7.109084512137155,7.180175357258527,7.08165826731054,6.447039652831207,7.004750219053213,6.4048200806718185,0.28258444793509624,7.180175357258527,0.2127118127150555,0.3959331101828353,0.23370952535665312,0.2127118127150555,0.3959331101828353,7.018841795935118,7.159973215995825,0.11334866224773904,-0.06987263522004075,-0.020202141262702256,-0.16133356132340904,False,False,0.3171712003654295,0.3171712003654295,0.33029091174791325,0.33029091174791325
2480,41.333333333333336,False,False,56.97457598835111,50.0,-27.174490047580747,56.55865137467156,60.298588229189356,52.14048285970433,74.0,6.974575988351113,7.117252815912739,7.188425344071867,7.089407505965472,6.459017762382969,7.013110879677539,6.416752277340213,0.276858302459641,7.188425344071867,0.20660949542261284,0.38987618072134,0.22910831001886436,0.20660949542261284,0.38987618072134,7.02721622333836,7.168370816383453,0.11301787826169901,-0.07024880703702815,-0.02005452768841387,-0.16120912073350624,False,False,0.33029091174791325,0.33029091174791325,0.33999804032107067,0.33999804032107067
2485,41.416666666666664,False,False,57.19238475534985,50.0,-27.274721020161294,56.7773760645304,60.51917557288553,52.321861850527185,74.0,7.192384755349849,7.126148939563796,7.197410428959434,7.097793519860907,6.47114602281847,7.0220727023912355,6.428684181931103,0.2707550677395375,7.197410428959434,0.2007908744592062,0.38410276027464446,0.22421597026764176,0.2007908744592062,0.38410276027464446,7.036389485451905,7.177567192846227,0.11334769253510696,-0.0699641932803313,-0.01984323611320704,-0.1610209435075287,False,False,0.33999804032107067,0.33999804032107067,0.3440790298373754,0.3440790298373754
2490,41.5,False,False,57.41677610850222,50.0,-27.378441227587487,57.00273121474418,60.75987198558181,52.52032602692913,74.0,7.416776108502219,7.135795440366603,7.207153394770269,7.106978339149066,6.4834592037818854,7.031735987575446,6.440662939686318,0.2644473405784993,7.207153394770269,0.19447680938142076,0.3778337092001619,0.21916438012317485,0.19447680938142076,0.3778337092001619,7.046283763642974,7.187484527211691,0.11338636862166263,-0.06997053119707852,-0.019668867558578107,-0.16086963112729524,False,False,0.3440790298373754,0.3440790298373754,0.34728172233768917,0.34728172233768917
2495,41.583333333333336,False,False,57.48827443047894,50.0,-27.48573448695575,57.074540939412316,60.726059372984295,52.486906778861844,74.0,7.488274430478938,7.1461906136213615,7.217652519757575,7.116884145427332,6.495970050310361,7.042120022230701,6.452736818709545,0.26170558818948847,7.217652519757575,0.1941863112146804,0.3775880393205181,0.2169695206899178,0.1941863112146804,0.3775880393205181,7.056936961095111,7.1981607231194635,0.11588245113102963,-0.06751927697480806,-0.019491796638111403,-0.16071555866246356,False,False,0.34728172233768917,0.34728172233768917,0.3281381537390578,0.3281381537390578
2500,41.666666666666664,False,False,57.2970676085842,50.0,-27.59513799630834,56.8825059968185,60.42050582236037,52.22427600708337,74.0,7.2970676085842,7.156787146652276,7.2283550181187985,7.127548842107288,6.508616689921975,7.052977597618825,6.46494573964066,0.26516984380023134,7.2283550181187985,0.19995330594935568,0.3833996774196777,0.2197197658240384,0.19995330594935568,0.3833996774196777,7.067412809594852,7.208659512807921,0.11822983361944633,-0.06521653785087567,-0.01969550531087716,-0.16094220852394692,False,False,0.3281381537390578,0.3281381537390578,0.2922553981494137,0.2922553981494137
2505,41.75,False,False,56.86067770378008,50.0,-27.70279125589859,56.44428181677894,59.87311028127145,51.759043159701946,74.0,6.860677703780077,7.1666807468550235,7.238347554323574,7.138036161201386,6.521216182953244,7.063641654166837,6.477310968557295,0.2745769662541534,7.238347554323574,0.21128126185198026,0.3947720925541812,0.22718565517320713,0.21128126185198026,0.3947720925541812,7.0767950183522625,7.2180646059347975,0.12019512630002782,-0.06329570440217314,-0.020282948388776312,-0.16155253597131125,False,False,0.2922553981494137,0.2922553981494137,0.25657640598250725,0.25657640598250725
2510,41.833333333333336,False,False,56.43649063462458,50.0,-27.804137946408034,56.01838604011608,59.50334657879175,51.444671750869794,74.0,6.436490634624583,7.17505785700846,7.246808435578545,7.14742981214353,6.533541388338778,7.0733138520809185,6.489793362197653,0.2839303733700035,7.246808435578545,0.2188759151785376,0.40241102176645227,0.23456636406449435,0.2188759151785376,0.40241102176645227,7.084331205797806,7.225623621374068,0.11848064839644878,-0.06505445819146588,-0.021184814204477043,-0.1624772297807393,False,False,0.25657640598250725,0.25657640598250725,0.25495168841179555,0.25495168841179555
2515,41.916666666666664,False,False,56.36126061512214,50.0,-27.897259311923733,55.94286062294782,59.619769378740564,51.53871619181963,74.0,6.361260615122141,7.182013550559028,7.253833686064619,7.154977413585938,6.545484140978967,7.081649132010626,6.50227670906042,0.2850419623048765,7.253833686064619,0.2156205514420335,0.39919975135238656,0.2353427604672561,0.2156205514420335,0.39919975135238656,7.090695336247992,7.23201052388166,0.11415778904751006,-0.06942141086284301,-0.02182316218295899,-0.16313834981662634,False,False,0.25495168841179555,0.25495168841179555,0.30074033628559715,0.30074033628559715
2520,42.0,False,False,56.333800068274805,50.0,-27.98561361756167,55.91529282269851,59.504686255399825,51.43841186542383,74.0,6.333800068274805,7.1887917835906014,7.260679701426508,7.161352930064826,6.557199286063422,7.0892485444299025,6.514609357067313,0.2850173143767279,7.260679701426508,0.21754321111086483,0.4011663225597436,0.23525516238455568,0.21754321111086483,0.4011663225597436,7.097572274027077,7.238910178217175,0.11614900818301571,-0.06747410326586306,-0.021769523209332675,-0.16310742739943063,False,False,0.30074033628559715,0.30074033628559715,0.30717668553179445,0.30717668553179445
2525,42.083333333333336,False,False,56.313148966004015,50.0,-28.072806579035188,55.8945612653796,59.54488790082395,51.46846496254933,74.0,6.3131489660040145,7.195559773052108,7.267515370782629,7.1682412261221256,6.568858772425674,7.096745156399992,6.526719100245109,0.28482919063380907,7.267515370782629,0.21598592335924433,0.3996527653385863,0.2350442865218156,0.21598592335924433,0.3996527653385863,7.104175329526756,7.245535895203628,0.11482357470477722,-0.06884326727456475,-0.02197947557900104,-0.1633400412558732,False,False,0.30717668553179445,0.30717668553179445,0.3082630039121422,0.3082630039121422
2530,42.166666666666664,False,False,56.29368056308025,50.0,-28.159333004882882,55.8750171740998,59.48762423758983,51.416719829831194,74.0,6.293680563080251,7.202338516541045,7.274361901706455,7.174855612365192,6.58048641166213,7.104225234955664,6.538656250277053,0.28461155686773054,7.274361901706455,0.21661098024457215,0.4003213725186754,0.2348120452112653,0.21661098024457215,0.4003213725186754,7.110976950054992,7.252360122576305,0.11570981565094485,-0.06800057662315839,-0.022001779130150112,-0.16338495165146316,False,False,0.3082630039121422,0.3082630039121422,0.30861552543347476,0.30861552543347476
2535,42.25,False,False,56.274559468538875,50.0,-28.245266229613875,55.85582189158609,59.49301293012365,51.41756790325823,74.0,6.274559468538875,7.209129127278537,7.281220418551323,7.181668536315648,6.592085842710929,7.111700613028704,6.5504816560572054,0.2843845107177003,7.281220418551323,0.21583110049780807,0.3995848635998577,0.23457365107146871,0.21583110049780807,0.3995848635998577,7.1176739265794735,7.259079651726273,0.11520035288215735,-0.06855341021989225,-0.02214076682504995,-0.16354649197184923,False,False,0.30861552543347476,0.30861552543347476,0.30885962800578926,0.30885962800578926
2540,42.333333333333336,False,False,56.22754458285394,50.0,-28.330621416869576,55.80862522434965,59.4106610377897,51.34482683908314,74.0,6.2275445828539375,7.215929957924227,7.2880892575034695,7.188376789152873,6.603657902887135,7.1191728193287815,6.5622337638479085,0.284832134309454,7.2880892575034695,0.21702638401752455,0.4008233392461384,0.2348763148969283,0.21702638401752455,0.4008233392461384,7.124453352055948,7.265881576028732,0.11599120493668441,-0.06780575029192942,-0.02220768147473784,-0.1636359054475216,False,False,0.30885962800578926,0.30885962800578926,0.30513610486003123,0.30513610486003123
2545,42.416666666666664,False,False,56.37571009341591,50.0,-28.415156441310003,55.95736665962801,59.7193738907151,51.600271992665746,74.0,6.375710093415911,7.22264273100476,7.294869158314808,7.19516746404234,6.6151904070701875,7.126596873749396,6.573933821863884,0.2805677525205283,7.294869158314808,0.20941737188898135,0.3932573413047744,0.23140494686499552,0.20941737188898135,0.3932573413047744,7.131033786289819,7.272484455704666,0.11268958878424612,-0.07115038063154694,-0.02238470261014136,-0.16383537202498832,False,False,0.30513610486003123,0.30513610486003123,0.3325259273347717,0.3325259273347717
2550,42.5,False,False,56.52853035409107,50.0,-28.500357210743502,56.11079029425959,59.784395786600534,51.65099317086323,74.0,6.5285303540910675,7.22993739475041,7.302236768697914,7.201759120997243,6.626758438114781,7.134241602986932,6.585585480863918,0.2761459445829132,7.302236768697914,0.20720378399812284,0.39108659042029004,0.22783730395981366,0.20720378399812284,0.39108659042029004,7.138708001105636,7.280181062990352,0.11494064583737684,-0.06894216058479036,-0.022055705707561657,-0.16352876759227808,False,False,0.3325259273347717,0.3325259273347717,0.33481471706081084,0.33481471706081084
2555,42.583333333333336,False,False,56.7328729078149,50.0,-28.587908156328766,56.31595449241053,60.09158004165962,51.905411580577514,74.0,6.732872907814901,7.237808053681505,7.31018613421832,7.2094445320479945,6.63845168723813,7.142414081200058,6.59719851720055,0.27044573445737113,7.31018613421832,0.19954461188142825,0.38347007888434415,0.2232510256033038,0.19954461188142825,0.38347007888434415,7.146656907100987,7.288152308891313,0.11302434442697301,-0.07090112257594289,-0.02203382532700715,-0.16352922711733253,False,False,0.33481471706081084,0.33481471706081084,0.34373971164208816,0.34373971164208816
2560,42.666666666666664,False,False,56.941316205858335,50.0,-28.678229773493655,56.525253428873896,60.25017153037264,52.03479167994294,74.0,6.941316205858335,7.24641068244032,7.318874789264724,7.21740460799615,6.650298209113236,7.151193914067299,6.608825305238265,0.26459808417121167,7.318874789264724,0.19513083376228885,0.37909878567212674,0.218557299530994,0.19513083376228885,0.37909878567212674,7.1556246767785465,7.297142366314367,0.11450070150091507,-0.06946725040892282,-0.0217324229503566,-0.16325011248617738,False,False,0.34373971164208816,0.34373971164208816,0.3464519036074815,0.3464519036074815
2565,42.75,False,False,57.16055570499282,50.0,-28.771714171809563,56.74541196339723,60.52163415186762,52.25946957420783,74.0,7.160555704992817,7.255734341364514,7.328291684778159,7.226383521546457,6.662325884396437,7.160656735051241,6.620512748907667,0.2584466151904962,7.328291684778159,0.18817133407154055,0.37218159596290834,0.21362402869722247,0.18817133407154055,0.37218159596290834,7.165124963880033,7.306664889401657,0.11373498077241212,-0.07027528111895567,-0.021626795376501917,-0.16316672089812556,False,False,0.3464519036074815,0.3464519036074815,0.3501522698471799,0.3501522698471799
2570,42.833333333333336,False,False,57.25914905225896,50.0,-28.868397261505464,56.84442498313349,60.51438338515947,52.24881693955617,74.0,7.259149052258962,7.265792534493175,7.338450459838107,7.235894926640845,6.674544970121165,7.170813849525361,6.6323023000197825,0.2551003555984607,7.338450459838107,0.18732413166326278,0.3713765293558575,0.21093828675852822,0.18732413166326278,0.3713765293558575,7.175479078649393,7.317041188793836,0.1162761737573968,-0.06777622393519794,-0.021409271044270817,-0.16297138118871413,False,False,0.3501522698471799,0.3501522698471799,0.33548242232282677,0.33548242232282677
2575,42.916666666666664,False,False,57.1398054800545,50.0,-28.967240865120345,56.7245739163203,60.31409598300184,52.075287441199116,74.0,7.139805480054498,7.27614872104821,7.348910208258692,7.246260133721615,6.686909763166848,7.181476705611234,6.6442265382544345,0.2568880425717907,7.348910208258692,0.19077008802566814,0.37486444808094677,0.21234252032168116,0.19077008802566814,0.37486444808094677,7.185758394391685,7.32734263818902,0.11797640550915606,-0.06611795454612257,-0.02156757006967247,-0.16315181386700672,False,False,0.33548242232282677,0.33548242232282677,0.3061108674040715,0.3061108674040715
2580,43.0,False,False,56.788064258148154,50.0,-29.06531578060377,56.37137067623187,59.843304974557796,51.674454832770046,74.0,6.788064258148154,7.2860485610841375,7.358909046694979,7.2565505162903525,6.699271805521483,7.19209962111731,6.656304709401729,0.2642621614849304,7.358909046694979,0.20034703950989718,0.38448318922776614,0.2181819294894467,0.20034703950989718,0.38448318922776614,7.1952907549537874,7.336897081823493,0.12022102774283572,-0.06391512197503324,-0.022011964871485823,-0.1636182917411917,False,False,0.3061108674040715,0.3061108674040715,0.2728348909520628,0.2728348909520628
2585,43.083333333333336,False,False,56.25449376685619,50.0,-29.158859669302146,55.83567849650358,59.23707568036151,51.16158675563989,74.0,6.254493766856193,7.294713900189477,7.367661039191372,7.26609391838864,6.711430266306709,7.2019718453043104,6.668508360017288,0.2761955508857682,7.367661039191372,0.2132191838619104,0.3973969512774307,0.22762984130490624,0.2132191838619104,0.3973969512774307,7.203223906392725,7.3448522661401,0.1212014003916625,-0.06297636702385778,-0.02280877305127227,-0.16443713279864713,False,False,0.2728348909520628,0.2728348909520628,0.2446577116087741,0.2446577116087741
2590,43.166666666666664,False,False,56.08540853671628,50.0,-29.244533632779792,55.665945083208804,59.342802803025194,51.24691511692944,74.0,6.08540853671628,7.301565353362193,7.374581006895815,7.274038086266412,6.7231968938525295,7.2104535204995885,6.68074690084042,0.27958980296562,7.374581006895815,0.21024667419331952,0.3944658880734311,0.23021229825994852,0.21024667419331952,0.3944658880734311,7.209164646352936,7.3508149891655306,0.11487608510781105,-0.0693431287723005,-0.023766017730284084,-0.16541636054287867,False,False,0.2446577116087741,0.2446577116087741,0.2916824526155163,0.2916824526155163
2595,43.25,False,False,56.04662775866429,50.0,-29.32408718215781,55.62701727898588,59.216977454329935,51.137984598919076,74.0,6.046627758664293,7.307914057525045,7.380993198100296,7.279989817759233,6.734647401503941,7.217869032084913,6.6928737710250354,0.2798863550465285,7.380993198100296,0.21246221818869854,0.39672270802895937,0.23036227308662094,0.21246221818869854,0.39672270802895937,7.215579898305665,7.357252174749747,0.11683635298243089,-0.06742413685782994,-0.023741023350549284,-0.16541329979463093,False,False,0.2916824526155163,0.2916824526155163,0.30890068477380395,0.30890068477380395
2600,43.333333333333336,False,False,56.02587102917162,50.0,-29.401715335967296,55.60618210856393,59.26465635581948,51.17460297471646,74.0,6.025871029171618,7.3142212332037415,7.387363445535779,7.286416036527706,6.745995839796849,7.225013748511654,6.704770641139573,0.27975077727705866,7.387363445535779,0.21078283275256338,0.3950844287739077,0.2301851814755992,0.21078283275256338,0.3950844287739077,7.2217115485658425,7.363405709582899,0.11533365149684904,-0.06896794452449528,-0.02395773595287931,-0.1656518969699361,False,False,0.30890068477380395,0.30890068477380395,0.31144991456712273,0.31144991456712273
2605,43.416666666666664,False,False,56.00783392678036,50.0,-29.478659751058174,55.588076984204186,59.204970666714,51.121167569918924,74.0,6.007833926780357,7.320546944210951,7.393752413653061,7.292558629074371,6.7573066485299735,7.23212359515744,6.716460236971617,0.2795475992644242,7.393752413653061,0.21150887364553855,0.39585140679104913,0.2299583734732096,0.21150887364553855,0.39585140679104913,7.2280759038205495,7.369791900723825,0.11630380752662495,-0.06803872561888563,-0.02396051292923662,-0.1656765098325117,False,False,0.31144991456712273,0.31144991456712273,0.31200104042497345,0.31200104042497345
2610,43.5,False,False,55.99036309857269,50.0,-29.555093448018866,55.570540396375854,59.214504063088974,51.125794494464245,74.0,5.9903630985726934,7.3268968483731065,7.400165816856838,7.2989339022721875,6.768589024990774,7.2392306224854766,6.728009792379373,0.2793284173440952,7.400165816856838,0.2106797543372229,0.39506305626892324,0.22972098217928763,0.2106797543372229,0.39506305626892324,7.234336110084196,7.376073894555248,0.11573463892482805,-0.06864866300687228,-0.024091922301589186,-0.16582970677264175,False,False,0.31200104042497345,0.31200104042497345,0.31227173245561113,0.31227173245561113
2615,43.583333333333336,False,False,55.9731147877476,50.0,-29.63104395049841,55.5532272854941,59.180288496036376,51.09373468105429,74.0,5.973114787747598,7.333269207877072,7.4066018999558425,7.305205002319722,6.779844603194837,7.246339012172465,6.739469480577242,0.27910173688460416,7.4066018999558425,0.2108303445894319,0.3952542476850909,0.22947933077816743,0.2108303445894319,0.3952542476850909,7.240698473030024,7.3824579971153375,0.11615251080048672,-0.06827139229517226,-0.02414390284050505,-0.1659034269258184,False,False,0.31227173245561113,0.31227173245561113,0.3124979482083923,0.3124979482083923
2620,43.666666666666664,False,False,55.86998794699448,50.0,-29.706518137427807,55.44971553002129,59.02676032800337,50.961752307980305,74.0,5.869987946994478,7.339661342162358,7.413057955583982,7.31157823507268,6.791073930281354,7.253448990259552,6.750867641836281,0.2809572989247499,7.413057955583982,0.21368777552543966,0.3981521128753971,0.23090455232536444,0.21368777552543966,0.3981521128753971,7.2470284309921835,7.388809647099788,0.11719481395064718,-0.06726952339931025,-0.024248308484193792,-0.16602952459179843,False,False,0.3124979482083923,0.3124979482083923,0.30062292841844374,0.30062292841844374
2625,43.75,False,False,55.97516627079902,50.0,-29.78081732461112,55.555286469132795,59.30747357265131,51.193787107670715,74.0,5.975166270799022,7.345775639649156,7.419233396045647,7.317919039045986,6.802238806456896,7.260422462122037,6.762221261668101,0.2777870865612385,7.419233396045647,0.2067603657187752,0.39126497112277886,0.22829882695045856,0.2067603657187752,0.39126497112277886,7.252915179611554,7.3947180405076915,0.11347788456154034,-0.07102672084246331,-0.024515355537955585,-0.16631821643409328,False,False,0.30062292841844374,0.30062292841844374,0.3293567979529651,0.3293567979529651
2630,43.833333333333336,False,False,57.497330857907485,50.0,-29.854968897718678,57.083636958895674,61.75072183661591,53.25565770194605,74.0,7.497330857907485,7.352333261330997,7.425856593944307,7.323816610059623,6.8133941119932615,7.267460356623967,6.773527106573149,0.2408266533951064,7.425856593944307,0.15203224395421727,0.33657695191828063,0.19870715990550708,0.15203224395421727,0.33657695191828063,7.25981830140752,7.401642760213332,0.09575029852317424,-0.08879440944088912,-0.02421383373097452,-0.16603829253678626,False,False,0.3293567979529651,0.3293567979529651,0.5297684802238339,0.5297684802238339
2635,43.916666666666664,False,False,58.87193519984211,50.0,-29.94206924982261,58.464638020098405,62.50029445868526,53.89114889599124,74.0,8.871935199842113,7.364174521575919,7.437816266791678,7.330730530810426,6.825267589181842,7.277153413873208,6.784740986554182,0.20778802945906136,7.437816266791678,0.13438607431233607,0.3189707200456077,0.17247013036189857,0.13438607431233607,0.3189707200456077,7.2748924888088204,7.416738498997088,0.11118269058654637,-0.07340195514672529,-0.021077767794590585,-0.16292377798285784,False,False,0.5297684802238339,0.5297684802238339,0.5224848010413229,0.5224848010413229
2640,44.0,False,False,57.338449805713594,50.0,-30.051706715580295,56.9240661593059,59.412315659812144,51.266178517713605,74.0,7.338449805713594,7.380613263381861,7.4544193960156795,7.345815493902954,6.838433462109203,7.291427770199443,6.796001240247758,0.24174083780026195,7.4544193960156795,0.20053340805425357,0.3851578274659063,0.19977997817336474,0.20053340805425357,0.3851578274659063,7.292457414239638,7.43432492963151,0.14341698966564437,-0.041207429746008384,-0.020094466384169785,-0.1619619817760416,False,False,0.5224848010413229,0.5224848010413229,0.12600429089472365,0.12600429089472365
2645,44.083333333333336,False,False,56.051983417831195,50.0,-30.15888117547911,55.632393206287986,59.15903067905257,51.050305069788834,74.0,6.051983417831195,7.391530506015587,7.465445811075743,7.363391171935573,6.85154680084906,7.305318027149839,6.807822922137853,0.2713100318203033,7.465445811075743,0.2056033975673997,0.39026742726353214,0.22318381636255255,0.2056033975673997,0.39026742726353214,7.299014596746806,7.440903571508613,0.11895739544322886,-0.06570663425290357,-0.024542239567129975,-0.16643121432893704,False,False,0.12600429089472365,0.12600429089472365,0.14802382446873644,0.14802382446873644
2650,44.166666666666664,False,False,56.278506879045445,50.0,-30.243106169646353,55.85978460516971,59.73891661924448,51.53424212272711,74.0,6.278506879045445,7.397972482333356,7.471952207156689,7.36995908412771,6.8634303790361475,7.3146925184978135,6.820314025011453,0.2652050890194914,7.471952207156689,0.19199957862953754,0.37670305591009445,0.21806528614247328,0.19199957862953754,0.37670305591009445,7.304836391278366,7.44674677991841,0.11149796689060304,-0.07320551038995388,-0.02520542723827912,-0.16711581587832303,False,False,0.14802382446873644,0.14802382446873644,0.35002494811536017,0.35002494811536017
2655,44.25,False,False,58.299224539477535,50.0,-30.31880272480582,57.889168730688205,62.85482092138907,54.18035375405925,74.0,8.299224539477535,7.405281225778868,7.479334038036657,7.375791585598388,6.8748476275770125,7.3224396913140914,6.832777976402123,0.2168934765820268,7.479334038036657,0.12314735664157829,0.30789011949728273,0.17941361618436533,0.12314735664157829,0.30789011949728273,7.312821246856118,7.454753004221542,0.09099664291525594,-0.0937461199404485,-0.024581033815114672,-0.16651279118053885,False,False,0.35002494811536017,0.35002494811536017,0.604511887936808,0.604511887936808
2660,44.333333333333336,False,False,58.363292418983896,50.0,-30.411847160602676,57.953538574906396,60.93832029351263,52.53755145685966,74.0,8.363292418983896,7.419575451039678,7.4937712055500745,7.383787125538831,6.88726306940591,7.333819716800812,6.844780268357608,0.21400155870551316,7.4937712055500745,0.16286942695062923,0.3476513140599347,0.17733221518715256,0.16286942695062923,0.3476513140599347,7.331283301570932,7.473236382844564,0.13364975535442156,-0.05113213175488393,-0.020534822705510436,-0.1624879039791427,False,False,0.604511887936808,0.604511887936808,0.3472595831445073,0.3472595831445073
2665,44.416666666666664,False,False,56.66705806611516,50.0,-30.52016881229474,56.24987315941417,59.25002119719426,51.108518928774295,74.0,6.66705806611516,7.433909465339435,7.50824855999283,7.402259842207748,6.900611814077936,7.348434416669069,6.856656733652925,0.25230779131279635,7.50824855999283,0.19923799982772683,0.38405885055378,0.20792697152969597,0.19923799982772683,0.38405885055378,7.343175448535951,7.485149809233244,0.13175105924098363,-0.05306979148506952,-0.023098750759586117,-0.16507311145687886,False,False,0.3472595831445073,0.3472595831445073,0.10086505231041201,0.10086505231041201
2670,44.5,False,False,55.83151654266192,50.0,-30.61490771708391,55.41110164117431,58.90638953924595,50.81732235110677,74.0,5.831516542661923,7.4422559635048815,7.51667852313993,7.414162628884597,6.9132565682778875,7.360358079606345,6.86904082514687,0.27152989232117763,7.51667852313993,0.20644195344722893,0.391301607834851,0.22300669801365985,0.20644195344722893,0.391301607834851,7.348908856768738,7.490904452734669,0.11977171551367338,-0.0650879388739487,-0.025774070405261362,-0.16776966637119184,False,False,0.10086505231041201,0.10086505231041201,0.20770971504510827,0.20770971504510827
2675,44.583333333333336,False,False,56.08700829712129,50.0,-30.689822317093714,55.66755092140946,59.590419726673716,51.38864833256695,74.0,6.087008297121287,7.447776477301368,7.522254242074382,7.419906654751704,6.9247905115875525,7.368272203616809,6.881748902277036,0.264805060276467,7.522254242074382,0.1905561419580097,0.37545444073069145,0.21743731712308545,0.1905561419580097,0.37545444073069145,7.35381268874612,7.495829476152172,0.11064938045422446,-0.07424891831845729,-0.02642476592220966,-0.16844155332826194,False,False,0.20770971504510827,0.20770971504510827,0.35424779061956063,0.35424779061956063
2680,44.666666666666664,False,False,57.72466485557164,50.0,-30.76019133456124,57.311975749857496,61.97305744540905,53.40519818809986,74.0,7.724664855571639,7.454305908811568,7.528848967899684,7.424821082449146,6.936062030652549,7.375337129589025,6.894155631252294,0.22536771675686396,7.528848967899684,0.1374624626351547,0.3223992471920665,0.18587532608930815,0.1374624626351547,0.3223992471920665,7.361196605183589,7.503234540524738,0.09703153043520252,-0.08790525412170927,-0.025614427374946125,-0.16765236271609485,False,False,0.35424779061956063,0.35424779061956063,0.5510577937223945,0.5510577937223945
2685,44.75,False,False,58.64949048892452,50.0,-30.844778448813557,58.241105968406686,61.99182786601341,53.41614455998343,74.0,8.64949048892452,7.466543527390158,7.54120896266406,7.4322155728541635,6.948168634557972,7.38548094313617,6.906058070315511,0.2027902098879167,7.54120896266406,0.1355727659281499,0.32054787834116666,0.16800135513744863,0.1355727659281499,0.32054787834116666,7.376655093431815,7.518714133523538,0.11775766845324995,-0.06721744395976681,-0.02249482914052159,-0.16455386923224502,False,False,0.5510577937223945,0.5510577937223945,0.465322475196141,0.465322475196141
2690,44.833333333333336,False,False,57.311048468618814,50.0,-30.94802717207233,56.89654690434345,59.694257222413604,51.4615627435692,74.0,7.311048468618814,7.481849313158647,7.556667806290234,7.447684613477676,6.9614180037165285,7.399662990746078,6.917791891702951,0.2323074796727269,7.556667806290234,0.1845132683367388,0.36952655134748014,0.19167449569845305,0.1845132683367388,0.36952655134748014,7.392092282709851,7.534172384685185,0.13721907167475322,-0.0477942113359881,-0.022495421605048804,-0.16457552358038274,False,False,0.465322475196141,0.465322475196141,0.15561477302755455,0.15561477302755455
2695,44.916666666666664,False,False,57.55003278352312,50.0,-31.04713380784804,57.13656994867856,61.56793312243444,53.04580468023419,74.0,7.550032783523122,7.492365774094908,7.567289431835857,7.4631323336975175,6.974501516759787,7.413077787806607,6.929971114606684,0.22566890909338327,7.567289431835857,0.14257580377348977,0.3276271007903745,0.18613893847818874,0.14257580377348977,0.3276271007903745,7.399302746988317,7.541403868294921,0.10195819169699122,-0.0830931053198935,-0.025885563540935408,-0.16798668484753954,False,False,0.15561477302755455,0.15561477302755455,0.3663005428370155,0.3663005428370155
2700,45.0,False,False,56.50293264952556,50.0,-31.137475765062845,56.085090860599344,58.61577273405757,50.5478898378414,74.0,6.502932649525562,7.503672435185922,7.578709159537781,7.470353307641619,6.987121344077356,7.424735275473329,6.942629777516857,0.24924323171353535,7.578709159537781,0.20678705538026193,0.3918762104755762,0.20494893752625104,0.20678705538026193,0.3918762104755762,7.412865900512632,7.554987998909896,0.14263297876204084,-0.04245617633327342,-0.023721160627885318,-0.16584325902514951,False,False,0.3663005428370155,0.3663005428370155,0.1880109630703375,0.1880109630703375
2705,45.083333333333336,False,False,55.752748440498436,50.0,-31.22118377896477,55.33204368750948,59.197889304776,51.033390761527414,74.0,5.752748440498436,7.51133543391696,7.58644878825613,7.483926949711264,6.9993887976772715,7.435069808315868,6.955331292743987,0.26648735027602016,7.58644878825613,0.19325915350130762,0.3783860114082902,0.21851637212380412,0.19325915350130762,0.3783860114082902,7.416585221883058,7.558728255439229,0.11189866113227004,-0.07322819677471254,-0.027720532816900345,-0.16986356637307143,False,False,0.1880109630703375,0.1880109630703375,0.22115808242503293,0.22115808242503293
2710,45.166666666666664,False,False,55.63637002547908,50.0,-31.29133156111436,55.21524164031718,58.64563887867622,50.56745001932008,74.0,5.636370025479081,7.516498821823639,7.591663810041875,7.487656738661144,7.010861380316087,7.442574627637728,6.967978954862386,0.2687873795603991,7.591663810041875,0.20518666611409198,0.3903510722240303,0.22016596461749033,0.20518666611409198,0.3903510722240303,7.422302034783925,7.564465961873256,0.1215636926636312,-0.06360071344630713,-0.027197848168619032,-0.1693617752579497,False,False,0.22115808242503293,0.22115808242503293,0.30415532198285916,0.30415532198285916
2715,45.25,False,False,55.60657216922278,50.0,-31.35503006944772,55.185336201682645,58.954837331355805,50.82391497293316,74.0,5.60657216922278,7.521417289195091,7.596631462087042,7.493383998328591,7.021939623090494,7.44877729337422,6.980288006274317,0.2690156536259565,7.596631462087042,0.19777110619603283,0.3829729065553761,0.22024472892348967,0.19777110619603283,0.3829729065553761,7.426523555596269,7.568708334896212,0.1139572529294196,-0.07124454742992364,-0.02792312719082979,-0.1701079064907729,False,False,0.30415532198285916,0.30415532198285916,0.3156530518611339,0.3156530518611339
2720,45.333333333333336,False,False,55.58898686443319,50.0,-31.41758638923565,55.16768757619084,58.72921448361291,50.63198242897397,74.0,5.588986864433188,7.5263896303847435,7.601653526688591,7.49761594524624,7.032935896897245,7.454826829061486,6.992150777825893,0.2689424480385242,7.601653526688591,0.20235393988174624,0.38759298118923147,0.22009921800340637,0.20235393988174624,0.38759298118923147,7.431891677712034,7.5740972682004335,0.11865053315070728,-0.06658850815677794,-0.02755625848815768,-0.16976184897655688,False,False,0.3156530518611339,0.3156530518611339,0.31743700030873306,0.31743700030873306
2725,45.416666666666664,False,False,55.57339816994583,50.0,-31.479721571271952,55.15204285618002,58.84708394394041,50.728021048586406,74.0,5.573398169945833,7.5314495403389055,7.6067640357422945,7.5029944729562335,7.043893439462776,7.460878913615792,7.003683351465923,0.26881211113532116,7.6067640357422945,0.19921576511006905,0.38449189471386136,0.21991490529294425,0.19921576511006905,0.38449189471386136,7.436695545262727,7.578921906215069,0.1156797835785402,-0.06959634602525211,-0.02784212952722598,-0.17006849047956774,False,False,0.31743700030873306,0.31743700030873306,0.3178885193602575,0.3178885193602575
2730,45.5,False,False,55.55829845854586,50.0,-31.541535652863175,55.13688896974634,58.74683522475354,50.64120205794275,74.0,5.558298458545863,7.536594960050181,7.611960909650683,7.507808725738897,7.0548188567369605,7.466954124288457,7.015010770261345,0.26866142456865416,7.611960909650683,0.20096905659236586,0.3862821224872132,0.21971936471204573,0.20096905659236586,0.3862821224872132,7.441994544128075,7.5842416351147355,0.11762069791855906,-0.0676923679762883,-0.027719274535947136,-0.16996636552260735,False,False,0.3178885193602575,0.3178885193602575,0.3181443197422591,0.3181443197422591
2735,45.583333333333336,False,False,55.543414648472414,50.0,-31.603043161107124,55.12195185036242,58.786025175232474,50.67125991836438,74.0,5.543414648472414,7.541819168782881,7.61723736047071,7.513118089621406,7.065713666450964,7.473054384499194,7.026210627772832,0.26849769112623106,7.61723736047071,0.1995826693517282,0.38493252017612867,0.219517736770149,0.1995826693517282,0.38493252017612867,7.447109225610464,7.589377006493998,0.1164348290498976,-0.06891502177450287,-0.027860353976712382,-0.17012813486024658,False,False,0.3181443197422591,0.3181443197422591,0.3183650526740226,0.3183650526740226
2740,45.666666666666664,False,False,55.52867464221682,50.0,-31.664245913217627,55.10715913877639,58.7366390547504,50.627064994727476,74.0,5.528674642216821,7.547115147645874,7.622586299122333,7.518243116052231,7.076578601801636,7.479178857671381,7.037324408084775,0.26832336739234963,7.622586299122333,0.20018010334257785,0.385566588375963,0.21931148707158174,0.20018010334257785,0.385566588375963,7.452455569996017,7.594744000928475,0.1172432209836134,-0.06814326404977178,-0.02784229819385864,-0.1701307291263161,False,False,0.3183650526740226,0.3183650526740226,0.31857664351673454,0.31857664351673454
2745,45.75,False,False,55.51405064007523,50.0,-31.72514348977866,55.09248293340671,58.74394991618542,50.630384225487965,74.0,5.514050640075233,7.552476246703866,7.628001009170904,7.523599785462245,7.087414232605183,7.485326241182665,7.048373668234494,0.2681397979250505,7.628001009170904,0.19949731053286968,0.38492027969279885,0.21910125974131917,0.19949731053286968,0.38492027969279885,7.4577610228507885,7.600070064271039,0.11678048176774836,-0.06864248739218082,-0.027930944899865473,-0.17023998632011583,False,False,0.31857664351673454,0.31857664351673454,0.3187847099533841,0.3187847099533841
2750,45.833333333333336,False,False,55.49952905503618,50.0,-31.78573501147646,55.077909596690446,58.715337979543506,50.60359089621257,74.0,5.499529055036177,7.5578962936312175,7.63347525656753,7.528915543560913,7.098221071552738,7.491495155922015,7.0593700138618205,0.2679479342362356,7.63347525656753,0.19961668169280467,0.38507598553217526,0.21888742943169748,0.19961668169280467,0.38507598553217526,7.463187142927298,7.605516755558405,0.11712805129593967,-0.06833125254343092,-0.02795850100912478,-0.17028811364023166,False,False,0.3187847099533841,0.3187847099533841,0.318991018458751,0.318991018458751
2755,45.916666666666664,False,False,55.48510218583304,50.0,-31.84601955171128,55.06343139846561,58.70981776822439,50.59614585200944,74.0,5.485102185833043,7.563369597749528,7.639003293727023,7.5343519492428515,7.108999599805078,7.497684236386188,7.0703201953877945,0.26774853640372387,7.639003293727023,0.19921199079058322,0.3847074804948531,0.21867025551177904,0.19921199079058322,0.3847074804948531,7.468623082476995,7.61097322732359,0.11695894409112922,-0.06853654561314065,-0.028030066403433196,-0.1703802112500279,False,False,0.318991018458751,0.318991018458751,0.31919628593655136,0.31919628593655136
2760,46.0,False,False,55.47076510871081,50.0,-31.90599626827617,55.04904339563449,58.689763608887084,50.57651838066957,74.0,5.470765108710808,7.568890927624966,7.644579836901215,7.539798154900293,7.119750276046457,7.50389215905251,7.081228546913382,0.2675422507655639,7.644579836901215,0.19912978728455152,0.38466131466897513,0.21844994011166818,0.19912978728455152,0.38466131466897513,7.474130165870989,7.616500804216687,0.1171190639034112,-0.0684124634810124,-0.028079032684527938,-0.17044967103022657,False,False,0.31919628593655136,0.31919628593655136,0.3194008423294419,0.3194008423294419
2765,46.083333333333336,False,False,55.45651433247898,50.0,-31.96566445169995,55.034742082298784,58.67914730533258,50.56479806173678,74.0,5.4565143324789815,7.574455480896686,7.650200035705653,7.545315485043838,7.130473540624003,7.5101176524379065,7.092098133700361,0.2673296455980562,7.650200035705653,0.1988313745533243,0.38439879206020255,0.21822665327895266,0.1988313745533243,0.38439879206020255,7.479662060576277,7.622053153981115,0.11706914646214633,-0.06849827104473191,-0.028146881724538275,-0.17053797512937674,False,False,0.3194008423294419,0.3194008423294419,0.31960485202312294,0.31960485202312294
2770,46.166666666666664,False,False,55.44234717475263,50.0,-32.02502354163984,55.02052476703753,58.66268261038365,50.54817675982988,74.0,5.4423471747526335,7.580058852496512,7.655859441021477,7.5508576072786955,7.1411698177708365,7.516359500133471,7.102931298244531,0.2671112293773149,7.655859441021477,0.19866102941525632,0.3842641901111993,0.21800054492728124,0.19866102941525632,0.3842641901111993,7.485240824849894,7.627652335147779,0.11715296073388437,-0.06845019996205859,-0.028207105873697458,-0.17061861617158236,False,False,0.31960485202312294,0.31960485202312294,0.31980840378772035,0.31980840378772035
2775,46.25,False,False,55.42826145628281,50.0,-32.08407312962112,55.006389259338206,58.65010591902282,50.53481376022334,74.0,5.4282614562828115,7.585697003635404,7.661553973671758,7.556446579998837,7.151839516977084,7.5226165408395,7.113729929661985,0.2668874614900233,7.661553973671758,0.1984000657574978,0.3840388233307005,0.2177717507374382,0.1984000657574978,0.3840388233307005,7.490846068554969,7.633277957851171,0.1171513618406772,-0.06848739573252549,-0.028276015820586586,-0.1707079051167888,False,False,0.31980840378772035,0.31980840378772035,0.32001155019632455,0.32001155019632455
2780,46.333333333333336,False,False,55.4142553406356,50.0,-32.14281295574709,54.992333716173135,58.63520603441477,50.519505765988,74.0,5.414255340635599,7.591366232475646,7.667279894800402,7.56206201320307,7.162483033953259,7.528887667081657,7.124495604990358,0.26665875890239477,7.667279894800402,0.19818860300968263,0.3838628117672147,0.21754039536413075,0.19818860300968263,0.3838628117672147,7.49648465811605,7.638936888784699,0.11720405286481994,-0.06847015589271213,-0.028343006015703054,-0.17079523668435215,False,False,0.32001155019632455,0.32001155019632455,0.3202143254679943,0.3202143254679943
2785,46.416666666666664,False,False,55.4003272425348,50.0,-32.20124290275129,54.978356544899015,58.62193675601124,50.50556624639151,74.0,5.4003272425348,7.5970631467933325,7.673033778261266,7.567710773450375,7.17310075138402,7.535171823353127,7.135229669828749,0.26642550126753123,7.673033778261266,0.19793796661226398,0.38364748147737104,0.21730659436884708,0.19793796661226398,0.38364748147737104,7.5021468062328545,7.644619340914471,0.11722198020983982,-0.06848753465526725,-0.02841443734679494,-0.17088697202841185,False,False,0.3202143254679943,0.3202143254679943,0.3204167537667099,0.3204167537667099
2790,46.5,False,False,55.386475770222624,50.0,-32.25936298892644,54.96445634784093,58.607773659892885,50.490881002508104,74.0,5.386475770222624,7.602784638672411,7.678812485059135,7.5733830735736625,7.183693039563556,7.541468004022197,7.145933289002961,0.26618803482024306,7.678812485059135,0.19770527542565114,0.38344995193507025,0.21707045549378565,0.19770527542565114,0.38344995193507025,7.50783366429774,7.650326465896798,0.1172619171148272,-0.06848275939459192,-0.028486019162336618,-0.1709788207613947,False,False,0.3204167537667099,0.3204167537667099,0.3206188532129424,0.3206188532129424
2795,46.583333333333336,False,False,55.372699685874835,50.0,-32.31717336064743,54.95063188074574,58.5943217181065,50.47679530513227,74.0,5.372699685874835,7.608527861161101,7.684613139772712,7.579080065097269,7.1942602569564205,7.547775251163756,7.156607481416505,0.26594667573908737,7.684613139772712,0.19745465764426345,0.3832343519455511,0.21683207964292706,0.19745465764426345,0.3832343519455511,7.513539920511284,7.6560529521937655,0.11728767620646374,-0.06849201809482391,-0.02856018757894674,-0.17107321926142838,False,False,0.3206188532129424,0.3206188532129424,0.3208206379392231,0.3208206379392231
2800,46.666666666666664,False,False,55.358997876483734,50.0,-32.374674284835436,54.9368820263137,58.58055437979933,50.4624498143277,74.0,5.358997876483734,7.61429020677849,7.690433108846275,7.584796436352525,7.204802750705966,7.554092652391067,7.167253145803361,0.2657017129572523,7.690433108846275,0.19720947365360467,0.38302404250247635,0.21659156157024884,0.19720947365360467,0.38302404250247635,7.519264716426773,7.661797941617785,0.11732232954522404,-0.06849223930364765,-0.028635167228490133,-0.171168392419502,False,False,0.3208206379392231,0.3208206379392231,0.3210221192315793,0.3210221192315793
2805,46.75,False,False,55.345369331417054,50.0,-32.431866141537995,54.92320576890811,58.567122640786295,50.448390429434944,74.0,5.345369331417054,7.6200692877455385,7.6962699806229935,7.590531329022278,7.21532085710259,7.560419338726166,7.177871080717594,0.26545341077135165,7.6962699806229935,0.1969552830599816,0.3828045838176663,0.21634899052401124,0.1969552830599816,0.3828045838176663,7.525004745163239,7.667558127544625,0.11735117304631465,-0.06849812771137004,-0.02871185307836832,-0.1712652354597548,False,False,0.3210221192315793,0.3210221192315793,0.3212233062258926,0.3212233062258926
2810,46.833333333333336,False,False,55.33181312461769,50.0,-32.48874941671848,54.90960217854705,58.5536085849602,50.43426759700692,74.0,5.331813124617689,7.625862917814111,7.7021215469922515,7.596281436353932,7.225814902019206,7.566754482528927,7.188462000533518,0.26520201106441166,7.7021215469922515,0.19670170379396368,0.38258559442456885,0.2161044507739007,0.19670170379396368,0.38258559442456885,7.530758565480896,7.673332068988877,0.1173835833601572,-0.06850030727044798,-0.02878947800337439,-0.1713629815113551,False,False,0.3212233062258926,0.3212233062258926,0.32142420637404917,0.32142420637404917
2815,46.916666666666664,False,False,55.31832840024724,50.0,-32.5453246953051,54.89607039330185,58.54027581704702,50.4203025838926,74.0,5.318328400247239,7.631669095572374,7.707985786528098,7.602045317234887,7.236285201318858,7.573097295495664,7.199026548487039,0.26494773541862743,7.707985786528098,0.1964429827132607,0.3823613217811514,0.21585802200638682,0.1964429827132607,0.3823613217811514,7.536523859966179,7.679117448789023,0.11741358636252397,-0.06850475270536674,-0.028868337739075045,-0.1714619265619186,False,False,0.32142420637404917,0.32142420637404917,0.3216248257805313,0.3216248257805313
2820,47.0,False,False,55.3049143609998,50.0,-32.601592654528375,54.88260961422535,58.52695379361541,50.40635296772406,74.0,5.304914360999803,7.637485989111788,7.713860849002906,7.607820654377601,7.246732061238138,7.579447026733199,7.209565307417466,0.264690786787196,7.713860849002906,0.19618313323279546,0.3821357798999842,0.21560977973472292,0.19618313323279546,0.3821357798999842,7.54229913576719,7.684912774342892,0.11744499311278822,-0.06850765355440053,-0.028948074660013923,-0.17156171323571545,False,False,0.3216248257805313,0.3216248257805313,0.3218251694589234,0.3218251694589234
2825,47.083333333333336,False,False,55.291570258541235,50.0,-32.65755405756188,54.86921908823157,58.51374886186676,50.39250820147564,74.0,5.291570258541235,7.643311921948464,7.719745041167949,7.613605955055041,7.257155778749153,7.5858029609113915,7.220078808669955,0.26443135133149553,7.719745041167949,0.1959199142076772,0.38190672823122795,0.21535979565037452,0.1959199142076772,0.38190672823122795,7.548082631603892,7.690716284617889,0.11747537689973242,-0.06851143712381833,-0.02902875655005932,-0.17166240956405687,False,False,0.3218251694589234,0.3218251694589234,0.32202524153402234,0.32202524153402234
2830,47.166666666666664,False,False,55.278295385667484,50.0,-32.713209747472334,54.85589810360335,58.50059105873117,50.378710034151915,74.0,5.278295385667484,7.649145360099217,7.725636813700209,7.619399458110891,7.26755664190238,7.5921644164953435,7.230567539501633,0.2641695998357136,7.725636813700209,0.19565504515069004,0.38167588688013326,0.21510813790123395,0.19565504515069004,0.38167588688013326,7.553872984764446,7.6965266171473425,0.11750628704441968,-0.06851455468502354,-0.02911019655286662,-0.17176382893576303,False,False,0.32202524153402234,0.32202524153402234,0.3222250454044672,0.3222250454044672
2835,47.25,False,False,55.26508906986356,50.0,-32.768560641480065,54.84264598562003,58.487522944574366,50.36499442006398,74.0,5.2650890698635635,7.6549849002199855,7.7315347492221855,7.625199800955894,7.2779349301522025,7.5985307440571646,7.241031949259015,0.2639056890112442,7.7315347492221855,0.19538769672191753,0.3814424270966778,0.2148548713112632,0.19538769672191753,0.3814424270966778,7.559668792235219,7.702342369160537,0.11753673808543358,-0.0685179922893267,-0.029192380061648926,-0.1718659569869665,False,False,0.3222250454044672,0.3222250454044672,0.3224245838748687,0.3224245838748687
2840,47.333333333333336,False,False,55.25195066801032,50.0,-32.82360772552623,54.829462088113004,58.4745154919579,50.351337329372555,74.0,5.251950668010323,7.660829258721177,7.737437551308388,7.631005580697877,7.288290914666788,7.604901324666425,7.251472454540961,0.2636397628010855,7.737437551308388,0.19511864246557745,0.381207123012413,0.21460005771727994,0.19511864246557745,0.381207123012413,7.565468869340747,7.708162356222702,0.11756736021132752,-0.06852112033550803,-0.029275195085686434,-0.17196868196764115,False,False,0.3224245838748687,0.3224245838748687,0.3226238592640165,0.3226238592640165
2845,47.416666666666664,False,False,55.23887956203277,50.0,-32.878352049140375,54.81634578885805,58.46158541456593,50.33775300957233,74.0,5.238879562032771,7.666677261781063,7.7433440343988735,7.636815612781724,7.298624858623594,7.6112755683577085,7.261889443521581,0.26337195350051845,7.7433440343988735,0.1948476141994954,0.3809697070299507,0.21434375608610026,0.1948476141994954,0.3809697070299507,7.571272070880829,7.713985433372113,0.11759775352943225,-0.06852433930102306,-0.029358601026760134,-0.17207196351804477,False,False,0.3226238592640165,0.3226238592640165,0.32282287349361505,0.32282287349361505
2850,47.5,False,False,55.225875155321845,50.0,-32.93279472059996,54.80329648834764,58.448720378896276,50.3242313576409,74.0,5.2258751553218445,7.672527836184394,7.749253114546239,7.6426287521264715,7.3089370174916795,7.617652912673239,7.27228327957634,0.2631023827124409,7.749253114546239,0.19457498946524376,0.3807305572731127,0.2140860227488247,0.19457498946524376,0.3807305572731127,7.577077388923894,7.719810592913504,0.11762817456067182,-0.06852739324719714,-0.029442521632734753,-0.17217572562234462,False,False,0.32282287349361505,0.32282287349361505,0.32302162816119767,0.32302162816119767
2855,47.583333333333336,False,False,55.21293686979254,50.0,-32.98693690237202,54.79031360540186,58.43592665731425,50.310777827148264,74.0,5.212936869792543,7.678380000919141,7.755163800928332,7.6484439909186985,7.319227639301829,7.624032821278257,7.282654304329397,0.26283116230270026,7.755163800928332,0.19430071750245564,0.38048962356125726,0.21382691153262387,0.19430071750245564,0.38048962356125726,7.582883877719836,7.725636889330891,0.117658461258557,-0.06853044480024462,-0.029526911597440808,-0.17227992320849594,False,False,0.32302162816119767,0.32302162816119767,0.3232201246001862,0.3232201246001862
2860,47.666666666666664,False,False,55.20006414346422,50.0,-33.04077980682558,54.77739657518073,58.42319874761686,50.29738799048116,74.0,5.200064143464218,7.684232859469477,7.761075188064171,7.654260383525363,7.3294969649053225,7.630414782646583,7.293002840219888,0.26255839522682434,7.761075188064171,0.19402500530138928,0.3802471134618561,0.21356647395109576,0.19402500530138928,0.3802471134618561,7.588690688531179,7.7314634741187875,0.11768871823503174,-0.06853338992543506,-0.029611713945383755,-0.17238449953299195,False,False,0.3232201246001862,0.3232201246001862,0.32341836392917345,0.32341836392917345
2865,47.75,False,False,55.18725642847041,50.0,-33.09432469220384,54.76454484680408,58.4105387270223,50.284063746709315,74.0,5.187256428470413,7.6900855927480745,7.7669864486755555,7.660077081324983,7.339745228222154,7.636798308813643,7.303329192668119,0.26228417630163675,7.7669864486755555,0.19374788160676573,0.3800030562943415,0.21330475935069446,0.19374788160676573,0.3800030562943415,7.594497036322129,7.737289562471249,0.11771887999270475,-0.06853629469487102,-0.02969688620430677,-0.17248941235342663,False,False,0.32341836392917345,0.32341836392917345,0.32361634709251985,0.32361634709251985
2870,47.833333333333336,False,False,55.17451318942133,50.0,-33.147572858843404,54.75175788231229,58.39794391068216,50.27080298954766,74.0,5.174513189421333,7.695937452615279,7.772896827141432,7.665893299396689,7.349972656479325,7.6431829341941535,7.313633651908717,0.26200859288501305,7.772896827141432,0.19346947600849457,0.37975758222084716,0.21304181498394428,0.19346947600849457,0.37975758222084716,7.600302210276443,7.7431144437997945,0.11774898933583411,-0.06853911687651848,-0.02978238334163752,-0.17259461686498945,False,False,0.32361634709251985,0.32361634709251985,0.3238140748936982,0.3238140748936982
2875,47.916666666666664,False,False,55.161833902055676,50.0,-33.2005256456293,54.7390351541389,58.38541470909042,50.257606187860794,74.0,5.161833902055676,7.70178775593695,7.77880563349632,7.671708327038118,7.360179470439838,7.649568214461667,7.323916494546395,0.2617317255372654,7.77880563349632,0.19318984217063923,0.3795107454751824,0.21277768621444013,0.19318984217063923,0.3795107454751824,7.606105557601784,7.748937465537743,0.11777901993791695,-0.0685418833666262,-0.029868167958576386,-0.17270007589453584,False,False,0.3238140748936982,0.3238140748936982,0.32401154802267007,0.32401154802267007
2880,48.0,False,False,55.14921805212986,50.0,-33.25318442667289,54.726376145824915,58.3729496176726,50.24447219206496,74.0,5.149218052129861,7.707635879136601,7.784712237927967,7.677521511569763,7.370365884622875,7.655953725487092,7.334177984880516,0.2614536485539247,7.784712237927967,0.19290907143206498,0.37926263796349213,0.21251241651684724,0.19290907143206498,0.37926263796349213,7.611906484942052,7.754758034552601,0.11780898940956741,-0.06854457712185974,-0.02995420337536636,-0.17280575298591483,False,False,0.32401154802267007,0.32401154802267007,0.3242087670783572,0.3242087670783572
2885,48.083333333333336,False,False,55.13666513450193,50.0,-33.305550608201344,54.71378034932731,58.36054840213618,50.231400902336404,74.0,5.136665134501932,7.713481253201105,7.790616065733117,7.683332259747326,7.38053210751569,7.662339062333453,7.344418376036776,0.26117443053526584,7.790616065733117,0.19262722136643182,0.37901331782426306,0.21224604768190147,0.19262722136643182,0.37901331782426306,7.6177044494400175,7.76057560820868,0.11783888728899722,-0.06854720916883403,-0.030040457524436626,-0.17291161629309926,False,False,0.3242087670783572,0.3242087670783572,0.3244057325870747,0.3244057325870747
2890,48.166666666666664,False,False,55.12417465237487,50.0,-33.35762562564699,54.701247265137724,58.34821006538647,50.21839156769386,74.0,5.124174652374869,7.719323359102485,7.79651659269351,7.689140028824349,7.390678341777592,7.668723838304076,7.354637910937795,0.2608941348456028,7.79651659269351,0.19234436211181405,0.3787628557579519,0.2119786198017664,0.19234436211181405,0.3787628557579519,7.623498956983876,7.766389692613705,0.11786872091234907,-0.06854977273378876,-0.030126900079804564,-0.17301763570963402,False,False,0.3244057325870747,0.3244057325870747,0.3246024450176205,0.3246024450176205
2895,48.25,False,False,55.11174611667025,50.0,-33.409410940924914,54.68877640156776,58.33593413923089,50.205443868494676,74.0,5.111746116670247,7.725161723601367,7.802413340837381,7.69494432479879,7.400804784436422,7.67510768404157,7.364836823139088,0.2606128200542116,7.802413340837381,0.19206054759574362,0.37851130625204243,0.21171017148967622,0.19206054759574362,0.37851130625204243,7.629289556548128,7.772199836959686,0.11789848619783083,-0.06855227245846798,-0.030213503877694947,-0.17312378428925346,False,False,0.3246024450176205,0.3246024450176205,0.324798904793602,0.324798904793602
2900,48.333333333333336,False,False,55.099379045508584,50.0,-33.46090803988824,54.67636727408973,58.32371985739123,50.19255722512068,74.0,5.099379045508584,7.73099591540052,7.8083058745545255,7.700744696753906,7.410911627077887,7.681490246674982,7.375015337552313,0.26033054033950975,7.8083058745545255,0.19177583457098057,0.3782587266168262,0.21144073982136435,0.19177583457098057,0.3782587266168262,7.635075837556655,7.778005630886027,0.11792818627731644,-0.06855470576852918,-0.03030024366849826,-0.17323003699787076,False,False,0.324798904793602,0.324798904793602,0.32499511230351524,0.32499511230351524
2905,48.416666666666664,False,False,55.0870729637769,50.0,-33.51211842995056,54.66401940561154,58.31156668067248,50.179731238535624,74.0,5.087072963776897,7.736825541619425,7.81419379703562,7.706540734221341,7.420999056028055,7.687871189012627,7.385173671074009,0.2600473458381202,7.81419379703562,0.19149027108302036,0.3780051654529208,0.21117036048149204,0.19149027108302036,0.3780051654529208,7.64085742586136,7.783806700458179,0.11795781961480056,-0.06855707475509987,-0.03038709657744132,-0.17333637117426015,False,False,0.32499511230351524,0.32499511230351524,0.3251910679089699,0.3251910679089699
2910,48.5,False,False,55.07482740276702,50.0,-33.56304363786559,54.651732324010965,58.29947395586669,50.16696540559352,74.0,5.074827402767021,7.742650244563255,7.820076747008888,7.712332063159769,7.431067252529341,7.694250188778177,7.395312033135058,0.2597632830306793,7.820076747008888,0.19120390447768867,0.3777506706588766,0.21089906786614848,0.19120390447768867,0.3777506706588766,7.646633981066594,7.789602705492095,0.11798738762819727,-0.06855937855299063,-0.03047404151679256,-0.17344276594229413,False,False,0.3251910679089699,0.3251910679089699,0.325386771951324,0.325386771951324
2915,48.583333333333336,False,False,55.062641899872446,50.0,-33.61368520765416,54.63950556535913,58.28744113667811,50.15425930473941,74.0,5.062641899872446,7.748469698761798,7.825954395749416,7.718118343279345,7.441116392910216,7.700626937887716,7.405430626183376,0.2594783949622979,7.825954395749416,0.1909167766854104,0.37749528471545657,0.21062689503892218,0.1909167766854104,0.37749528471545657,7.652405193441777,7.795393336466848,0.11801688975315866,-0.0685616182768875,-0.030561059282567804,-0.1735492023076386,False,False,0.325386771951324,0.325386771951324,0.3255822247571826,0.3255822247571826
2920,48.666666666666664,False,False,55.05051599833142,50.0,-33.66404469866998,54.62733866930009,58.27546763321315,50.14161247073092,74.0,5.05051599833142,7.75428360825588,7.831826444338439,7.723899264954312,7.451146648748939,7.707001141765526,7.415529646110324,0.2591927216283693,7.831826444338439,0.19062892787701158,0.3772390483414489,0.21035387390661528,0.19062892787701158,0.3772390483414489,7.658170781492054,7.801178312095334,0.11804632671307957,-0.06856379375135774,-0.030648132243105586,-0.173655662846385,False,False,0.3255822247571826,0.3255822247571826,0.3257774266426564,0.3257774266426564
2925,48.75,False,False,55.03844924700908,50.0,-33.71412368379528,54.615231182569495,58.26355291227142,50.129024479225414,74.0,5.038449247009083,7.760091704110711,7.8376926211518185,7.729674546793694,7.461158187031534,7.713372518696512,7.425609282629655,0.2589063001399154,7.8376926211518185,0.1903403944277841,0.3769819984577425,0.2100800352046008,0.1903403944277841,0.3769819984577425,7.663930489480597,7.806957376846563,0.1180756983178271,-0.06856590571213128,-0.030735244305255094,-0.17376213167122145,False,False,0.3257774266426564,0.3257774266426564,0.3259723779169865,0.3259723779169865
2930,48.833333333333336,False,False,55.02644120021038,50.0,-33.76392374775806,54.603182657105435,58.2516964286925,50.11649488990785,74.0,5.026441200210378,7.765893742137238,7.84355267955861,7.73544393316358,7.471151170304245,7.719740799213264,7.435669719616083,0.2586191649991633,7.84355267955861,0.1900512106832507,0.3767241699531047,0.2098054085700369,0.1900512106832507,0.3767241699531047,7.6696840853165815,7.812730298833677,0.11810500495394138,-0.06856795431591262,-0.03082238072493304,-0.1738685942420286,False,False,0.3259723779169865,0.3259723779169865,0.32616707888532903,0.32616707888532903
2935,48.916666666666664,False,False,55.01449141751822,50.0,-33.813446485563745,54.59119265114981,58.239897669619936,50.10402328407475,74.0,5.014491417518222,7.771689500804201,7.8494063958122435,7.741207192075129,7.481125756820668,7.726105725515835,7.445711135409731,0.25833134828326365,7.8494063958122435,0.1897614081523731,0.37646559487739706,0.2095300226150812,0.1897614081523731,0.37646559487739706,7.67543135852036,7.818496867779126,0.11813424659413341,-0.06856994013089054,-0.030909528033117972,-0.1739750372918838,False,False,0.32616707888532903,0.32616707888532903,0.3263615298510175,0.3263615298510175
2940,49.0,False,False,55.00259946365188,50.0,-33.862693501033405,54.57926072583891,58.22815611920856,50.09160923559015,74.0,5.002599463651883,7.777478779324974,7.855253567118224,7.746964113149742,7.491082100683792,7.732467050922428,7.455733703091284,0.25804287991986713,7.855253567118224,0.18947101648528047,0.37620630341931793,0.20925390492689078,0.18947101648528047,0.37620630341931793,7.68117211842176,7.824256893212991,0.1181634234994508,-0.06857186343458666,-0.030996673905232974,-0.17408144869646414,False,False,0.3263615298510175,0.3263615298510175,0.32655573111732145,0.32655573111732145
2945,49.083333333333336,False,False,54.99076490834227,50.0,-33.911666405442205,54.56738644869491,58.216471285942966,50.07925233419549,74.0,4.990764908342271,7.783261395904629,7.861094009863675,7.752714505817375,7.501020351983106,7.738824539349278,7.465737590732228,0.25775378777898367,7.861094009863675,0.18918006301764184,0.37594632345078305,0.2089770821554794,0.18918006301764184,0.37594632345078305,7.686906192469869,7.830010202782781,0.11819253567179938,-0.06857372476134183,-0.031083807080893422,-0.17418781739380584,False,False,0.32655573111732145,0.32655573111732145,0.3267496829889074,0.3267496829889074
2950,49.166666666666664,False,False,54.97898732621983,50.0,-33.960366816251266,54.555569392722454,58.20484268264015,50.06695216918648,74.0,4.97898732621983,7.789037186133846,7.866927557995184,7.758458197626325,7.5109406569269845,7.745177964818102,7.475722961623631,0.2574640978567004,7.866927557995184,0.1888885733737629,0.3756856811300343,0.2086995800283603,0.1888885733737629,0.3756856811300343,7.692633424709303,7.835756640729725,0.11822158327333393,-0.06857552448293747,-0.03117091726545862,-0.17429413328588073,False,False,0.3267496829889074,0.3267496829889074,0.3269433857728308,0.3269433857728308
2955,49.25,False,False,54.967266296713966,50.0,-34.008796355927245,54.543809134945846,58.19326983574146,50.05470833756384,74.0,4.967266296713966,7.794806001517417,7.872754061532591,7.764195032719514,7.5208431579705035,7.751527110989576,7.485689974486363,0.25717383445889935,7.872754061532591,0.18859657139324904,0.37542440082831374,0.20842142342376066,0.18859657139324904,0.37542440082831374,7.698353674368606,7.841496066477179,0.11825056636941439,-0.06857726306565032,-0.03125799505541238,-0.17440038716398476,False,False,0.3269433857728308,0.3269433857728308,0.3271368397794802,0.3271368397794802
2960,49.333333333333336,False,False,54.955601403960436,50.0,-34.056956650843446,54.532105257460124,58.18175228032026,50.04252044019817,74.0,4.955601403960436,7.800567708126096,7.878573385207357,7.7699248704228925,7.530727993938863,7.757871770721367,7.495638783665317,0.2568830203114885,7.878573385207357,0.18830407936970164,0.3751625053685687,0.20814263635597854,0.18830407936970164,0.3751625053685687,7.704066814576834,7.84722835334724,0.11827948505708019,-0.06857894094178688,-0.03134503186011717,-0.17450657063052333,False,False,0.3271368397794802,0.3271368397794802,0.3273300453231111,0.3273300453231111
2965,49.416666666666664,False,False,54.94399223671594,50.0,-34.10484933025796,54.520457346498745,58.17028956087855,50.030388082810404,74.0,4.943992236715943,7.806322185361503,7.884385407215118,7.775647583962037,7.540595300146571,7.764211745649382,7.505569539309581,0.25659167670737587,7.884385407215118,0.1880111181479439,0.37490001612268986,0.2078632420485974,0.1880111181479439,0.37490001612268986,7.709772731181651,7.852953387378845,0.11830833941531399,-0.06858055855943196,-0.03143201983627275,-0.1746126760334663,False,False,0.3273300453231111,0.3273300453231111,0.32752300272233675,0.32752300272233675
2970,49.5,False,False,54.93243838827835,50.0,-34.15247602536283,54.50886499334055,58.158881231668246,50.018310876525845,74.0,4.932438388278349,7.812069324824619,7.8901900180728655,7.781363059280248,7.5504452085125395,7.770546845790888,7.515482387540409,0.25629982359832865,7.8901900180728655,0.18771770722197806,0.37463695310947787,0.2075832629784145,0.18771770722197806,0.37463695310947787,7.715471321670473,7.858671066248943,0.11833712951114922,-0.06858211637635059,-0.03151895182392206,-0.17471869640239213,False,False,0.32752300272233675,0.32752300272233675,0.3277157123004541,0.3277157123004541
2975,49.583333333333336,False,False,54.9209394564113,50.0,-34.19983836840045,54.49732779406545,58.14752685541129,50.00628843706518,74.0,4.920939456411297,7.817809029279227,7.895987119572019,7.787071193959708,7.56027784767125,7.776876889168308,7.525377470608394,0.2560074797052039,7.895987119572019,0.18742386486071178,0.3743733351203805,0.2073027208754411,0.18742386486071178,0.3743733351203805,7.7211624941797306,7.864381298281761,0.11836585541517664,-0.0685836148444921,-0.03160582129025791,-0.17482462539228827,False,False,0.3277157123004541,0.3277157123004541,0.3279081743856393,0.3279081743856393
2980,49.666666666666664,False,False,54.90949504327255,50.0,-34.246937991842074,54.48584534743646,58.13622599989409,49.99432038213389,74.0,4.90949504327255,7.823541211702344,7.901776623819368,7.792771896230746,7.570093343080094,7.783201701452518,7.535254927041063,0.2557146626649228,7.901776623819368,0.18712960827373754,0.37410917988528264,0.20702163678147373,0.18712960827373754,0.37410917988528264,7.726846166588858,7.870084001542829,0.11839451722035982,-0.06858505439118529,-0.03169262227653835,-0.17493045723050926,False,False,0.3279081743856393,0.3279081743856393,0.3281003893110843,0.3281003893110843
2985,49.75,False,False,54.89810475534501,50.0,-34.293776527625084,54.474417259257386,58.12497824704206,49.98240633923157,74.0,4.89810475534501,7.82926579441439,7.907558452358534,7.798465084065844,7.579891817123073,7.789521115624555,7.545114891781977,0.2554213890120991,7.907558452358534,0.18683495348607343,0.3738445039472562,0.20674003105009434,0.18683495348607343,0.3738445039472562,7.732522265689423,7.875779103008098,0.11842311493515711,-0.06858643552602567,-0.031779349350435915,-0.1750361866691108,False,False,0.3281003893110843,0.3281003893110843,0.32829235741501195,0.32829235741501195
2990,49.833333333333336,False,False,54.88676820337059,50.0,-34.34035560644429,54.46304313810774,58.11378317934615,49.97054593449598,74.0,4.886768203370593,7.834982708282395,7.913332535365218,7.804150684348761,7.589673389210937,7.795834971654709,7.554957496322225,0.2551276743627568,7.913332535365218,0.18653991572085363,0.37357932304526237,0.2064579234052417,0.18653991572085363,0.37357932304526237,7.738190726424661,7.88146653780352,0.11845164868250557,-0.06858775864190317,-0.03186599756169883,-0.1751418089405572,False,False,0.32829235741501195,0.32829235741501195,0.3284840790407355,0.3284840790407355
2995,49.916666666666664,False,False,54.87548500228558,50.0,-34.38667685709467,54.45172259609441,58.10264038934349,49.95873880081582,74.0,4.875485002285579,7.840691891990155,7.919098810910056,7.80982863211409,7.599438175877918,7.8021431161980175,7.564782868825026,0.2548335334694457,7.919098810910056,0.1862445092517488,0.3733136519665807,0.20617533292656845,0.1862445092517488,0.3733136519665807,7.743851491192556,7.887146248508123,0.11848011849713497,-0.06858902421769691,-0.03195256240193345,-0.17524731971750018,False,False,0.3284840790407355,0.3284840790407355,0.3286755545365454,0.3286755545365454
3000,50.0,False,False,54.86425477115796,50.0,-34.43274190586095,54.440455250860495,58.09154947659712,49.94698457546983,74.0,4.86425477115796,7.846393291369724,7.924857224283421,7.815498869850339,7.609186290875156,7.8084454023052565,7.574591134244103,0.254538980239613,7.924857224283421,0.18594874753380725,0.3730475046776613,0.20589227810801278,0.18594874753380725,0.3730475046776613,7.749504509207756,7.892818184515947,0.11850852443804827,-0.06859023270580578,-0.0320390397674748,-0.17535271507566552,False,False,0.3286755545365454,0.3286755545365454,0.32886678425567833,0.32886678425567833
3005,50.083333333333336,False,False,54.85307713312594,50.0,-34.47855237595232,54.42924072282432,58.08051004452257,49.93528289762373,74.0,4.853077133125943,7.852086858789097,7.930607727376987,7.821161346861851,7.618917845260958,7.814741689148562,7.58438241443639,0.25424402786420613,7.930607727376987,0.1856526433325705,0.37278089445325036,0.20560877690172674,0.1856526433325705,0.37278089445325036,7.755149735916976,7.898482301451476,0.11853686658904422,-0.06859138453163563,-0.032125425925511486,-0.17545799146001162,False,False,0.32886678425567833,0.32886678425567833,0.3290577685561805,0.3290577685561805
3010,50.166666666666664,False,False,54.84195171533768,50.0,-34.52410988697807,54.41807863825345,58.06952170732306,49.923633414269446,74.0,4.841951715337679,7.857772552591404,7.9363502781173185,7.826816018684226,7.628632947487972,7.821031841760843,7.594156828269561,0.2539486887993007,7.9363502781173185,0.1853562086185267,0.37251383377085245,0.20532484667414794,0.1853562086185267,0.37251383377085245,7.760787132463758,7.904138560634388,0.11856514497155174,-0.06859248018077402,-0.03221171748293017,-0.17556314565356068,False,False,0.3290577685561805,0.3290577685561805,0.3292485078007875,0.3292485078007875
3015,50.25,False,False,54.83087814889208,50.0,-34.56941605446207,54.406968626094894,58.05858407983687,49.912035771858896,74.0,4.830878148892083,7.863450336581274,7.942084839947087,7.832462846549073,7.638331703487395,7.827315730788264,7.603914491724733,0.25365297489470323,7.942084839947087,0.18505945484572103,0.37224633458935286,0.2050405042645707,0.18505945484572103,0.37224633458935286,7.766416665198114,7.909786928589237,0.11859335969464962,-0.0685935200489822,-0.03229791135785032,-0.17566817474897345,False,False,0.3292485078007875,0.3292485078007875,0.32943900235679346,0.32943900235679346
3020,50.333333333333336,False,False,54.819856068780446,50.0,-34.614472489393464,54.39591031916216,58.04769678575226,49.900489623290426,74.0,4.819856068780446,7.869120179554426,7.94781138134997,7.8381017968936755,7.648014216750326,7.833593232255031,7.6136555179947685,0.2533568974123227,7.94781138134997,0.1847623928086778,0.3719784082059473,0.20475576605836068,0.1847623928086778,0.3719784082059473,7.772038305227595,7.915427376596527,0.1186215107936246,-0.06859450460364491,-0.032384004753443385,-0.17577307612237458,False,False,0.32943900235679346,0.32943900235679346,0.329629252595882,0.329629252595882
3025,50.416666666666664,False,False,54.808885113829,50.0,-34.65928079781095,54.38490335440227,58.03685945256917,49.88899462379945,74.0,4.808885113829,7.874782054866875,7.953529875415544,7.843732840912061,7.657680588406344,7.83986422733982,7.623380017578436,0.2530604670629145,7.953529875415544,0.18446503279699755,0.3717100654107509,0.20447064786981173,0.18446503279699755,0.3717100654107509,7.7776520280060994,7.921059880281525,0.1186495983478364,-0.06859543426591697,-0.03246999513401949,-0.17587784740944468,False,False,0.329629252595882,0.329629252595882,0.3298192588939851,0.3298192588939851
3030,50.5,False,False,54.797964926642294,50.0,-34.703842580418595,54.373947372256275,58.0260717134805,49.877550432627736,74.0,4.797964926642294,7.880435940040418,7.959240299440823,7.849355954143812,7.6673309172994255,7.846128602163208,7.633088098370736,0.2527636940611956,7.959240299440823,0.1841673845892282,0.37144131648067735,0.20418516510321752,0.1841673845892282,0.37144131648067735,7.7832578129573475,7.926684419237773,0.11867762241948177,-0.06859630947196738,-0.03255588020304945,-0.17598248648347514,False,False,0.3298192588939851,0.3298192588939851,0.3300090216311257,0.3300090216311257
3035,50.583333333333336,False,False,54.787095153547014,50.0,-34.74815943223105,54.3630420181497,58.01533320850658,49.86615671405944,74.0,4.787095153547014,7.886081816401368,7.964942634565381,7.854971116097561,7.6769653000612745,7.85238624758548,7.642779865749672,0.25246658812584427,7.964942634565381,0.18386945746060096,0.3711721711871855,0.2038993327089429,0.18386945746060096,0.3711721711871855,7.788855643130129,7.932300976682331,0.11870558306134121,-0.06859713066524331,-0.03264165788305018,-0.17608699143525275,False,False,0.3300090216311257,0.3300090216311257,0.330198541191213,0.330198541191213
3040,50.666666666666664,False,False,54.77627544453694,50.0,-34.792232942246116,54.35218693932208,58.004643578155054,49.854813132197854,74.0,4.776275444536942,7.891719668749743,7.97063686543724,7.86057830990623,7.68658383118218,7.85863705901427,7.6524554226595125,0.25216915858973155,7.97063686543724,0.1835712603579543,0.37090263897121334,0.20361316516878106,0.1835712603579543,0.37090263897121334,7.794445504882598,7.937909539140099,0.11873348038148179,-0.06859789823177725,-0.03272732629714081,-0.17619136055464235,False,False,0.330198541191213,0.330198541191213,0.3303878179619357,0.3303878179619357
3045,50.75,False,False,54.76550545321843,50.0,-34.836064693142944,54.34138178834295,57.994002473295296,49.843519359296785,74.0,4.765505453218431,7.897349485056366,7.9763229799069295,7.866177522011348,7.696186603079449,7.864880936221479,7.662114869691,0.2518714143448051,7.9763229799069295,0.18327280170324162,0.37063272874669384,0.20332667656916784,0.18327280170324162,0.37063272874669384,7.800027387593236,7.943510096154779,0.11876131440188875,-0.06859861264156347,-0.03281288375215041,-0.17629559231369374,False,False,0.3303878179619357,0.3303878179619357,0.3305768523345744,0.3305768523345744
3050,50.833333333333336,False,False,54.75478483675636,50.0,-34.87965626100423,54.330626219720415,57.983409542904376,49.83227506557756,74.0,4.754784836756357,7.90297125618552,7.982000968747375,7.871768741874007,7.705773706163532,7.871117783168972,7.671758305158403,0.2515733639523205,7.982000968747375,0.1829740896980054,0.37036244920504036,0.20303988058653888,0.1829740896980054,0.37036244920504036,7.805601283396202,7.949102640024261,0.11878908525271986,-0.06859927425431508,-0.032898328723113934,-0.17639968535117312,False,False,0.3305768523345744,0.3305768523345744,0.3307656447038101,0.3307656447038101
3055,50.916666666666664,False,False,54.74411325582124,50.0,-34.923009215060475,54.319919893213964,57.972864447393555,49.82107993043502,74.0,4.74411325582124,7.908584975641019,7.987670825397429,7.877351961710231,7.7153452289019135,7.877347507842569,7.681385825173833,0.25127501558772564,7.987670825397429,0.1826751320437759,0.37009180853555346,0.20275279050197242,0.1826751320437759,0.37009180853555346,7.811167186939056,7.954687165558335,0.11881679294782782,-0.06859988354394975,-0.03298365983909424,-0.1765036384583727,False,False,0.3307656447038101,0.3307656447038101,0.3309541954676295,0.3309541954676295
3060,51.0,False,False,54.73349037453637,50.0,-34.96612511745519,54.30926247025777,57.96236684386555,49.809933630162284,74.0,4.733490374536373,7.914190639333748,7.993332545727085,7.882927176248696,7.72490125788082,7.883570022093891,7.690997523718706,0.2509763771508915,7.993332545727085,0.1823759362990093,0.3698208147823691,0.20246541924511804,0.1823759362990093,0.3698208147823691,7.816725095160961,7.960263669856932,0.11884443763147762,-0.06860044085188219,-0.03306887587015339,-0.1766074505661246,False,False,0.3309541954676295,0.3309541954676295,0.33114250502707704,0.33114250502707704
3065,51.083333333333336,False,False,54.7229158604254,50.0,-35.00900552302963,54.29865361785879,57.95191640205319,49.798835851330594,74.0,4.7229158604254025,7.919788245368835,7.998986127822524,7.888494382508947,7.734441877864854,7.889785241489629,7.700593492712697,0.25067745619262494,7.998986127822524,0.1820765095362017,0.3695494755015827,0.20217777933562503,0.1820765095362017,0.3695494755015827,7.822275007089639,7.965832152107073,0.11887201930895774,-0.06860094665642325,-0.0331539757154502,-0.1767111207328842,False,False,0.33114250502707704,0.33114250502707704,0.33133057378606257,0.33133057378606257
3070,51.166666666666664,False,False,54.71238938436923,50.0,-35.05165197912537,54.28809300486458,57.94151278766968,49.78778627691028,74.0,4.7123893843692315,7.9253777938508385,8.004631571789346,7.894053579598356,7.7439671718546075,7.895993085167839,7.710173822080161,0.25037826002489966,8.004631571789346,0.18177685873874305,0.3692777981581108,0.20188988300028543,0.18177685873874305,0.3692777981581108,7.827816923655516,7.971392613397044,0.11889953813321114,-0.0686014012861566,-0.03323895839230229,-0.1768146481338304,False,False,0.33133057378606257,0.33133057378606257,0.33151840215241984,0.33151840215241984
3075,51.25,False,False,54.70191062066819,50.0,-35.0940660254041,54.277580303452034,57.93115567546342,49.77678459722996,74.0,4.701910620668187,7.930959286705449,8.010268879572504,7.89960476852628,7.753477221142323,7.902193475700896,7.719738599814231,0.25007879570248404,8.010268879572504,0.18147699052040128,0.36900578984518595,0.20160174208517675,0.18147699052040128,0.36900578984518595,7.833350847521666,7.976945056546342,0.11892699414270191,-0.06860180518208275,-0.0333238230261621,-0.17691803205083723,False,False,0.33151840215241984,0.33151840215241984,0.33170599055252614,0.33170599055252614
3080,51.333333333333336,False,False,54.69147924778268,50.0,-35.13624919368367,54.26711519055149,57.92084474324158,49.76583050501573,74.0,4.691479247782681,7.936532727516679,8.015898054791846,7.905147952034004,7.76297210536573,7.908386338964937,7.729287912038592,0.2497790700045698,8.015898054791846,0.1811769112763466,0.3687334574353899,0.20131336811423353,0.1811769112763466,0.3687334574353899,7.838876782928761,7.982489485950641,0.11895438743082007,-0.0686021587282232,-0.03340856884120491,-0.1770212718630848,False,False,0.33170599055252614,0.33170599055252614,0.3318933395273979,0.3318933395273979
3085,51.416666666666664,False,False,54.6810949521748,50.0,-35.178203007793854,54.25669735146806,57.91057968177967,49.75492370371134,74.0,4.681094952174803,7.942098121380587,8.021519102594393,7.910683134439701,7.772451902560474,7.914571604016702,7.738821843067112,0.24947908936128443,8.021519102594393,0.18087662697099116,0.3684608073685014,0.20102477217210435,0.18087662697099116,0.3684608073685014,7.844394735557357,7.988025907444096,0.11898171800721696,-0.06860246239029327,-0.033493195150296806,-0.17712436703703638,False,False,0.3318933395273979,0.3318933395273979,0.3320804501751279,0.3320804501751279
3090,51.5,False,False,54.670757443165925,50.0,-35.21992898347116,54.24632649321356,57.90036021118574,49.7440639211878,74.0,4.670757443165925,7.947655474784918,8.027132029532767,7.916210321500726,7.781916689212888,7.920749202983453,7.748340475461359,0.24917885954137092,8.027132029532767,0.18057614277580714,0.368187845289326,0.20073596468450888,0.18057614277580714,0.368187845289326,7.849904712421706,7.993554328193169,0.1190089857479551,-0.06860271676556379,-0.03357770133959814,-0.1772273171110612,False,False,0.3320804501751279,0.3320804501751279,0.33226732573260254,0.33226732573260254
3095,51.583333333333336,False,False,54.6604664996992,50.0,-35.26142862836694,54.236002393829374,57.890186154573875,49.73325097135784,74.0,4.660466499699197,7.95320479555089,8.032736843506399,7.921729520307437,7.791366540319518,7.926919070987998,7.757843890086227,0.24887838445802118,8.032736843506399,0.180275461394626,0.3679145743730008,0.20044695449573738,0.180275461394626,0.3679145743730008,7.855406721846456,7.999074756673325,0.1190361899149796,-0.06860292306339519,-0.0336620868330737,-0.177330121659943,False,False,0.33226732573260254,0.33226732573260254,0.3324539761884318,0.3324539761884318
3100,51.666666666666664,False,False,54.65022209478675,50.0,-35.30270344239575,54.225725025763815,57.88005760146339,49.722484890766424,74.0,4.6502220947867485,7.958746092943895,8.038333553873334,7.92724073925989,7.800801529472781,7.933081146176286,7.7673321661647,0.24857766315590196,8.038333553873334,0.1799745793241116,0.3676409915854807,0.20015774639400663,0.1799745793241116,0.3676409915854807,7.860900773671211,8.004587202873633,0.11906332842957873,-0.06860308383179037,-0.033746350999701136,-0.17743278020212383,False,False,0.3324539761884318,0.3324539761884318,0.33264042960629114,0.33264042960629114
3105,51.75,False,False,54.64002468235638,50.0,-35.34375491899766,54.215494844338544,57.86997529530755,49.71176626246918,74.0,4.640024682356383,7.964279378213247,8.04392217199538,7.932743988272422,7.810221729022251,7.939235370019664,7.77680538133591,0.24827668273801465,8.04392217199538,0.1796734779564232,0.3673670787862058,0.19986833554717123,0.1796734779564232,0.3673670787862058,7.866386880023201,8.010091679069427,0.11909039604819113,-0.06860320478159146,-0.03383049292595253,-0.17753529197217865,False,False,0.33264042960629114,0.33264042960629114,0.3328267560275035,0.3328267560275035
3110,51.833333333333336,False,False,54.629875779828055,50.0,-35.38458454856263,54.20531336965749,57.85994137780397,49.70109683796026,74.0,4.629875779828055,7.969804666103161,8.049502712764193,7.938239279546314,7.819627210420122,7.945381688267976,7.786263611729467,0.24797540405406834,8.049502712764193,0.17937210643659143,0.36709278558549197,0.19957869611057505,0.17937210643659143,0.36709278558549197,7.871865057341662,8.015588201846695,0.11911738153142362,-0.06860329761747691,-0.033914510917497864,-0.17763765542253118,False,False,0.3328267560275035,0.3328267560275035,0.3330131115204217,0.3330131115204217
3115,51.916666666666664,False,False,54.61977902402976,50.0,-35.425193826370304,54.19518425113529,57.84996072698794,49.690480655052085,74.0,4.619779024029761,7.9753219783165,8.055075198099665,7.943726629594178,7.829018044958616,7.951520053268591,7.795706932090606,0.24767373544718793,8.055075198099665,0.17907035076138794,0.36681799844340335,0.19928876041954027,0.17907035076138794,0.36681799844340335,7.87733533084586,8.02107679657015,0.11914426299621542,-0.06860338468579999,-0.03399840152951583,-0.17773986725380553,False,False,0.3330131115204217,0.3330131115204217,0.3331998097583824,0.3331998097583824
3120,52.0,False,False,54.60974189511333,50.0,-35.465584268949186,54.185114991578395,57.840043037873045,49.67992577567853,74.0,4.609741895113331,7.980831350490129,8.06063966399503,7.949206063708004,7.838394305249209,7.957650428846391,7.805135416032994,0.24737149009461062,8.06063966399503,0.17876798555265858,0.36654249244309944,0.19899838506185008,0.17876798555265858,0.36654249244309944,7.882797743266846,8.02655750611495,0.11917100234848882,-0.06860350454195205,-0.03408215788008029,-0.1778419207281834,False,False,0.3331998097583824,0.3331998097583824,0.3333874250699679,0.3333874250699679
3125,52.083333333333336,False,False,54.599778267433,50.0,-35.505757444558924,54.175119509709894,57.83020585350557,49.66944681688341,74.0,4.5997782674330026,7.986332844858288,8.06619617330687,7.954677624690898,7.847756067965525,7.963772799507753,7.814549136569047,0.2470683223677952,8.06619617330687,0.1784646035325585,0.36626586076607565,0.1987073004770082,0.1784646035325585,0.36626586076607565,7.888252370275456,8.032030406294746,0.11919753839828046,-0.0686037188352367,-0.034165767012124704,-0.17794380303141466,False,False,0.3333874250699679,0.3333874250699679,0.3335769236482279,0.3335769236482279
3130,52.166666666666664,False,False,54.589911840112,50.0,-35.54571502512323,54.165221577645696,57.8204784734321,49.659068213330634,74.0,4.589911840112002,7.991826571257015,8.071744836969584,7.960141388285101,7.857103418537914,7.969887186259452,7.82394816717419,0.24676364205452045,8.071744836969584,0.17815952408556107,0.36598742325418376,0.19841504291084677,0.17815952408556107,0.36598742325418376,7.893699345420293,8.03749563079966,0.11922378119966331,-0.06860411796895938,-0.03424920616992466,-0.17804549154929106,False,False,0.3335769236482279,0.3335769236482279,0.33376980939423717,0.33376980939423717
3135,52.25,False,False,54.58018032350147,50.0,-35.585458867746254,54.15545902609409,57.81090660118043,49.64882809506004,74.0,4.580180323501473,7.997312719221957,8.077285846414176,7.965597488109976,7.8664364585932,7.975993671627008,7.8333325837759995,0.24645650877619119,8.077285846414176,0.17785168379457456,0.3657061169457541,0.19812087081941174,0.17785168379457456,0.3657061169457541,7.8991388972861,8.042953408354677,0.11924960816956293,-0.06860482498161663,-0.034332438059498926,-0.1781469491280756,False,False,0.33376980939423717,0.33376980939423717,0.3339682600854312,0.3339682600854312
3140,52.333333333333336,False,False,54.5706400347176,50.0,-35.62499113324439,54.145888350441176,57.80155719272236,49.63878233031361,74.0,4.570640034717599,8.002791603426374,8.082819519460637,7.971046152820389,7.875755316913793,7.982092436297985,7.8427024681976985,0.2461455153085808,8.082819519460637,0.17753952102175646,0.36542038065642235,0.19782367256034378,0.17753952102175646,0.36542038065642235,7.904571400783938,8.048404114009825,0.11927486534784154,-0.06860599428682435,-0.034415405450811676,-0.17824811867669865,False,False,0.3339682600854312,0.3339682600854312,0.3341752215058829,0.3341752215058829
3145,52.416666666666664,False,False,54.561370330659386,50.0,-35.66431444637847,54.13658915571315,57.792522892388774,49.62900822061825,74.0,4.561370330659386,8.008263723456553,8.08834636069112,7.976487757396882,7.885060164492008,7.988183809028252,7.852057913691269,0.24582867340113806,8.08834636069112,0.17722086848956886,0.3651280475601896,0.19752187604640314,0.17722086848956886,0.3651280475601896,7.909997442902274,8.053848334891294,0.11929937415905151,-0.0686078049115692,-0.03449802579982553,-0.17834891778884554,False,False,0.3341752215058829,0.3341752215058829,0.3343944249991884,0.3343944249991884
3150,52.5,False,False,54.55247713561842,50.0,-35.70343209753402,54.127667700778375,57.78392519090437,49.61960712543681,74.0,4.5524771356184175,8.01372983694656,8.093867135316025,7.981922888896784,7.894351233853396,7.994268329968893,7.861399033220037,0.24550332022781732,8.093867135316025,0.1768928737874485,0.36482626569610527,0.19721337510650302,0.1768928737874485,0.36482626569610527,7.915417900978445,8.059286948472883,0.11932294546828795,-0.06861044644036882,-0.0345801868431419,-0.1784492343375792,False,False,0.3343944249991884,0.3343944249991884,0.33463029946691436,0.33463029946691436
3155,52.583333333333336,False,False,54.54409475364352,50.0,-35.74234827883467,54.11925871208571,57.77591544981276,49.610705302500605,74.0,4.54409475364352,8.019191042598896,8.099382953024886,7.987352424725664,7.903628842236995,8.00034682549295,7.870725971048872,0.24516606606421193,8.099382953024886,0.17655196778746862,0.36451146638393295,0.19689548833925985,0.17655196778746862,0.36451146638393295,7.920834028881868,8.064721208759252,0.11934540031972102,-0.06861409827674331,-0.03466174426563384,-0.17854892414301826,False,False,0.33463029946691436,0.33463029946691436,0.3348877619931837,0.3348877619931837
3160,52.666666666666664,False,False,54.53638522525336,50.0,-35.78106833998716,54.11152473786611,57.76867310410997,49.60245239072075,74.0,4.536385225253362,8.024648866974594,8.10489535564434,7.9927776188205595,7.912893417517845,8.006420490185043,7.880038917944277,0.2448128016178998,8.10489535564434,0.17619389740481756,0.36417939698464175,0.19656496545335359,0.17619389740481756,0.36417939698464175,7.926247543870651,8.070152833142524,0.11936659536674193,-0.06861890421308225,-0.03474252250181564,-0.17864781177368894,False,False,0.3348877619931837,0.3348877619931837,0.33517188982550494,0.33517188982550494
3165,52.75,False,False,54.52953469782984,50.0,-35.81959904181434,54.10465250837418,57.762400580384096,49.595017151516025,74.0,4.529534697829838,8.030105346614347,8.11040640008049,7.998200188506587,7.922145525043763,8.012490969289093,7.8893381298760685,0.24443877893781973,8.11040640008049,0.1758138342064316,0.3638252295090444,0.19621805174006113,0.1758138342064316,0.3638252295090444,7.931660704788712,8.075584080599423,0.11938645057122466,-0.06862494473138814,-0.03482231948106751,-0.17874569529177897,False,False,0.33517188982550494,0.33517188982550494,0.33548749671512607,0.33548749671512607
3170,52.833333333333336,False,False,54.5237466032664,50.0,-35.857948779831915,54.09884609256606,57.75731487662329,49.588580426187484,74.0,4.523746603266403,8.035563095518032,8.115918726473213,8.003622392694067,7.931385892957781,8.018560433025641,7.898623949584132,0.24403877205722893,8.115918726473213,0.17540656114531997,0.36344374735213336,0.1958506157883221,0.17540656114531997,0.36344374735213336,7.937076371157049,8.081017810782557,0.11940497529490443,-0.06863221091190896,-0.03490091569065612,-0.17884235531616355,False,False,0.33548749671512607,0.33548749671512607,0.3358386544785563,0.3358386544785563
3175,52.916666666666664,False,False,54.51923182559416,50.0,-35.89612774757241,54.094317032896576,57.753636153634226,49.583325603914254,74.0,4.5192318255941615,8.041025347626238,8.121435601102501,8.009047090969803,7.940615433205924,8.024631633182866,7.907896829794549,0.24360731398983262,8.121435601102501,0.1749667304368107,0.3630296031693321,0.19545833723555006,0.1749667304368107,0.3630296031693321,7.942498032883106,8.08645751372979,0.11942228917949946,-0.06864058355302191,-0.034978087372710576,-0.17893756821939544,False,False,0.3358386544785563,0.3358386544785563,0.33622821252795154,0.33622821252795154
3180,53.0,False,False,54.51619643321528,50.0,-35.934148010427535,54.09127204410523,57.75157411602624,49.57942725157719,74.0,4.516196433215278,8.046495964896293,8.126960924545255,8.014477773306448,7.949835255371477,8.030707932521173,7.9171573563293505,0.2431389966860479,8.126960924545255,0.1744891756234981,0.36257763094145407,0.19503694442132657,0.1744891756234981,0.36257763094145407,7.9479298018563425,8.091907301459822,0.11943863425540616,-0.0686498210625498,-0.03505362308543347,-0.17903112268891253,False,False,0.33622821252795154,0.33622821252795154,0.3366573718463641,0.3366573718463641
3185,53.083333333333336,False,False,54.51482788347975,50.0,-35.972023465737465,54.08989916786735,57.75131320528551,49.5770387594758,74.0,4.514827883479747,8.051979403811341,8.132499197849455,8.019918551658082,7.959046670767791,8.036793298894903,7.926406268945636,0.24262881278509668,8.132499197849455,0.17396925495346088,0.3620831893529266,0.1945824845189691,0.17396925495346088,0.3620831893529266,7.95337635948416,8.097371855508138,0.11945437656782992,-0.0686595578316358,-0.0351273423413172,-0.17912283836529497,False,False,0.3366573718463641,0.3366573718463641,0.33712536500583473,0.33712536500583473
3190,53.166666666666664,False,False,54.515280832356645,50.0,-36.00976967324404,54.09035354836187,57.75299793360231,49.57628011130498,74.0,4.515280832356645,8.057480636461191,8.138055442825804,8.025374107496148,7.968251184842744,8.04289225847531,7.935644477542484,0.24207251092548177,8.138055442825804,0.17340319579614757,0.3615425062076866,0.19409160448817603,0.17340319579614757,0.3615425062076866,7.958842857919703,8.102856328154804,0.11946999528220481,-0.06866931512933419,-0.03519911467100023,-0.17921258490610104,False,False,0.33712536500583473,0.33712536500583473,0.3376292815359895,0.3376292815359895
3195,53.25,False,False,54.51766376968954,50.0,-36.04740355085754,54.09274401885774,57.75671953109237,49.57722675494317,74.0,4.517663769689541,8.063005026285568,8.143635076548424,8.030849593037253,7.977450476831094,8.049009805772485,7.944873071436928,0.24146693531083657,8.143635076548424,0.17278841293633182,0.3609529967231417,0.1935618188490935,0.17278841293633182,0.3609529967231417,7.964334776881859,8.10836619924449,0.11948606141230511,-0.06867852237450475,-0.03526887730393469,-0.1793002996665649,False,False,0.3376292815359895,0.3376292815359895,0.33816406064626797,0.33816406064626797
3200,53.333333333333336,False,False,54.52202764485495,50.0,-36.08494294262991,54.09712169516814,57.76250518628958,49.579900639650674,74.0,4.522027644854951,8.06855816268723,8.149243744314102,8.036350488063174,7.986646366630267,8.0551512718986,7.954093319745124,0.24081031967698435,8.149243744314102,0.17212377077107144,0.3603135257271408,0.19299174144957762,0.17212377077107144,0.3603135257271408,7.969857742057662,8.113907094588873,0.11950320605015646,-0.06868654890591291,-0.03533664972522921,-0.1793860022564404,False,False,0.33816406064626797,0.33816406064626797,0.338722653968645,0.338722653968645
3205,53.416666666666664,False,False,54.52835746381232,50.0,-36.122406077441326,54.103471546527715,57.770310705818105,49.58426410592393,74.0,4.52835746381232,8.074145662512715,8.154887119137841,8.041882418323267,7.995840769948094,8.06132215624085,7.963306661482036,0.24010251098688967,8.154887119137841,0.17140976951200879,0.35962459386027845,0.19238126131135688,0.17140976951200879,0.35962459386027845,7.975417314630421,8.119484575494791,0.11952208287338878,-0.06869274147488089,-0.035402543643050066,-0.17946980450742078,False,False,0.338722653968645,0.338722653968645,0.3392963425644903,0.3392963425644903
3210,53.5,False,False,54.53656755802744,50.0,-36.15981094685867,54.111707648437815,57.78001725476059,49.59021717796982,74.0,4.536567558027443,8.079772949440242,8.160570678934645,8.047450945062605,8.005035643756147,8.067527929992657,7.97251468475049,0.2393451045000802,8.160570678934645,0.17064863912391232,0.35888843151444927,0.19173164833687226,0.17064863912391232,0.35888843151444927,7.9810187641136165,8.125103911598137,0.11954332701436907,-0.06869646537616789,-0.03546676733650855,-0.17955191482102872,False,False,0.3392963425644903,0.3392963425644903,0.339875177333929,0.339875177333929
3215,53.583333333333336,False,False,54.546500889341075,50.0,-36.197174637874056,54.12167248236378,57.791432365571914,49.597598414500965,74.0,4.546500889341075,8.08544502430655,8.166299474549616,8.053061337855876,8.01423292487697,8.07377382248107,7.9817190952420916,0.23854148013042503,8.166299474549616,0.16984433554073664,0.3581089950489109,0.19104558083786288,0.16984433554073664,0.3581089950489109,7.986666838151738,8.130769850664715,0.11956751491848588,-0.0686971445896884,-0.03552962388490144,-0.1796326363978782,False,False,0.339875177333929,0.339875177333929,0.34044850174823527,0.34044850174823527
3220,53.666666666666664,False,False,54.557932405389316,50.0,-36.23451266014456,54.1331403023578,57.80429511902624,49.606189237891215,74.0,4.557932405389316,8.091166240194706,8.172077902596653,8.058718344408227,8.023434465065575,8.080064602701517,7.990921675124186,0.23769673853066706,8.172077902596653,0.1690024403175801,0.35729186644225486,0.19032709409498239,0.1690024403175801,0.35729186644225486,7.992365543191085,8.136486399261036,0.1195951279115878,-0.06869429821308695,-0.03559150333561689,-0.17971235940556785,False,False,0.34044850174823527,0.34044850174823527,0.3410055111329235,0.3410055111329235
3225,53.75,False,False,54.570576136419184,50.0,-36.27183830772644,54.1458242481773,57.81828500377202,49.61572133172613,74.0,4.570576136419184,8.096940095691295,8.177909496648208,8.064425971226061,8.032641966179003,8.086404368839093,8.000124234148922,0.23681754384824671,8.177909496648208,0.16812997412674976,0.35644406678847496,0.1895814550880914,0.16812997412674976,0.35644406678847496,7.998117948989533,8.142256627264128,0.11962652294022824,-0.06868756972149695,-0.03565286938408008,-0.17979154765867555,False,False,0.3410055111329235,0.3410055111329235,0.3415358033520963,0.3415358033520963
3230,53.833333333333336,False,False,54.58409545655695,50.0,-36.3091620923432,54.15938664059852,57.83303380165838,49.62588656486719,74.0,4.584095456556952,8.102769058232553,8.18379674881488,8.070187288126832,8.041856918962177,8.092796357858807,8.009328555419355,0.23591188628824966,8.18379674881488,0.16723513838100654,0.35557379792022303,0.1888149743354461,0.16723513838100654,0.35557379792022303,8.003926028006077,8.148082507251043,0.11966191163197337,-0.06867674790724312,-0.03571424156383607,-0.17987072080880218,False,False,0.3415358033520963,0.3415358033520963,0.34202988082426206,0.34202988082426206
3235,53.916666666666664,False,False,54.5981157402713,50.0,-36.346491279482066,54.17345167057798,57.848139569347516,49.63634866924798,74.0,4.598115740271297,8.10865442712157,8.189740971392785,8.07600426762856,8.051080548645032,8.099242785634559,8.01853633863345,0.2349887833145658,8.189740971392785,0.16632700579397502,0.3546901329692267,0.18803476925036194,0.16632700579397502,0.3546901329692267,8.009790538051442,8.15396479714952,0.1197013496546609,-0.06866177752059077,-0.0357761742432654,-0.17995043334134309,False,False,0.34202988082426206,0.34202988082426206,0.3424795720830078,0.3424795720830078
3240,54.0,False,False,54.61223853623546,50.0,-36.38382955083911,54.18761962148825,57.8631818440015,49.6467559462018,74.0,4.612238536235459,8.114596242896688,8.195742205325654,8.08187766760048,8.060313769998483,8.105744725781406,8.027749143777655,0.23405794028612945,8.195742205325654,0.16541517958710594,0.35380267557325734,0.18724849617678957,0.16541517958710594,0.35380267557325734,8.015710953491899,8.159902971441783,0.1197447352871279,-0.0686427606990235,-0.03583923388387156,-0.18003125183375523,False,False,0.3424795720830078,0.3424795720830078,0.34287835118151266,0.34287835118151266
3245,54.083333333333336,False,False,54.62605635431675,50.0,-36.42117680769401,54.201481697027255,57.87773705473279,49.65675415264778,74.0,4.626056354316752,8.120593246566703,8.20179917903237,8.087806962466841,8.06955715380274,8.112302032621438,8.036968338160884,0.23312939308880232,8.20179917903237,0.16450944452401928,0.3529212109104849,0.18646406811881208,0.16450944452401928,0.3529212109104849,8.021685447082074,8.16589520299738,0.11979181782168258,-0.06861994856478304,-0.03590397603499085,-0.18011373195029634,False,False,0.34287835118151266,0.34287835118151266,0.3432215437950381,0.3432215437950381
3250,54.166666666666664,False,False,54.63916720739432,50.0,-36.4585291205523,54.214634615104416,57.89139336809366,49.66599892312928,74.0,4.639167207394323,8.126642889086389,8.207909317977252,8.093790325039727,8.078810905912794,8.118913310818693,8.046195049393138,0.23221315328419223,8.207909317977252,0.1636194274608389,0.3520553662498158,0.18568937517907216,0.1636194274608389,0.3520553662498158,8.027710921430005,8.171938394538223,0.11984221296562358,-0.06859372582335332,-0.03597092343902908,-0.18019839654724734,False,False,0.3432215437950381,0.3432215437950381,0.3435064187801312,0.3435064187801312
3255,54.25,False,False,54.65118815324479,50.0,-36.49587882161596,54.22669419124699,57.90376414916455,49.6741670426175,74.0,4.651188153244789,8.13274138856894,8.21406880245463,8.099824657984115,8.088074859330593,8.12557593140861,8.055430126463225,0.23131887480858496,8.21406880245463,0.16275428623463867,0.3512142998393514,0.18493202199756525,0.16275428623463867,0.3512142998393514,8.033783086388405,8.178028256029895,0.11989542503076642,-0.06856458857394629,-0.03604054642473464,-0.18028571606622457,False,False,0.3435064187801312,0.3435064187801312,0.34373217238469395,0.34373217238469395
3260,54.333333333333336,False,False,54.66176722530164,50.0,-36.533214728950824,54.23730730801581,57.91449954620719,49.680966156464706,74.0,4.661767225301638,8.138883830303497,8.220272668606531,8.10590567120915,8.09734847896989,8.132286091425051,8.064674110508935,0.23045555708476967,8.220272668606531,0.1619224383570872,0.3504064296000361,0.18419909430044756,0.1619224383570872,0.3504064296000361,8.039896576473968,8.184159422100935,0.11995087251526643,-0.06853311872768247,-0.03611324650559666,-0.18037609213256367,False,False,0.34373217238469395,0.34373217238469395,0.3438998187718746,0.3438998187718746
3265,54.416666666666664,False,False,54.67059330682685,50.0,-36.570522485044634,54.246161827662526,57.923295773038035,49.686142557927106,74.0,4.670593306826852,8.145064302784021,8.226514945811862,8.112027999287452,8.106630878173512,8.13903891224024,8.073927216254852,0.22963129553309045,8.226514945811862,0.16113133952363023,0.3496392116348511,0.183496963022435,0.16113133952363023,0.3496392116348511,8.046045100830147,8.190325602005647,0.12000791610176068,-0.06849995600946021,-0.036189343806215746,-0.18046984498171526,False,False,0.3438998187718746,0.3438998187718746,0.3440120048298057,0.3440120048298057
3270,54.5,False,False,54.6774036745398,50.0,-36.60778498803192,54.25299416030252,57.92990188423571,49.68948687792146,74.0,4.6774036745398035,8.15127606171394,8.232788822331079,8.118185351417896,8.115920845543538,8.145828570169755,8.083189324470364,0.22885308673858162,8.232788822331079,0.16038731697873948,0.34891897359406787,0.1828311317281532,0.16038731697873948,0.34891897359406787,8.052221617292552,8.196519753689493,0.12006588685548625,-0.06846576975984214,-0.03626906864158563,-0.18056720503852652,False,False,0.3440120048298057,0.3440120048298057,0.3440727694434332,0.3440727694434332
3275,54.583333333333336,False,False,54.681989101342545,50.0,-36.64498289126524,54.257594386645934,57.93412401363013,49.690837648406124,74.0,4.681989101342545,8.15751171332572,8.239086830458977,8.124370685491023,8.125216880288349,8.152648451889364,8.092459985217257,0.22812669104832822,8.239086830458977,0.15969545884509406,0.34825080400444064,0.18220612920672466,0.15969545884509406,0.34825080400444064,8.05841852176394,8.202734273164095,0.12012411295611242,-0.06843123220323416,-0.036352557294881294,-0.18066830869503647,False,False,0.3440727694434332,0.3440727694434332,0.3440872677444358,0.3440872677444358
3280,54.666666666666664,False,False,54.68419655312617,50.0,-36.68209514604385,54.25980896619577,57.93582715632072,49.69008280320435,74.0,4.684196553126171,8.163763408296928,8.245401042379898,8.130576397464019,8.134517234078187,8.15949132674921,8.101738431147918,0.2274565522316152,8.245401042379898,0.159059558074156,0.34763849621978465,0.18162544731280833,0.159059558074156,0.34763849621978465,8.064627844289372,8.208961190582418,0.12018194398816945,-0.0683969941574592,-0.036439851797480216,-0.1807731980905256,False,False,0.3440872677444358,0.3440872677444358,0.3440614796838782,0.3440614796838782
3285,54.75,False,False,54.68392963491925,50.0,-36.719099562969106,54.25954118623269,57.93493471291919,49.68715929697161,74.0,4.683929634919252,8.170023037972168,8.25172326835189,8.136794517435895,8.143819957324673,8.16634952810198,8.111023599704822,0.22684577087757135,8.25172326835189,0.15848210656720002,0.34708454254201915,0.18109152090587488,0.15848210656720002,0.34708454254201915,8.070841443848476,8.215192365031013,0.1202387716644478,-0.06836366431037133,-0.03653090332087672,-0.18088182450341428,False,False,0.3440614796838782,0.3440614796838782,0.34400191999437546,0.34400191999437546
3290,54.833333333333336,False,False,54.68114703334217,50.0,-36.75597336930089,54.25674960066123,57.93142608254623,49.682051080993716,74.0,4.681147033342171,8.176282425412118,8.258045249666239,8.143016904439744,8.153122947842327,8.173215136208146,8.120314162772443,0.22629612598202584,8.258045249666239,0.15796433349208114,0.3465901725379372,0.18060574574378735,0.15796433349208114,0.3465901725379372,8.07705119484218,8.221419671016776,0.12029404655591139,-0.0683317924899447,-0.036625578649463364,-0.18099405482405828,False,False,0.34400191999437546,0.34400191999437546,0.3439153636305259,0.3439153636305259
3295,54.916666666666664,False,False,54.67585926478722,50.0,-36.792693742521976,54.25144476817212,57.925332647339275,49.67478572281887,74.0,4.675859264787221,8.18253350487721,8.264358839925983,8.149235432929478,8.162423999990162,8.18008015605086,8.1296085621467,0.22580813774229683,8.264358839925983,0.15750628053913365,0.3461554282951164,0.18016852882497006,0.15750628053913365,0.3461554282951164,8.08324915943593,8.227635170810183,0.12034729055281959,-0.06830185720316317,-0.036723669115799495,-0.18110968049005294,False,False,0.3439153636305259,0.3439153636305259,0.3438085974644554,0.3438085974644554
3300,55.0,False,False,54.668124073540476,50.0,-36.829238303758274,54.243684634984184,57.91673251355313,49.66542997652222,74.0,4.668124073540476,8.188768484606328,8.27065616945239,8.155442165123056,8.171720852604748,8.186936684388993,8.138905049108061,0.2253811637151557,8.27065616945239,0.157106906322117,0.3457792688228688,0.17977936466309075,0.157106906322117,0.3457792688228688,8.08942774122437,8.23383126810996,0.1203981051077131,-0.06827425739303872,-0.036824901342431104,-0.181228428228021,False,False,0.3438085974644554,0.3438085974644554,0.34368820567776975,0.34368820567776975
3305,55.083333333333336,False,False,54.6580408343597,50.0,-36.86558555844731,54.2335689200323,57.90574437947387,49.654084615553764,74.0,4.658040834359703,8.19497998907251,8.276929788963235,8.161629504667165,8.181011234298255,8.193777061505696,8.148201726402075,0.22501352016251985,8.276929788963235,0.15676421195861162,0.3454596956326469,0.17943693137353878,0.15676421195861162,0.3454596956326469,8.09557981701267,8.240000839824432,0.12044617547012704,-0.06824930820390823,-0.036928949138802736,-0.18134997195056535,False,False,0.34368820567776975,0.34368820567776975,0.3435603931654172,0.3435603931654172
3310,55.166666666666664,False,False,54.64574430398961,50.0,-36.90171527543188,54.221232840759534,57.89252086217674,49.640878808651216,74.0,4.645744303989609,8.201161178203606,8.283172789985642,8.167790328418551,8.190292904983671,8.200594004287343,8.157496591027268,0.22470262083197667,8.283172789985642,0.15647538065394995,0.3451938923219799,0.17913920024598157,0.15647538065394995,0.3451938923219799,8.101698844788668,8.246137344043671,0.12049127149000322,-0.06822724017802673,-0.037035445941970835,-0.18147394519697357,False,False,0.3435603931654172,0.3435603931654172,0.3434308485177604,0.3434308485177604
3315,55.25,False,False,54.63139804031854,50.0,-36.93760879926637,54.20684051295482,57.87724163104275,49.62596433283393,74.0,4.631398040318537,8.207305842279618,8.289378900702415,8.17391809441617,8.199563692784553,8.207380718422984,8.166787576389229,0.22444512545598627,8.289378900702415,0.15623692366364372,0.34497837053690944,0.17888355277013945,0.15623692366364372,0.34497837053690944,8.107778947131555,8.252234903448192,0.12053324508092317,-0.06820820179234255,-0.03714399725422268,-0.1815999535708599,False,False,0.3434308485177604,0.3434308485177604,0.3433046458681454,0.3433046458681454
3320,55.333333333333336,False,False,54.61518777096695,50.0,-36.97324929379724,54.19057829564103,57.860106579555605,49.609509819860065,74.0,4.615187770966948,8.213408472310839,8.295542557033947,8.180006925289874,8.208821525772182,8.21413098859125,8.176072592580459,0.22423709166823755,8.295542557033947,0.15604482754728705,0.3448091172259,0.17866690026799006,0.15604482754728705,0.3448091172259,8.113814970323402,8.258288364420467,0.12057202555766247,-0.0681922641209505,-0.03725419261347973,-0.18172758671054545,False,False,0.3433046458681454,0.3433046458681454,0.34318618312565935,0.34318618312565935
3325,55.416666666666664,False,False,54.59731494932715,50.0,-37.008621917908926,54.17264832191157,57.84132929059613,49.5916952520894,74.0,4.597314949327149,8.219464306630298,8.301658949696602,8.186051667371935,8.2180644582363,8.22083924645969,8.185349563772702,0.22407412466027382,8.301658949696602,0.15589469699238667,0.3446817374636755,0.17848580150525778,0.15589469699238667,0.3446817374636755,8.119802520278297,8.26429333297412,0.12060761280340165,-0.06817942766788715,-0.03736561672248229,-0.18185642941830515,False,False,0.34318618312565935,0.34318618312565935,0.3430791528492637,0.3430791528492637
3330,55.5,False,False,54.57799068919917,50.0,-37.04371393665035,54.15326241431054,57.82113096445465,49.57270685115212,74.0,4.577990689199169,8.225469355183822,8.307724048735661,8.19204792662621,8.227290691428117,8.227500617134933,8.19461646194421,0.22395151982009337,8.307724048735661,0.15578188934118914,0.344591588978055,0.17833657460682845,0.15578188934118914,0.344591588978055,8.125737977067217,8.270246189278755,0.1206400691579616,-0.06816963047890423,-0.037477859456906515,-0.18198607166844383,False,False,0.3430791528492637,0.3430791528492637,0.3429865412223648,0.3429865412223648
3335,55.583333333333336,False,False,54.557430222279976,50.0,-37.078514772757345,54.132636523085445,57.799734932235474,49.552732463271326,74.0,4.557430222279976,8.231420403568169,8.31373460760385,8.197992083172986,8.236498588910598,8.234110945358141,8.203871336397416,0.2238643949539437,8.31373460760385,0.15570163792606384,0.3445339054853417,0.17821540083073162,0.15570163792606384,0.3445339054853417,8.13161849030057,8.276144083042524,0.12066951053139799,-0.06816275702787986,-0.03759052456132572,-0.1821161173032806,False,False,0.3429865412223648,0.3429865412223648,0.34291065019489275,0.34291065019489275
3340,55.666666666666664,False,False,54.53584797826677,50.0,-37.113016004873714,54.11098578794468,57.777361844244666,49.531957516812476,74.0,4.535847978266773,8.237314999259155,8.319688149251746,8.203881286671546,8.245686686808941,8.24066680323714,8.213112338740492,0.22380780951925772,8.319688149251746,0.15564916200127543,0.3445039066221032,0.17811841785783145,0.15564916200127543,0.3445039066221032,8.13744195794236,8.281984912326328,0.12069609710284546,-0.06815864751798228,-0.03770323692541844,-0.18224619130938713,False,False,0.34291065019489275,0.34291065019489275,0.3428531378031215,0.3428531378031215
3345,55.75,False,False,54.51345334694665,50.0,-37.14721131959088,54.08852028769327,57.75422558368082,49.51056159421296,74.0,4.513453346946648,8.243151422702308,8.325582936929331,8.209713435134343,8.2548536993739,8.247165481651306,8.222337743203425,0.22377686910504052,8.325582936929331,0.1556197618979706,0.3444968931001654,0.17804180145508328,0.1556197618979706,0.3444968931001654,8.1432069912913,8.28776728852488,0.12072002399512488,-0.06815710720706991,-0.03781564840445206,-0.1823759456380305,False,False,0.3428531378031215,0.3428531378031215,0.34281507187983606,0.34281507187983606
3350,55.833333333333336,False,False,54.49044714647415,50.0,-37.18109642482237,54.06544149524982,57.730529902336976,49.488715615097405,74.0,4.490447146474153,8.248928646028151,8.331417932488433,8.21548713990809,8.263998520354104,8.253604967670977,8.231545962328688,0.22376681447994998,8.331417932488433,0.1556088992111541,0.3445083268935948,0.1779818350437836,0.1556088992111541,0.3445083268935948,8.14891286889329,8.293490490279266,0.12074151241364481,-0.06815791526879589,-0.037927442209166884,-0.1825050635951424,False,False,0.34281507187983606,0.34281507187983606,0.34279699275862946,0.34279699275862946
3355,55.916666666666664,False,False,54.46701879265133,50.0,-37.214668932074204,54.041939438328676,57.70646578095803,49.46657963204107,74.0,4.467018792651331,8.254646282125506,8.337192744946762,8.22120167958628,8.273120220724362,8.2599839104168,8.240735558217542,0.22377309491412234,8.337192744946762,0.1556122616762237,0.34453389611524177,0.17793496674817108,0.1556122616762237,0.34453389611524177,8.154559482072779,8.299154409008226,0.12076080120111943,-0.06816083323789865,-0.038038335938535894,-0.18263326287398307,False,False,0.34279699275862946,0.34279699275862946,0.3427989810894696,0.3427989810894696
3360,56.0,False,False,54.44334414056187,50.0,-37.2479282149298,54.01819053516508,57.68220946127251,49.444301193622685,74.0,4.443344140561869,8.26030452668284,8.342907571949668,8.226856945540503,8.282218043339109,8.266301577766264,8.249905249623293,0.22379142621566644,8.342907571949668,0.15562581365218095,0.3445695654999577,0.17789785451009266,0.15562581365218095,0.3445695654999577,8.160147274609125,8.304759488584617,0.12077813928429126,-0.0681656125634855,-0.03814808336505138,-0.18276029734054333,False,False,0.3427989810894696,0.3427989810894696,0.3428207274635952,0.3428207274635952
3365,56.083333333333336,False,False,54.41958395217412,50.0,-37.28087525060755,53.994356055808126,57.65792110063983,49.42201423259558,74.0,4.419583952174122,8.265904095612994,8.348563136569124,8.232453381596871,8.291291395078655,8.272557806214193,8.259053915264381,0.22381783438204367,8.348563136569124,0.15564583305090027,0.34461161333387047,0.1778673998847353,0.15564583305090027,0.34461161333387047,8.165677178862875,8.310306661461624,0.1207937789518268,-0.0681720013311434,-0.03825647510750052,-0.18288595770624916,False,False,0.3428207274635952,0.3428207274635952,0.34286160114817554,0.34286160114817554
3370,56.166666666666664,False,False,54.39588293107463,50.0,-37.313512450832036,53.970581157870654,57.63374399541233,49.39983843292739,74.0,4.395882931074631,8.271446160031967,8.354160621632287,8.23799192016225,8.300339837035212,8.278752946031727,8.26818059378468,0.22384868582166745,8.354160621632287,0.1556689356822407,0.3446566557995042,0.177840771293495,0.1556689356822407,0.3446566557995042,8.171150550394158,8.315797283291197,0.12080796997783677,-0.06817975013942676,-0.038363338341090625,-0.1830100712381295,False,False,0.34286160114817554,0.34286160114817554,0.34292071581941647,0.34292071581941647
3375,56.25,False,False,54.372369257730924,50.0,-37.34584348754275,53.946994416349405,57.6098042724275,49.37787899041631,74.0,4.372369257730924,8.27693228068733,8.359701603494203,8.243473916842678,8.309363073250534,8.28488780366218,8.277284480818828,0.22388070583592706,8.359701603494203,0.15569208907253318,0.344701660794273,0.1778154181104128,0.15569208907253318,0.344701660794273,8.176569102831788,8.32123306779316,0.12082095495834594,-0.06818861676339388,-0.03846853570104258,-0.18313250066241515,False,False,0.34292071581941647,0.34292071581941647,0.342996990732078,0.342996990732078
3380,56.333333333333336,False,False,54.34915455492571,50.0,-37.377873118194344,53.92370779574039,57.58621102673317,49.356226747604005,74.0,4.349154554925711,8.282364343442673,8.3651879868771,8.248901085312475,8.31836093847159,8.290963583058796,8.286364923630382,0.22391098639045595,8.3651879868771,0.1557126160596935,0.3447439515256003,0.17778907640217767,0.1557126160596935,0.3447439515256003,8.181934844459903,8.326616023341858,0.12083296513514433,-0.06819837033076245,-0.03857196353524195,-0.1832531424171968,False,False,0.342996990732078,0.342996990732078,0.3430892062562232,0.3430892062562232
3385,56.416666666666664,False,False,54.32633421254346,50.0,-37.40960701462117,53.90081697021028,57.56305676090742,49.3349585810509,74.0,4.326334212543458,8.28774449713495,8.3706219421063,8.25427543390088,8.327333385338816,8.296981827422908,8.295421413783163,0.22393698527002925,8.3706219421063,0.15572819129001453,0.344781203007719,0.17775976784455452,0.15572819129001453,0.344781203007719,8.187250017703285,8.33194839245145,0.12084421773768972,-0.06820879398001473,-0.0386735496548507,-0.18337192440301564,False,False,0.3430892062562232,0.3430892062562232,0.34319605313902585,0.34319605313902585
3390,56.5,False,False,54.303988003026525,50.0,-37.44105159867594,53.87840194684643,57.54041814352925,49.314138055027314,74.0,4.303988003026525,8.29307509484232,8.376005845790743,8.259599205077368,8.336280471366212,8.302944362552807,8.304453578285697,0.22395651755405196,8.376005845790743,0.15573683009186376,0.3448114309353746,0.17772579282559492,0.15573683009186376,0.3448114309353746,8.192517042420608,8.337232595069239,0.12085491338132262,-0.0682196874621882,-0.03877325072150484,-0.1834888033701354,False,False,0.34319605313902585,0.34319605313902585,0.34331617520652835,0.34331617520652835
3395,56.583333333333336,False,False,54.28218092290503,50.0,-37.4722138871323,53.85652790912731,57.518356936076664,49.29381621491528,74.0,4.282180922905027,8.298358639339178,8.381342225732569,8.264874818744923,8.345202346016693,8.308853242773234,8.313461169617796,0.22396774130493213,8.381342225732569,0.15573687305749845,0.34483297626564846,0.1776857189509883,0.15573687305749845,0.34483297626564846,8.197738463665186,8.342471176336343,0.12086523496071633,-0.06823086824743368,-0.0388710493962261,-0.18360376206738316,False,False,0.34331617520652835,0.34331617520652835,0.34344820550876,0.34344820550876
3400,56.666666666666664,False,False,54.26096420125224,50.0,-37.50310134768111,53.83524622794818,57.49692109605897,49.274032526515235,74.0,4.260964201252243,8.303597733278096,8.386633710610877,8.270104820000764,8.354099238121638,8.314710700189323,8.322444055010452,0.22396913866350587,8.386633710610877,0.1557269660921145,0.3448444852670123,0.17763836600584001,0.1557269660921145,0.3448444852670123,8.202916904348097,8.347666759250894,0.1208753466035064,-0.06824217257139137,-0.03896695135998307,-0.18371680626277964,False,False,0.34344820550876,0.34344820550876,0.3435907961341535,0.3435907961341535
3405,56.75,False,False,54.24037642222745,50.0,-37.53372176725969,53.81459558955322,57.47614596636064,49.254815885671405,74.0,4.240376422227449,8.308795034428648,8.391882984772934,8.275291831799496,8.362971443842017,8.320519097802514,8.331402205308247,0.22395949352730896,8.391882984772934,0.15570603793912632,0.3448448870446149,0.1775827883393049,0.15570603793912632,0.3448448870446149,8.208055023043027,8.352822002472832,0.12088539351730596,-0.06825345558818263,-0.0390609823001018,-0.18382796172990723,False,False,0.3435907961341535,0.3435907961341535,0.34374264208361555,0.34374264208361555
3410,56.833333333333336,False,False,54.22044471561065,50.0,-37.56408313343806,53.7946031908323,57.456055524718366,49.23618567628522,74.0,4.220444715610647,8.313953216122313,8.397092748283535,8.280438512757929,8.371819315321124,8.326280886841626,8.340335683699282,0.22393786698748955,8.397092748283535,0.1556732757599954,0.34483336912011864,0.1775182555067204,0.1556732757599954,0.34483336912011864,8.213155477005202,8.35793956334291,0.12089550213262909,-0.06826459122749415,-0.03915318494062525,-0.18393727127833337,False,False,0.34374264208361555,0.34374264208361555,0.3439024997063753,0.3439024997063753
3415,56.916666666666664,False,False,54.201185976070796,50.0,-37.59419352914912,53.77528596244928,57.436663643354905,49.21815283487517,74.0,4.201185976070796,8.31907493290103,8.40226568223004,8.285547520174056,8.380643250136366,8.331998568502453,8.349244634553273,0.22390357147969553,8.40226568223004,0.15562809990921656,0.3448093522066906,0.17744423200388157,0.15562809990921656,0.3448093522066906,8.218220890339158,8.363022066050393,0.1209057807269951,-0.06827547157047897,-0.03924361617964678,-0.18404479189088185,False,False,0.3439024997063753,0.3439024997063753,0.34406920026806825,0.34406920026806825
3420,57.0,False,False,54.18260807857471,50.0,-37.62406104068677,53.75665178555618,57.41797533282073,49.20072090002808,74.0,4.1826080785747095,8.324162791243472,8.407404419155906,8.290621478194776,8.389443681620074,8.337674660153322,8.358129272565677,0.22385614449403873,8.407404419155906,0.1555701385136062,0.3447724647882987,0.17736035657667346,0.1555701385136062,0.3447724647882987,8.223253827139484,8.368072074773888,0.12091632029425997,-0.06828600598043252,-0.039332344382017936,-0.18415059201642237,False,False,0.34406920026806825,0.34406920026806825,0.34424165925364636,0.34424165925364636
3425,57.083333333333336,False,False,54.16471106364035,50.0,-37.65369367860434,53.73870068731218,57.39998796184564,49.183887039996264,74.0,4.164711063640347,8.329219325146108,8.412511518397569,8.295662950956686,8.398221070087287,8.343311665952188,8.366989872365165,0.22379532222994386,8.412511518397569,0.15549920207197493,0.34472251771939033,0.1772664216771318,0.15549920207197493,0.34472251771939033,8.228256769343904,8.373092071534366,0.12092719548944647,-0.06829612015796893,-0.03941944686320298,-0.18425474905366457,False,False,0.34424165925364636,0.34424165925364636,0.3444188820110112,0.3444188820110112
3430,57.166666666666664,False,False,54.14748827193119,50.0,-37.683099310920326,53.721425972155785,57.382692385192485,49.1676430016806,74.0,4.147488271931188,8.33424697626316,8.417589446025792,8.300674420439135,8.406975894981398,8.34891205173112,8.375826758704491,0.2237210142798176,8.417589446025792,0.15541525966165776,0.3446594804314295,0.17716235368093294,0.15541525966165776,0.3446594804314295,8.23323209897565,8.378084438437579,0.12093846615161191,-0.06830575461815985,-0.03950500758821285,-0.18435734705014184,False,False,0.3444188820110112,0.3444188820110112,0.3445999663228463,0.3445999663228463
3435,57.25,False,False,54.13092741289443,50.0,-37.71228560787081,53.70481529893887,57.366074040327845,49.151976032065896,74.0,4.1309274128944296,8.33924807825818,8.422640559040762,8.305658268706615,8.415708647926655,8.354478223934963,8.384640297321448,0.22363327913944886,8.422640559040762,0.15531841541002106,0.3445834574044098,0.1770481937638124,0.15531841541002106,0.3445834574044098,8.238182084410326,8.383051443940937,0.12095017826496096,-0.0683148637294278,-0.03958911509982421,-0.18445847463043563,False,False,0.3445999663228463,0.3445999663228463,0.3447841024600321,0.3447841024600321
3440,57.333333333333336,False,False,54.115011556718066,50.0,-37.741259997332634,53.688851673424146,57.35011392211574,49.136869696316296,74.0,4.115011556718066,8.344224844987187,8.427667093437059,8.31061676417563,8.424419826658982,8.360012512350364,8.393430886526879,0.22353230133512625,8.427667093437059,0.1552088873449029,0.3444946670173022,0.17692408012512717,0.1552088873449029,0.3444946670173022,8.243108870277673,8.38799523275523,0.12096236568217594,-0.06832341399022335,-0.039671860681828264,-0.1845582231593852,False,False,0.3447841024600321,0.3447841024600321,0.3449705712246165,0.3449705712246165
3445,57.416666666666664,False,False,54.099720042817644,50.0,-37.77002962996973,53.67351436197082,57.33478950333055,49.12230464944425,74.0,4.099720042817644,8.349179362116331,8.432671155737495,8.315552051516452,8.433109929793245,8.365517156326852,8.402198949551602,0.2234183700756148,8.432671155737495,0.15508698712662689,0.344393421280074,0.1767902314267758,0.15508698712662689,0.344393421280074,8.248014470598243,8.392917818981386,0.1209750512044592,-0.06833138294898791,-0.03975333675610848,-0.18465668513925237,False,False,0.3449705712246165,0.3449705712246165,0.34515874043934924,0.34515874043934924
3450,57.5,False,False,54.08502930137128,50.0,-37.798601353121214,53.65877971110151,57.32007553154203,49.1082593036243,74.0,4.085029301371279,8.35411358177331,8.437654717591043,8.320466144789815,8.44177945237539,8.370994294171071,8.410944927662358,0.22329185985154254,8.437654717591043,0.15495310229041276,0.34428010807610704,0.17664693162319056,0.15495310229041276,0.34428010807610704,8.252900764757017,8.397821082084024,0.1209882482245645,-0.06833875756112978,-0.03983363550701924,-0.18475395283402563,False,False,0.34515874043934924,0.34515874043934924,0.34534806028581944,0.34534806028581944
3455,57.583333333333336,False,False,54.070913587142044,50.0,-37.8269816924453,53.64462188852025,57.30594477310312,49.09471045049433,74.0,4.070913587142044,8.359029319838433,8.442619613036817,8.32536092342052,8.4504288821613,8.376445955386261,8.419669274039515,0.22315321265150487,8.442619613036817,0.15480767943192114,0.34415517434774856,0.1764945163288303,0.15480767943192114,0.34415517434774856,8.257769495926562,8.402706765314655,0.12100196169624369,-0.06834553321958373,-0.03991284772216197,-0.18485011711025479,False,False,0.34534806028581944,0.34534806028581944,0.34553805783879293,0.34553805783879293
3460,57.666666666666664,False,False,54.05734562700256,50.0,-37.855176840354204,53.63101353087523,57.292368633857244,49.081633779712156,74.0,4.057345627002562,8.363928255496232,8.447567538051194,8.330238130620607,8.459058696560309,8.38187405542956,8.428372448394928,0.22300292219906623,8.447567538051194,0.15465120998239185,0.3440191118714553,0.17633336059138857,0.15465120998239185,0.3440191118714553,8.262622271570834,8.407576476215484,0.12101618967238906,-0.06835171221667438,-0.03999106183571044,-0.18494526648036036,False,False,0.34553805783879293,0.34553805783879293,0.3457283310910072,0.3457283310910072
3465,57.75,False,False,54.04429718426441,50.0,-37.88319265031308,53.61792630757287,57.279317717123995,49.06900434456625,74.0,4.044297184264408,8.368811932689585,8.45250005201648,8.335099373893158,8.467669360179652,8.387280392667767,8.43705491229756,0.222841520026941,8.45250005201648,0.1544842172319822,0.3438724442811394,0.17616386810000223,0.1544842172319822,0.3438724442811394,8.267460565683951,8.412431688858192,0.1210309242541984,-0.0683573027949588,-0.04006836315828899,-0.18503948633252953,False,False,0.3457283310910072,0.3457283310910072,0.34591854271280353,0.34591854271280353
3470,57.833333333333336,False,False,54.03173954417122,50.0,-37.91103463612971,53.60533141054558,57.26676229709565,49.0567969564651,74.0,4.0317395441712165,8.373681763143704,8.45741858077514,8.339946127271071,8.476261322906213,8.392666647225916,8.445717125166302,0.222669563186264,8.45741858077514,0.15430724513526253,0.3437157158736685,0.17598646175524665,0.15430724513526253,0.3437157158736685,8.272285722445194,8.417273747498934,0.12104615268740451,-0.06836231805100146,-0.04014483327620688,-0.18513285832994697,False,False,0.34591854271280353,0.34591854271280353,0.34610841374493617,0.34610841374493617
3475,57.916666666666664,False,False,54.01964392579868,50.0,-37.93870797542263,53.5931999676543,57.254672717398186,49.044986516565935,74.0,4.0196439257986825,8.378539030655576,8.462324420962132,8.344779734972064,8.48483501846343,8.398034381441146,8.454359540883715,0.2224876236828095,8.462324420962132,0.15412084870843606,0.34354948200609403,0.17580157560091722,0.15412084870843606,0.34354948200609403,8.27709896100057,8.422103871359923,0.12106185832328453,-0.06836677497437343,-0.04022054960220878,-0.18522545996156126,False,False,0.34610841374493617,0.34610841374493617,0.34629771738162995,0.34629771738162995
3480,58.0,False,False,54.00798182617426,50.0,-37.96621751652415,53.58150338252763,57.24301971317845,49.03354828326108,74.0,4.007981826174259,8.383384896373995,8.467218745337735,8.349601416180246,8.49339086338391,8.403385041655188,8.46298260498115,0.2222962796034153,8.467218745337735,0.1539255860839966,0.3433743011503129,0.17560964789795436,0.1539255860839966,0.3433743011503129,8.281901381111082,8.426923160277685,0.12107802154689762,-0.06837069351941871,-0.0402955850600506,-0.18531736422665368,False,False,0.34629771738162995,0.34629771738162995,0.3464862729645779,0.3464862729645779
3485,58.083333333333336,False,False,53.99672530273609,50.0,-37.993567788145526,53.57021362608142,57.23177470071832,49.02245811239601,74.0,3.9967253027360883,8.388220404825484,8.472102608873739,8.354412270694382,8.50192925634154,8.408719961101616,8.471586752343617,0.22209610734471424,8.472102608873739,0.15372201124358187,0.3431907276259295,0.17541111535515486,0.15372201124358187,0.3431907276259295,8.286693969437911,8.43173260098828,0.12109462028121526,-0.06837409610113238,-0.04037000788545875,-0.18540863943582764,False,False,0.3464862729645779,0.3464862729645779,0.34667394027684617,0.34667394027684617
3490,58.166666666666664,False,False,53.98584720034646,50.0,-38.02076301120262,53.55930345658396,57.22090996678566,49.011692613577964,74.0,3.9858472003464627,8.393046490470931,8.47697695537564,8.359213285213094,8.51045057779095,8.41404036366746,8.480172405382723,0.22188767553207073,8.47697695537564,0.15351066899700827,0.342999306579294,0.17520640837024076,0.15351066899700827,0.342999306579294,8.291477606263717,8.43653307384857,0.12111163104722328,-0.06837700653506246,-0.04044388152706979,-0.18549934911192345,False,False,0.34667394027684617,0.34667394027684617,0.3468606141989622,0.3468606141989622
3495,58.25,False,False,53.975321329001495,50.0,-38.047807112271315,53.54874660300779,57.210398860139094,49.00122930828452,74.0,3.9753213290014955,8.397863984606449,8.481842624452513,8.364005340056144,8.518955189866265,8.419347368332518,8.48873997262679,0.22167153980199145,8.481842624452513,0.15329208988868281,0.34280056888992316,0.17499594712021463,0.15329208988868281,0.34280056888992316,8.296253072477235,8.441325359820853,0.12112902908793172,-0.06837944991330863,-0.040517264631660055,-0.18558955197527816,False,False,0.3468606141989622,0.3468606141989622,0.3470462197668425,0.3470462197668425
3500,58.333333333333336,False,False,53.965122598178084,50.0,-38.074703738209365,53.53851789504088,57.20021589132678,48.99104671130558,74.0,3.965122598178084,8.402673622448889,8.486700358673378,8.368789216149043,8.527443436495654,8.424641994112905,8.497289847678966,0.22144823887056192,8.486700358673378,0.1530667871883104,0.34259502816121146,0.17478013855957217,0.1530667871883104,0.34259502816121146,8.301021056674356,8.446110147573934,0.12114678929064954,-0.06838145168225152,-0.04059021109944361,-0.18567930199902172,False,False,0.3470462197668425,0.3470462197668425,0.3472307076530841,0.3472307076530841
3505,58.416666666666664,False,False,53.95522711346083,50.0,-38.10145627154479,53.52859336444304,57.190336842647014,48.981124420747236,74.0,3.955227113460829,8.407476050271672,8.491550810774388,8.373565602124145,8.535915643692444,8.429925165357574,8.505822408496694,0.2212182913000106,8.491550810774388,0.1528352536535909,0.34238317748313607,0.17455937407744387,0.1528352536535909,0.34238317748313607,8.305782162253042,8.450888040578045,0.12116488618312546,-0.0683830376464197,-0.040662770196343345,-0.18576864852134634,False,False,0.3472307076530841,0.3472307076530841,0.3474140500780241,0.3474140500780241
3510,58.5,False,False,53.9456122407289,50.0,-38.1280678462913,53.51895030842697,57.180738807284456,48.97144314888399,74.0,3.9456122407288987,8.412271832479647,8.496394550804443,8.378335101415544,8.544372119987948,8.435197717267584,8.51433801694869,0.22098219320223506,8.496394550804443,0.15259795992333958,0.34216548782538203,0.1743340277258085,0.15259795992333958,0.34216548782538203,8.310536914401487,8.455659564093034,0.12118329462314698,-0.06838423327889548,-0.04073498671140818,-0.1858576364029556,False,False,0.3474140500780241,0.3474140500780241,0.3475962371457075,0.3475962371457075
3515,58.583333333333336,False,False,53.9362566427768,50.0,-38.15454136390473,53.50956732297431,57.17140022263274,48.96198474824757,74.0,3.9362566427767973,8.417061458532597,8.501232073117924,8.38309823924726,8.55281315697535,8.44046040152743,8.52283701860897,0.22074041669557118,8.501232073117924,0.15235535306518644,0.3419424065850486,0.17410445504806377,0.15235535306518644,0.3419424065850486,8.31528576689859,8.460425171968794,0.12120198988947742,-0.06838506363038474,-0.040806901149130326,-0.18594630621933383,False,False,0.3475962371457075,0.3475962371457075,0.3477772735910117,0.3477772735910117
3520,58.666666666666664,False,False,53.927140292813746,50.0,-38.18087950914483,53.50042431993133,57.162300879945356,48.95273221802452,74.0,3.927140292813746,8.421845349645668,8.506063803142125,8.387855469433692,8.56123902993785,8.445713891955599,8.53131974275072,0.22049340878411386,8.506063803142125,0.15210785569150573,0.34171435670258477,0.17387099240545467,0.15210785569150573,0.34171435670258477,8.320029108663451,8.465185253194836,0.1212209479184709,-0.06838555309260813,-0.04087854994728879,-0.18603469447867305,False,False,0.3477772735910117,0.3477772735910117,0.3479571759177172,0.3479571759177172
3525,58.75,False,False,53.91824446885081,50.0,-38.207084765650734,53.4915025205731,57.15342190909922,48.94366968975374,74.0,3.9182444688508085,8.426623865211507,8.510890103863622,8.392607180929144,8.569649998537958,8.450958790097804,8.539786502506358,0.22024159084330677,8.510890103863622,0.15185586567588466,0.34148173637826285,0.1736339564792161,0.15185586567588466,0.34148173637826285,8.32476727000612,8.469940138150976,0.12124014553495607,-0.06838572516742211,-0.04094996571264531,-0.1861228338575014,False,False,0.3479571759177172,0.3479571759177172,0.34813596990300605,0.34813596990300605
3530,58.833333333333336,False,False,53.909551732552316,50.0,-38.23315943107782,53.48278443257022,57.14474575102365,48.934782402822734,74.0,3.909551732552316,8.43139730890332,8.515711281992353,8.397353704078547,8.578046307548208,8.456195630700929,8.548237595163519,0.21998535854645523,8.515711281992353,0.1515997561867275,0.34124491910579025,0.1733936444023584,0.1515997561867275,0.34124491910579025,8.329500528545,8.474690104524793,0.12125956055933501,-0.06838560235972774,-0.04102117746755951,-0.18621075344735338,False,False,0.34813596990300605,0.34813596990300605,0.34831368844079746,0.34831368844079746
3535,58.916666666666664,False,False,53.90104589571271,50.0,-38.25910563167798,53.474253818741516,57.13625612406412,48.92605667500676,74.0,3.9010458957127128,8.43616593443041,8.520527593774714,8.402095316534897,8.586428187606568,8.461424887018504,8.55667330257015,0.21972508203007238,8.520527593774714,0.15133987589677242,0.3410042538818307,0.1731503337889535,0.15133987589677242,0.3410042538818307,8.334229114768041,8.479435382872788,0.12127917185175832,-0.06838520613329996,-0.04109221090192605,-0.1862984790066733,False,False,0.34831368844079746,0.34831368844079746,0.3484903696952376,0.3484903696952376
3540,59.0,False,False,53.89271197712312,50.0,-38.2849253362357,53.46589565238247,57.12793797131903,48.917479857207574,74.0,3.8927119771231204,8.440929950928385,8.52533925043767,8.406832248820415,8.594795855982676,8.466646975909983,8.56509389162488,0.219461106426661,8.52533925043767,0.15107654966558204,0.34076006588850233,0.172904283334492,0.15107654966558204,0.34076006588850233,8.338953217224331,8.484176161812027,0.12129895946184133,-0.06838455676107896,-0.041163088625642885,-0.18638603321333846,False,False,0.3484903696952376,0.3484903696952376,0.34866605553491214,0.34866605553491214
3545,59.083333333333336,False,False,53.88453615222131,50.0,-38.310620369297595,53.45769606747206,57.11977741136038,48.90904029113145,74.0,3.884536152221308,8.44568952797507,8.53014642325482,8.41156468951818,8.60314951734339,8.471862262705804,8.573499614832103,0.21919375256284185,8.53014642325482,0.1508100791834518,0.34051265713729023,0.1726557332405264,0.1508100791834518,0.34051265713729023,8.34367298734098,8.488912592836979,0.12131890457444838,-0.06838367337939005,-0.04123383041784123,-0.18647343591383958,False,False,0.34866605553491214,0.34866605553491214,0.34884079021878645,0.34884079021878645
3550,59.166666666666664,False,False,53.876505697577564,50.0,-38.33619242365512,53.4496423014927,57.11176167414518,48.900727254685755,74.0,3.8765056975775636,8.45044480023049,8.534949248232795,8.41629279008898,8.611489364508376,8.477071065818716,8.5818907109038,0.2189233178779432,8.534949248232795,0.15054074399184714,0.3402623074894912,0.17240490604931438,0.15054074399184714,0.3402623074894912,8.348388543866633,8.493644794763078,0.12133898961154801,-0.06838257388609606,-0.04130445346971712,-0.1865607043661619,False,False,0.34884079021878645,0.34884079021878645,0.3490146193059902,0.3490146193059902
3555,59.25,False,False,53.868608931956615,50.0,-38.361643072058314,53.44172263835805,57.103879046497006,48.8925309154778,74.0,3.868608931956615,8.455195871705302,8.539747830422355,8.421016669314856,8.61981557918838,8.482273661088975,8.590267405392705,0.21865007737933412,8.539747830422355,0.150268802322633,0.34000927549544724,0.1721520073613192,0.150268802322633,0.34000927549544724,8.353099976948515,8.498372857803757,0.12135919811611312,-0.06838127505670111,-0.04137497261859835,-0.18664785347383983,False,False,0.3490146193059902,0.3490146193059902,0.34918758876280875,0.34918758876280875
3560,59.333333333333336,False,False,53.860835155414584,50.0,-38.38697377815346,53.433926345378715,57.09611880121841,48.88444227071633,74.0,3.860835155414584,8.459942819666745,8.544542247863413,8.425736417376136,8.628128332700372,8.487470285857011,8.598629911344041,0.21837428478147558,8.544542247863413,0.14999449234730344,0.33975379964378305,0.17189722669913865,0.14999449234730344,0.33975379964378305,8.357807351853902,8.503096847291898,0.12137951486230747,-0.06837979243417214,-0.04144540057151502,-0.18673489600951143,False,False,0.34918758876280875,0.34918758876280875,0.3493597442420549,0.3493597442420549
3565,59.416666666666664,False,False,53.85317458763874,50.0,-38.41218590665014,53.42624361323254,57.08847114167939,48.876453100141674,74.0,3.8531745876387404,8.464685698194957,8.549332555176907,8.4304520995729,8.636427786655346,8.49266114276214,8.606978429954658,0.21809617360822814,8.549332555176907,0.149718033107188,0.3394960992916166,0.17164073845929126,0.149718033107188,0.3394960992916166,8.3625107123503,8.507816807060086,0.12139992568338848,-0.06837814050104013,-0.04151574811682046,-0.18682184282660685,False,False,0.3493597442420549,0.3493597442420549,0.34953113051188617,0.34953113051188617
3570,59.5,False,False,53.845618306514694,50.0,-38.43728073273245,53.418665492845875,57.08092713115479,48.86855590628172,74.0,3.8456183065146945,8.469424541405191,8.554118786819243,8.435163759705194,8.644714093615594,8.497846403269907,8.615313151230804,0.21781595840539011,8.554118786819243,0.1494396258247616,0.33923637597587575,0.17138270273221679,0.1494396258247616,0.33923637597587575,8.367210083760925,8.512532762496006,0.12142041757048563,-0.0683763325806285,-0.041586024323237325,-0.18690870305831808,False,False,0.34953113051188617,0.34953113051188617,0.34970179101299365,0.34970179101299365
3575,59.583333333333336,False,False,53.83815818771143,50.0,-38.46225945073769,53.41118383587686,57.073478637925625,48.86074386796396,74.0,3.8381581877114286,8.4741593663535,8.558900960017036,8.439871423128466,8.652987397719384,8.503026210933914,8.62363425463712,0.21753383589812075,8.558900960017036,0.1491594548855995,0.3389748143952581,0.17112326632727673,0.1491594548855995,0.3389748143952581,8.371905475713623,8.517244723291439,0.12144097849713736,-0.06837438101252125,-0.04165623672559704,-0.18699548430341295,False,False,0.34970179101299365,0.34970179101299365,0.3498717675253023,0.3498717675253023
3580,59.666666666666664,False,False,53.83078684590478,50.0,-38.48712318213025,53.40379123420149,57.066118268508966,48.85301078396738,74.0,3.8307868459047825,8.478890175644802,8.56367907740125,8.444575099502531,8.66124783527186,8.508200684400448,8.631941909730966,0.21724998620347832,8.56367907740125,0.14887768912030405,0.33871158369216414,0.1708625635781118,0.14887768912030405,0.33871158369216414,8.37659688460263,8.521952685903996,0.12146159748868582,-0.06837229708317427,-0.04172639149725477,-0.18708219279861993,False,False,0.3498717675253023,0.3498717675253023,0.35004109992713917,0.35004109992713917
3585,59.75,False,False,53.823497578112985,50.0,-38.51187298280446,53.396480964333996,57.05883931676836,48.84535103001607,74.0,3.8234975781129847,8.483616959762916,8.568453129360545,8.449274785253312,8.669495535301543,8.513369920166143,8.640236276777578,0.21696457395109975,8.568453129360545,0.14859448275030995,0.33844683839850875,0.17060071729442827,0.14859448275030995,0.33844683839850875,8.381284295782837,8.52665663575138,0.121482264447409,-0.0683700912007898,-0.04179649360916571,-0.18716883357770797,False,False,0.35004109992713917,0.35004109992713917,0.3502098260316103,0.3502098260316103
3590,59.833333333333336,False,False,53.816284309495394,50.0,-38.536509849751326,53.389246934436464,57.05163570720979,48.837759510966194,74.0,3.816284309495394,8.488339699142566,8.573223096133992,8.453970465767108,8.677730620082556,8.518533995100366,8.64851750734253,0.21667774936713613,8.573223096133992,0.14830997649119132,0.33818071953903156,0.17033783958199822,0.14830997649119132,0.33818071953903156,8.385967685516507,8.531356549158144,0.12150297017189543,-0.06836777287594481,-0.04186654697584835,-0.1872554106174853,False,False,0.3502098260316103,0.3502098260316103,0.3503779814871521,0.3503779814871521
3595,59.916666666666664,False,False,53.809141541858175,50.0,-38.56103472712712,53.382083629318736,57.04450193842503,48.83023161316643,74.0,3.8091415418581747,8.49305836600319,8.577988949663222,8.458662117337326,8.685953205622983,8.523692968744838,8.656785744858952,0.21638964943167593,8.577988949663222,0.148024298675282,0.3379133557539266,0.1700740326626601,0.148024298675282,0.3379133557539266,8.39064702269215,8.53605239507452,0.12152370632225068,-0.06836535075639394,-0.041936554588701824,-0.18734192697107233,False,False,0.3503779814871521,0.3503779814871521,0.3505455997303016,0.3505455997303016
