time_s,time_min,falla_prop_inyectada,falla_remi_inyectada,BIS,BIS_ref,BIS_desde_Ce_real,BIS_desde_Ce_bis,BIS_mas,BIS_menos,age_patient,error,Ce_remi_pred,Ce_remi_corr,Ce_remi_prom,Ce_prop,Ce_remi,Ce_bis,Ce_prop_obs,Ce_remi_obs,Ce_bis_menos,Ce_bis_mas,Ce_bis_inv,Ce_prop_menos,Ce_prop_mas,Ce_remi_menos,Ce_remi_mas,r_prop_sup,r_prop_inf,r_remi_sup,r_remi_inf,fallo_prop,fallo_remi,u_prop_app,u_remi_app,u_prop_cmd,u_remi_cmd
0,0.0,False,False,93.0,50.0,98.8,93.0,93.0,92.9834657391405,74.0,43.0,0.0,0.0,0.06,0.0,0.0,0.0,7.35781213734299e-12,0.0,0.0,0.0010140114428787116,7.321432349272073e-12,-0.049781158680469825,0.050510629736125925,-0.04965931723283463,0.12102204830149611,0.05051062972876812,-0.049781158687827634,0.12102204830149611,-0.04965931723283463,False,False,0.0,0.0,6.043972499999999,12.087944999999998
5,0.08333333333333333,False,False,92.9820329973238,50.0,98.78309264597125,92.92279960579083,92.94381848421766,92.6804256415677,74.0,42.9820329973238,0.29484020376562414,0.29778860580328037,0.03568136553433074,0.01927387911056376,0.13764640790836807,0.0,7.35781213734299e-12,0.29778860580328037,0.0,0.01939850942570097,7.321432349272073e-12,-0.04238837461034649,0.06158545631772779,0.25166709800032866,0.4318515035494165,0.06158545631036998,-0.0423883746177043,0.1340628977461361,-0.04612150780295171,False,False,6.043972499999999,12.087944999999998,0.36791960302133986,0.7358392060426797
10,0.16666666666666666,False,False,92.85717671042218,50.0,98.60512954413085,92.723633867251,92.75808646974083,92.08940947618682,74.0,42.85717671042218,0.5796023880389035,0.5853984119192925,0.3417593007748726,0.057905539168809854,0.4069413492768468,0.0005272052246289467,7.35781213734299e-12,0.5853984119192925,0.0,0.03603057211136089,0.0005266714312256226,-0.03680723916467347,0.07131382122692173,0.5454703100100913,0.7331531634412813,0.07131382121956392,-0.03680723917203128,0.1477547515219888,-0.03992810190920126,False,False,0.36791960302133986,0.7358392060426797,0.3552132267257703,0.7104264534515407
15,0.25,False,False,92.4727209211322,50.0,98.19303891853278,92.41946473232407,92.49485113887863,91.37177548698612,74.0,42.47272092113219,0.8543431173460283,0.8628865485194885,0.6393117367256863,0.09716799083833001,0.6710799308490847,0.014667814453724837,0.0005292884321261227,0.8628865485194885,0.0,0.04920707372768034,0.014652963465005088,-0.03947115940396038,0.07263914405544587,0.8065084406742149,1.0012072680440052,0.07210985562331974,-0.0400004478360865,0.13832071952451663,-0.05637810784527364,False,False,0.3552132267257703,0.7104264534515407,0.32012039965450584,0.6402407993090117
20,0.3333333333333333,False,False,91.71308284729794,50.0,97.52579142331182,91.6912976530562,92.16114276714418,90.61201411198961,74.0,41.71308284729794,1.1180311358695514,1.1292114472282468,0.90385785435911,0.13687230066426503,0.9290964046515493,0.038562330718174886,0.020106993301369586,1.1292114472282468,0.0,0.05778302165493346,0.03852328678954109,-0.02361313506298226,0.09233206389446823,1.0567778992537233,1.2580675398060315,0.07222507059309864,-0.043720128364351844,0.12885609257778463,-0.0724335479745235,False,False,0.32012039965450584,0.6402407993090117,0.2665379167307912,0.5330758334615824
25,0.4166666666666667,False,False,90.56121308714083,50.0,96.60479429036499,90.5233522403392,91.77407010335587,89.66497158260091,74.0,40.56121308714083,1.3688408117752215,1.3825292198929737,1.1574227195298774,0.17670809862421377,1.1791896169074187,0.0682406979635484,0.048905716022736676,1.3825292198929737,0.0,0.07011468490831382,0.06817160502801016,0.0011455895487314655,0.12078063654775918,1.2945974560945963,1.5020913691778524,0.0718749205250225,-0.04776012647400521,0.11956214928487863,-0.08793176379837742,False,False,0.2665379167307912,0.5330758334615824,0.207304710927349,0.414609421854698
30,0.5,False,False,89.06247456015042,50.0,95.451400226762,89.00510018560828,91.35126323907676,88.45050264227302,74.0,39.06247456015042,1.604854946978402,1.6209034964481859,1.3983444126362243,0.21630202613972493,1.419168874004047,0.10123686995259437,0.0814064684591449,1.6209034964481859,0.0,0.08860774680372502,0.10113436876922606,0.02946259600684329,0.1526511961609473,1.5180409611318133,1.7313874156526745,0.0712447277018024,-0.05194387245230161,0.11048391920448863,-0.10286253531637257,False,False,0.207304710927349,0.414609421854698,0.1510248485131441,0.3020496970262882
35,0.5833333333333334,False,False,87.2884579282704,50.0,94.1025225800016,87.20940622801966,90.85715895623409,86.98209439208802,74.0,37.288457928270404,1.8244949523716802,1.8427399018953972,1.624714188392244,0.25528833347709756,1.646967521178439,0.1361286404598579,0.11630932711900642,1.8427399018953972,0.0022052211713055603,0.11223188204087639,0.1359908117625764,0.06009235794974234,0.18670639622052157,1.7255914373249048,1.9444701973044365,0.07039706910151515,-0.05621696916926408,0.10173029540903933,-0.11714846457049233,False,False,0.1510248485131441,0.3020496970262882,0.10175308362761126,0.20350616725522253
40,0.6666666666666666,False,False,85.31875175495489,50.0,92.60445690205273,85.2171224696663,89.79135669258721,85.30753337456044,74.0,35.31875175495489,2.026688293238129,2.0469551761705103,1.8350308173146708,0.29334864339810535,1.8609187959880629,0.17202856690236354,0.1527614199789332,2.0469551761705103,0.02491748456411652,0.13964747685043608,0.1718543899356064,0.0922367845497217,0.22215578800792715,1.9162652669718914,2.140384595733757,0.06939436802899396,-0.06052463542921149,0.0934294195632468,-0.1306899091986189,False,False,0.10175308362761126,0.20350616725522253,0.061210389910853424,0.12242077982170685
45,0.75,False,False,83.23103137755598,50.0,91.00656426863328,83.10701466437814,88.51351422672148,83.4846504715735,74.0,33.23103137755598,2.2109058470826803,2.233014905553507,2.028324931352824,0.33022825911029385,2.0598556465957407,0.20831650039275135,0.19012876003772364,2.233014905553507,0.05071979388005535,0.1697815352250475,0.20810558229400158,0.12531360959667073,0.25842424346265663,2.089618532825566,2.3187124839900664,0.068295483424933,-0.0648151504410529,0.08569757843655923,-0.14339637272794103,False,False,0.061210389910853424,0.12242077982170685,0.029797676068164136,0.05959535213632827
50,0.8333333333333334,False,False,81.09484633248685,50.0,89.35599082610617,80.94946725422021,87.06807271851648,81.57050201938198,74.0,31.094846332486853,2.377130831068691,2.4009021393793777,2.204165508407816,0.3657402115762465,2.2431203721147805,0.2445219908037911,0.22790053469006127,2.4009021393793777,0.07872182989247793,0.20183040634454813,0.24427441506918515,0.15885838574525118,0.29505398142982875,2.245702078383016,2.4795280461795626,0.06715344673976748,-0.06904214894481009,0.07862590680018489,-0.15520006099636152,False,False,0.029797676068164136,0.05959535213632827,0.007030720716725891,0.014061441433451782
55,0.9166666666666666,False,False,78.96802274232327,50.0,87.69403897099306,78.8028672970366,85.5035308903482,79.61630809647664,74.0,28.96802274232327,2.525786985260703,2.55104485511331,2.3626150622812894,0.39976214229862034,2.4105235011102115,0.28027588722911595,0.26565258588817414,2.55104485511331,0.10825762714977269,0.23517925806693224,0.2799921110669402,0.19248620808394407,0.3316663214922693,2.384984171232447,2.6233206752893024,0.06601373560409518,-0.07316637780423008,0.07227582017599232,-0.16606068388086292,False,False,0.007030720716725891,0.014061441433451782,0.0,0.0
60,1.0,False,False,76.89438567246734,50.0,86.05266405104426,76.71134020936763,83.86514924735839,77.66318598155502,74.0,26.894385672467337,2.658042605991029,2.6846230320509394,2.5041524232608747,0.43225467319809424,2.5624582252597206,0.31528832898303666,0.3030037144794824,2.6846230320509394,0.1388033657732371,0.26933792461029105,0.31496910312785076,0.22586039318656134,0.3679303916014092,2.508666025457452,2.7513107076074785,0.06492667712192685,-0.07714332129292104,0.0666876755565391,-0.17595700659348745,False,False,0.0,0.0,0.0,0.0
65,1.0833333333333333,False,False,74.90383623329815,50.0,84.45372093811993,74.70488363028834,82.19301798828015,75.74341035829578,74.0,24.90383623329815,2.7753146904470953,2.8030678373515663,2.6299883665324653,0.46325242484296103,2.6998136582048957,0.349343051168463,0.3396651782543177,2.8030678373515663,0.1699259753798611,0.30389778291354297,0.3489893453011519,0.25872533931912856,0.40359601523818933,2.6181778901507062,2.864945702943673,0.06393083698387164,-0.08093983893518913,0.06187786559210684,-0.18488994720086005,False,False,0.0,0.0,0.0,0.0
70,1.1666666666666667,False,False,73.01502690955914,50.0,82.91225530197916,72.80211277473093,80.52150286677741,73.88207870735881,74.0,23.01502690955914,2.8789012044713718,2.9076902165160856,2.74156179654719,0.49281105616972637,2.823581883769268,0.3823031643524864,0.37544907880695066,2.9076902165160856,0.201268977050324,0.3385214781790834,0.3819160867312803,0.2908965483506925,0.4384837587140535,2.714772739418019,2.965494307975665,0.06303467990710282,-0.08455253045625816,0.05780409145957943,-0.1929174770980664,False,False,0.0,0.0,0.0,0.0
75,1.25,False,False,71.23830275443552,50.0,81.43878480844474,71.01325549114547,78.87828800431417,72.09736565672554,74.0,21.238302754435523,2.9699910439557535,2.999690954395311,2.840133523696842,0.5209842408034043,2.9346927819440687,0.4140966511632044,0.41023372778409795,2.999690954395311,0.23254514882142652,0.37293749406693255,0.41367738299718443,0.3222438094201989,0.47246813872787535,2.799571433980246,3.054091574589542,0.06223441094377741,-0.08798991836389902,0.054400620194230864,-0.20011952041506476,False,False,0.0,0.0,0.0,0.0
80,1.3333333333333333,False,False,69.5781323915366,50.0,80.04019288249677,69.34262176669797,77.28437946698467,70.40130021699056,74.0,19.5781323915366,3.049673163021952,3.080169894652171,2.926831504284894,0.547823737098145,3.0340178241453337,0.44469150983318684,0.443940234017673,3.080169894652171,0.26352752591653483,0.4069321527225452,0.4442412647277252,0.35267940317766905,0.5054658490620194,2.873600599268892,3.1317769796996937,0.06152561504434639,-0.09126083084000397,0.05160708504752254,-0.20656929538327917,False,False,0.0,0.0,0.0,0.0
85,1.4166666666666667,False,False,68.03500637697825,50.0,78.72050977935935,67.7905277670924,75.7547996280397,68.80088862033544,74.0,18.035006376978245,3.1189449386766435,3.15013438806341,3.002688789484293,0.5733794557142634,3.1223736392207293,0.47407877433413703,0.4765161843830811,3.15013438806341,0.29404004402129197,0.4403408328092675,0.4735987749557808,0.3821421601393915,0.53741984002274,2.9378007556052195,3.199502683576787,0.06090365563965894,-0.09437402424368957,0.04936829551337718,-0.21233363245819037,False,False,0.0,0.0,0.0,0.0
90,1.5,False,False,66.60677778472913,50.0,77.48157155625609,66.35465202485318,74.29961986966596,67.29930574713325,74.0,16.606777784729132,3.1787198358015005,3.2105070341595154,3.0686517195910032,0.5976995248182504,3.2005253640011473,0.50226316248551,0.5079265067798133,3.2105070341595154,0.323946632536842,0.4730374286335063,0.5017546267362832,0.41058856783911835,0.5682904453722852,2.993033504323374,3.2581408318448104,0.06036393859247191,-0.09733793894069498,0.047633797685294965,-0.21747352983614165,False,False,0.0,0.0,0.0,0.0
95,1.5833333333333333,False,False,65.28959758542399,50.0,76.32356163852648,65.03097973398317,72.92501605674644,65.89694393036612,74.0,15.28959758542399,3.229834430997144,3.2621327753071157,3.125587168084092,0.6208303529893076,3.2691897913631727,0.5292580390513915,0.5381484453785288,3.2621327753071157,0.35314163204798543,0.5049250235441672,0.5287221712868359,0.43798784668161517,0.5980504767237979,3.040088112407666,3.3084902448932243,0.05990203134526906,-0.10016059869691363,0.046357469586108646,-0.22204466289944946,False,False,0.0,0.0,0.0,0.0
100,1.6666666666666667,False,False,64.07856959036368,50.0,75.24544683678702,63.81446233602597,71.63419392274862,64.59224687774488,74.0,14.078569590363685,3.2730548489056357,3.305785397394692,3.1742891786504455,0.6428166899130081,3.32903832798945,0.5550825700614115,0.567168638318808,3.305785397394692,0.3815425609211625,0.53592884912501,0.55452055526589,0.46431905761961867,0.626682348583762,3.0796875483759143,3.3512825484994453,0.059513710264954,-0.10284958069918937,0.045497151104753275,-0.22609784901877772,False,False,0.0,0.0,0.0,0.0
105,1.75,False,False,62.96820952443138,50.0,74.24532249142922,62.699478564716614,70.4281454411625,63.38234008933868,74.0,12.96820952443138,3.3090826601511014,3.3421734867526123,3.21548504843768,0.663701684939859,3.3806997732816275,0.5797599811445595,0.5949812578749789,3.3421734867526123,0.4090849935099809,0.5659913156664549,0.579172980746489,0.4895692397447593,0.6541762321948461,3.1124940151338554,3.387187792348073,0.0591949743198672,-0.10541201813021961,0.0450143055954606,-0.2296794716187569,False,False,0.0,0.0,0.0011038174793336908,0.0022076349586673816
110,1.8333333333333333,False,False,61.9526263811033,50.0,73.3204290049615,61.6800150474224,69.30593792665084,62.26317774581247,74.0,11.9526263811033,3.33861413292539,3.3720002742546438,3.249840903740964,0.6835304635939703,3.4247880687101455,0.6033161921946693,0.6215810391792821,3.3720002742546438,0.4357188951677271,0.5950684713014212,0.6027053413944942,0.5137283141548921,0.6805249746022164,3.139169585434301,3.4168751629498475,0.0589439354229343,-0.10785272502439003,0.04487488869520373,-0.23283068882034286,False,False,0.0011038174793336908,0.0022076349586673816,0.00566919056171622,0.01133838112343244
115,1.9166666666666667,False,False,61.025300199769006,50.0,72.4665854897067,60.74944100434319,68.26456459330747,61.2292632327245,74.0,11.025300199769006,3.3624550834611497,3.396079634295761,3.278022374192074,0.7023610218313991,3.461980959036124,0.6257790660539253,0.6469549709563308,3.396079634295761,0.4614046133402373,0.6231260961456957,0.6251454718460536,0.5367842073951172,0.7057192362993604,3.160494653469585,3.4411315052749316,0.05876426534302959,-0.11017076356121358,0.045051870979170516,-0.23558498082617607,False,False,0.00566919056171622,0.01133838112343244,0.010070791765041123,0.020141583530082247
120,2.0,False,False,60.17932860928027,50.0,71.67871243219702,59.900756869618874,67.30047084620422,60.27510720183704,74.0,10.179328609280269,3.381332945433345,3.4151462748876784,3.3008130793722583,0.7202595175631457,3.4929840304582225,0.6471818173873679,0.671114511114929,3.4151462748876784,0.48610911202928997,0.650136023257804,0.6465265531400747,0.5587457344058243,0.7297703874434699,3.177170301267811,3.4606637524817585,0.05865587632854086,-0.11236877670910472,0.04551747759408009,-0.23797597361986744,False,False,0.010070791765041123,0.020141583530082247,0.014204150632533927,0.028408301265067853
125,2.0833333333333335,False,False,59.40789618491067,50.0,70.95183562983485,59.127063639315665,66.40967647146894,59.395265871832095,74.0,9.407896184910669,3.3958983547858965,3.4298573383337554,3.318917026874785,0.7372881700467226,3.5184449196742285,0.6675673040323543,0.6940850585135468,3.4298573383337554,0.5098112887027291,0.6760815286618466,0.6668913997097207,0.579630047216527,0.7526979689337339,3.1898096979765267,3.4760903824676914,0.058612910420187014,-0.11445501129701985,0.04623304413393603,-0.2400476403572287,False,False,0.014204150632533927,0.028408301265067853,0.01802709898375085,0.0360541979675017
130,2.1666666666666665,False,False,58.70445574769804,50.0,70.28119724685806,58.421742919348105,65.5878933609385,58.58436605222757,74.0,8.704455747698042,3.4067296980247863,3.440796995005034,3.332950040222109,0.7535049479405471,3.538953827621087,0.6869844429158327,0.7159019540041391,3.440796995005034,0.5325015747614341,0.7009569939158848,0.6862888789677073,0.5994644126480511,0.7745314816674431,3.198957043789716,3.4879604135784983,0.05862952766330398,-0.11643754135608808,0.04716341857346418,-0.2418399512153182,False,False,0.01802709898375085,0.0360541979675017,0.021523303777656516,0.04304660755531303
135,2.25,False,False,58.06286738947586,50.0,69.66231676191131,57.77859457488537,64.83066453008601,57.83716954179261,74.0,8.062867389475862,3.414338561812828,3.4484819474309565,3.343458728684107,0.7689635501041454,3.555046028550123,0.7054843847917118,0.7366062746478657,3.4484819474309565,0.5541815734708947,0.7247675969929143,0.7047700898554012,0.6182821886293267,0.795306373630249,3.205093213841644,3.496759095325554,0.058700098982383375,-0.11832408601853894,0.04827714789459758,-0.24338873358931234,False,False,0.021523303777656516,0.04304660755531303,0.024697892034401994,0.04939578406880399
140,2.3333333333333335,False,False,57.47746162661086,50.0,69.09102017351867,57.191898409604384,64.13350424236322,57.14864676705733,74.0,7.477461626610861,3.419175780422108,3.453367538226329,3.350926154583599,0.7837135380392378,3.567205307194984,0.7231181485305167,0.7562420648526587,3.453367538226329,0.5748623566367362,0.7475276542516098,0.7223859996162446,0.636120175211699,0.8150614009512834,3.208641660312297,3.502913852830611,0.058819336098624775,-0.12012188964095971,0.04954631460428205,-0.244725877914032,False,False,0.024697892034401994,0.04939578406880399,0.02756799968072715,0.0551359993614543
145,2.4166666666666665,False,False,56.94305256950368,50.0,68.56344726023882,56.65642592058939,63.49201533481028,56.51403787137064,74.0,6.943052569503678,3.421637557959543,3.4558539335391387,3.355777756571454,0.7978005695824665,3.575867935527932,0.7399353134611928,0.77485465830644,3.4558539335391387,0.5945623250899611,0.7692585197888525,0.7391861373593657,0.6530169922652099,0.833837014953101,3.2099743273513655,3.5068002400346336,0.05898235664666107,-0.12183766604123003,0.05094630649549492,-0.24587960618777327,False,False,0.02756799968072715,0.0551359993614543,0.030156313378094532,0.060312626756189064
150,2.5,False,False,56.45492372843101,50.0,68.076045363486,56.16742483498793,62.90197217836091,55.928890518956116,74.0,6.454923728431012,3.4220713374371603,3.456292050811532,3.3583872836929993,0.8112666791575903,3.58142678578283,0.7559833370470498,0.7924896593616086,3.456292050811532,0.6133052676538452,0.7899866778592483,0.7552179124927989,0.6690120682308967,0.8516743596137443,3.209417262443363,3.508747585681691,0.059184700252135625,-0.123477591130712,0.052455534870159415,-0.246874788368169,False,False,0.030156313378094532,0.060312626756189064,0.03248736485991799,0.06497472971983598
155,2.5833333333333335,False,False,56.00880016173434,50.0,67.62555540195449,55.720590154429615,62.35937170086032,55.3890758019227,74.0,6.008800161734342,3.420781254132898,3.4549890666742273,3.359082424062527,0.8241505704017407,3.5842353368038857,0.771307229977529,0.8091923111461348,3.4549890666742273,0.631118810070681,0.8097422206816725,0.7705262901643892,0.6841449888031396,0.8686146283559896,3.207255793958893,3.509044202174154,0.0594223172098548,-0.1250473223429952,0.0540551354999268,-0.24773327271533452,False,False,0.03248736485991799,0.06497472971983598,0.0345855167699274,0.0691710335398548
160,2.6666666666666665,False,False,55.60081471310709,50.0,67.20899375933834,55.31202945723972,61.86045992841649,54.8907879448711,74.0,5.600814713107091,3.4180331088967786,3.4522134399857465,3.3581499980665237,0.836487902483473,3.5846114494351746,0.7859494355949052,0.8250070933561165,3.4522134399857465,0.648033236676241,0.828557695122542,0.7851536707070864,0.6984550623298397,0.8846986369904026,3.203739232411794,3.507942115136439,0.05969154363428608,-0.12655203102627688,0.055728675150692464,-0.24847420757395255,False,False,0.0345855167699274,0.0691710335398548,0.036473918887762746,0.07294783777552549
165,2.75,False,False,55.22747262242751,50.0,66.82363233555185,54.93822672059534,61.401741533394656,54.43053352582031,74.0,5.227472622427513,3.414058850908517,3.448199439417602,3.355840673774116,0.8483115606418545,3.582840856246661,0.7999498266436502,0.8399774606708434,3.448199439417602,0.6640806076598805,0.8464672416802211,0.7991398865200154,0.7119810206463967,0.8999665315649075,3.1990850964590263,3.5056613150113174,0.05998907089406402,-0.12799644002444677,0.057461875593715295,-0.24911434295857582,False,False,0.036473918887762746,0.07294783777552549,0.038174014041868674,0.07634802808373735
170,2.8333333333333335,False,False,54.885616827238856,50.0,66.46697818438481,54.59600696443805,60.97997830126047,54.005114617955826,74.0,4.885616827238856,3.409060587663723,3.4431511935403605,3.352373205735172,0.8596519066881089,3.5791803495285794,0.813345769196427,0.8541456700502295,3.4431511935403605,0.6792940949678214,0.8635059493190996,0.8125222658381518,0.7247608078237711,0.9144575836358316,3.1934828866399645,3.502393553945078,0.06031191358560217,-0.1293848622264584,0.05924236040471742,-0.249668306900396,False,False,0.038174014041868674,0.07634802808373735,0.03970535375513297,0.07941070751026594
175,2.9166666666666665,False,False,54.57239515278153,50.0,66.1367536024579,54.28250289556364,60.592180741747626,53.611608879661844,74.0,4.572395152781532,3.403214153854005,3.437246295392545,3.347938220292521,0.8705370081145004,3.573860672328666,0.8261722242904418,0.8675526664091285,3.437246295392545,0.6937074765356968,0.8797093662511757,0.8253357342952313,0.7368314285322576,0.9282100446947517,3.1870974402284213,3.498305721569616,0.06065737828562312,-0.13072123787687095,0.06105942617707072,-0.2501488551641238,False,False,0.03970535375513297,0.07941070751026594,0.04108558618006658,0.08217117236013316
180,3.0,False,False,54.28522994969973,50.0,65.8308771738086,53.99512409057675,60.23559571593376,53.24734854219801,74.0,4.285229949699733,3.3966722766525215,3.4306389994190467,3.3427015808990186,0.8809928460420777,3.5670891280646866,0.8384618696040138,0.8802380082151376,3.4306389994190467,0.7073547456745267,0.8951131238351313,0.8376129364741701,0.7482288386501473,0.9412610424111129,3.180071904533619,3.4935428372299246,0.06102303419597521,-0.13200916956499031,0.06290383781087794,-0.2505670948854277,False,False,0.04108558618006658,0.08217117236013316,0.04233053689754843,0.08466107379509687
185,3.0833333333333335,False,False,54.021790374761636,50.0,65.54744604148027,53.73152889801994,59.90769197552425,52.90989949095641,74.0,4.021790374761636,3.3895673763022183,3.4234630500652403,3.336807370881772,0.8910435030726507,3.5590519292880214,0.8502452303826149,0.8922398213403995,3.4234630500652403,0.720269805751861,0.9097526440255781,0.8493843667410602,0.7589878669103409,0.9536465075126361,3.1725303664052684,3.4882306966040857,0.06140668617223666,-0.13325195443005855,0.06476764653884537,-0.2509326836599719,False,False,0.04233053689754843,0.08466107379509687,0.04345433637209197,0.08690867274418394
190,3.1666666666666665,False,False,53.77996730555486,50.0,65.28471952780998,53.48959903971398,59.60614484341212,52.59704113973467,74.0,3.7799673055548624,3.382014039868036,3.415834180266716,3.330380531504677,0.9007113325112086,3.5499163079863703,0.8615508129380821,0.903594773500563,3.415834180266716,0.732486229566977,0.9236629100165374,0.8606785025245245,0.769142160038018,0.9654011237838465,3.1645801742088984,3.482478209155434,0.06180635028328341,-0.134452613462545,0.06664402888871779,-0.25125400605781767,False,False,0.04345433637209197,0.08690867274418394,0.04446956716043848,0.08893913432087697
195,3.25,False,False,53.557850769139755,50.0,65.04110413024114,53.267416777891185,59.328820817984216,52.306747479999764,74.0,3.5578507691397547,3.3741112037273386,3.407852315764612,3.323529191682166,0.9100171105772303,3.539832409821638,0.8724052365714331,0.9143380642628746,3.407852315764612,0.7440370689793352,0.9368782858453404,0.8715219361747132,0.778724146287667,0.9765582961165545,3.156313986084456,3.4763794603868337,0.062220231853679975,-0.1356139179752076,0.06852714462222176,-0.2515383296801561,False,False,0.04446956716043848,0.08893913432087697,0.045387415348635524,0.09077483069727105
200,3.3333333333333335,False,False,53.35370970875946,50.0,64.81513986084764,53.063244465437215,59.07376258543597,52.03716948632251,74.0,3.3537097087594603,3.3659440775096856,3.3996035182847826,3.316346723235645,0.9189801732345652,3.5289349937306533,0.882833361361733,0.9245034269592088,3.3996035182847826,0.7549547044667883,0.9494323748085415,0.8819395026051553,0.7877650135521392,0.9871501328089183,3.147811575430296,3.470015529981081,0.06264670584970944,-0.1367384134070696,0.0704120116962983,-0.25179194285448636,False,False,0.045387415348635524,0.09077483069727105,0.04621781748025203,0.09243563496050405
205,3.4166666666666665,False,False,53.16597388931378,50.0,64.60548786308442,52.875506267392616,58.83917472861326,51.78661893650787,74.0,3.1659738893137828,3.3575858391458975,3.3911616975373566,3.3089135527056888,0.9276185392031823,3.51734495685601,0.892858410289686,0.9341231401201094,3.3911616975373566,0.765270726967411,0.9613579091921232,0.8919544012824645,0.7962946994413892,0.9972074395331847,3.1391414215805398,3.4634560939236754,0.06308429941307525,-0.13782844067872024,0.07229439638631874,-0.25202027595681686,False,False,0.04621781748025203,0.09243563496050405,0.04696959831696874,0.09393919663393747
210,3.5,False,False,52.99321773788445,50.0,64.41091922039953,52.70277185031636,58.6234102894201,51.55355362890592,74.0,2.99321773788445,3.3490991276667152,3.3825901189433822,3.3012987577521073,0.935949020609779,3.505170703105369,0.9025020848383137,0.9432280462372092,3.3825901189433822,0.775015846251088,0.9726866656882281,0.9015883117146132,0.8043418909225211,1.0067597225847422,3.130362110743394,3.45676083579158,0.06353167634753298,-0.13888615531468818,0.07417071684819776,-0.25222800819998836,False,False,0.04696959831696874,0.09393919663393747,0.047650597227905274,0.09530119445581055
215,3.5833333333333335,False,False,52.834145921966844,50.0,64.23030486277517,52.54374183361074,58.42495825952976,51.33656393846251,74.0,2.8341459219668437,3.340537357522906,3.373942731098135,3.293561473267487,0.9439873226104047,3.4925093719245974,0.9117846736605942,0.951847576500195,3.373942731098135,0.7842198212359872,0.9834494020209116,0.9108615020277739,0.8119340319390724,1.0158351998500628,3.1215235695366084,3.4499806896490215,0.06398762334986774,-0.1399135445611226,0.07603795855088658,-0.25241916156152655,False,False,0.047650597227905274,0.09530119445581055,0.0482677824706666,0.0965355649413332
220,3.6666666666666665,False,False,52.68758048023511,50.0,64.06260647532127,52.39723481162683,58.24243201728391,51.134360628089304,74.0,2.6875804802351126,3.3319458755415026,3.3652653342969177,3.285752129592815,0.9517481331900376,3.479447942206384,0.9207251542025795,0.9600097804046437,3.3652653342969177,0.7929114086274809,0.993675811250144,0.9197929304267292,0.8190973376912498,1.024460818193624,3.1126681509397494,3.443158934464841,0.0644510377889802,-0.14091244271339387,0.07789360016792335,-0.2525971833571683,False,False,0.0482677824706666,0.0965355649413332,0.04882735348609595,0.0976547069721919
225,3.75,False,False,52.552449335608436,50.0,63.90686831524101,52.26217577827837,58.07455869290173,50.94576382032765,74.0,2.5524493356084363,3.3233629792115265,3.356596609003642,3.2779135427022954,0.9592452042190703,3.4660642246915985,0.9293412873688061,0.9677413590534798,3.356596609003642,0.8011183269484417,1.0033944909014527,0.9284003398609912,0.82585681421227,1.0326622759161141,3.103831590198071,3.4363321576719454,0.06492091686263435,-0.14188454484120983,0.07973554866830357,-0.252765018805571,False,False,0.04882735348609595,0.0976547069721919,0.049334831811433916,0.09866966362286783
230,3.8333333333333335,False,False,52.42777603625965,50.0,63.76220984815694,52.13758579025822,57.92016942468308,50.7696930328907,74.0,2.427776036259651,3.3148208128106758,3.3479690209387827,3.270081873935008,0.9664914247289978,3.452427754779679,0.9376497054463695,0.9750677016370083,3.3479690209387827,0.8088672334587352,1.0126329244863694,0.9367003457648481,0.832236282537371,1.040464049596507,3.0950438461589647,3.4295311034273728,0.06539634795949867,-0.14283141909963726,0.08156208248859009,-0.252925174779818,False,False,0.049334831811433916,0.09866966362286783,0.049795141465735784,0.09959028293147157
235,3.9166666666666665,False,False,52.31267058593146,50.0,63.62781912081808,52.02257273323739,57.77819045368886,50.605158180837975,74.0,2.312670585931457,3.3063461559338276,3.339409617493166,3.262287474793169,0.9734988872613424,3.4386005963551773,0.9456659935857576,0.9820129242085841,3.339409617493166,0.8161837119573139,1.021417473465057,0.9447085175009762,0.8382584064306003,1.0478894242980454,3.086329841688957,3.4227814192910384,0.06587650008946133,-0.14375451777798376,0.08337180179787262,-0.25307977580420893,False,False,0.049795141465735784,0.09959028293147157,0.05021267976735523,0.10042535953471046
240,4.0,False,False,52.206321239882215,50.0,63.502946793868254,51.91632306385701,57.64763500031102,50.45125145445846,74.0,2.2063212398822145,3.297961117250029,3.3309407284225294,3.254555630489998,0.9802789480456965,3.4246380660593814,0.953404765184863,0.9885999102555889,3.3309407284225294,0.8230922696939449,1.0297733779282061,0.952439453683337,0.8439447230238093,1.0549605265064987,3.07771011519167,3.416104313406993,0.06636061625090983,-0.14465518723177961,0.08516358498446364,-0.25323061323085927,False,False,0.05021267976735523,0.10042535953471046,0.05059137956205152,0.10118275912410304
245,4.083333333333333,False,False,52.107987156650225,50.0,63.38690076516888,51.818094414744024,57.52759586311341,50.30713998719677,74.0,2.107987156650225,3.2896837447791305,3.3225805822269217,3.2469072142993314,0.986842281674754,3.4105893863824948,0.9608797315474568,0.9948503526389596,3.3225805822269217,0.8296163419022674,1.0377247645532197,0.9599068517307843,0.8493156758122529,1.061698359258066,3.0692013938072704,3.409517132825019,0.06684800661910639,-0.14553467682670673,0.08693655059809746,-0.25337918841965124,False,False,0.05059137956205152,0.10118275912410304,0.05093476380796436,0.10186952761592873
250,4.166666666666667,False,False,52.01699180846431,50.0,63.279041320837365,51.727208965681456,57.41723868011592,50.172059234098604,74.0,2.0169918084643115,3.2815285626235973,3.314343848249833,3.2393592633161448,0.9931989308658279,3.3964982750144674,0.9681037661959201,1.0007847964156553,3.314343848249833,0.8357783027011136,1.045294660619295,0.9671235721199537,0.8543906494117381,1.0681228388739565,3.0608170976035596,3.4030338723245532,0.06733804245830122,-0.14639414700391717,0.08869002407472015,-0.2535267506462735,False,False,0.05093476380796436,0.10186952761592873,0.05124599340345286,0.10249198680690572
255,4.25,False,False,51.93271706450784,50.0,63.17877675750212,51.64304749347174,57.31579579549877,50.04530698875721,74.0,1.932717064507841,3.273507042896705,3.306242113325672,3.2319254849640564,0.9993583518289845,3.382403477060988,0.9750889642152539,1.0064226822056026,3.306242113325672,0.8415994812618631,1.052505013011973,0.9741016977035089,0.8591880056393224,1.0742528328748937,3.0525677829500637,3.396665621979168,0.0678301506692911,-0.1472346765662802,0.09042350865349613,-0.2536743303756084,False,False,0.05124599340345286,0.10249198680690572,0.05152790906931854,0.10305581813863708
260,4.333333333333333,False,False,51.85459787140433,50.0,63.08555942518942,51.565044022106036,57.222560677498585,49.926237973253805,74.0,1.85459787140433,3.265628020537595,3.298284300742971,3.224616702464616,1.0053294557007275,3.3683392459951356,0.9818466969949365,1.011782389867667,3.298284300742971,0.8471001823006796,1.059376711304681,0.9808525883573112,0.8637251205923713,1.080106198760826,3.0444615322825443,3.3904209607113893,0.06832380889315903,-0.14805726927529572,0.09213665996841813,-0.25382276846042684,False,False,0.05152790906931854,0.10305581813863708,0.05178306801813509,0.10356613603627018
265,4.416666666666667,False,False,51.78211746430675,50.0,62.99888214569439,51.49268101259221,57.136882836341805,49.81425894155299,74.0,1.7821174643067508,3.2578980577802596,3.290477038358062,3.217441246496967,1.011120646448361,3.354335778564658,0.9883876627197973,1.0168812819254618,3.290477038358062,0.8522997101041156,1.0659296141509345,0.9873869314250897,0.8680184221012177,1.0856998230408086,3.0365042966007345,3.384306302218977,0.0688185411153468,-0.14886285982424408,0.09382926386091484,-0.25397274175732765,False,False,0.05178306801813509,0.10356613603627018,0.052013776064786285,0.10402755212957257
270,4.5,False,False,51.71480304993462,50.0,62.91827496624025,51.42548502208922,57.05816319738334,49.70882424494753,74.0,1.7148030499346234,3.2503217642324063,3.28282498187473,3.2104052994098558,1.016739855602902,3.3404196083002535,0.994721932942541,1.0217357469784385,3.28282498187473,0.8572163953133933,1.072182578234613,0.9937147882681076,0.8720834277062876,1.0910496606729756,3.028700196282707,3.378326198890734,0.0693139136945371,-0.14965231927215095,0.09550121701600389,-0.254124785592023,False,False,0.052013776064786285,0.10402755212957257,0.052222115757754095,0.10444423151550819
275,4.583333333333333,False,False,51.65222190991118,50.0,62.84330221270032,51.36302279027416,56.98584988409473,49.609431809890346,74.0,1.6522219099111766,3.2429020778079916,3.2753310985860713,3.2035131975867204,1.0221945741370135,3.3266139617629755,1.000858995550378,1.0263612424654913,3.2753310985860713,0.861867623956115,1.0781534892866278,0.9998456371833983,0.8759347824841053,1.0961707742474163,3.021051785132574,3.3724836086598415,0.06980953178192495,-0.15042645998138604,0.09715251007377024,-0.2542793134534973,False,False,0.052222115757754095,0.10444423151550819,0.05240997104140052,0.10481994208280104
280,4.666666666666667,False,False,51.593977878908575,50.0,62.77355981067351,51.304897702910424,56.91943437363897,49.51561948730217,74.0,1.593977878908575,3.2356405111319013,3.2679969162432205,3.1967676968962078,1.027491881768119,3.3129390812209456,1.006807794417262,1.0307723367810742,3.2679969162432205,0.8662698681337776,1.0838592945936205,1.0057884129541435,0.879586296663965,1.1010773728615473,3.013560281992744,3.3667801291542903,0.07030503608047312,-0.15118604011710912,0.09878321291106973,-0.2544366342504767,False,False,0.05240997104140052,0.10481994208280104,0.05257904889666724,0.10515809779333447
285,4.75,False,False,51.53970815750596,50.0,62.70867284629246,51.25074658977826,56.85844798951804,49.42696173540806,74.0,1.539708157505963,3.228537367486257,3.2608227411611197,3.190170205573517,1.032638473935081,3.299412517049921,1.0125767660123273,1.0349827506996827,3.2608227411611197,0.8704387179158966,1.0893160365648735,1.0115515435300495,0.883050982941763,1.1057828506017267,3.006225773737899,3.361216202987183,0.07080009990204394,-0.15193176775791972,0.10039346182606312,-0.2545969674232209,False,False,0.05257904889666724,0.10515809779333447,0.05273089835100025,0.1054617967020005
290,4.833333333333333,False,False,51.48908042439154,50.0,62.64829334183978,51.200236826617555,56.80245869826236,49.343066601497526,74.0,1.4890804243915383,3.2215919298856113,3.2538078491844673,3.183720988362541,1.037640686668976,3.286049392802585,1.0181738732146381,1.0390053977555271,3.2538078491844673,0.8743889140895132,1.0945388870198791,1.0171429837205779,0.886341093106306,1.1102998242531466,2.9990473930163333,3.355791297575688,0.07129442649761941,-0.1526643046492211,0.10198344839122075,-0.25476045616813403,False,False,0.05273089835100025,0.1054617967020005,0.05286692719797088,0.10573385439594175
295,4.916666666666667,False,False,51.44179021667913,50.0,62.59209822408697,51.1530637061789,56.75106818250846,49.263572973610465,74.0,1.4417902166791308,3.2148026264446807,3.2469506527091276,3.177419345296011,1.0425045195540923,3.272862645582103,1.0236066365646783,1.0428524236215435,3.2469506527091276,0.8781343813813891,1.0995421818260673,1.0225702464574624,0.8894681539814335,1.1146401702475797,2.9920234737074773,3.35050406247843,0.07178774662603615,-0.15338426964010998,0.10355340976930227,-0.2549271790016503,False,False,0.05286692719797088,0.10573385439594175,0.052988416722940725,0.10597683344588145
300,5.0,False,False,51.39755855072939,50.0,62.539787465784656,51.108948048660025,56.7039091640842,49.188148075063985,74.0,1.3975585507293928,3.2081671748299416,3.240248846578241,3.1712637680929534,1.0472356569538717,3.259863244081626,1.0288821631643525,1.046535244487741,3.240248846578241,0.8816882618795641,1.1043394556243196,1.0278404316557954,0.8924430026496282,1.1188150608204521,2.985151686715689,3.3453524668903154,0.07227981633271119,-0.15409224183811276,0.10510362031207432,-0.2550971598625522,False,False,0.052988416722940725,0.10597683344588145,0.05309653469170729,0.10619306938341458
305,5.083333333333333,False,False,51.35612975903759,50.0,62.491082382958574,51.06763403350657,56.6606429527625,49.11648517717043,74.0,1.356129759037593,3.2016827082589594,3.233699535341549,3.165252076803002,1.0518394876577337,3.247060386408668,1.0340071734196783,1.0500645840857123,3.233699535341549,0.8850629484458976,1.1089434764436932,1.0329602528933266,0.8952758205870364,1.1228349990125124,2.978429158413571,3.3403339196251896,0.07277041492680003,-0.15478876349867599,0.10663438428364058,-0.25527037692797805,False,False,0.05309653469170729,0.10619306938341458,0.05319234682551946,0.10638469365103892
310,5.166666666666667,False,False,51.31726952152344,50.0,62.44572407262911,51.028887222822505,56.6209572013193,49.04830151032668,74.0,1.3172695215234427,3.1953458852232917,3.2272993440755244,3.15938153901938,1.0563211230882066,3.234461679597866,1.0389880258039998,1.0534505096536213,3.2272993440755244,0.8882701178468424,1.1133662799414323,1.0379360622154763,0.8979761669668439,1.1267098527780297,2.9718525737781523,3.3354453736451117,0.0732593431244084,-0.1554743426867774,0.1081460295695873,-0.25544677029737217,False,False,0.05319234682551946,0.10638469365103892,0.05327682695558654,0.10655365391117308
315,5.25,False,False,51.28076307199187,50.0,62.403471977307085,50.992492763276715,56.584563846406624,48.983336353165406,74.0,1.2807630719918706,3.189152984857146,3.2210445147057176,3.1536489737116318,1.0606854141932707,3.2220733025241883,1.0438307398043296,1.0567024665326334,3.2210445147057176,0.891320763488946,1.1176192031627334,1.0427738730221336,0.900553010810375,1.1304488878834897,2.9654182660254764,3.3306834169558273,0.0737464213508563,-0.15614945572225847,0.10963890225010964,-0.2556262486802412,False,False,0.05327682695558654,0.10655365391117308,0.05335086602490802,0.10670173204981603
320,5.333333333333333,False,False,51.24641356266515,50.0,62.36410256414519,50.958253745683244,56.551197219232556,48.921349283694994,74.0,1.246413562665147,3.1830999896506027,3.2149309895471085,3.148050841490652,1.0649369671360194,3.2099001537583627,1.0485410171994038,1.0598293115272372,3.2149309895471085,0.8942252275745434,1.1217129176429164,1.0474793813144516,0.9030147620931162,1.1340607997082588,2.9591222943397204,3.3260443514771914,0.07423148818102154,-0.1568145494341211,0.11111336193008281,-0.25580869520738814,False,False,0.05335086602490802,0.10670173204981603,0.053415280082524115,0.10683056016504823
325,5.416666666666667,False,False,51.21404057155839,50.0,62.327408107971486,50.92598970829567,56.52061231028302,48.86211857689526,74.0,1.2140405715583924,3.1771826570092694,3.208954483579362,3.1425833229084557,1.0690801578824551,3.1979459857545107,1.0531242618051537,1.0628393449558735,3.208954483579362,0.896993232575752,1.1256574617566282,1.052057985448073,0.9053693017170229,1.137553743862528,2.9529605111082913,3.3215242613114238,0.07471439890665454,-0.1574700432388506,0.11256977773206156,-0.2559939724710709,False,False,0.053415280082524115,0.10683056016504823,0.05347081739601724,0.10694163479203447
330,5.5,False,False,51.18347873911521,50.0,62.29319556861665,50.89553527004024,56.49258317440144,48.80543973530026,74.0,1.183478739115209,3.171396580988547,3.2031105467984324,3.1372423862098575,1.073119145778259,3.186213526624581,1.0575855978114588,1.0657403413918747,3.2031105467984324,0.8996339119258598,1.1294622722190926,1.0565148043927821,0.9076240103334761,1.140935365610566,2.9469286199113354,3.3171190716680248,0.0751950242186914,-0.15811633105839862,0.11400852486959234,-0.25618192688709707,False,False,0.05347081739601724,0.10694163479203447,0.05351816479134069,0.10703632958268137
335,5.583333333333333,False,False,51.15457652196669,50.0,62.261285553990476,50.866738881892054,56.46690146390063,48.75112414049911,74.0,1.154576521966689,3.1657372453774117,3.197394617831186,3.1320238457896803,1.0770578861965296,3.1747045906332043,1.0619298868232452,1.0685395790799976,3.197394617831186,0.9021558398471767,1.1331362146638244,1.0608546948646562,0.9097857959889968,1.1442128280747719,2.9410222253703884,3.312824599559376,0.07567324899477423,-0.15875378309100086,0.11542998172819008,-0.25637239246079746,False,False,0.05351816479134069,0.10703632958268137,0.053557953314486914,0.10711590662897383
340,5.666666666666667,False,False,51.12719505295203,50.0,62.2315113612819,50.839461682712944,56.4433750786668,48.69899781478667,74.0,1.1271950529520325,3.1602000691712044,3.1918020698629164,3.1269234124648824,1.0809001423306677,3.1634201784382863,1.0661617437091342,1.071243868160991,3.1918020698629164,0.9045670602491008,1.136687613235468,1.0650822670378604,0.9118611207091696,1.147392839339121,2.9352368758336778,3.308636597253044,0.07614897117813002,-0.15938274745182146,0.11683452739012745,-0.2565651940292386,False,False,0.053557953314486914,0.10711590662897383,0.05359076329707705,0.1071815265941541
345,5.75,False,False,51.101207097663526,50.0,62.20371808946685,50.8135764551434,56.421826922346966,48.648900282484554,74.0,1.1012070976635258,3.1547804453533317,3.186328249806865,3.121936736543361,1.0846494961995956,3.1523605680056885,1.0702855513518394,1.0738595774834632,3.186328249806865,0.9068751146830377,1.1401242791888364,1.0692018993778676,0.9138560257976884,1.150481678231814,2.929568099763416,3.3045507893537422,0.07662210074835074,-0.16000355168577474,0.11822253954687723,-0.2567601500434491,False,False,0.05359076329707705,0.1071815265941541,0.05361712889709217,0.10723425779418434
350,5.833333333333333,False,False,51.076496098771855,50.0,62.177761817019956,50.788966668247504,56.402093756836216,48.60068352326425,74.0,1.0764960987718553,3.1494737737999694,3.1809685115379693,3.117059444558579,1.0883093589263275,3.1415253970392665,1.0743054743863683,1.0763926602237825,3.1809685115379693,0.9090870692690562,1.1434535384131108,1.0732177522886104,0.9157761560537244,1.1534852189930112,2.9240114365909697,3.3005629042877973,0.0770925587692286,-0.16061650417005813,0.11959439274982797,-0.2569570749469996,False,False,0.05361712889709217,0.10723425779418434,0.05363754217657474,0.10727508435314947
355,5.916666666666667,False,False,51.05295530026832,50.0,62.15350883935584,50.76552559762516,56.38402514610815,48.55421100893387,74.0,1.052955300268323,3.144275489028303,3.175718243918586,3.1122871704393837,1.091882980345354,3.13091373768931,1.0782254720045985,1.07884867840231,3.175718243918586,0.9112095406009149,1.1466822578915337,1.077133780954273,0.917626782984452,1.1564089549069754,2.9185624627179942,3.296668700874393,0.07756027650466546,-0.16122189541785792,0.12095045695580708,-0.2571557812005918,False,False,0.05363754217657474,0.10727508435314947,0.05365245677029438,0.10730491354058876
360,6.0,False,False,51.03048694453918,50.0,62.130834961078364,50.743155524510456,56.367482480978076,48.509356815726306,74.0,1.0304869445391773,3.1391810834259952,3.170572894260255,3.1076155817961935,1.0953734579893717,3.1205241642320543,1.082049309898101,1.0812328259427797,3.170572894260255,0.913248720655454,1.1498168711259993,1.0809537472585817,0.9194128266655488,1.1592580205537342,2.91321681326369,3.292863990589485,0.07802519461095447,-0.1618199992772309,0.12229109632923008,-0.25735608099656515,False,False,0.05365245677029438,0.10730491354058876,0.05366229119212669,0.10732458238425338
365,6.083333333333333,False,False,51.0090015358807,50.0,62.10962483860659,50.72176699523271,56.35233808040042,48.46600480763705,74.0,1.0090015358806994,3.1341861265262043,3.1655279877914664,3.1030404019265876,1.098783745501462,3.110354814349503,1.0857805714048707,1.0835499508487465,3.1655279877914664,0.9152104006091138,1.1528634024323967,1.084681230898741,0.9211388767958635,1.1620372132285715,2.907970200089461,3.2891446560587143,0.07848726237982495,-0.16241107405288302,0.12361666826724793,-0.2575577877020052,False,False,0.05366229119212669,0.10732458238425338,0.0536674318201709,0.1073348636403418
370,6.166666666666667,False,False,50.98841716467952,50.0,62.08977136917741,50.701278145983366,56.338474360571595,48.42404788275734,74.0,0.9884171646795181,3.1292862808274946,3.1605791436357697,3.0985574280740877,1.1021166605148431,3.100403444581594,1.0894226679201158,1.0858045760556252,3.1605791436357697,0.9170999936678624,1.1558274902158443,1.088319639825795,0.9228092125157139,1.1647510131007788,2.902818426571124,3.2855066662541224,0.07894643704515358,-0.1629953635399113,0.1249275226183526,-0.25776071706464565,False,False,0.0536674318201709,0.1073348636403418,0.053668235596293086,0.10733647119258617
375,6.25,False,False,50.968658887031474,50.0,62.07117512260755,50.68161408084871,56.3257830680904,48.38338727885835,74.0,0.9686588870314736,3.124477314600335,3.155722087746338,3.0941625464126234,1.1053748920387583,3.090667480471052,1.0929788486261527,1.0880009192967828,3.155722087746338,0.9189225568475192,1.158714409165409,1.0918722199528474,0.9244278213097673,1.167403602434435,2.897757399534609,3.2819460888147978,0.0794026831376522,-0.16357309798701547,0.12622400106845966,-0.25796468821172924,False,False,0.053668235596293086,0.10733647119258617,0.05366503247130308,0.10733006494260616
380,6.333333333333333,False,False,50.94965815506327,50.0,62.05374381253617,50.66270630219178,56.31416457117141,48.34393193262502,74.0,0.9496581550632683,3.119755112070806,3.150952663191514,3.0898517441747035,1.1085610073858267,3.0811440618745825,1.0964522095918559,1.0901429118512442,3.150952663191514,0.9206828117559109,1.1615290914221492,1.0953420641750655,0.9259984168627343,1.1699988837411155,2.892783138723079,3.2784590998631375,0.07985597188987126,-0.16414449498850991,0.12750643667162365,-0.258169524468435,False,False,0.05366503247130308,0.10733006494260616,0.05365812762322825,0.1073162552464565
385,6.416666666666667,False,False,50.93135229365931,50.0,62.037391804169964,50.644492185657384,56.303527204811395,48.305597888612915,74.0,0.9313522936593088,3.1151156813268184,3.1462668381400865,3.0856211192931084,1.1116774586732967,3.071830083871688,1.0998457022879455,1.0922342163643135,3.1462668381400865,0.9223851643747443,1.1642761467205491,1.0987321209943275,0.9275244560482777,1.1725404970464774,2.8878917841207317,3.275041991645411,0.08030628068216394,-0.1647097603160358,0.12877515350532454,-0.2583750540193548,False,False,0.05365812762322825,0.1073162552464565,0.053647803472660446,0.10729560694532089
390,6.5,False,False,50.91368401968922,50.0,62.022039655819235,50.62691449908154,56.29378666494209,48.268307753312996,74.0,0.9136840196892209,3.110555160251898,3.141660711854417,3.0814668878830713,1.1147265889280016,3.06272223366413,1.1031621415605732,1.0942782436381004,3.141660711854417,0.9240337238932242,1.1669598815574127,1.1020452024117278,0.9290091549486686,1.1750318361697036,2.8830796014206768,3.271691178287134,0.08075359253160319,-0.1652690886894318,0.13003046643271698,-0.2585811104337403,False,False,0.053647803472660446,0.10729560694532089,0.05363432151631787,0.10726864303263574
395,6.583333333333333,False,False,50.89660100018444,50.0,62.00761369175181,50.60992096163711,56.284865448329946,48.231990191219644,74.0,0.8966010001844396,3.1060698207559425,3.137130518963502,3.077385389853905,1.1177106378224384,3.0538170238242226,1.106404213102217,1.0962781684361016,3.137130518963502,0.9256323205939183,1.1695843173905611,1.105283991395436,0.9304555039447906,1.177476064056706,2.878342985890741,3.268403199919869,0.08119789562060431,-0.165822664491311,0.1312726809563669,-0.2587875330727609,False,False,0.05363432151631787,0.10726864303263574,0.05361792399745831,0.10723584799491662
400,6.666666666666667,False,False,50.88005544622919,50.0,61.994045604103064,50.593463834618326,56.276692335036145,48.19657945987652,74.0,0.8800554462291927,3.1016560715406447,3.132672632256051,3.073373092905305,1.1206317470672358,3.045110822218592,1.1095744804557637,1.098236944581431,3.132672632256051,0.9271845228044776,1.1721532078826613,1.108451048879988,0.9318662821431127,1.1798761274349419,2.873678464861187,3.26517472540598,0.0816391828535108,-0.16637066243831833,0.13250209314992922,-0.25899416739486414,False,False,0.05361792399745831,0.10723584799491662,0.053598835429535446,0.10719767085907089
405,6.75,False,False,50.864003739617395,50.0,61.98127208177103,50.57749955098829,56.26920190860096,48.162014979514126,74.0,0.8640037396173952,3.0973104596091487,3.1282835642052405,3.0694265951335833,1.1234919654833047,3.036599878905343,1.112675391584747,1.1001573189366627,3.1282835642052405,0.92869365300847,1.1746700552849956,1.11154882038486,0.9332440707407342,1.1822347703920797,2.869082699031826,3.2620025538611106,0.082077451455417,-0.16691324819592845,0.13371898965587015,-0.25920086517341456,False,False,0.053598835429535446,0.10719767085907089,0.053577263987698465,0.10715452797539693
410,6.833333333333333,False,False,50.84840608958418,50.0,61.96923446439442,50.56198836905217,56.26233411334525,48.128240936502394,74.0,0.8484060895841807,3.0930296707045692,3.123959967411615,3.0655426264464682,1.1262932537751777,3.0282803502764684,1.1157092850401473,1.1020418448391958,3.123959967411615,0.9301628030513781,1.1771381258986953,1.114579642047329,0.934591265879037,1.184554547430079,2.8645524827725586,3.258883615150478,0.08251270259088317,-0.1674505789601588,0.13492364773886312,-0.2594074846390564,False,False,0.053577263987698465,0.10715452797539693,0.053553402780940194,0.10710680556188039
415,6.916666666666667,False,False,50.833226217154376,50.0,61.95787841966522,50.54689405849297,56.25603384363308,48.095205916018074,74.0,0.8332262171543761,3.0888105288397765,3.119698634128174,3.0617180489615183,1.1290374890254176,3.0201483206935733,1.1186783957517354,1.1038928945506723,3.119698634128174,0.9315948485705294,1.1795604647435194,1.1175457465674754,0.9359100905592354,1.1868378355689488,2.860084743570396,3.255814969513904,0.08294494101827654,-0.16798280399143695,0.13611633538572976,-0.25961389055777806,False,False,0.053553402780940194,0.10710680556188039,0.05352743101642332,0.10705486203284664
420,7.0,False,False,50.81843106486026,50.0,61.94715364236419,50.53218360915039,56.25025056450693,48.06286256321579,74.0,0.8184310648602633,3.084649995061236,3.115496495011848,3.05794985654215,1.1317264689284745,3.012199821843379,1.1215848604697876,1.1057126710883405,3.115496495011848,0.9329924626042031,1.181939909390649,1.1204492685235437,0.9372026059724822,1.18908684585373,2.8556765407575573,3.2527938064558772,0.08337417476538955,-0.1685100651158583,0.137297311444029,-0.25981995425429094,False,False,0.05352743101642332,0.10705486203284664,0.053499515066064166,0.10699903013212833
425,7.083333333333333,False,False,50.80399052977301,50.0,61.93701357363241,50.51782696359445,56.24493796027916,48.03116726982015,74.0,0.8039905297730101,3.0805451655721723,3.111350617227894,3.0542351736067173,1.1343619157810159,3.0044308500197103,1.1244307228809993,1.1075032193353491,3.111350617227894,0.9343581284567489,1.1842791030374638,1.123292249540873,0.9384707221440507,1.1913036341650374,2.8513250636387104,3.2498174430202322,0.08380041482968825,-0.16903249719129843,0.13846682579233827,-0.26002555358918356,False,False,0.053499515066064166,0.10699903013212833,0.05346980944458993,0.10693961888917985
430,7.166666666666667,False,False,50.789877217964474,50.0,61.92741513910425,50.50379677239051,56.24005360917393,48.00007988435384,74.0,0.7898772179644737,3.0764932693248515,3.1072582020181,3.0505712533294713,1.1369454802444954,2.9968373815207356,1.1272179384206182,1.10926643642998,3.1072582020181,0.9356941518433853,1.186580506849013,1.1260766430508284,0.9397162078904393,1.1934901113327745,2.8470276291208614,3.246883321554332,0.08422367490279448,-0.16955022853954071,0.13962511953623213,-0.2602305728972385,False,False,0.05346980944458993,0.10693961888917985,0.053438457707040955,0.10687691541408191
435,7.25,False,False,50.77606621867494,50.0,61.91831850462881,50.49006816782287,56.235558682566364,47.969563444614515,74.0,0.7760662186749414,3.0724916651780294,3.10321658182981,3.0469554753375965,1.1394787448945973,2.989415386333784,1.129948378801129,1.111004081580968,3.10321658182981,0.937002672326591,1.1888464115790447,1.1288043188886605,0.9409407002300635,1.1956480526943793,2.842781678936409,3.2439890070545343,0.08464397111341126,-0.1700633813509046,0.14077242522472444,-0.260434902893401,False,False,0.053438457707040955,0.10687691541408191,0.053405593273162265,0.10681118654632453
440,7.333333333333333,False,False,50.76253489660443,50.0,61.90968684840037,50.476618554909386,56.23141766641241,47.93958393022449,74.0,0.7625348966044285,3.068537838703398,3.099223217090432,3.043385342995472,1.1419632275711153,2.9821608402651165,1.132623836276336,1.1127177853236299,3.099223217090432,0.9382856741000515,1.1910789485274496,1.1314770674960073,0.9421457132608214,1.1977791071115444,2.838584776538371,3.241132184173055,0.08506132178791459,-0.17057207206280844,0.1419089670826228,-0.2606384405520612,False,False,0.053405593273162265,0.10681118654632453,0.053371340185028225,0.10674268037005645
445,7.416666666666667,False,False,50.74926270087685,50.0,61.90148614840271,50.46342742286975,56.22759810299769,47.910110033543766,74.0,0.749262700876848,3.064629398714083,3.095275692701224,3.039858480355713,1.1444003845408823,2.97506973565834,1.1352460276582503,1.11440905804021,3.095275692701224,0.9395449961597695,1.1932800998745228,1.1340966039330398,0.9433326463337721,1.1998848052752333,2.8344346037366557,3.238310653956143,0.08547574723502338,-0.17107641170643784,0.14303496125491888,-0.26084108896456826,False,False,0.053371340185028225,0.10674268037005645,0.05333581380391128,0.10667162760782256
450,7.5,False,False,50.73623098934526,50.0,61.89368498414921,50.45047616727127,56.224070352925246,47.881112948758705,74.0,0.736230989345259,3.0607640735786497,3.091371714314436,3.036372628846399,1.1467916134854643,2.968138090832659,1.137816598102934,1.1160792981564829,3.091371714314436,0.9407823418341883,1.1954517083646703,1.1366645717148913,0.9445027919189206,1.2019665676955555,2.8303289571351358,3.23552233037424,0.08588726953907266,-0.17157650623756227,0.14415061605980384,-0.26104275717930037,False,False,0.05333581380391128,0.10667162760782256,0.053299121451651006,0.10659824290330201
455,7.583333333333333,False,False,50.723422867014754,50.0,61.886254351772415,50.43774792912587,56.220807373958365,47.852566176185064,74.0,0.7234228670147544,3.0569397073756077,3.0875091044493637,3.032925643754688,1.149138256324512,2.961361958360766,1.1403371246802607,1.1177297997055848,3.0875091044493637,0.9419992877822382,1.1975954864491356,1.139182546282018,0.945657342865043,1.2040257120789288,2.826265744421366,3.232765236696797,0.086295912373344,-0.17207245684054184,0.14525613224743328,-0.26124336002799753,False,False,0.053299121451651006,0.10659824290330201,0.05326136300123822,0.10652272600247643
460,7.666666666666667,False,False,50.71082303745953,50.0,61.87916749158144,50.425227446203216,56.2177845166302,47.82444534161404,74.0,0.7108230374595266,3.0531542559359113,3.0836857984952704,3.0295154905590813,1.1514416018849094,2.954737432295705,1.1428091197414822,1.1193617594503757,3.0836857984952704,0.9431972924389462,1.1997130248680532,1.1416520384705564,0.9467973992372049,1.2060634602766669,2.822242980553667,3.230037501757242,0.08670170082629114,-0.1725643602131709,0.14635170326197144,-0.2614428179416035,False,False,0.05326136300123822,0.10652272600247643,0.05322263142100922,0.10644526284201844
465,7.75,False,False,50.69841766620126,50.0,61.87239972726562,50.41290091677453,56.21497933512639,47.79672802935241,74.0,0.6984176662012587,3.0494057828143144,3.0798998406424576,3.0261402411554545,1.153702888425165,2.9482606544465373,1.1452340340974791,1.120976283534901,3.0798998406424576,0.944377703947951,1.201805800711727,1.1440744976312545,0.9479239747032129,1.2080809447766545,2.8182587838840623,3.227337356147241,0.08710466124175342,-0.1730523088316882,0.14743751550478335,-0.26164105675839533,False,False,0.05322263142100922,0.10644526284201844,0.05318301327631923,0.10636602655263847
470,7.833333333333333,False,False,50.686194255099416,50.0,61.865928315978266,50.40075587410737,56.21237141244956,47.76939362804102,74.0,0.6861942550994158,3.0456924552246054,3.0761493797768513,3.022798070015652,1.1559233060238359,2.941927819793898,1.1476132600196618,1.1225743937238168,3.0761493797768513,0.9455417676026472,1.2038751849834408,1.1464513146166155,0.9490380025252867,1.2100792147948085,2.8143113722500326,3.2246631283738703,0.08750482107099167,-0.17353639119853015,0.14851374859701894,-0.26183800752681874,False,False,0.05318301327631923,0.10636602655263847,0.05314258919226989,0.10628517838453978
475,7.916666666666667,False,False,50.674141526879815,50.0,61.85973230858571,50.38878107008467,56.209942198660514,47.742423188163116,74.0,0.674141526879815,3.0420125399685602,3.072432665368246,3.0194872503119514,1.1581039988401893,2.935735181128556,1.149948134074665,1.1241570332886386,3.072432665368246,0.9466906328287908,1.2059224496970984,1.1487838246362572,0.9501403412132978,1.2120592420230394,2.8103990590631818,3.2220132410083195,0.0879022087344008,-0.17401669207534076,0.14958057564007365,-0.2620336063050641,False,False,0.05314258919226989,0.10628517838453978,0.05310143428065483,0.10620286856130966
480,8.0,False,False,50.66224931899841,50.0,61.85379241941414,50.37696637057692,56.207674860900696,47.715799290085485,74.0,0.6622493189984127,3.0383643993839344,3.0687480433777736,3.0162061500357504,1.1602460672547494,2.9296790529887957,1.1522399398031506,1.125725072408377,3.0687480433777736,0.947825359747155,1.2079487745487658,1.1510733099365553,0.951231779711797,1.2140219259062763,2.8065202494186057,3.2193862068504417,0.0882968534978994,-0.17449329269657998,0.15063816347266812,-0.26222779395916795,False,False,0.05310143428065483,0.10620286856130966,0.05305961853414752,0.10611923706829504
485,8.083333333333334,False,False,50.65050848610098,50.0,61.8480909048703,50.36530265648469,56.20555414525674,47.68950592262212,74.0,0.650508486100982,3.0347464873327947,3.065093952206123,3.0129532281345237,1.1623505698968688,2.923755814965768,1.1544899102523731,1.127279313349436,3.065093952206123,0.9489469253017904,1.2099552531481,1.1533210023192169,0.9523130423755879,1.2159680987036359,2.8026734362450236,3.2167806251296582,0.08868878535419977,-0.1749662709738482,0.15168667292353533,-0.2624205159610993,False,False,0.05305961853414752,0.10611923706829504,0.053017207190354416,0.10603441438070883
490,8.166666666666666,False,False,50.63891081039795,50.0,61.8426114503539,50.3537817347728,56.20356624844459,47.66352837036432,74.0,0.6389108103979524,3.0311573452479834,3.0614689187004633,3.009727030687341,1.1644185255659856,2.91796191443985,1.1566992303714514,1.1288204952187608,3.0614689187004633,0.9500562290254215,1.2119428988815677,1.1555280855280672,0.9533847935353152,1.2178985301354899,2.7988571965123366,3.214195177759311,0.08907803491672905,-0.17543570168344558,0.15272625905884762,-0.2626117221881268,False,False,0.053017207190354416,0.10603441438070883,0.05297426106813749,0.10594852213627498
495,8.25,False,False,50.62744891932822,50.0,61.83733906491635,50.34239625639363,56.201698699442986,47.63785310983587,74.0,0.6274489193282164,3.0275955982524283,3.0578715542349526,3.0065261871358238,1.1664509150528033,2.912293868805463,1.1588690392777057,1.1303492984226706,3.0578715542349526,0.9511540984277972,1.2139126503936704,1.1576956975333361,0.9544476417803934,1.2198139317440344,2.7950701875104746,3.211628625658668,0.08946463332136378,-0.1759016566422772,0.15375707142371553,-0.26280136672447796,False,False,0.05297426106813749,0.10594852213627498,0.052930836878500864,0.10586167375700173
500,8.333333333333334,False,False,50.61611620993531,50.0,61.832259983156824,50.331139640617806,56.199940250181726,47.61246771367514,74.0,0.6161162099353135,3.0240599513633213,3.0543005508769547,3.0033494065845714,1.1684486828662013,2.906748267236692,1.1610004324018386,1.1318663488460972,3.0543005508769547,0.9522412940355399,1.2158653767150298,1.1598249326402312,0.955502143973292,1.2217149609816262,2.7913111432107516,3.209079805154172,0.08984861213552908,-0.17636420487280513,0.15477925427721706,-0.26298940766620316,False,False,0.052930836878500864,0.10586167375700173,0.05288698751207442,0.10577397502414884
505,8.416666666666666,False,False,50.60490677942426,50.0,61.82736157387923,50.3200060053147,56.19828077444656,47.58736076209823,74.0,0.6049067794242617,3.0205491857908155,3.0507546776487238,3.000195474182462,1.1704127388713297,2.9013217720413844,1.1630944635192222,1.1333722217669402,3.0507546776487238,0.9533185141108854,1.2178018820650465,1.1619168435682241,0.9565488090092273,1.2236022250411633,2.787578870718783,3.2065476244692745,0.09023000327422315,-0.17682341275771285,0.15579294682055078,-0.2631758069299406,False,False,0.05288698751207442,0.10577397502414884,0.052842762304951746,0.10568552460990349
510,8.5,False,False,50.59381536141048,50.0,61.82263225506393,50.30899010403229,56.19671117434417,47.56252176105439,74.0,0.5938153614104777,3.0170621553388624,3.047232776892251,2.9970632475940286,1.1723439598439755,2.8960111196471074,1.1651521466740558,1.1348674454613956,3.047232776892251,0.9543863990703276,1.2197229103504355,1.1639724433546235,0.9575881012786517,1.2254762843861218,2.7838722468260837,3.204031060310248,0.09060883892472615,-0.17727934418274394,0.15679828341799684,-0.26336053006616744,False,False,0.052842762304951746,0.10568552460990349,0.052798207284755025,0.10559641456951005
515,8.583333333333334,False,False,50.58283726740971,50.0,61.81806141473797,50.298087265908975,56.19522329417224,47.5379410669078,74.0,0.5828372674097082,3.013597782914011,3.043733760743151,2.993951653568166,1.174243190945972,2.8908131212584625,1.1671744580027281,1.1363525046768428,3.043733760743151,0.95544553560467,1.221629149361405,1.1659927071117182,0.9586204440024569,1.2273376561503628,2.7801902146657436,3.201529154553637,0.09098515147352004,-0.17773206067438585,0.15779539381048568,-0.2635435460774076,False,False,0.052798207284755025,0.10559641456951005,0.052753365398342446,0.10550673079668489
520,8.666666666666666,False,False,50.57196833315419,50.0,61.81363933735306,50.28729334413557,56.19380984027506,47.513609816425365,74.0,0.5719683331541887,3.010155057146453,3.0402566077179176,2.99085968460969,1.1761112471261093,2.8857246632216524,1.1691623374622804,1.1378278437074096,3.0402566077179176,0.9564964605540907,1.2235212347193327,1.1679785738717783,0.9596462221848219,1.2291868171528177,2.7765317804761724,3.199041011039551,0.09135897344540811,-0.17818162152258776,0.15878440332163324,-0.2637248272417452,False,False,0.052753365398342446,0.10550673079668489,0.05270827672269991,0.10541655344539982
525,8.75,False,False,50.56120486935233,50.0,61.80935713530683,50.27660466516375,56.192464307873855,47.489519862869045,74.0,0.5612048693523306,3.006733029126268,3.036800359417531,2.987786395757862,1.177948914450734,2.8807427071289364,1.1711166904694972,1.1392938694253918,3.036800359417531,0.9575396644946086,1.2253997535325427,1.1699309481099136,0.9606657855236422,1.231024206867169,2.772896010475607,3.196565792473703,0.09173033744177728,-0.17862808390174956,0.1597654330561724,-0.26390434894192394,False,False,0.05270827672269991,0.10541655344539982,0.052662978660255176,0.10532595732051035
530,8.833333333333334,False,False,50.55054361653953,50.0,61.80520668526531,50.26601798472434,56.19118091289141,47.465663716507656,74.0,0.5505436165395281,3.0033308092566706,3.033364117349237,2.984730901474655,1.179756951367964,2.8758642896926294,1.1730383894557854,1.1407509539889271,3.033364117349237,0.9585755951135999,1.227265247838068,1.1718507013987165,0.9616794510093357,1.2328502300774693,2.7692820278490125,3.194102717440027,0.09209927608854218,-0.1790715029795914,0.16073860009078977,-0.2640820895002247,False,False,0.052662978660255176,0.10532595732051035,0.05261750611985272,0.10523501223970544
535,8.916666666666666,False,False,50.539981703695936,50.0,61.80118056896763,50.25553044513707,56.18995452943859,47.442034490083834,74.0,0.5399817036959362,2.9999475642250832,3.0299470398673343,2.9816923726445195,1.1815360899091825,2.8710865224155446,1.17492827534266,1.1421994374760926,3.0299470398673343,0.9596046603448612,1.2291182178000555,1.1737386737993347,0.9626875054528135,1.2346652594606407,2.7656890098480984,3.1916510575247177,0.092465821984548,-0.1795119320232792,0.1617040176573834,-0.26425803001923587,False,False,0.05261750611985272,0.10523501223970544,0.052571891684580506,0.10514378336916101
540,9.0,False,False,50.529516610331065,50.0,61.797272018213434,50.245139539017565,56.18878063165304,47.41862584811759,74.0,0.5295166103310649,2.9965825140920312,3.0265483392329515,2.978670033686408,1.1832870368312758,2.8664065910823084,1.1767871589423737,1.143639630209973,3.0265483392329515,0.9606272313146126,1.2309591247164238,1.1755956752964722,0.9636902077159235,1.2364696378692932,2.7621161850043423,3.189210134551793,0.09283000765932026,-0.17994942249404944,0.1626617953188414,-0.2644321542286092,False,False,0.052571891684580506,0.10514378336916101,0.05252616576726424,0.10505233153452848
545,9.083333333333334,False,False,50.5191461317605,50.0,61.793474863753694,50.234843073245514,56.18765524067816,47.395431960686416,74.0,0.5191461317605004,2.993234929497128,3.023167278792099,2.9756631597780676,1.1850104747028498,2.8618217550936595,1.1786158222879093,1.145071815054298,3.023167278792099,0.9616436450647526,1.2327883938002107,1.1774224871455319,0.9646877909135155,1.2382636805841372,2.7585628304542915,3.1867793179295494,0.09319186552983916,-0.18038402414078247,0.16361203913745026,-0.2646044483378076,False,False,0.05252616576726424,0.10505233153452848,0.052480356754839176,0.10496071350967835
550,9.166666666666666,False,False,50.508868347320096,50.0,61.7897834878231,50.22463913830979,56.18657487525786,47.372447460388365,74.0,0.5088683473200959,2.9899041289808563,3.019803170270665,2.9726710741919202,1.1867070629374592,2.8573293466637963,1.1804150198962975,1.1464962494441988,3.019803170270665,0.9626542071142378,1.2346064167966857,1.179219863087974,0.9656804643604371,1.2400476773094185,2.75502826937584,3.1843580221067342,0.09355142786521964,-0.18081578508376173,0.1645548518360691,-0.264774900894825,False,False,0.052480356754839176,0.10496071350967835,0.05243449114224777,0.10486898228449554
555,9.25,False,False,50.49868159128337,50.0,61.78619278006929,50.21452607851843,56.185536506619066,47.34966740303416,74.0,0.49868159128337197,2.9865894764203293,3.0164553711845326,2.969693145741287,1.1883774387767203,2.8529267698989087,1.1821854799689921,1.1479131673581016,3.0164553711845326,0.9636591938302341,1.2364135544079702,1.1809885305813168,0.9666684154617906,1.2418218941098103,2.751511868533689,3.1819457041367762,0.0939087267517087,-0.18124475189631095,0.1654903329522437,-0.26494350265084377,False,False,0.05243449114224777,0.10486898228449554,0.052388593656720245,0.10477718731344049
560,9.333333333333334,False,False,50.48858442626694,50.0,61.782698096649995,50.204502465948714,56.18453751661734,47.327087231196714,74.0,0.48858442626693943,2.983290378576817,3.013123282362585,2.9667287863352323,1.190022218225987,2.8486114997732894,1.1839279055327747,1.1493227810983173,3.013123282362585,0.9646588546500912,1.2382101385663855,1.1827291919705658,0.967651811418941,1.2435865751613546,2.7480130359318573,3.1795418613480226,0.09426379406303731,-0.18167096967937635,0.16641857898543755,-0.2651102464307278,False,False,0.052388593656720245,0.10477718731344049,0.05234268737326937,0.10468537474653875
565,9.416666666666666,False,False,50.47857561892458,50.0,61.779295222284084,50.19456707556437,56.18357565937743,47.304702740798525,74.0,0.4785756189245802,2.9800062827525036,3.009806345580029,2.9637774486399397,1.191641996945114,2.84438108101785,1.1856429755244562,1.1507252829980554,3.009806345580029,0.9656534141441607,1.2399964745466525,1.1844425254692852,0.968630800864607,1.2453419444298777,2.744531218570773,3.1771460291176052,0.09461666143182224,-0.18209448213344848,0.16733968353757644,-0.26527512700925593,False,False,0.05234268737326937,0.10468537474653875,0.05229679382192517,0.10459358764385034
570,9.5,False,False,50.46865411774673,50.0,61.77598033505618,50.18471886373739,56.182649025764185,47.2825100501699,74.0,0.4686541177467305,2.976736674553663,3.0065040412991997,2.960838623844189,1.1932373510966923,2.8402331269344057,1.1873313458224632,1.152120846951848,3.0065040412991997,0.9666430739462523,1.2417728429438555,1.1861291863163843,0.9696055153278661,1.247088207177798,2.741065900306225,3.1747577787463186,0.09496736022594998,-0.18251533162398192,0.1682537374471189,-0.2654381409929747,False,False,0.05229679382192517,0.10459358764385034,0.052250933087399136,0.10450186617479827
575,9.583333333333334,False,False,50.45881903279695,50.0,61.772749973788144,50.17495694761151,56.18175601097028,47.26050557180573,74.0,0.4588190327969528,2.9734810757572316,3.003215886514804,2.957911839526272,1.1948088381539874,2.83616531814777,1.1889936502281693,1.1535096298871121,3.003215886514804,0.9676280145398126,1.2435395015053645,1.18778980765469,0.9705760706424124,1.2488255514127442,2.7376165998072786,3.1723767154316658,0.09531592152563206,-0.18293355924469978,0.16916082891686157,-0.26559928670752564,False,False,0.052250933087399136,0.10450186617479827,0.052205123901817356,0.10441024780363471
580,9.666666666666666,False,False,50.44906961722909,50.0,61.76960100780189,50.16528058690923,56.18089528454832,47.23868598624967,74.0,0.44906961722909244,2.970239042277616,2.999941432700392,2.954996657619472,1.1963569976706883,2.832175401306511,1.1906305013996952,1.1548917731032726,2.999941432700392,0.9686083969272428,1.245296686844232,1.1894250015266608,0.9715425682272363,1.2505541492072294,2.734182868610101,3.1700024763360926,0.09566237610395678,-0.18334920487603634,0.1700610436357004,-0.2657585640902913,False,False,0.052205123901817356,0.10441024780363471,0.0521593837308943,0.1043187674617886
585,9.75,False,False,50.439405250442206,50.0,61.766530608910486,50.155689166587315,56.18006576294809,47.21704821814765,74.0,0.43940525044220635,2.967010162230448,2.9966802638527525,2.9520926724730967,1.1978823520144553,2.8282611877421013,1.1922424917407202,1.1562674035520195,2.9966802638527525,0.9695843641798982,1.2470446160316795,1.1910353597529593,0.9725050963105638,1.2522741579602874,2.7307642892645405,3.1676347287473305,0.09600675440826789,-0.1837623072414557,0.170954464894578,-0.26591597458821203,False,False,0.0521593837308943,0.1043187674617886,0.052113728854194796,0.10422745770838959
590,9.833333333333334,False,False,50.42982542274077,50.0,61.76353622548474,50.14618218226261,56.17926658410296,47.19558941408176,74.0,0.4298254227407696,2.9637940540899224,2.9934319946308214,2.9491995090059353,1.1993854070661318,2.824420552095219,1.1938301942466922,1.1576366349704132,2.9934319946308214,0.970556042887573,1.2487834880875999,1.1926214547231666,0.973463731012068,1.2539857215161476,2.7273604735702293,3.1652731683276474,0.09634908654573437,-0.1841729039583453,0.17184117369682594,-0.2660715210605922,False,False,0.052113728854194796,0.10422745770838959,0.052068174439819495,0.10413634887963899
595,9.916666666666666,False,False,50.42032972137848,50.0,61.760615558452194,50.1367592255413,56.17849708438884,47.17430692244725,74.0,0.42032972137847935,2.960590364936327,2.9901962685856907,2.9463168209489385,1.200866652886391,2.820651430917016,1.1953941633106986,1.1589995689992703,2.9901962685856907,0.9715235444944093,1.2505134853560456,1.1941838402889973,0.9744185374108523,1.2556889712675154,2.7239710608989594,3.1629175174488298,0.09668940226824518,-0.184581031588418,0.1727212488631391,-0.2662252076867313,False,False,0.052068174439819495,0.10413634887963899,0.052022734613986626,0.10404546922797325
600,10.0,False,False,50.41091781787336,50.0,61.757766539095606,50.12741997276909,56.17775677721901,47.15319827475122,74.0,0.41091781787336146,2.957398768790328,2.986972756478231,2.9434442891738946,1.202326564351471,2.8169518212523745,1.1969349354911147,1.1603562961249645,2.986972756478231,0.9724869665516788,1.2522347747962723,1.195723052452513,0.9753695704433908,1.2573840270876866,2.720595716600031,3.1605675236096347,0.0970277309627221,-0.1849867256815737,0.17359476713140376,-0.2663770398781997,False,False,0.052022734613986626,0.10404546922797325,0.051977422525867595,0.10395484505173519
605,10.083333333333334,False,False,50.401589456490896,50.0,61.754987308526196,50.11816417115488,56.17704533390931,47.132261168855784,74.0,0.40158945649089617,2.954218965030617,2.9837611546809235,2.940581620104833,1.203765601759577,2.813319779211379,1.1984530302430219,1.1617068967242359,2.9837611546809235,0.973446393861718,1.2539475091636474,1.1972396101568394,0.9763168759005895,1.259070998360729,2.7172341304853402,3.158222957932503,0.09736410163649323,-0.18539002082364642,0.17446180325157945,-0.2665270241955833,False,False,0.051977422525867595,0.10395484505173519,0.05193225040805501,0.10386450081611003
610,10.166666666666666,False,False,50.39234444379936,50.0,61.75227619871509,50.10899163088214,56.176362565239515,47.11149345284985,74.0,0.3923444437993595,2.9510506768915317,2.980561183660447,2.9377285442089214,1.2051842114094302,2.8097534185345987,1.1999489506152834,1.163051441814687,2.980561183660447,0.9744018995779579,1.2556518281454512,1.1987340159158066,0.977260491141489,1.260749984727288,2.713886015390919,3.1558836137363206,0.09769854291260116,-0.18579095067319784,0.17532243007587356,-0.2666751682695283,False,False,0.05193225040805501,0.10386450081611003,0.051887229632898,0.103774459265796
615,10.25,False,False,50.38318263921047,50.0,61.74963171497493,50.09990221397865,56.17570840557896,47.090893111098644,74.0,0.38318263921046736,2.9478936500372925,2.9773725865376655,2.9348848145636195,1.206582826152358,2.8062509091570877,1.2014231839150435,1.1643899939377207,2.9773725865376655,0.9753535461847788,1.2573478593753606,1.2002067565753807,0.9782004459344444,1.2624210769569013,2.710551105811777,3.153549305182067,0.09803108301918062,-0.18618954800327625,0.17617671864440165,-0.2668214807258886,False,False,0.051887229632898,0.103774459265796,0.051842370765196086,0.10368474153039217
620,10.333333333333334,False,False,50.37410394642335,50.0,61.74705251978975,50.09089582664527,56.175082897699454,47.070458250905254,74.0,0.37410394642334666,2.9447476512096067,2.974195127721703,2.932050205496922,1.207961865919256,2.8028104757754964,1.2028762023413324,1.165722607864891,2.974195127721703,0.9763013864346267,1.2590357194040878,1.2016583038408044,0.9791367631282936,1.2640843576493832,2.707229156606869,3.1512198659882475,0.09836174978449219,-0.18658584473659745,0.17702473826654463,-0.2669659711148338,False,False,0.051842370765196086,0.10368474153039217,0.051797683611258735,0.10359536722251747
625,10.416666666666666,False,False,50.365108305698136,50.0,61.74453741789864,50.08197241059865,56.17448617920249,47.05018709055092,74.0,0.36510830569813635,2.9416124669453922,2.971028591614846,2.9292245112975586,1.2093217382236638,2.799430396422154,1.204308463589339,1.167049331333683,2.971028591614846,0.9772454642047631,1.2607155145886242,1.2030891149355285,0.9800694593518566,1.2657399019636522,2.7039199417711313,3.1488951482130463,0.09869057062996922,-0.1869798719818263,0.17786655659820028,-0.26710864984371474,False,False,0.051797683611258735,0.10359536722251747,0.05175317726484426,0.10350635452968852
630,10.5,False,False,50.356195686890096,50.0,61.74208534254522,50.07313193789015,56.17391846981225,47.0300779480885,74.0,0.3561956868900964,2.9384879023615076,2.9678727813851227,2.926407544992089,1.210662838642142,2.796109001049506,1.2057204114268525,1.168370205606707,2.9678727813851227,0.9781858153048532,1.2623873419313167,1.2044996332015672,0.9809985455434429,1.2673877781757248,2.7006232532715826,3.146575021100247,0.09901757256901789,-0.187371660063264,0.1787022397151241,-0.2672495281135401,False,False,0.05175317726484426,0.10350635452968852,0.05170886015003859,0.10341772030007718
635,10.583333333333334,False,False,50.34736608318123,50.0,61.73969534280986,50.06437440222347,56.173380060436834,47.01012923163463,74.0,0.3473660831812282,2.935373780003424,2.9647275178034582,2.9235991371859145,1.2119855512730662,2.792844670127895,1.207112476244269,1.1696852661780486,2.9647275178034582,0.9791224681987215,1.2640512898321774,1.205890288568071,0.9819240276220385,1.2690280483775747,2.697338899944559,3.1442593699859946,0.09934278219952608,-0.18776123855601012,0.17953185218253642,-0.2673886178588991,False,False,0.05170886015003859,0.10341772030007718,0.051664740061386806,0.10332948012277361
640,10.666666666666666,False,False,50.33861950545076,50.0,61.73736657194854,50.055699816309144,56.17287130228138,46.990339429733204,74.0,0.33861950545075814,2.932269938754887,2.961592638142436,2.920799134965277,1.2132902491748927,2.7896358332592563,1.2084850755794998,1.1709945431853066,2.961592638142436,0.9800554447113211,1.26570743882549,1.2072614981516836,0.9828459068751858,1.2706607688919143,2.6940667064512787,3.1419480952636296,0.09966622570660766,-0.1881486363101208,0.18035545712119383,-0.2675259316911571,False,False,0.051664740061386806,0.10332948012277361,0.05162082420138979,0.10324164840277958
645,10.75,False,False,50.3299559772314,50.0,61.73509827666596,50.04710820352429,56.172392598054316,46.970707103481324,74.0,0.3299559772313998,2.929176232805692,2.958467995133749,2.918007400857454,1.2145772947849036,2.7864809678089917,1.2098386146190216,1.1722980620717955,2.958467995133749,0.9809847606373837,1.2673558622172307,1.2086136667543999,0.9837641805877283,1.2722859909270874,2.6908065122889626,3.1396411114038276,0.09998792885529184,-0.18853388148406725,0.1811731162700787,-0.2676614828447863,False,False,0.05162082420138979,0.10324164840277958,0.051577119215682796,0.10315423843136559
650,10.833333333333334,False,False,50.32137553020132,50.0,61.732889787256646,50.03859959626204,56.17194439271026,46.951230878293806,74.0,0.3213755302013226,2.926092530674814,2.955353455981562,2.915223811846395,1.2158470403193715,2.7833785975579364,1.2111734866762647,1.1735958439250045,2.955353455981562,0.9819104263574387,1.2689966267290398,1.209947187273565,0.9846788423589269,1.2739037609196269,2.687558170854891,3.13733834602745,0.10030791699462238,-0.1889170015660776,0.18198489004588803,-0.26779528512667117,False,False,0.051577119215682796,0.10315423843136559,0.051533631225898824,0.10306726245179765
655,10.916666666666666,False,False,50.31287820016694,50.0,61.730740508551136,50.03017403019881,56.17152716616591,46.93190943732562,74.0,0.3128782001669421,2.923018714286215,2.952248901429077,2.91244825844117,1.2170998281560514,2.7803272913760826,1.2124900736484538,1.1748879059916455,2.952248901429077,0.9828324473613285,1.2706297930488826,1.211262441214376,0.9855898825896245,1.275514121046166,2.684321548560828,3.1350397390285476,0.10062621505452052,-0.18929802340202095,0.18279083759947046,-0.2679273528682491,False,False,0.051533631225898824,0.10306726245179765,0.05149036586054816,0.10298073172109631
660,11.0,False,False,50.30446402349399,50.0,61.72864991160968,50.021831541782475,56.17114142603913,46.91274151493271,74.0,0.30446402349399193,2.9199546780947583,2.949154224875706,2.9096806437946876,1.218335991199838,2.7773256619194444,1.213788746452969,1.1761742620308269,2.949154224875706,0.9837508247599595,1.2722554163691904,1.212559799129167,0.9864972888136321,1.277117109578911,2.681096523995357,3.13274524174508,0.10094284754808402,-0.1896769732171948,0.18359101686937374,-0.2680577008803491,False,False,0.05149036586054816,0.10298073172109631,0.05144732828388778,0.10289465656777556
665,11.083333333333334,False,False,50.29613303394882,50.0,61.72661752610877,50.01357216451602,56.17078770145957,46.89372589103858,74.0,0.29613303394881996,2.916900328259765,2.946069331542363,2.906920882870218,1.219555853232409,2.7743723643512364,1.2150698654442182,1.1774549227113766,2.946069331542363,0.9846655557425352,1.2738735468697509,1.213839620998124,0.9874010460716709,1.2787127612830336,2.6778829871317797,3.1304548161750096,0.10125783857165693,-0.19005387663970574,0.1843854846326467,-0.2681863444105832,False,False,0.05144732828388778,0.10289465656777556,0.0514045232230726,0.1028090464461452
670,11.166666666666666,False,False,50.28788525991425,50.0,61.724642933370475,50.0053959259493,56.170466537248835,46.87486138582349,74.0,0.2878852599142476,2.9138555818638356,2.942994137682474,2.904168901653395,1.2207597292466086,2.7714660950883196,1.2163337808119792,1.178729895965016,2.942994137682474,0.985576634008625,1.275484230174734,1.2151022566685699,0.9883011372428858,1.2803011077710182,2.674680838579293,3.128168434235505,0.10157121180600215,-0.19042875872213028,0.18517429655303097,-0.2683132991031809,False,False,0.0514045232230726,0.1028090464461452,0.05136195499362296,0.10272390998724593
675,11.25,False,False,50.27972072194697,50.0,61.7227257599871,49.99730284570363,56.17017848859882,46.856146854841256,74.0,0.2797207219469726,2.9108203661746717,2.9399285698364186,2.9014246364073992,1.221947925766302,2.7686055905736917,1.2175808329621096,1.1799991872806732,2.9399285698364186,0.9864840501702083,1.2770875077790167,1.2163480461917517,0.9891975433197596,1.281882177799823,2.671489988875293,3.125886077063101,0.10188299051914984,-0.1908016439609136,0.18595750722668258,-0.2684385809611256,False,False,0.05136195499362296,0.10272390998724593,0.05131962752329632,0.10263925504659265
680,11.333333333333334,False,False,50.27163943064697,50.0,61.72086567199784,49.989292933589674,56.16992411650471,46.837581184775146,74.0,0.27163943064697094,2.9077946179477148,2.9368725641271918,2.898688032969197,1.223120741152387,2.7657896260756285,1.2188113528804734,1.1812627999840788,2.9368725641271918,0.9873877921134828,1.27868341743362,1.2175773202181972,0.99009024366894,1.283455997553374,2.6683103578167087,3.12360773435274,0.10219319756929512,-0.19117255631513874,0.18673517022554842,-0.2685622063104831,False,False,0.05131962752329632,0.10263925504659265,0.05127754437458858,0.10255508874917715
685,11.416666666666666,False,False,50.26364138481082,50.0,61.71906236957606,49.98136618751383,56.16970398375313,46.8191632896655,74.0,0.26364138481081767,2.904778282767534,2.9338260655952095,2.8959590460847244,1.2242784658956174,2.7630170145139434,1.2200256624808925,1.1825207355173644,2.9338260655952095,0.9882878453290678,1.280271993498921,1.218790400349144,0.9909792162921467,1.2850225909245943,2.6651418738283983,3.1213334037337312,0.10250185540722989,-0.19154151922521767,0.18750733813852172,-0.26868419176681124,False,False,0.05127754437458858,0.10255508874917715,0.0512357087658359,0.1024714175316718
690,11.5,False,False,50.25572656984368,50.0,61.71731558218968,49.9735225911843,56.16951865118527,46.80089210737684,74.0,0.2557265698436808,2.901771314425962,2.9307890275702215,2.8932376387810645,1.2254213828968565,2.7602866053136683,1.2212240749378904,1.1837729937186579,2.9307890275702215,0.9891841932225416,1.2818532672775946,1.2199875994147533,0.9918644380871641,1.2865819797969866,2.661984473366688,3.119063090180714,0.10280898607832878,-0.19190855563149378,0.18827406261049262,-0.26880455420353355,False,False,0.0512357087658359,0.1024714175316718,0.051194123591091406,0.10238824718218281
695,11.583333333333334,False,False,50.24789495640623,50.0,61.7156250641991,49.965762114148525,56.169368674118765,46.78276659620777,74.0,0.2478949564062276,2.898773674335097,2.927761411078448,2.890523781773701,1.226549767735352,2.757597283286391,1.2224068950049551,1.185019572983956,2.927761411078448,0.9900768174105125,1.2834272673325005,1.2211692218987538,0.992745884995591,1.2881341842124514,2.6588381003562636,3.116796805457841,0.1031146112284953,-0.19227368798836508,0.1890353943793932,-0.26892331072218445,False,False,0.051194123591091406,0.10238824718218281,0.051152791438784664,0.10230558287756933
700,11.666666666666666,False,False,50.24014649927555,50.0,61.71399059085962,49.95808470943862,56.169254599719345,46.76478573229593,74.0,0.24014649927555354,2.8957853309733537,2.9247431842830873,2.8878174529070524,1.2276638889255886,2.754947967539332,1.2235744193189955,1.1862604705320063,2.9247431842830873,0.9909656979698634,1.2849940197571987,1.2223355640995124,0.99362353224985,1.2896792226378722,2.655702705658665,3.1145345675944545,0.10341875210586582,-0.19263693828215633,0.18979138331136713,-0.26904047862442226,False,False,0.051152791438784664,0.10230558287756933,0.05111171460937712,0.10222342921875424
705,11.75,False,False,50.23248113639956,50.0,61.71241195469777,49.95049031324991,56.16917696419721,46.74694850688811,74.0,0.23248113639955648,2.8928062593628443,2.921734321956473,2.8851186366265598,1.2287640081632534,2.7523376104121726,1.2247269366916704,1.1874956825661775,2.921734321956473,0.9918508136870197,1.2865535484459343,1.223486914569321,0.9944973545211254,1.291217112132144,2.6525782465707577,3.1122764003906034,0.10372142956596653,-0.19299832804505213,0.1905420784341305,-0.2691560753857152,False,False,0.05111171460937712,0.10222342921875424,0.05107089513189148,0.10214179026378296
710,11.833333333333334,False,False,50.22489878812718,50.0,61.71088896223328,49.942978844766195,56.16913629059397,46.72925392410742,74.0,0.22489878812717734,2.889836440576449,2.9187348049822135,2.8824273234806803,1.2298503805608154,2.7497651964415626,1.225864728388182,1.1887252044216166,2.9187348049822135,0.99273214227591,1.2881058753317929,1.2246235542608248,0.9953673260532335,1.2927478684986693,2.6494646863516014,3.1100223329508645,0.10402266407705274,-0.19335787836838303,0.191287527968651,-0.2692701186306121,False,False,0.05107089513189148,0.10214179026378296,0.05103033477957113,0.10206066955914227
715,11.916666666666666,False,False,50.2173993565974,50.0,61.709421431019614,49.93555020330899,56.16913308702757,46.71170099910642,74.0,0.2173993565973973,2.886875861273016,2.915744619885746,2.8797435096512327,1.230923254873203,2.747229741353152,1.2269880683941419,1.1899490308301301,2.915744619885746,0.993609660570397,1.2896510205988347,1.2257457568930932,0.9962334209099293,1.294271506550834,2.6463619937762273,3.107772399244957,0.10432247572070374,-0.19371560992020087,0.1920277793592109,-0.2693826261095187,False,False,0.05103033477957113,0.10206066955914227,0.05099003508459544,0.10198007016919088
720,12.0,False,False,50.20998272527181,50.0,61.708009186979005,49.92820427131564,56.16916784434828,46.69428875574331,74.0,0.20998272527180717,2.883924513259203,2.912763758391795,2.877067196510592,1.2319828737140317,2.7447302910809497,1.2280972236710592,1.1911671559054686,2.912763758391795,0.9944833447348457,1.2911890029118527,1.226853789171264,0.997095612953149,1.2957880401079838,2.643270142714909,3.105526637693748,0.10462088420251514,-0.19407154295231965,0.19276287930195268,-0.2694936156768861,False,False,0.05099003508459544,0.10198007016919088,0.050949997351984126,0.10189999470396825
725,12.083333333333334,False,False,50.20264875859664,50.0,61.70665206200865,49.92094091056567,56.169241035418224,46.67701622560454,74.0,0.2026487585966379,2.8809823930765552,2.909792217007321,2.8743983902043286,1.2330294737628207,2.742265920813714,1.2291924544009831,1.1923795734376381,2.909792217007321,0.9953531704014856,1.292719839572478,1.227947910991543,0.9979538761188547,1.2972974822885783,2.640189111736571,3.103285090779308,0.10491790885094021,-0.19442569731878345,0.1934928737719872,-0.26960310527074993,False,False,0.050949997351984126,0.10189999470396825,0.05091022267272004,0.10182044534544007
730,12.166666666666666,False,False,50.19539730178126,50.0,61.70534989183679,49.913759964247795,56.169353113186446,46.659882446041635,74.0,0.1953973017812629,2.878049501612474,2.906829996628599,2.8717371012579394,1.234063285963608,2.7398357340680843,1.230274014220807,1.1935862769076175,2.906829996628599,0.9962191128519874,1.294243546719021,1.2290283757487033,0.998808184423827,1.2987998455338745,2.637118883735065,3.101047804677725,0.10521356862625697,-0.19477809248379052,0.19421780804912592,-0.26971111289353367,False,False,0.05091022267272004,0.10182044534544007,0.05087071193613463,0.10174142387226925
735,12.25,False,False,50.188228180681115,50.0,61.704102514108996,49.90666125606562,56.169504509929595,46.64288645917598,74.0,0.18822818068111502,2.8751258437338083,2.9038771021711463,2.8690833442063948,1.2350845357153588,2.737438861788079,1.2313421504467108,1.1947872596345133,2.9038771021711463,0.9970811471453329,1.295760139472175,1.2300954304971583,0.9996585121000571,1.3002951417588131,2.634059445577086,3.0988148289134867,0.10550788212429985,-0.1951287475344562,0.19493772674234044,-0.2698176565940602,False,False,0.05087071193613463,0.10174142387226925,0.050831465841582504,0.10166293168316501
740,12.333333333333334,False,False,50.181141201774615,50.0,61.702909766686226,49.89964459047691,56.16969563635377,46.62602731079586,74.0,0.181141201774615,2.8722114279418567,2.900933542221275,2.8664371372452866,1.2360934430545383,2.7350744614705627,1.2323971042891946,1.1959825148638539,2.900933542221275,0.9979392482462737,1.2972696320808654,1.2311493162145326,1.0005048336725861,1.3017833824459644,2.631010787770583,3.0965862160342597,0.10580086758211049,-0.19547768119126774,0.19565267381298446,-0.26992275445069236,False,False,0.050831465841582504,0.10166293168316501,0.05079248490954082,0.10158496981908165
745,12.416666666666666,False,False,50.17413615222351,50.0,61.70177148613736,49.892709752188026,56.16992688091536,46.60930404943985,74.0,0.17413615222351098,2.8693062660476367,2.897999328708113,2.863798501902421,1.2370902228302099,2.7327417163162604,1.2334391110591434,1.1971720358853146,2.897999328708113,0.9987933911398017,1.2987720380537078,1.232190267962733,1.0013471240657883,1.3032645787675334,2.6279729041525624,3.094362021304979,0.10609254288221881,-0.19582491181952633,0.19636269259686578,-0.2700264245555508,False,False,0.05079248490954082,0.10158496981908165,0.05075376949202156,0.10150753898404312
750,12.5,False,False,50.16721280000789,50.0,61.70068750641047,49.88585650647848,56.17019860906879,46.592715725426366,74.0,0.16721280000788852,2.866410372866334,2.8950744765949974,2.861167462728771,1.2380750848719937,2.73043983440586,1.2344684003653297,1.1983558161062957,2.8950744765949974,0.9996435509439883,1.3002673702884202,1.2332185151222348,1.002185358667261,1.3047387416646121,2.624945791595251,3.0921423024202204,0.10638292555831641,-0.1961704574390346,0.19706782582522298,-0.2701286849997464,False,False,0.05075376949202156,0.10150753898404312,0.050715319782472776,0.10143063956494555
755,12.583333333333334,False,False,50.16037089412724,50.0,61.699657657668276,49.87908460067236,56.17051116279814,46.57626139012309,74.0,0.16037089412724015,2.863523765929896,2.892159003589195,2.8585440470077357,1.2390482341512068,2.7281680479007364,1.2354851963037499,1.1995338490666383,2.892159003589195,1.0004897030066038,1.301755641184623,1.2342342815677967,1.003019513335164,1.3062058818695153,2.6219294497296257,3.089927119233858,0.10667203280287696,-0.19651433573147425,0.19776811564466312,-0.27022955385956937,False,False,0.050715319782472776,0.10143063956494555,0.05067713582511616,0.10135427165023232
760,12.666666666666666,False,False,50.15361016486021,50.0,61.698681765273605,49.872393762060604,56.17086486072296,46.55994009569438,74.0,0.15361016486021128,2.860646465216804,2.8892529298689724,2.8559282844817417,1.2400098709354976,2.7259256122677864,1.2364897176391578,1.2007061286152112,2.8892529298689724,1.001331822973643,1.303236862728164,1.2352377858295314,1.0038495645614969,1.307666010083714,2.618923880685385,3.0877165335050893,0.10695988146850288,-0.19685656405371432,0.19846360363611693,-0.27032904918358724,False,False,0.05067713582511616,0.10135427165023232,0.05063921752382366,0.10127843504764732
765,12.75,False,False,50.14693032407546,50.0,61.697759648912744,49.8657837004294,56.171259997355314,46.54375089415544,74.0,0.1469303240754627,2.857778492898084,2.8863562778270646,2.853320207095237,1.2409601909372616,2.723711805527882,1.2374821779791696,1.201872648865765,2.8863562778270646,1.0021698868890987,1.3047110466063205,1.2362292413125489,1.0046754894229948,1.3091191369430466,2.6159290888464635,3.085510608659934,0.10724648807728165,-0.19719715944277016,0.1991543308328696,-0.27042718898060114,False,False,0.05063921752382366,0.10127843504764732,0.05060156465044863,0.10120312930089725
770,12.833333333333334,False,False,50.14033106558785,50.0,61.69689112184444,49.85925410704984,56.171696843385774,46.52769283727873,74.0,0.14033106558785136,2.8549198730986833,2.88346907182967,2.850719848753199,1.2418993854561204,2.7215259275274155,1.238462785941253,1.203033404314656,2.88346907182967,1.0030038712481446,1.3061782042760561,1.2372088564287425,1.0054972656879617,1.310565273138532,2.612945080621272,3.083309409567377,0.107531868823876,-0.19753613862669428,0.19984033773770715,-0.2705239912083979,False,False,0.05060156465044863,0.10120312930089725,0.050564176852797356,0.10112835370559471
775,12.916666666666666,False,False,50.13381206555365,50.0,61.69607599026397,49.8528046557741,56.17217564549309,46.51176497611351,74.0,0.13381206555364855,2.8520706316733953,2.880591337990129,2.8481272450943247,1.2428276415157287,2.7193672992324105,1.2394317453129433,1.2041883898555625,2.880591337990129,1.0038337530664765,1.3076383470480715,1.2381768347432172,1.0063148718240527,1.3120044294378248,2.6099718642268446,3.081113002329357,0.10781603958226227,-0.19787351803150988,0.2005216643392278,-0.27061947376328455,False,False,0.050564176852797356,0.10112835370559471,0.05052705366212589,0.10105410732425178
780,13.0,False,False,50.12737298289954,50.0,61.695314052772005,49.84643500248466,56.172696626491415,46.495966360788096,74.0,0.12737298289953713,2.8492307959965157,2.877723103956481,2.8455424332781005,1.243745141995162,2.717235262044662,1.2403892552055822,1.2053376008677787,2.877723103956481,1.0046595099321483,1.309091486153018,1.2391333751646472,1.007128287076997,1.313436616777286,2.6070094494861515,3.078921454083854,0.10809901590950721,-0.19820931379078166,0.20119835012737308,-0.27071365447032925,False,False,0.05052705366212589,0.10105410732425178,0.050490194500254736,0.10098038900050947
785,13.083333333333334,False,False,50.12101345978066,50.0,61.694605099938904,49.8401447875927,56.17325998521918,46.48029604010433,74.0,0.12101345978066291,2.8464003947645184,2.874864398712164,2.8429654517850027,1.2446520657551272,2.7151291771393677,1.2413355102018677,1.206481033157352,2.874864398712164,1.0054811200648748,1.3105376328148512,1.240078672091704,1.0079374914077663,1.3148618462122008,2.6040578476378746,3.0767348328203674,0.10838081305484892,-0.19854354174958555,0.2018704341082036,-0.2708065510742892,False,False,0.050490194500254736,0.10098038900050947,0.05045359868633301,0.10090719737266601
790,13.166666666666666,False,False,50.11473312206297,50.0,61.69394891395582,49.8339336337725,56.17386589726896,46.46475306182841,74.0,0.11473312206297237,2.8435794578110185,2.872015252389129,2.840396340229121,1.2455485877592252,2.7130484248237208,1.2422707004975067,1.2076186831189535,2.872015252389129,1.0062985623371814,1.3119767982856976,1.2410129155155574,1.0087424656423476,1.3162801290793067,2.6011170711579457,3.074553207207097,0.10866144596035321,-0.1988762174766059,0.2025379548179682,-0.27089818123118325,False,False,0.05045359868633301,0.10090719737266601,0.05041726544320751,0.10083453088641502
795,13.25,False,False,50.1085315798262,50.0,61.69334526836458,49.827801148939656,56.17451451465636,46.449336472114254,74.0,0.10853157982619877,2.840768015933364,2.869175696092698,2.8378351391825216,1.246434879190484,2.7109924039159066,1.2431950120372197,1.2087505476475873,2.869175696092698,1.007111816336761,1.3134089939216147,1.2419362911955887,1.009543191380798,1.3176914769183106,2.598187133592233,3.0723766464292055,0.1089409292707233,-0.19920735626678931,0.20320095033650754,-0.2709885625004649,False,False,0.05041726544320751,0.10083453088641502,0.050381193903515975,0.10076238780703195
800,13.333333333333334,False,False,50.10240842788337,50.0,61.69279392785908,49.82174692541158,56.17520596657328,46.43404531582239,74.0,0.10240842788336835,2.837966100730232,2.8663457617375343,2.8352818900107195,1.2473111075633738,2.7089605311439864,1.2441086266453616,1.2098766242268812,2.8663457617375343,1.007920862380824,1.3148342312100494,1.2428489807765346,1.0103396510764002,1.3190959015632266,2.5952680493997593,3.0702052200375523,0.1092192773363454,-0.19953697315048102,0.20385945830001795,-0.271077712337775,False,False,0.050381193903515975,0.10076238780703195,0.05034538311540572,0.10069076623081144
805,13.416666666666666,False,False,50.09636324631405,50.0,61.69229464815081,49.81577054087982,56.17594035960692,46.41887863640452,74.0,0.09636324631404847,2.835173744449611,2.863525481894107,2.832736634718656,1.2481774368315004,2.70695224056412,1.2450117221513797,1.2109969109290888,2.863525481894107,1.0087256815500185,1.3162525218165544,1.2437511619056296,1.011131828029929,1.3204934151485537,2.592359833805874,3.0680389978073253,0.10949650421946489,-0.19986508289915972,0.2045135159132183,-0.27116564808823274,False,False,0.05034538311540572,0.10069076623081144,0.05030983204803295,0.1006196640960659
810,13.5,False,False,50.090395601007515,50.0,61.69184717589306,49.809871558385574,56.17671777814936,46.40383547594868,74.0,0.09039560100751487,2.832390979846619,2.8607148896450854,2.8301994158065997,1.2490340274911673,2.704966982997596,1.2459044725103752,1.2121114064592349,2.8607148896450854,1.0095262557118405,1.3176638776207183,1.2446430083790347,1.0119197064265206,1.3218840301577817,2.589462502664847,3.065878049606027,0.10977262369854679,-0.20019170003271425,0.2051631599609416,-0.27125238698023857,False,False,0.05030983204803295,0.1006196640960659,0.050274539596673135,0.10054907919334627
815,13.583333333333334,False,False,50.084505044214076,50.0,61.69145124865689,49.80404952810956,56.17753828466583,46.388914875113365,74.0,0.08450504421407601,2.8296178400506156,2.8579140184511216,2.8276702761354366,1.2498810366809914,2.703004225486159,1.2467870479189382,1.2132201101109696,2.8579140184511216,1.0103225675475138,1.3190683107552634,1.2455246901857664,1.012703271287648,1.3232677593867521,2.586576072331365,3.0637224452703133,0.11004764927578248,-0.2005168388233216,0.20580842681919176,-0.2713379461197567,False,False,0.050274539596673135,0.10054907919334627,0.05023950458769972,0.10047900917539944
820,13.666666666666666,False,False,50.07869111510114,50.0,61.69110659495442,49.79830398661234,56.17840192047916,46.374115873488925,74.0,0.07869111510113669,2.8268543584410923,2.8551229020255033,2.825149258800839,1.250718618277739,2.7010634507651003,1.2476596149265042,1.214323021840146,2.8551229020255033,1.011114600555013,1.320465833621033,1.246396373727339,1.0134825085365307,1.3246446160201906,2.5837005595404547,3.0615722544911894,0.11032159418004461,-0.2008405133036153,0.20644935246568608,-0.2714223424850486,False,False,0.05023950458769972,0.10047900917539944,0.05020472578318399,0.10040945156636798
825,13.75,False,False,50.07295334031249,50.0,61.69081293430389,49.79263445820638,56.179308706017544,46.359437509523126,74.0,0.07295334031248757,2.8241005685318736,2.8523415742171925,2.822636407015822,1.2515469229885527,2.6991441567536096,1.2485223365424079,1.215420142235389,2.8523415742171925,1.011902339072282,1.3218564589218882,1.2472582218470507,1.0142574049644835,1.3260146136089337,2.5808359812953463,3.0594275467071053,0.11059447137354472,-0.2011627372709055,0.20708597248991278,-0.2715055929218462,False,False,0.05020472578318399,0.10040945156636798,0.05017020188535476,0.10034040377070952
830,13.833333333333334,False,False,50.067291234528334,50.0,61.69056997733209,49.787040455032134,56.18025864142135,46.34487882074536,74.0,0.06729123452833363,2.821356503863162,2.8495700689017935,2.820131764001226,1.252366098439722,2.6972458560618735,1.2493753723388343,1.216511472547527,2.8495700689017935,1.0126857682833796,1.3232401996822707,1.248110393947127,1.0150279482540296,1.3273777661036763,2.57798235476287,3.0572883910045237,0.1108662935561493,-0.20148352429349736,0.2077183221027301,-0.27158771413892335,False,False,0.05017020188535476,0.10034040377070952,0.05013593154076818,0.10027186308153636
835,13.916666666666666,False,False,50.0617043010246,50.0,61.69037742590984,49.781521477711365,56.18125170698148,46.3304388438567,74.0,0.061704301024597896,2.818622197901007,2.846808419880017,2.817635372883697,1.253176289262151,2.6953680755144447,1.2502188785498383,1.2175970146895907,2.846808419880017,1.0134648742296675,1.324617069269566,1.248953046120505,1.0157941269737791,1.3287340878602525,2.5751396971759757,3.055154856025544,0.1111370731706618,-0.20180288771581156,0.20834643614552695,-0.2716687227040415,False,False,0.05013593154076818,0.10027186308153636,0.05010191334431055,0.1002038266886211
840,14.0,False,False,50.05619203222956,50.0,61.69023497331689,49.77607701688936,56.18228786366635,46.316116614896906,74.0,0.056192032229560596,2.815897683943773,2.8440566607832105,2.8151472766007597,1.2539776371736637,2.6935103556893734,1.2510530081666156,1.2186767711926678,2.8440566607832105,1.0142396438154189,1.3259870814106214,1.2497863311947641,1.0165559305309104,1.3300835936022806,2.5723080257429425,3.0530270098821837,0.11140682240961275,-0.2021208406617574,0.20897034909897316,-0.271748635040268,False,False,0.05010191334431055,0.1002038266886211,0.05006814584295412,0.10013629168590824
845,14.083333333333334,False,False,50.05075391027674,50.0,61.690142304432214,49.770706551934964,56.183367054003654,46.301911169705804,74.0,0.05075391027673959,2.8131829950352443,2.841314824985597,2.812667517812563,1.2547702810582868,2.691672250472639,1.2518779110291784,1.2197507452941956,2.841314824985597,1.0150100647967908,1.3273502501913934,1.250610398849267,1.0173133492512425,1.3314262985111824,2.569487357562966,3.0509049200769733,0.11167555321698686,-0.20243739604295308,0.2095900950913765,-0.27182746742263086,False,False,0.05006814584295412,0.10013629168590824,0.050034627539368604,0.10006925507873721
850,14.166666666666666,False,False,50.045389407552335,50.0,61.690099095946934,49.76540955302421,56.184489202206414,46.2878215437697,74.0,0.045389407552335115,2.8104781638839804,2.83858294552282,2.8101961388199697,1.2555543570426353,2.6898533266274103,1.252693733914601,1.220818940864383,2.83858294552282,1.0157761258006832,1.3287065900862396,1.2514253957323036,1.0180663743035745,1.332762218160242,2.5666777095477378,3.0487886534294883,0.11194327729585907,-0.20275256656080853,0.21020570790666815,-0.2719052359750824,False,False,0.050034627539368604,0.10006925507873721,0.05000135689529641,0.10000271379059282
855,14.25,False,False,50.040097987236514,50.0,61.69010501659637,49.7601854810081,56.18565421497233,46.27384677262319,74.0,0.04009798723651414,2.807783222788587,2.8358610550164727,2.8077331814886133,1.2563299985695318,2.688053163377672,1.2535006206219768,1.2218813624356426,2.8358610550164727,1.016537816313838,1.330056115957221,1.2522314654757338,1.0188149977232823,1.334091368547715,2.563879098348694,3.046678276008506,0.11221000611207232,-0.20306636471236028,0.21081722099203315,-0.2719819566677786,False,False,0.05000135689529641,0.10000271379059282,0.04996833233481105,0.0999366646696221
860,14.333333333333334,False,False,50.03487910383716,50.0,61.69015972740891,49.75503378817806,56.186861982010996,46.25998589203191,74.0,0.03487910383716297,2.80509820356857,2.8331491856042557,2.8052786871785997,1.2570973364689717,2.6862713520057766,1.2542987120542373,1.2229380151878742,2.8331491856042557,1.0172951266817727,1.331398843063015,1.253028748841416,1.01955921239351,1.335413766087313,2.5610915402896204,3.0445738530694664,0.11247575089943895,-0.20337880279436416,0.2114246674652107,-0.2720576453146353,False,False,0.04996833233481105,0.0999366646696221,0.04993555224736122,0.09987110449472245
865,14.416666666666666,False,False,50.0297322037155,50.0,61.69026288196885,49.749953918686856,56.18811237664831,46.246237938242324,74.0,0.029732203715497008,2.802423137500469,2.8304473688754737,2.8028326966795434,1.2578564990265522,2.6845074954634836,1.255088146296961,1.2239889049484647,2.8304473688754737,1.0180480481030239,1.3327347870629096,1.2538173837944215,1.020299012040618,1.3367294276127502,2.5583150513043207,3.0424754489969503,0.11274052266428547,-0.20368989290784678,0.21202808012147667,-0.27213231757115297,False,False,0.04993555224736122,0.09987110449472245,0.049903014990695146,0.09980602998139029
870,14.5,False,False,50.02465672560258,50.0,61.69041412669091,49.74494530893762,56.18940525638524,46.232601948197896,74.0,0.024656725602582696,2.799758055258969,2.8277556358115588,2.8003952501506353,1.2586076120494707,2.6827612079960534,1.2558690586943064,1.2250340381922888,2.8277556358115588,1.018796572623912,1.3340639640211118,1.2545975055323197,1.0210343912297204,1.3380383703821739,2.5555496468790637,3.040383127251875,0.11300433218988504,-0.20399964696256845,0.21262749144031634,-0.27220598893249504,False,False,0.049903014990695146,0.09980602998139029,0.04987071889361275,0.0997414377872255
875,14.583333333333334,False,False,50.01965210110619,50.0,61.69061310110461,49.74000738856346,56.19074046342023,46.21907695972936,74.0,0.01965210110618898,2.7971029868627166,2.8250740167313437,2.797966387065469,1.2593507989301995,2.6810321147789864,1.256641581922194,1.2260734220122778,2.8250740167313437,1.019540693133513,1.3353863904110472,1.2553692465876793,1.0217653453319815,1.3393406120541542,2.5527953419995426,3.03829695032317,0.11326719004187646,-0.20430807668029627,0.2132229335918261,-0.2722786747318011,False,False,0.04987071889361275,0.0997414377872255,0.049838662258587726,0.09967732451717545
880,14.666666666666666,False,False,50.01471775520731,50.0,61.69085943814623,49.73513958013687,56.19211782534766,46.205662011892585,74.0,0.014717755207307448,2.7944579616245795,2.8224025412408253,2.795546146161356,1.260086180707929,2.679319851566994,1.257405846058851,1.2271070641488495,2.8224025412408253,1.0202804033500046,1.3367020831108283,1.2561327369159245,1.0224918705486585,1.3406361707202423,2.5500521511020984,3.0362169796836547,0.11352910657139281,-0.20461519360019098,0.21381443844282932,-0.27235039013872697,False,False,0.049838662258587726,0.09967732451717545,0.049806843364243264,0.09961368672848653
885,14.75,False,False,50.009853106746085,50.0,61.691152764456774,49.73034130102351,56.19353715555185,46.19235614506111,74.0,0.009853106746085416,2.791823008106094,2.819741238187155,2.7931345653928767,1.2608138761278802,2.677624064354815,1.2581619786528324,1.2281349729163322,2.819741238187155,1.021015697818583,1.3380110594100947,1.256888103924621,1.0232139638360707,1.3419250648382521,2.547320088028962,3.0341432757498987,0.11379009192191991,-0.20492100908026156,0.21440203756274379,-0.272421150158193,False,False,0.049806843364243264,0.09961368672848653,0.04977526046773183,0.09955052093546365
890,14.833333333333334,False,False,50.00505756889638,50.0,61.69149270068441,49.72561196148911,56.19499825410079,46.179158401430904,74.0,0.005057568896383202,2.789198154075871,2.81709013561663,2.7907316818894303,1.261534001698572,2.6759444090494875,1.2589101047886315,1.2291571573059719,2.81709013561663,1.0217465718872978,1.339313336994575,1.2576354725906187,1.0239316230006459,1.343207313335453,2.544599165987299,3.0320758978458313,0.1140501560294811,-0.20522553430532597,0.21498576222920152,-0.27249096962933095,False,False,0.04977526046773183,0.09955052093546365,0.04974391180694153,0.09948782361388306
895,14.916666666666666,False,False,50.000330549628856,50.0,61.69187886178971,49.720950968052385,56.1965009077202,46.16606782477703,74.0,0.00033054962885614714,2.7865834264717346,2.814449260736452,2.7883375319165653,1.2622466717471301,2.6742805511536982,1.2596503471499767,1.2301736268387777,2.814449260736452,1.0224730217203863,1.3406089339679546,1.2583749654746954,1.0246448465532234,1.344482935470827,2.5418893975118326,3.030014904169887,0.11430930863204924,-0.20552878028555432,0.21556564343343476,-0.27255986322461956,False,False,0.04974391180694153,0.09948782361388306,0.049712795602618334,0.09942559120523667
900,15.0,False,False,49.99567145216245,50.0,61.69231085735271,49.71635772154548,56.19804489094509,46.153083461176095,74.0,-0.004328547837552321,2.7839788513663746,2.8118186398800384,2.78595215084086,1.262951998472722,2.67263216545985,1.2603828260809102,1.2311843916685303,2.8118186398800384,1.0231950442612114,1.3418978688231582,1.2591067027801275,1.0253536338042621,1.3457519509380689,2.5391907944308505,3.0279603517654836,0.11456755926953854,-0.2058307578642682,0.21614171188544518,-0.27262784544918794,False,False,0.049712795602618334,0.09942559120523667,0.04968191006040086,0.09936382012080172
905,15.083333333333334,False,False,49.99107967540368,50.0,61.69278829188031,49.711831619490354,56.199629966275964,46.14020435891886,74.0,-0.008920324596317641,2.781384453936329,2.8091982984756925,2.783575573098167,1.2636500919981912,2.6709989357544908,1.261107659644752,1.2321894624787728,2.8091982984756925,1.0239126372359848,1.3431801604542435,1.2598308024551899,1.026057984760805,1.3470143797701626,2.5365033678353983,3.0259122964946505,0.11482491729138977,-0.20613147771796791,0.21671399801895808,-0.27269493064029415,False,False,0.04968191006040086,0.09936382012080172,0.04965125337269596,0.09930250674539191
910,15.166666666666666,False,False,49.9865546143738,50.0,61.69331076511306,49.707372054737895,56.201255885076584,46.12742956903198,74.0,-0.013445385626198458,2.778800258434088,2.8065882610184287,2.781207832165024,1.2643410604199727,2.6693805545327667,1.2618249636810268,1.2331888505563893,2.8065882610184287,1.0246257991254586,1.3444558281360743,1.2605473802224425,1.026757900193513,1.3482702424138702,2.5338271280514784,3.0238707930146123,0.1150813918574809,-0.2064309503628763,0.21728253199618353,-0.27276113296695037,False,False,0.04965125337269596,0.09930250674539191,0.049620823720481225,0.09924164744096245
915,15.25,False,False,49.98209566062374,50.0,61.6938778723306,49.7029784165654,56.20292238773041,46.11475814519801,74.0,-0.01790433937625835,2.7762262881631528,2.8039885510447844,2.778848960533045,1.2650250098563482,2.66777672272255,1.2625348518604518,1.2341825677474572,2.8039885510447844,1.0253345291668656,1.345724891534072,1.261256549651944,1.0274533815904503,1.3495195596908005,2.5311620846150915,3.021835894757169,0.11533699194334335,-0.20672918615700686,0.21784734371238468,-0.2728264664296929,False,False,0.049620823720481225,0.09924164744096245,0.04959061927502793,0.09918123855005587
920,15.333333333333334,False,False,49.97770220263665,50.0,61.6944892046544,49.6986500920634,56.20462920414413,46.102189143962214,74.0,-0.02229779736335047,2.773662565455872,2.801399191110431,2.7764989896861305,1.26570204449413,2.6661871494179303,1.2632374357380536,1.2351706263983853,2.801399191110431,1.026038827340484,1.3469873706984186,1.2619584221758942,1.0281444310967716,1.3507623527442287,2.528508246249933,3.019807653910696,0.11559172634584347,-0.2070261953016137,0.21840846280026494,-0.27289094486049814,False,False,0.04959061927502793,0.09918123855005587,0.04956063819950101,0.09912127639900202
925,15.416666666666666,False,False,49.97337362621811,50.0,61.695144349347615,49.694386465339285,56.206376054626396,46.0897216252486,74.0,-0.02662637378188748,2.771109111653895,2.798820202770434,2.7741579500803146,1.2663722666338137,2.6646115516217526,1.2639328248045008,1.2361530394000602,2.798820202770434,1.0267386943396566,1.3482432860415539,1.2626531071618503,1.028831051553653,1.3519986430850017,2.525865620847619,3.0177861214046247,0.11584560368494157,-0.2073219878464072,0.2189659186341908,-0.27295458192281474,False,False,0.04956063819950101,0.09912127639900202,0.049530878650500265,0.09906175730100053
930,15.5,False,False,49.969109314873975,50.0,61.69584289011091,49.690186917633945,56.208162650186246,46.077354652406044,74.0,-0.030890685126024664,2.768565947091092,2.7962516065620027,2.771825871126122,1.2670357767332838,2.663049653996894,1.2646211265357248,1.2371298201878471,2.7962516065620027,1.0274341315644357,1.3494926583391251,1.2633407120005815,1.0295132464947976,1.3532284525948641,2.523234215450281,3.0157713468962455,0.11609863240701701,-0.20761657369304953,0.21951974033424282,-0.2730173911117215,False,False,0.049530878650500265,0.09906175730100053,0.04950133877950113,0.09900267755900226
935,15.583333333333334,False,False,49.96490865017576,50.0,61.69658440737393,49.68605082927625,56.209988692782105,46.06508729221712,74.0,-0.035091349824242,2.766033091078793,2.7936934219895813,2.769502781173263,1.267692673450117,2.6615011886259814,1.2653024464408977,1.2381009826532956,2.7936934219895813,1.0281251411166306,1.3507355087321924,1.2640213420767852,1.0301910200580093,1.354451803444707,2.520614036235384,3.0137633787597036,0.11635082079141146,-0.20790996259528627,0.2200699567701223,-0.2730793857541971,False,False,0.04950133877950113,0.09900267755900226,0.04947201673421281,0.09894403346842562
940,15.666666666666666,False,False,49.96077101211394,50.0,61.6973684785819,49.681977578532226,56.211853876218484,46.0529186154387,74.0,-0.03922898788606233,2.763510561893208,2.79114566751214,2.767188707497544,1.2683430536825466,2.659965894779266,1.265976888108837,1.2390665412030013,2.79114566751214,1.0288117257669642,1.3519718587013743,1.264695100871586,1.0308643770385035,1.355668718154409,2.518005088502645,3.011762264077043,0.11660217695140762,-0.20820216416449777,0.22061659656490296,-0.2731405790094952,False,False,0.04947201673421281,0.09894403346842562,0.04944291065988829,0.09888582131977658
945,15.75,False,False,49.95669577943895,50.0,61.6981946784766,49.67796654229502,56.21375788636236,46.04084769679073,74.0,-0.04330422056104766,2.7609983767649005,2.7886083605325496,2.764883676289844,1.268987012609141,2.65844351869038,1.2666445532528994,1.2400265107291761,2.7886083605325496,1.0294938889501948,1.3532017300688148,1.2653620900211082,1.0315333228572885,1.3568792195676036,2.5154073766629343,3.0097680486311984,0.11685270883842747,-0.20849318787188764,0.22115968809864883,-0.2732009838696152,False,False,0.04944291065988829,0.09888582131977658,0.04941401870053086,0.09882803740106172
950,15.833333333333334,False,False,49.952682329990296,50.0,61.699062579371706,49.674017097069736,56.21570040152817,46.02887361508577,74.0,-0.047317670009704216,2.7584965518701883,2.78608151738889,2.7625877126470666,1.2696246437272471,2.6569338133396925,1.2673055417544268,1.2409809065655009,2.78608151738889,1.0301716347525751,1.3544251449923381,1.2660224092725458,1.0321978635154463,1.35808333081221,2.5128209042290184,3.0077807769007845,0.11710242424670914,-0.20878304305005457,0.2216992595118943,-0.2732606131598718,False,False,0.04941401870053086,0.09882803740106172,0.04938533900006713,0.09877067800013425
955,15.916666666666666,False,False,49.94873004101333,50.0,61.69997175142191,49.67012861840232,56.21768109312389,46.016995453574395,74.0,-0.05126995898667275,2.756005102324358,2.7835651533476016,2.760300840564901,1.2702560388902504,2.6554365382450245,1.2679599517048108,1.2419297445165558,2.7835651533476016,1.0308449678877563,1.3556421259478981,1.2666761566452351,1.0328580056193117,1.359281075331726,2.510245673808063,3.005800492056609,0.11735133081517013,-0.20907173889724406,0.22223533870900747,-0.2733194795395386,False,False,0.04938533900006713,0.09877067800013425,0.04935686970338398,0.09871373940676796
960,16.0,False,False,49.94483828946485,50.0,61.70092176288564,49.66630048184009,56.21969962590589,46.00521229997484,74.0,-0.05516171053515251,2.753524042176575,2.781059282598341,2.7580230829323362,1.2708812883436937,2.653951459259451,1.268607879446213,1.2428730408136746,2.781059282598341,1.0315138936886314,1.3568526957278344,1.2673234283720831,1.0335137563348855,1.3604724768456211,2.507681687095756,3.0038272359597604,0.11759943603194656,-0.20935928447878904,0.2227679533614193,-0.273377595502585,False,False,0.04935686970338398,0.09871373940676796,0.04932860895742665,0.0986572179148533
965,16.083333333333332,False,False,49.94100645230669,50.0,61.70191218038101,49.662532062647244,56.221755658488995,45.9935232467137,74.0,-0.05899354769331211,2.751053384406396,2.77856391825046,2.7557544615277583,1.271500480760306,2.6524783483759573,1.2692494196110138,1.2438108121296592,2.77856391825046,1.0321784180879356,1.3580568774277335,1.2679643189727814,1.034165123398975,1.3616575593663294,2.5051289448719807,3.001861049161211,0.11784674723667021,-0.20964568873068412,0.2232971309107512,-0.2734349733784791,False,False,0.04932860895742665,0.0986572179148533,0.04930055491211219,0.09860110982422438
970,16.166666666666668,False,False,49.93723390678787,50.0,61.702942569134876,49.65882273674349,56.22384884362876,45.981927390984,74.0,-0.062766093212133,2.748593140921769,2.7760790723309867,2.753494997016596,1.272113703273984,2.651016983538706,1.26988466516004,1.244743075534634,2.7760790723309867,1.0328385476079693,1.3592546944422865,1.2685989213416633,1.0348121150737324,1.3628363471595137,2.5025874469979215,2.9999019709028145,0.1180932716248797,-0.20993096046090165,0.2238228985718278,-0.27349162533306526,False,False,0.04930055491211219,0.09860110982422438,0.049272705721235224,0.09854541144247045
975,16.25,False,False,49.933520030715876,50.0,61.70401249322507,49.65517188070765,56.225978828761214,45.97042383501585,74.0,-0.06647996928412425,2.7461433225584417,2.773604755784026,2.751244708950368,1.2727210415127577,2.649567148460693,1.2705137074195998,1.2456698484960453,2.773604755784026,1.0334942893390326,1.3604461704497233,1.2692273267037764,1.0354547401437528,1.3640088647467634,2.500057192414528,2.9979500391196163,0.11833901625071808,-0.2102151083522925,0.22434528333559012,-0.27354756336949837,False,False,0.049272705721235224,0.09854541144247045,0.049245059543370974,0.09849011908674195
980,16.333333333333332,False,False,49.92986420271662,50.0,61.705121515815215,49.6515788717726,56.22814525638985,45.95901168622569,74.0,-0.0701357972833776,2.743703939080677,2.7711409784714838,2.749003615767072,1.2733225796307939,2.6481286324475626,1.2711366361173995,1.2465911488786605,2.7711409784714838,1.0341456509238698,1.3616313294021243,1.269849624702738,1.0360930079132324,1.3651751369082332,2.497538179142234,2.9960052904433896,0.1185839880295727,-0.21049814096542807,0.22486431197190582,-0.2736027993292498,False,False,0.049245059543370974,0.09849011908674195,0.04921761454263492,0.09843522908526985
985,16.416666666666668,False,False,49.92626580248372,50.0,61.70626919938233,49.64804308811987,56.2303477643448,45.94769005726424,74.0,-0.07373419751628063,2.741274999183196,2.768687749175028,2.746771734792812,1.273918400339468,2.6467012302273765,1.27175353941737,1.247506994929854,2.768687749175028,1.034792640547107,1.3628101955206018,1.2704659033860937,1.0367269281890195,1.366335188671057,2.495030404281868,2.994067760207319,0.11882819374120301,-0.2107800667408346,0.225380011032291,-0.2736573448931603,False,False,0.04921761454263492,0.09843522908526985,0.04919036888945631,0.09838073777891262
990,16.5,False,False,49.922724211017155,50.0,61.70745510593719,49.64456390947391,56.23258598608899,45.93645806610582,74.0,-0.07727578898284548,2.7388565104942706,2.766245075599213,2.7445490822445935,1.2745085849375366,2.645284741786118,1.2723645039534495,1.2484174052501749,2.766245075599213,1.0354352669223401,1.363982793288004,1.2710762493371022,1.037356511249555,1.367489045283533,2.492533864016667,2.992137482451752,0.11907164003335824,-0.21106089400061978,0.22589240685253875,-0.2737112115825462,False,False,0.04919036888945631,0.09838073777891262,0.04916332076128064,0.09832664152256128
995,16.583333333333332,False,False,49.919238810851695,50.0,61.70867879723726,49.64114071768819,56.23485955118103,45.92531483626779,74.0,-0.08076118914830488,2.736448479579881,2.76381296437568,2.7423356732342095,1.2750932133404527,2.643878972208748,1.2729696148623628,1.249322398763916,2.76381296437568,1.0360735392722682,1.3651491474345447,1.2716807475722363,1.0379817678138705,1.368636732189256,2.4900485536153223,2.9902144899309486,0.11931433342534015,-0.2113406309500454,0.2264015255552687,-0.2737644107603576,False,False,0.04916332076128064,0.09832664152256128,0.04913646834324412,0.09827293668648825
1000,16.666666666666668,False,False,49.91580898627513,50.0,61.709939834992426,49.63777289517029,56.2371680857899,45.91425949707465,74.0,-0.08419101372486892,2.734050911948873,2.761391421068362,2.7401315217731357,1.2756723641088494,2.6424837315256,1.2735689558154428,1.2502219947926916,2.761391421068362,1.0367074673063064,1.3663092829207955,1.2722794817022534,1.0386027091098065,1.3697782751003553,2.4875744674359903,2.9882988141207476,0.11955628030766374,-0.21161928568288513,0.2269073930523855,-0.2738169536323718,False,False,0.04913646834324412,0.09827293668648825,0.04910980982878834,0.09821961965757668
1005,16.75,False,False,49.912434123536634,50.0,61.711237781063,49.63445982730114,56.23951121250261,45.903291183350355,74.0,-0.08756587646336556,2.73166381205905,2.7589804501796404,2.737936640778369,1.2762461144762327,2.6410988345639392,1.274162609049518,1.2511162129377136,2.7589804501796404,1.0373370612277018,1.367463224950059,1.272872533873624,1.0392193467581214,1.3709136998865203,2.485111598931205,2.9863904852271177,0.11979748694880676,-0.21189686617959214,0.22741003504747725,-0.2738688512484355,False,False,0.04910980982878834,0.09821961965757668,0.04908334342023938,0.09816668684047876
1010,16.833333333333332,False,False,49.90911361104551,50.0,61.71257219765085,49.631200901155175,56.241888551065614,45.89240903587217,74.0,-0.09088638895448753,2.7292871833241183,2.7565800551573596,2.735751042079161,1.2768145403759001,2.639724100804508,1.274750655396921,1.2520050731386527,2.7565800551573596,1.037962331700995,1.3686109989409827,1.2734599848271047,1.0398316928266493,1.3720430326339652,2.482659940653619,2.9844895321954827,0.12003795949531249,-0.2121733803120034,0.22790947703812314,-0.27392011450374065,False,False,0.04908334342023938,0.09816668684047876,0.0490570673293534,0.0981141346587068
1015,16.916666666666668,False,False,49.905846839560695,50.0,61.71394264748294,49.6279955069832,56.24429971850241,45.88161220132018,74.0,-0.09415316043930488,2.726921028121446,2.7541902384026606,2.7335747364245506,1.2773777164671283,2.6383593542428696,1.2753331743146274,1.2528885956000615,2.7541902384026606,1.0385832898455059,1.36975263052608,1.2740419139563075,1.0404397597570132,1.3731662995768459,2.480219484262525,2.982595982720805,0.12027770397678439,-0.2124488358430483,0.22840574431814442,-0.2739707541401355,False,False,0.0490570673293534,0.0981141346587068,0.049030979777839406,0.09806195955567881
1020,17.0,False,False,49.90263320237083,50.0,61.715348693987835,49.62484303661516,56.24674432968301,45.87089983259649,74.0,-0.09736679762917078,2.724565347800562,2.7518110012785675,2.731407733491665,1.2779357161606462,2.6370044232553953,1.2759102439125838,1.2537668008649507,2.7518110012785675,1.0391999472094984,1.3708881455308195,1.2746183992784155,1.041043560433053,1.374283527170292,2.477790220531106,2.9807098632583506,0.12051672630534127,-0.21272324043189772,0.22889886197978315,-0.2740207807474615,False,False,0.049030979777839406,0.09806195955567881,0.049005078997795465,0.09801015799559093
1025,17.083333333333332,False,False,49.89947209546568,50.0,61.71678990146488,49.62174288493256,56.249221997173194,45.860271088561966,74.0,-0.10052790453431726,2.7222201426923425,2.749442344119266,2.729250041894728,1.2784886116434264,2.6356591404697225,1.2764819409812402,1.2546397097412136,2.749442344119266,1.0398123157745085,1.3720175699827797,1.275189517507397,1.0416431081076407,1.3753947420217254,2.4753721393543384,2.9788311990350853,0.12075503228051176,-0.21299660163357292,0.22938885491581917,-0.2740702047649277,False,False,0.049005078997795465,0.09801015799559093,0.04897936323217396,0.09795872646434792
1030,17.166666666666668,False,False,49.896362917698994,50.0,61.718265835246704,49.61869445010558,56.25173233167245,45.849725134253646,74.0,-0.10363708230100599,2.7198854121188405,2.7470842662400288,2.727101669194712,1.2790364739028135,2.6343233426395316,1.2770483410183158,1.2555073432869086,2.7470842662400288,1.0404204079346056,1.3731409300956283,1.275755344068648,1.042238416386206,1.3764999708787946,2.4729652297575258,2.976960014061656,0.120992627591886,-0.21326892690070265,0.22987574782162712,-0.274119036482503,False,False,0.04897936323217396,0.09795872646434792,0.048953830735201216,0.09790766147040243
1035,17.25,False,False,49.89330507094254,50.0,61.719776061854304,49.61569713290487,56.254274942441484,45.839261141096245,74.0,-0.10669492905746125,2.717561154403698,2.744736765947735,2.724962621909591,1.2795793727500242,2.6329968705234927,1.2776095182548377,1.2563697228396906,2.744736765947735,1.0410242364758742,1.374258252253215,1.2763159531136354,1.042829499252813,1.3775992406597624,2.470569479905404,2.975096331144915,0.12122951782007174,-0.21354022358687752,0.2303595651971797,-0.274167286042331,False,False,0.048953830735201216,0.09790766147040243,0.048928479772701365,0.09785695954540273
1040,17.333333333333332,False,False,49.89029796023249,50.0,61.72132014914576,49.61275033754514,56.2568494373471,45.828878286805256,74.0,-0.10970203976751236,2.715247366883101,2.742399840551932,2.722832905525159,1.2801173768430287,2.631679568768223,1.2781655456804681,1.2572268699726648,2.742399840551932,1.041623814571863,1.375369563009543,1.2768714175784681,1.0434163710254512,1.3786925784130157,2.4681848771117587,2.973240171900923,0.12146570844035098,-0.2138104989472136,0.23084033134899107,-0.27421496344017315,False,False,0.048928479772701365,0.09785695954540273,0.048903308622504645,0.09780661724500929
1045,17.416666666666668,False,False,49.887340993907564,50.0,61.722897666457946,49.609853471603465,56.259455423203704,45.81857575553328,74.0,-0.11265900609243573,2.712944045917229,2.740073486376401,2.720712524506341,1.280650553708847,2.6303712857951296,1.2787164950681587,1.2580788064943864,2.740073486376401,1.0422191557663292,1.3764748890759315,1.2774218091253262,1.0439990463538693,1.3797800113190328,2.46581140784954,2.9713915567684124,0.12170120482464641,-0.2140797601405171,0.23131807039201124,-0.27426207852686124,False,False,0.048903308622504645,0.09780661724500929,0.04887831557472935,0.0977566311494587
1050,17.5,False,False,49.88443358373967,50.0,61.724508184741865,49.60700594593445,56.26209250600644,45.808352737930825,74.0,-0.11556641626032871,2.710651186902165,2.737757698771187,2.7186014823089764,1.2811789697652725,2.6290718736909913,1.2792624369981382,1.2589255544488607,2.737757698771187,1.0428102739603864,1.3775742573124876,1.2779671983035314,1.0445775402174575,1.3808615666923,2.463449057761413,2.9695505050226574,0.12193601224343942,-0.21434801423140315,0.23179280625147047,-0.2743086410097737,False,False,0.04887831557472935,0.0977566311494587,0.048853498932095306,0.09770699786419061
1055,17.583333333333332,False,False,49.88157514505697,50.0,61.726151276691446,49.60420717488937,56.264760291064796,45.79820843112875,74.0,-0.11842485494302935,2.7083687842822135,2.7354524721250355,2.7164997813920353,1.2817026903420488,2.6277811881021464,1.279803440881282,1.2597671361008271,2.7354524721250355,1.0433971834037055,1.3786676947235392,1.278507654417763,1.0451518679090033,1.3819372719690282,2.4610978116707174,2.9677170347897155,0.12217013586820102,-0.21461526819182386,0.23226456266467999,-0.2743546604543181,False,False,0.048853498932095306,0.09770699786419061,0.04882885701017852,0.09765771402035704
1060,17.666666666666668,False,False,49.87876509685986,50.0,61.72782651686603,49.601456576838565,56.26745838319977,45.78814203877446,74.0,-0.12123490314014163,2.7060968315625966,2.7331577998782226,2.7144074232302167,1.2822217797015183,2.626499088132171,1.2803395749818633,1.2606035739063282,2.7331577998782226,1.0439798986828925,1.3797552284501569,1.2790432456891268,1.045722045004329,1.383007154680652,2.458757653592787,2.9658911630610048,0.12240358077432378,-0.21488152890199919,0.23273336318278215,-0.27440014628543574,False,False,0.04882885701017852,0.09765771402035704,0.04880438813767017,0.09760877627534034
1065,17.75,False,False,49.876002861929976,50.0,61.72953348180682,49.59875357438425,56.27018638710109,45.77815277120014,74.0,-0.123997138070024,2.7038353213224955,2.7308736745357205,2.7123244083268956,1.282736301058757,2.6252254362429053,1.2808709064397215,1.2614348904979944,2.7308736745357205,1.0445584347029584,1.3808368857556697,1.2795740391819437,1.0462880873461318,1.3840712424414634,2.4564285667466144,2.964072905708183,0.122636351943469,-0.21514680315186263,0.23319923117246244,-0.27444510778910614,False,False,0.04880438813767017,0.09760877627534034,0.04878009065660149,0.09756018131320297
1070,17.833333333333332,False,False,49.873287866932365,50.0,61.73127175014727,49.596097592732264,56.272943907630555,45.76823984554943,74.0,-0.12671213306763462,2.701584245228397,2.728600087680681,2.7102507362273984,1.2832463166012154,2.623960098158732,1.2813975012918677,1.262261108758621,2.728600087680681,1.0451328066709393,1.3819126940132564,1.280100100862319,1.0468500111128711,1.3851295630211982,2.4541105335668125,2.9622622774983007,0.12286845426257709,-0.21541109764574995,0.23366218981761966,-0.27448955411386855,False,False,0.04878009065660149,0.09756018131320297,0.048755962922530274,0.09751192584506055
1075,17.916666666666668,False,False,49.87061954251124,50.0,61.73304090271755,49.59348806204643,56.275730549464896,45.75840248537111,74.0,-0.12938045748875737,2.6993435940477166,2.7263370299881937,2.7081864055325564,1.2837518875078866,2.6227029427739774,1.2819194244935388,1.263082251703445,2.7263370299881937,1.04570303010735,1.3829826807212773,1.2806214956274289,1.0474078327035272,1.3861821442334226,2.451803535715846,2.960459292109188,0.12309989252997755,-0.2156744189999178,0.2341222621209944,-0.27453349427234786,False,False,0.048755962922530274,0.09751192584506055,0.04873200330474153,0.09746400660948305
1080,18.0,False,False,49.86799732337949,50.0,61.73484052264354,49.590924416735184,56.278545917725125,45.748639921014494,74.0,-0.1320026766205089,2.697113357662665,2.724084491239292,2.7061314139125168,1.2842530739680105,2.6214538420633238,1.2824367399387278,1.263898342509574,2.724084491239292,1.0462691208158073,1.3840468734766929,1.281138287290878,1.0479615687640642,1.3872290139655454,2.4495075540965066,2.9586639621450614,0.12333067145597143,-0.2159367737455098,0.23457947090576958,-0.2745769371427853,False,False,0.04873200330474153,0.09746400660948305,0.04870821018641296,0.09741642037282593
1085,18.083333333333332,False,False,49.86542064840182,50.0,61.73667019543999,49.588406095043474,56.28138961819695,45.73895138969502,74.0,-0.1345793515981768,2.6948935250843387,2.721842460335182,2.704085758120784,1.2847499351993343,2.6202126709951457,1.28294951048021,1.2647094045307041,2.721842460335182,1.046831094869849,1.3851052999655984,1.281650538655913,1.048511236199771,1.3882702001946283,2.4472225688646083,2.956876299152305,0.1235607956639242,-0.21619816833093308,0.23503383881712292,-0.27461989147057375,False,False,0.04870821018641296,0.09741642037282593,0.04868458196472493,0.09736916392944986
1090,18.166666666666668,False,False,49.862888960672514,50.0,61.73852950909859,49.58593253925633,56.284261257299896,45.72933613535892,74.0,-0.13711103932748614,2.6926840844669933,2.719610925311663,2.7020494340084564,1.285242529465943,2.6189793074476397,1.2834577979490693,1.2655154612824027,2.719610925311663,1.0473889686103024,1.386157987964233,1.2821583115007797,1.0490568521593,1.3893057309748236,2.4449485594418663,2.9550963136354205,0.1237902696924209,-0.21645860912310266,0.23548538832375732,-0.27466236586979687,False,False,0.04868458196472493,0.09736916392944986,0.0486611170510478,0.0973222341020956
1095,18.25,False,False,49.860401707587094,50.0,61.74041805417057,49.583503196206614,56.287160442163284,45.71979340863624,74.0,-0.13959829241290578,2.690485023122489,2.717389873353714,2.700022436538643,1.285730914095675,2.617753632127677,1.283961663173759,1.266316536412678,2.717389873353714,1.0479427586380656,1.3872049653353105,1.2826616665640813,1.0495984340045825,1.3903356344106166,2.4426855045289417,2.9533240150731057,0.12401909799793853,-0.21671810240809553,0.23593414171939164,-0.27470436882477234,False,False,0.0486611170510478,0.0973222341020956,0.048637813871001426,0.09727562774200285
1100,18.333333333333332,False,False,49.85795834090878,50.0,61.742335423844494,49.58111751778093,56.29008678091344,45.71032246696723,74.0,-0.14204165909121969,2.6882963275348724,2.7151792908102212,2.698004759801024,1.2862151454971322,2.6165355284922556,1.2844611659987015,1.2671126536725479,2.7151792908102212,1.0484924817978667,1.3882462600152667,1.2831606636472772,1.050135999280777,1.3913599386300237,2.440433382118634,2.9515594119344475,0.12424728495747583,-0.21697665439177083,0.23638012112422624,-0.2747459086915871,False,False,0.048637813871001426,0.09727562774200285,0.04861467086457597,0.09722934172915194
1105,18.416666666666668,False,False,49.855558316829594,50.0,61.74428121401888,49.57877495897688,56.29303988304014,45.700922574793815,74.0,-0.14444168317040607,2.686117983375081,2.7129791632088316,2.6959963970265406,1.2866952791763058,2.6153248826724864,1.2849563653024467,1.2679038370043327,2.7129791632088316,1.0490381551586099,1.389281899998014,1.2836553615707544,1.0506695657995875,1.3923786718710998,2.4381921695091893,2.949802511695207,0.12447483486676703,-0.21723427120474526,0.23682334848637554,-0.2747869936996423,False,False,0.04861467086457597,0.09722934172915194,0.048591686486205425,0.09718337297241085
1110,18.5,False,False,49.85320109602648,50.0,61.7462550233703,49.5764749802434,56.2960193589656,45.69159300310907,74.0,-0.1467989039735187,2.6839499755157425,2.7107894752709,2.6939973406021984,1.2871713697528202,2.614121583400015,1.2854473190154003,1.2686901104239314,2.7107894752709,1.049579796027434,1.3903119133523294,1.284145818188472,1.051199151524285,1.3933918623700736,2.435961843317708,2.948053320854177,0.12470175194614219,-0.21749095889964654,0.23726384558327673,-0.27482763195319215,False,False,0.048591686486205425,0.09718337297241085,0.048568859204842225,0.09713771840968445
1115,18.583333333333332,False,False,49.850886143712515,50.0,61.7482564534167,49.57421704675973,56.29902482060792,45.682333029812185,74.0,-0.1491138562874852,2.6817922880460543,2.7086102109265147,2.6920075820859424,1.2876434709758164,2.6129255219357734,1.2859340841371425,1.2694714980502522,2.7086102109265147,1.0501174219216123,1.391336328197022,1.284632090475816,1.0517247745964269,1.3943995383911172,2.4337423794936375,2.946311844949582,0.12492804034086502,-0.21774672345382529,0.23770163402306732,-0.2748678314328772,False,False,0.048568859204842225,0.09713771840968445,0.048546187504004266,0.09709237500800853
1120,18.666666666666668,False,False,49.84861292968348,50.0,61.750285108576385,49.57200062771488,56.302055881549876,45.673141939746294,74.0,-0.15138707031651677,2.6796449042867203,2.7064413533295877,2.6900271122216095,1.2881116357394806,2.6117365920010207,1.2864167167533413,1.2702480241346439,2.7064413533295877,1.0506510505571134,1.3923551726926828,1.2851142344271012,1.052246453362613,1.3954017282560884,2.431533753332329,2.94457808857553,0.12515370412144455,-0.21800157077203086,0.23813673524594225,-0.2749075999972588,False,False,0.048546187504004266,0.09709237500800853,0.0485236698818257,0.0970473397636514
1125,18.75,False,False,49.84638092835993,50.0,61.75234059622277,49.569825197115584,56.30511215687015,45.66401902446529,74.0,-0.1536190716400725,2.6775078068049285,2.7042828848729776,2.6880559209539294,1.28857591609823,2.6105546897105496,1.2868952720522846,1.271019713016749,2.7042828848729776,1.0511806998514375,1.393368475047651,1.285592305201999,1.0527642063304405,1.3963984603034068,2.42933593948863,2.9428520553984603,0.12537874728665765,-0.21825550668630855,0.23856917052548265,-0.2749469453843476,False,False,0.0485236698818257,0.0970473397636514,0.04850130485107899,0.09700260970215797
1130,18.833333333333332,False,False,49.844189618824856,50.0,61.754422526734814,49.567690233676196,56.30819326334033,45.6549635822981,74.0,-0.15581038117514368,2.675380977429352,2.702134787203646,2.686093997443545,1.2890363632815667,2.6093797135080226,1.2873698043410347,1.2717865891245037,2.702134787203646,1.0517063879109247,1.3943762635083794,1.2860663570230373,1.0532780521669889,1.397389762889395,2.427148911990524,2.9411337481736117,0.12560317376489127,-0.21850853695751482,0.23899896096996587,-0.274985875213122,False,False,0.04850130485107899,0.09700260970215797,0.048479090939193274,0.09695818187838655
1135,18.916666666666668,False,False,49.8420384848573,50.0,61.75653051354355,49.565595221319306,56.3112988195714,45.645974918373845,74.0,-0.15796151514270207,2.673264397265165,2.6999970412378165,2.684141330082068,1.2894930277086143,2.6082115641033257,1.287840367061222,1.2725486769447072,2.6999970412378165,1.052228133020177,1.3953785663518483,1.2865364433073865,1.053788009669007,1.3983756643612686,2.424972644252761,2.939423168761468,0.1258269874165614,-0.2187606672757001,0.23942612752365156,-0.27502439698505565,False,False,0.048479090939193274,0.09695818187838655,0.04845702668826001,0.09691405337652002
1140,19.0,False,False,49.83992701496206,50.0,61.75866417317496,49.563539647843456,56.31442844627873,45.63705234474467,74.0,-0.16007298503794232,2.6711580467090403,2.697869627176131,2.682197906507114,1.2899459590023348,2.607050144411898,1.2883070128044831,1.2733060010818826,2.697869627176131,1.052745953626429,1.3963754118728662,1.2870026165790023,1.0542940978181257,1.399356193115084,2.4228071090905177,2.9377203181441742,0.12605019203320134,-0.21901190326375697,0.23985069096804335,-0.2750625180856132,False,False,0.04845702668826001,0.09691405337652002,0.04843511065505679,0.09687022131011358
1145,19.083333333333332,False,False,49.837854702395376,50.0,61.760823125288745,49.56152300634022,56.317581766002036,45.628195180069554,74.0,-0.16214529760462426,2.6690619054641425,2.695752524518784,2.6802637136173457,1.2903952060034516,2.6058953594959555,1.2887697933275641,1.2740585861847014,2.695752524518784,1.0532598683470218,1.3973668283944127,1.28746492854184,1.0547963357086079,1.4003313775261694,2.420652278733018,2.936025196441923,0.12627279134146807,-0.2192622504760935,0.24027267192313895,-0.2751002457857661,False,False,0.04843511065505679,0.09687022131011358,0.04841334141099742,0.09682668282199484
1150,19.166666666666668,False,False,49.835821045187146,50.0,61.76300699271394,49.55954479477813,56.320758403436685,45.619402749794155,74.0,-0.16417895481285427,2.6669759525550734,2.6936457120806243,2.6783387375874703,1.290840816784073,2.604747116507544,1.2892287595670902,1.274806456960696,2.6936457120806243,1.0537698959509412,1.3983528442519828,1.2879234300798545,1.0552947425601205,1.40130124596452,2.4185081248371456,2.9343378029292735,0.12649478900382394,-0.2195117144005756,0.24069209084864918,-0.2751375872434787,False,False,0.04841334141099742,0.09682668282199484,0.048391717542141374,0.09678343508428275
1155,19.25,False,False,49.83382554615957,50.0,61.76521540148083,49.55760451589231,56.32395798555262,45.610674386160404,74.0,-0.1661744538404335,2.6649001663427816,2.6915491680062096,2.6764229638832093,1.2912828386610344,2.6036053246333593,1.2896839616540188,1.2755496381762623,2.6915491680062096,1.054276055349351,1.399333487786861,1.2883781712862856,1.055789337716374,1.4022658267960069,2.4163746185010098,2.932658136051425,0.12671618861974454,-0.21976030045988826,0.2411089680452152,-0.2751745495051998,False,False,0.048391717542141374,0.09678343508428275,0.04837023764915703,0.09674047529831406
1160,19.333333333333332,False,False,49.831867712942355,50.0,61.767447980849745,49.55570167707459,56.327180141621156,45.6020094281432,74.0,-0.16813228705764516,2.662834524539415,2.6894628697848093,2.674516377276217,1.291721318208962,2.602469895041273,1.2901354489277794,1.2762881546566587,2.6894628697848093,1.0547783655900331,1.4003087873432565,1.2888292014343734,1.0562801406437896,1.4032251483835545,2.414251730277474,2.9309861934404005,0.12693699372689582,-0.22000801401286907,0.24152332365559115,-0.2752111395073351,False,False,0.04837023764915703,0.09674047529831406,0.04834890034727343,0.09669780069454686
1165,19.416666666666668,False,False,49.82994705798492,50.0,61.76970436333654,49.55383579056908,56.33042450320729,45.59340722136129,74.0,-0.17005294201508292,2.6607790042231017,2.6873867942653327,2.6726189618589373,1.292156301273068,2.6013407408285043,1.2905832699501145,1.27702203127129,2.6873867942653327,1.0552768458532968,1.4012787712668386,1.2892765690359285,1.056767170916026,1.4041792390741274,2.4121394301876142,2.929321971931151,0.12715720780283735,-0.2202548603552641,0.2419351776658183,-0.27524736407771844,False,False,0.04834890034727343,0.09669780069454686,0.04832770426625949,0.09665540853251899
1170,19.5,False,False,49.82806309856536,50.0,61.77198418473526,49.552006373362836,56.333690704254906,45.584867118064416,74.0,-0.17193690143464124,2.6587335818526583,2.6853209176711847,2.670730701059383,1.292587832981686,2.6002177769713812,1.2910274725186295,1.2777512929337083,2.6853209176711847,1.0557715154439489,1.4022434678992843,1.2897203218559754,1.0572504482126994,1.4051281271998606,2.4100376877341154,2.9276654675775715,0.12737683426615232,-0.22050084472100884,0.24234454990638676,-0.27528322993706933,False,False,0.04832770426625949,0.09665540853251899,0.04830664805036085,0.0966132961007217
1175,19.583333333333332,False,False,49.82621535679659,50.0,61.77428708413772,49.55021294799184,56.336978381143155,45.576388477098824,74.0,-0.1737846432034118,2.65669823328221,2.683265215615032,2.6688515776558432,1.2930159577585523,2.5991009202766335,1.291468103680055,1.278475964557465,2.683265215615032,1.0562623937844968,1.4032029055740007,1.290160506883467,1.0577299922756334,1.4060718410366622,2.4079464719145967,2.9260166756684067,0.12759587647919712,-0.22074597228183168,0.24275146005337467,-0.2753187437004354,False,False,0.04830664805036085,0.0966132961007217,0.04828573035824608,0.09657146071649216
1180,19.666666666666668,False,False,49.82440335962947,50.0,61.77661270395038,49.548455041212534,56.34028717301263,45.56797066409176,74.0,-0.1755966403705287,2.654672933775714,2.681219663113471,2.6669815737915017,1.2934407193348378,2.597990089334172,1.2919052097432442,1.279196071114975,2.681219663113471,1.0567495003969112,1.4041571126003485,1.290597170375213,1.0582058229643,1.407010408861961,2.4058657512348374,2.924375590743048,0.12781433774698603,-0.22099024815067492,0.24315592762957738,-0.27535391187863345,False,False,0.04828573035824608,0.09657146071649216,0.04826494986292256,0.09652989972584512
1185,19.75,False,False,49.822626638853755,50.0,61.77896068990862,49.546732184504286,56.34361672151314,45.559613051171034,74.0,-0.1773733611462447,2.6526576580213868,2.6791842346016006,2.6651206709889426,1.2938621607609453,2.596885204471291,1.292338836291888,1.279911637608084,2.6791842346016006,1.0572328549089467,1.4051061172723867,1.2910303578851654,1.0586779602262841,1.4079438589274322,2.4037954937219306,2.922742206607218,0.12803222131934833,-0.22123367738179978,0.24355797200561735,-0.27538874087967,False,False,0.04826494986292256,0.09652989972584512,0.04824430525172799,0.09648861050345597
1190,19.833333333333332,False,False,49.82088473109585,50.0,61.78133069108832,49.54504391457181,56.34696667081935,45.551315016902095,74.0,-0.1791152689041482,2.650652380146014,2.677158903947474,2.6632688501645743,1.2942803244180698,2.595786187708261,1.2927690281969832,1.280622689038637,2.677158903947474,1.057712477049129,1.406049947866216,1.2914601142351332,1.0591464240677775,1.4088722194316954,2.401735666937316,2.9211165163485275,0.12824953039305842,-0.22147626497085948,0.2439576124010534,-0.27542323701015814,False,False,0.04824430525172799,0.09648861050345597,0.04822379522617508,0.09644759045235016
1195,19.916666666666668,False,False,49.81917717781467,50.0,61.78372235991517,49.54338977323831,56.35033666787334,45.5430759464094,74.0,-0.18082282218532697,2.648657073729145,2.6751436444664365,2.6614260916429218,1.294695252029532,2.5946929627152455,1.2931958296290451,1.2813292504084803,2.6751436444664365,1.0581883866321113,1.406988632627649,1.2918864835294244,1.0596112345524245,1.4097955185213285,2.399686237989722,2.9194985123518924,0.12846626811284811,-0.22171801585605588,0.2443548678854559,-0.27545740647671435,False,False,0.04822379522617508,0.09644759045235016,0.048203418501937066,0.09640683700387413
1200,20.0,False,False,49.81750352529503,50.0,61.78613535217162,49.54176930642573,56.35372636250506,45.53489523140077,74.0,-0.1824964747049691,2.6466717118171665,2.673138428935338,2.6595923751708073,1.2951069846718908,2.593605454770513,1.2936192840700687,1.2820313467636062,2.673138428935338,1.0586606035492376,1.407922199765038,1.2923095092280619,1.060072411842699,1.4107137843343576,2.3976471735479867,2.9178881863148307,0.12868243757075137,-0.22195893492090724,0.24474975737949256,-0.2754912553873514,False,False,0.048203418501937066,0.09640683700387413,0.048183173808747405,0.09636634761749481
1205,20.083333333333332,False,False,49.81586332463862,50.0,61.78856932700155,49.54018206557311,56.35713540715519,45.526772269872545,74.0,-0.1841366753613798,2.644696266937245,2.6711432296066175,2.6577676799314087,1.2955155627858421,2.5925235907198894,1.2940394343252617,1.2827290031205758,2.6711432296066175,1.0591291477760254,1.4088506774589737,1.2927292340882106,1.0605299761279658,1.4116270449303925,2.395618439853765,2.9162855292626024,0.12889804180981668,-0.22219902699260996,0.24514229965598489,-0.27552478975285233,False,False,0.048183173808747405,0.09636634761749481,0.04816305989028119,0.09632611978056238
1210,20.166666666666668,False,False,49.81425613175328,50.0,61.79102394691294,49.5386276066185,56.360563457205345,45.5187064663057,74.0,-0.18574386824671762,2.6427307111111324,2.6691580182222436,2.655951984558184,1.2959210261869067,2.591447298937414,1.2944563225345376,1.2834222445106662,2.6691580182222436,1.0595940393538754,1.409774093846164,1.2931457001934632,1.0609839476658998,1.4125353283340747,2.393600002734108,2.914690531563209,0.12911308382340847,-0.22243829684476646,0.24553251334096515,-0.27555801548813585,False,False,0.04816305989028119,0.09632611978056238,0.048143075504113245,0.09628615100822649
1215,20.25,False,False,49.81268150733998,50.0,61.79349887777847,49.53710549020025,56.364010170869236,45.510697231509525,74.0,-0.18731849266001888,2.6407750158688357,2.667182766027524,2.6541452671486585,1.2963234140759146,2.5903765092871556,1.294869990183786,1.2841110959651543,2.667182766027524,1.0600552983904523,1.4106924770219327,1.293558949012413,1.0614343467672631,1.4134386625218387,2.3915918276139214,2.9131031829422374,0.12932756655668443,-0.22267674919789116,0.24592041691471334,-0.2755909384136026,False,False,0.048143075504113245,0.09628615100822649,0.048123219421581064,0.09624643884316213
1220,20.333333333333332,False,False,49.81113901687813,50.0,61.795993788834245,49.53561528216363,56.367475209189365,45.502743982551294,74.0,-0.18886098312187016,2.638829152262139,2.6652174437847607,2.6523475052780796,1.2967227650492872,2.589311153086149,1.29528047811592,1.2847955824858854,2.6652174437847607,1.0605129450556345,1.411605855038254,1.293969021325438,1.0618811937665347,1.4143370753944866,2.3895938795282805,2.9115234724975494,0.12954149290860117,-0.22291438871935076,0.24630602871278873,-0.27562356425648016,False,False,0.048123219421581064,0.09624643884316213,0.048103490427717215,0.09620698085543443
1225,20.416666666666668,False,False,49.80962823060892,50.0,61.79850835267663,49.53415655285024,56.37095823623834,45.4948461428524,74.0,-0.1903717693910778,2.636893090877982,2.663262021786762,2.650558676012915,1.2971191171091327,2.588251163068419,1.2956878265417164,1.2854757290747056,2.663262021786762,1.060966999568775,1.412514255893048,1.294375957327202,1.0623245090492306,1.415230594806411,2.3876061231346215,2.9099513887138153,0.12975486573170536,-0.22315122002547505,0.24668936692705312,-0.2756558986521407,False,False,0.048103490427717215,0.09620698085543443,0.04808388732111793,0.09616777464223586
1230,20.5,False,False,49.80814872351721,50.0,61.80104224525753,49.532728877302105,56.374458919009655,45.48700314203545,74.0,-0.19185127648278666,2.634966801851677,2.6613164698701937,2.6487787559242184,1.2975125076731429,2.587196473350044,1.296092075050439,1.2861515607187448,2.6613164698701937,1.0614174821992113,1.4134177075326742,1.2947797965387964,1.0627643130367426,1.4161192485522942,2.3856285227247778,2.908386919476871,0.1299676878335494,-0.22338724768200224,0.24707044960667712,-0.2756879471454159,False,False,0.04808388732111793,0.09616777464223586,0.048064408913870475,0.09612881782774095
1235,20.583333333333332,False,False,49.806700075311525,50.0,61.80359514587789,49.531331835162234,56.37797692741375,45.47921441585732,74.0,-0.1932999246884748,2.6330502548799797,2.6593807574287793,2.6470077211008243,1.297902973584313,2.5861470193952414,1.2964932626202654,1.2868231023904173,2.6593807574287793,1.0618644132623356,1.4143162378499596,1.2951805779102417,1.0632006261853666,1.4170030643679643,2.3836610422368874,2.9068300520879253,0.130179961977547,-0.2236224762050507,0.247449294659146,-0.275719715191892,False,False,0.048064408913870475,0.09612881782774095,0.04804505403140728,0.09609010806281457
1240,20.666666666666668,False,False,49.80528187040285,50.0,61.80616673717967,49.529965011792804,56.38151193428861,45.47147940615553,74.0,-0.19471812959714896,2.6311434192339966,2.6574548534263367,2.645245547162406,1.298290551120478,2.5851027379834246,1.2968914276285115,1.2874903789885594,2.6574548534263367,1.0623078131150792,1.4152098746815798,1.2955783397765572,1.0636334689286855,1.4178820698745558,2.3817036452671423,2.905280773277585,0.13039169088599634,-0.22385691005987396,0.24782591985124824,-0.2757512081591944,False,False,0.04804505403140728,0.09609010806281457,0.048025821512437554,0.09605164302487511
1245,20.75,False,False,49.80389369788183,50.0,61.80875670513645,49.52862799574422,56.38506361579001,45.46379756110031,74.0,-0.19610630211816726,2.6292462637719325,2.655538726409652,2.6434922092723636,1.2986752760036735,2.584063567177201,1.2972866078616652,1.2881534154561542,2.655538726409652,1.0627477021352911,1.4160986457893188,1.2959731199016915,1.0640628617899666,1.4187562926926618,2.3797562950813926,2.903739069219715,0.13060287723650754,-0.2240905536661877,0.2482003428100632,-0.2757824313282593,False,False,0.048025821512437554,0.09605164302487511,0.04800671020880768,0.09601342041761536
1250,20.833333333333332,False,False,49.80253515149456,50.0,61.81136473904251,49.52732038139628,56.38863165077408,45.456168334638285,74.0,-0.19746484850544022,2.6273587569516708,2.6536323445211876,2.641747682150554,1.2990571834093245,2.583029446291297,1.2976788405252322,1.2888122366478911,2.6536323445211876,1.0631841007440137,1.416982578884163,1.2963649554199492,1.0644888252537514,1.4196257603156304,2.3778189546266018,2.9022049255451203,0.13081352366773924,-0.2243234113941397,0.24857258102393276,-0.2758133898945858,False,False,0.04800671020880768,0.09601342041761536,0.047987718985381185,0.09597543797076237
1255,20.916666666666668,False,False,49.801205829617274,50.0,61.81399053150079,49.526041767342086,56.39221572131269,45.44859118684765,74.0,-0.19879417038272607,2.625480866843192,2.651735675511624,2.640011940085861,1.2994363079752687,2.5820003158623517,1.298068162253399,1.289466867403744,2.651735675511624,1.0636170293796192,1.4178617016022315,1.2967538829677778,1.0649113798357948,1.4204905001811774,2.375891586542144,2.9006783273550556,0.13102363277743345,-0.22455548756794919,0.24894265184343167,-0.27584408896948,False,False,0.047987718985381185,0.09597543797076237,0.04796884671994554,0.09593769343989109
1260,21.0,False,False,49.7999053352299,50.0,61.81663377840947,49.52479175690198,56.3958155125236,45.44106558374376,74.0,-0.20009466477009852,2.6236125611408223,2.6498486867522306,2.6382849569486,1.2998126838106132,2.580976117619575,1.2984546091185087,1.2901173325195396,2.6498486867522306,1.064046508501132,1.4187360415098487,1.2971399385666247,1.0653305460538554,1.421350539643819,2.373974153170945,2.8991592592345556,0.13123320712427944,-0.22478678646568429,0.24931057248232502,-0.2758745335812858,False,False,0.04796884671994554,0.09593769343989109,0.047950092303097165,0.09590018460619433
1265,21.083333333333332,False,False,49.79863327588821,50.0,61.8192941789473,49.52356995772668,56.39943071260084,45.433590997246554,74.0,-0.2013667241117929,2.6217538071753115,2.647971345247065,2.6365667062027502,1.3001863445044364,2.5799567944562254,1.2988382166403754,1.2907636567616738,2.647971345247065,1.0644725585830737,1.4196056261001078,1.2975231576815078,1.0657463444410045,1.4222059059897854,2.3720666165704714,2.897647705265588,0.13144224922811154,-0.22501731232066935,0.249676360018523,-0.27590472867659344,False,False,0.047950092303097165,0.09590018460619433,0.04793145463808583,0.09586290927617167
1270,21.166666666666668,False,False,49.79738926369513,50.0,61.821971435558254,49.52237598231309,56.40306101272853,45.42616690505573,74.0,-0.20261073630486948,2.619904571925741,2.6461036176449984,2.6348571609180294,1.3005573231343255,2.5789422904018915,1.299219019795419,1.2914058648376796,2.6461036176449984,1.0648952001153247,1.4204704827944057,1.2979035752795882,1.066158795516456,1.423056626409418,2.370168938523555,2.89614364904002,0.13165076157173838,-0.22524706932122363,0.2500400313950215,-0.2759346791214434,False,False,0.04793145463808583,0.09586290927617167,0.04791293264072471,0.09582586528144942
1275,21.25,False,False,49.79617291527115,50.0,61.824665253934604,49.52120944760955,56.406706107217566,45.41879279070559,74.0,-0.20382708472885014,2.6180648220312603,2.644245470251573,2.6331562937817874,1.3009256522747699,2.5779325505955417,1.299597053025633,1.2920439814109432,2.644245470251573,1.0653144535935288,1.4213306389344993,1.298281225756955,1.0665679197989086,1.4239027280120546,2.368281080549062,2.8946470736724166,0.1318587466011114,-0.2254760616120346,0.2504016034208436,-0.2759643897025108,False,False,0.04791293264072471,0.09582586528144942,0.047894525239269625,0.09578905047853925
1280,21.333333333333332,False,False,49.79498385172359,50.0,61.82737534299948,49.52006997523005,56.41036569347645,45.41146814348814,74.0,-0.2050161482764068,2.616234523802649,2.6423968690406756,2.6314640771107394,1.3012913640054005,2.576927521259322,1.299972350247396,1.2926780310859887,2.6423968690406756,1.0657303395166104,1.4221861217816236,1.2986561429971972,1.0669737377915756,1.4247442378125628,2.3664030039123958,2.8931579618126446,0.1320662067265741,-0.2257042932944131,0.250761092771969,-0.27599386512827984,False,False,0.047894525239269625,0.09578905047853925,0.04787623137427747,0.09575246274855494
1285,21.416666666666668,False,False,49.79382169861523,50.0,61.830101414888254,49.518957191061915,56.41403947206254,45.404192458441194,74.0,-0.20617830138476734,2.6144136432337057,2.6405577796660427,2.62978048286252,1.3016544899190836,2.575927149673078,1.3003449448601168,1.2933080384231925,2.6405577796660427,1.066142878380915,1.423036958512216,1.2990283603567605,1.0673762699955627,1.4255811827461935,2.3645346696358454,2.8916762956582995,0.13227314432300097,-0.22593176842762985,0.2511185159922569,-0.2760231100301973,False,False,0.04787623137427747,0.09575246274855494,0.047858049998500664,0.09571609999700133
1290,21.5,False,False,49.792686085931955,50.0,61.832843184929295,49.51787072517882,56.417727146582685,45.396965236217106,74.0,-0.20731391406804534,2.6126021460124598,2.638728167472584,2.628105482647072,1.3020150611298726,2.574931384149577,1.30071486975473,1.2939340279387852,2.638728167472584,1.0665520906808024,1.4238831762200432,1.2993979107088762,1.0677755369090973,1.4264135896692518,2.3626760385087664,2.8902020569669507,0.1324795617304666,-0.22615849102968788,0.25147388949436644,-0.2760521289638178,False,False,0.047858049998500664,0.09571609999700133,0.04783998007674478,0.09567996015348956
1295,21.583333333333332,False,False,49.791576648049926,50.0,61.83560037162373,49.51681021236182,56.4214284236103,45.38978598296522,74.0,-0.20842335195007422,2.6107999975322147,2.636907997507537,2.6264390477378585,1.30237310828082,2.573940174010403,1.301082157322035,1.2945560240754186,2.636907997507537,1.066957996908596,1.424724801917671,1.2997648263996326,1.0681715589984395,1.4272414853314241,2.360827071097602,2.888735227068201,0.13268546125600555,-0.22638446507697907,0.2518272295606643,-0.27608092640993487,False,False,0.04783998007674478,0.09567996015348956,0.04782202058577528,0.09564404117155056
1300,21.666666666666668,False,False,49.79049302370171,50.0,61.838372696624695,49.51577529231787,56.42514301285174,45.382654210415865,74.0,-0.20950697629829307,2.6090071629024107,2.6350972345314347,2.6247811490829016,1.3027286615516531,2.572953469562511,1.3014468394608925,1.2951740511874505,2.6350972345314347,1.0673606175439547,1.425561862527305,1.300129139306546,1.068564356682974,1.4280648963622513,2.3589877277557383,2.887275786875568,0.13289084517480076,-0.22660969450447666,0.25217855234413333,-0.27610950677569646,False,False,0.04782202058577528,0.09564404117155056,0.0478041705141412,0.0956083410282824
1305,21.75,False,False,49.789434855942176,50.0,61.84115988471568,49.5147656077749,56.42887062732074,45.37556943597108,74.0,-0.21056514405782423,2.607223606959314,2.6332958430289075,2.623131757315653,1.3030817506663142,2.5719712220754136,1.3018089475862678,1.2957881336292394,2.6332958430289075,1.0677599730429503,1.4263943848713199,1.3004908807946323,1.0689539504194863,1.4288838493567626,2.3571579686332025,2.885823716898179,0.1330957157275232,-0.22683418320975313,0.25252787386927134,-0.27613787439570503,False,False,0.0478041705141412,0.0956083410282824,0.047786428862108626,0.09557285772421725
1310,21.833333333333332,False,False,49.78840179211354,50.0,61.843961663788484,49.51378080682754,56.432610982783764,45.36853118221179,74.0,-0.21159820788646044,2.6054492942765313,2.631503787219297,2.6214908427656907,1.3034324049003725,2.570993383758978,1.3021685126371385,1.2963982956374185,2.631503787219297,1.0681560838582487,1.4272223956938581,1.300850081789622,1.0693403605881207,1.429698370762758,2.3553377536861926,2.8843789972522798,0.13330007512533948,-0.22705793504929783,0.25287521003298297,-0.2761660335331042,False,False,0.047786428862108626,0.09557285772421725,0.04776879464148988,0.09553758928297976
1315,21.916666666666668,False,False,49.78739348380993,50.0,61.84677776482036,49.51282054194489,56.43636379823888,45.36153897723477,74.0,-0.2126065161900712,2.603684189175351,2.6297210310671044,2.619858375469236,1.3037806530883065,2.570019907741825,1.302525565084263,1.2970045613750427,2.6297210310671044,1.0685489704153144,1.4280459216384234,1.301206772734031,1.069723607534185,1.4305084869239113,2.3535270426864487,2.882941607672574,0.13350392554886858,-0.22728095384085778,0.25322057660546937,-0.2761939883806557,False,False,0.04776879464148988,0.09553758928297976,0.04775126687553163,0.09550253375106325
1320,22.0,False,False,49.7864095868416,50.0,61.8496079218508,49.51188446867716,56.440128795906844,45.35459235459919,74.0,-0.21359041315839988,2.6019282557349075,2.627947538292257,2.618234325179511,1.3041265236306583,2.5690507480502953,1.302880134937808,1.2976069549904514,2.627947538292257,1.068938653109437,1.428864989246262,1.3015609835871602,1.070103711624134,1.4313142241370302,2.351725795230459,2.8815115275233647,0.13370726914657882,-0.22750324336631733,0.2535639892311079,-0.2762217430617979,False,False,0.04775126687553163,0.09550253375106325,0.04773384459880145,0.0954676891976029
1325,22.083333333333332,False,False,49.78544976119859,50.0,61.852451871957776,49.510972247700295,56.44390570074201,45.34769085288917,74.0,-0.214550238801408,2.600181457802176,2.6261832723801977,2.616618661376912,1.304470044501072,2.5680858595879763,1.303232251754847,1.2982055005142594,2.6261832723801977,1.0693251523232725,1.4296796249752357,1.3019127438836677,1.0704806931457427,1.432115608553468,2.349933970748505,2.880088735809532,0.13391010803920866,-0.22772480736851675,0.2539054634293345,-0.2762493016316925,False,False,0.04773384459880145,0.0954676891976029,0.047716526857047116,0.09543305371409423
1330,22.166666666666668,False,False,49.78451367101394,50.0,61.85530935523351,49.510083543828024,56.44769424086095,45.340834016012685,74.0,-0.21548632898606002,2.598443759001789,2.624428196591807,2.6150113532790185,1.3048112432532002,2.5671251981157717,1.3035819446467316,1.2988002219035026,2.624428196591807,1.0697084884053307,1.430489855179615,1.3022620827189257,1.070854572349946,1.4329126662221898,2.348151528513552,2.878673211187316,0.13411244431868719,-0.22794564955355656,0.2542450145955093,-0.2762766680782547,False,False,0.047716526857047116,0.09543305371409423,0.04769931270706388,0.09539862541412776
1335,22.25,False,False,49.78360098452673,50.0,61.858180114759826,49.509218025632116,56.451494147512186,45.33402139313376,74.0,-0.21639901547327156,2.596715122745685,2.6226822739731417,2.613412369850434,1.3051501470275066,2.566168720232485,1.3039292422863265,1.299391143056355,2.6226822739731417,1.0700886816680544,1.431295706109428,1.302609028734378,1.071225369464373,1.4337054231044948,2.3463784276499657,2.877264931974926,0.13431428004813983,-0.22816577359198198,0.25458265800178426,-0.27630384632317595,False,False,0.04769931270706388,0.09539862541412776,0.04768220121659501,0.09536440243319003
1340,22.333333333333332,False,False,49.78271137404461,50.0,61.86106389658325,49.50837536627661,56.45530515489659,45.327252538485354,74.0,-0.21728862595539056,2.594995512242583,2.6209454673650088,2.611821679812446,1.3054867825579393,2.565216383355921,1.304274172915128,1.2999782877679809,2.6209454673650088,1.0704657523923204,1.4320972039162176,1.3029536101175383,1.0715931046502172,1.43449390503206,2.344614627142083,2.875863876162977,0.13451561726407912,-0.22838518311776368,0.25491840879796834,-0.27633084022292564,False,False,0.04768220121659501,0.09536440243319003,0.04766519146417678,0.09533038292835357
1345,22.416666666666668,False,False,49.78184451590628,50.0,61.863960449689586,49.50755524192793,56.45912700033841,45.320527011464414,74.0,-0.21815548409372099,2.593284890507289,2.619217739412362,2.61023925165253,1.3058211761785006,2.5642681457044674,1.3046167643502538,1.3005616798041137,2.619217739412362,1.0708397208170417,1.4328943746438554,1.3032958546898499,1.0719577980724584,1.4352781377783064,2.3428600858426143,2.8744700214247434,0.13471645797419263,-0.22860388173165536,0.2552522820123815,-0.2763576535697476,False,False,0.04766519146417678,0.09533038292835357,0.04764828253904568,0.09529656507809137
1350,22.5,False,False,49.781000090443406,50.0,61.86686952597842,49.50675733410695,56.462959423879674,45.31384437626552,74.0,-0.21899990955659376,2.5915832203698312,2.6174990525735295,2.608665053633679,1.3061533538296988,2.563323966279159,1.3049570439913192,1.3011413427833305,2.6174990525735295,1.0712106071534018,1.433687244243985,1.3036357897895414,1.0723194697859297,1.4360581469455846,2.3411147624808972,2.8730833451262336,0.13491680416225416,-0.22882187299740075,0.2555842925527041,-0.2763842900926323,False,False,0.04764828253904568,0.09529656507809137,0.04763147354097216,0.09526294708194433
1355,22.583333333333332,False,False,49.780177781942626,50.0,61.86979088023715,49.5059813271922,56.46680216882842,45.30720420227939,74.0,-0.21982221805737368,2.589890464484428,2.615789369129272,2.6070990538035654,1.3064833410648975,2.562383804846199,1.3052950388271916,1.3017173002947766,2.615789369129272,1.071578431558466,1.4344758385508,1.3039734424180551,1.0726781398480623,1.4368339580790213,2.3393786156709826,2.8717038243360995,0.13511665778424464,-0.22903916044671435,0.25591445520682754,-0.27641075345828936,False,False,0.04763147354097216,0.09526294708194433,0.04761476358017349,0.09522952716034698
1360,22.666666666666668,False,False,49.77937727860727,50.0,61.87272427011485,49.5052269104707,56.47065498128456,45.30060606367327,74.0,-0.2206227213927292,2.5882065853382876,2.6140886511916706,2.6055412200035413,1.3068111630565518,2.5614476219199314,1.3056307754426293,1.3022895757951574,2.6140886511916706,1.0719432141524405,1.4352601832994514,1.3043088390936193,1.0730338282191432,1.437605596567849,2.337651603919576,2.8703314358353644,0.13531602077269156,-0.2292557475760142,0.2562427846436939,-0.2764370472720947,False,False,0.04761476358017349,0.09522952716034698,0.0475981517771789,0.0951963035543578
1365,22.75,False,False,49.7785982725189,50.0,61.87566945609605,49.504493775947516,56.47451761049581,45.29404953963676,74.0,-0.22140172748110132,2.586531545260245,2.612396860712847,2.60399151987747,1.3071368446023428,2.5605153787462402,1.3059642800248115,1.3028581927117466,2.612396860712847,1.072304975000571,1.4360403041090715,1.3046420060123183,1.0733865548609192,1.4383730877450662,2.3359336856338158,2.8689661561269797,0.1355148950333196,-0.22947163785082747,0.25656929541413254,-0.2764631750790314,False,False,0.0475981517771789,0.0951963035543578,0.047581637262699386,0.09516327452539877
1370,22.833333333333332,False,False,49.777840459598714,50.0,61.878626201474255,49.50378162039817,56.47838980837487,45.28753421395685,74.0,-0.22215954040128594,2.5848653064292297,2.610713959493522,2.6024499208803977,1.3074604101312095,2.5595870372863745,1.3062955783697539,1.3034231743393776,2.610713959493522,1.0726637341308753,1.4368162265016082,1.3049729689163088,1.0737363396368766,1.4391364567887464,2.3342248191289054,2.86760796144522,0.13571328244936876,-0.22968683470250095,0.25689400195169787,-0.2764891403646166,False,False,0.047581637262699386,0.09516327452539877,0.047565219177505495,0.09513043835501099
1375,22.916666666666668,False,False,49.77710353956898,50.0,61.88159427232523,49.503090144089676,56.482271329888356,45.28105967529161,74.0,-0.2228964604310235,2.5832078308825768,2.6090399091914027,2.600916390287063,1.3077818837092785,2.558662560201179,1.3066246958886174,1.3039845438993054,2.6090399091914027,1.073019511514731,1.437587975883487,1.3053017532109608,1.0740832023683695,1.439895728779175,2.332524962635588,2.866256827764892,0.13591118487986953,-0.2299013415309359,0.2572169185734894,-0.27651494655581477,False,False,0.047565219177505495,0.09513043835501099,0.04754889667231696,0.09509779334463392
1380,23.0,False,False,49.77638721591432,50.0,61.88457343748028,49.50241905132014,56.486161932908,45.27462551701392,74.0,-0.22361278408568097,2.581559080524169,2.607374671329411,2.59939089520024,1.3081012890456951,2.5577419108357176,1.306951657613912,1.3045423245097756,2.607374671329411,1.0733723270704512,1.438355577550248,1.3056283838916443,1.074427162805755,1.440650928670976,2.330834074307474,2.864912730810392,0.13610860416120052,-0.2301151617040207,0.2575380594809813,-0.276540597021937,False,False,0.04754889667231696,0.09509779334463392,0.04753266890767801,0.09506533781535602
1385,23.083333333333332,False,False,49.77569119584287,50.0,61.887563468499465,49.50176804944572,56.49006137825969,45.2682313372143,74.0,-0.2243088041571326,2.579919017132426,2.60571820730375,2.5978734025589327,1.3084186494983576,2.5568250532042827,1.3072764882055943,1.3050965392301714,2.60571820730375,1.0737222006584624,1.4391190566827523,1.3059528856023008,1.074768240670375,1.4414020813360633,2.3291521122282175,2.863575646064592,0.13630554210589185,-0.23032829855979653,0.2578574387608419,-0.27656609507553265,False,False,0.04753266890767801,0.09506533781535602,0.047516535053814805,0.09503307010762961
1390,23.166666666666668,False,False,49.77501519024773,50.0,61.8905641396446,49.501136850330525,56.49396942944404,45.26187673844165,74.0,-0.22498480975227153,2.578287602368131,2.604070478391812,2.5963638791464048,1.3087339880795559,2.555911951975779,1.3075992119570594,1.3056472109874357,2.604070478391812,1.0740691520905528,1.4398784383574508,1.306275282591514,1.075106455583216,1.4421492114932444,2.3274790344185536,2.862245548777559,0.13650200050580863,-0.2305407554042198,0.25817507038574705,-0.2765914439732584,False,False,0.047516535053814805,0.09503307010762961,0.04750049429056866,0.09500098858113731
1395,23.25,False,False,49.774358913667996,50.0,61.893575227852374,49.50052516937563,56.49788585297439,45.25556132793866,74.0,-0.2256410863320042,2.576664797782099,2.6024314457599202,2.5948622915980564,1.3090473274615158,2.5550025724594634,1.3079198528010447,1.3061943626202175,2.6024314457599202,1.0744132011128147,1.4406337475303064,1.3065955988003681,1.075441827106912,1.4428923437511572,2.32581479884317,2.860922413975109,0.13669798113093967,-0.23075253551330555,0.2584909682151886,-0.27661664691675014,False,False,0.04750049429056866,0.09500098858113731,0.04748454580721046,0.09496909161442092
1400,23.333333333333332,False,False,49.77372208425022,50.0,61.896596512707305,49.499932724549815,56.50181041825499,45.24928471750966,74.0,-0.22627791574978318,2.575050564822698,2.600801070470925,2.5933686064091397,1.3093586899818532,2.5540968805910333,1.3082384343154168,1.3067380169230183,2.600801070470925,1.0747543674082567,1.4413850090403877,1.3069138577453032,1.0757743747877553,1.4436315026511894,2.3241593634174564,2.8596062164672094,0.13689348572817117,-0.230963642135263,0.25880514599628457,-0.27664170705346836,False,False,0.04748454580721046,0.09496909161442092,0.04746868880238161,0.09493737760476322
1405,23.416666666666668,False,False,49.77310442370959,50.0,61.899627776414704,49.499359239052744,56.505742897161866,45.24304652315193,74.0,-0.2268955762904099,2.5734448648432062,2.5991793134916383,2.591882789942333,1.309668097648936,2.553194842919068,1.3085549797288814,1.307278196513753,2.5991793134916383,1.075092670612149,1.4421322476261629,1.307230082664546,1.076104118027722,1.4443667125403936,2.3225126860141025,2.858296930856219,0.13708851602664063,-0.231174078486031,0.2591176173645806,-0.2766666274775358,False,False,0.04746868880238161,0.09493737760476322,0.047452922483933686,0.09490584496786737
1410,23.5,False,False,49.77250565729153,50.0,61.90266880377379,49.49880443792699,56.50968306470887,45.236846365554676,74.0,-0.2274943427084679,2.5718476591090234,2.5975661357001134,2.590404808435161,1.3099755721471602,2.552296426591782,1.308869511926581,1.3078149239956203,2.5975661357001134,1.0754281302811057,1.4428754878955115,1.3075442964009654,1.0764310762398357,1.4450979977277276,2.3208747244695425,2.85699453154496,0.13728307373210735,-0.23138384775578458,0.25942839584484645,-0.27669141123057095,False,False,0.047452922483933686,0.09490584496786737,0.047437246068853516,0.09487449213770703
1415,23.583333333333332,False,False,49.771925513733,50.0,61.90571938215064,49.498268051327926,56.51363069834132,45.23068386950214,74.0,-0.22807448626699767,2.570258908804733,2.5959614978927807,2.588934628007251,1.3102811348421344,2.5514015993441146,1.309182053455611,1.3083482217952316,2.5959614978927807,1.0757607659207775,1.443614754354331,1.30785652148993,1.0767552686918795,1.445825382328616,2.3192454365902835,2.8556989927446526,0.13747716053338443,-0.23159295310335204,0.2597374948518718,-0.27671606130249726,False,False,0.047437246068853516,0.09487449213770703,0.047421658783103386,0.09484331756620677
1420,23.666666666666668,False,False,49.77136372522424,50.0,61.90877930145132,49.49774981174372,56.51758557856836,45.22455866434659,74.0,-0.22863627477575932,2.5686785750410146,2.594365360791425,2.587472214667468,1.310584806785784,2.5505103294851197,1.3094926265304412,1.3088781122950515,2.594365360791425,1.076090596956459,1.4443500713780375,1.308166780100737,1.0770767146334443,1.4465488903928423,2.3176247801590777,2.854410288482677,0.13767077809779082,-0.23180139766160712,0.260044927691252,-0.2767405806323473,False,False,0.047421658783103386,0.09484331756620677,0.047406159861548704,0.09481231972309741
1425,23.75,False,False,49.77082002737042,50.0,61.91184835409496,49.497249455451765,56.52154748845406,45.218470383570285,74.0,-0.22917997262958067,2.5671066188614065,2.5927776850500206,2.5860175343208773,1.310886608721368,2.549622585885668,1.3098012530382461,1.3094046177598193,2.5927776850500206,1.0764176427524461,1.4450814632317985,1.3084750941391121,1.0773954332246591,1.4472685458340953,2.3160127129409624,2.8531283926102007,0.13786392807427594,-0.23200918453516017,0.2603507075601801,-0.27676497210905815,False,False,0.047406159861548704,0.09481231972309741,0.04739074854781714,0.09478149709563428
1430,23.833333333333332,False,False,49.77029415915354,50.0,61.91492633498712,49.4967667224634,56.5255162137608,45.212418664869254,74.0,-0.2297058408464565,2.5655430012489298,2.591198431261419,2.5845705527755816,1.3111865610884132,2.5487383379664306,1.3101079545441465,1.30992776033655,2.591198431261419,1.0767419226036004,1.4458089540629546,1.3087814851154236,1.077711443535761,1.4479843724303443,2.314409192689172,2.851853278809641,0.13805661209379427,-0.2322163168007889,0.260654847548222,-0.2767892385722468,False,False,0.04739074854781714,0.09478149709563428,0.04737542409420183,0.09475084818840367
1435,23.916666666666668,False,False,49.76978586289442,50.0,61.91801304149292,49.496301354958035,56.52949154305035,45.20640315020334,74.0,-0.2302141371055768,2.563987683132566,2.589627559963892,2.5831312357494065,1.3114846840275731,2.5478575556861665,1.3104127522963698,1.3104475621281109,2.589627559963892,1.077063455728758,1.4465325678952703,1.309085974261825,1.0780247646175054,1.4486963938950357,2.3128141771509094,2.850584920601991,0.13824883176692482,-0.23242279751060546,0.26095736063809927,-0.2768133828129824,False,False,0.04737542409420183,0.09475084818840367,0.04736018576153946,0.09472037152307893
1440,24.0,False,False,49.76929488421492,50.0,61.92110827341053,49.495853099951276,56.53347326720913,45.20042348538768,74.0,-0.2307051157850779,2.562440625393594,2.5880650316475298,2.5816995488764505,1.3117809973853978,2.5469802095302656,1.3107156672313174,1.3109640450607822,2.5880650316475298,1.0773822612887725,1.4472523286477943,1.3093885824883273,1.0783354153732558,1.4494046337499553,2.311227624072987,2.849323291353988,0.13844058868917308,-0.2326286296875264,0.26125825970645833,-0.27683740757454256,False,False,0.04736018576153946,0.09472037152307893,0.0473450328191158,0.0946900656382316
1445,24.083333333333332,False,False,49.768820972000306,50.0,61.92421183294478,49.4954217068241,56.53746118007476,45.19447932056333,74.0,-0.23117902799969414,2.560901788871788,2.586510806760506,2.580275457713488,1.3120755207190329,2.5461062704995783,1.311016719978556,1.3114772310019818,2.586510806760506,1.0776983583575672,1.4479682601067225,1.309689330426727,1.0786434146719113,1.4501091154389092,2.309649491207346,2.8480683642851474,0.13863188443692742,-0.2328338163300705,0.2615575575246414,-0.27686131555315985,False,False,0.0473450328191158,0.0946900656382316,0.04732996454454637,0.09465992908909274
1450,24.166666666666668,False,False,49.76836387836172,50.0,61.92732352468066,49.495006928481146,56.54145507800858,45.18857030982737,74.0,-0.23163612163828162,2.559371134371481,2.584964845715196,2.578858927746247,1.3123682733008395,2.545235710099499,1.3113159308657232,1.311987141701402,2.584964845715196,1.0780117659382447,1.4486803859422925,1.3099882383720343,1.0789487812908458,1.4508098622714043,2.308079736316439,2.8468201124746506,0.13882272057000233,-0.23303836041055614,0.2618552667594547,-0.27688510939875677,False,False,0.04732996454454637,0.09465992908909274,0.04731498022365997,0.09462996044731994
1455,24.25,False,False,49.767923358599084,50.0,61.93044315555723,49.4946085206961,56.54545475996946,45.182696111263304,74.0,-0.23207664140091566,2.557848622667489,2.583427108894164,2.5774499243955447,1.312659274122939,2.5443685003293086,1.3116133199233522,1.3124937988204421,2.583427108894164,1.07832250295783,1.4493887297043067,1.3102853263264025,1.0792515339438529,1.4515068974513177,2.30651831717849,2.84557850886809,0.13901309863087552,-0.23324226487658928,0.2621513999739262,-0.2769087917156736,False,False,0.04731498022365997,0.09462996044731994,0.047300079150422884,0.09460015830084577
1460,24.333333333333332,False,False,49.767499171163934,50.0,61.9335705348415,49.494226242667175,56.54946002737776,45.176856386805056,74.0,-0.23250082883606638,2.556334214510902,2.581897556656011,2.5760484130232904,1.3129485419016815,2.543504613671763,1.31190890688962,1.3129972239027758,2.581897556656011,1.078630588271019,1.4500933148266288,1.3105806140137704,1.0795516912524328,1.452200244048895,2.304965191592635,2.844343526284076,0.13920302014611918,-0.23344553265034307,0.262445969628065,-0.2769323650633764,False,False,0.047300079150422884,0.09460015830084577,0.04728526062679383,0.09457052125358766
1465,24.416666666666668,False,False,49.76709107762272,50.0,61.93670547410254,49.4938598569688,56.55347068422844,45.171050802299675,74.0,-0.2329089223772769,2.5548278706347483,2.5803761493410957,2.5746543589383553,1.3132360950820454,2.542644023082921,1.3122027112150143,1.313497438374352,2.5803761493410957,1.0789360406533228,1.4507941646210785,1.3108741208652193,1.0798492717454204,1.452889925001072,2.3034203173839276,2.8431151374207095,0.13939248662672,-0.23364816662893162,0.2627389880796138,-0.2769558319571681,False,False,0.04728526062679383,0.09457052125358766,0.047270523962656956,0.09454104792531391
1470,24.5,False,False,49.76669884262019,50.0,61.93984778718573,49.49350912859805,56.55748653714789,45.16527902752587,74.0,-0.23330115737981316,2.5533295517595227,2.578862847277118,2.5732677274023184,1.3135219518419612,2.5417867019822102,1.312494752066928,1.3139944635875418,2.578862847277118,1.079238878796654,1.4514913022737392,1.3111658660336163,1.0801442939011219,1.453575963154293,2.3018836524082436,2.8418933148619208,0.13958149956675125,-0.23385016968641992,0.263030467584803,-0.27697919486887423,False,False,0.047270523962656956,0.09454104792531391,0.04725586847569106,0.09451173695138212
1475,24.583333333333332,False,False,49.766322233843056,50.0,61.94299729018723,49.493173826136996,56.56150739509124,45.15954073592629,74.0,-0.23367776615694424,2.5518392185985928,2.5773576107845786,2.571888483635082,1.3138061300965673,2.540932624242718,1.312785048334175,1.3144883207622753,2.5773576107845786,1.079539121320322,1.4521847508566668,1.311455868378971,1.0804367760902907,1.4542583812081569,2.300355154557048,2.8406780310836677,0.13977006044588158,-0.23405154467198463,0.2633204202990891,-0.2770024562275304,False,False,0.04725586847569106,0.09451173695138212,0.047241293491284905,0.09448258698256981
1480,24.666666666666668,False,False,49.76596102198395,50.0,61.946153801428565,49.492853721103145,56.565533069559955,45.15383560475511,74.0,-0.2340389780160521,2.550356831863474,2.575860400182109,2.5705165928203577,1.3140886475023963,2.5400817641817084,1.3130736186314358,1.3149790310154732,2.575860400182109,1.0798367867598255,1.4528745333173827,1.311744146497722,1.0807267366041102,1.454937201744052,2.2988347817620562,2.839469258460011,0.13995817072857886,-0.23425229441136297,0.26360885827790215,-0.2770256184200526,False,False,0.047241293491284905,0.09448258698256981,0.04722679834242563,0.09445359668485126
1485,24.75,False,False,49.76561498070562,50.0,61.94931714143143,49.49254858760303,56.569563374532684,45.148163314997426,74.0,-0.23438501929437905,2.5488823522689845,2.5743711757916743,2.5691520201110336,1.3143695214614923,2.539234096551351,1.3133604813036244,1.3154666153757626,2.5743711757916743,1.080131893567947,1.4535606724806442,1.3120307187227356,1.0810141936680204,1.4556124472396241,2.2973224919997746,2.8382669692690596,0.14014583186386154,-0.23445242170774216,0.26389579347738534,-0.27704868379189973,False,False,0.04722679834242563,0.09445359668485126,0.0472123823696135,0.094424764739227
1490,24.833333333333332,False,False,49.765283886605324,50.0,61.95248713289267,49.492258203194794,56.573598126287784,45.14252355120281,74.0,-0.23471611339467557,2.5474157405382782,2.572889897943661,2.567794730634417,1.3146487691254625,2.5383895965296595,1.3136456544301938,1.3159510947393303,2.572889897943661,1.0804244601205066,1.4542431910548785,1.3123156031086638,1.0812991653988802,1.4562841400265676,2.295818243295934,2.837071135698783,0.14033304528723733,-0.2346519293404501,0.26418123775512203,-0.277071654647727,False,False,0.0472123823696135,0.094424764739227,0.047198044920740805,0.09439608984148161
1495,24.916666666666668,False,False,49.764967519179606,50.0,61.95566360065954,49.49198234824155,56.57763714360615,45.136916001622396,74.0,-0.23503248082039363,2.545956957407754,2.571416526981831,2.5664446894973585,1.3149264073994615,2.5375482397116427,1.3139291558293626,1.316432489899353,2.571416526981831,1.0807145047059081,1.454922111622375,1.3125988174758731,1.081581669832974,1.4569523023192468,2.2943219937298043,2.8358817298527033,0.14051981241989386,-0.2348508200663788,0.26446520287087205,-0.27709453325202693,False,False,0.047198044920740805,0.09439608984148161,0.04718378535101939,0.09436757070203879
1500,25.0,False,True,49.77172218956479,50.0,61.96961014297168,49.49877159711992,56.58183562475119,45.1314641049426,74.0,-0.228277810435209,2.54450596363185,2.5699510232681684,2.5651018617912538,1.315202452946113,2.535635430936546,1.314211003062277,1.3165671002630461,2.5699510232681684,1.0809954026307678,1.4555908137455607,1.31288037933723,1.08153082444659,1.4572860557358769,2.2928337014384037,2.834698723755466,0.14071895547283075,-0.23503627581645614,0.2647477004872978,-0.2771173218297647,False,False,0.04718378535101939,0.0,0.04816145106623259,0.09632290213246518
1505,25.083333333333332,False,True,49.79188006596425,50.0,62.00395905966816,49.518951696906,56.58876050373585,45.12820373948684,74.0,-0.20811993403575002,2.543111104833815,2.5685422158821534,2.563766212596935,1.3154800851354698,2.5316891355789304,1.314491030130941,1.3160312160453123,2.5685422158821534,1.0811419634138768,1.4561241111615921,1.3131601228769343,1.0808364977520315,1.4569752728951273,2.2914032521794434,2.8335720169171275,0.14094405684981504,-0.23519471829328076,0.2650298010349741,-0.27713896370270996,False,False,0.04816145106623259,0.0,0.05009004931330515,0.1001800986266103
1510,25.166666666666668,False,True,49.824397971150695,50.0,62.05702881515039,49.55147801188587,56.60224084132272,45.13016748114301,74.0,-0.17560202884930476,2.541862512584966,2.5672811377108156,2.5624876345482854,1.3157684995015797,2.525871930422964,1.3147693593461627,1.3148475396724917,2.5672811377108156,1.0809615833842885,1.4563294043810637,1.3134381702896918,1.0795231313213434,1.4560443994404255,2.290124010331122,2.832594987334279,0.14119685976793384,-0.23532440835114832,0.2653138496234635,-0.2771571273796938,False,False,0.05009004931330515,0.0,0.05198787819061329,0.10397575638122658
1515,25.25,False,True,49.86826175850974,50.0,62.12723654840311,49.59533528919931,56.62433580770309,45.1389794268113,74.0,-0.13173824149026103,2.540840196378565,2.5662485983423506,2.5613594988327004,1.3160793897916996,2.51833575672312,1.3150485968098988,1.313041067309996,2.5662485983423506,1.080341743487223,1.4560941784945074,1.3137171250329176,1.077615465663576,1.454518179917789,2.289075515253096,2.8318471878523455,0.14147711260779317,-0.23542560164642,0.2655985895099948,-0.2771730830892545,False,False,0.05198787819061329,0.0,0.05385080188106246,0.10770160376212493
1520,25.333333333333332,False,True,49.92245965789313,50.0,62.21314166117691,49.64951098070901,56.655786280324826,45.155215615041456,74.0,-0.07754034210687166,2.5401147179594723,2.565515865139067,2.560461351552721,1.3164237377230135,2.509222578575765,1.315334748932586,1.310640062418579,2.565515865139067,1.0792305921708458,1.4553665860597758,1.314002987430422,1.0751399436163338,1.452423061167932,2.2883242636424272,2.831395128522832,0.14178299874935307,-0.2355001188022452,0.265879263383765,-0.2771916014966398,False,False,0.05385080188106246,0.0,0.05567112824336376,0.11134225648672752
1525,25.416666666666668,False,True,49.98600308534131,50.0,62.31343133287073,49.71301599980975,56.696612614795306,45.17887965718532,74.0,-0.013996914658690685,2.5397476377348154,2.5651451141121635,2.5598596960826296,1.3168118028941929,2.4986650013082228,1.3156358734975298,1.3076747992166111,2.5651451141121635,1.0776100622919333,1.4541285640082717,1.3143038071042157,1.0721250197986243,1.449787501779654,2.2879281452713283,2.8312967123423673,0.14211270256304287,-0.23554977941798683,0.26615159823020385,-0.27721696884083524,False,False,0.05567112824336376,0.0,0.05744405225863291,0.11488810451726582
1530,25.5,False,True,50.05794502056136,50.0,62.42690801025176,49.78490304912893,56.74647566050972,45.20969007509414,74.0,0.057945020561362526,2.539792068614146,2.5651899893002876,2.559612428806848,1.3172531113389772,2.486786852296183,1.3159608868817887,1.3041764048400455,2.5651899893002876,1.075480256068489,1.4523802185981527,1.3146284914260378,1.068600023258281,1.446640834737802,2.287937003667858,2.8316017959346764,0.14246442989775643,-0.23557638158176442,0.2664118066343888,-0.2772529856324297,False,False,0.05744405225863291,0.0,0.059167493572572775,0.11833498714514555
1535,25.583333333333332,False,True,50.137388549066245,50.0,62.55247818989905,49.864275123659056,56.804863793410625,45.2472289479401,74.0,0.13738854906624454,2.5402933187159733,2.565696251903133,2.559769399801267,1.317756462530484,2.473703726475315,1.3163188837184088,1.300176167222462,2.565696251903133,1.0728512239851808,1.4501316043203092,1.3149861257809334,1.0645944947013009,1.4430126046531275,2.288393267068078,2.83235282050401,0.14283643743066543,-0.23558167252116125,0.26665656860087683,-0.277302984835055,False,False,0.059167493572572775,0.0,0.06084087372003299,0.12168174744006598
1540,25.666666666666668,False,True,50.22348934004335,50.0,62.689142338568374,49.95028795688939,56.871187742687766,45.2910171110446,74.0,0.22348934004335064,2.5412895543145186,2.566702449857664,2.560373043786044,1.3183299496386378,2.459523498676726,1.3167187819780803,1.295705145469483,2.566702449857664,1.0697386741850379,1.44739843329062,1.3153856191513569,1.0601378122629423,1.4389321935338997,2.2893325927641492,2.8335854561844913,0.14322704806441666,-0.23556733320654066,0.2668830063268275,-0.2773698570935146,False,False,0.06084087372003299,0.0,0.06246433972672446,0.12492867945344892
1545,25.75,False,True,50.31545510507275,50.0,62.83598587162052,50.042149454166626,56.944828996135406,45.34055241508038,74.0,0.31545510507275054,2.542812442614352,2.5682405670404953,2.5614590244743205,1.3189809861493762,2.4443468047877888,1.317169141809066,1.2907939452983466,2.5682405670404953,1.0661616738239894,1.4441997766050152,1.3158355229995777,1.055258973044125,1.4344286023228068,2.2907844841830087,2.8353292191200414,0.1436346570244602,-0.2355349722542215,0.26708865207954613,-0.2774560828574866,False,False,0.06246433972672446,0.0,0.06403836397291883,0.12807672794583766
1550,25.833333333333332,False,True,50.41254370005802,50.0,62.99217109000827,50.13911777348932,57.02516500546381,45.395329552402146,74.0,0.41254370005802343,2.544887756117642,2.5703366336788185,2.563056851651525,1.3197163348497587,2.4282674936195057,1.3176780739932508,1.2854725825799234,2.5703366336788185,1.0621413563962503,1.440556771665396,1.3163439398962056,1.0499864579182365,1.4295303157042536,2.2927728668169243,2.8376080473961625,0.14405773312433023,-0.23548612466168684,0.267271413717344,-0.2775637668618942,False,False,0.06403836397291883,0.0,0.06556355184722222,0.13112710369444444
1555,25.916666666666668,False,True,50.514060694591485,50.0,63.15692996718611,50.24049887540122,57.11158267644997,45.454850598479894,74.0,0.5140606945914854,2.5475359322378943,2.5730112915602734,2.565190457106543,1.320542137198617,2.4113730512483924,1.3182531949865424,1.2797703953098518,2.5730112915602734,1.0577001461083433,1.4364918465541636,1.3169184785812378,1.0443481424420977,1.4242652130158127,2.295316619436832,2.8404408322544965,0.14449481770596084,-0.2354222528677541,0.2674295406942231,-0.27769467212344123,False,False,0.06556355184722222,0.0,0.06704055353105662,0.13408110706211324
1560,26.0,False,True,50.61935680072014,50.0,63.329557681112874,50.345643939565065,57.203485808602835,45.518630777160276,74.0,0.6193568007201407,2.550772587533726,2.5762803134090633,2.5678787258456643,1.3214639421721952,2.39374499949455,1.318901606882227,1.273715983406919,2.5762803134090633,1.0528612572915623,1.432028219447191,1.3175662339765495,1.038371234552221,1.4186605059449537,2.298430061293143,2.8438419052948323,0.1449445225380348,-0.23534474885469803,0.267561591885769,-0.27785025211592007,False,False,0.06704055353105662,0.0,0.0684700261797571,0.1369400523595142
1565,26.083333333333332,False,True,50.72782534046174,50.0,63.5094067965405,50.453946816474804,57.300299302749885,45.58620169060903,74.0,0.7278253404617416,2.5546089884969647,2.5801550783819343,2.5711359832939875,1.322486734201358,2.375459270097587,1.3196298912962676,1.2673371662732007,2.5801550783819343,1.0476483477157568,1.4271895519280993,1.318293781006605,1.0320822295864631,1.4127426935511609,2.3021233977691837,2.847821484129751,0.1454055272779602,-0.23525493668673758,0.26766640574781686,-0.2780316806127505,False,False,0.0684700261797571,0.0,0.0698526199615461,0.1397052399230922
1570,26.166666666666668,False,True,50.838899828780015,50.0,63.69588201469067,50.56484160084096,57.40147155757357,45.65711314184322,74.0,0.8388998287800149,2.559052481852705,2.5846430066712323,2.5749724409494674,1.32361496006809,2.35658655605812,1.3204441114509469,1.2606609519059657,2.5846430066712323,1.04208526406148,1.4219996944608906,1.3191071767802443,1.0255068767415152,1.4065375287238762,2.3064031275833115,2.8523860795879177,0.14587657681791044,-0.23515407516445053,0.2677430729166854,-0.2782398790879208,False,False,0.0698526199615461,0.0,0.07118897506452701,0.14237795012905402
1575,26.25,False,True,50.952051699835806,50.0,63.888435419132165,50.6778003476968,57.50647579531971,45.73093413581731,74.0,0.9520516998358062,2.5641068876243294,2.5897479565005725,2.5793946035856146,1.324852554744944,2.337192641524265,1.3213498193632032,1.2537135145887897,2.5897479565005725,1.0361958467815444,1.4164824912519756,1.3200119676631858,1.0186701541263012,1.4000699932363458,2.3112724147504284,2.8575388676767695,0.1463564786475562,-0.23504336046248842,0.2677909111761969,-0.2784755417501441,False,False,0.07118897506452701,0.0,0.07247972346259418,0.14495944692518836
1580,26.333333333333332,False,True,51.06678818148633,50.0,64.08656215733043,50.792330938522966,57.614810713582656,45.80725337193532,74.0,1.0667881814863307,2.5697728581781094,2.5954705867598906,2.584405641213599,1.3262029662117414,2.317338711519514,1.3223520663766772,1.2465201790133962,2.5954705867598906,1.030003776229234,1.4106616263788558,1.321013199923391,1.0115962503342713,1.3933642793183478,2.3167314283983793,2.8632800294000718,0.14684410030495165,-0.23492392867912493,0.26780944264018114,-0.2787391583615113,False,False,0.07247972346259418,0.0,0.07372549247556388,0.14745098495112777
1585,26.416666666666668,False,True,51.182650312736314,50.0,64.28979650668472,50.90797509137203,57.72600068872633,45.88567940471121,74.0,1.182650312736314,2.5760482062795265,2.601808688342322,2.5900057288992255,1.3276691793033397,2.2970816427303746,1.3234554159705239,1.2391054095078198,2.601808688342322,1.0235324492807911,1.404560500413059,1.3221154323824977,1.0043085512381003,1.3864437764513209,2.3227776533250055,2.869607061316123,0.1473383669435011,-0.23479685826971952,0.26779837297380116,-0.2790310350173164,False,False,0.07372549247556388,0.0,0.07492690873129963,0.14985381746259926
1590,26.5,False,True,51.29921109461392,50.0,64.49770828190016,51.02430650514614,57.83959566668945,45.965840578044556,74.0,1.2992110946139235,2.5829282049573234,2.608757487006897,2.5961923573205645,1.3292537386471712,2.2764742764988335,1.324663958154309,1.231492803414376,2.608757487006897,1.0168048795746174,1.3982021306597945,1.3233227509269,0.9968296310600636,1.379331062439158,2.329406173941334,2.87651505948208,0.14783825902478198,-0.23466317235431233,0.2677575724751833,-0.27935131306556293,False,False,0.07492690873129963,0.0,0.07608460189804629,0.15216920379609258
1595,26.583333333333332,False,True,51.4160737635939,50.0,64.70989954736194,51.1409291262607,57.9551708283575,46.04738480012677,74.0,1.4160737635939,2.5904058617238994,2.6163099203411386,2.602960616711707,1.3309587707475372,2.2555656750957453,1.3259813249734516,1.2237050879258005,2.6163099203411386,1.0098436166384932,1.3916090702856025,1.3246387839266847,0.9891812470258058,1.3720478980623871,2.3366099340051094,2.8839969791886166,0.14834281013658668,-0.23452384089999467,0.267687058847478,-0.2796999863360292,False,False,0.07608460189804629,0.0,0.07719920792329518,0.15439841584659036
1600,26.666666666666668,False,True,51.532870176680106,50.0,64.92600160393262,51.2574755299611,58.072326088914444,46.1299792040569,74.0,1.532870176680106,2.5984721694612682,2.624456891155881,2.610303456596863,1.3327860052691531,2.2344013622865124,1.3274107067808214,1.2157641196584974,2.624456891155881,1.0026706804449614,1.3848033428741768,1.3260667185038528,0.9813843368821024,1.3646152245963379,2.3443799743197835,2.892043872660026,0.14885110493784048,-0.23437978277639504,0.26758698150414517,-0.2800769168360975,False,False,0.07719920792329518,0.0,0.07827137169170933,0.15654274338341867
1605,26.75,False,True,51.64925929785485,50.0,65.14567222441235,51.37360540030365,58.190685475091385,46.21330972704625,74.0,1.6492592978548473,2.607116336058422,2.633187499419006,2.6182119234899046,1.3347367955670129,2.213023549139479,1.3289548690154642,1.2076908867715883,2.633187499419006,0.9953075086849451,1.3778063897003914,1.327609317298402,0.9734590190710858,1.3570531639857608,2.3527056503623127,2.9006451066831263,0.1493622772141725,-0.23423186770050253,0.26745760726412016,-0.2804818490566934,False,False,0.07827137169170933,0.0,0.07930174909900793,0.15860349819801586
1610,26.833333333333332,False,True,51.764925776435526,50.0,65.36859311592183,51.489004105276194,58.309896411219924,46.29708063083686,74.0,1.7649257764355255,2.6163259946814876,2.6424892546283028,2.6266753785227195,1.3368121385041534,2.1914713459702826,1.3306161692886698,1.1995055129842787,2.6424892546283028,0.98777491468923,1.3706390276522062,1.3292689355126186,0.9654245949163531,1.3493810210313246,2.3615748316101746,2.909788561935365,0.14987550804704597,-0.23408091806792553,0.2672993073070624,-0.2809144230181282,False,False,0.07930174909900793,0.0,0.08029100857667242,0.16058201715334483
1615,26.916666666666668,False,True,51.87957860878314,50.0,65.59446759079616,51.60338135431418,58.429628940090325,46.38101398212474,74.0,1.8795786087831416,2.626087396372712,2.6523482703364394,2.63568169677277,1.339012693593735,2.169780961261575,1.3323965746206972,1.1912272633885277,2.6523482703364394,0.9800930542243499,1.3633214160269513,1.3310475382043023,0.957299552702608,1.3416172874696364,2.3709740841635925,2.919460815608129,0.1503900240811087,-0.23392771068591967,0.2671125452716896,-0.28137418617284693,False,False,0.08029100857667242,0.0,0.08123983211886798,0.16247966423773597
1620,27.0,False,True,51.992949875697626,50.0,65.82301843031743,51.71646993199092,58.54957489753898,46.46484910619621,74.0,1.9929498756976258,2.6363855865073114,2.6627494423723843,2.6452174498858607,1.3413388014971703,2.147985888346992,1.334297678704096,1.1828745517480002,2.6627494423723843,0.9722813997697243,1.3558730308088622,1.3329467174482035,0.9491015733341314,1.3337796476320862,2.380888838101993,2.9296473087642747,0.15090509588408607,-0.2337729784138688,0.2668978663918904,-0.2818606042703915,False,False,0.08123983211886798,0.0,0.0821489158683203,0.1642978317366406
1625,27.083333333333332,False,True,52.104793548672696,50.0,66.05398592784859,51.82802449972701,58.66944705629753,46.54834202431784,74.0,2.1047935486726956,2.6472045664872437,2.673676612152116,2.6552680734331338,1.3437905019058836,2.126117080600714,1.3363207190948807,1.1744649491508519,2.673676612152116,0.964358721103416,1.3483126452552254,1.3349677095267454,0.9408475374291713,1.3258849855396029,2.3913035408728662,2.940332499728048,0.151420036388751,-0.2336174117216806,0.26665588757593195,-0.2823730712792498,False,False,0.0821489158683203,0.0,0.08301897031765437,0.16603794063530875
1630,27.166666666666668,False,True,52.21488435895607,50.0,66.28712609973388,51.93782046479033,58.788978251262044,46.63126488275393,74.0,2.21488435895607,2.65852744191652,2.685112716335685,2.665818020300457,1.3463675508306663,2.104203115829322,1.3384665942527483,1.1660151936190324,2.685112716335685,0.9563430712364659,1.340658315831094,1.3371114120182483,0.9325535334539929,1.3179493930370623,2.4022017978850028,2.95150000467937,0.15193419941802988,-0.23346166016503944,0.26638728834368486,-0.2829109184506824,False,False,0.08301897031765437,0.0,0.0838507201803992,0.1677014403607984
1635,27.25,False,True,52.323016724061006,50.0,66.52220905376817,52.04565290056964,58.90792049781781,46.713405380874995,74.0,2.323016724061006,2.670336558382357,2.6970399239661806,2.6768509012821866,1.3490694373194723,2.082270350520641,1.340735880367433,1.157541201041995,2.6970399239661806,0.9482517768251234,1.3329273726218969,1.3393784005044382,0.9242348672384768,1.3099881793092343,2.4135665013651293,2.963132726511516,0.1524469782672393,-0.23330633380351817,0.2660928025453355,-0.28347342260105135,False,False,0.0838507201803992,0.0,0.08464490398187081,0.16928980796374163
1640,27.333333333333332,False,True,52.42900372700515,50.0,66.75901750616256,52.15133552581354,59.026044108777604,46.79456620100433,74.0,2.4290037270051528,2.6826136258588424,2.709439762117431,2.688349613938323,1.3518953996218204,2.060343064564841,1.3431288479210646,1.149058076772608,2.709439762117431,0.940101432497437,1.325136413660387,1.3417689452047399,0.9159060722248102,1.302015881129823,2.425379948435978,2.9752129729102137,0.15295780435721507,-0.23315200454779772,0.2657732107927826,-0.28405981368145294,False,False,0.08464490398187081,0.0,0.08540227341597473,0.17080454683194946
1645,27.416666666666668,False,True,52.53267614411432,50.0,66.9973454387982,52.25469972971133,59.143136819107966,46.874564445525046,74.0,2.532676144114319,2.695339832653563,2.7222932309800987,2.700296460673096,1.3548444408157374,2.0384435970259704,1.3456454779466522,1.140580128223728,2.7222932309800987,0.9319078984368261,1.317301302510577,1.3442830271712864,0.9075809207653449,1.294046274159659,2.437623949283493,2.9877225645218672,0.153466145935931,-0.2329992074583831,0.26542933354176856,-0.28466928169660566,False,False,0.08540227341597473,0.0,0.08612359250947176,0.1722471850189435
1650,27.5,False,True,52.63388151772854,50.0,67.23699688920479,52.35559364244502,59.259002922594284,46.953231082799824,74.0,2.6338815177285397,2.708495949731621,2.735580909228937,2.71267325690268,1.3579153439112759,2.0165924735072327,1.3482854779511333,1.1321208782594203,2.735580909228937,0.92368630081541,1.3094371687014252,1.346920354205713,0.8992724362625921,1.2860923850870272,2.450279926200138,3.0006429339978786,0.15397150682760685,-0.2328484419968282,0.2650620247689415,-0.28530098302879914,False,False,0.08612359250947176,0.0,0.0868096366311292,0.1736192732622584
1655,27.583333333333332,False,True,52.73248327058771,50.0,67.47778486616718,52.453881247390456,59.37346242497823,47.03041040378746,74.0,2.732483270587707,2.722062426174572,2.7492830504363175,2.725461430099008,1.3611066864431014,1.9948085256205823,1.351048297478166,1.1236930793661033,2.7492830504363175,0.9154510346932414,1.3015584106264035,1.3496803764098786,0.8909929061294293,1.2781665045881982,2.4633290042190907,3.01395521662984,0.15447342522209495,-0.23270017323667402,0.2646721661935225,-0.28595404621722675,False,False,0.0868096366311292,0.0,0.0874611913788239,0.1749223827576478
1660,27.666666666666668,False,True,52.828359859062104,50.0,67.71953038418275,52.54944153437123,59.48635021722642,47.105959490585796,74.0,2.828359859062104,2.7360194764630394,2.76337967122767,2.7386421104244656,1.3644168545633513,1.973109003040414,1.3539331432913246,1.115308728471182,2.76337967122767,0.9072157690680106,1.2936787005935508,1.3525623013558743,0.8827538954351144,1.2702802009737628,2.476752093989526,3.027640333225806,0.1549714725025808,-0.2325548330360676,0.264260661998136,-0.28662757723814414,False,False,0.0874611913788239,0.0,0.08807905137396262,0.17615810274792523
1665,27.75,False,True,52.92140396273263,50.0,67.9620616101983,52.64216768727628,59.597515272653226,47.179747698238465,74.0,2.921403962732633,2.7503471602102456,2.777850631812348,2.752196213607666,1.3678440566449672,1.9515096785921817,1.356938994162814,1.1069790825710426,2.777850631812348,0.8989934537850139,1.2858109917357687,1.355565108831388,0.8745662613867797,1.262444334670434,2.490529967485409,3.0416790658200688,0.15546525209939133,-0.23241282118426287,0.2638284340077206,-0.28732066432693903,False,False,0.08807905137396262,0.0,0.08866401898890867,0.17732803797781735
1670,27.833333333333332,False,True,53.01152170812229,50.0,68.20521311617271,52.731966306596824,59.70681986930741,47.25165614938824,74.0,3.011521708122288,2.765025454918592,2.7926757094677783,2.7661045166527387,1.3713863364048848,1.9300249467996018,1.3600646152564781,1.0987146750212469,2.7926757094677783,0.8907963281309214,1.277967526604912,1.358687565262926,0.8664401684992444,1.2546690733911718,2.5046433270884854,3.0560521267571157,0.15595439836992497,-0.23227450652200243,0.26337641728933736,-0.28803238237929296,False,False,0.08866401898890867,0.0,0.08921690302986245,0.1784338060597249
1675,27.916666666666668,False,True,53.0986319246379,50.0,68.448825231065,52.81875666680135,59.814138839860696,47.32157724211234,74.0,3.0986319246378997,2.780034322282121,2.8078346655049424,2.7803477269228005,1.3750415855558427,1.9086679162885185,1.3633085720969018,1.0905253323859234,2.8078346655049424,0.8826359309182185,1.270159847256559,1.3619282376411777,0.8583851043490829,1.2469639078895483,2.5190728685397734,3.0707402216440864,0.15643857550362483,-0.23214022803684053,0.262905556139144,-0.288761796965169,False,False,0.08921690302986245,0.0,0.08973851739453809,0.17947703478907617
1680,28.0,False,True,53.18266543100424,50.0,68.69274348585941,52.90246999965881,59.91935885136707,47.389414171491985,74.0,3.1826654310042386,2.7953537685133614,2.823307306198495,2.79490654509193,1.3788075559951054,1.8874504964214984,1.3666692441188824,1.0824201921406622,2.823307306198495,0.8745231118748893,1.2623988066399976,1.3652855070217358,0.8504098961918979,1.2393376685773176,2.5337993382122552,3.0857241066244123,0.15691747643665543,-0.23201029594876432,0.26241680042591753,-0.28950796798623957,False,False,0.08973851739453809,0.0,0.0902296797212307,0.1804593594424614
1685,28.083333333333332,False,True,53.26356435066705,50.0,68.93681814522554,52.98304881173028,60.02237771410279,47.45508046311373,74.0,3.2635643506670533,2.8109638991333776,2.8390735381247114,2.809761722418334,1.3826818715380653,1.8663834785146323,1.3701448377935928,1.0744077207727334,2.8390735381247114,0.8664680442853144,1.2546945812394374,1.3687575816890332,0.8425227279997348,1.2317985425621178,2.5488035851201043,3.100984640387988,0.15739082178938446,-0.23188499277299857,0.2619111022632765,-0.2902699530046071,False,False,0.0902296797212307,0.0,0.09069121004366279,0.18138242008732558
1690,28.166666666666668,False,True,53.341281454805845,50.0,69.1809038193913,53.060446227706926,60.12310372239231,47.51849951976792,74.0,3.341281454805845,2.8268449686280923,2.855113418314373,2.824894112754046,1.3866620392044577,1.8454766119668207,1.3737333993295395,1.0664957325582236,2.855113418314373,0.8584802386880712,1.2470566847721087,1.3723425098517055,0.8347311581842976,1.2243540913709734,2.5640666080461645,3.1165028312995835,0.1578583588127498,-0.23176457437392606,0.26138941298521035,-0.29104681026820867,False,False,0.09069121004366279,0.0,0.0911239294633228,0.1822478589266456
1695,28.25,False,True,53.41577953174131,50.0,69.42485914978928,53.134625357886975,60.22145502693244,47.57960418010438,74.0,3.4157795317413076,2.8429774253417683,2.871407199595186,2.8402847196728738,1.390745460064788,1.8247386756118553,1.377432826947832,1.0586914090013761,2.871407199595186,0.850568557570568,1.239493982883195,1.3760381918400981,0.8270421379886794,1.2170112693423012,2.5795695981391367,3.132259879996951,0.15831986034092504,-0.23164927101269672,0.260852680401765,-0.29183760145604953,False,False,0.0911239294633228,0.0,0.09152865884950993,0.18305731769901987
1700,28.333333333333332,False,True,53.4870307816443,50.0,69.66854656203857,53.20555869727991,60.31735903793813,47.638336288048436,74.0,3.4870307816443002,2.859341951949564,2.8879353714690597,2.855914739068044,1.3949294396545147,1.804177544584878,1.3812408827325307,1.0510013185240952,2.8879353714690597,0.8427412310050998,1.2320147087821736,1.3798423920109144,0.8194620301481339,1.2097764422869566,2.595293977304586,3.1482372177827513,0.1587751237628614,-0.23153928837596127,0.2603018463136917,-0.29264139416447366,False,False,0.09152865884950993,0.0,0.0919062175753439,0.1838124351506878
1705,28.416666666666668,False,True,53.55501623555668,50.0,69.91183207984787,53.273227541468465,60.41075186149109,47.694646274371465,74.0,3.5550162355566783,2.8759195018248556,2.904678696843104,2.8717655975436687,1.3992111979635196,1.7838002529771853,1.3851552040579311,1.043431436964811,2.904678696843104,0.8350058730503761,1.2246264796446344,1.3837527501393652,0.8119966283557063,1.202655406954133,2.6112214326892556,3.1644165411097704,0.1592239699893221,-0.2314348086091047,0.25973784426666624,-0.29345726415384865,False,False,0.0919062175753439,0.0,0.0922574222963825,0.184514844592765
1710,28.5,False,True,53.61972519782412,50.0,70.15458519348307,53.337621433448234,60.5015777656593,47.748492747454286,74.0,3.619725197824117,2.892691331593314,2.921618244909247,2.887818986899513,1.4035878790084455,1.7636130525367792,1.3891733145955125,1.0359871681803543,2.921618244909247,0.8273694989607341,1.2173363138217659,1.3877667923866739,0.8046511768504749,1.195653410619864,2.6273339475357687,3.1807798424365177,0.15966624243950966,-0.23133599132987936,0.2591615975272705,-0.2942842973734785,False,False,0.0922574222963825,0.0,0.09258308577739859,0.18516617155479717
1715,28.583333333333332,False,True,53.68115471111604,50.0,70.39667877653464,53.39873762779144,60.58978867889553,47.7998420951405,74.0,3.6811547111160365,2.909639030144258,2.938735420445701,2.904056894986143,1.4080565599955557,1.743621467656526,1.3932926349041042,1.0286733652511704,2.938735420445701,0.8198385430116868,1.2101506486661806,1.3918819419307966,0.7974303906080273,1.18877517127776,2.6436138286645803,3.1973094377100666,0.16010180602658952,-0.23124297464314303,0.2585740172643658,-0.2951215917811205,False,False,0.09258308577739859,0.0,0.09288401577150057,0.18576803154300114
1720,28.666666666666668,False,True,53.73930904327115,50.0,70.63798904485157,53.45658057985298,60.67534371774437,47.84866809549002,74.0,3.739309043271149,2.9267445443502544,2.956011989793757,2.9204616331873234,1.4126142600818747,1.7238303468771357,1.3975104926075261,1.0214943518631208,2.956011989793757,0.8124188769532411,1.203075358985502,1.3960955290992842,0.7903384757205207,1.18202489801932,2.6600437308216005,3.2139879907145557,0.16053054615619922,-0.23115587614260003,0.25797600092079875,-0.2959682589721564,False,False,0.09288401577150057,0.0,0.09316101395474853,0.18632202790949706
1725,28.75,False,True,53.794199195262465,50.0,70.87839555168067,53.511161454047276,60.75820874418479,47.894951537021214,74.0,3.7941991952624647,2.9439902017281985,2.9734301037454807,2.937015860768078,1.4172579487424783,1.7042439111184586,1.4018241321645446,1.0144539440277458,2.9734301037454807,0.8051158289698569,1.1961157760025856,1.400404801136074,0.7833791501205065,1.1754063117580045,2.676606678113139,3.2307985345070054,0.16095236773025867,-0.23107479390723928,0.2573684307615247,-0.29682342563234165,False,False,0.09316101395474853,0.0,0.09341487491878118,0.18682974983756237
1730,28.833333333333332,False,True,53.84584242961966,50.0,71.11778121326014,53.56249765514401,60.83835595073372,47.93867984749778,74.0,3.8458424296196583,2.9613587302588953,2.9909723175614844,2.953702606310072,1.421984553751951,1.6848657988396682,1.4062307242365568,1.0075554718761033,2.9909723175614844,0.7979342031028908,1.189276706778222,1.4048069315875638,0.7765556643920333,1.1689226660405834,2.6932860827345246,3.247724490146798,0.1613671941644801,-0.23099980748407,0.2567521725853137,-0.2976862348269598,False,False,0.09341487491878118,0.0,0.09364638522281632,0.18729277044563264
1735,28.916666666666668,False,True,53.89426181868721,50.0,71.35603235936566,53.61061237754242,60.91576347306666,47.979846731760645,74.0,3.8942618186872124,2.9788332755673563,3.00862160832303,2.9705052864406616,1.4267909687881386,1.6656991083167583,1.4107273746588855,1.000801801643911,3.00862160832303,0.7908782990242677,1.1825624539850605,1.4092990292054766,0.7698708227810103,1.1625767680577375,2.7100657611847474,3.2647496829111713,0.16177496641382638,-0.23093097886290082,0.25612807458814135,-0.29855584713828254,False,False,0.09364638522281632,0.0,0.09385632250623263,0.18771264501246526
1740,29.0,False,True,53.93948581212686,50.0,71.59303880359042,53.65553417366954,60.99041502794199,48.01845181772856,74.0,3.939485812126861,2.9963974156524698,3.0263613898089945,2.9874077220479593,1.4316740606664786,1.646746437214383,1.4153111330220034,0.9941953577008372,3.0263613898089945,0.7839519321188819,1.1759768359902611,1.4138781465568628,0.7633270042619535,1.1563709997110383,2.7269299481466427,3.2818583561762504,0.16217564201020107,-0.23086835343888368,0.25549696636725594,-0.2994314416623518,False,False,0.09385632250623263,0.0,0.09404545466178345,0.1880909093235669
1745,29.083333333333332,False,True,53.981547823102794,50.0,71.82869392845538,53.697296543062585,61.062299574996274,48.05450031044057,74.0,3.981547823102794,3.0140351733422563,3.044175525075679,3.0043941521614466,1.4366306762133045,1.6280099196183524,1.4199790008693847,0.9877381444620642,3.044175525075679,0.7771584537995715,1.169523207170714,1.4185412882533912,0.7569261835041686,1.150307338579363,2.7438633082003743,3.2990351831313647,0.16256919411729875,-0.23081196095789558,0.25485965805568567,-0.30031221687530474,False,True,0.09404545466178345,0.0,0.09421453906969673,0.18842907813939347
1750,29.166666666666668,False,True,54.02048583260923,50.0,72.06289478078703,53.735937537063506,61.13141100170819,48.088002654690705,74.0,4.020485832609232,3.0317310266394686,3.062048336905863,3.0214492456658695,1.441657648786665,1.6094912606850116,1.4247279395190282,0.9814317682998536,3.062048336905863,0.7705007719493714,1.1632044783555282,1.4232854186534951,0.750669951849696,1.1443873788970647,2.7608509455270953,3.316265276483541,0.1629556105972111,-0.2307618164501576,0.2542169395776779,-0.3011973913787678,False,True,0.09421453906969673,0.0,0.09436432189190323,0.18872864378380647
1755,29.25,False,True,54.05634201142063,50.0,72.29554217316249,53.77149938391418,61.197747828921834,48.11897420542221,74.0,4.056342011420632,3.0494699171117485,3.079964616282866,3.038558111005318,1.4467518044532819,1.5911917690542683,1.4295548775160076,0.9752774591607978,3.079964616282866,0.7639813714546442,1.1570231373594009,1.4281074694327345,0.7445595380187766,1.1386123522596592,2.777878411749722,3.333534196299091,0.1633348930988614,-0.23071792114202117,0.253569580016225,-0.30208620453314383,False,True,0.09436432189190323,0.0,0.09449553742571183,0.18899107485142366
1760,29.333333333333332,False,True,54.08916235916079,50.0,72.52654078760054,53.80402812750274,61.26131293642848,48.14743490674625,74.0,4.089162359160788,3.0672372564708117,3.0979096290355197,3.0557063040244064,1.4519099678304082,1.5731123871641486,1.4344567177236671,0.9692760920800629,3.0979096290355197,0.7576023347154421,1.15098126949321,1.4330043465830842,0.7385958287261636,1.1329831482403558,2.7949317120484483,3.3508279561199434,0.1637070561602929,-0.23068026335389935,0.25291832708442374,-0.30297791698707144,False,True,0.09449553742571183,0.0,0.09460890751575063,0.18921781503150126
1765,29.416666666666668,False,True,54.11899636000198,50.0,72.75579927806682,53.83357328614887,61.322113305646496,48.17340897859695,74.0,4.118996360001979,3.0850189314760956,3.1158691207908564,3.072879834084196,1.4571289676014094,1.5552537195963763,1.4394303440613225,0.9634282082394475,3.1158691207908564,0.7513653621107561,1.1450805780294875,1.4379729371779377,0.7327793888675183,1.1275003345766659,2.8119973096801276,3.368133027483827,0.16407212633721835,-0.23064881937192927,0.2522639066929706,-0.3038718111107288,False,True,0.09460890751575063,0.0,0.09470514102293753,0.18941028204587507
1770,29.5,False,True,54.145896654516044,50.0,72.98323036875531,53.86018752555531,61.38015977928278,48.196924612244096,74.0,4.145896654516044,3.102801307289956,3.1338293203628558,3.0900651685819773,1.4624056417139832,1.5376160595746418,1.444472627896552,0.9577340357311278,3.1338293203628558,0.7452717922959157,1.1393224045000439,1.4430101157563968,0.7271104814310281,1.1221641770822304,2.829062129022673,3.3854363429694674,0.16443014135110257,-0.23062355430009973,0.2516070226066116,-0.3047671913401828,False,True,0.09470514102293753,0.0,0.09478493334876098,0.18956986669752196
1775,29.583333333333332,False,True,54.169918727211495,50.0,73.2087509455029,53.88392634721693,61.43546683556942,48.218013674116946,74.0,4.1699187272114955,3.120571229403713,3.15177694169775,3.10724923599607,1.467736842269985,1.5201994137298211,1.449580434100317,0.9521935098946506,3.15177694169775,0.7393226222970175,1.1337077487906126,1.448112750356131,0.7215890870061008,1.116974659155719,2.846113557258243,3.4027252978805618,0.16478114926106846,-0.23060442288854976,0.25094835618281186,-0.3056633844395069,False,True,0.09478493334876098,0.0,0.09484896601343017,0.18969793202686033
1780,29.666666666666668,False,True,54.19112060929783,50.0,73.43228213808241,53.90484779303496,61.488052375549785,48.23671141804852,74.0,4.191120609297833,3.1383160242466,3.169699184489066,3.1244194275694026,1.4731194401158805,1.5030035252394829,1.4547506267733505,0.9468062931241639,3.169699184489066,0.7335185273404311,1.1282372889705714,1.4532777082680242,0.7162149227893871,1.111931500787058,2.863139444802122,3.419987750675438,0.16512520766289418,-0.23059137033477672,0.2502885661863723,-0.3065597396869437,False,True,0.09484896601343017,0.0,0.0948979062857956,0.1897958125715912
1785,29.75,False,True,54.209562596228366,50.0,73.65374939149928,53.923012163429696,61.53793752248353,48.25305620645847,74.0,4.209562596228366,3.156023498582942,3.187583733568771,3.14156359773878,1.4785503291428683,1.4860278954424875,1.459980074652336,0.9415717941900312,3.187583733568771,0.7278598803409276,1.1229114007812828,1.4585018613954617,0.7109874611300853,1.1070341771029297,2.880128104577746,3.437212022242855,0.1654623829128985,-0.23058433305994597,0.2496282886740837,-0.3074556289910251,False,True,0.0948979062857956,0.0,0.09493240686342203,0.18986481372684405
1790,29.833333333333332,False,True,54.22530697957787,50.0,73.87308252478071,53.93848175141802,61.58514643158492,48.26708924027707,74.0,4.225306979577873,3.1736819377965313,3.2054187571744968,3.1586700634103004,1.4840264303057351,1.4692718040233714,1.4652656562045558,0.9364891869129588,3.2054187571744968,0.7223467710099855,1.117730176744604,1.463782091364692,0.7059059474581989,1.1022819362952265,2.89706831023235,3.454386894118412,0.16579274938226773,-0.2305832394547599,0.2489681369439154,-0.30835044694214675,False,True,0.09493240686342203,0.0,0.09495310560052307,0.18990621120104614
1795,29.916666666666668,False,True,54.23841779281956,50.0,74.09021577609474,53.951320588420494,61.62970610954018,48.27885429827436,74.0,4.238417792819561,3.191280103155307,3.22319290418686,3.175727602175381,1.4895446953695044,1.4527343278554428,1.4706042644197435,0.9315574283083606,3.22319290418686,0.7169790245103698,1.1126934448176642,1.4691152942983992,0.7009694177086205,1.0976738170453244,2.9139492933820668,3.47150160573041,0.16611638873696377,-0.2305880105997401,0.24830870154354967,-0.30924361080479335,False,True,0.09495310560052307,0.0,0.09496062528193254,0.18992125056386508
1800,30.0,False,True,54.248960570570915,50.0,74.30508783336192,53.96159420456289,61.67164624180808,48.28839748527296,74.0,4.248960570570915,3.2088072281438653,3.240895300425304,3.1927254495562383,1.4951021103929245,1.4364143585860993,1.4759928113079528,0.9267752760390886,3.240895300425304,0.7117562196426515,1.1078007865795931,1.4744983853403484,0.6961767150847806,1.0932086652879218,2.930760739970038,3.488545850758706,0.16643338924883322,-0.23059856095430797,0.2476505503334021,-0.3101345604552659,False,True,0.09496062528193254,0.0,0.09495557344090275,0.1899111468818055
1805,30.083333333333332,False,True,54.25700212088393,50.0,74.51764184982645,53.96936940206786,61.71099902723226,48.29576698978702,74.0,4.257002120883932,3.226253013946128,3.2585155440855895,3.209653295364372,1.500695698957806,1.4203106190428183,1.4814282321122978,0.9221413051912442,3.2585155440855895,0.7066777065045128,1.1030515548910123,1.4799283028432457,0.6915265061756388,1.0888851503282142,2.9474927858161233,3.5055097726851736,0.16674384513697005,-0.23061479901560533,0.2469942285995841,-0.31102275826946624,False,True,0.09495557344090275,0.0,0.09493854221865371,0.18987708443730741
1810,30.166666666666668,False,True,54.26261031016005,50.0,74.72782544433016,53.97471404082261,61.74779901914453,48.30101285125591,74.0,4.262610310160049,3.2436076241556164,3.2760437003971727,3.2265012792506482,1.5063225251531818,1.4044216785334616,1.4869074892454657,0.9176539243730714,3.2760437003971727,0.7017426235855324,1.098444890989015,1.4854020122930252,0.6870172964256468,1.0847017803120358,2.964136011432149,3.522383959609676,0.16704785593896443,-0.23063662794742457,0.24634025921250347,-0.31190768896502385,False,True,0.09493854221865371,0.0,0.09491010826346413,0.18982021652692826
1815,30.25,False,True,54.265853860276614,50.0,74.93559068628575,53.977696836077726,61.7820829719921,48.30418673682344,74.0,4.265853860276614,3.260861678786126,3.2934702955739876,3.2432599855209125,1.5119796963231964,1.3887459671100735,1.492427575958862,0.9133113911074998,3.2934702955739876,0.6969499142744621,1.0939797409946337,1.4909165099695656,0.6826474449290139,1.0806569170203053,2.980681436172199,3.5391594384010983,0.1673455259128055,-0.23066394617848596,0.24568914282711063,-0.3127888594017887,False,True,0.09491010826346413,0.0,0.09487083266735997,0.18974166533471995
1820,30.333333333333332,False,True,54.26680215751483,50.0,75.14089406556842,53.978387168377395,61.813889692838075,48.30534172774406,74.0,4.266802157514832,3.2780062476512772,3.31078631012779,3.259920437286649,1.5176643655875575,1.3732817888611282,1.4979855197533092,0.9091118264889065,3.31078631012779,0.6922983427539993,1.0896548718077932,1.4964688264170491,0.6784151785196246,1.0767487899591173,2.9971205117833333,3.5558276682487744,0.16763696347021073,-0.2306966479692819,0.2450413581209845,-0.3136657983444566,False,True,0.09487083266735997,0.0,0.09482126093800002,0.18964252187600003
1825,30.416666666666668,False,True,54.26552507288611,50.0,75.34369644774257,53.97685490262742,61.84325989734393,48.304532115582695,74.0,4.265525072886113,3.29503284317727,3.327983171609043,3.2764740900160536,1.5233737341433076,1.3580273342932077,1.5035783855401306,0.9050532292071057,3.327983171609043,0.687786509258062,1.0854688863647663,1.502056029489677,0.6743186052554804,1.0729755098443543,3.0134451154181585,3.5723805336757763,0.16792228063724857,-0.23073462395162536,0.24439736206673324,-0.3145380561908846,False,True,0.09482126093800002,0.0,0.09476192300391137,0.18952384600782274
1830,30.5,False,True,54.26209279345783,50.0,75.54396301520917,53.97317022181594,61.87023606897493,48.30181320761929,74.0,4.262092793457832,3.3119334127093145,3.3450527468364077,3.2929128245469674,1.529105053356562,1.3429806918593847,1.5092032785614442,0.9011334887031172,3.3450527468364077,0.6834128647045811,1.0814202382711486,1.5076752273680996,0.6703557270707253,1.0693350812538824,3.0296475421669813,3.5888103370717785,0.16820159255076528,-0.23077776163239183,0.2437575902353708,-0.31540520466942645,False,True,0.09476192300391137,0.0,0.09469333325085245,0.1893866665017049
1835,30.583333333333332,False,True,54.25657566428497,50.0,75.74166319500225,53.967403468101914,61.89486232263775,48.29724114261811,74.0,4.2565756642849735,3.3287003303684783,3.3619873336721633,3.3092289396193797,1.5348556266527604,1.3281398586880755,1.5148573470784283,0.897350397736309,3.3619873336721633,0.6791757246405401,1.0775072457470716,1.513323571209776,0.6665244518641651,1.0658254147162338,3.045720497163762,3.605109790799704,0.16847501697992484,-0.2308259458721439,0.24312245712754077,-0.31626683650840137,False,True,0.09469333325085245,0.0,0.09461599058729539,0.18923198117459078
1840,30.666666666666668,False,True,54.249044040559355,50.0,75.93677057407969,53.95962499552003,61.91718427106433,48.29087271585288,74.0,4.249044040559355,3.345326388512253,3.3787796523973754,3.3254151439817328,1.5406228112138585,1.313502750562848,1.5205377848362513,0.8937016641863283,3.3787796523973754,0.6750732825424762,1.0737281049278697,1.5189982575796876,0.6628226048540401,1.062444338065542,3.0616570873167213,3.621272008927029,0.1687426738792136,-0.23087905933228825,0.24249235652965373,-0.3171225650806542,False,True,0.09461599058729539,0.0,0.09453037853699539,0.18906075707399078
1845,30.75,False,True,54.23956814959405,50.0,76.12926280304654,53.94990503162659,61.93724889436129,48.282765213770325,74.0,4.239568149594049,3.3618047888487843,3.3954228367372723,3.341464548121875,1.5464040194907485,1.2990672112005748,1.5262418333142624,0.8901849221928296,3.3954228367372723,0.6711036224503707,1.0700809024981484,1.5246965307785558,0.6592479392979944,1.0591896071616729,3.077450812711321,3.6372904986294468,0.16900468496884324,-0.23093698289483522,0.24186766189217446,-0.31797202402595115,False,True,0.09453037853699539,0.0,0.09443696535675337,0.18887393071350675
1850,30.833333333333332,False,True,54.22821796226585,50.0,76.31912148931832,53.93831354994873,61.95510441232332,48.27297625797833,74.0,4.228217962265852,3.3781291332515866,3.4119104245841023,3.357370655670384,1.55219672053907,1.2848310208724254,1.5319667837699613,0.88679774255942,3.4119104245841023,0.6672647309470764,1.0665636276713708,1.5304156847903414,0.6557981465071973,1.056058915904499,3.093095557730309,3.653159151311595,0.16926117334507906,-0.23099959605222276,0.24124872672749254,-0.31881486685379334,False,True,0.09443696535675337,0.0,0.09433620417739219,0.18867240835478438
1855,30.916666666666668,False,True,54.21506307354457,50.0,76.50633208078038,53.92492014882234,61.97080015996914,48.26156365881165,74.0,4.21506307354457,3.3942934143185846,3.4282363484617706,3.373127354520952,1.5579984411864172,1.2707919044094678,1.5377099790851465,0.8835376425984124,3.4282363484617706,0.6635545084719952,1.0631741835037019,1.5361530651858175,0.6524708653244191,1.0530499057121327,3.1085855819326933,3.668872233486697,0.16951226311372036,-0.23106677727399327,0.2406358850249264,-0.3196507665290773,False,True,0.09433620417739219,0.0,0.09422853316610302,0.18845706633220605
1860,31.0,False,True,54.200172591743964,50.0,76.69088374102881,53.90979394236468,61.98438646523006,48.2485852775285,74.0,4.200172591743964,3.4102920057164674,3.444394925773632,3.3887289077096954,1.5638067670387927,1.256947538632074,1.5434688154225311,0.88040209519565,3.444394925773632,0.6599707800137624,1.0599103975868471,1.5419060707625705,0.6492636908533788,1.0501601742504212,3.123915510730762,3.6844243774542558,0.16975807905477114,-0.2311384043422713,0.24002945168062384,-0.32047941504287003,False,True,0.09422853316610302,0.0,0.09411437570835235,0.1882287514167047
1865,31.083333333333332,False,True,54.183615036136025,50.0,76.87276921728986,53.89300345778525,61.99591453030383,48.234098898051535,74.0,4.183615036136025,3.4261196523486546,3.4603808488721413,3.4041699440925086,1.5696193433340024,1.243295559239943,1.5492407437009699,0.8773885373308531,3.4603808488721413,0.6565113051444961,1.056770032082464,1.5476721550239292,0.6461741826658526,1.0473872836402074,3.1390803259017193,3.6998105718123417,0.1699987463093543,-0.2312143546650005,0.23942972294020048,-0.321300522970422,False,True,0.09411437570835235,0.0,0.09399414060769472,0.18798828121538944
1870,31.166666666666668,False,True,54.16545824257555,50.0,77.0519847021109,53.874616539617726,62.005436315755304,48.21816210731471,74.0,4.1654582425755535,3.4417714603826055,3.4761891749864318,3.4194454488570303,1.5754338756495105,1.2298335671972673,1.555023270897328,0.8744943780387713,3.4761891749864318,0.6531737874431192,1.0537507931456371,1.5534488274821798,0.643199872472216,1.0447287681280133,3.1540753559680286,3.7150261518385914,0.17023439008924202,-0.2312945055665553,0.23883697685215965,-0.3221138190184032,False,True,0.09399414060769472,0.0,0.09386822230164445,0.1877364446032889
1875,31.25,False,True,54.14576927678988,50.0,77.22852968989909,53.85470026416279,62.01300442706861,48.2008321837054,74.0,4.145769276789878,3.4572428871697727,3.49181531604147,3.43455075390331,1.5812481304721033,1.2165591346454654,1.5608139611828598,0.8717170056934175,3.49181531604147,0.6499558833368663,1.0508503397665334,1.559233654756781,0.6403382711419311,1.0421821411066758,3.168896266478243,3.730066789771688,0.17046513541325836,-0.2313787345514864,0.2382514737302177,-0.32291904956322703,False,True,0.09386822230164445,0.0,0.09373700109215471,0.18747400218430943
1880,31.333333333333332,False,True,54.12461435499486,50.0,77.40240682935462,53.83332085916276,62.018672004913206,48.18216599420812,74.0,4.124614354994861,3.472529731089154,3.507255028400045,3.4494815281249656,1.5870599356365291,1.2034698103738977,1.5666104369018052,0.8690537948214024,3.507255028400045,0.6468552103410614,1.0480662920103316,1.5650242616140078,0.6375868752721701,1.0397449016841067,3.18353905021787,3.7449284850228572,0.17069110686270428,-0.23146691954923237,0.23767345662281203,-0.32371597818217523,False,True,0.09373700109215471,0.0,0.09360084338907632,0.18720168677815263
1885,31.416666666666668,False,True,54.10205877150536,50.0,77.57362177280648,53.81054363204552,62.022492618333075,48.16221989931541,74.0,4.102058771505362,3.4876281213432208,3.522504402556653,3.464233767620364,1.5928671806400945,1.1905631248771167,1.5724103793997817,0.8665021123266434,3.522504402556653,0.6438693547470927,1.0453962387053426,1.5708183317430213,0.6349431731911028,1.0374145406867197,3.1980000173776957,3.759607554344836,0.17091242836007625,-0.2315589391355406,0.2371031517881832,-0.3245043851789573,False,True,0.09360084338907632,0.0,0.09346010196510543,0.18692020393021086
1890,31.5,False,True,54.07816683301598,50.0,77.74218302341227,53.786432902523806,62.02452016159035,48.14104966587805,74.0,4.0781668330159775,3.5025345077328836,3.5375598528102126,3.478803785861266,1.598667816840023,1.1778365950254284,1.5782115297093458,0.8640593233030359,3.5375598528102126,0.6409958787594913,1.0428377445802288,1.576613608444086,0.6324046505657236,1.035188546267394,3.212275785705019,3.7741006219837265,0.17112922296435806,-0.23165467273731233,0.23654076917351397,-0.32528406710519375,False,True,0.09346010196510543,0.0,0.09331511622085915,0.1866302324417183
1895,31.583333333333332,False,True,54.053001799235346,50.0,77.90810178113009,53.76105194559564,62.02480875391048,48.11871038696457,74.0,4.053001799235346,3.5172456504361533,3.552418106940515,3.4931882038443725,1.6044598575401738,1.1652877283739078,1.5840116890999376,0.8617227962143534,3.552418106940515,0.6382323271325667,1.0403883569007877,1.5824078952435685,0.6299687954015948,1.0330644089053505,3.226363270661295,3.7884046098372646,0.171341612690997,-0.23175400081275865,0.2359865028967496,-0.32605483627922016,False,True,0.09331511622085915,0.0,0.09316621245873533,0.18633242491747065
1900,31.666666666666668,False,True,54.02662582956414,50.0,78.07139178831227,53.73446293464127,62.0234126438623,48.095256409617924,74.0,4.026625829564139,3.5317586098132843,3.567076195911417,3.5073839402492797,1.6102413779735365,1.1529140271334417,1.589808719499281,0.8594899078534127,3.567076195911417,0.6355762332763705,1.0380456115760464,1.588199056216081,0.6276331028310633,1.0310396261945,3.240259675607911,3.802516727641209,0.17154971834108734,-0.2318568050223494,0.23544053172979185,-0.32681652030350605,False,True,0.09316621245873533,0.0,0.09301370416417395,0.1860274083283479
1905,31.75,False,True,53.99909993551603,50.0,78.23206917570938,53.70672689677258,62.02038611601937,48.07074126840423,74.0,3.9990999355160284,3.5460707362593538,3.581531443621947,3.5213882016245597,1.6160105151867246,1.140712991825918,1.5956005437930516,0.8573580476243206,3.581531443621947,0.6330251249350017,1.0358070388367073,1.5939850163505527,0.6253950792506775,1.029111706980989,3.2539624820400608,3.8164344632038256,0.17175365935666842,-0.23196296837364305,0.23490301958187843,-0.3275689615818864,False,True,0.09301370416417395,0.0,0.09285789229330588,0.18571578458661175
1910,31.833333333333332,False,True,53.970483938587606,50.0,78.39015230960842,53.677903668969364,62.01578340280991,48.04521762650141,74.0,3.9704839385876056,3.5601796601235396,3.595781456724775,3.535198472621943,1.6217654678324878,1.1286821246443164,1.6013851460095339,0.8553246216039861,3.595781456724775,0.6305765293689378,1.0336701684176104,1.5997637617259444,0.6232522462468669,1.0272781752890046,3.2674694398870696,3.8301555727068144,0.1719535536850184,-0.23207237535711922,0.2343741159820394,-0.3283120168377054,False,True,0.09285789229330588,0.0,0.09269906556568192,0.18539813113136383
1915,31.916666666666668,False,True,53.94083643329187,50.0,78.54566164076515,53.64805186028751,62.00965859953348,48.01873722247834,74.0,3.940836433291871,3.574083281712727,3.609824114529854,3.548812506296942,1.6275044958760734,1.1168189325371574,1.6071605713957196,0.8533870561915956,3.609824114529854,0.6282279781328998,1.0316325343357324,1.6055333395551772,0.621202144125631,1.025536573850591,3.2807785578959474,3.843678071089462,0.17214951765899544,-0.2321849120659646,0.23385395655960783,-0.3290455566339068,False,True,0.09269906556568192,0.0,0.09253750076109726,0.18507500152219453
1920,32.0,False,True,53.91021475507794,50.0,78.69861955572354,53.61722882125345,62.002065583110536,47.99135082282189,74.0,3.910214755077938,3.5877797613955296,3.623657559009485,3.562228314492705,1.633225920221065,1.1051209300355682,1.6129249263911674,0.8515428013166184,3.623657559009485,0.6259770114557317,1.0296916792701956,1.6112918582144176,0.6192423350178149,1.0238844672110452,3.2938880941134965,3.8570002225313407,0.1723416658944268,-0.23230046629880352,0.23334266352185562,-0.3297694648959886,False,True,0.09253750076109726,0.0,0.09237346301949365,0.1847469260389873
1925,32.083333333333336,False,True,53.878674952867776,50.0,78.84905023105291,53.58549061501379,61.99305793561548,47.96310818062751,74.0,3.878674952867776,3.6012675098213682,3.637280184919582,3.5754441583224184,1.6389281222601342,1.0935856418400798,1.6186763785057239,0.849789333426079,3.637280184919582,0.6238211822128372,1.0278451585348278,1.6170374870380784,0.6173704057723831,1.0223194446223114,3.306796546480899,3.8701205310474776,0.1725301111962324,-0.23241892765369587,0.23284034612789561,-0.3304836384386829,False,True,0.09237346301949365,0.0,0.09220720614299498,0.18441441228598995
1930,32.166666666666664,False,True,53.846271765949226,50.0,78.99697949096814,53.55289199437846,61.982688871313385,47.9340579991917,74.0,3.8462717659492256,3.614545178267839,3.650690630050517,3.588458538764188,1.6446095433559447,1.082210605183211,1.6244131561070116,0.8481241581039376,3.650690630050517,0.6217580595556522,1.0260905437077632,1.6227684562163178,0.6155839704959591,1.0208391225826394,3.319502643553353,3.883037731208574,0.17271496447870183,-0.23254018760797845,0.2323471011580569,-0.3311879864971643,False,True,0.09220720614299498,0.0,0.09203897289922208,0.18407794579844416
1935,32.25,False,True,53.813058604972724,50.0,79.14243466873856,53.51948638313773,61.971011167930534,47.90424790072412,74.0,3.813058604972724,3.6276116491283212,3.6638877656196045,3.6012701873809636,1.650268684257251,1.0709933719828844,1.6301335481234134,0.8465448123961596,3.6638877656196045,0.6197852321967675,1.0244254259166885,1.6284830563996822,0.6138806728093824,1.0194411470932592,3.332005335356131,3.8957507789976376,0.17289633469709953,-0.23266413958677723,0.23186301337803306,-0.3318824302634735,False,True,0.09203897289922208,0.0,0.09186899532505821,0.18373799065011642
1940,32.333333333333336,False,True,53.77908753680741,50.0,79.28544447223177,53.48532585961624,61.95807710220315,47.87372439991345,74.0,3.7790875368074097,3.6404660265505355,3.676870686816041,3.6138780571768843,1.6559041044550544,1.0599315108007914,1.6358359036680812,0.8450488669297648,3.676870686816041,0.617900311370401,1.0228474187994316,1.6341796383769633,0.6122581879062214,1.0181231957170045,3.344303784387222,3.908258842813189,0.17307432878723972,-0.23279067902354333,0.23138815599714802,-0.33256690242881914,False,True,0.09186899532505821,0.0,0.09169749503009615,0.1833949900601923
1945,32.416666666666664,False,True,53.74440927302096,50.0,79.42603885388338,53.45046114619706,61.94393838901993,47.842532881576055,74.0,3.7444092730209633,3.6531076272355762,3.689638703507932,3.6262813136002054,1.6615144214834614,1.0490226086189274,1.6415186315893011,0.8436339276934177,3.689638703507932,0.6161009335097506,1.0213541611814356,1.6398566126066272,0.6107142242856789,1.0168829793113343,3.3563973567755916,3.9205612946280937,0.1732490516179166,-0.23291970340773882,0.23092259112016178,-0.3332413467323403,False,True,0.09169749503009615,0.0,0.09152468349912063,0.18304936699824126
1950,32.5,False,True,53.70907316175584,50.0,79.5642488853301,53.41494160043703,61.92864612515421,47.810717582847374,74.0,3.709073161755839,3.6655359714058755,3.702191331119934,3.6384793257018426,1.6670983101697296,1.0382642724467002,1.6471801999523503,0.8422976376561474,3.702191331119934,0.6143847626280767,1.0199433194569585,1.6455124486896695,0.6092465253298296,1.0157182436056802,3.368285613603088,3.932657701312011,0.1734206059495328,-0.2330511123263178,0.23046637019207683,-0.33390571751684606,False,True,0.09152468349912063,0.0,0.09135076239298257,0.18270152478596513
1955,32.583333333333336,False,True,53.673127182782345,50.0,79.70010663689546,53.378815210317036,61.91225073672081,47.77832157905227,74.0,3.673127182782345,3.6777507739494895,3.714528281688984,3.6504716574575493,1.6726545018377874,1.0276541307702227,1.6528191354578154,0.8410376781358991,3.714528281688984,0.6127494924483315,1.0186125897188167,1.6511456748424735,0.6078528706401387,1.0146267705380725,3.379968302396973,3.944547816124491,0.17358909240217335,-0.23318480749576043,0.23001953443550693,-0.3345599792920111,False,True,0.09135076239298257,0.0,0.09117592384721301,0.18235184769442603
1960,32.666666666666664,False,True,53.636617945518054,50.0,79.83364506207096,53.34212859113611,61.89480193068219,47.74538677326827,74.0,3.6366179455180543,3.689751935747154,3.7266494551046256,3.662258059260732,1.6781817834693282,1.01718983485469,1.6584340228011152,0.8398517700209323,3.7266494551046256,0.6111928482870124,1.0173596996423495,1.65675487717931,0.6065310772323776,1.0136063794501635,3.3914453487991922,3.956231570384782,0.17375460942923127,-0.2333206927885546,0.22958211528015626,-0.3352041063054334,False,True,0.09117592384721301,0.0,0.09100035076794873,0.18200070153589745
1965,32.75,False,True,53.59959068981083,50.0,79.96489788709341,53.304926988510914,61.87634864987662,47.71195388900113,74.0,3.5995906898108316,3.7015395351876177,3.738554930539494,3.673838459591987,1.6836789968264072,1.006869059910029,1.6640235039778162,0.8387376746821884,3.738554930539494,0.6097125887236775,1.0161824101550463,1.6623386990680502,0.6052790004340544,1.0126549279847625,3.4027168484175663,3.967709065323566,0.17391725330257413,-0.23345867424813405,0.22915413478407176,-0.3358380821219278,False,True,0.09100035076794873,0.0,0.09082421712463443,0.18164843424926885
1970,32.833333333333336,False,True,53.56208928929072,50.0,80.09389950568034,53.267254278751956,61.85693903280286,47.678062466673175,74.0,3.562089289290718,3.7131138198759164,3.7502449580746755,3.685212956870566,1.6891450375392898,0.9966895061293888,1.6695862775391257,0.8376931949150913,3.7502449580746755,0.6083065070308284,1.0150785168665404,1.6678958403833803,0.6040945348101514,1.0117703130116784,3.413783058863317,3.978980564121017,0.1740771180965871,-0.2335986601049399,0.22873560604634147,-0.3364618992113586,False,True,0.09082421712463443,0.0,0.09064768823904605,0.1812953764780921
1975,32.916666666666664,False,True,53.5241562571044,50.0,80.22068487895129,53.2291529772525,61.83662037585182,47.64375086210341,74.0,3.5241562571044014,3.724475198538464,3.7617199505238483,3.696381811492167,1.6945788541631246,0.9866488996094168,1.67512109780178,0.8367161755134567,3.7617199505238483,0.6069724324493558,1.0140458513441575,1.6734250567014444,0.6029756147346342,1.0109504711993291,3.4246443919785374,3.9900464841348104,0.17423429568587245,-0.23374056077882244,0.2283265336109621,-0.3370755585453109,False,True,0.09064768823904605,0.0,0.09047092107030709,0.18094184214061418
1980,33.0,False,True,53.48583275385356,50.0,80.34528944052946,53.19066424418589,61.81543910032178,47.60905624850196,74.0,3.4858327538535576,3.7356242331280574,3.772980475459338,3.7073454380566737,1.6999794472068552,0.9767449931607081,1.6806267740163416,0.835804503887548,3.772980475459338,0.6057082312473014,1.0130822821717862,1.6789251584798421,0.6019202150043539,1.010193379628743,3.4353014062565346,4.000907389320976,0.174388875741195,-0.23388428888319412,0.227926913861638,-0.33767906920280355,False,True,0.09047092107030709,0.0,0.0902940644955039,0.1805881289910078
1985,33.083333333333336,False,True,53.4471585975665,50.0,80.46774900679175,53.15182789619143,61.79344072199072,47.574014620252605,74.0,3.4471585975664993,3.7465616311312173,3.7840272474425296,3.718104397788755,1.705345868137604,0.9669755670162783,1.6861021694977716,0.8349561104025361,3.7840272474425296,0.6045118076422034,1.0121857158723262,1.6843950101937026,0.6009263511836518,1.0094970561382643,3.4457547994572666,4.011563982849867,0.1745409457357282,-0.23402975921888436,0.22753673540733743,-0.338272447985263,False,True,0.0902940644955039,0.0,0.09011725958564365,0.1802345191712873
1990,33.166666666666664,False,True,53.408172275539584,50.0,80.58809969220903,53.11268241640917,61.770669824805246,47.53866079947816,74.0,3.4081722755395845,3.7572882380796355,3.794861120460432,3.728659391153567,1.71067721836362,0.9573384294454093,1.69154620072195,0.8341689687316739,3.794861120460432,0.6033811045473129,1.0113540976540065,1.6898335293985385,0.5999920799629632,1.0088595596822514,3.4560054014195356,4.022017099918865,0.17469059095057748,-0.23417688876871068,0.22715597945843324,-0.3388557190408963,False,True,0.09011725958564365,0.0,0.08994063987659734,0.17988127975319468
1995,33.25,False,True,53.36891095789338,50.0,80.7063778296968,53.07326496997904,61.74717003709763,47.5030284441504,74.0,3.3689109578933767,3.7678050302668935,3.8054830805695623,3.7390112506692006,1.715972648198709,0.9478314172797498,1.6969578363916618,0.833441095959306,3.8054830805695623,0.6023141041997658,1.010585412038658,1.6952396858370322,0.5991154992763976,1.008278990448754,3.466054167070954,4.032267700762852,0.17483789448944786,-0.23432559668290842,0.22678462019328993,-0.33942891349860815,False,True,0.08994063987659734,0.0,0.08976433163493677,0.17952866326987355
2000,33.333333333333336,False,True,53.3294105126947,50.0,80.82261989587775,53.03361141771995,61.722984011782835,47.467150058686556,74.0,3.3294105126947002,3.7781131076710457,3.8158942387477564,3.749160933916903,1.7212313558109218,0.9384523963581108,1.7023360964753886,0.8327705527133095,3.8158942387477564,0.6013088286327387,1.0098776833339662,1.700612500501893,0.5982947484474332,1.007753490005299,3.4759021696362282,4.042316863863002,0.17498293729198944,-0.23447580426587622,0.2264226251152457,-0.33999206911152813,False,True,0.08976433163493677,0.0,0.0895884541183021,0.1791769082366042
2005,33.416666666666664,False,True,53.28970552250413,50.0,80.93686244114078,52.993756332751346,61.69815340888254,47.431057005775564,74.0,3.2897055225041285,3.788213687083174,3.826095823954006,3.759109516749615,1.7264525861581275,0.9291992618959787,1.7076800512220938,0.8321554431503774,3.826095823954006,0.6003633400498494,1.0092289760079696,1.7059510445522847,0.5975280081927044,1.007281241302773,3.485550594043764,4.052165779353885,0.1751257981523956,-0.23462743495767302,0.22606995539987906,-0.34054522991024205,False,True,0.0895884541183021,0.0,0.08941311983029607,0.17882623966059213
2010,33.5,False,True,53.24982930221464,50.0,81.04914202436775,52.95373301975894,61.67271888100588,47.394779519814236,74.0,3.2498293022146427,3.7981080954415116,3.8360891763959266,3.768858186698824,1.7316356299129523,0.920069938785389,1.7129888201550172,0.8315939148088638,3.8360891763959266,0.5994757410879276,1.0086373949519292,1.7112544384206103,0.5968135004980327,1.0068604685515425,3.4950007305301924,4.061815742628489,0.17526655374267874,-0.23478041431083108,0.22572656623256204,-0.34108844586573417,False,True,0.08941311983029607,0.0,0.08923843476965614,0.17847686953931227
2015,33.583333333333336,False,True,53.20981391805427,50.0,81.15949515218767,52.91357353191297,61.646720062154934,47.35834672215522,74.0,3.209813918054273,3.8077977633703237,3.845875741004027,3.7784082365793408,1.736779822379426,0.91106238183043,1.7182615710473732,0.831084158520489,3.845875741004027,0.5986441749619194,1.0081010856253194,1.7165218507142983,0.5961494885508422,1.0064894371539577,3.504253968441952,4.0712681481402875,0.17540527863346866,-0.23493466996964685,0.22539240713626052,-0.34162177256207515,False,True,0.08923843476965614,0.0,0.08906449867362443,0.17812899734724885
2020,33.666666666666664,False,True,53.16969020763244,50.0,81.26795822260856,52.87330869252352,61.620195558188584,47.32178663693559,74.0,3.169690207632442,3.817284218922314,3.855457061111537,3.7877610582911196,1.7418845424035478,0.902174575923309,1.7234975188826511,0.8306244081160276,3.855457061111537,0.5978668255482178,1.0076182341392586,1.7217524972054434,0.5955342764739524,1.006166453438234,3.5133117902327062,4.08052448340115,0.1755420453222064,-0.23509013164207515,0.22506742228961274,-0.34214527087883084,False,True,0.08906449867362443,0.0,0.08889140525546482,0.17778281051092965
2025,33.75,False,True,53.12948780091572,50.0,81.37456747287014,52.832968116038316,61.59318294049614,47.2851262085466,74.0,3.1294878009157188,3.826569081522968,3.864834772338198,3.7969181368169282,1.7469492112798515,0.8934045361655912,1.728695924802119,0.8302129401309958,3.864834772338198,0.5971419173620938,1.0071870672340255,1.7269456397911656,0.5949662090590596,1.0058898643920202,3.5221757656550365,4.0895863231735055,0.17567692426102444,-0.23524673107193617,0.2247515508353075,-0.3426590066831614,False,True,0.08889140525546482,0.0,0.08871924243599957,0.17743848487199915
2030,33.833333333333336,False,True,53.0892351420256,50.0,81.47935893135502,52.79258022843286,61.5657187419296,47.2483913200364,74.0,3.0892351420256006,3.8356540561149135,3.8740105966760625,3.8058810444142708,1.751973291655917,0.8847503079389236,1.733856095041949,0.829848073511339,3.8740105966760625,0.5964677154621864,1.0068058521836418,1.7321005854246778,0.5944436714999026,1.0056580573956486,3.5308475461445017,4.098455323854885,0.17580998388430957,-0.23540440201143642,0.22444472717882213,-0.3431630505315608,False,True,0.08871924243599957,0.0,0.08854809256921191,0.17709618513842382
2035,33.916666666666664,False,True,53.04895951175645,50.0,81.58236837339206,52.7521722909447,61.53783845428516,47.21160681192095,74.0,3.0489595117564505,3.844540927500063,3.8829863367750637,3.814651434999693,1.7569562864366735,0.8762099669292658,1.7389773798622843,0.8295281691719629,3.8829863367750637,0.5958425253068398,1.0064728966522962,1.7372166850024315,0.5939650889834296,1.0054694598133855,3.5393288593939007,4.107133218052649,0.1759412906414226,-0.23556308018853334,0.2241468812775853,-0.3436574773811629,False,True,0.08854809256921191,0.0,0.08837803266181792,0.17675606532363583
2040,34.0,False,True,53.0086870507177,50.0,81.68363128078302,52.71177042446362,61.50957652847292,47.174796502188464,74.0,3.008687050717697,3.8532315548770564,3.891763870425827,3.823231038723275,1.7618977376901988,0.8677816191083966,1.7440591724704075,0.8292516295111182,3.891763870425827,0.5952646925294468,1.006186548469775,1.7422933323537564,0.5935289262381267,1.0053225385418423,3.5476215041152948,4.115621809346484,0.1760709090307241,-0.2357227032729915,0.22385793892065697,-0.3441423663105323,False,True,0.08837803266181792,0.0,0.08820913458681709,0.17641826917363418
2045,34.083333333333336,False,True,52.96844278301072,50.0,81.78318280488304,52.67139962953674,61.4809663770098,47.13798320722391,74.0,2.9684427830107225,3.8617278665712433,3.900345145236956,3.8316216567308894,1.766797225556627,0.8594634006762056,1.7491009079400501,0.8290168980719409,3.900345145236956,0.5947326026462267,1.005945195339321,1.7473299631280044,0.5931336872236683,1.005215799699707,3.555727344987122,4.123922967235971,0.1761989016277662,-0.23588321084827257,0.22357782199901477,-0.3446178002498339,False,True,0.08820913458681709,0.0,0.0880414652911258,0.1760829305822516
2050,34.166666666666664,False,True,52.92825064035507,50.0,81.88105773306472,52.631083814907775,61.45204037671445,47.1011887621532,74.0,2.928250640355067,3.870031854954262,3.9087321735038048,3.839825156111546,1.7716543671616598,0.8512534779670538,1.7541020621287813,0.828822458865534,3.9087321735038048,0.5942446807635572,1.0057472645450556,1.7523260536963337,0.5927779144943828,1.0051477879912898,3.5636483077835432,4.132038622270389,0.17632532912575583,-0.2360445443711512,0.2233064487665839,-0.3450838657202615,False,True,0.0880414652911258,0.0,0.08787508699714724,0.1757501739942945
2055,34.25,False,True,52.88813348658521,50.0,81.97729045839722,52.59084581938944,61.422829875059094,47.064434043035234,74.0,2.888133486585211,3.8781455715500504,3.916927027265551,3.847843465026966,1.7764688155360795,0.8431500473232635,1.7590621505952553,0.8286668359294982,3.916927027265551,0.5937993911795675,1.0055912225536514,1.7572811201267087,0.5924601887890258,1.0051170862963748,3.571386374682931,4.13997076135766,0.17645025036687656,-0.23620664714047235,0.22304373409210942,-0.3455406525826201,False,True,0.08787508699714724,0.0,0.08771005739850765,0.1754201147970153
2060,34.333333333333336,False,True,52.84811314244341,50.0,82.0719149523735,52.55070743646554,61.393365196799564,47.0277389885234,74.0,2.8481131424434096,3.8860711223239712,3.9249318335472108,3.855678568020296,1.7812402585425497,0.8351513349385992,1.76398072751802,0.8285485927687387,3.9249318335472108,0.5933952369853759,1.0054755746156516,1.7621947170564,0.5921791285068652,1.0051223151463808,3.578943579752318,4.147721423249244,0.17657372237764213,-0.23636946426187355,0.22278958970203355,-0.34598825379489284,False,True,0.08771005739850765,0.0,0.08754642984989604,0.17509285969979207
2065,34.416666666666664,False,True,52.80821041059907,50.0,82.16496474052123,52.51068944203625,61.363675652023325,46.99112262180456,74.0,2.8082104105990666,3.8938106631515788,3.9327487697830947,3.863332501500781,1.7859684178109185,0.8272555966744001,1.7688573846174591,0.8284663316638308,3.9327487697830947,0.5930307596315553,1.0053988643320129,1.7670664365937683,0.5919333890558995,1.0051621320726598,3.5863220046044186,4.155292694197604,0.17669580040882904,-0.23653294260793123,0.22254392441450888,-0.3464267651786761,False,True,0.08754642984989604,0.0,0.08738425355109307,0.17476850710218614
2070,34.5,False,True,52.768445100830114,50.0,82.2564728807366,52.47081161673138,61.33378954669854,46.9546030735795,74.0,2.768445100830114,3.90136639546343,3.940380059418064,3.8708073494010113,1.7906530476831217,0.8194611178508547,1.7736917500823417,0.8284186931706882,3.940380059418064,0.5927045384271442,1.0053596731531997,1.7718959073225506,0.5917216623848837,1.005235231138594,3.593523774223756,4.162686703782773,0.17681653796790575,-0.2366970307858045,0.22230664436470926,-0.346856285194308,False,True,0.08738425355109307,0.0,0.08722357372530623,0.17444714745061246
2075,34.583333333333336,False,True,52.72883605530577,50.0,82.34647194418386,52.43109277218263,61.30373419306394,46.91819760422939,74.0,2.72883605530577,3.908740562062222,3.9478279676828443,3.878105239003265,1.7952939341687142,0.8117662130157308,1.7784834875023507,0.8284043554583604,3.9478279676828443,0.5924151900535165,1.0053566198931263,1.7766827931597164,0.5915426763591559,1.0053403423154965,3.600551052958314,4.169905620904435,0.17693598685713607,-0.23686167909920453,0.22207765322159112,-0.34727691472453026,False,True,0.08722357372530623,0.0,0.08706443179181776,0.17412886358363552
2080,34.666666666666664,False,True,52.68940117391507,50.0,82.43499399860761,52.39155077814391,61.27353592166054,46.8819226264427,74.0,2.6894011739150727,3.9159354431084763,3.955094797539561,3.885228336931375,1.7998908939119742,0.8041692256927226,1.7832322948078614,0.828422033602683,3.955094797539561,0.5921613680378837,1.0053883602027405,1.78142679234511,0.5913951940936026,1.0054762308156522,3.607406040673033,4.176951649935863,0.17705419721296922,-0.23702683950908032,0.22185685239630226,-0.3476887568665279,False,True,0.08706443179181776,0.0,0.0869068655331383,0.1738137310662766
2085,34.75,False,True,52.65015743958887,50.0,82.5220705939096,52.352202585394046,61.24322009511009,46.84579372838824,74.0,2.6501574395888667,3.922953352270878,3.962182885793587,3.892178845304448,1.8044437731714364,0.7966685281114233,1.7879379032181577,0.8284704790270826,3.962182885793587,0.5919417621833705,1.0054535860001703,1.7861276363871639,0.5912780134269268,1.0056416965666546,3.614090969061433,4.1838270270359565,0.177171217539572,-0.23719246560015583,0.22164414124236975,-0.3480919167321539,False,True,0.0869068655331383,0.0,0.08675090925665475,0.1735018185133095
2090,34.833333333333336,False,True,52.61112094356748,50.0,82.60773274984706,52.31306425224449,61.21281112163291,46.80982569604465,74.0,2.611120943567478,3.929796633037346,3.9690945993677196,3.8989589980486947,1.8089524468126439,0.7892625209207949,1.7926000761991638,0.8285484787962287,3.9690945993677196,0.5917550980173322,1.0055510249191166,1.7907850889646852,0.5911899662538938,1.0058355735437234,3.6206080981115463,4.190534016615605,0.1772870947474947,-0.23735851254233498,0.22143941724788574,-0.3484865012561733,False,True,0.08675090925665475,0.0,0.08659659395096397,0.17319318790192795
2095,34.916666666666664,False,True,52.5723069105693,50.0,82.69201094571383,52.27415096958337,61.18233246997341,46.77403253587058,74.0,2.572306910569303,3.93646765518286,3.9758323317346886,3.905571057363576,1.8134168173148342,0.7819496328878783,1.7972186084317254,0.8286548549538293,3.9758323317346886,0.5916001362064992,1.0056794397240723,1.795398944989711,0.5911299178997171,1.0060567291441602,3.626959712722351,4.197074907954534,0.17740187419033093,-0.23752493705411215,0.22124257621984578,-0.34887261901233746,False,True,0.08659659395096397,0.0,0.0864439474369014,0.1728878948738028
2100,35.0,False,True,52.5337297238201,50.0,82.77493511187204,52.2354770864163,61.15180668504454,46.73842749735109,74.0,2.5337297238201018,3.942968811390029,3.982398499503929,3.9120173103384426,1.8178368137922056,0.7747283205833617,1.801793324791333,0.828788463830997,3.982398499503929,0.5914756719599088,1.005837627713323,1.7999690294946504,0.5910967664657591,1.0063040635331162,3.633148119466823,4.203452011964774,0.17751559970211916,-0.23769169736523788,0.22105351246084437,-0.3492503800371063,False,True,0.0864439474369014,0.0,0.08629299451351742,0.17258598902703484
2105,35.083333333333336,False,True,52.495402949905106,50.0,82.85653462300645,52.197056134349374,61.121255404397026,46.703023095511604,74.0,2.495402949905106,3.9493025140183833,3.988795539158567,3.9183000657157985,1.8222123910303483,0.767597068055511,1.8063240793401565,0.828948195384046,3.988795539158567,0.5913805344161023,1.0060244201062167,1.804495196709786,0.5910894422032147,1.0065765090173437,3.6391756434977354,4.209667658096868,0.17762831363329779,-0.23785875318083127,0.22087211893830094,-0.34961989566083185,False,True,0.08629299451351742,0.0,0.08614375709897464,0.17228751419794927
2110,35.166666666666664,False,True,52.45733936340949,50.0,82.93683829297964,52.15890085180166,61.09069937502866,46.66783113308058,74.0,2.4573393634094884,3.9554711920183454,3.995025903938529,3.924421650797302,1.8265435285383593,0.7605543864938658,1.8108107543321685,0.8291329725322886,3.995025903938529,0.5913135860291141,1.0062386814292201,1.8089773289943425,0.5911069068864505,1.0068730294186037,3.6450446255923237,4.215724191384945,0.1777400568863151,-0.23802606564583806,0.22069828744641606,-0.3499812783462053,False,True,0.08614375709897464,0.0,0.08599625436651584,0.17199250873303168
2115,35.25,False,True,52.41955097131664,50.0,83.0158743711715,52.121023209903136,61.06015847054227,46.63286272232698,74.0,2.4195509713166388,3.9614772879858497,4.001092060865708,3.930384408488634,1.8308302296171077,0.753598813883993,1.8152532592320387,0.8293417504222544,4.001092060865708,0.5912737219525716,1.0064793089000903,1.8134153359139873,0.5911481531151696,1.0071926193758924,3.6507574193319194,4.221623969626748,0.177850868953638,-0.2381935973070849,0.22053190876104,-0.35033464153378846,False,True,0.08599625436651584,0.0,0.08585050287574268,0.17170100575148536
2120,35.333333333333336,False,True,52.38204903713478,50.0,83.09367054019202,52.08343443540048,61.02965170938326,46.598128307100374,74.0,2.3820490371347773,3.9673232553535964,4.0069964879071325,3.9361906944793335,1.8350725204440586,0.7467289146545056,1.8196515297484657,0.8295735157949184,4.0069964879071325,0.5912598693990913,1.0067452317873364,1.8178091532304734,0.5912122037154078,1.007534303746505,3.6563163884126997,4.227369360694794,0.17796078795158654,-0.2383613120795106,0.22037287278766193,-0.3506800994944328,False,True,0.08585050287574268,0.0,0.08570651669908257,0.17141303339816513
2125,35.416666666666664,False,True,52.34484410472716,50.0,83.17025391486156,52.04614503447791,60.99919727282305,46.56363768416526,74.0,2.3448441047271587,3.973011555714925,4.0127416712720745,3.941842874553747,1.8392704491750054,0.7399432793174638,1.8240055268824933,0.8298272863087823,4.0127416712720745,0.5912709870153918,1.007035410785398,1.8221587419937806,0.5912981110977009,1.007897136964265,3.661723904083683,4.232962739974749,0.17806985065548275,-0.2385291752110814,0.22022106870267422,-0.3510177671883916,False,True,0.08570651669908257,0.0,0.08556430754383966,0.17112861508767932
2130,35.5,False,True,52.307946021822126,50.0,83.24565104235847,52.00916481788471,60.96881252329525,46.5294000242722,74.0,2.3079460218221257,3.9785446562763433,4.018330102839107,3.947343322029216,1.8434240850630323,0.7332405241031908,1.8283152359913446,0.8301021098040929,4.018330102839107,0.5913060642540402,1.0073488373864619,1.826464087561044,0.5914049565582593,1.0082802023407618,3.6669823427081663,4.238406487927269,0.17817809253666883,-0.23869715324583363,0.22007638508816196,-0.3513477601309405,False,True,0.08556430754383966,0.0,0.08542388486974296,0.17084776973948593
2135,35.583333333333336,False,True,52.27136396318222,50.0,83.31988790343897,51.972502922305594,60.9385140236641,46.495423893387944,74.0,2.2713639631822176,3.983925027434776,4.023764277709124,3.9526944153177173,1.847533517594951,0.7266192905904624,1.8325806658682182,0.8303970636995018,4.023764277709124,0.5913641207235977,1.007684533230665,1.8307251987472684,0.5915318497073248,1.0086826114937686,3.6720940834448066,4.243702987769454,0.17828554779426675,-0.23886521399217708,0.2199387100603296,-0.35167019426431745,False,True,0.08542388486974296,0.0,0.08528525600218322,0.17057051200436643
2140,35.666666666666664,False,True,52.235106453414176,50.0,83.39298991463886,51.936167833826076,60.908317555813376,46.46171727298402,74.0,2.2351064534141756,3.9891551404756207,4.029046691880377,3.9578985356071303,1.8515988556454466,0.7200782453329556,1.836801847838454,0.8307112543004315,4.029046691880377,0.5914442055660445,1.008041549483587,1.8349421068149696,0.591677927812218,1.0091035036903508,3.677061506044593,4.248854623272216,0.17839224938991938,-0.23903332648821352,0.21980793139183863,-0.3519851858357841,False,True,0.08528525600218322,0.0,0.0851484262413125,0.170296852482625
2145,35.75,False,True,52.19918138940292,50.0,83.46498193137282,51.90016741154458,60.878238139732225,46.42828758022125,74.0,2.1991813894029235,3.994237465387782,4.03417984004166,3.9629580646584044,1.85562022664909,0.7136160794827755,1.84097883487242,0.8310438160927243,4.03417984004166,0.5915453968249489,1.0084189662044847,1.839114864698104,0.5918423551259093,1.009542045175498,3.681886988760024,4.253863776669826,0.17849822908277369,-0.23920146096681494,0.219683936628166,-0.3522928512816361,False,True,0.0851484262413125,0.0,0.0850133989670038,0.1700267979340076
2150,35.833333333333336,False,True,52.16359606235565,50.0,83.53588825185021,51.86450890783108,60.848290053175596,46.39514168810214,74.0,2.1635960623556514,3.999174468791866,4.039166213479785,3.967875382714925,1.8595977757903748,0.7072315084118143,1.8451117007154239,0.8313939111540185,4.039166213479785,0.5916668008015115,1.008815891702392,1.8432435460649232,0.5920243223286267,1.0099974286137892,3.6865729063628274,4.258732826678008,0.17860351745977066,-0.23936958882539183,0.21956661319822324,-0.35259330711695736,False,True,0.0850133989670038,0.0,0.08488017573993277,0.16976035147986554
2155,35.916666666666664,False,True,52.12835717944288,50.0,83.6057326217326,51.82919899146681,60.81848685053461,46.36228594466369,74.0,2.1283571794428795,4.0039686119778075,4.0440082980975856,3.9726528665204177,1.863531665211865,0.7009232713316411,1.8492005390349024,0.831760728447398,4.0440082980975856,0.5918075514397975,1.0092314619214173,1.8473282444833332,0.5922230458558382,1.0104688724174336,3.691121628266621,4.26346414661698,0.17870814397003554,-0.23953768259155983,0.21945584851939426,-0.3528866698309647,False,True,0.08488017573993277,0.0,0.08474875639874621,0.16949751279749242
2160,36.0,False,True,52.09347088502636,50.0,83.67453823946147,51.79424376821632,60.78884138239208,46.32972619225208,74.0,2.0934708850263632,4.00862234904824,4.048708572538723,3.9772928874418003,1.8674220732405284,0.6946901309125637,1.853245462585103,0.8321434832033356,4.048708572538723,0.5919668096954995,1.0096648398095651,1.851369072586249,0.5924377673109453,1.0109556201590228,3.695535516750998,4.268060102635891,0.1788121369556872,-0.23970571589239031,0.21935153009716846,-0.3531730557877246,False,True,0.08474875639874621,0.0,0.08461913915360059,0.16923827830720117
2165,36.083333333333336,False,True,52.05894278146398,50.0,83.74232776218963,51.75964880156194,60.759365814732085,46.29746778618239,74.0,2.0589427814639834,4.013138125163998,4.053269506415638,3.9817978096934445,1.8712691936322916,0.6885308729024513,1.8572466023894458,0.832541416286922,4.053269506415638,0.5921437629193481,1.0101152147022037,1.8553661612808812,0.5926677528635353,1.0114569399698379,3.699816925283533,4.2725230520352095,0.17891552368291586,-0.23987366342338667,0.2192535456195719,-0.35345258113210454,False,True,0.08461913915360059,0.0,0.08449132067600054,0.16898264135200108
2170,36.166666666666664,False,True,52.02477794948466,50.0,83.80912331225379,51.72541913360219,60.730071648056764,46.265515612976344,74.0,2.0247779494846583,4.0175183748881995,4.057693558637082,3.9861699886593716,1.8750732348348182,0.6824443057458646,1.8612041069406713,0.8329537935503777,4.057693558637082,0.5923376242469733,1.0105818017119899,1.859319658899449,0.5929122926331908,1.0119721239237152,3.703968196936334,4.276855341683626,0.17901833037333748,-0.2400415009171869,0.21916178304654377,-0.35372536170074786,False,True,0.08449132067600054,0.0,0.08436529618523486,0.16873059237046972
2175,36.25,False,True,51.99098096812652,50.0,83.87494648412968,51.69155930495148,60.70096973665435,46.23387410836442,74.0,1.9909809681265216,4.02176552062542,4.061983175831674,3.99041176930998,1.8788344192684945,0.6764292602039856,1.8651181414189113,0.833379905214997,4.061983175831674,0.592547631987312,1.0110638411173274,1.8632297304670375,0.5931707001013691,1.0125004874489818,3.7079916628937504,4.281059306526111,0.17912058223398475,-0.24020920511362798,0.21907613069443688,-0.35399151293792386,False,True,0.08436529618523486,0.0,0.08424105953135486,0.1684821190627097
2180,36.333333333333336,False,True,51.957555934233696,50.0,83.93981835181498,51.65807337364606,60.67207030767334,46.2025472748288,74.0,1.957555934233696,4.025881971152566,4.066140790864092,3.9945254847099307,1.882552982625572,0.6704845889758093,1.8689888869277251,0.8338190652825234,4.066140790864092,0.592773049019726,1.0115605977595483,1.8670965568962403,0.5934423115513557,1.0130413687684618,3.711889641048014,4.285137268179921,0.17922230348593848,-0.24037675373116763,0.2189964773158284,-0.3542511498160783,False,True,0.08424105953135486,0.0,0.08411860327490533,0.16823720654981067
2185,36.416666666666664,False,True,51.92450648150825,50.0,84.00375947658908,51.62496493616547,60.64338297980949,46.171538698571084,74.0,1.9245064815082529,4.029870120238098,4.07016882144048,3.9985134546139673,1.8862291731873946,0.6646091663210077,1.8728165397481358,0.8342706108582297,4.07016882144048,0.5930131622053538,1.0120713604543132,1.8709203342550156,0.5937264854229671,1.0135941282542325,3.7156644346795678,4.289091533615277,0.17932351739600272,-0.2405441254352626,0.21892271217479742,-0.3545043867609121,False,True,0.08411860327490533,0.0,0.08399791876352031,0.16799583752704061
2190,36.5,False,True,51.891835799114425,50.0,84.0667899151019,51.59223714242218,60.61491678258576,46.140851566595835,74.0,1.8918357991144248,4.033732345346344,4.074069668799807,4.002377984147422,1.88986325115962,0.6588018876848518,1.876601310610687,0.8347339016947354,4.074069668799807,0.5932672817823111,1.012595441386875,1.874701273078472,0.5940226018795072,1.0141581479946349,3.719318331218973,4.292924393917604,0.1794242462998995,-0.2407112998152282,0.21885472511779636,-0.3547513375808342,False,True,0.08399791876352031,0.0,0.08387899620539502,0.16775799241079004
2195,36.583333333333336,False,True,51.8595466498337,50.0,84.12892922774734,51.55989271830672,60.586680173880225,46.110488682307206,74.0,1.8595466498337032,4.037471006423727,4.077845716487965,4.0061213625682885,1.8934554880253194,0.6530616693255353,1.8803434239854953,0.8352083194415082,4.077845716487965,0.5935347408162134,1.0131321755626472,1.8784395976074395,0.5943300620911536,1.0147328310777106,3.72285360108734,4.296638123128322,0.17952451163620242,-0.24087825735035462,0.21879240664035748,-0.3549921154006248,False,True,0.08387899620539502,0.0,0.08376182473980437,0.16752364947960874
2200,36.666666666666664,False,True,51.827641387770726,50.0,84.19019648728059,51.527933979495785,60.558681059190484,46.0804524820398,74.0,1.8276413877707256,4.041088444763791,4.08149932921143,4.009745862107831,1.897006165915817,0.6473874479442159,1.8840431173902334,0.835693267218112,4.08149932921143,0.5938148945988398,1.0136809202059296,1.8821355451148976,0.5946482878297781,1.0153176011860732,3.726272496612271,4.300234977161116,0.17962433396796118,-0.2410449793883339,0.21873564794968647,-0.35522683259915855,False,True,0.08376182473980437,0.0,0.08364639250480808,0.16729278500961617
2205,36.75,False,True,51.7961219756099,50.0,84.25061028764048,51.496362851655654,60.53092680891246,46.05074504996996,74.0,1.7961219756098998,4.044586981948003,4.085032851767483,4.013253736886694,1.9005155769991304,0.6417781803180582,1.8877006407159993,0.8361881689372876,4.085032851767483,0.5941071201086444,1.014241054220465,1.8857893652470468,0.5949767208227092,1.015911901950724,3.729577251016452,4.303717192790869,0.17972373301343625,-0.2412114481145784,0.21868434102338608,-0.3554556007510312,False,True,0.08364639250480808,0.0,0.08353268670212267,0.16706537340424535
2210,36.833333333333336,False,True,51.76499000142397,50.0,84.31018875294187,51.46518088618632,60.50342427669222,46.02136813353003,74.0,1.7649900014239677,4.0479689188593575,4.088448608047951,4.016647221903661,1.9039840228858305,0.6362328429365395,1.8913162555709682,0.8366924687899064,4.088448608047951,0.5944108154391295,1.014811977617869,1.8894013193204502,0.59531482226211,1.0165151964604755,3.732770077476009,4.307086986712352,0.17982272767056906,-0.24137764652779647,0.2186383786644006,-0.3556785305719421,False,True,0.08353268670212267,0.0,0.08342069365931008,0.16684138731862017
2215,36.916666666666664,False,True,51.73424669503717,50.0,84.36894954660514,51.434389275779,60.47617981695432,45.99232315803076,74.0,1.7342466950371715,4.051236534765946,4.091748900113605,4.01992853209418,1.9074118140521479,0.6307504316412443,1.894890234641701,0.8372056307299227,4.091748900113605,0.5947253992529143,1.0153931109717487,1.8929716797802485,0.5956620723141426,1.0171269667711687,3.7358531682459075,4.310346554665947,0.17992133604124594,-0.24154355841578012,0.21859765455234204,-0.3558957318676974,False,True,0.08342069365931008,0.0,0.0833103988894729,0.1666207977789458
2220,37.0,False,True,51.70389294394474,50.0,84.42690988059242,51.403988872110546,60.44919930180152,45.963611240639004,74.0,1.7038929439447372,4.054392086471653,4.094936007336369,4.023099861455927,1.9107992692801299,0.6253299612693637,1.898422861072005,0.8377271378710339,4.094936007336369,0.5950503102552889,1.0159838948913085,1.8965007294680165,0.5960179695429302,1.017746713329683,3.7388286938496966,4.313498070627722,0.180019575458649,-0.24170916832810374,0.21856206329135297,-0.3561073134866728,False,True,0.0833103988894729,0.0,0.0832017871483198,0.1664035742966396
2225,37.083333333333336,False,True,51.67392930879281,50.0,84.48408652472305,51.37398019910113,60.42248813841114,45.93523320449705,74.0,1.6739293087928075,4.057437807531285,4.098012185606597,4.0261633822387095,1.914146715114633,0.6199704653010791,1.901914427859175,0.8382564920452115,4.098012185606597,0.5953850066525429,1.0165837894797252,1.8999887610799762,0.596382030490149,1.0183739545535733,3.741698802330967,4.3165436860612205,0.1801174625083618,-0.24187446155506243,0.2185315004546231,-0.35631338327563045,False,True,0.0832017871483198,0.0,0.08309484248893059,0.16618968497786119
2230,37.166666666666664,False,True,51.64435603842241,50.0,84.54049581604203,51.344363470636985,60.396051285173144,45.90718959178695,74.0,1.6443560384224085,4.060375907527479,4.100979666602753,4.0291212441960935,1.9174544853369377,0.614670995511001,1.9053652372674512,0.8387932131846447,4.100979666602753,0.5957289656486514,1.0171922738308876,1.9034360765959264,0.5967537890844308,1.0190082262405231,3.7444656185640333,4.319485529228442,0.1802150130558784,-0.24203942410021395,0.2185058626256886,-0.3565140480387199,False,True,0.08309484248893059,0.0,0.08298954831415355,0.1659790966283071
2235,37.25,False,True,51.61517308448156,50.0,84.59615366821834,51.315138603481046,60.369893268699556,45.87948067721558,74.0,1.6151730844815617,4.0632085714068245,4.103840657120893,4.031975573896237,1.9207229204547578,0.6094306216238052,1.9087756002585323,0.839336838880272,4.103840657120893,0.5960816829148345,1.0178088454990006,1.9068429866203134,0.5971327962205742,1.0196490811476009,3.747131243621327,4.322325704557572,0.1803122422673289,-0.24220404265969775,0.21848504743667885,-0.35670941349956564,False,True,0.08298954831415355,0.0,0.08288588742671492,0.16577177485342984
2240,37.333333333333336,False,True,51.58638011561103,50.0,84.65107558095137,51.28630523079328,60.34401819964228,45.85210648051174,74.0,1.5863801156110284,4.065937958872714,4.106597338461441,4.03472847408945,1.9239523672083962,0.6042484309741977,1.9121458359389294,0.8398869239108808,4.106597338461441,0.5964426720950724,1.0184330200041511,1.9102098099868727,0.5975186193102464,1.0202960885420076,3.749697754195145,4.325066292065032,0.18040916463112677,-0.2423683046006344,0.2184689536035913,-0.3568995842662961,False,True,0.08288588742671492,0.0,0.08278384207724442,0.16556768415448883
2245,37.416666666666664,False,True,51.55797653120845,50.0,84.70527664936571,51.25786271819006,60.31842978796634,45.82506677839085,74.0,1.5579765312084533,4.068566203832488,4.109251865870814,4.037382023130089,1.9271431780928108,0.5991235281713183,1.9154762710239681,0.8404430396691988,4.109251865870814,0.5968114643276082,1.0190643303538596,1.9135368730411302,0.5979108417333384,1.0209488336524777,3.7521672020714156,4.327709346829569,0.18050579398327893,-0.24253219793586034,0.2184574809587554,-0.35708466379939807,False,True,0.08278384207724442,0.0,0.08268339401013748,0.16536678802027496
2250,37.5,False,True,51.52996147477708,50.0,84.75877157337624,51.22981017501358,60.29313135894872,45.79836111686867,74.0,1.5299614747770818,4.071095413896554,4.11180636803552,4.039938274450492,1.9302957108953305,0.5940550347676834,1.9187672393182087,0.841004773764571,4.11180636803552,0.5971876077433035,1.019702326541474,1.9168245092596863,0.5983090624591512,1.0216069172905105,3.754541613653241,4.330256898516084,0.1806021435259395,-0.24269571130541978,0.21845053048056418,-0.3572647543822791,False,True,0.08268339401013748,0.0,0.08258452450746939,0.16516904901493878
2255,37.583333333333336,False,True,51.50233384686436,50.0,84.81157466700716,51.20214646892173,60.26812586787145,45.77198882253755,74.0,1.5023338468643601,4.073527669927186,4.114262946626458,4.042399256084662,1.9334103282487611,0.5890420889327455,1.9220190812120808,0.8415717294931984,4.114262946626458,0.5975706670030672,1.0203465750836556,1.920073058708431,0.5987128955399199,1.0222699553439372,3.7568229895320346,4.332710950947099,0.1806982258507388,-0.24285883395327845,0.21844800432064115,-0.35743995709442355,False,True,0.08258452450746939,0.0,0.08248721443086775,0.1649744288617355
2260,37.666666666666664,False,True,51.47509231759746,50.0,84.86369986765015,51.1748702372445,60.24341591507797,45.74594901395989,74.0,1.4750923175974577,4.075865025634822,4.11662367589117,4.044766970239567,1.936487397199618,0.5840838451311423,1.9252321431944734,0.8421435254260996,4.11662367589117,0.5979602228230164,1.0209966585455779,1.923282867500757,0.5991219697175094,1.0229375783836618,3.7590133041041516,4.335073481719668,0.18079405295756223,-0.2430215557085902,0.21844980582849782,-0.3576103717870187,False,True,0.08248721443086775,0.0,0.08239144426160908,0.16478288852321815
2265,37.75,False,True,51.44823533882199,50.0,84.91516074524823,51.14797989897007,60.21900376012616,45.720240612317454,74.0,1.4482353388219877,4.078109507219722,4.118890602291919,4.04704339291191,1.9395272887912096,0.579179473805692,1.9284067773810445,0.8427197949676429,4.118890602291919,0.5983558715261755,1.0216521750926735,1.9264542874022028,0.5995359280016254,1.0236094312419133,3.7611145052309514,4.3373464418657495,0.18088963627427035,-0.24318386696601757,0.21845583957383052,-0.3577760970609676,False,True,0.08239144426160908,0.0,0.0822971941388689,0.1645943882777378
2270,37.833333333333336,False,True,51.421761155850575,50.0,84.96597051139277,51.12147366774648,60.19489133559853,45.69486235170928,74.0,1.4217611558505752,4.080263113056926,4.121065744187495,4.04923047354835,1.9425303776613017,0.5743281610651806,1.9315433410580043,0.8433001858699299,4.121065744187495,0.5987572246034228,1.022312738051624,1.9295876753472385,0.5999544272053748,1.0242851725478512,3.763128513940341,4.339531755554045,0.1809849866779213,-0.2433457586645551,0.21846601136654975,-0.3579372302471544,False,True,0.0822971941388689,0.0,0.08220444389620889,0.16440888779241777
2275,37.916666666666664,False,True,51.395667818828485,50.0,85.01614202832356,51.095349562823245,60.17108026116756,45.669812789515085,74.0,1.3956678188284855,4.0823278134225225,4.123151091556748,4.051330134747193,1.945497041654081,0.5695291083769758,1.934642196241107,0.8438843598207587,4.123151091556748,0.5991639082652366,1.0229779754621526,1.9326833929706937,0.600377137551518,1.0249644743338564,3.7650572241678635,4.341631319831372,0.1810801145130977,-0.2435072222692407,0.21848022827462366,-0.3580938673888845,False,True,0.08220444389620889,0.0,0.08211317309641439,0.16422634619282878
2280,38.0,False,True,51.36995319372345,50.0,85.06568781782131,51.06960541871262,60.14757185701303,45.64509031621184,74.0,1.3699531937234468,4.084305550259298,4.125148605761892,4.0533442719996176,1.9484276614461382,0.5647815322644948,1.937703709249591,0.8444719920757325,4.125148605761892,0.5995755630119279,1.0236475296472924,1.9357418062416856,0.6008037423210799,1.0256470216841875,3.7669025025355025,4.343647004401765,0.181175029608455,-0.24366824975465262,0.21849839863987341,-0.35824610322638906,False,True,0.08211317309641439,0.0,0.08202336106471138,0.16404672212942276
2285,38.083333333333336,False,True,51.34461497294666,50.0,85.11462006998472,51.04423889780202,60.12436715633416,45.62069316447393,74.0,1.3446149729466583,4.0861982369799055,4.127060219349705,4.055274753468634,1.9513226201861844,0.5600846640095434,1.9407282502948113,0.845062770972645,4.127060219349705,0.5999918432302485,1.0243210568100458,1.9387632849657621,0.6012339373884976,1.0263325122701654,3.768666188166404,4.345580651441485,0.18126974129752038,-0.24382883358414742,0.21852043209177996,-0.35839403118330093,False,True,0.08202336106471138,0.0,0.08193498692038215,0.1638699738407643
2290,38.166666666666664,False,True,51.31965068561301,50.0,85.16295065188379,51.01924749938636,60.101466918461966,45.59661941859516,74.0,1.3196506856130128,4.088007758305752,4.1288878358888095,4.057123419803944,1.954182303148217,0.5554377493595334,1.943716193083261,0.8456563975783047,4.1288878358888095,0.6004124167700373,1.0249982266100672,1.9417482024920447,0.6016674308841348,1.027020656012731,3.770350092533795,4.347434075448217,0.18136425843442638,-0.24398896669416992,0.21854623955940777,-0.35853774335501454,False,True,0.08193498692038215,0.0,0.08184802960696377,0.16369605921392755
2295,38.25,False,True,51.295057707447405,50.0,85.210691116083,50.99462856973959,60.078871641035285,45.572867023185005,74.0,1.2950577074474054,4.089735970139879,4.130633329841277,4.058892083991006,1.9570070973978515,0.5508400482395821,1.9466679144337409,0.8462525852912132,4.130633329841277,0.6008369645481328,1.0256787217676222,1.9446969352592989,0.602103942814174,1.0277111747023762,3.771955999342442,4.3492090631228155,0.181458589411163,-0.24414864247703916,0.21857573328153812,-0.35867733049883554,False,True,0.08184802960696377,0.0,0.08176246792091538,0.16352493584183075
2300,38.333333333333336,False,True,51.27083327034505,50.0,85.25785270902847,50.97037931245811,60.0565815719263,45.549433791615556,74.0,1.270833270345051,4.091384699472139,4.13229854646686,4.060582531232629,1.959797391471526,0.5462908344694862,1.949583793908382,0.8468510594295277,4.13229854646686,0.6012651801584437,1.0263622376736905,1.947609862444506,0.602543204666221,1.0284038016047878,3.7734856644410266,4.35090737328195,0.18155274217526018,-0.24430785476330663,0.21860882681508986,-0.35881288202583317,False,True,0.08176246792091538,0.0,0.08167828053893958,0.16335656107787916
2305,38.416666666666664,False,True,51.24697447159329,50.0,85.30444637929386,50.946496796013825,60.034596721150336,45.52631741438388,74.0,1.2469744715932904,4.092955744315069,4.1338853017582196,4.062196518861488,1.9625535750682968,0.5417893954855614,1.952464213457238,0.847451556922033,4.1338853017582196,0.6016967694809446,1.0270484819990109,1.9504873655967914,0.6029849591139596,1.0290982811655416,3.7749408157638893,4.352530736800136,0.18164672424350858,-0.24446659780807345,0.2186454350419167,-0.35894448599433026,False,True,0.08167828053893958,0.0,0.08159544604394464,0.16319089208788928
2310,38.5,False,True,51.223478282762535,50.0,85.3504827856807,50.92297796465635,60.01291687172541,45.50351546668812,74.0,1.2234782827625352,4.0944508736689,4.135395382405589,4.063735776282012,1.965276038753933,0.5373350320673267,1.9553095570761811,0.848053825866673,4.135395382405589,0.6021314503214446,1.0277371743338863,1.9533298283445675,0.6034289595941957,1.029794368587184,3.776323153300672,4.35408085657964,0.181740542720511,-0.24462486627247726,0.21868547417405093,-0.3590722291049171,False,True,0.08159544604394464,0.0,0.08151394294971477,0.16302788589942954
2315,38.583333333333336,False,True,51.20034155827414,50.0,85.39597230516955,50.89981964576761,59.991541591126115,45.481025416346505,74.0,1.2003415582741397,4.095871827514176,4.1368305457893175,4.065202004940156,1.9679651736770287,0.5329270580690131,1.9581202104777975,0.8486576252215219,4.1368305457893175,0.6025689520314895,1.0284280458081243,1.9561376359855331,0.6038749700112915,1.0304918295337044,3.7776343490923656,4.355559407546804,0.18183420431218256,-0.24478265521023035,0.2187288617574863,-0.3591961966969519,False,True,0.08151394294971477,0.0,0.08143374972435564,0.1628674994487113
2320,38.666666666666664,False,True,51.17756104365267,50.0,85.44092504071897,50.87701855789184,59.97047024180613,45.45884463102021,74.0,1.1775610436526733,4.09722031683057,4.138192519998875,4.066596878319585,1.970621371296843,0.5285648001558692,1.9608965607750097,0.8492627244663254,4.138192519998875,0.6030090151553946,1.0291208387381103,1.9589111752670307,0.6043227644131635,1.0311904398065723,3.7788760472524365,4.356968036673436,0.18192771534024688,-0.244939960053162,0.21877551667456085,-0.35931647274643863,False,True,0.08143374972435564,0.0,0.08135484481251785,0.1627096896250357
2325,38.75,False,True,51.155133383470385,50.0,85.48535082890965,50.85457131982424,59.949701991334905,45.436970385118016,74.0,1.1551333834703854,4.098498023640462,4.139483003876867,4.0679220419629365,1.973245023122584,0.5242475975452285,1.9636389961771485,0.8498689032198945,4.139483003876867,0.603451391087656,1.0298153062842574,1.961650833976046,0.6047721266246806,1.0318899849781697,3.780049864011631,4.358308363021882,0.18202108175827525,-0.2450967765952139,0.21882535914501489,-0.35943313986523595,False,True,0.08135484481251785,0.0,0.0812772066564895,0.162554413312979
2330,38.833333333333336,False,True,51.13305512899128,50.0,85.52925924743202,50.83247445693708,59.92923582274196,45.4153998667916,74.0,1.1330551289912805,4.099706601075969,4.140703667086728,4.069179113516757,1.9758365204638568,0.519974801752307,1.9663479056981745,0.8504759509605083,4.140703667086728,0.6038958417224253,1.0305112121005173,1.9643570007634936,0.6052228499801326,1.0325902601242982,3.7811573877852145,4.359581977812524,0.1821143091637899,-0.24525310098037567,0.21887831072579544,-0.35954627930151384,False,True,0.0812772066564895,0.0,0.08120081371615426,0.16240162743230852
2335,38.916666666666664,False,True,51.111322745522486,50.0,85.57265962241573,50.810724409720116,59.909070543954485,45.39413018426454,74.0,1.1113227455224859,4.100847673468102,4.141856150202782,4.070369682798869,1.9783962541919924,0.5157457763406893,1.9690236788767819,0.8510836666580236,4.141856150202782,0.6043421391294658,1.0312083300103774,1.9670300647488603,0.6056747369706028,1.033291069471587,3.7822001792613866,4.360790444512458,0.1822074028135635,-0.24540892968742078,0.21893429430967526,-0.3596559709413958,False,True,0.08120081371615426,0.0,0.08112564448789802,0.16225128897579605
2340,39.0,False,True,51.08993261948068,50.0,85.61556103560004,50.78931753995119,59.889204797456884,45.373158372269145,74.0,1.0899326194806775,4.101922836456821,4.14294206482139,4.071495311886922,1.980924614511978,0.5115598966774586,1.9716667055080803,0.8516918584942779,4.14294206482139,0.6047900652218032,1.0319064436745444,1.96967041534449,0.6061275989762549,1.0339922261298158,3.7831797715096624,4.361935298944133,0.18230036763553792,-0.24556425951802296,0.21899323412274363,-0.35976229331172727,False,True,0.08112564448789802,0.0,0.08105167752252497,0.16210335504504994
2345,39.083333333333336,False,True,51.06888106518031,50.0,85.65797233134471,50.768250137559676,59.8696370692306,45.352481397951514,74.0,1.0688810651803067,4.102933657120794,4.143962993692003,4.072557535226898,1.9834219907447148,0.5074165496929279,1.9742773753866107,0.8523003435540614,4.143962993692003,0.6052394114441537,1.0326053462794116,1.9722784419480832,0.6065812559701987,1.0346935517958153,3.7840976701081064,4.3630180494128386,0.18239320824175398,-0.24571908758386263,0.21905505572083595,-0.3598653235838962,False,True,0.08105167752252497,0.0,0.08097889144208943,0.16195778288417886
2350,39.166666666666664,False,True,51.04816433135194,50.0,85.69990212348081,50.74751842856436,59.850365697491775,45.33209616660165,74.0,1.0481643313519413,4.103881674125682,4.144920490866939,4.073557859760473,1.9858887711193283,0.5033151336449239,1.976856078060363,0.8529089474719422,4.144920490866939,0.6056899784662181,1.0333048402303904,1.9748545337230554,0.6070355361797728,1.0353948764147853,3.7849553532882787,4.364040176851897,0.1824859289428431,-0.24587341129216944,0.2191196859849578,-0.35996513757866033,False,True,0.08097889144208943,0.0,0.0809072649559058,0.1618145299118116
2355,39.25,False,True,51.02777860739724,50.0,85.7413588020021,50.727118578751146,59.83138888170671,45.31199952753877,74.0,1.027778607397238,4.1047683978898695,4.145816081868769,4.074497765070088,1.9883253425752596,0.49925505788756847,1.979403202595573,0.8535175042409628,4.145816081868769,0.6061415758660221,1.034004736835284,1.9773990793203213,0.6074902759035795,1.036096037997364,3.7857542720968507,4.365003134984542,0.1825785337564012,-0.24602722833738333,0.2191870531157738,-0.36006180977191793,False,True,0.0809072649559058,0.0,0.08083677687553954,0.16167355375107909
2360,39.333333333333336,False,True,51.00772002938789,50.0,85.78235053959699,50.70704670148591,59.81270469014977,45.29218827897086,74.0,1.0077200293878903,4.105595310766561,4.146651263874227,4.0753787035406965,1.9907320905738732,0.4952357426445115,1.9819191373519909,0.8541258558594655,4.146651263874227,0.6065940218570026,1.0347048560314094,1.9799124667172239,0.6079453191726141,1.0367968822807914,3.786495850572864,4.365908350501415,0.18267102642132582,-0.24618053668685147,0.2192570866271879,-0.3601554133013627,False,True,0.08083677687553954,0.0,0.08076740612893686,0.16153481225787372
2365,39.416666666666664,False,True,50.98798468581656,50.0,85.82288529802217,50.687298863941415,59.794311068109664,45.27265917326795,74.0,0.9879846858165635,4.106363867241216,4.147427505913628,4.07620210053714,1.9931093989193116,0.49125661878655563,1.9844042697683333,0.8547338520367794,4.147427505913628,0.6070471429938,1.0354050260914238,1.9823950829686057,0.6084005174679805,1.0374972624466574,3.787181485939648,4.366757223252724,0.18276341040987798,-0.2463333345687989,0.2193297173390958,-0.36024601997397987,False,True,0.08076740612893686,0.0,0.08069913177383378,0.16139826354766756
2370,39.5,False,True,50.96856862310516,50.0,85.8629708343186,50.66787109060604,59.776205845961535,45.25340892211707,74.0,0.9685686231051633,4.107075494143353,4.148146249084786,4.076969354596185,1.9954576495883376,0.48731712761361795,1.9868589861577064,0.8553413500019179,4.148146249084786,0.6075007738809524,1.0361050833320562,1.9848473139871659,0.6088557295377091,1.0381970389377553,3.7878125488104644,4.367551126454144,0.18285568893583737,-0.24648562046420885,0.21940487736935754,-0.3603337002743219,False,True,0.08069913177383378,0.0,0.08063193301012574,0.16126386602025147
2375,39.583333333333336,False,True,50.949467850879174,50.0,85.9026147068713,50.6487593697891,59.75838674602209,45.23443420082398,74.0,0.9494678508791736,4.107731590871766,4.148808906780483,4.077681837632304,1.997777222568913,0.48341672064097185,1.9892836715126607,0.85594821419455,4.148808906780483,0.6079547569180919,1.0368048718593346,1.987269544367746,0.6093108211001683,1.038896079161524,3.788390383406953,4.368291406905492,0.18294786496697402,-0.2466373930943817,0.21948250012500825,-0.3604185233735304,False,True,0.08063193301012574,0.0,0.08056578919170455,0.1611315783834091
2380,39.666666666666664,False,True,50.93067834701345,50.0,85.94182428131442,50.629959659314416,59.740851389806075,45.21573165286647,74.0,0.9306783470134476,4.10833352963225,4.149416864928573,4.078340895156222,2.0000684957072443,0.47955485938970854,1.9916787093196688,0.8565543159854042,4.149416864928573,0.608408942031604,1.0375042433002857,1.9896621572262576,0.6097656645757471,1.0395942572217647,3.7889163077895414,4.368979385221374,0.18303994123636047,-0.2467886514096571,0.21956252029280154,-0.3605005571390314,False,True,0.08056578919170455,0.0,0.08050067983735396,0.1610013596747079
2385,39.75,False,True,50.912196062457014,50.0,85.98060673628301,50.611467889889305,59.72359730528258,45.19729789442811,74.0,0.9121960624570136,4.10888265568698,4.149971482243849,4.078947846505458,2.002331844563065,0.47573101518136046,1.9940444813827312,0.8571595334849644,4.149971482243849,0.6088631864052153,1.0382030565335425,1.9920255339800408,0.6102201389034727,1.0402914537352883,3.7893916140989536,4.369616356072938,0.18313192025032388,-0.24693939458149172,0.21964487382908882,-0.3605798681448955,False,True,0.08050067983735396,0.0,0.08043658464104209,0.16087316928208417
2390,39.833333333333336,False,True,50.89401692584316,50.0,86.01896906901354,50.593279970334294,59.70662193316522,45.179129518255365,74.0,0.894016925843161,4.109380287614682,4.150474090490829,4.079503985085946,2.004567642272886,0.4719446689366239,1.9963813676558717,0.8577637512785896,4.150474090490829,0.6093173542394862,1.0389011774488828,1.9943600541721482,0.6106741292867351,1.0409875555776762,3.789817568808048,4.370203588439935,0.18322380429908658,-0.24708962199185447,0.219729497949106,-0.36065652168278106,False,True,0.08043658464104209,0.0,0.08037348348148107,0.16074696696296215
2395,39.916666666666664,False,True,50.87613684789127,50.0,86.05691810079477,50.57539179239314,59.68992263329894,45.16122309756484,74.0,0.8761368478912672,4.109827717580835,4.150925994756643,4.080010578623991,2.0067762594209944,0.46819531097811995,1.9986897460842519,0.8583668601763476,4.150925994756643,0.6097713165073677,1.0395984787028163,1.996666095398132,0.6111275269531216,1.041682455643141,3.7901954129831923,4.37074232587233,0.18331559546679344,-0.247239333223226,0.21981633111568666,-0.36073058177345096,False,True,0.08037348348148107,0.0,0.08031135643102229,0.16062271286204458
