time_s,time_min,falla_prop_inyectada,falla_remi_inyectada,BIS,BIS_ref,BIS_desde_Ce_real,BIS_desde_Ce_bis,BIS_mas,BIS_menos,age_patient,error,Ce_remi_pred,Ce_remi_corr,Ce_remi_prom,Ce_prop,Ce_remi,Ce_bis,Ce_prop_obs,Ce_remi_obs,Ce_bis_menos,Ce_bis_mas,Ce_bis_inv,Ce_prop_menos,Ce_prop_mas,Ce_remi_menos,Ce_remi_mas,r_prop_sup,r_prop_inf,r_remi_sup,r_remi_inf,fallo_prop,fallo_remi,u_prop_app,u_remi_app,u_prop_cmd,u_remi_cmd
0,0.0,False,False,93.0,50.0,95.9,93.0,93.0,92.99859384556382,74.0,43.0,0.0,0.0,0.06,0.0,0.0,0.0,9.185896487906575e-12,0.0,-0.06003361123466673,0.004932777515969128,7.321432349272073e-12,-0.06003361123466673,0.004932777515969128,-0.06003994062621891,0.00492011874756218,0.004932777506783231,-0.060033611243852626,0.00492011874756218,-0.06003994062621891,False,False,0.0,0.0,0.2551333333333333,0.5102666666666666
5,0.08333333333333333,False,False,92.99995464242168,50.0,95.89998111985527,92.99980498419792,92.98957378712385,92.77196230985682,74.0,42.999954642421685,0.012446046699815878,0.012570507166814036,-0.027559910939328365,0.0008136054596115112,0.005810447825667911,0.0,9.185896487906575e-12,0.012570507166814036,0.009514188844920862,0.06782257323913574,7.321432349272073e-12,0.009514188844920862,0.06782257323913574,0.02900274161683579,0.08718139935055817,0.06782257322994983,0.009514188835734965,0.07461089218374414,0.016432234450021753,False,False,0.2551333333333333,0.5102666666666666,0.25656378494852433,0.5131275698970487
10,0.16666666666666666,False,False,92.99940570351166,50.0,95.89962942708026,92.99853115094146,92.99983035611035,92.9213844524918,74.0,42.999405703511655,0.03622486094045712,0.03658710954986169,0.05809207048369698,0.003212997942021184,0.02266747716875112,0.0,9.185896487906575e-12,0.03658710954986169,-0.03548861777787604,0.029896001970038347,7.321432349272073e-12,-0.03548861777787604,0.029896001970038347,0.0116768432040356,0.07661810017395315,0.02989600196085245,-0.03548861778706194,0.04003099062409146,-0.02491026634582609,False,False,0.25656378494852433,0.5131275698970487,0.25796485344769887,0.5159297068953977
15,0.25,False,False,92.9967095260563,50.0,95.89792366921164,92.99485523232228,92.99386860735727,92.74491272851198,74.0,42.99670952605631,0.07031566786071565,0.0710188245393228,0.044147471688994376,0.007139031944092886,0.04975625730172365,0.00059800287269032,9.185896487906575e-12,0.0710188245393228,-0.0072185207800395945,0.0563593994804199,0.0004813923110759788,-0.0072185207800395945,0.0563593994804199,0.07792734241786825,0.14097961904903308,0.05635939947123401,-0.007218520789225491,0.06996079450971028,0.006908517878545448,False,False,0.25796485344769887,0.5159297068953977,0.2592584887113704,0.5185169774227408
20,0.3333333333333333,False,False,92.98838095444904,50.0,95.89303617512623,92.98585221320927,92.9888956271665,92.77316401210585,74.0,42.98838095444904,0.113778659521098,0.11491644611630898,0.10945348073345067,0.012534246911271727,0.08631123023244003,0.002192460213485424,0.0006039828996108554,0.11491644611630898,-0.02488707950654532,0.042476644827825094,0.0017649304658789334,-0.02488707950654532,0.042476644827825094,0.10670275912153453,0.1731916371562955,0.04187266192821424,-0.025491062406156173,0.05827519103998653,-0.008213686994774455,False,False,0.2592584887113704,0.5185169774227408,0.26031787026755215,0.5206357405351043
25,0.4166666666666667,False,False,92.9691956190595,50.0,95.88236902289316,92.96861102376654,92.97239406414825,92.60846007859406,74.0,42.969195619059505,0.16574208673782623,0.1673995076052045,0.139947198138915,0.019342161034545207,0.13160851111618452,0.0049527851760849655,0.0016612894693935232,0.1673995076052045,-0.01245552849555931,0.05503117121808901,0.003986992066029415,-0.01245552849555931,0.05503117121808901,0.17277470292859737,0.23923829454593498,0.05336988174869549,-0.014116817964952833,0.07183878694073048,0.005375195323392867,False,False,0.26031787026755215,0.5206357405351043,0.2610116337155303,0.5220232674310606
30,0.5,False,False,92.93253636063012,50.0,95.86263887321074,92.93125657262163,92.9534683660359,92.52931936892782,74.0,42.932536360630124,0.22539027892129787,0.22764418171051085,0.20600649873726617,0.027506426942623865,0.18495764702866813,0.008960402956910363,0.004989779624429503,0.22764418171051085,-0.015663213046867443,0.05420900007045461,0.007213124387135395,-0.015663213046867443,0.05420900007045461,0.2277709185862309,0.2962852720127683,0.04921922044602511,-0.020652992671296944,0.06864109030225743,0.0001267368757200682,False,False,0.2610116337155303,0.5220232674310606,0.26121993066905635,0.5224398613381127
35,0.5833333333333334,False,False,92.8708504390931,50.0,95.82998985289679,92.86840212361815,92.92127509469361,92.32268725446428,74.0,42.870850439093104,0.29195329947840876,0.29487283247319285,0.2620280952994996,0.036970045704402675,0.24569414044646362,0.014239739967957028,0.009596048888033693,0.29487283247319285,-0.006828052525508804,0.06390645380633855,0.011462990673271634,-0.006828052525508804,0.06390645380633855,0.3008883002655842,0.370051657399076,0.05431040491830486,-0.016424101413542495,0.07517882492588313,0.006015467792391371,False,False,0.26121993066905635,0.5224398613381127,0.2608434762849577,0.5216869525699154
40,0.6666666666666666,False,False,92.77604676571076,50.0,95.78012610073293,92.77180565292016,92.8821519214646,92.13784787963868,74.0,42.77604676571076,0.3646985341115816,0.3683455194526974,0.3354699788323301,0.04767471622963518,0.31317324860103446,0.020785853030414473,0.015492710028865986,0.3683455194526974,-0.0036460210127157097,0.06885313794943147,0.016732611696670573,-0.0036460210127157097,0.06885313794943147,0.37256835379878483,0.44317431276215,0.05336042792056549,-0.019138731041581696,0.07482879330945263,0.004222834346087445,False,False,0.2608434762849577,0.5216869525699154,0.25980242033123485,0.5196048406624697
45,0.75,False,False,92.6398510435125,50.0,95.7084593737237,92.63304092682846,92.78779140807892,91.85146612487037,74.0,42.63985104351249,0.44292398308910147,0.44735322291999247,0.40787133328046743,0.05956033933163446,0.3867651412709271,0.02857759424275686,0.022676018857146117,0.44735322291999247,0.005202922795756633,0.07882159755692332,0.023004963369976397,0.005202922795756633,0.07882159755692332,0.4539840081779149,0.5254508268072086,0.0561455786997772,-0.017473096061389484,0.0780976038872161,0.0066307852579224336,False,False,0.25980242033123485,0.5196048406624697,0.25803601192658504,0.5160720238531701
50,0.8333333333333334,False,False,92.4541371164563,50.0,95.61026813880753,92.44383638650106,92.64594725933605,91.54287287719542,74.0,42.454137116456295,0.5259530871933853,0.5312126180653192,0.4897174174925617,0.07256466537899553,0.46585128387740293,0.03758373675908995,0.03113092712910657,0.5312126180653192,0.01245101819525293,0.08753736112420038,0.030254908097003864,0.01245101819525293,0.08753736112420038,0.5370093847011957,0.6096265922258749,0.05640643399509381,-0.01867990893385364,0.07841397416055573,0.005796766635876582,False,False,0.25803601192658504,0.5160720238531701,0.2555031890610185,0.511006378122037
55,0.9166666666666666,False,False,92.21124300713562,50.0,95.48086431809905,92.19639857271632,92.42753197132339,91.14397086006034,74.0,42.21124300713562,0.6131309767270318,0.619262286494302,0.5733179884635353,0.08662308034237991,0.5498219604463784,0.04776585289438466,0.040833567129902805,0.619262286494302,0.022710946863362273,0.09898124965448497,0.03845151158143381,0.022710946863362273,0.09898124965448497,0.6256984595632777,0.6992126034606116,0.05814768252458217,-0.01812262026654053,0.07995031696630961,0.0064361730689757035,False,False,0.2555031890610185,0.511006378122037,0.252183576751164,0.504367153502328
60,1.0,False,False,91.90427044380243,50.0,95.31576298274756,91.8837187122618,92.16084020353063,90.6947570759787,74.0,41.90427044380243,0.7038220619411751,0.7108602825605869,0.6624555315119447,0.1016685294390582,0.6380748862341247,0.05907973124037713,0.05175256048014489,0.7108602825605869,0.03298114213452123,0.11055888544570747,0.047559183652401776,0.03298114213452123,0.11055888544570747,0.7164713827265815,0.7909756340078955,0.058806324965562574,-0.01877141834562366,0.08011535144730864,0.0056111001659946425,False,False,0.252183576751164,0.504367153502328,0.2480783286911706,0.4961566573823412
65,1.0833333333333333,False,False,91.52736031777822,50.0,95.11084921795735,91.4998545750768,91.81312482138905,90.1598211146999,74.0,41.52736031777822,0.7974088820169235,0.8053829708370928,0.7537235083672384,0.11763157836209436,0.7300148680369759,0.07147615382476968,0.0638497912576895,0.8053829708370928,0.0451210665774848,0.12387228264651938,0.057538303822320815,0.0451210665774848,0.12387228264651938,0.8105817040195175,0.8859556477851634,0.06002249138882988,-0.0187287246802047,0.08057267694807069,0.005198733182424697,False,False,0.2480783286911706,0.4961566573823412,0.2432104006805507,0.4864208013611014
70,1.1666666666666667,False,False,91.07593299795622,50.0,94.86253544005592,91.04017610643709,91.4001041383063,89.5592783750921,74.0,41.075932997956215,0.8932921086074809,0.9022250296935557,0.8482686759023405,0.13444060974146538,0.8250544559172724,0.08490141103542312,0.07708094579766112,0.9022250296935557,0.05787018990758661,0.1378282551714276,0.06834563588495257,0.05787018990758661,0.1378282551714276,0.9062707050075881,0.9825325447014409,0.06074730937376649,-0.019210755890074503,0.08030751500788524,0.0040456753140324375,False,False,0.2432104006805507,0.4864208013611014,0.23762398689744677,0.47524797379489353
75,1.25,False,False,90.54688122021959,50.0,94.56790190958453,90.50156213561584,90.90408532203823,88.87679333756958,74.0,40.54688122021959,0.990891567793213,1.000800483471145,0.9444016248545145,0.15202214809247747,0.9226155017039935,0.09929773109195542,0.09139596732084102,1.000800483471145,0.07195488152332505,0.15304872932679786,0.07993467353094275,0.07195488152332505,0.15304872932679786,1.0037065128524654,1.0807911078751027,0.061652762005956846,-0.019441085797515967,0.07999062440395766,0.002906029381320341,False,False,0.23762398689744677,0.47524797379489353,0.231382975340259,0.462765950680518
80,1.3333333333333333,False,False,89.93870409387499,50.0,94.22481325993874,89.88253633361904,90.33418215571577,88.12387386710799,74.0,39.93870409387499,1.0896481082934835,1.1005445893764183,1.042248810363784,0.17030130099958096,1.0221315043160417,0.11460370853592272,0.10673950319496725,1.1005445893764183,0.08682209856864545,0.1690498224375459,0.092255985377642,0.08682209856864545,0.1690498224375459,1.1018789564619529,1.1797772136831712,0.062310319242578655,-0.0199174046263218,0.07923262430675293,0.0013343670855345824,False,False,0.231382975340259,0.462765950680518,0.22456840035146908,0.44913680070293815
85,1.4166666666666667,False,False,89.25157340791561,50.0,93.83200466620397,89.18333338135494,89.68321897012811,87.2954559995905,74.0,39.251573407915615,1.1890261102460336,1.2009163713484938,1.140828085072562,0.1892022984917019,1.1230505858361848,0.13075477175655303,0.1230513859633902,1.2009163713484938,0.10272965638566342,0.1860473670852314,0.10525759126144295,0.10272965638566342,0.1860473670852314,1.2005577888701104,1.2792286721048294,0.0629959811218412,-0.02032172957772678,0.07831230075633555,-0.00035858247838338464,False,False,0.22456840035146908,0.44913680070293815,0.21727499005076162,0.43454998010152324
90,1.5,False,False,88.48732753902492,50.0,93.38913281696111,88.4058905904229,88.95821870755043,86.40026205501874,74.0,38.48732753902492,1.2885164034557597,1.3014015674903172,1.23989323048747,0.20864910726695415,1.2248389108656543,0.14768370607784964,0.14026717015049145,1.3014015674903172,0.11941005327778713,0.20380278873852076,0.11888538339585467,0.11941005327778713,0.20380278873852076,1.2990651167425855,1.3784907709572156,0.06353561858802931,-0.02085711687270432,0.0770892034668984,-0.0023364507477317,False,False,0.21727499005076162,0.43454998010152324,0.2096070158054298,0.4192140316108596
95,1.5833333333333333,False,False,87.64939333659568,50.0,92.896789003818,87.5537655000573,88.15904302288347,85.43996561219075,74.0,37.64939333659568,1.3876393513217267,1.401515744834944,1.3387779438499006,0.22856609232613898,1.3269843398299135,0.1653212347929557,0.15831873320303202,1.401515744834944,0.13692609436436412,0.22236235692883596,0.13308359400602968,0.13692609436436412,0.22236235692883596,1.397052933635845,1.477203764337798,0.06404362372580394,-0.021392638838667904,0.07568801950285398,-0.0044628111990989705,False,False,0.2096070158054298,0.4192140316108596,0.20167373577716385,0.4033474715543277
100,1.6666666666666667,False,False,86.74264171047193,50.0,92.3564741806465,86.63198550705617,87.29291576015903,84.4229737744522,74.0,36.74264171047193,1.4859478596318418,1.5008073382281604,1.4371283489868216,0.24887869624034537,1.4290000982251958,0.18359665093835975,0.1771349392997763,1.5008073382281604,0.1551247110683958,0.2415854054165195,0.14779530400724072,0.1551247110683958,0.2415854054165195,1.494018674316167,1.5748751107306584,0.06445046611674318,-0.02201022823138052,0.07406777250249807,-0.006788663911993398,False,False,0.20167373577716385,0.4033474715543277,0.19358477230191226,0.3871695446038245
105,1.75,False,False,85.77318754419774,50.0,91.77053846536708,85.64684063965954,86.36420688326471,83.3548353579983,74.0,35.77318754419774,1.5830300889189006,1.5988603898080898,1.5344468925234127,0.26951410605297044,1.5304282502470052,0.20243848573940004,0.1966423565311743,1.5988603898080898,0.17398740473379187,0.2614472262367102,0.16296298101301546,0.17398740473379187,0.2614472262367102,1.5896144465968876,1.6711530492553388,0.0648048697055359,-0.022654951797382417,0.07229265944724905,-0.009245943211202201,False,False,0.19358477230191226,0.3871695446038245,0.1854457659930358,0.3708915319860716
110,1.8333333333333333,False,False,84.7481483457193,50.0,91.14208994048752,84.60563446242209,85.3809720141397,82.2442311595128,74.0,34.7481483457193,1.6785116836789993,1.6952968005157893,1.6303837479261132,0.29040187977096216,1.6308427867703044,0.22177519497187637,0.21676601181470687,1.6952968005157893,0.19340731792830967,0.28184654230382633,0.17852903195685033,0.19340731792830967,0.28184654230382633,1.6834559921646268,1.7656580139276064,0.06508053048911946,-0.02335869388639719,0.070361213411817,-0.011840808351162524,False,False,0.1854457659930358,0.3708915319860716,0.17735460847857226,0.3547092169571445
115,1.9166666666666667,False,False,83.67537826874207,50.0,90.47487947212558,83.51641033934928,84.35014361054802,81.09858930210436,74.0,33.675378268742065,1.772057378010317,1.7897779517904202,1.7245570030461166,0.31147450831994117,1.7298521721949534,0.24153584186606464,0.23743016344715215,1.7897779517904202,0.21333299496101402,0.3027298441619866,0.19443635269749393,0.21333299496101402,0.3027298441619866,1.7752454498816492,1.8580912805634364,0.06529968071483447,-0.024097168486138132,0.06831332877301621,-0.014532501908770978,False,False,0.17735460847857226,0.3547092169571445,0.16939847903183394,0.3387969580636679
120,2.0,False,False,82.56319460100289,50.0,89.77316941647474,82.38767069100585,83.28029849306634,79.92655861864232,74.0,32.56319460100289,1.8633718902573093,1.8820056091598825,1.8166683652225428,0.3326678942650937,1.8271012385224068,0.26165075459367293,0.2585590688985576,1.8820056091598825,0.233677644642319,0.3240130740478496,0.21062885744636334,0.233677644642319,0.3240130740478496,1.8646954786406944,1.9481679860090662,0.065454005149292,-0.024881424256238627,0.06616237684918369,-0.01731013051918806,False,False,0.16939847903183394,0.3387969580636679,0.16165181238431856,0.3233036247686371
125,2.0833333333333335,False,False,81.42011261350791,50.0,89.04159443944485,81.22810558100493,82.1793955653983,78.73600177475771,74.0,31.42011261350791,1.95220007357548,1.971722074311235,1.9064317323248803,0.3539217349152551,1.9222723634854888,0.2820521376902623,0.28007772486480464,1.971722074311235,0.2543782999601797,0.3456328535356228,0.22705197084101203,0.2543782999601797,0.3456328535356228,1.95157717757287,2.035659461541723,0.06555512867081814,-0.025699424904624957,0.06393738723048803,-0.020144896738364837,False,False,0.16165181238431856,0.3233036247686371,0.15417522252728066,0.30835044505456133
130,2.1666666666666665,False,False,80.25460212666457,50.0,88.28502228013747,80.04634427959749,81.0558648953429,77.534960824739,74.0,30.254602126664565,2.0383263397912783,2.058709603189191,1.9936183195572965,0.37517980395701844,2.0150859176926126,0.3026746196862832,0.3019125585246911,2.058709603189191,0.2753590564684782,0.36751479706912316,0.24365306884178609,0.2753590564684782,0.36751479706912316,2.0356889226825317,2.1203655962360366,0.06560223854443203,-0.02655350205621293,0.06165599304684566,-0.023020680506659286,False,False,0.15417522252728066,0.30835044505456133,0.14701531582999455,0.2940306316599891
135,2.25,False,False,79.07487575191716,50.0,87.5084212800162,78.85073990182039,79.91754123820027,76.33074300528013,74.0,29.074875751917162,2.1215734163737836,2.1427891505375216,2.078027259459284,0.3963901318841501,2.105300009185395,0.32345572332153966,0.323992052236008,2.1427891505375216,0.296555535091768,0.38959473705018854,0.26038185727916247,0.296555535091768,0.38959473705018854,2.1168738963894658,2.2021301571503984,0.06560268481418052,-0.027436517144240002,0.05934100661287678,-0.025915254148055844,False,False,0.14701531582999455,0.2940306316599891,0.14020525760077507,0.28041051520155014
140,2.3333333333333335,False,False,77.88871503076709,50.0,86.71674007583015,77.64919335632473,78.77206337830785,75.13028576376195,74.0,27.888715030767088,2.2018005280977486,2.223818533378726,2.159502026769932,0.41750509070255704,2.192709589256979,0.34433624949031333,0.34624728781827796,2.223818533378726,0.317900078481667,0.4118059942978711,0.27719068083283677,0.317900078481667,0.4118059942978711,2.195006050394868,2.280828151857695,0.06555870647959317,-0.028347209336610946,0.05700961847896879,-0.02881248298385808,False,False,0.14020525760077507,0.28041051520155014,0.13376591482755473,0.26753182965510947
145,2.4166666666666665,False,False,76.70333708659973,50.0,85.91480323307964,76.44901910098312,77.62638261753351,73.93975772805084,74.0,26.70333708659973,2.2789011150168084,2.3016901261669767,2.2379171011262815,0.4384813923899812,2.277145008942672,0.36526057098655,0.3686124021181058,2.3016901261669767,0.3393319144340068,0.43408822088363747,0.29403475964577414,0.3393319144340068,0.43408822088363747,2.269995193224594,2.3563700437458466,0.06547581876553166,-0.02928048768409902,0.05467991757886992,-0.03169493294238279,False,False,0.13376591482755473,0.26753182965510947,0.1277073841473918,0.2554147682947836
150,2.5,False,False,75.5253012841445,50.0,85.10722497763327,75.2568520188971,76.48691149712172,72.7647101543514,74.0,25.525301284144504,2.3528002070975167,2.376328209168492,2.31318261848522,0.45928001324937734,2.358470130786526,0.3861768367270055,0.3910249499990641,2.376328209168492,0.3607912174905676,0.45638230995291057,0.31087235355857956,0.3607912174905676,0.45638230995291057,2.3417794978948674,2.428694816524673,0.06535735995384645,-0.030233732508496536,0.05236660735618104,-0.034548711273624466,False,False,0.1277073841473918,0.2554147682947836,0.1220307236516628,0.2440614473033256
155,2.5833333333333335,False,False,74.3604529701181,50.0,84.29834172224498,74.07859225465694,75.35931885945178,71.60992799714148,74.0,24.360452970118104,2.423451574811378,2.447686090559492,2.38523715720977,0.47986605765928625,2.4365801060125487,0.4070370910698057,0.4134261757114473,2.447686090559492,0.3822233237734773,0.47863407268203817,0.32766485831311915,0.3822233237734773,0.47863407268203817,2.4103255751733363,2.4977697043844143,0.06520789697059087,-0.03120285193797001,0.050083613824922324,-0.03736051538615559,False,False,0.1220307236516628,0.2440614473033256,0.11672973303141138,0.23345946606282275
160,2.6666666666666665,False,False,73.21389972217105,50.0,83.49216288338943,72.91938319744992,74.24860550582738,70.47951797909224,74.0,23.21389972217105,2.4908347663282275,2.5157431139915096,2.4540476397788753,0.5002085749608768,2.511398924636191,0.42779731589510317,0.43576119723484225,2.5157431139915096,0.40357632322752696,0.5007921779683759,0.34437683928968,0.40357632322752696,0.5007921779683759,2.475623613257804,2.5635855543588164,0.0650309807335337,-0.03218487400731529,0.04784244036730678,-0.04011950073370585,False,False,0.11672973303141138,0.23345946606282275,0.1117926613320998,0.2235853226641996
165,2.75,False,False,72.09001462580017,50.0,82.6923385886808,71.78361689754733,73.15904484706887,69.37688152221315,74.0,22.090014625800166,2.5549521281196665,2.5805016494008632,2.5196045838083103,0.5202803425699595,2.582876837342498,0.4484174051867724,0.4579791111994382,2.5805016494008632,0.42480276369020725,0.5228096380298093,0.36097601116803163,0.42480276369020725,0.5228096380298093,2.53768560537018,2.6261549200313845,0.0648305268303711,-0.03317634750923093,0.04565327063052127,-0.04281604403068329,False,False,0.1117926613320998,0.2235853226641996,0.107203758615159,0.214407517230318
170,2.8333333333333335,False,False,70.99246082005558,50.0,81.90214228722303,70.67496096121249,72.09424605762649,68.30478841065307,74.0,20.992460820055584,2.6158258890727586,2.6419841479634862,2.5819202627007822,0.5400576271285475,2.6509877352325235,0.4688610829786697,0.480033027627087,2.6419841479634862,0.44585861959302836,0.5446429199359952,0.3774331718002486,0.44585861959302836,0.5446429199359952,2.5965417454412565,2.685508547251083,0.06460989230890823,-0.034174408034058634,0.04352439928759688,-0.04544240252222975,False,False,0.107203758615159,0.214407517230318,0.10294462219534282,0.20588924439068565
175,2.9166666666666665,False,False,69.92423175500765,50.0,81.12446596319613,69.59640120187444,71.05716647509846,67.26540573959367,74.0,19.924231755007654,2.6734953705950035,2.7002303243009536,2.64102514634617,0.5595199338673554,2.7157265587307995,0.48909577582029873,0.5018800449089212,2.7002303243009536,0.4667039171993587,0.5662524826187999,0.3937220995349435,0.4667039171993587,0.5662524826187999,2.6522381874942096,2.7416930821920933,0.06437243770987866,-0.03517612770956252,0.041462757891139734,-0.04799213680674397,False,False,0.10294462219534282,0.20588924439068565,0.09899531683418741,0.19799063366837483
180,3.0,False,False,68.88770213277365,50.0,80.3618255667987,68.55029488876829,70.0501757158014,66.26036743658518,74.0,18.887702132773654,2.7280143681648044,2.7552945118464525,2.6969656348431514,0.5786497525538004,2.777106791648988,0.5090924505398644,0.5234811758037722,2.7552945118464525,0.4873022257153681,0.587602327144549,0.4098194226907708,0.4873022257153681,0.587602327144549,2.7048342296239563,2.794768292559111,0.06412115134077678,-0.036178950088404105,0.03947378071265861,-0.05046028222249621,False,False,0.09899531683418741,0.19799063366837483,0.09533527004018172,0.19067054008036344
185,3.0833333333333335,False,False,67.88468521974085,50.0,79.61637435946977,67.53843021225177,69.07509931084674,65.29082436422824,74.0,17.884685219740845,2.779448734369846,2.8072432217135446,2.749801261091534,0.5974323066163464,2.8351580818022746,0.5288254272216033,0.5448012341025787,2.8072432217135446,0.5076208122065234,0.6086601164349781,0.4257044689106351,0.5076208122065234,0.6086601164349781,2.7544001899618573,2.8448049246771494,0.06385888233239934,-0.037180421896055305,0.03756170296360484,-0.05284303175168725,False,False,0.09533527004018172,0.19067054008036344,0.09194395847726805,0.1838879169545361
190,3.1666666666666665,False,False,66.91649300703739,50.0,78.88992206707874,66.56208836865434,68.13328187993136,64.35750825509595,74.0,16.91649300703739,2.827874180266109,2.8561529220687705,2.7996025573195036,0.6158553103811392,2.8899240164585547,0.5482721761466663,0.5658086919530433,2.8561529220687705,0.527630326511992,0.6293968850725401,0.4413591017912495,0.527630326511992,0.6293968850725401,2.801015202929683,2.891882515828675,0.06358819311949682,-0.03817836544105124,0.0357295937599047,-0.055137719139087604,False,False,0.09194395847726805,0.1838879169545361,0.08880141026152294,0.17760282052304588
195,3.25,False,False,65.98399647603307,50.0,78.18395799769546,65.62210551127748,67.22563984150028,63.460784894682696,74.0,15.98399647603307,2.8733743011163724,2.902108044127536,2.846448859379179,0.6339087379004964,2.941460069694391,0.5674131061275465,0.5864755156341743,2.902108044127536,0.5473047524685287,0.6497869768599422,0.4567675504255476,0.5473047524685287,0.6497869768599422,2.8447654300862006,2.936087598863469,0.06331146122576792,-0.039170763165645606,0.03397955473593317,-0.05734261404133534,False,False,0.08880141026152294,0.17760282052304588,0.08588855187700226,0.1717771037540045
200,3.3333333333333335,False,False,65.08768394108918,50.0,77.49967657157255,64.71893252694896,66.35271915296597,62.6007095326415,74.0,15.087683941089182,2.9160388242027824,2.9451992124448103,2.890426514474835,0.6515846056270538,2.989831729584525,0.5862313503183795,0.6067769870743177,2.9451992124448103,0.5666211660726344,0.6698078137839847,0.47191623701223767,0.5666211660726344,0.6698078137839847,2.88574236985031,2.977512019435226,0.06303082670966698,-0.040155821001683356,0.0323128069904155,-0.05945684259450035,False,False,0.08588855187700226,0.1717771037540045,0.08318742889195038,0.16637485778390076
205,3.4166666666666665,False,False,64.2277160624623,50.0,76.83800400219351,63.852691235855154,65.51474574616694,61.7770746314209,74.0,14.227716062462306,2.9559620702566054,2.9855216909591715,2.931627194642768,0.6688767701966207,3.035112806010808,0.604712554296945,0.6266915171202527,2.9855216909591715,0.5855596033217016,0.6894397588822391,0.48679360620785705,0.5855596033217016,0.6894397588822391,2.924041450399606,3.0162515274870585,0.06274824176198635,-0.04113191379855108,0.030729836527886967,-0.06148024055956558,False,False,0.08318742889195038,0.16637485778390076,0.08068132781399384,0.16136265562798768
210,3.5,False,False,63.403976636158276,50.0,76.19962514001436,63.02322614894628,64.71167479734589,60.98945522422783,74.0,13.403976636158276,2.993241615817384,3.023174031975558,2.970146488943332,0.6857807418128552,3.077383914561595,0.6228446700470435,0.6462004550033271,3.023174031975558,0.6041028511349329,0.7086659121277608,0.5013899593841871,0.6041028511349329,0.7086659121277608,2.95976076872419,3.0524045202572685,0.06246545712443363,-0.04209760386839423,0.02923048828171071,-0.06341326325136798,False,False,0.08068132781399384,0.16136265562798768,0.07835482327380122,0.15670964654760244
215,3.5833333333333335,False,False,62.616118675401125,50.0,75.5850097338667,62.23015131201521,63.94323393281368,60.23724809899459,74.0,12.616118675401125,3.0279771411931136,3.0582569126050445,3.0060826444907294,0.7022935131526785,3.116731128254632,0.6406177584539466,0.6652878980076821,3.0582569126050445,0.6222362868099367,0.7274719483742728,0.5156972955481706,0.6222362868099367,0.7274719483742728,2.993000036916583,3.086070988911676,0.06218405036659069,-0.043051611197745365,0.027814076306631463,-0.0652568756884615,False,False,0.07835482327380122,0.15670964654760244,0.07619377101001433,0.15238754202002866
220,3.6666666666666665,False,False,61.8636056089632,50.0,74.99443757376731,61.4728920882671,63.20896299124907,59.51970715674214,74.0,11.863605608963198,3.060269447314264,3.0908721417874068,3.0395355129141297,0.7184134033030148,3.153244786382201,0.6580238020721685,0.683940504151451,3.0908721417874068,0.6399476902677821,0.7458459321069248,0.5297091606668346,0.6399476902677821,0.7458459321069248,3.0238596700142266,3.11735160878457,0.061905427955473824,-0.043992813883668935,0.026479466997163303,-0.06701247177318015,False,False,0.07619377101001433,0.15238754202002866,0.07418526335111658,0.14837052670223316
225,3.75,False,False,61.145747647818126,50.0,74.4280221521278,60.75072196293849,62.50824861440853,58.83597371985671,74.0,11.145747647818126,3.0902196243558415,3.1211218205994,3.0706056393993983,0.7341399159662273,3.1870184483792534,0.6750565292308446,0.7021473097548551,3.1211218205994,0.6572270804479738,0.7637781536678769,0.5434205060268597,0.6572270804479738,0.7637781536678769,3.0524400289129145,3.1463469831976574,0.06163084391302187,-0.04492022930688122,0.025225162598257356,-0.06868179168648547,False,False,0.07418526335111658,0.14837052670223316,0.0723175603668231,0.1446351207336462
230,3.8333333333333335,False,False,60.46173352784514,50.0,73.88573261983025,60.06279459493778,61.840354942407245,58.18510298797847,74.0,10.46173352784514,3.117928355281394,3.149107638834208,3.0993935060552857,0.7494736110047683,3.21814798001017,0.6917112499951487,0.7198995536037728,3.149107638834208,0.6740665457917734,0.7812609611771039,0.5568275562437975,0.6740665457917734,0.7812609611771039,3.0788407825584883,3.1731570073129083,0.061361407573331084,-0.04583300781199939,0.024049368478700206,-0.07026685627571982,False,False,0.0723175603668231,0.1446351207336462,0.07058000676142281,0.14116001352284563
235,3.9166666666666665,False,False,59.81065793676991,50.0,73.3674139226656,59.4081714501066,61.20444999960284,57.56608644438458,74.0,9.810657936769907,3.1434953382237136,3.1749302916059507,3.125998894935698,0.7644159883096106,3.246730759147828,0.7079847040849416,0.7371905085538856,3.1749302916059507,0.6904600894198349,0.7982886060273506,0.5699276867891513,0.6904600894198349,0.7982886060273506,3.103160385944032,3.1978803471455293,0.06109809747346506,-0.04673041913405063,0.022950055539578518,-0.07176990566191854,False,False,0.07058000676142281,0.14116001352284563,0.06896294196981512,0.13792588393963023
240,4.0,False,False,59.19154499101181,50.0,72.8728050863025,58.785845401682224,60.59962853380882,56.97787094723864,74.0,9.19154499101181,3.1670188126855168,3.198689000812372,3.1505203665447805,0.7789693829504613,3.27286498880601,0.7238749205447036,0.754015321163297,3.198689000812372,0.7064034768503821,0.8148570915478741,0.5827193110353165,0.7064034768503821,0.8148570915478741,3.1254956518681816,3.220614012587274,0.060841770384577165,-0.047611844312914875,0.02192501177490236,-0.07319334894419027,False,False,0.06896294196981512,0.13792588393963023,0.06745760879314315,0.1349152175862863
245,4.083333333333333,False,False,58.603368153657726,50.0,72.40155567852976,58.19476070438457,60.02493138705475,56.41937466656849,74.0,8.603368153657726,3.188595175786102,3.220481127543963,3.173054832227728,0.7931368705810999,3.296649105744293,0.7393810887422984,0.7703708597210607,3.220481127543963,0.7218940946909572,0.8309640321599285,0.5952017764376706,0.7218940946909572,0.8309640321599285,3.145941408132641,3.241453015567207,0.06059317243886786,-0.04847676503010345,0.020971888023244123,-0.07453971941132176,False,False,0.06745760879314315,0.1349152175862863,0.06605606423528049,0.13211212847056097
250,4.166666666666667,False,False,58.045066987500654,50.0,71.95324052006983,57.633829753943346,59.47936193848795,55.88950038549372,74.0,8.045066987500654,3.208318676097475,3.24040186285845,3.193697211849924,0.8069221821165926,3.31818127378618,0.7545034401301967,0.7862555706348757,3.24040186285845,0.7369308149441843,0.8466085183792113,0.6073752693120241,0.7369308149441843,0.8466085183792113,3.16459022536653,3.260490098895286,0.06035294774433553,-0.04932475569069139,0.020088236036836182,-0.07581163749191999,False,False,0.06605606423528049,0.13211212847056097,0.06475109491548497,0.12950218983096995
255,4.25,False,False,57.51556112421866,50.0,71.52737274348584,57.1019470254785,58.96189985645244,55.38714642291076,74.0,7.515561124218657,3.2262811739347486,3.258543985674096,3.212540162130908,0.8203296267600475,3.337558951896348,0.7692431401154372,0.8016693430860868,3.258543985674096,0.751513868289909,0.8617909905767247,0.6192407277974326,0.751513868289909,0.8617909905767247,3.18153220689301,3.2778155269893277,0.060121647490637864,-0.05015547479617788,0.019271541315231566,-0.077011778781086,False,False,0.06475109491548497,0.12950218983096995,0.06353613847186612,0.12707227694373224
260,4.333333333333333,False,False,57.01376180791959,50.0,71.12341531680164,56.59800055315789,58.47151255303099,54.911215547872516,74.0,7.013761807919593,3.242571958242224,3.2749976778246466,3.2296738669411686,0.833364022527129,3.354878527993484,0.7836021893402534,0.8166133819703646,3.2749976778246466,0.7656447243086993,0.87651311975603,0.6307997624186555,0.7656447243086993,0.87651311975603,3.1968548301997335,3.2935169281915484,0.059899737785665375,-0.05096865766166525,0.01851925036690183,-0.07814284762491308,False,False,0.06353613847186612,0.12707227694373224,0.06240521167218263,0.12481042334436526
265,4.416666666666667,False,False,56.53858134263507,50.0,70.7407911571217,56.12088129958521,58.007164625976465,54.4606221612809,74.0,6.538581342635069,3.257277611417423,3.2898503875315974,3.245185879195641,0.8460306334910497,3.37023501039104,0.7975833336626786,0.831090088462679,3.2898503875315974,0.7793259789665481,0.8907776954843637,0.6420545836039765,0.7793259789665481,0.8907776954843637,3.2106428326801537,3.307679181259376,0.05968760702168474,-0.05176410949613086,0.01782879372777879,-0.0792075548514437,False,False,0.06240521167218263,0.12481042334436526,0.06135284545686259,0.12270569091372518
270,4.5,False,False,56.088940741960265,50.0,70.37889196198799,55.669490709828395,57.56782556368595,54.034297997943334,74.0,6.088940741960265,3.270481914522415,3.3031867336676393,3.259161006969765,0.8583351130452712,3.3837217696327895,0.811189982136489,0.8451029482433114,3.3031867336676393,0.792561249285646,0.904588521023284,0.6530079356165971,0.792561249285646,0.904588521023284,3.222978134143151,3.3203843385879046,0.05948557277997257,-0.05254169895766547,0.01719760492026534,-0.08020859952448811,False,False,0.06135284545686259,0.12270569091372518,0.06037402680579974,0.12074805361159947
275,4.583333333333333,False,False,55.66377584704231,50.0,70.03708588421726,55.24274672705379,57.1524759738857,53.631196589543094,74.0,5.663775847042309,3.2822657863366254,3.3150884441999917,3.271681236365528,0.8702834525530265,3.39543032430708,0.8244261323154595,0.8586564268337498,3.3150884441999917,0.8053550744333631,0.9179503148178882,0.6636630365188921,0.8053550744333631,0.9179503148178882,3.2339397903129794,3.3317115803556714,0.05929388798413848,-0.05330135240038669,0.016623136155679674,-0.08114865388701231,False,False,0.06037402680579974,0.12074805361159947,0.05946414710561307,0.11892829421122614
280,4.666666666666667,False,False,55.26204214796218,50.0,69.71472417092167,54.839588507026804,56.76011254752585,53.25029667764645,74.0,5.262042147962177,3.29270725060606,3.3256343231121206,3.282825685334325,0.8818819348204002,3.4054501651744022,0.8372963022425576,0.871755871748519,3.3256343231121206,0.8177128233055864,0.9308686184711475,0.6740235233055956,0.8177128233055864,0.9308686184711475,3.243603971905141,3.341737194205339,0.05911274672262856,-0.05404304844293262,0.016102871093218507,-0.08203035120697955,False,False,0.05946414710561307,0.11892829421122614,0.05861895656623096,0.11723791313246192
285,4.75,False,False,54.88271851414376,50.0,69.41114688040037,54.45898004084356,56.38975195976957,52.89060475739126,74.0,4.882718514143761,3.3018814266432615,3.334900240909694,3.29267058305524,0.8931370918921375,3.4138686126239497,0.8498054685262937,0.8844074210771395,3.334900240909694,0.8296406079900713,0.9433497105602925,0.6840934021619888,0.8296406079900713,0.9433497105602925,3.252043964919638,3.350534576090734,0.05894228948315294,-0.05476681308706821,0.015634335181039738,-0.08285627599005618,False,False,0.05861895656623096,0.11723791313246192,0.05783452416958198,0.11566904833916396
290,4.833333333333333,False,False,54.5248100122924,50.0,69.12568778241516,54.09991286653217,56.04043387278487,52.55115689585925,74.0,4.524810012292399,3.3098605391358573,3.342959144527216,3.301289270505186,0.9040556667261948,3.420770703086675,0.8619590099508836,0.8966179181471489,3.342959144527216,0.8411452029870581,0.9554005261940374,0.6938770030124488,0.8411452029870581,0.9554005261940374,3.259330188258583,3.3581742484093557,0.05878260804688851,-0.05547271516009078,0.015215103882139758,-0.0836289562686332,False,False,0.05783452416958198,0.11566904833916396,0.05710720261037096,0.11421440522074192
295,4.916666666666667,False,False,54.18734996576593,50.0,68.85767853862775,53.76140802431094,55.711223188965945,52.231019954665335,74.0,4.187349965765932,3.316713943636533,3.3498810830728982,3.3087522183339693,0.9146445783542326,3.4262391005775292,0.8737626561120453,0.9083948319558658,3.3498810830728982,0.8522339698044297,0.967028581917123,0.7033789381689985,0.8522339698044297,0.967028581917123,3.2655302254692455,3.3647238922192195,0.05863374996125725,-0.05616086215143612,0.0148428091463213,-0.08435085760365268,False,False,0.05710720261037096,0.11421440522074192,0.056433597694771014,0.11286719538954203
300,5.0,False,False,53.869401387280355,50.0,68.60645225111215,53.44251739048808,55.4012116830547,51.92929232705404,74.0,3.869401387280355,3.322508164741643,3.3557332463890597,3.3151270588442325,0.924910890180973,3.4303540300223982,0.8852224406145371,0.9197461829667191,3.3557332463890597,0.8629147865576651,0.9782419056020699,0.7126040646991442,0.8629147865576651,0.9782419056020699,3.2707088678341383,3.3702483907680274,0.058495722635350855,-0.05683139640905399,0.014515144378967726,-0.0850243785549214,False,False,0.056433597694771014,0.11286719538954203,0.055810541687104004,0.11162108337420801
305,5.083333333333333,False,False,53.57005789739072,50.0,68.37134645816943,53.14232449995392,55.109519114628974,51.645104275401245,74.0,3.5700578973907184,3.327306944427797,3.360580013872075,3.320478629301083,0.9348617811158867,3.433193229450776,0.8963446584100232,0.9306804740864209,3.360580013872075,0.8731959825446826,0.9890489712946093,0.7215574500151434,0.8731959825446826,0.9890489712946093,3.274928166506167,3.374809882033291,0.058368497208188486,-0.05748449154173829,0.01422986816121563,-0.08565184736590803,False,False,0.055810541687104004,0.11162108337420801,0.05523507012979434,0.11047014025958868
310,5.166666666666667,False,False,53.28844422412468,50.0,68.15170564836228,52.859944957220144,54.83529392428345,51.3776179568043,74.0,3.2884442241246816,3.3311712984136035,3.3644830113977395,3.324869024269729,0.9445045192664769,3.4348319185085874,0.9071358268938339,0.9412066263636916,3.3644830113977395,0.8830862771037618,0.9994586383256507,0.7302443406554175,0.8830862771037618,0.9994586383256507,3.2782474917248465,3.378467818313294,0.05825201196195917,-0.058120349259929815,0.013984806915554593,-0.086235519672893,False,False,0.05523507012979434,0.11047014025958868,0.05470440170251489,0.10940880340502979
315,5.25,False,False,53.02371636429716,50.0,67.94688335588435,52.59452651432372,54.57771358060098,51.1260271916508,74.0,3.023716364297158,3.3341595787550635,3.367501174542614,3.3283576550190705,0.9538464379538841,3.4353427810724027,0.9176026504163434,0.9513339192258172,3.367501174542614,0.8925947229218216,1.009480094856249,0.7386701335845374,0.8925947229218216,1.009480094856249,3.2807235974838136,3.3812790312406173,0.058146175630431784,-0.0587391963039956,0.013777856698003355,-0.0867775770588004,False,False,0.05470440170251489,0.10940880340502979,0.054215920729067446,0.10843184145813489
320,5.333333333333333,False,False,52.77506147419542,50.0,67.75624389315577,52.34524888366207,54.33598465151745,50.88955703642346,74.0,2.775061474195418,3.336327541174893,3.369690816586642,3.3310013143622155,0.9628949138391042,3.4347959600314586,0.9277519878988589,0.9610719349774627,3.369690816586642,0.9017306532625672,1.0191228053276145,0.7468403502607089,0.9017306532625672,1.0191228053276145,3.282410690277004,3.383297800848299,0.05805087035015177,-0.0593412817148955,0.013606984261656851,-0.0872801263096381,False,False,0.054215920729067446,0.10843184145813489,0.05376716198281216,0.10753432396562432
325,5.416666666666667,False,False,52.541697546280346,50.0,67.57916376992341,52.11132334080316,54.10934264828561,50.66746319918895,74.0,2.5416975462803464,3.337728415874788,3.371105700033536,3.3328542455626513,0.9716573469722345,3.4332590625524295,0.9375908232750814,0.9704305073780233,3.371105700033536,0.9105036331728927,1.0283964618748016,0.7547606127386189,0.9105036331728927,1.0283964618748016,3.283360500787426,3.384575927554219,0.05796595449677833,-0.05992687420513054,0.013470227520683054,-0.08774519924611024,False,False,0.05376716198281216,0.10753432396562432,0.05335579748160802,0.10671159496321604
330,5.5,False,False,52.322872919097485,50.0,67.41503284214576,51.89199216977547,53.89705170235214,50.45903134781489,74.0,2.3228729190974846,3.338412980791082,3.371797110598993,3.3339682141708225,0.9801411425981982,3.4307971743581174,0.9471262385074545,0.9794196738382197,3.371797110598993,0.9189234139072925,1.0373109389453938,0.7624366219979948,0.9189234139072925,1.0373109389453938,3.283622357572154,3.385162806119398,0.05789126510717413,-0.06049625993092722,0.013365695520405119,-0.08817475302683908,False,False,0.05335579748160802,0.10671159496321604,0.05297962500070768,0.10595925000141536
335,5.583333333333333,False,False,52.11786565953398,50.0,67.263255228542,51.68652798176538,53.698404091864056,50.2635763213936,74.0,2.117865659533983,3.3384296364335637,3.3718139327978993,3.3343925818457762,0.9883536945707668,3.427472881739202,0.9563653889531941,0.9880496313461663,3.3718139327978993,0.9269998912409325,1.045876251794429,0.7698741381025229,0.9269998912409325,1.045876251794429,3.2832432619648406,3.385105500803077,0.05782662044826259,-0.061049740105233785,0.013291568005177723,-0.0885706708330587,False,False,0.05297962500070768,0.10595925000141536,0.05263655806614263,0.10527311613228527
340,5.666666666666667,False,False,51.92598284971613,50.0,67.123250027855,51.49423294669917,53.5127196764388,50.08044129433223,74.0,1.925982849716128,3.3378244815988425,3.3712027264148308,3.334174381383959,0.996302370242707,3.4233463001815028,0.9653154808776594,0.9963306956085034,3.3712027264148308,0.9347430664289585,1.0541025176142462,0.7770789621012683,0.9347430664289585,1.0541025176142462,3.282267963554224,3.3844488210747037,0.05777182200574282,-0.061587629179544856,0.01324609465987292,-0.08893476286060675,False,False,0.05263655806614263,0.10527311613228527,0.05232461722189039,0.10464923444378078
345,5.75,False,False,51.74655980505256,50.0,66.99445186557955,51.314437959234674,53.339345242220936,49.90899689098886,74.0,1.7465598050525628,3.336641389377679,3.370007803271456,3.333358392314464,1.0039944967138257,3.418475108633061,0.9739837509332241,1.0042732634065943,3.370007803271456,0.9421630106103762,1.061999920098253,0.7840569194968794,0.9421630106103762,1.061999920098253,3.280739035715623,3.383235397361264,0.05772665669165877,-0.06211025279621807,0.01322759408980767,-0.08926876755583324,False,False,0.05232461722189039,0.10464923444378078,0.05204192239143087,0.10408384478286174
350,5.833333333333333,False,False,51.57895924504678,50.0,66.87631129510157,51.14650176141822,53.17765379621751,49.7486402831102,74.0,1.5789592450467822,3.3349220829833945,3.3682713038132284,3.3319872165384434,1.011437348330864,3.4129145885585612,0.9823774474400764,1.0118877779473223,3.3682713038132284,0.9492698318002962,1.0695786765832433,0.7908138451927244,0.9492698318002962,1.0695786765832433,3.278696950770159,3.3815057564060047,0.05769089863592103,-0.0626179461470261,0.013234452592776336,-0.08957435304306927,False,False,0.05204192239143087,0.10408384478286174,0.051786686178520044,0.10357337235704009
355,5.916666666666667,False,False,51.422570434397954,50.0,66.76829507483836,50.989810042058416,53.02704382166463,49.598794277671615,74.0,1.4225704343979544,3.332706211018994,3.3660332731291835,3.330101353588082,1.0186381353438074,3.406717667035636,0.9905038133216746,1.0191846969145444,3.3660332731291835,0.9560736445501357,1.0768490078505042,0.7973555697285974,0.9560736445501357,1.0768490078505042,3.2761801544297113,3.379298395897845,0.057664310935959806,-0.06311105236440873,0.013265122768661541,-0.08985311869947221,False,False,0.051786686178520044,0.10357337235704009,0.051557207973132374,0.10311441594626475
360,6.0,False,False,51.276808308471,50.0,66.66988634002116,50.84377452190514,52.88693850492076,49.45890640191124,74.0,1.2768083084709971,3.3300314218764075,3.3633317360951716,3.327739275163778,1.0256039936324564,3.3999349632406433,0.9983700705620935,1.0261744632579393,3.3633317360951716,0.9625845422872176,1.0838211105978226,0.8036879068049985,0.9625845422872176,1.0838211105978226,3.27322513925434,3.3766498580993427,0.05764664733988334,-0.06358992097072169,0.013318122004171151,-0.09010659684083144,False,False,0.051557207973132374,0.10311441594626475,0.0513518687470921,0.1027037374941842
365,6.083333333333333,False,False,51.141112594344634,50.0,66.58058468517899,50.707832039281186,52.756784954318405,49.32844800178192,74.0,1.1411125943446336,3.3269334370245955,3.3602027713948415,3.3249374986768414,1.032341975425221,3.3926148377523866,1.0059834060653685,1.0328674784069336,3.3602027713948415,0.9688125718294122,1.0905051320786208,0.8098166418763413,0.9688125718294122,1.0905051320786208,3.269866516907004,3.373594802259064,0.05763765367168716,-0.06405490657752144,0.01339203086422236,-0.09033625448783766,False,False,0.0513518687470921,0.1027037374941842,0.0511691264399389,0.1023382528798778
370,6.166666666666667,False,False,51.01494693625725,50.0,66.49990617112897,50.58144364217313,52.63605341045595,49.206913351084935,74.0,1.0149469362572532,3.323446122995995,3.3566805842259546,3.321730659583034,1.0388590409392153,3.3848034441726482,1.0133509588083984,1.0392740778729603,3.3566805842259546,0.9747677103394929,1.0969111471734458,0.815747521842377,0.9747677103394929,1.0969111471734458,3.2661370890380517,3.3701660756418983,0.05763706930048551,-0.06450636753346739,0.013485491415943685,-0.09054349518790294,False,False,0.0511691264399389,0.1023382528798778,0.0510075118496107,0.1020150236992214
375,6.25,False,False,50.89779803228787,50.0,66.42738326831565,50.4640936969606,52.52423646751493,49.093818787257135,74.0,0.8977980322878665,3.3196015619245958,3.352797577543842,3.3181515823399748,1.0451620508769652,3.3765447826237276,1.020479808189126,1.0454045089461033,3.352797577543842,0.9804598440817597,1.103049137256881,0.8214862455889034,0.9804598440817597,1.103049137256881,3.262067916672031,3.3663947830506658,0.05764462831077766,-0.06494466486434358,0.013597205506823862,-0.09072966087181067,False,False,0.0510075118496107,0.1020150236992214,0.05086562495446401,0.10173124990892803
380,6.333333333333333,False,False,50.789174787473875,50.0,66.36256474663904,50.35528901361827,52.42084829492379,48.98870186222329,74.0,0.7891747874738755,3.3154301205251526,3.348584421730404,3.3142313498613483,1.0512577597205344,3.3678807547366003,1.0273769634807555,1.0512689105779827,3.348584421730404,0.9858987495352631,1.1089289714146868,0.8270384555974033,0.9858987495352631,1.1089289714146868,3.257688388001968,3.3623103547451008,0.05766006083670416,-0.06537016104271953,0.0137259330146966,-0.09089603372843635,False,False,0.05086562495446401,0.10173124990892803,0.050742131603661395,0.10148426320732279
385,6.416666666666667,False,False,50.688607487223344,50.0,66.30501552043518,50.254557996203246,52.32542388277984,48.89112052821796,74.0,0.6886074872233436,3.310960517432901,3.34407012260723,3.309999371373534,1.0571528097687204,3.3588512197899907,1.0340493543107432,1.0568772951018217,3.34407012260723,0.9910940759526573,1.1145603891006357,0.8324097302136124,0.9910940759526573,1.1145603891006357,3.2530262845234703,3.35794061269126,0.057683093998813995,-0.0657832191491644,0.013870490084030074,-0.09104383808375971,False,False,0.050742131603661395,0.10148426320732279,0.05063576052194595,0.1012715210438919
390,6.5,False,False,50.595646993779276,50.0,66.25431645600057,50.16144981555872,52.2375182927245,48.80065234036919,74.0,0.5956469937792761,3.306219888847636,3.3392820877361125,3.305483448607365,1.0628537258672424,3.349494051701383,1.0405038220904523,1.0622395319182942,3.3392820877361125,0.9960553301515119,1.1199529850202803,0.8376055767800153,0.9960553301515119,1.1199529850202803,3.2481078454629317,3.353311835096399,0.057713453101986056,-0.0661842017667823,0.014029747360286393,-0.09117424227318072,False,False,0.05063576052194595,0.1012715210438919,0.05054530058247093,0.10109060116494185
395,6.583333333333333,False,False,50.50986396760078,50.0,66.21006414795318,50.075533612987485,52.15670594213366,48.71689370036242,74.0,0.5098639676007792,3.3012338524459865,3.3342461909704464,3.3007098402796653,1.0683669107856406,3.339845196606657,1.0467471123276748,1.0673653327246029,3.3342461909704464,1.0007918623608676,1.125116195064816,0.8426314254272711,1.0007918623608676,1.125116195064816,3.2429578304722337,3.348448819202344,0.057750862340213205,-0.06657347036373529,0.014202628231897663,-0.09128836049821265,False,False,0.05054530058247093,0.10109060116494185,0.05046959830810136,0.10093919661620272
400,6.666666666666667,False,False,50.430848114805805,50.0,66.17187066978133,49.99639772886366,52.08257989523106,48.63945911585778,74.0,0.430848114805805,3.2960265695419264,3.3289868352373455,3.295703324837289,1.0736986411979796,3.3299387307962744,1.0527858677598554,1.0722642384888785,3.3289868352373455,1.0053128541967247,1.1300592843690787,0.8474926235538534,1.0053128541967247,1.1300592843690787,3.237599580576755,3.343374942324779,0.057795045880200124,-0.06695138429215386,0.014388107087433433,-0.0913872546605905,False,False,0.05046959830810136,0.10093919661620272,0.05040755556732878,0.10081511113465756
405,6.75,False,False,50.358207461244746,50.0,66.13936330312282,49.92364896140068,52.014751187934685,48.567980499274334,74.0,0.3582074612447457,3.2906208054886052,3.323527013543491,3.290487261450767,1.0788550642274497,3.3198069188033403,1.0586266222508705,1.0769456078575785,3.323527013543491,1.0096273075824895,1.1347913363100255,0.8521944309060473,1.0096273075824895,1.1347913363100255,3.232055077375205,3.3381122211375565,0.057845728452446954,-0.067318300275089,0.014585207594065341,-0.0914719361682863,False,False,0.05040755556732878,0.10081511113465756,0.05035812743590019,0.10071625487180039
410,6.833333333333333,False,False,50.29156765331838,50.0,66.1121842496274,49.856911852144115,51.952848164823365,48.50210648523752,74.0,0.2915676533183813,3.2850379883249894,3.3178883682082394,3.2850836492563804,1.0838421945176555,3.3094802714629536,1.0642757953987052,1.0814186070510003,3.3178883682082394,1.0137440354569711,1.13932124328859,0.856742015302234,1.0137440354569711,1.13932124328859,3.2263450004990357,3.332681369210242,0.05790263623758962,-0.06767457159402923,0.014793001002002537,-0.09154336770920368,False,False,0.05035812743590019,0.10071625487180039,0.05032032019947035,0.1006406403989407
415,6.916666666666667,False,False,50.23057128529971,50.0,66.0899903286664,49.79582800032595,51.89651584660922,48.44150178277796,74.0,0.23057128529971038,3.27929826567905,3.3120912483358405,3.279513184854639,1.0886659117957964,3.2989876037834365,1.0697396878053498,1.0856922010448216,3.3120912483358405,1.0176716534094123,1.1436576984346807,0.8611404486793163,1.0176716534094123,1.1436576984346807,3.2204887833464535,3.327101852814476,0.05796549738985912,-0.06802054763540921,0.015010604478635337,-0.09160246498938696,False,False,0.05032032019947035,0.1006406403989407,0.05029318947635333,0.10058637895270665
420,7.0,False,False,50.17487725264735,50.0,66.07245266365368,49.74005540596113,51.84541531720612,48.38584655158161,74.0,0.17487725264734877,3.273420559945626,3.3061547655450823,3.273795318080465,1.0933319588951218,3.28835609248876,1.0750244769638462,1.0897751459274332,3.3061547655450823,1.0214185726133032,1.1478091886073223,0.8653947039591459,1.0214185726133032,1.1478091886073223,3.214504667111649,3.3213919450201423,0.0580340426798891,-0.06835657331413003,0.015237179475060092,-0.09165009843343341,False,False,0.05029318947635333,0.10058637895270665,0.050275838442558715,0.10055167688511743
425,7.083333333333333,False,False,50.12416013059502,50.0,66.0592563593192,49.6892678357635,51.79922312826093,48.33483579972047,74.0,0.12416013059502262,3.267422621762051,3.3000968479796717,3.267948306065896,1.0978459402060172,3.2776113331079606,1.0801362137206076,1.0936759825800437,3.3000968479796717,1.0249929940569282,1.1517839886881336,0.869509652046736,1.0249929940569282,1.1517839886881336,3.208409753134225,3.315568778106773,0.05810800610808986,-0.0686829885231155,0.015471930127101352,-0.0916870948454469,False,False,0.050275838442558715,0.10055167688511743,0.05026741614403187,0.10053483228806374
430,7.166666666666667,False,False,50.078109577155885,50.0,66.0501001719176,49.64315421981823,51.75763073663435,48.2881788165173,74.0,0.07810957715588529,3.2613210818083163,3.2939342926263993,3.2619892656204987,1.1022133205268652,3.266777396502002,1.0850808192740382,1.097403031201884,3.2939342926263993,1.0284029033073319,1.1555901564050546,0.8734900595166892,1.0284029033073319,1.1555901564050546,3.2022200535968595,3.3096483943185953,0.05818712520317049,-0.06900012789455223,0.015714101692196003,-0.09171423902953979,False,False,0.05026741614403187,0.10053483228806374,0.050267115883432495,0.10053423176686499
435,7.25,False,False,50.036429759579775,50.0,66.0446961740537,49.6014180656986,51.720343943350365,48.245598611188306,74.0,0.03642975957977512,3.2551315009612733,3.287682815970886,3.2559342239577274,1.106439424287467,3.255876884731483,1.0898640826730894,1.100964387158183,3.287682815970886,1.0316560670580697,1.1592355289368836,0.877340586548553,1.0316560670580697,1.1592355289368836,3.1959505406016664,3.30364579499402,0.05827114177870074,-0.06930832010011323,0.015962979023133705,-0.0917322753692198,False,False,0.050267115883432495,0.10053423176686499,0.05027417367076313,0.10054834734152626
440,7.333333333333333,False,False,49.99883880323901,50.0,66.04276941555449,49.56377690325425,51.68708237690786,48.20683139615826,74.0,-0.0011611967609894691,3.248868418834281,3.2813571030226236,3.2497981677978434,1.1105294351193051,3.2449309861801634,1.094491658781731,1.1043679174344105,3.2813571030226236,1.0347600295171262,1.1627277193552175,0.8810657853161047,1.0347600295171262,1.1627277193552175,3.1896151936571338,3.2975749881017995,0.05835980192080692,-0.06960788791728434,0.016217885079175876,-0.09174190936548987,False,False,0.05027417367076313,0.10054834734152626,0.050287866728949825,0.10057573345789965
445,7.416666666666667,False,False,49.96506826188612,50.0,66.0440575816052,49.529961746859904,51.65757897208028,48.17162606984755,74.0,-0.03493173811388317,3.242545400734979,3.274970854742329,3.2435950908794666,1.1144883957483067,3.233959529859549,1.0989690666774712,1.1076212581744584,3.274970854742329,1.037722110637539,1.1660741149064848,0.8846700986694942,1.037722110637539,1.1660741149064848,3.1832270456086857,3.2914490342171714,0.05845285673202638,-0.0698991475369195,0.016478179474842314,-0.09174380913364333,False,False,0.050287866728949825,0.10057573345789965,0.050307512046998654,0.10061502409399731
450,7.5,False,False,49.934862608218324,50.0,66.04831064919131,49.49971657911134,51.6315794825243,48.1397437337179,74.0,-0.06513739178167555,3.2361750830746154,3.2685368339053618,3.2373380399129283,1.1183212081870524,3.222981038829003,1.1033016884539957,1.110731813008806,3.2685368339053618,1.040549404443852,1.1692818753873895,0.8881578592127426,1.040549404443852,1.1692818753873895,3.17679822704625,3.2852800909716633,0.05855006237858351,-0.07018240856495406,0.01674325706630153,-0.09173860685911173,False,False,0.050307512046998654,0.10061502409399731,0.05033246497462779,0.10066492994925558
455,7.583333333333333,False,False,49.907978743694954,50.0,66.05529054274234,49.472797857144684,51.608842005290086,48.110957223180755,74.0,-0.09202125630504554,3.229769217262715,3.262066909435342,3.2310391590089567,1.1220326342045468,3.2120127826740767,1.1074947683997634,1.1137067520073287,3.262066909435342,1.043248778302744,1.172357932462241,0.8915332885569569,1.043248778302744,1.172357932462241,3.170340009222624,3.2790794560106065,0.058651180454912355,-0.07045797370458473,0.01701254657526441,-0.09172690021271812,False,False,0.05033246497462779,0.10066492994925558,0.05036211785344847,0.10072423570689694
460,7.666666666666667,False,False,49.8841855265785,50.0,66.06477078975222,49.44897403438122,51.589136519516636,48.08505065418497,74.0,-0.11581447342150142,3.223338712120934,3.2555720992421433,3.224709732616615,1.1256272960527849,3.2010708289932004,1.1115534125260544,1.1165530114772082,3.2555720992421433,1.0458268729495808,1.1753089897340803,0.8948004970860439,1.0458268729495808,1.1753089897340803,3.1638628455161633,3.272857608492092,0.058755978256872066,-0.07072613852762744,0.01728550924994865,-0.09170925372598004,False,False,0.05036211785344847,0.10072423570689694,0.05039589868065225,0.1007917973613045
465,7.75,False,False,49.863263317208286,50.0,66.07653617705049,49.428025101523566,51.572244444691606,48.06181899016505,74.0,-0.1367366827917138,3.2168936748497488,3.249062611598246,3.2183602270041276,1.1291096774303813,3.1901700938495385,1.1154825884194064,1.119277294330368,3.249062611598246,1.0482901029496101,1.1781415232484265,0.8979634836784953,1.0482901029496101,1.1781415232484265,3.1573764114711604,3.266624249161005,0.058864228918058537,-0.07098719138075782,0.017561637562758747,-0.09168620012708573,False,False,0.05039589868065225,0.1007917973613045,0.05043326980212523,0.10086653960425046
470,7.833333333333333,False,False,49.84500353955857,50.0,66.09038240831738,49.40974214626827,51.55795821451895,48.04106762549893,74.0,-0.15499646044143134,3.210443450581287,3.2425478850871,3.2120003303160827,1.1324841246644983,3.1793243911508884,1.119287125394821,1.1218860709469483,3.2425478850871,1.050644657680638,1.1808617825166536,0.9010261359416746,1.050644657680638,1.1808617825166536,3.1508896434488394,3.2603883390311985,0.05897571156970538,-0.07124141326631017,0.01784045394409839,-0.09165824163826075,False,False,0.05043326980212523,0.10086653960425046,0.05047372663241102,0.10094745326482205
475,7.916666666666667,False,False,49.82920825818558,50.0,66.10611576336727,49.39392692450115,51.546080857082686,48.022611976742446,74.0,-0.17079174181441914,3.203996660551127,3.2360366271566385,3.205638991240019,1.1357548480932416,3.168546480925964,1.1229717149273455,1.124385580773651,3.2360366271566385,1.052896503163689,1.183475792385547,0.9039922305193159,1.052896503163689,1.183475792385547,3.1444107759213153,3.2541581367083965,0.05909021161189609,-0.07148907760996193,0.018121509551757953,-0.09162585123532319,False,False,0.05047372663241102,0.10094745326482205,0.050516796399789544,0.10103359279957909
480,8.0,False,False,49.81568976972063,50.0,66.1235527596698,49.380391449922925,51.536425599210524,48.00627709786674,74.0,-0.18431023027937243,3.1975612389213572,3.229536851310571,3.1992844563148557,1.1389259236315414,3.157848116470426,1.126540911340864,1.126781834252779,3.229536851310571,1.055051383886597,1.1859893548981635,0.9068654336333112,1.055051383886597,1.1859893548981635,3.1379473774404065,3.2479412343858587,0.05920752064538459,-0.07173045036618197,0.0184043830752878,-0.09158947387016436,False,False,0.050516796399789544,0.10103359279957909,0.05056203691500645,0.1011240738300129
485,8.083333333333334,False,False,49.804270208124024,50.0,66.14251981653192,49.368957597497094,51.5288154761677,47.99189730204502,74.0,-0.1957297918759764,3.191144468286579,3.2230559129694445,3.192944305913133,1.1420012945044042,3.1472400903405675,1.1299991327340035,1.1290806152105688,3.2230559129694445,1.057114825370941,1.188408051896447,0.9096493018451384,1.057114825370941,1.188408051896447,3.1315063853124587,3.2417445925441144,0.059327436685878254,-0.07196578983962776,0.01868867957466991,-0.09154952765698576,False,False,0.05056203691500645,0.1011240738300129,0.050609035362807545,0.10121807072561509
490,8.166666666666666,False,False,49.794781162970644,50.0,66.16285292232641,49.35945671785838,51.52308295412487,47.9793157966637,74.0,-0.2052188370293564,3.1847530138939297,3.216600544032869,3.1866254889282866,1.1449847731321634,3.1367322791767247,1.1333506621241474,1.1312874837599338,3.216600544032869,1.0590921370920316,1.1907372479754486,0.912347283007648,1.0590921370920316,1.1907372479754486,3.125094139009811,3.235574573385584,0.05944976421551473,-0.07219534666790217,0.01897402935271497,-0.09150640502305807,False,False,0.050609035362807545,0.10121807072561509,0.050657407115631325,0.10131481423126265
495,8.25,False,False,49.78706331009498,50.0,66.18439730512083,49.3517292659276,51.51906956634068,47.9683843322899,74.0,-0.21293668990502113,3.178392956607597,3.210176886173673,3.1803343561976973,1.1478800431531586,3.1263336873423304,1.1365996487914871,1.1334077794971562,3.210176886173673,1.0609884156477158,1.1929820936849564,0.9149627172754209,1.0609884156477158,1.1929820936849564,3.1187164123488955,3.2294369730341517,0.05957431418780024,-0.07241936384944037,0.019260086860478864,-0.09146047382477729,False,False,0.050657407115631325,0.10131481423126265,0.0507067945691978,0.1014135891383956
500,8.333333333333334,False,False,49.78096605397958,50.0,66.20700710703382,49.34562444346444,51.516625562210606,47.9589628646966,74.0,-0.21903394602041715,3.172069824647671,3.2037905228941477,3.1740766926915236,1.1506906615699644,3.11605248936803,1.1397501098059806,1.1354466249374127,3.2037905228941477,1.0628085481540221,1.1951475289566835,0.9174988383933397,1.0628085481540221,1.1951475289566835,3.1123784444643543,3.2233370525292675,0.05970090401927086,-0.07263807678339051,0.019546529635119825,-0.09141207842979338,False,False,0.0507067945691978,0.1014135891383956,0.05075686599997443,0.10151373199994886
505,8.416666666666666,False,False,49.77634718132269,50.0,66.23054506262376,49.34099984941692,51.515609559576426,47.95091922104131,74.0,-0.22365281867730857,3.165788624132638,3.1974465103739647,3.167857748496811,1.1534200610060128,3.1058960711935306,1.1428059317209662,1.137408929409594,3.1974465103739647,1.0645572162341959,1.1972382871235987,0.9199587750290903,1.0645572162341959,1.1972382871235987,3.1060849696080446,3.217279567643488,0.05982935771400477,-0.07285171317539807,0.019833057269523557,-0.09136154076592007,False,False,0.05075686599997443,0.10151373199994886,0.05080731444455272,0.10161462888910544
510,8.5,False,False,49.77307252527324,50.0,66.25488218159396,49.33772114200901,51.515888213203574,47.94412878192483,74.0,-0.22692747472675734,3.1595538684542546,3.191149407138797,3.1616822686257664,1.1560715520601037,3.095871070202865,1.1457708724180031,1.1392993931715865,3.191149407138797,1.0662388999852217,1.1992588989155906,0.9223455522960194,1.0662388999852217,1.1992588989155906,3.099840245801213,3.2112687975519387,0.059959505744004105,-0.07306049318636476,0.02011939041314159,-0.09130916133758404,False,False,0.05080731444455272,0.10161462888910544,0.05085785660129212,0.10171571320258424
515,8.583333333333334,False,False,49.77101563986938,50.0,66.27989743608194,49.335661714181704,51.51733589407333,47.938474174338914,74.0,-0.2289843601306174,3.1533696065130434,3.184903302578174,3.155554521676576,1.1586483257469606,3.0859834140514897,1.1486485630882977,1.1411225116174137,3.184903302578174,1.0678578821084037,1.20121369661809,0.9246620932906354,1.0678578821084037,1.20121369661809,3.093648082367734,3.205308572381574,0.06009118500067623,-0.07326462950901003,0.020405269803400294,-0.09125522021043997,False,False,0.05085785660129212,0.10171571320258424,0.0509082317545909,0.1018164635091818
520,8.666666666666666,False,False,49.77005748426084,50.0,66.30547745278328,49.334702374940605,51.51983437050814,47.933844967197615,74.0,-0.22994251573916102,3.147239449842189,3.178711844340611,3.149478327374654,1.1611534560126038,3.07623835828625,1.1514425103368302,1.1428825798701836,3.178711844340611,1.0694182525552713,1.203106818744983,0.9269112208204661,1.0694182525552713,1.203106818744983,3.0875118663757197,3.199402299667753,0.06022423887479933,-0.07346432731491226,0.020690455327141866,-0.09119997796489132,False,False,0.0509082317545909,0.1018164635091818,0.05095820072218609,0.10191640144437218
525,8.75,False,False,49.77008611633833,50.0,66.33151621014596,49.33473104238895,51.52327250668819,47.93013738363101,74.0,-0.22991388366167342,3.1411665986471795,3.172578264633651,3.1434570830217363,1.1635899023139216,3.066640522761599,1.1541560983960337,1.1445836974485246,3.172578264633651,1.0709239129651127,1.204942214502163,0.9290956592051317,1.0709239129651127,1.204942214502163,3.081434588014564,3.1935529897451835,0.06035851705363848,-0.07365978448341193,0.020974725111532422,-0.09114367661908718,False,False,0.05095820072218609,0.10191640144437218,0.051007544826036616,0.10201508965207323
530,8.833333333333334,False,False,49.770996395431254,50.0,66.35791474085676,49.335642445932926,51.52754596453417,47.927254017131006,74.0,-0.2290036045687458,3.1351538667881496,3.166505405456031,3.1374937888798735,1.1659605122524035,3.0571939268576593,1.1567925914365371,1.1462297730799946,3.166505405456031,1.072378581472779,1.2067236486204365,0.9312180361067022,1.072378581472779,1.2067236486204365,3.07541886493396,3.1877632800998987,0.06049387554044183,-0.07385119160721554,0.021257874643867858,-0.09108654052207088,False,False,0.051007544826036616,0.10201508965207323,0.0510560648872886,0.1021121297745772
535,8.916666666666666,False,False,49.77268969376981,50.0,66.38458083982633,49.337337837213276,51.53255691723531,47.925103559072866,74.0,-0.2273103062301871,3.129203705731539,3.1604957427888545,3.1315910725169296,1.168268024252563,3.047902023507808,1.159355135963184,1.1478245296430942,3.1604957427888545,1.0737857974885032,1.2084547061595505,0.9332808844479132,1.0737857974885032,1.2084547061595505,3.069466965571218,3.1820354587086626,0.0606301765164563,-0.074038732154591,0.021539715919808078,-0.09102877721763658,False,False,0.0510560648872886,0.1021121297745772,0.05110358024582678,0.10220716049165356
540,9.0,False,False,49.775073616439975,50.0,66.41142877786694,49.33972470819638,51.538213766601785,47.92360053039806,74.0,-0.2249263835600246,3.1233182274973506,3.154551409772324,3.1257512121399404,1.1705150702761253,3.0387677320453044,1.161846763285147,1.1493715092746242,3.154551409772324,1.075148926762216,1.2101387975958904,0.935286644447524,1.075148926762216,1.2101387975958904,3.0635808314928252,3.1763714863917873,0.06076728832126621,-0.0742225825124081,0.02182007661946317,-0.09097057827949895,False,False,0.05110358024582678,0.10220716049165356,0.05114992780496244,0.10229985560992488
545,9.083333333333334,False,False,49.778061729587584,50.0,66.43837902124133,49.34271652046968,51.544430876106055,47.922665028273045,74.0,-0.22193827041241576,3.1174992266279995,3.1486742188942793,3.1199761589423063,1.1727041785635823,3.0297934698803095,1.1642703920496005,1.1508740784219298,3.1486742188942793,1.076471166180388,1.2117791636419097,0.9372376655971039,1.076471166180388,1.2117791636419097,3.057762098775951,3.1707730182051623,0.06090508521997995,-0.07440291224154172,0.02209879931088299,-0.0909121201183285,False,False,0.05114992780496244,0.10229985560992488,0.05119496110168716,0.10238992220337433
550,9.166666666666666,False,False,49.78157329665381,50.0,66.46535795724833,49.346232439137935,51.55112830101823,47.922222470655385,74.0,-0.2184267033461893,3.1117482012045015,3.1428656832165465,3.114267558490557,1.1748377763952325,3.0209811830202113,1.1666288308289794,1.1523354331156042,3.1428656832165465,1.0777555490880013,1.2133788805899324,0.9391362088135339,1.0777555490880013,1.2133788805899324,3.0520121184553535,3.1652414238969677,0.061043447474328216,-0.07457988402760285,0.022375740680421252,-0.090853564761193,False,False,0.05119496110168716,0.10238992220337433,0.05123854940297873,0.10247709880595746
555,9.25,False,False,49.78553302244586,50.0,66.4922976259954,49.3501970778523,51.558231538531516,47.92220335968931,74.0,-0.2144669775541388,3.106066372935479,3.137127036664834,3.1086267711761604,1.1769181928643153,3.012332375447734,1.168924780752456,1.1537586041319627,3.137127036664834,1.079004950101349,1.2149408651460762,0.9409844485036502,1.079004950101349,1.2149408651460762,3.046331976060885,3.1597778074543568,0.061182261014113504,-0.07475365403061374,0.022650770789522934,-0.09079506060394893,False,False,0.05123854940297873,0.10247709880595746,0.05128057682850748,0.10256115365701496
560,9.333333333333334,False,False,49.78987080486715,50.0,66.51913545849445,49.354540249663266,51.565671274419266,47.922543042418106,74.0,-0.21012919513285055,3.10045470634426,3.131459253407703,3.103054891757621,1.1789476616553298,3.003848137372653,1.1711608381727754,1.1551464622657477,3.131459253407703,1.0802220904234803,1.2164678797661304,0.9427844747313885,1.0802220904234803,1.2164678797661304,3.0407225102705957,3.1543830257651404,0.06132141750038267,-0.07492437184226741,0.02292377235743759,-0.09073674313710711,False,False,0.05128057682850748,0.10256115365701496,0.05132094150013275,0.1026418830002655
565,9.416666666666666,False,False,49.79452149414669,50.0,66.54581402120233,49.35919672556761,51.57338314436285,47.923181485385996,74.0,-0.20547850585330707,3.0949139270791264,3.125863066349918,3.0975527680178683,1.1809283238210853,2.995529172374229,1.1733394973601756,1.1565017236028325,3.125863066349918,1.0814095428410382,1.2179625376721868,0.9445382953702848,1.0814095428410382,1.2179625376721868,3.035184330704245,3.1490577064193173,0.06146081406935422,-0.07509218076179436,0.02319464006939942,-0.09067873564567286,False,False,0.05132094150013275,0.1026418830002655,0.051359554718389114,0.10271910943677823
570,9.5,False,False,49.79942465942282,50.0,66.57228076711218,49.364106001072685,51.58130749898538,47.924063053061815,74.0,-0.2005753405771813,3.089444539371563,3.1203389847652785,3.092121018561781,1.1828622305524878,2.9873758234526497,1.1754631532155848,1.157826954756183,3.1203389847652785,1.0825697368670189,1.2194273080145683,0.9462478383438339,1.0825697368670189,1.2194273080145683,3.0297178348817915,3.1438022646750774,0.06160035325838531,-0.07525721788916417,0.023463279909798906,-0.09062114988348702,False,False,0.051359554718389114,0.10271910943677823,0.05139634016623548,0.10279268033247096
575,9.583333333333334,False,False,49.804524362547774,50.0,66.59848779348701,49.36921206955778,51.589389177563284,47.9251362946075,74.0,-0.19547563745222618,3.0840468426671674,3.114887311093839,3.0867600497784347,1.1847513459354837,2.9793880980088128,1.1775341039958027,1.1591245781018187,3.114887311093839,1.083704963792149,1.2208645209417917,0.947914953719419,1.083704963792149,1.2208645209417917,3.024323224371276,3.138616919613737,0.06173994283997297,-0.0754196143096697,0.023729608519897916,-0.090564086722563,False,False,0.05139634016623548,0.10279268033247096,0.051431233140183545,0.10286246628036709
580,9.666666666666666,False,False,49.809768938989414,50.0,66.62439160631158,49.37446320322392,51.5975772886159,47.92635373731935,74.0,-0.19023106101058573,3.078720947453684,3.109508156928221,3.0814700719925066,1.1865975496900059,2.9715656917727555,1.1795545540438612,1.1603968769596578,3.109508156928221,1.0848173817078774,1.2222763726415768,0.9495414160072415,1.0848173817078774,1.2222763726415768,3.019000520150302,3.1335017095078137,0.06187949568191908,-0.07557949525178032,0.02399355257959268,-0.09050763677791895,False,False,0.051431233140183545,0.10286246628036709,0.05146417980886328,0.10292835961772656
585,9.75,False,False,49.815110785714175,50.0,66.649952891524,49.379811740084186,51.605824995947486,47.92767168541358,74.0,-0.18488921428582472,3.0734667903104325,3.1042014582135367,3.076251114829058,1.1884026398861591,2.963908011701912,1.1815266165182026,1.1616460007743625,3.1042014582135367,1.0859090205489792,1.2236649304009337,0.9511289262981791,1.0859090205489792,1.2236649304009337,3.013749577205139,3.128456506426332,0.062018929626571184,-0.07573698022538333,0.024255048212795227,-0.09045188100839763,False,False,0.05146417980886328,0.10292835961772656,0.051495136499037586,0.10299027299807517
590,9.833333333333334,False,False,49.820506155942084,50.0,66.67513629307228,49.38521387942343,51.61408931516475,47.929050028731574,74.0,-0.1794938440579159,3.0682841482031873,3.098966989685219,3.0711030418157357,1.1901683356332777,2.9564141978711316,1.1834523161147625,1.162873970167584,3.098966989685219,1.086981786919376,1.2250321374489557,0.9526791144748586,1.086981786919376,1.2250321374489557,3.008570098391227,3.123481030101155,0.06215816728137158,-0.07589218324820801,0.024514040415935856,-0.09039689129399209,False,False,0.051495136499037586,0.10299027299807517,0.0515240690090283,0.1030481380180566
595,9.916666666666666,False,False,49.825914960668136,50.0,66.6999101978279,49.39062948186644,51.62233091099935,47.9304520524965,74.0,-0.1740850393318638,3.0631726520483813,3.093804378568865,3.066025564246191,1.1918962797378354,2.9490831443771017,1.1853335917764785,1.1640826820269468,3.093804378568865,1.0880374691163344,1.2263798179974885,0.9541935413787997,1.0880374691163344,1.2263798179974885,3.003461647578717,3.1185748610780006,0.06229713597054176,-0.07604521291061239,0.024770482509135494,-0.09034273099014811,False,False,0.0515240690090283,0.1030481380180566,0.051550951949360664,0.10310190389872133
600,10.0,False,False,49.831300576848584,50.0,66.72424652737188,49.39602187850337,51.63051390910341,47.93184426060887,74.0,-0.16869942315141628,3.058131799570259,3.0887131175659612,3.061018254328359,1.193588041326561,2.941913519280401,1.1871722993851492,1.1652739144113184,3.0887131175659612,1.0890777417357007,1.22770968186238,0.9556737010068447,1.0890777417357007,1.22770968186238,2.998423662106401,3.113737453175525,0.06243576745106161,-0.07619617267561773,0.025024335609563853,-0.09028945545956013,False,False,0.051550951949360664,0.10310190389872133,0.051575768110493435,0.10315153622098687
605,10.083333333333334,False,False,49.836629662152184,50.0,66.74812053665609,49.401357684862276,51.63860570654778,47.93319619803533,74.0,-0.16337033784781596,3.0531609674743985,3.0836925771491424,3.0560805576409633,1.1952451184314385,2.9349037836089353,1.1889702144309653,1.1664493314560787,3.0836925771491424,1.0901041705455046,1.2290233293526318,0.957121022619731,1.0901041705455046,1.2290233293526318,2.9934554645671887,3.108968145275662,0.06257399789655316,-0.07634516091057408,0.025275568126519765,-0.09023711258195366,False,False,0.051575768110493435,0.10315153622098687,0.05159850785735001,0.10319701571470002
610,10.166666666666666,False,False,49.84187197617713,50.0,66.77151061952762,49.406606621456895,51.64657679399401,47.934480284142616,74.0,-0.1581280238228686,3.0482594229607742,3.078742017190382,3.0512118049214254,1.1968689405335988,2.9280522094469474,1.1907290346554105,1.1676104881865286,3.078742017190382,1.0911182170428955,1.230322255842466,0.9585368728945923,1.0911182170428955,1.230322255842466,2.988556273948025,3.1042661724681166,0.06271176765593744,-0.0764922711436331,0.02552415527773455,-0.09018574324235695,False,False,0.05159850785735001,0.10319701571470002,0.05161916855031936,0.10323833710063872
615,10.25,False,False,49.847000208035084,50.0,66.79439812109084,49.411741342648,51.65440058421841,47.93567165209316,74.0,-0.1529997919649162,3.043426334599259,3.073860597945252,3.0464112232080707,1.1984608710634093,2.921356897134141,1.1924503826636044,1.1687588351475824,3.073860597945252,1.0921212429202438,1.2316078562521284,0.9599225580481744,1.0921212429202438,1.2316078562521284,2.9837252161468832,3.099630676571683,0.06284902110454604,-0.07663759222733857,0.025770078626431214,-0.09013538179836855,False,False,0.05161916855031936,0.10323833710063872,0.05163775399239688,0.10327550798479376
620,10.333333333333334,False,False,49.85198981020261,50.0,66.81676715686865,49.41673726887894,51.66205324208082,47.93674798979967,74.0,-0.14801018979738956,3.038660782590217,3.0690473904161193,3.0416779463592833,1.2000222098543758,2.9148157915997723,1.1941358085024856,1.1698957230702036,3.0690473904161193,1.0931145146492045,1.232881429646264,0.9612793258429065,1.0931145146492045,1.232881429646264,2.9789613338891945,3.095060716054769,0.0629857065760604,-0.07678120842099911,0.026013325638649665,-0.09008605652692481,False,False,0.05163775399239688,0.10327550798479376,0.05165427390202352,0.10330854780404704
625,10.416666666666666,False,False,49.856818838539056,50.0,66.8386044387122,49.4215724272059,51.66951352735654,47.93768939287166,74.0,-0.1431811614609444,3.0339617684325284,3.0643013861168535,3.0370110249719815,1.2015541955487377,2.908426697856745,1.1957867922015908,1.1710224073357494,3.0643013861168535,1.0940992076674954,1.2341441834346212,0.9626083677247608,1.0940992076674954,1.2341441834346212,2.974263596065767,3.0905552753771754,0.06312177609887182,-0.076923199668254,0.026253889260321905,-0.09003779005108647,False,False,0.05165427390202352,0.10330854780404704,0.05166874341115622,0.10333748682231245
630,10.5,False,False,49.86146779836816,50.0,66.8598991073957,49.42622729757092,51.67676263887442,47.938478218969934,74.0,-0.13853220163183977,3.02932822402109,3.0596215062613012,3.0324094357214713,1.2030580079529036,2.9021872956809407,1.1974047462734851,1.172140052348459,3.0596215062613012,1.0950764106731194,1.2353972376798283,0.9639108207561095,1.0950764106731194,1.2353972376798283,2.969630906513973,3.086113273774946,0.06325718533136926,-0.07706364167533963,0.026491767513644682,-0.08999059974732804,False,False,0.05166874341115622,0.10333748682231245,0.05168118258807074,0.10336236517614147
635,10.583333333333334,False,False,49.86591949651872,50.0,66.88064257182333,49.43068466385676,51.6837840657163,47.939098948822775,74.0,-0.13408050348127887,3.0247590201955163,3.0550066103974713,3.0278720901444593,1.20453477034113,2.89609515350106,1.198991018171211,1.1732497358528235,3.0550066103974713,1.096047129763109,1.2366416292493438,0.9651877696217981,1.096047129763109,1.2366416292493438,2.9650621122635714,3.08173357350967,0.0633918933965203,-0.07720260608971463,0.026726963112198465,-0.08994449813389993,False,False,0.05168118258807074,0.10336236517614147,0.05169161598435888,0.10338323196871776
640,10.666666666666666,False,False,49.87015889921692,50.0,66.9008283547624,49.434929471523965,51.69056344485015,47.93953805331907,74.0,-0.1298411007830822,3.0202529747614157,3.05045550450903,3.0233978428866206,1.2059855517060825,2.8901477415243164,1.2005468927004017,1.174352453103984,3.05045550450903,1.09701229243737,1.2378783158321551,0.9664402486205745,1.09701229243737,1.2378783158321551,2.96055601126833,3.0774149876033983,0.06352586272817118,-0.07734016066661398,0.026959483094368242,-0.08989949324070023,False,False,0.05169161598435888,0.10338323196871776,0.0517000722055293,0.1034001444110586
645,10.75,False,False,49.87417299572046,50.0,66.92045194500935,49.43894869245658,51.69708842665904,47.93978386800512,74.0,-0.12582700427954308,3.0158088600052673,3.04596694860532,3.018985499435864,1.2074113689551378,2.884342444123257,1.2020735943839935,1.1754491208544096,3.04596694860532,1.0979727513956776,1.2391081797483094,0.9676692434808047,1.0979727513956776,1.2391081797483094,2.9561113596440576,3.0731562870798093,0.06365905889389989,-0.07747636945873193,0.027189338474489233,-0.08985558896126244,False,False,0.0517000722055293,0.1034001444110586,0.05170658350461193,0.10341316700922386
650,10.833333333333334,False,False,49.87795066758194,50.0,66.9395106558843,49.442731192937906,51.70334854057822,47.939826467854374,74.0,-0.12204933241805804,3.0114254097235507,3.041539663820786,3.014633823361933,1.208813189051501,2.878676571508948,1.2035722897777164,1.1765405813405778,3.041539663820786,1.0989292884676116,1.2403320318910578,0.9688756932640445,1.0989292884676116,1.2403320318910578,2.951726878433496,3.0689562077320867,0.06379145055047997,-0.0776112928729662,0.02741654391130055,-0.0898127853872901,False,False,0.05170658350461193,0.10341316700922386,0.05171118539813177,0.10342237079626354
655,10.916666666666666,False,False,49.88148256342633,50.0,66.95800348994257,49.44626760854467,51.70933507218336,47.93965755267414,74.0,-0.11851743657366853,3.0071013257863917,3.0371723390442558,3.0103415430827916,1.2101919310994107,2.873147370715565,1.2050440897347965,1.1776276060859345,3.0371723390442558,1.0998826181648997,1.2415506152911062,0.9700604922393269,1.0998826181648997,1.2415506152911062,2.947401259917922,3.064813456437361,0.06392300920517169,-0.07774498792103479,0.02764111739310504,-0.08977107912633375,False,False,0.05171118539813177,0.10342237079626354,0.05171391630380984,0.10342783260761967
660,11.0,False,False,49.88476097912413,50.0,66.97593100978301,49.44955022425152,51.71504094163534,47.939270333909455,74.0,-0.1152390208758689,3.0028352842555783,3.032863637098134,3.0061073581776414,1.2115484683728823,2.867752035921318,1.206490051618537,1.178710899593625,3.032863637098134,1.1008333912990909,1.242764608745897,0.971224491552448,1.1008333912990909,1.242764608745897,2.943133173495064,3.0607267170373382,0.06405370915227193,-0.07787750829453421,0.027863079939204116,-0.08973046360307002,False,False,0.05171391630380984,0.10342783260761967,0.05171481719928741,0.10342963439857482
665,11.083333333333334,False,False,49.88777974324024,50.0,66.99329521482696,49.45257285961678,51.72046058970102,47.9386594285235,74.0,-0.11222025675976255,2.998625941076402,3.028612200487166,3.001929945266201,1.212883630287628,2.8624877181303403,1.207911181461659,1.1797911029289936,3.028612200487166,1.1017821983822524,1.2439746302316288,0.9723685010709687,1.1017821983822524,1.2439746302316288,2.938921271142438,3.056694655804226,0.06418352730263521,-0.07800890454674114,0.028082455317059996,-0.08969092934472789,False,False,0.05171481719928741,0.10342963439857482,0.05171393130124158,0.10342786260248316
670,11.166666666666666,False,False,49.890534107635006,50.0,67.01009942393458,49.45533075931817,51.7255898678447,47.93782075674151,74.0,-0.10946589236499449,2.9944719373623263,3.0244166567359496,2.997807963473332,1.2141982043159427,2.8573515342399647,1.2093084360714905,1.18086879717348,3.0244166567359496,1.102729572961189,1.2451812402485223,0.973493291038858,1.102729572961189,1.2451812402485223,2.9347641924847685,3.0527159265106283,0.06431244307504236,-0.07813922421229091,0.02829926977467867,-0.08965246425118112,False,False,0.05171393130124158,0.10342786260248316,0.051711303764142805,0.10342260752828561
675,11.25,False,False,49.893020643092406,50.0,67.02634816372006,49.457820488918486,51.73042593442704,47.936751445512996,74.0,-0.10697935690759408,2.9903719042910635,3.020275623333974,2.993740059497698,1.2154929378444999,2.8523405755174585,1.2106827250802947,1.1819445067499146,3.020275623333974,1.103675994789238,1.2463849450033928,0.9745995936872078,1.103675994789238,1.2463849450033928,2.930660569483777,3.048789175121706,0.06444043825347823,-0.07826851196067652,0.028513551787732183,-0.08961505385019697,False,False,0.051711303764142805,0.10342260752828561,0.0517069813979855,0.103413962795971
680,11.333333333333334,False,False,49.895237139847985,50.0,67.04204706242288,49.460039834963325,51.73496715420642,47.93544973512089,74.0,-0.10476286015201453,2.986324467630176,3.0161877123064778,2.989724872302742,1.2167685399751407,2.84745191550997,1.2120349129402028,1.1830187026559542,3.0161877123064778,1.1046218929555576,1.2475861995494595,0.975688104918163,1.1046218929555576,1.2475861995494595,2.926609030768104,3.0449130441273717,0.06456749689350527,-0.07839680970039664,0.028725331820893985,-0.08957868153837367,False,False,0.0517069813979855,0.103413962795971,0.051701012404280135,0.10340202480856027
685,11.416666666666666,False,False,49.89718251288737,50.0,67.05720274918744,49.46198771047644,51.73921300472771,47.93391489220801,74.0,-0.10281748711263106,2.982328251909872,3.0121515344289707,2.985761037447738,1.2180256832688763,2.8426826174110476,1.2133658208623752,1.1840918055505427,3.0121515344289707,1.1055676488072723,1.2487854107187542,0.9767594857984933,1.1055676488072723,1.2487854107187542,2.9226082056207128,3.041086176531872,0.06469360516821143,-0.0785241567432704,0.02893464210290153,-0.08954332880825788,False,False,0.051701012404280135,0.10340202480856027,0.05169344612958919,0.10338689225917838
690,11.5,False,False,49.89885671188467,50.0,67.07182275860009,49.463664064570835,51.743163985161196,47.93214712515794,74.0,-0.10114328811533113,2.97838188426017,3.008165703102772,2.9818471910762927,1.219265005433427,2.838029740906708,1.2146762287002117,1.185164188748513,3.008165703102772,1.1065135988575474,1.2499829400402274,0.9778143640970939,1.1065135988575474,1.2499829400402274,2.918656727640621,3.0373072195176136,0.06481875129171444,-0.07865058989096552,0.02914151641484164,-0.08950897546215097,False,False,0.05169344612958919,0.10338689225917838,0.05168433283591207,0.10336866567182414
695,11.583333333333334,False,False,49.90026063564873,50.0,67.0859154403304,49.46506979607418,51.74682153025123,47.93014750425606,74.0,-0.09973936435127229,2.9744839979291715,3.0042288379084634,2.9779819735791175,1.2204871109547533,2.8334903485235694,1.2159668767765308,1.1862361811233313,3.0042288379084634,1.1074600375565429,1.2511791065204838,0.978853335807844,1.1074600375565429,1.2511791065204838,2.914753238095365,3.0335748277996517,0.06494292539715252,-0.07877614356678841,0.029345989891188307,-0.0894755998130985,False,False,0.05168433283591207,0.10336866567182414,0.051673723487206946,0.10334744697441389
700,11.666666666666666,False,False,49.90139605094432,50.0,67.09948987372034,49.46620667419965,51.750187932786375,47.9279178897407,74.0,-0.09860394905567915,2.9706332354986573,3.000339567853644,2.9741640329475083,1.2216925726731138,2.8290615115011417,1.2172384676548142,1.1873080697710066,3.000339567853644,1.1084072197684538,1.2523741891303903,0.9798769664674638,1.1084072197684538,1.2523741891303903,2.9108963889800967,3.029887666686719,0.06506611935938378,-0.07890085000255276,0.029548098833075187,-0.08944317887354725,False,False,0.051673723487206946,0.10334744697441389,0.05166166955136546,0.10332333910273092
705,11.75,False,False,49.90226551555448,50.0,67.11255578716404,49.46707725912228,51.753266260402704,47.92546085477446,74.0,-0.09773448444551747,2.9668282518127667,2.9964965343308942,2.970392027833408,1.2228819333042942,2.8247403152098554,1.2184916678547197,1.1883801027658591,2.9964965343308942,1.1093553635836668,1.253568429626563,0.9808857926198017,1.1093553635836668,1.253568429626563,2.9070848457987335,3.026244414864251,0.06518832686070386,-0.07902473918219233,0.029747880533356863,-0.08941168853216075,False,False,0.05166166955136546,0.10332333910273092,0.05164822281693638,0.10329644563387276
710,11.833333333333334,False,False,49.90287230545019,50.0,67.12512348211963,49.46768483097723,51.75606029009783,47.92277962469121,74.0,-0.09712769454981185,2.9630677166350243,2.9926983938013745,2.9666646303314925,1.2240557069067184,2.8205238641359487,1.2197271095121809,1.18945249160397,2.9926983938013745,1.1103046524184275,1.2547620346601647,0.9818803231629772,1.1103046524184275,1.2547620346601647,2.9033172900821005,3.0226437669143422,0.06530954305619474,-0.07914783918554247,0.029945373112967744,-0.08938110371927399,False,False,0.05164822281693638,0.10329644563387276,0.05163343522395004,0.10326687044790007
715,11.916666666666666,False,False,49.90322034593271,50.0,67.13720376159392,49.46803332014697,51.75857443355948,47.91987800793764,74.0,-0.09677965406729072,2.9593503170484783,2.988943820218963,2.962980528498221,1.2252143802952447,2.816409286453787,1.22094539198454,1.190525413665,2.988943820218963,1.1112552375987366,1.255955178369709,0.9828610405500968,1.1112552375987366,1.255955178369709,2.899592421657531,3.019084435587082,0.06542976470470885,-0.07927017606626352,0.03014061536811896,-0.08935139856143204,False,False,0.05163343522395004,0.10326687044790007,0.05161735870812858,0.10323471741625716
720,12.0,False,False,49.90331414661506,50.0,67.14880786294071,49.46812724188207,51.76081367557113,47.9167603390451,74.0,-0.0966858533849404,2.955674759613236,2.9852315072093685,2.9593384286223063,1.2263584144025081,2.8123937382056847,1.2221470834012336,1.191599014545409,2.9852315072093685,1.112207240430635,1.2571480044600605,0.9838284021363962,1.112207240430635,1.2571480044600605,2.895908960683853,3.015565153837245,0.06554898991465152,-0.07939177411477405,0.030333646627876742,-0.08932254652551563,False,False,0.05161735870812858,0.10323471741625716,0.05160004505788511,0.10320009011577022
725,12.083333333333334,False,False,49.90315874010848,50.0,67.15994739481414,49.46797163517014,51.7627835111716,47.91343142054055,74.0,-0.09684125989151937,2.952039772295194,2.981560170018146,2.9557370572605492,1.2274882455887248,2.8084744071087577,1.223332722160659,1.192673410263069,2.981560170018146,1.1131607543927615,1.2583406284035015,0.9847828413360277,1.1131607543927615,1.2583406284035015,2.8922656494652985,3.0120846766398266,0.06566721814043253,-0.07951265587030742,0.03052450662168038,-0.0892945205528477,False,False,0.05160004505788511,0.10320009011577022,0.05158154578341758,0.10316309156683516
730,12.166666666666666,False,False,49.90275962428159,50.0,67.17063427811887,49.467572004599596,51.76448988858691,47.909896470203634,74.0,-0.09724037571840682,2.948444106179258,2.9779285472410506,2.9521751630525626,1.2286042869009461,2.8046485160077763,1.2245028183739228,1.1937486893883942,2.9779285472410506,1.1141158471341055,1.2595331394458091,0.9857247687934888,1.1141158471341055,1.2595331394458091,2.8886612540572543,3.0086417825973895,0.06578445005741496,-0.07963284225428868,0.030713235356338853,-0.08926729318379634,False,False,0.05158154578341758,0.10316309156683516,0.05156191199733189,0.10312382399466379
735,12.25,False,False,49.90212270795986,50.0,67.18088069080056,49.466934267482074,51.765939157276335,47.90616107306374,74.0,-0.09787729204013829,2.944886536979873,2.9743354023496718,2.948651518327322,1.2297069292827745,2.8009133259924486,1.2256578552562478,1.19482491499175,2.9743354023496718,1.1150725623026272,1.260725602443006,0.9866545734818374,1.1150725623026272,1.260725602443006,2.885094565676448,3.005235275351786,0.06590068745125599,-0.07975235268912284,0.030899873002114386,-0.0892408366732238,False,False,0.05156191199733189,0.10312382399466379,0.05154119430612932,0.10308238861225864
740,12.333333333333334,False,False,49.901254259934944,50.0,67.19069901632153,49.46606470030327,51.76713801153319,47.902231129400654,74.0,-0.09874574006505554,2.941365866361211,2.970779525024823,2.945164920514117,1.2307965427356133,2.797266139196989,1.2267982904668782,1.195902126682722,2.970779525024823,1.1160309216292836,1.2619180599533415,0.9875726238301923,1.1160309216292836,1.2619180599533415,2.881564401927535,3.001863984812247,0.06601593327061939,-0.07987120505343848,0.031084459787424024,-0.08921512309728818,False,False,0.05154119430612932,0.10308238861225864,0.05151944271200997,0.10303888542401994
745,12.416666666666666,False,False,49.90016086115443,50.0,67.20010179566803,49.464969893015045,51.76809345006258,47.898112817398676,74.0,-0.09983913884556728,2.937880923078863,2.9672597323096515,2.941714193369891,1.2318734774325448,2.7937043012992784,1.2279245573983952,1.1969803423370649,2.9672597323096515,1.1169909263501978,1.2631105336672366,0.9884792687048048,1.1169909263501978,1.2631105336672366,2.8780696078577166,2.9985267682114505,0.06613019133017173,-0.07998941598686704,0.03126703590179902,-0.08919012445193486,False,False,0.05151944271200997,0.10303888542401994,0.051496706524387856,0.10299341304877571
750,12.5,False,False,49.89884935996507,50.0,67.20910168273872,49.46365670290317,51.76881272461477,47.89381254586031,74.0,-0.10115064003493046,2.9344305639544324,2.9637748695939767,2.9382981880345835,1.2329380647859653,2.7902252037363375,1.2290370664163808,1.1980595598971377,2.9637748695939767,1.1179525591688027,1.2643030263770256,0.9893748384633455,1.1179525591688027,1.2643030263770256,2.874609056850425,2.9952225110006307,0.06624346647988788,-0.0801070007283351,0.031447641406654014,-0.08916581274355195,False,False,0.051496706524387856,0.10299341304877571,0.051473034280619605,0.10294606856123921
755,12.583333333333334,False,False,49.897326830282594,50.0,67.2177114029653,49.462132213424276,51.769303303907314,47.88933692093542,74.0,-0.1026731697174057,2.9310136746939572,2.960323811440897,2.9349157839255278,1.2339906184701313,2.786826285652289,1.230136206050454,1.199139758988622,2.960323811440897,1.1189157855804863,1.265495523309047,0.9902596458774042,1.1189157855804863,1.265495523309047,2.8711816513687904,2.991950127594425,0.06635576432042511,-0.08022397340813558,0.031626316153527956,-0.08914216007210651,False,False,0.051473034280619605,0.10294606856123921,0.051448473675299165,0.10289694735059833
760,12.666666666666666,False,False,49.89560053256586,50.0,67.22594371502001,49.46040369521557,51.76957283141842,47.88469270730176,74.0,-0.10439946743414197,2.9276291705606208,2.956905462266227,2.9315658894816075,1.2350314353997824,2.7835050355944033,1.2312223441376953,1.200220902482124,2.956905462266227,1.1198805555158808,1.2666879937741928,0.9911339870257053,1.1198805555158808,1.2666879937741928,2.8677863235590126,2.9887085619755847,0.06646709129206885,-0.08034034696624315,0.031803099709357685,-0.08911913870721433,False,False,0.051448473675299165,0.10289694735059833,0.05142307149774919,0.10284614299549838
765,12.75,False,False,49.89367787747276,50.0,67.23381137546671,49.45847856804773,51.769629088628626,47.879886794365966,74.0,-0.1063221225272386,2.9242759969117755,2.9535187568808934,2.9282474427672986,1.2360607966660409,2.78025899297227,1.2322958289195545,1.2013029380547777,2.9535187568808934,1.1208468047816118,1.2678803926157822,0.991998142275179,1.1208468047816118,1.2678803926157822,2.8644220357234387,2.9854967881693812,0.0665774545610045,-0.08045613327316592,0.03197803128848786,-0.0890967211574547,False,False,0.05142307149774919,0.10284614299549838,0.051396873577070644,0.10279374715414129
770,12.833333333333334,False,False,49.891566392079966,50.0,67.24132710621646,49.456364369500335,51.7694799660677,47.8749261696335,74.0,-0.10843360792003409,2.920953129609852,2.9501626609059506,2.9249594119464097,1.2370789684307673,2.7770857492945713,1.2333569900933226,1.2023857994762692,2.9501626609059506,1.12181445618971,1.2690726613459204,0.992852377027748,1.12181445618971,1.2690726613459204,2.861087780672619,2.9823138105969367,0.06668686186965123,-0.08057134328655913,0.03215114969098609,-0.08907488023333165,False,False,0.051396873577070644,0.10279374715414129,0.05136992473439317,0.10273984946878634
775,12.916666666666666,False,False,49.88927368854868,50.0,67.24850356465083,49.45406872212308,51.76913342680102,47.86981788521322,74.0,-0.11072631145132306,2.9176595753163,2.946836171069463,2.921700795634778,1.2380862027805928,2.773982949197388,1.23440613981933,1.203469408005094,2.946836171069463,1.1227834210622913,1.2702647296569949,0.9936969425549705,1.1227834210622913,1.2702647296569949,2.857782581965278,2.979158664316448,0.06679532165190083,-0.08068598694280271,0.03232249324698522,-0.08905358910418482,False,False,0.05136992473439317,0.10273984946878634,0.05134226874173295,0.1026845374834659
780,13.0,False,False,49.88680743512407,50.0,67.25535331628029,49.451599304090884,51.768597480577604,47.864569034092625,74.0,-0.11319256487593066,2.914394371677279,2.9435383153940515,2.918470623140863,1.2390827385418253,2.7709482912774113,1.2354435736849774,1.20455367365621,2.9435383153940515,1.1237536002917847,1.2714565164885554,0.9945320768180409,1.1237536002917847,1.2714565164885554,2.854505494044612,2.976030415160727,0.06690284283234549,-0.08080007336442518,0.03249209976667533,-0.08903282134943957,False,False,0.05134226874173295,0.1026845374834659,0.051313948287176746,0.10262789657435349
785,13.083333333333334,False,False,49.88417532935599,50.0,67.26188880980828,49.44896382407242,51.767880158245795,47.85918672668927,74.0,-0.11582467064400959,2.9111565874094123,2.9402681532835064,2.9152679546026694,1.2400688020574435,2.7679795287429116,1.2364695716267948,1.205638496303345,2.9402681532835064,1.124724885420299,1.272647931113199,0.9953580051560039,1.124724885420299,1.272647931113199,2.8512556022790476,2.9729281597791406,0.067009434809854,-0.08091361088304616,0.032660006495634164,-0.08901255100445882,False,False,0.051313948287176746,0.10262789657435349,0.05128500494580634,0.10257000989161268
790,13.166666666666666,False,False,49.88138507343341,50.0,67.26812235447542,49.44616999404034,51.76698948250041,47.85367806408348,74.0,-0.11861492656659323,2.9079453222935037,2.9370247755164387,2.9120918810290943,1.2410446079273807,2.7650744698947607,1.2374843988116804,1.2067237669099087,2.9370247755164387,1.1256971599129817,1.2738388744163052,0.996174941047184,1.1256971599129817,1.2738388744163052,2.8480320229150706,2.9698510255916353,0.06711510750639649,-0.08102660699692699,0.03282625007519657,-0.08899275260136807,False,False,0.05128500494580634,0.10257000989161268,0.05125547915607807,0.10251095831215613
795,13.25,False,False,49.87844435152726,50.0,67.27406609956205,49.44322550852668,51.76593345178832,47.848050123290406,74.0,-0.12155564847274292,2.9047597070837345,2.933807304154572,2.908941524253353,1.2420103597132943,2.7622309784493013,1.2384883064785073,1.2078093684843225,2.933807304154572,1.1266702998672338,1.275029239611484,0.9969830867095425,1.1266702998672338,1.275029239611484,2.844833902949474,2.9667981706621287,0.06721987112716143,-0.08113906861708875,0.03299086650755667,-0.08897340120509822,False,False,0.05125547915607807,0.10251095831215613,0.05122541020122928,0.10245082040245856
800,13.333333333333334,False,False,49.87536080903894,50.0,67.27973201593073,49.44013802366572,51.76472001544597,47.84230993455238,74.0,-0.12463919096106224,2.9015989033394733,2.9306148923728683,2.9058160368058013,1.2429662506090176,2.7594469737143292,1.239481532741283,1.2088951770720997,2.9306148923728683,1.1276441751406274,1.276218913374602,0.9977826338621072,1.1276441751406274,1.276218913374602,2.8416604199278743,2.9637687834981645,0.06732373630250232,-0.08125100193147228,0.03315389112529621,-0.08895447244499399,False,False,0.05122541020122928,0.10245082040245856,0.05119483619531654,0.10238967239063308
805,13.416666666666666,False,False,49.87214203365567,50.0,67.28513187949493,49.43691513676116,51.763357055278505,47.83646446453453,74.0,-0.12785796634432955,2.898462103186461,2.9274467242183255,2.9027146017130194,1.2439124640778685,2.756720430628972,1.240464303355032,1.2099810627479202,2.9274467242183255,1.1286186502123585,1.277407776711208,0.998573764193543,1.1286186502123585,1.277407776711208,2.838510781676118,2.9607620827834262,0.06742671396328781,-0.08136241253556165,0.033315358565100706,-0.0889359425422076,False,False,0.05119483619531654,0.10238967239063308,0.051163794073594775,0.10232758814718955
810,13.5,False,False,49.86879553811608,50.0,67.29027725650312,49.433564371378765,51.76185237231552,47.83052060426458,74.0,-0.1312044618839181,2.895348529013772,2.92430201430391,2.899636432229772,1.2448491744579844,2.754049379677722,1.2414368324456029,1.2110668903688748,2.92430201430391,1.1295935848327334,1.2785957056118655,0.9993566501235819,1.1295935848327334,1.2785957056118655,2.8353842259707207,2.957777317049265,0.0675288152429907,-0.0814733055361414,0.03347530274535515,-0.08891778833318931,False,False,0.051163794073594775,0.10232758814718955,0.051132319586844305,0.10226463917368861
815,13.583333333333334,False,False,49.86532874459332,50.0,67.29517949053229,49.43009315899752,51.76021366445089,47.82448514877143,74.0,-0.1346712554066798,2.892257433112611,2.9211800074437373,2.896580771509993,1.2457765475368308,2.751431906688441,1.2423993232045483,1.2121525205114267,2.9211800074437373,1.1305688351020298,1.2797825721367357,1.0001314551837368,1.1305688351020298,1.2797825721367357,2.8322800201542115,2.9548137642911296,0.067630051625309,-0.08158368540939698,0.03363375684739234,-0.08889998728952575,False,False,0.051132319586844305,0.10226463917368861,0.05110044729938236,0.10220089459876472
820,13.666666666666666,False,False,49.86174897060513,50.0,67.2998496910879,49.42650882765557,51.75844852164822,47.81836479277089,74.0,-0.13825102939487266,2.889188097262669,2.9180799782352955,2.8935468922226706,1.2466947410960234,2.748866152523658,1.243351968550274,1.2132378100960524,2.9180799782352955,1.131544253776325,1.2809682447270072,1.0008983346762308,1.131544253776325,1.2809682447270072,2.8291974607009736,2.9518707315354376,0.06773043463095485,-0.08169355631972741,0.03379075330014203,-0.08888251753432197,False,False,0.05110044729938236,0.10220089459876472,0.05106821059039669,0.10213642118079339
825,13.75,False,False,49.85806341636482,50.0,67.30429872371165,49.42281858669408,51.75656440336575,47.81216611013916,74.0,-0.1419365836351787,2.8861398322714242,2.9150012305941386,2.8905340961182056,1.2476039054275803,2.7463503126740334,1.2442949517565822,1.2143226132139717,2.9150012305941386,1.1325196913896183,1.2821525893324992,1.0016574361572113,1.1325196913896183,1.2821525893324992,2.8261358727386825,2.948947554362077,0.06782997611852748,-0.08180292182435345,0.03394632376793849,-0.08886535785545613,False,False,0.05106821059039669,0.10213642118079339,0.05103564165840266,0.10207128331680532
830,13.833333333333334,False,False,49.85427915348864,50.0,67.30853720150262,49.419029517257414,51.75456863698439,47.80589555256573,74.0,-0.14572084651135953,2.8831119774714824,2.9119430972461973,2.88754171355038,1.2485041838226933,2.743882636762422,1.2452284470497774,1.2154067816966745,2.9119430972461973,1.133494996444504,1.2833354696077024,1.0024088998760363,1.133494996444504,1.2833354696077024,2.8230946095303695,2.946043596387464,0.06792868791102791,-0.08191178525217047,0.03410049914126656,-0.08884848771582776,False,False,0.05103564165840266,0.10207128331680532,0.05100277152845643,0.10200554305691285
835,13.916666666666666,False,False,49.85040311497931,50.0,67.31257547796004,49.41514856153764,51.752468400725405,47.79955943406357,74.0,-0.14959688502069213,2.8801039001807367,2.908904939182544,2.884569102958917,1.2493957130341111,2.741461427966535,1.2461526201754523,1.2164901657589327,2.908904939182544,1.1344700163142931,1.2845167478191533,1.0031528592438463,1.1344700163142931,1.2845167478191533,2.820073051921657,2.9431582487128014,0.06802658206022061,-0.08202014944463953,0.034253309530257514,-0.08883188726088687,False,False,0.05100277152845643,0.10200554305691285,0.050969630061947796,0.10193926012389559
840,14.0,False,False,49.846442086408274,50.0,67.3164236410611,49.41118251422092,51.750270720142055,47.79316392787504,74.0,-0.153557913591726,2.8771149951298285,2.905886145081127,2.8816156503172294,1.250278623713168,2.739085042367774,1.2470676289360658,1.217572614549954,2.905886145081127,1.135444597545033,1.2856962851525926,1.0038894412874926,1.135444597545033,1.2856962851525926,2.817070607757496,2.9402909293417916,0.06812367060263869,-0.082128017004921,0.034404784260664734,-0.08881553732363079,False,False,0.050969630061947796,0.10193926012389559,0.050936245968704975,0.10187249193740995
845,14.083333333333334,False,False,49.84240269822171,50.0,67.32009150848964,49.40713801455574,51.74798245699852,47.78671505643937,74.0,-0.15759730177828857,2.8741446838611364,2.902886130699748,2.8786807685496436,1.2511530408225109,2.736751888233433,1.2479736237004146,1.2186539766861642,2.902886130699748,1.1364185865108085,1.2868739423733082,1.0046187670741802,1.1364185865108085,1.2868739423733082,2.8140867112725214,2.9374410825719717,0.06821996568714406,-0.08223539017535564,0.03455495187222368,-0.08879941942722658,False,False,0.050936245968704975,0.10187249193740995,0.050902646821157194,0.10180529364231439
850,14.166666666666666,False,False,49.83829141909942,50.0,67.323588623936,49.403021539789925,51.745610305291265,47.780218687884194,74.0,-0.16170858090058005,2.8711924141032297,2.899904338244262,2.8757638969222468,1.252019084025518,2.734460425239023,1.248870747886068,1.2197341007288742,2.899904338244262,1.1373918297559602,1.2880495801732739,1.0053409520482546,1.1373918297559602,1.2880495801732739,2.8111208224587485,2.9346081783633675,0.06831547944439964,-0.08234227097291402,0.03470384011910532,-0.08878351578551369,False,False,0.050902646821157194,0.10180529364231439,0.05086885907040767,0.10173771814081534
855,14.25,False,False,49.834114550297514,50.0,67.32692425439193,49.398839399562185,51.74316078431756,47.7736805298282,74.0,-0.1658854497024862,2.8682576591244793,2.896940235715724,2.8728645004110582,1.2528768680533993,2.7322091636371573,1.2497591384158324,1.220812835625202,2.896940235715724,1.1383641744782496,1.289223059659144,1.0060561064265585,1.1383641744782496,1.289223059659144,2.8081724264142403,2.931791711688105,0.06841022403394215,-0.08244866114695237,0.03485147597238081,-0.08876780930148387,False,False,0.05086885907040767,0.10173771814081534,0.05083490806394053,0.10166981612788106
860,14.333333333333334,False,False,49.82987822090997,50.0,67.33010738836698,49.394597730837326,51.74064023453109,47.767106125731175,74.0,-0.17012177909003157,2.865339917069268,2.893993316239961,2.8699820690511726,1.253726503050942,2.729996663379009,1.2506389261492645,1.2218900311306242,2.893993316239961,1.1393354688930228,1.2903942427211428,1.0067643355498603,1.1393354688930228,1.2903942427211428,2.805241032675982,2.9289912018642204,0.06850421159051856,-0.08255456223760138,0.03499788562425943,-0.0887522835639789,False,False,0.05083490806394053,0.10166981612788106,0.050800818064851525,0.10160163612970305
865,14.416666666666666,False,False,49.8255883839856,50.0,67.33314673495785,49.39030249452111,51.73805481444251,47.76050085220081,74.0,-0.17441161601440314,2.862438710280006,2.891063097382806,2.8671161172701014,1.2545680949018239,2.72782153319405,1.251510236290261,1.2229655381580415,2.891063097382806,1.1403055625558298,1.2915629923603043,1.0074657402196407,1.1403055625558298,1.2915629923603043,2.8023261745401045,2.9262061918767945,0.06859745420226271,-0.08265997560221172,0.035143094493988336,-0.08873692284270174,False,False,0.050800818064851525,0.10160163612970305,0.05076661227234274,0.10153322454468548
870,14.5,False,False,49.82125081344139,50.0,67.33605072370369,49.385959472186684,51.735410497035005,47.75386991585918,74.0,-0.17874918655861194,2.8595535846079447,2.8881491204540244,2.8642661832084495,1.2554017455344177,2.725682429633408,1.2523731887717064,1.2240392091268404,2.8881491204540244,1.1412743067117068,1.2927291730422878,1.008160416961664,1.1412743067117068,1.2927291730422878,2.7994274083722863,2.923436247689278,0.06868996391544746,-0.08276490241513357,0.035287127235253735,-0.08872171208173807,False,False,0.05076661227234274,0.10153322454468548,0.05073231284341066,0.10146462568682132
875,14.583333333333334,False,False,49.816871101714334,50.0,67.33882750516507,49.38157426328008,51.73271306728888,47.74721835122317,74.0,-0.18312889828566625,2.8566841087155437,2.8852509498026992,2.861431828030782,1.2562275532089602,2.7235780560818665,1.2532278986181475,1.2251108982935874,2.8852509498026992,1.1422415545982474,1.2938926510048825,1.008848458392049,1.1422415545982474,1.2938926510048825,2.796544312910994,2.9206809575476065,0.06878175271129505,-0.08286934369534005,0.03543000774490723,-0.08870663689170533,False,False,0.05073231284341066,0.10146462568682132,0.05069794091547962,0.10139588183095924
880,14.666666666666666,False,False,49.81245465809789,50.0,67.34148495216665,49.37715228471428,51.729968123017606,47.74055102160541,74.0,-0.18754534190210848,2.8538298733729737,2.8823681721067036,2.8586126352293,1.257045612786943,2.721507161743216,1.2540744762874358,1.2261804619724899,2.8823681721067036,1.1432071616019268,1.2950532944186743,1.0095299534076276,1.1432071616019268,1.2950532944186743,2.793676488566046,2.9179399312796663,0.06887283244618447,-0.08297330037056305,0.035571759172962736,-0.0886916835406577,False,False,0.05069794091547962,0.10139588183095924,0.050663516629917124,0.10132703325983425
885,14.75,False,False,49.80800670771087,50.0,67.34403066164715,49.372698767432816,51.727181068484796,47.733872613432,74.0,-0.19199329228913342,2.8509904907511086,2.87950039565862,2.855808209922856,1.2578560159835634,2.7194685406033656,1.254913027992255,1.2272477589028312,2.87950039565862,1.1441709857432574,1.2962109738764518,1.0102049875373724,1.1441709857432574,1.2962109738764518,2.790823556714714,2.915212799592256,0.06896321497362057,-0.08307677315957385,0.03571240393363606,-0.08867683894390588,False,False,0.050663516629917124,0.10132703325983425,0.05062905915623848,0.10125811831247696
890,14.833333333333334,False,False,49.80353229104973,50.0,67.34647195706268,49.36821875879926,51.724357122429495,47.72718764369942,74.0,-0.19646770895027288,2.8481655937132064,2.8766472496503384,2.853018178153485,1.2586588516040338,2.7174610303753273,1.2557436560024309,1.2283126503408313,2.8766472496503384,1.1451328875116158,1.2973655622321998,1.0108736430888257,1.1451328875116158,1.2973655622321998,2.787985158997515,2.912499213367748,0.06905291189136853,-0.08317976282921546,0.03585196371740951,-0.08866209065282327,False,False,0.05062905915623848,0.10125811831247696,0.05059458671691708,0.10118917343383416
895,14.916666666666666,False,False,49.79903626407744,50.0,67.34881589129277,49.363717121153144,51.721501310451885,47.72050045316805,74.0,-0.20096373592255645,2.845354835107283,2.8738083834583557,2.8502421861826317,1.2594542057645328,2.7154835114299227,1.2565664589288814,1.2293750003352215,2.8738083834583557,1.1460927304085995,1.2985169351485306,1.0115359994409574,1.1460927304085995,1.2985169351485306,2.785160956615565,2.9097988429622825,0.0691419348133091,-0.08328226992662202,0.035990459503926875,-0.08864742684279081,False,False,0.05059458671691708,0.10118917343383416,0.050560116612661285,0.10112023322532257
900,15.0,False,False,49.79452329880439,50.0,67.35106925000139,49.35919853230572,51.71861847062724,47.71381521161712,74.0,-0.20547670119560735,2.842557887061022,2.8709834659316322,2.8474798997889237,1.26024216209855,2.7135349057157825,1.2573815319900585,1.2304346759109648,2.8709834659316322,1.14705038089301,1.2996649710456611,1.012192133249164,1.14705038089301,1.2996649710456611,2.78235062963126,2.9071113775073076,0.06923029513469636,-0.08338429501795486,0.03612791157567541,-0.08863283630037211,False,False,0.050560116612661285,0.10112023322532257,0.05052566524805291,0.10105133049610582
905,15.083333333333334,False,False,49.789997884319675,50.0,67.35323855540724,49.35466748718895,51.715713252633414,47.7071359171826,74.0,-0.21000211568032512,2.839774440280913,2.868172184683722,2.844731003569284,1.2610228019493535,2.7116141756719667,1.2581889672616928,1.2314915471978565,2.868172184683722,1.1480057086191064,1.3008095513435793,1.0128421186502692,1.1480057086191064,1.3008095513435793,2.7795538762739285,2.9044365242160404,0.06931800414572287,-0.08348583857875003,0.036264339532318335,-0.08861830840979357,False,False,0.05052566524805291,0.10105133049610582,0.05049124815747839,0.10098249631495677
910,15.166666666666666,False,False,49.78546432823242,50.0,67.35533007042076,49.35012829833534,51.7127901190395,47.70046639766344,74.0,-0.21453567176757815,2.837004203357139,2.8653742453907105,2.8419952002449844,1.2617962045492845,2.709720323136292,1.2589888539106333,1.232545487614243,2.8653742453907105,1.148958586576268,1.3019505606055295,1.0134860273943105,1.148958586576268,1.3019505606055295,2.776770412251837,2.9017740076963108,0.06940507299128651,-0.08358690103797506,0.03639976230560027,-0.08860383313887343,False,False,0.05049124815747839,0.10098249631495677,0.05045688003119864,0.10091376006239729
915,15.25,False,False,49.780926758486046,50.0,67.35734980310797,49.34558509941247,51.709853350363,47.69381031526051,74.0,-0.21907324151395358,2.8342469020756274,2.8625893710963837,2.839272209974074,1.2625624471865526,2.7078523882522103,1.2597812784135551,1.2335963739037652,2.8625893710963837,1.1499088910564346,1.303087886509211,1.0141239291227522,1.1499088910564346,1.303087886509211,2.77399997007196,2.899123569271132,0.06949151260544584,-0.08368748284733063,0.036534198174748234,-0.0885894010244237,False,False,0.05045688003119864,0.10091376006239729,0.05042257474154578,0.10084514948309156
920,15.333333333333334,False,False,49.77638912550976,50.0,67.35930351144286,49.34104184564379,51.70690704247996,47.687171164340626,74.0,-0.22361087449024097,2.831502278738512,2.8598173015258967,2.8365617696715457,1.263321605360191,2.7060094483768817,1.2605663247612628,1.2346440863190764,2.8598173015258967,1.1508565019665675,1.3042214201629039,1.0147558914270576,1.1508565019665675,1.3042214201629039,2.771242298368635,2.8964849663081647,0.06957733384382747,-0.08378758435250888,0.036667664782267906,-0.08857500315726163,False,False,0.05042257474154578,0.10084514948309156,0.05038834536912642,0.10077669073825284
925,15.416666666666666,False,False,49.77185520467367,50.0,67.3611967083133,49.336502316496066,51.703955112725474,47.68055227711989,74.0,-0.22814479532632959,2.828770091494143,2.8570577924090843,2.8338636323384,1.2640737529237955,2.704190616992865,1.2613440746493152,1.2356885086953298,2.8570577924090843,1.1518013027449596,1.3053510560253845,1.015381980097618,1.1518013027449596,1.3053510560253845,2.7684971612422182,2.8938579715591644,0.06966254733005472,-0.08388720595037014,0.03680017915008005,-0.08856063116686608,False,False,0.05038834536912642,0.10077669073825284,0.05035420422895806,0.10070840845791612
930,15.5,False,False,49.76732859901634,50.0,67.36303466674683,49.33197012023619,51.70100130360741,47.67395682716728,74.0,-0.23267140098366212,2.826050113677668,2.854310614814445,2.831177566400691,1.2648189622186543,2.702395042625645,1.2621146076556637,1.236729528431806,2.854310614814445,1.1527431803831238,1.3064766919313284,1.0160022591676807,1.1527431803831238,1.3064766919313284,2.7657643376086796,2.8912423725103524,0.06974716349952237,-0.08398634804868221,0.0369317576959074,-0.08854627720576547,False,False,0.05035420422895806,0.10070840845791612,0.05032016289651003,0.10064032579302006
935,15.583333333333334,False,False,49.762812742214685,50.0,67.3648224253256,49.327448694200726,51.69804918081858,47.66738782770669,74.0,-0.23718725778531535,2.8233421331630817,2.8515755544947123,2.828503355059516,1.2655573041968502,2.7006219077690496,1.2628780014059593,1.237767036675632,2.8515755544947123,1.1536820257038285,1.3075982293728015,1.0166167911329922,1.1536820257038285,1.3075982293728015,2.7630436205609876,2.8886379707445946,0.06983119269716953,-0.08408501097180343,0.03706241624988227,-0.08853193393372472,False,False,0.05032016289651003,0.10064032579302006,0.05028623223354123,0.10057246446708246
940,15.666666666666666,False,False,49.75831090176888,50.0,67.36656479376093,49.322941310380926,51.69510214383754,47.66084814139041,74.0,-0.24168909823112017,2.8206459517275513,2.848852411244827,2.825840795652791,1.2662888485348944,2.69887042782041,1.263634331727188,1.2388009282482926,2.848852411244827,1.1546177330644434,1.3087155732059856,1.0172256370396553,1.1546177330644434,1.3087155732059856,2.7603348167430575,2.8860445813160904,0.06991464495769306,-0.0841831951838492,0.03719217007126341,-0.08851759450176955,False,False,0.05028623223354123,0.10057246446708246,0.05025242241373348,0.10050484482746697
945,15.75,False,False,49.75382618237557,50.0,67.36826635860083,49.318451076326674,51.69216342062388,47.654340475569896,74.0,-0.24617381762443102,2.817961384428708,2.846140998272995,2.823189699029574,1.2670136637384246,2.6971398500271477,1.2643836727902398,1.2398311017926062,2.846140998272995,1.1555502007793452,1.3098286320768884,1.0178288566012725,1.1555502007793452,1.3098286320768884,2.7576377457368397,2.8834620321382505,0.06999753028428213,-0.08428090101326102,0.037321033865255426,-0.08850325253615532,False,False,0.05025242241373348,0.10050484482746697,0.05021874294801578,0.10043748589603156
950,15.833333333333334,False,False,49.74936152946561,50.0,67.36993148904459,49.31398094173374,51.68923608202396,47.64786739552767,74.0,-0.2506384705343905,2.815288258995534,2.8434411415854894,2.820549888937545,1.2677318172384882,2.6954294524463402,1.265126097242003,1.2408574596441213,2.8434411415854894,1.1564793306432173,1.3109373179478925,1.0184265082868025,1.1564793306432173,1.3109373179478925,2.7549522394632553,2.8808901633853545,0.07007985830377117,-0.08437812900090402,0.03744902179986509,-0.08848890212223415,False,False,0.05021874294801578,0.10043748589603156,0.05018520270960358,0.10037040541920716
955,15.916666666666666,False,False,49.74491973288285,50.0,67.37156434284165,49.309533699958635,51.686323035074714,47.64143131847186,74.0,-0.25508026711715104,2.812626415233351,2.8407526793856848,2.817921201424305,1.2684433754798923,2.6937385429186254,1.265861676327578,1.2418799079413474,2.8407526793856848,1.1574050284095445,1.31204154657942,1.0190186494377032,1.1574050284095445,1.31204154657942,2.752278141597284,2.8783288269084024,0.07016163863807257,-0.08447487953180288,0.03757614752271765,-0.08847453778840064,False,False,0.05018520270960358,0.10037040541920716,0.05015180995864137,0.10030361991728275
960,16.0,False,False,49.74050343068286,50.0,67.37316887225231,49.30511199137016,51.68342703284762,47.63503452260107,74.0,-0.25949656931714316,2.8099757044433584,2.838075461487792,2.8153034842528433,1.2691484040021035,2.6920664580576936,1.2665904800031338,1.2428983566441274,2.838075461487792,1.1583272035134564,1.3131412372558868,1.019605336399718,1.1583272035134564,1.3131412372558868,2.749615306997767,2.8757778856656375,0.07024288061175943,-0.08457115313067098,0.03770242417784564,-0.08846015449002476,False,False,0.05015180995864137,0.10030361991728275,0.050118572366464983,0.10023714473292997
965,16.083333333333332,False,False,49.73611511303191,50.0,67.37474883005042,49.300718309296556,51.68055067813079,47.62867915054846,74.0,-0.26388488696809276,2.8073359888570963,2.8354093487456673,2.812696596331702,1.2698469675131376,2.6904125622564723,1.2673125770399487,1.243912719423406,2.8354093487456673,1.1592457690704325,1.314236312787458,1.0201866245228757,1.1592457690704325,1.314236312787458,2.746963601152152,2.8732372131680304,0.0703235933640518,-0.08466695035297356,0.03782786442236308,-0.0884457475935152,False,False,0.050118572366464983,0.10023714473292997,0.0500854970394503,0.1001709940789006
970,16.166666666666668,False,False,49.73175712618714,50.0,67.37630777554932,49.29635500281264,51.67769642571468,47.62236721154904,74.0,-0.2682428738128593,2.8047071410861255,2.8327542124969867,2.8101004071600912,1.27053912995688,2.6887762467109746,1.268028035120144,1.2449229136979738,2.8327542124969867,1.1601606419344193,1.315326699571141,1.020762568278633,1.1601606419344193,1.315326699571141,2.744322899636502,2.8707066929399985,0.0704037858731672,-0.08476227176355455,0.037952480443011805,-0.08843131286048456,False,False,0.0500854970394503,0.1001709940789006,0.05005259054237523,0.10010518108475046
975,16.25,False,False,49.72743167654132,50.0,67.37784908063365,49.29202428135096,51.674866588642956,47.61610058721544,74.0,-0.2725683234586782,2.8020890435871606,2.830109934023032,2.8075147962882503,1.2712249545742396,2.687156928462677,1.268736920924581,1.2459288605793517,2.830109934023032,1.16107174257116,1.3164123274670492,1.0213332213477315,1.16107174257116,1.3164123274670492,2.7416930875909546,2.868186217995583,0.07048346688769747,-0.08485711800819162,0.03807628397255103,-0.08841684643207737,False,False,0.05005259054237523,0.10010518108475046,0.050019858921342315,0.10003971784268463
980,16.333333333333332,False,False,49.72314083471576,50.0,67.37937593578157,49.2877282169197,51.67206333790707,47.60988103133548,74.0,-0.27685916528424315,2.7994815881428265,2.827476404024255,2.804939652793269,1.2719045039585357,2.685554049460158,1.269439300213403,1.2469304849269065,2.827476404024255,1.161978995225703,1.3174931299687602,1.0218986366787703,1.161978995225703,1.3174931299687602,2.739074059210763,2.8656756903301885,0.07056264504185372,-0.08495148970120359,0.03819928630593372,-0.08840234481349185,False,False,0.050019858921342315,0.10003971784268463,0.04998730772617531,0.09997461545235062
985,16.416666666666668,False,False,49.71888653968693,50.0,67.38089135606246,49.28346875120264,51.66928871454672,47.60371018096835,74.0,-0.2811134603130725,2.7968846753581693,2.8248535221117512,2.802374874770476,1.2725778401054872,2.6839670756406644,1.270135237899649,1.2479277151641326,2.8248535221117512,1.1628823275203453,1.3185690438040776,1.0224588665028478,1.1628823275203453,1.3185690438040776,2.736465717253052,2.8631750204280464,0.07064132863994499,-0.08504538764378733,0.038321498316295166,-0.08838780485869924,False,False,0.04998730772617531,0.09997461545235062,0.049954942032320086,0.09990988406464017
990,16.5,False,False,49.714670602932884,50.0,67.38239818709708,49.27924769758175,51.66654462529393,47.5975895525428,74.0,-0.285329397067116,2.79429821417297,2.8222411963146996,2.799820368840549,1.2732450244581635,2.682395496032129,1.2708247981163785,1.2489204833337681,2.8222411963146996,1.1637816707977273,1.31964000928086,1.0230139624799903,1.1637816707977273,1.31964000928086,2.733867972559281,2.8606841267853556,0.07071952594709185,-0.08513881253604083,0.038442930470655945,-0.08837322375541845,False,False,0.049954942032320086,0.09990988406464017,0.049922766462196656,0.09984553292439331
995,16.583333333333332,False,False,49.71049471258723,50.0,67.38389911096814,49.275066746125084,51.663832853700285,47.59152055205736,74.0,-0.2895052874127728,2.7917221213898955,2.8196393426037947,2.7972760496723184,1.2739061179472353,2.680838821876094,1.2715080442777011,1.2499087250059346,2.8196393426037947,1.1646769597539324,1.3207059699228227,1.0235639756405817,1.1646769597539324,1.3207059699228227,2.7312807435934636,2.858202935449198,0.0707972449168881,-0.08523176525200227,0.03856359284540334,-0.08835859901033105,False,False,0.049922766462196656,0.09984553292439331,0.04989078520603327,0.09978157041206653
1000,16.666666666666668,False,False,49.70636043758891,50.0,67.38539665206999,49.270927467709136,51.661155059944456,47.58550447496337,74.0,-0.29363956241108724,2.7891563212184582,2.817047884430643,2.794741839521331,1.274561181026851,2.67929658577192,1.2721850391341056,1.2508923792230235,2.817047884430643,1.1655681325828853,1.3217668726165617,1.024108956502505,1.1655681325828853,1.3217668726165617,2.728703955996056,2.8557313795720933,0.07087449339353813,-0.08532424664013827,0.03868349514145031,-0.08834392843458705,False,False,0.04989078520603327,0.09978157041206653,0.04985900204213643,0.09971800408427287
1005,16.75,False,False,49.70226923181725,50.0,67.38689318288782,49.26683131689561,51.6585127857548,47.579542510703774,74.0,-0.29773076818275257,2.7866007448347196,2.814466752283067,2.7922176677840747,1.275210273706441,2.677768340842556,1.2728558448224512,1.2518713884996941,2.814466752283067,1.1664551308831184,1.3228226675209125,1.024648955085786,1.1664551308831184,1.3228226675209125,2.7261375421534746,2.8532693989821944,0.07095127902121834,-0.08541625761657579,0.038802646699127585,-0.08832921012959227,False,False,0.04985900204213643,0.09971800408427287,0.04982742035659917,0.09965484071319834
1010,16.833333333333332,False,False,49.69822243820266,50.0,67.38839092969735,49.26277963891398,51.655907462995295,47.57363575058457,74.0,-0.30177756179733706,2.784055329956644,2.8118958832562106,2.7897034705678347,1.2758534555787466,2.6762536599220845,1.2735205229109787,1.2528456986207857,2.8118958832562106,1.1673378993926746,1.3238733078043738,1.0251840209418788,1.1673378993926746,1.3238733078043738,2.7235814407830974,2.8508169397689476,0.07102760918358819,-0.08550779922811103,0.03892105651273692,-0.08831444247311326,False,False,0.04982742035659917,0.09965484071319834,0.049796043162461064,0.09959208632492213
1015,16.916666666666668,False,False,49.69422129280416,50.0,67.38989197817682,49.25877367081094,51.653340410090024,47.56778518456409,74.0,-0.30577870719584155,2.781520020434962,2.8093352206393116,2.7871991902760227,1.276490785844343,2.6747521347651984,1.2741791344396691,1.2538152587148033,2.8093352206393116,1.1682163862744834,1.3249187499329673,1.0257142032268802,1.1682163862744834,1.3249187499329673,2.7210355965336186,2.8483739538841015,0.07110349121816406,-0.08559887244031983,0.0390387332447899,-0.08829962410569303,False,False,0.049796043162461064,0.09959208632492213,0.04976487311828289,0.09952974623656578
1020,17.0,False,False,49.690266928845844,50.0,67.39139827892436,49.25481454708901,51.65081284376364,47.56199171198969,74.0,-0.30973307115415594,2.7789947658593857,2.8067847135179793,2.7847047752088603,1.2771223233329256,2.6732633752786725,1.2748317399562745,1.2547800211069444,2.8067847135179793,1.1690905426982192,1.32595895325452,1.0262395506576014,1.1690905426982192,1.32595895325452,2.718499959600572,2.845940398757888,0.07117893214757554,-0.0856894784087252,0.039155685239908866,-0.08828475391740742,False,False,0.04976487311828289,0.09952974623656578,0.049733912546178656,0.09946782509235731
1025,17.083333333333332,False,False,49.68636038070495,50.0,67.3929116528743,49.250903302573356,51.64832587635529,47.556256139189784,74.0,-0.3136396192950528,2.776479521179988,2.804244316391788,2.7822201791792303,1.2777481265216042,2.6717870087748694,1.2754783995483179,1.255739941300726,2.804244316391788,1.1699603230762903,1.326993880237035,1.0267601116433525,1.1699603230762903,1.326993880237035,2.715974485356841,2.843516236930173,0.07125393893630894,-0.0857796182244357,0.03927192053838491,-0.08826983103494701,False,False,0.049733912546178656,0.09946782509235731,0.04970316344925411,0.09940632689850822
1030,17.166666666666668,False,False,49.68250258784494,50.0,67.39443379660689,49.247040878236525,51.6458805273119,47.55057918997712,74.0,-0.31749741215506333,2.7739742463435277,2.801713988806963,2.7797453611435072,1.2783682535504388,2.6703226792472443,1.2761191728713543,1.25669497781264,2.801713988806963,1.1708256846478295,1.3280234960550072,1.0272759341541586,1.1708256846478295,1.3280234960550072,2.7134591339979055,2.84110143569633,0.0713285182423673,-0.0858692931648104,0.039387446889366906,-0.08825485480905737,False,False,0.04970316344925411,0.09940632689850822,0.04967262752848727,0.09934525505697454
1035,17.25,False,False,49.67869439868829,50.0,67.39596628754663,49.243228123110775,51.64347771905601,47.5449615019167,74.0,-0.3213056013117068,2.7714789059444866,2.7991936950039316,2.7772802848471176,1.2789827622354424,2.6688700466677515,1.2767541191737635,1.2576450921905233,2.7991936950039316,1.1716865877721618,1.3290477688851772,1.0277870659404016,1.1716865877721618,1.3290477688851772,2.710953870201606,2.8386959667676575,0.07140267669465383,-0.0859585044183615,0.039502271763725894,-0.08823982480232573,False,False,0.04967262752848727,0.09934525505697454,0.04964230619906662,0.09928461239813324
1040,17.333333333333332,False,False,49.67493657442303,50.0,67.39751058904511,49.23946579877944,51.64111828715793,47.53940363561841,74.0,-0.3250634255769711,2.768993468890565,2.7966834035794705,2.7748249184846316,1.2795917100792549,2.667428786306057,1.2773832973183308,1.2585902489033287,2.7966834035794705,1.1725429955643887,1.3300666695443497,1.028293554342463,1.1725429955643887,1.3300666695443497,2.7084586628021463,2.836299805945985,0.071476420641021,-0.08604725333894003,0.039616402366514425,-0.08822474077732423,False,False,0.04964230619906662,0.09928461239813324,0.04961220060612578,0.09922440121225155
1045,17.416666666666668,False,False,49.671229792739304,50.0,67.39906805534481,49.235754583774934,51.63880298123994,47.53390607558505,74.0,-0.32877020726069617,2.766517908082361,2.794183087163185,2.772379234374066,1.2801951542796934,2.665998588070355,1.2780067658008618,1.2595304152308926,2.794183087163185,1.1733948739502573,1.3310801715464515,1.0287954464664382,1.1733948739502573,1.3310801715464515,2.7059734844780796,2.833912932812289,0.07154975631555893,-0.08613554128063527,0.03972984564910398,-0.08820960268510536,False,False,0.04961220060612578,0.09922440121225155,0.049582311639979754,0.09916462327995951
1050,17.5,False,False,49.66757465149113,50.0,67.40063993642076,49.23209507674197,51.63653246970621,47.52846923454146,74.0,-0.3324253485088704,2.764052200106947,2.7916927221080163,2.7699432086451843,1.2807931517363573,2.664579155869612,1.2786245827660674,1.260465561208821,2.7916927221080163,1.1742421915420254,1.3320882509805478,1.0292927891255659,1.1742421915420254,1.3320882509805478,2.7034983114539353,2.831535330428932,0.07162268977172692,-0.08622336966679556,0.039842608320915573,-0.08819441065408107,False,False,0.049582311639979754,0.09916462327995951,0.049552639950752965,0.09910527990150593
1055,17.583333333333332,False,False,49.6639716722806,50.0,67.40222738269813,49.228487799132004,51.634307341247464,47.52309345482357,74.0,-0.33602832771939717,2.7615963249450446,2.789212288194495,2.7675168209414336,1.2813857590554676,2.6631702069969747,1.2792368060209296,1.2613956595917444,2.789212288194495,1.1750849196578161,1.3330908865322921,1.0297856288402272,1.1750849196578161,1.3330908865322921,2.7010331232152693,2.8291669850553185,0.07169522694054775,-0.08631073993392824,0.039954696860823535,-0.08817916497922562,False,False,0.049552639950752965,0.09910527990150593,0.04952318596252203,0.09904637192504406
1060,17.666666666666668,False,False,49.660421303961044,50.0,67.40383144964329,49.22493320009741,51.63212811211065,47.51777901501381,74.0,-0.33957869603895574,2.759150265691488,2.786741768348403,2.765100054135294,1.2819730325531071,2.6617714715340814,1.2798434930457596,1.2623206857063451,2.786741768348403,1.1759230320731777,1.334088059237551,1.0302740118965177,1.1759230320731777,1.334088059237551,2.6985779022367247,2.826807885876553,0.07176737353120588,-0.08639765363316743,0.04006611752815026,-0.08816386611167815,False,False,0.04952318596252203,0.09904637192504406,0.04949394988688844,0.09898789977377688
1065,17.75,False,False,49.656923926056734,50.0,67.40545310222757,49.22143165977537,51.62999522698367,47.512526130759504,74.0,-0.34307607394326567,2.75671400828865,2.7842811483715364,2.762692894056639,1.2825550282570122,2.6603826917759807,1.2804447010031454,1.263240617377869,2.7842811483715364,1.1767565050609001,1.3350797525242368,1.0307579843023178,1.1767565050609001,1.3350797525242368,2.69613263372286,2.824458024744873,0.07183913514636786,-0.08648411231696884,0.04017687637333678,-0.08814851464867646,False,False,0.04949394988688844,0.09898789977377688,0.049464931736039885,0.09892986347207977
1070,17.833333333333332,False,False,49.65347985209717,50.0,67.40709321926212,49.217983492108395,51.62790906316912,47.5073349585836,74.0,-0.3465201479028295,2.7542875412725065,2.7818304166852315,2.7602953292338666,1.2831318019070632,2.6590036216763226,1.2810404867449665,1.2641554348750106,2.7818304166852315,1.1775853172765405,1.33606595209981,1.0312375918312229,1.1775853172765405,1.33606595209981,2.6936973053613653,2.822117395933444,0.07191051722479935,-0.08657011759847011,0.04028697924821234,-0.08813311132386614,False,False,0.049464931736039885,0.09892986347207977,0.049436131335299074,0.09887226267059815
1075,17.916666666666668,False,False,49.65008933286401,50.0,67.408752597604,49.21458894682408,51.625869931247266,47.50220559649614,74.0,-0.34991066713598684,2.751870855531004,2.779389564086314,2.7579073506474048,1.2837034089546129,2.657634026312478,1.2816309068176543,1.2650651208915407,2.779389564086314,1.1784094498010769,1.33704664599587,1.0317128799932562,1.1784094498010769,1.33704664599587,2.6912719070883613,2.81978599590225,0.07198152510432942,-0.08665567109046379,0.040396431815935774,-0.08811765699795293,False,False,0.049436131335299074,0.09887226267059815,0.04940754833515991,0.09881509667031982
1080,18.0,False,False,49.64675255954946,50.0,67.41043195623274,49.2112482162829,51.623878086183865,47.49713809411242,74.0,-0.3532474404505379,2.7494639440743933,2.776958583515137,2.7555289514953056,1.2842699045607717,2.656273681370229,1.2822160174658606,1.2659696602891017,2.776958583515137,1.1792288857013118,1.338021824130457,1.0321838940641557,1.1792288857013118,1.338021824130457,2.6888564308654264,2.8174638230756948,0.07205216384135515,-0.08674077458778995,0.04050523956055763,-0.08810215264971077,False,False,0.04940754833515991,0.09881509667031982,0.0493791822228341,0.0987583644456682
1085,18.083333333333332,False,False,49.64346966682509,50.0,67.41213194019784,49.207961434637845,51.62193371882546,47.49213244491343,74.0,-0.35653033317490923,2.747066801817176,2.774537469835348,2.7531601269705606,1.2848313435937835,2.6549223726476314,1.2827958746346797,1.266869040207439,2.774537469835348,1.180043610485513,1.3389914787655508,1.032650679085373,1.180043610485513,1.3389914787655508,2.6864508704680063,2.815150877631588,0.07212243855811185,-0.08682542972192597,0.0406134077962399,-0.08808659936734164,False,False,0.0493791822228341,0.0987583644456682,0.0493510323333155,0.098702064666631
1090,18.166666666666668,False,False,49.640240735820214,50.0,67.41385312443754,49.204728682628534,51.6200369693901,47.48718859852816,74.0,-0.359759264179786,2.744679425371333,2.7721262196250462,2.750800874049797,1.2853877806255856,2.6535798955776695,1.283370533970583,1.2677632498990534,2.7721262196250462,1.1808536115476236,1.3399556039531035,1.033113279849431,1.1808536115476236,1.3399556039531035,2.684055221284881,2.8128471613011734,0.07219235405405011,-0.08690963835142984,0.040720941676127165,-0.0880709983401653,False,False,0.0493510323333155,0.098702064666631,0.049323097859956956,0.09864619571991391
1095,18.25,False,False,49.63706579700977,50.0,67.41559601746988,49.20154999115989,51.61818792489723,47.48230645839258,74.0,-0.3629342029902318,2.7423018128504735,2.769724830978978,2.748451191293027,1.2859392699276715,2.65224605476927,1.2839400508211827,1.2686522806189715,2.769724830978978,1.1816588783442383,1.3409141957138015,1.0335717409145673,1.1816588783442383,1.3409141957138015,2.6816694801283187,2.810552677179853,0.07226191509483004,-0.08699340227473318,0.04082784620087487,-0.08805535085065941,False,False,0.049323097859956956,0.09864619571991391,0.049295377864608206,0.09859075572921641
1100,18.333333333333332,False,False,49.63394483301121,50.0,67.41736106495676,49.1984253421498,51.61638662222833,47.47748588453265,74.0,-0.3660551669887866,2.739933963684571,2.7673333033214167,2.746111078654086,1.2864858654663436,2.6509206635662674,1.2845044802339631,1.269536125643117,2.7673333033214167,1.1824594023103745,1.3418672519545822,1.0340261065900904,1.1824594023103745,1.3418672519545822,2.679293645054595,2.808267429548257,0.07233112631146521,-0.08707672333274252,0.04093412622684012,-0.0880396582668217,False,False,0.049295377864608206,0.09859075572921641,0.049267871287282036,0.09853574257456407
1105,18.416666666666668,False,False,49.63087778129072,50.0,67.41914865314237,49.195354672730936,51.6146330532557,47.47272669822759,74.0,-0.3691222187092791,2.737575878444926,2.764951637229375,2.7437805373014257,1.2870276208974516,2.649603543623897,1.285063876954096,1.2704147801213366,2.764951637229375,1.183255176677161,1.3428147722880404,1.034476420951023,1.183255176677161,1.3428147722880404,2.676927715194519,2.805991423703318,0.07239999216670379,-0.0871596034441755,0.04103978647394291,-0.08802392203485576,False,False,0.049267871287282036,0.09853574257456407,0.04924057695539054,0.09848115391078108
1110,18.5,False,False,49.627864536779164,50.0,67.42095911216765,49.192337877865164,51.612927165979706,47.46802868303818,74.0,-0.372135463220836,2.7352275586790196,2.76257983426581,2.7414595694489186,1.287564589560694,2.648294524502353,1.2856182954214408,1.2712882410039128,2.76257983426581,1.1840461964696272,1.3437567580318917,1.0349227278088164,1.1840461964696272,1.3437567580318917,2.6745716905936194,2.803724665799016,0.07246851702797885,-0.08724204453428563,0.04114483153320592,-0.08800814367219045,False,False,0.04924057695539054,0.09848115391078108,0.04921349359256634,0.09842698718513268
1115,18.583333333333332,False,False,49.624904954397905,50.0,67.42279271926216,49.18937481175598,51.6112688661837,47.463391586304425,74.0,-0.3750950456020945,2.7328890067549167,2.760217896822466,2.7391481781963174,1.2880968244735644,2.646993443276994,1.2861677897668453,1.2721565070231917,2.760217896822466,1.1848324584779018,1.3446932121818211,1.0353650707552788,1.1848324584779018,1.3446932121818211,2.6722255720616825,2.8014671626964387,0.07253670515862942,-0.08732404854528997,0.04124926587397271,-0.08799232476078345,False,False,0.04921349359256634,0.09842698718513268,0.04918661982703537,0.09837323965407074
1120,18.666666666666668,False,False,49.62199885149597,50.0,67.42464970181544,49.18646529185786,51.60965802313896,47.45881512432789,74.0,-0.3780011485040333,2.730560225714862,2.7578658279720107,2.7368463673790604,1.2886243783250124,2.6457001441647328,1.286712413807831,1.2730195785466094,2.7578658279720107,1.185613961039617,1.3456241391954937,1.0358034931186466,1.185613961039617,1.3456241391954937,2.6698893610312444,2.79921892182283,0.07260456064888432,-0.08740561750699238,0.04135309385081909,-0.08797646694076633,False,False,0.04918661982703537,0.09837323965407074,0.04915995419963927,0.09831990839927854
1125,18.75,False,False,49.61914601019856,50.0,67.42653024032975,49.183609099409345,51.60809446686995,47.45429897987107,74.0,-0.38085398980143736,2.7282412191377596,2.755523631329137,2.7345541414270373,1.2891473034688834,2.644414478166168,1.2872522210437607,1.2738774575950629,2.755523631329137,1.1863907042071793,1.3465495451614096,1.0362380379342995,1.1863907042071793,1.3465495451614096,2.6675630594247957,2.796979951039304,0.07267208756634669,-0.08748675338788359,0.041456319710166945,-0.08796057190434148,False,False,0.04915995419963927,0.09831990839927854,0.04913349517141241,0.09826699034282482
1130,18.833333333333332,False,False,49.61634617966868,50.0,67.42843447125648,49.18080598294664,51.60657799582271,47.44984280912344,74.0,-0.38365382033131823,2.7259319910101767,2.7531913109202786,2.73227150523205,1.2896656519171972,2.643136302722998,1.287787264650564,1.2747301477143083,2.7531913109202786,1.1871626894346279,1.3474694374873053,1.0366687480472592,1.1871626894346279,1.3474694374873053,2.6652466695302572,2.794750258516869,0.07273928977299704,-0.08756745827968038,0.04155894759659029,-0.08794464139002134,False,False,0.04913349517141241,0.09826699034282482,0.04910724113081774,0.09821448226163548
1135,18.916666666666668,False,False,49.61359907828268,50.0,67.43036248971808,49.178055660622704,51.60510837589273,47.44544624080237,74.0,-0.38640092171731766,2.7236325456055623,2.750868871061618,2.729998464023563,1.2901794753333262,2.641865481390287,1.2883175974750993,1.2755776539014732,2.750868871061618,1.187929919658843,1.3483838249828828,1.0370956659657622,1.187929919658843,1.3483838249828828,2.6629401938845216,2.792529852620464,0.07280617108140963,-0.08764773424263006,0.04166098155884601,-0.0879286771770964,False,False,0.04910724113081774,0.09821448226163548,0.049081190400604005,0.09816238080120801
1140,19.0,False,False,49.610904395721285,50.0,67.43231435211847,49.175357821715195,51.603685343591515,47.44110887901926,74.0,-0.38909560427871526,2.721342887371351,2.7485563162450646,2.727735023252493,1.2906888250251156,2.640601883523098,1.2888432720292264,1.2764199825683136,2.7485563162450646,1.188692399188242,1.349292717749986,1.0375188339784018,1.188692399188242,1.349292717749986,2.6606436351646385,2.790318741800687,0.07287273518167248,-0.08772758338007147,0.041762425555622595,-0.08791268108042605,False,False,0.049081190400604005,0.09816238080120801,0.04905534124431287,0.09811068248862574
1145,19.083333333333332,False,False,49.60826179497724,50.0,67.43429007864388,49.17271212884282,51.60230860777146,47.436830304832725,74.0,-0.3917382050227616,2.719063020823634,2.7462536510318705,2.7254811884826626,1.2911937519379997,2.6393453839770826,1.2893643404836426,1.2772571414677258,2.7462536510318705,1.1894501336553758,1.3501961271366594,1.0379382940955566,1.1894501336553758,1.3501961271366594,2.658356996086417,2.788116934492883,0.07293898566893353,-0.08780700781235007,0.041863283461012646,-0.08789665494545362,False,False,0.04905534124431287,0.09811068248862574,0.049029691872435,0.09805938374487
1150,19.166666666666668,False,False,49.60567091428132,50.0,67.43628965565708,49.17011821861701,51.60097784963254,47.432610076237026,74.0,-0.39432908571868097,2.7167929504490886,2.7439608799535797,2.72323696528965,1.2916943066481479,2.638095862822553,1.289880854661566,1.2780891396937477,2.7439608799535797,1.190203130046394,1.3510940657680321,1.0383540880054625,1.190203130046394,1.3510940657680321,2.656080279310059,2.7859244390233036,0.07300492607428444,-0.08788600964735371,0.04196355906972382,-0.08788060064352088,False,False,0.049029691872435,0.09805938374487,0.0490042404482439,0.0980084808964878
1155,19.25,False,False,49.60313136894839,50.0,67.43831303798706,49.16757570679487,51.59969273141379,47.428447736051965,74.0,-0.3968686310516105,2.7145326806138628,2.7416780074200013,2.721002359166681,1.2921905393556903,2.636853205071615,1.2903928660322865,1.278915987461096,2.7416780074200013,1.1909513963287885,1.3519865471754684,1.0387662571620695,1.1909513963287885,1.3519865471754684,2.6538134873526067,2.7837412635220407,0.07307055971437237,-0.08796459113230748,0.042063256102039315,-0.08786452006739465,False,False,0.0490042404482439,0.0980084808964878,0.04897898509331944,0.09795797018663888
1160,19.333333333333332,False,False,49.60064275314475,50.0,67.44036015111742,49.16508418656532,51.59845288797467,47.42434280424348,74.0,-0.39935724685525287,2.712282215479113,2.739405037633904,2.7187773754373237,1.2926824998780444,2.635617300417906,1.2909004257046726,1.2797376962153977,2.739405037633904,1.1916949418642693,1.3528735862108023,1.0391748426971845,1.1916949418642693,1.3528735862108023,2.651556622506836,2.7815674158424257,0.07313588999540466,-0.0880427543511284,0.042162378208521645,-0.08784841512706798,False,False,0.04897898509331944,0.09795797018663888,0.048953923892736374,0.09790784778547275
1165,19.416666666666668,False,False,49.59820464157915,50.0,67.44243089327563,49.162643231720146,51.59725793751476,47.420294787656836,74.0,-0.40179535842084846,2.7100415589229043,2.7371419745121335,2.716562019174631,1.2931702376433838,2.63438804298853,1.291403584420646,1.2805542785045874,2.7371419745121335,1.1924337769391569,1.3537551985780842,1.0395798854644,1.1924337769391569,1.3537551985780842,2.6493096867663564,2.7794029034866186,0.07320092007349688,-0.0881205015654305,0.04226092897448508,-0.08783228774577712,False,False,0.048953923892736374,0.09790784778547275,0.04892905489999684,0.09785810979999368
1170,19.5,False,False,49.595816591118755,50.0,67.44452513742633,49.16025239902479,51.59610747875159,47.416303177427835,74.0,-0.40418340888124504,2.7078107144681933,2.7348888216128753,2.7143562951264872,1.2936538016842718,2.6331653311077385,1.2919023925486897,1.2813657478870482,2.7348888216128753,1.1931679129159671,1.3546314009864693,1.0399814259951654,1.1931679129159671,1.3546314009864693,2.6470726817566215,2.777247733537103,0.07326565309942112,-0.08819783497108102,0.042358911924227804,-0.0878161398562538,False,False,0.04892905489999684,0.09785810979999368,0.04890437614164391,0.09780875228328782
1175,19.583333333333332,False,False,49.593478142332074,50.0,67.44664273317099,49.15791122789997,51.59500109219266,47.41236745011851,74.0,-0.4065218576679257,2.7055896852166073,2.7326455820687734,2.7121602076468623,1.2941332406314856,2.6319490670719614,1.292396900077417,1.2821721189683557,2.7326455820687734,1.1938973621948932,1.3555022111129993,1.040379504557359,1.1938973621948932,1.3555022111129993,2.6448456086715764,2.7751019125938208,0.07333009214464359,-0.08827475677346253,0.04245633052504738,-0.08779997339719703,False,False,0.04890437614164391,0.09780875228328782,0.0488798856216196,0.0977597712432392
1180,19.666666666666668,False,False,49.591188820960795,50.0,67.44878350855714,49.15561924347402,51.59393834448315,47.408487071650335,74.0,-0.40881117903920483,2.7033784737877586,2.7304122585256363,2.709973760632699,1.2946086027080532,2.6307391569357526,1.2928871566092404,1.282973407272675,2.7304122585256363,1.194622138031889,1.356367647421939,1.0407741610674293,1.194622138031889,1.356367647421939,2.642628468215688,2.7729654467166744,0.07339424014926399,-0.08835126924078596,0.04255318819103815,-0.0877837903099481,False,False,0.0488798856216196,0.0977597712432392,0.04885558132535488,0.09771116265070975
1185,19.75,False,False,49.58894813932245,50.0,67.45094727179936,49.15337595732785,51.59291878690421,47.404661495915015,74.0,-0.41105186067755284,2.701177082263823,2.728188853086461,2.707796957466181,1.295079935723522,2.6295355103082727,1.2933732113541587,1.283769629224389,2.728188853086461,1.1953422546245154,1.357227729251869,1.041165435134326,1.1953422546245154,1.357227729251869,2.640421260551073,2.770838341373137,0.0734581000274801,-0.0884273745998736,0.04264948828667592,-0.0877675925353878,False,False,0.04885558132535488,0.09771116265070975,0.0488314612236162,0.0976629224472324
1190,19.833333333333332,False,False,49.58675559764563,50.0,67.45313381291544,49.15118086896344,51.591941958818424,47.40089016788586,74.0,-0.41324440235437265,2.698985512139135,2.7259753672605265,2.7056298009621047,1.2955472870684757,2.6283380401598797,1.2938551131237137,1.284560802092983,2.7259753672605265,1.1960577269683637,1.3580824766733146,1.0415533660594976,1.1960577269683637,1.3580824766733146,2.6382239852495224,2.768720601390735,0.07352167458033154,-0.08850307512461941,0.04274523413020859,-0.08775138201100408,False,False,0.0488314612236162,0.0976629224472324,0.04880752327609517,0.09761504655219035
1195,19.916666666666668,False,False,49.58461068534002,50.0,67.45534290527999,49.14903346761819,51.591007388547155,47.39717252439182,74.0,-0.41538931465998274,2.6968037642745433,2.7237718019172887,2.7034722933201287,1.2960107037093131,2.627146662638463,1.2943329103251136,1.2853469439195577,2.7237718019172887,1.1967685708302984,1.358931910463184,1.041937992807607,1.1967685708302984,1.358931910463184,2.63603664124911,2.7666122309141308,0.07358496654362634,-0.08857837308925931,0.04284042899684204,-0.08773516066817866,False,False,0.04880752327609517,0.09761504655219035,0.04878376543478509,0.09756753086957018
1200,20.0,False,False,49.582512882202906,50.0,67.4575743070983,49.14693323140177,51.59011459136979,47.393507992273705,74.0,-0.41748711779709424,2.694631838856296,2.7215781572448594,2.70132443608162,1.296470232183303,2.6259612968951322,1.2948066509555687,1.2861280735719447,2.7215781572448594,1.1974748028530275,1.3597760522104962,1.0423193540211741,1.1974748028530275,1.3597760522104962,2.6338592268152383,2.7645132333666265,0.07364797863855155,-0.08865327071891715,0.04293507612176706,-0.08771893042962109,False,False,0.04878376543478509,0.09756753086957018,0.04876018564712175,0.0975203712942435
1205,20.083333333333332,False,False,49.58046165956414,50.0,67.45982776280347,49.144879631697876,51.58926307823497,47.389895996283464,74.0,-0.4195383404358566,2.6924697353592113,2.7193944327128032,2.699186230090932,1.296925918593923,2.6247818649188854,1.2952763825968456,1.286904210542616,2.7193944327128032,1.1981764401644523,1.3606149239268812,1.0426974879912905,1.1981764401644523,1.3606149239268812,2.6316917395057873,2.762423611415762,0.07371071338426516,-0.0887277703781637,0.04302917870295886,-0.08770269320701596,False,False,0.04876018564712175,0.0975203712942435,0.0487367818589101,0.0974735637178202
1210,20.166666666666668,False,False,49.57845648137203,50.0,67.46210300437902,49.142872131488744,51.58845234739925,47.38633595145415,74.0,-0.42154351862797057,2.690317452513915,2.717220627039054,2.6970576754607745,1.2973778086064907,2.6236082913798975,1.2957421524100483,1.287675375040544,2.717220627039054,1.1988735007729479,1.3614485484429684,1.043072432686904,1.1988735007729479,1.3614485484429684,2.6295341761402584,2.7603433669429247,0.07377317340242429,-0.08880187426759623,0.0431227399038705,-0.08768645089879579,False,False,0.0487367818589101,0.0974735637178202,0.04871355201708264,0.09742710403416528
1215,20.25,False,False,49.57649680522108,50.0,67.46439975261009,49.14091018743466,51.58768189327625,47.38282727112377,74.0,-0.42350319477891674,2.6881749882779307,2.71505673816071,2.6949387715415916,1.297825947444096,2.6224405034810663,1.2962040071306722,1.2884415878993423,2.71505673816071,1.199566003167832,1.3622769490099647,1.043444225740177,1.199566003167832,1.3622769490099647,2.627386532772596,2.7582725010165996,0.07383536111062239,-0.08887558473151036,0.04321576285588957,-0.08767020538811421,False,False,0.04871355201708264,0.09742710403416528,0.04869049407220403,0.09738098814440806
1220,20.333333333333332,False,False,49.57458208332464,50.0,67.46671771826563,49.13899325117237,51.58695120300272,47.37936936378705,74.0,-0.42541791667535733,2.6860423398103994,2.7129027632085037,2.692829516894598,1.2982703798838358,2.6212784308174872,1.2966619930639038,1.2892028705221492,2.7129027632085037,1.2002539664851588,1.3631001494665098,1.0438129044172002,1.2002539664851588,1.3631001494665098,2.6252488046675677,2.7562110138692124,0.0738972789443606,-0.0889489040369904,0.04330825066070876,-0.08765395854093594,False,False,0.04869049407220403,0.09738098814440806,0.048667605980852034,0.09733521196170407
1225,20.416666666666668,False,False,49.57271176343353,50.0,67.46905660321396,49.137120769834375,51.58625975951786,47.37596163587051,74.0,-0.4272882365664685,2.6839195034502388,2.7107586984847414,2.69072990926839,1.298711150253359,2.6201220052435024,1.2971161560802038,1.2899592448632575,2.7107586984847414,1.2009374103720327,1.363918174104054,1.044178505647278,1.2009374103720327,1.363918174104054,2.6231209862804388,2.754158904877226,0.0739589292407965,-0.0890218344912248,0.04340020639248454,-0.08763771220430261,False,False,0.048667605980852034,0.09733521196170407,0.048644885707782574,0.09728977141556515
1230,20.5,False,False,49.570885289703085,50.0,67.47141610147479,49.13529218692457,51.58560704109328,47.37260349127983,74.0,-0.42911471029691484,2.681806474697538,2.7086245394445134,2.6886399455788323,1.2991483024277184,2.618971160747012,1.29756654161117,1.29071073339137,2.7086245394445134,1.2016163550136665,1.3647310476949406,1.0445410659936443,1.2016163550136665,1.3647310476949406,2.6210030712397914,2.7521161725444085,0.07402031430357048,-0.08909437837770362,0.04349163309989512,-0.08762146820472205,False,False,0.048644885707782574,0.09728977141556515,0.04862233122795068,0.09724466245590135
1235,20.583333333333332,False,False,49.56910210351014,50.0,67.47379590020962,49.13350694241814,51.58499252181692,47.36929433181445,74.0,-0.43089789648986,2.6797032481980008,2.7065002806799807,2.6865596218921,1.2995818798265355,2.6178258333307154,1.2980131946456916,1.2914573590895997,2.7065002806799807,1.202290821115518,1.3655387954755596,1.0449006216827457,1.202290821115518,1.3655387954755596,2.618895052333286,2.7500828144880156,0.07408143638595988,-0.08916653797408158,0.043582533808034896,-0.08760522834669482,False,False,0.04862233122795068,0.09724466245590135,0.04859994052835604,0.09719988105671208
1240,20.666666666666668,False,False,49.56736164422203,50.0,67.47619568065346,49.13176447548426,51.58441567589226,47.3660335610518,74.0,-0.43263835577796783,2.677609817730259,2.7043859159075616,2.684488933410651,1.3000119254114744,2.6166859608999866,1.2984561597263964,1.2921991453268675,2.7043859159075616,1.2029608297083032,1.366341442952347,1.045257208574958,1.2029608297083032,1.366341442952347,2.616796921496191,2.748058827427752,0.07414229762547953,-0.08923831561856432,0.04367291152019037,-0.0875889944113708,False,False,0.04859994052835604,0.09719988105671208,0.04857771160974889,0.09715542321949779
1245,20.75,False,False,49.565663349919326,50.0,67.47861511898974,49.13006422341563,51.583875973109855,47.3628205802036,74.0,-0.4343366500806738,2.6755261761958753,2.702281437957834,2.6824278744619714,1.3004384816840235,2.6155514831570854,1.2988954809463973,1.2929361159130166,2.702281437957834,1.2036264023598362,1.3671390161146033,1.0456108621645854,1.2036264023598362,1.3671390161146033,2.6147086698025075,2.7460442071773175,0.07420290020158671,-0.0893097135531804,0.0437627692194833,-0.08757276815532666,False,False,0.04857771160974889,0.09715542321949779,0.04855564248818605,0.0971112849763721
1250,20.833333333333332,False,False,49.56400665807417,50.0,67.48105388717123,49.12840562280594,51.58337288373471,47.35965479253492,74.0,-0.4359933419258297,2.6734523156118715,2.70018683876799,2.6803764384899127,1.3008615906835865,2.6144223415014025,1.2993312019463354,1.2936682950436988,2.70018683876799,1.2042875609512502,1.3679315412116597,1.0459616175652173,1.2042875609512502,1.3679315412116597,2.612630287458535,2.7440389486383925,0.07426324616796087,-0.08938073409244862,0.043852109870402334,-0.08755655130945517,False,False,0.04855564248818605,0.0971112849763721,0.048533731196456986,0.09706746239291397
1255,20.916666666666668,False,False,49.56239100618583,50.0,67.48351165368908,49.12678811071068,51.58290587736634,47.356535602301946,74.0,-0.4376089938141732,2.671388227105625,2.698102109376681,2.6783346180484635,1.3012812939858744,2.6132984789354676,1.2997633659117305,1.2943957072452577,2.698102109376681,1.2049443277308352,1.3687190448076538,1.0463095095536574,1.2049443277308352,1.3687190448076538,2.61056176379871,2.742043045796889,0.07432333756239617,-0.0894513795144225,0.04394093642020813,-0.08754034557797086,False,False,0.048533731196456986,0.09706746239291397,0.04851197578536768,0.09702395157073536
1260,21.0,False,False,49.560815832375475,50.0,67.48598808429216,49.12521112428421,51.58247442306933,47.35346241484555,74.0,-0.43918416762452495,2.6693339009119663,2.696027239921086,2.6763024047977995,1.3016976327015957,2.612179839976451,1.3001920155706248,1.2951183773931008,2.696027239921086,1.2055967253085407,1.3695015537769455,1.0466545725406378,1.2055967253085407,1.3695015537769455,2.608503087283573,2.740056491721334,0.07438317638384473,-0.08952165208456009,0.04402925180024786,-0.08752415263751301,False,False,0.04851197578536768,0.09702395157073536,0.04849037432492478,0.09698074864984955
1265,21.083333333333332,False,False,49.559280575941436,50.0,67.48848284265887,49.12367410191172,51.58207799121559,47.350434638241154,74.0,-0.4407194240585639,2.6672893263723476,2.693962219636071,2.6742797895024535,1.3021106474754442,2.611066370572888,1.3006171931915358,1.2958363306565843,2.693962219636071,1.206244776570721,1.370279095219759,1.0469968405122472,1.206244776570721,1.370279095219759,2.6064542454997173,2.738079278563216,0.07444276456317467,-0.08959155408586339,0.0441170589271449,-0.0875079741363538,False,False,0.04849037432492478,0.09698074864984955,0.04846892490537094,0.09693784981074188
1270,21.166666666666668,False,False,49.55778467787711,50.0,67.49099559102373,49.12217648432716,51.58171605421269,47.34745168393563,74.0,-0.44221532212289105,2.665254491935922,2.691907036855281,2.672266762031467,1.3025203784853732,2.609958018026388,1.3010389405816989,1.2965495924438983,2.691907036855281,1.206888504645719,1.3710516964286454,1.0473363471617176,1.206888504645719,1.3710516964286454,2.604415225161583,2.7361113975591955,0.0745021039847471,-0.08966108779817938,0.044204360703914425,-0.08749181169369802,False,False,0.04846892490537094,0.09693784981074188,0.04844762563814939,0.09689525127629878
1275,21.25,False,False,49.556327581352804,50.0,67.49352599076073,49.120717713457786,51.58138808410741,47.34451296454366,74.0,-0.4436724186471963,2.6632293851624103,2.6898616790140344,2.6702633113603893,1.3029268654421529,2.60885473091806,1.3014572990856035,1.297258188457181,2.6898616790140344,1.2075279330134192,1.3718193849989007,1.0476731257576375,1.2075279330134192,1.3718193849989007,2.6023860121149656,2.734152839035001,0.07456119654171967,-0.08973025544376179,0.04429116002096656,-0.08747566689906883,False,False,0.04844762563814939,0.09689525127629878,0.04842647465673967,0.09685294931347933
1280,21.333333333333332,False,False,49.554908732163035,50.0,67.49607370292514,49.11929723502628,51.581093558517914,47.34161789921625,74.0,-0.44509126783696473,2.661213992726626,2.687826132653892,2.6682694255749833,1.303330147589207,2.607756459039443,1.30187230958383,1.297962144563917,2.687826132653892,1.2081630852291194,1.3725821885532736,1.0480072092171668,1.2081630852291194,1.3725821885532736,2.600366591342108,2.732203592410924,0.07462004398935673,-0.08979905933479748,0.04437745975703189,-0.08745954131178424,False,False,0.04842647465673967,0.09685294931347933,0.048405470117394794,0.09681094023478959
1285,21.416666666666668,False,False,49.55352757914108,50.0,67.49863838875629,49.11791449662022,51.58083195361432,47.33876590723438,74.0,-0.4464724208589175,2.6592083004245253,2.6858003834287705,2.666285091876516,1.3037302637027168,2.6066631533277094,1.302284012492163,1.2986614868887956,2.6858003834287705,1.2087939852459322,1.373340135065206,1.0483386300621078,1.2087939852459322,1.373340135065206,2.5983569469682686,2.730263646208775,0.07467864817641034,-0.08986750164286339,0.04446326278000434,-0.0874434364605019,False,False,0.048405470117394794,0.09681094023478959,0.04838461019980282,0.09676922039960564
1290,21.5,False,False,49.5521835745422,50.0,67.50121971014279,49.1165689502734,51.58060275296133,47.33595641602377,74.0,-0.44781642545780187,2.6572122931806725,2.6837844161124793,2.6643102965885217,1.3041272520919882,2.605574765804905,1.3026924477609914,1.2993562416851092,2.6837844161124793,1.2094206570030197,1.374093252447868,1.0486674204481916,1.2094206570030197,1.374093252447868,2.5963570622696235,2.728332988060179,0.07473701076275874,-0.08993558468208951,0.04454857194769968,-0.08742735384285583,False,False,0.04838461019980282,0.09676922039960564,0.048363893107656215,0.09672778621531243
1295,21.583333333333332,False,False,49.55087617439674,50.0,67.50381733005219,49.115260050894065,51.580405439249546,47.3331888536134,74.0,-0.4491238256032588,2.655225955057005,2.6817782146075753,2.6623450251649015,1.3045211506000753,2.60449124952104,1.303097654874979,1.3000464354082397,2.6817782146075753,1.210043124805058,1.3748415689344262,1.04899361217972,1.210043124805058,1.3748415689344262,2.5943669196824306,2.7264116047161195,0.0747951335261865,-0.09000331060318167,0.04463339010854428,-0.08741129492514466,False,False,0.048363893107656215,0.09672778621531243,0.048343317069128665,0.09668663413825733
1300,21.666666666666668,False,False,49.549604838834966,50.0,67.50643091292667,49.11398725807518,51.58023950263338,47.33046265619156,74.0,-0.45039516116503364,2.653249269262795,2.679781761955423,2.660389262199275,1.3049119966046512,2.6034125585008145,1.30349967285301,1.3007320946237997,2.679781761955423,1.210661412932909,1.37558511268949,1.0493172366509953,1.210661412932909,1.37558511268949,2.592386500813324,2.724499482057618,0.07485301806569034,-0.09007068169089072,0.0447177201021951,-0.08739526114209895,False,False,0.048343317069128665,0.09668663413825733,0.04832288033729545,0.0966457606745909
1305,21.75,False,False,49.54836903238451,50.0,67.50906012504691,49.112750035637156,51.58010443466336,47.32777726256616,74.0,-0.45163096761549326,2.6512822181656954,2.6777950403473523,2.658442991435471,1.3052998270191154,2.60233864769379,1.3038985402483958,1.3014132460260044,2.6777950403473523,1.2112755459206157,1.376323912086875,1.0496383249048904,1.2112755459206157,1.376323912086875,2.5904157864506465,2.722596605107438,0.07491066606087071,-0.09013770010538869,0.0448015647600859,-0.08737925389670576,False,False,0.04832288033729545,0.0966457606745909,0.0483025811904623,0.0966051623809246
1310,21.833333333333332,False,False,49.54716822424222,50.0,67.5117046348652,49.11154785229347,51.57999973329112,47.325132118690924,74.0,-0.45283177575777955,2.6493247833037916,2.6758180311368296,2.656506195779042,1.3056846782939349,2.601269472927819,1.3042942951493324,1.3020899164009279,2.6758180311368296,1.211885548319576,1.3770579954745212,1.0499569075889212,1.211885548319576,1.3770579954745212,2.5884547565767346,2.720702958042756,0.07496807907359337,-0.0902043680813518,0.04488492690592638,-0.08736327456009496,False,False,0.0483025811904623,0.0966051623809246,0.04828241793244835,0.0965648358648967
1315,21.916666666666668,False,False,49.546001888521374,50.0,67.51436411330974,49.11038018155712,51.57992489953856,47.32252667461447,74.0,-0.4539981114786258,2.647376945398544,2.6738507148525295,2.6545788573097453,1.3060665864182095,2.6002049908655485,1.3046869751796137,1.3027621326265035,2.6738507148525295,1.2124914448483322,1.3777873913250216,1.0502730150138178,1.2124914448483322,1.3777873913250216,2.586503390381053,2.7188185242086513,0.07502525869851806,-0.09027068777817138,0.04496780935612188,-0.08734732447147664,False,False,0.04828241793244835,0.0965648358648967,0.04826238889278768,0.09652477778557536
1320,22.0,False,False,49.54486950447568,50.0,67.5170382340619,49.10924650164187,51.57987943946927,47.319960386249456,74.0,-0.4551304955243225,2.6454386843685564,2.671893071212242,2.6526609572948523,1.3064455869214462,2.5991451589638412,1.3050766174995818,1.3034299216725231,2.671893071212242,1.213093260296615,1.3785121281403832,1.0505866770803096,1.213093260296615,1.3785121281403832,2.584561666274115,2.716943286132407,0.07508220646786001,-0.09033666137590823,0.04505021492016503,-0.0873314049381273,False,False,0.04826238889278768,0.09652477778557536,0.048242492426889196,0.09648498485377839
1325,22.083333333333332,False,False,49.54377055670114,50.0,67.51972667380726,49.10814629686286,51.579862865310815,47.31743271636987,74.0,-0.4562294432988594,2.643509979344074,2.669945079137515,2.650752476203261,1.3068217148755443,2.5980899354359352,1.3054632588073092,1.3040933105271506,2.669945079137515,1.2136910194684287,1.37923223439582,1.0508979233376976,1.2136910194684287,1.37923223439582,2.582629561902077,2.715077225538459,0.0751389238686695,-0.09040229105872188,0.045132146400943984,-0.08731551723543785,False,False,0.048242492426889196,0.09648498485377839,0.04822272691612828,0.09644545383225656
1330,22.166666666666668,False,False,49.54270453531706,50.0,67.52242911246245,49.10707905677548,51.579874693302486,47.31494313263262,74.0,-0.457295464682943,2.641590808682134,2.6680067167689554,2.648853393720268,1.3071950048969743,2.597039279216194,1.305846935340009,1.3047523262336653,2.6680067167689554,1.214284747276634,1.379947738635025,1.0512067829545686,1.214284747276634,1.379947738635025,2.5807070541619703,2.7132203233639935,0.07519541240135963,-0.09046757895703128,0.04521360659503815,-0.08729966260698507,False,False,0.04822272691612828,0.09644545383225656,0.04820309076789619,0.09640618153579238
1335,22.25,False,False,49.54167093612734,50.0,67.52514523337905,49.106044276063,51.5799144448926,47.3124911086437,74.0,-0.4583290638726609,2.6396811499823043,2.6660779614821273,2.646963688762982,1.3075654911491472,2.595993149927292,1.3062276828756614,1.305406995890462,2.6660779614821273,1.2148744686821946,1.3806586694100977,1.0515132847187942,1.2148744686821946,1.3806586694100977,2.578794119217468,2.711372559775067,0.0752516735196358,-0.09053252720826732,0.0452945982929398,-0.08728384226465913,False,False,0.04820309076789619,0.09640618153579238,0.0481835824156099,0.0963671648312198
1340,22.333333333333332,False,False,49.54066926076287,50.0,67.52787472352551,49.10504145630035,51.57998164896605,47.31007612596083,74.0,-0.4593307392371315,2.6377809801029284,2.664158789903958,2.6450833394962676,1.3079332073449637,2.594951507849696,1.3066055367348475,1.3060573465591916,2.664158789903958,1.2154602085854547,1.3813650551734862,1.051817457066818,1.2154602085854547,1.3813650551734862,2.57689073251513,2.709533914183207,0.07530770861429459,-0.09059713797373692,0.04537512427924906,-0.08726805738882781,False,False,0.0481835824156099,0.0963671648312198,0.048164200318652525,0.09632840063730505
1345,22.416666666666668,False,False,49.53969901680661,50.0,67.53061727364889,49.10407010433071,51.58007583770157,47.307697670307206,74.0,-0.46030098319339174,2.6358902751778186,2.662249177929597,2.6432123233491684,1.3082981867495325,2.5939143138933054,1.3069805317827832,1.3067034053382485,2.662249177929597,1.2160419920125463,1.3820669244650445,1.0521193280836543,1.2160419920125463,1.3820669244650445,2.5749968688010627,2.707704365262424,0.07536351912679606,-0.09066141332570221,0.04545518733282705,-0.08725230912853421,False,False,0.048164200318652525,0.09632840063730505,0.04814494296231707,0.09628988592463414
1350,22.5,False,False,49.538759717901605,50.0,67.53337257841724,49.10312973289557,51.580196550289166,47.305355234928705,74.0,-0.4612402820983945,2.6340090106333354,2.6603491007396687,2.641350617031743,1.3086604621830542,2.592881529571114,1.3073527024315499,1.3073451993260279,2.6603491007396687,1.216619843937352,1.382764305734638,1.0524189254589602,1.216619843937352,1.382764305734638,2.573112502137949,2.7058838909665823,0.07541910640861005,-0.09072535538867599,0.045534790226913646,-0.08723659860171962,False,False,0.04814494296231707,0.09628988592463414,0.04812580885766003,0.09625161771532006
1355,22.583333333333332,False,False,49.53785088384368,50.0,67.53614033654405,49.10221986163783,51.58034333226815,47.30304831997146,74.0,-0.4621491161563185,2.632137161205788,2.658458532817846,2.6394981965522657,1.3090200660238567,2.591853116974782,1.3077220826425,1.3079827555658086,2.658458532817846,1.2171937893063351,1.3834572273675951,1.0527162765309641,1.2171937893063351,1.3834572273675951,2.5712376059223487,2.704072468547052,0.07547447180178657,-0.09078896625947341,0.04561393572920602,-0.0872209268954971,False,False,0.04812580885766003,0.09625161771532006,0.04810679654137148,0.09621359308274297
1360,22.666666666666668,False,False,49.53697204065926,50.0,67.53892025089566,49.101340015472225,51.5805157332148,47.30077643036024,74.0,-0.46302795934074226,2.630274700959113,2.6565774479687043,2.6376550372347003,1.3093770302115804,2.5908290387519863,1.3080887059288464,1.3086161011192416,2.6565774479687043,1.2177638531398556,1.3841457177866439,1.053011408271823,1.2177638531398556,1.3841457177866439,2.5693721529022815,2.7022700745706243,0.07552961666740221,-0.09085224797938607,0.04569262660191997,-0.08720529506642283,False,False,0.04810679654137148,0.09621359308274297,0.04808790457558563,0.09617580915117126
1365,22.75,False,False,49.53612272066919,50.0,67.5417120285829,49.100489726712,51.58071331181726,47.298539080389794,74.0,-0.46387727933080924,2.6284216033027654,2.6547058193357933,2.635821113736453,1.3097313862504962,2.5898092580854377,1.308452605358415,1.3092452629561193,2.6547058193357933,1.218330060290801,1.3848298052111396,1.0533043473169073,1.218330060290801,1.3848298052111396,2.567516115194964,2.700476684937593,0.07558454225502031,-0.09091520266531838,0.04577086560179966,-0.08718970414082916,False,False,0.04808790457558563,0.09617580915117126,0.048069131547661494,0.09613826309532299
1370,22.833333333333332,False,False,49.535302462539896,50.0,67.54451538103775,49.09966853343666,51.580935629902974,47.29633578827794,74.0,-0.4646975374601041,2.6265778410097886,2.6528436194198863,2.6339964000662786,1.3100831652129594,2.588793738673472,1.3088138135565528,1.309870268027862,2.6528436194198863,1.2188924357155626,1.3855095179286356,1.053595119906231,1.2188924357155626,1.3855095179286356,2.5656694643047437,2.698692274900018,0.07563924990077364,-0.09097783231229939,0.04584865548013184,-0.0871741551151426,False,False,0.048069131547661494,0.09613826309532299,0.04805047606996379,0.09610095213992759
1375,22.916666666666668,False,False,49.53451081132197,50.0,67.54733002407642,49.09887597973808,51.58118225667305,47.294166079993694,74.0,-0.4654891886780277,2.6247433862350076,2.6509908200973578,2.632180869602381,1.3104323977429793,2.587782444712094,1.3091723627091911,1.3104911432491462,2.6509908200973578,1.2194510042715296,1.3861848840929547,1.0538837519869504,1.2194510042715296,1.3861848840929547,2.5638321711411054,2.696916819080063,0.07569374084380853,-0.09104013897761654,0.04592599898270544,-0.08715864895625236,False,False,0.04805047606996379,0.09610095213992759,0.04803193677958377,0.09606387355916754
1380,23.0,False,False,49.533747318477616,50.0,67.55015567794925,49.09811161671616,51.58145276769784,47.29202948832537,74.0,-0.4662526815223842,2.622918210533307,2.6491473926386404,2.6303744951105843,1.3107791140599063,2.5867753408783853,1.3095282845660523,1.3111079154427898,2.6491473926386404,1.2200057907575486,1.3868559317652167,1.0541702690815782,1.2200057907575486,1.3868559317652167,2.5620042060367516,2.6951502914884116,0.07574801632242689,-0.09110212468524126,0.04600289884977116,-0.0871431866018888,False,False,0.04803193677958377,0.09606387355916754,0.048013512338068776,0.09602702467613755
1385,23.083333333333332,False,False,49.533011541897366,50.0,67.5529920673787,49.09737500197194,51.581746744715325,47.289925552678746,74.0,-0.4669884581026338,2.6211022848779564,2.647313307726736,2.6285772487625816,1.3111233439622256,2.5857723923151887,1.3098816104439828,1.3117206113581232,2.647313307726736,1.220556819917127,1.3875226889175982,1.0544546964051278,1.220556819917127,1.3875226889175982,2.56018553876573,2.693392665542701,0.07580207755947499,-0.09116379144099618,0.04607935781596506,-0.08712776896100616,False,False,0.048013512338068776,0.09602702467613755,0.047995201431121105,0.09599040286224221
1390,23.166666666666668,False,False,49.532303045906936,50.0,67.55583892158621,49.09666569872578,51.582063774285274,47.28785381783562,74.0,-0.4676969540930642,2.6192955796789446,2.645488535475734,2.6267891021542153,1.3114651168314473,2.5847735646169707,1.3102323712304196,1.3123292577077337,2.645488535475734,1.221104116494782,1.3881851834902297,1.0547370588358262,1.221104116494782,1.3881851834902297,2.5583761385615302,2.6916439140859665,0.075855925782496,-0.09122514121295167,0.04615537861023267,-0.08711239691420358,False,False,0.047995201431121105,0.09599040286224221,0.04797700276828138,0.09595400553656276
1395,23.25,False,False,49.53162140126481,50.0,67.5586959743086,49.095983277938096,51.5824034522377,47.285813837977315,74.0,-0.4683785987351925,2.617498064801287,2.6436730454492996,2.625010026323748,1.3118044616360902,2.5837788238167922,1.310580597386972,1.3129338810572335,2.6436730454492996,1.2216477050233672,1.388843443179054,1.055017380900472,1.2216477050233672,1.388843443179054,2.5565759741351584,2.6899040094050113,0.07590956212182043,-0.09128617603386635,0.04623096395571169,-0.08709707131414124,False,False,0.04797700276828138,0.09595400553656276,0.04795891508259719,0.09591783016519438
1400,23.333333333333332,False,False,49.5309661851511,50.0,67.56156296380492,49.095327315926475,51.582765376831254,47.28380517045111,74.0,-0.46903381484889906,2.6157097095832835,2.641866806679116,2.6232399917700846,1.3121414069357502,2.582788136374296,1.310926318953116,1.313534507935492,2.641866806679116,1.2221876101355906,1.3894974957478732,1.0552956867597914,1.2221876101355906,1.3894974957478732,2.554785013693145,2.6881729232487426,0.07596298781238109,-0.09134689779990146,0.046306116569626354,-0.08708179298597107,False,False,0.04795891508259719,0.09591783016519438,0.047940937130268445,0.09588187426053689
1405,23.416666666666668,False,False,49.53033698114867,50.0,67.56443963285442,49.09469739573658,51.58314915543814,47.28182738182604,74.0,-0.4696630188513282,2.613930482854684,2.640069787683231,2.621478968470944,1.312475980885245,2.581801469164649,1.311269565549993,1.3141311647611473,2.640069787683231,1.2227238562475264,1.3901473687123695,1.0555720002670115,1.2227238562475264,1.3901473687123695,2.553003224955436,2.6864506268463755,0.07601620395122222,-0.09140730851362089,0.046380839163144394,-0.08706656272779512,False,False,0.047940937130268445,0.09588187426053689,0.04792306769030198,0.09584613538060396
1410,23.5,False,False,49.52973337921694,50.0,67.56732572874643,49.09409310663704,51.583554399445006,47.279880043243146,74.0,-0.4702666207830575,2.612160352954745,2.6382819564842923,2.6197269259009057,1.3128082112388306,2.5808187894683567,1.3116103663842964,1.3147238778609789,2.6382819564842923,1.2232564677893305,1.3907930895713347,1.0558463449385727,1.2232564677893305,1.3907930895713347,2.5512305751731867,2.684737090925529,0.07606921171035586,-0.09146741007164838,0.04645513444123672,-0.08705138131110557,False,False,0.04792306769030198,0.09584613538060396,0.04790530556415099,0.09581061112830198
1415,23.583333333333332,False,False,49.5291549756585,50.0,67.57022100326265,49.0935140451157,51.58398072919497,47.277962734888305,74.0,-0.4708450243415001,2.610399287750152,2.6365032806276534,2.617983833049358,1.313138125354482,2.5798400649618993,1.3119487502522607,1.3153126734147917,2.6365032806276534,1.223785468969657,1.3914346855715696,1.05611874395413,1.223785468969657,1.3914346855715696,2.549467031146403,2.6830322857301856,0.07612201215677783,-0.09152720444513474,0.04652900510253222,-0.08703624948125022,False,False,0.04790530556415099,0.09581061112830198,0.047887649575312774,0.09577529915062555
1420,23.666666666666668,False,False,49.52860137307992,50.0,67.57312521265253,49.09295981287637,51.58442776747122,47.2760750400559,74.0,-0.4713986269200774,2.608647254652782,2.63473372719931,2.6162496584382944,1.3134657501982319,2.5788652637091105,1.3122847455437217,1.3158975775472754,2.63473372719931,1.2243108840724026,1.3920721840051256,1.0563892201565523,1.2243108840724026,1.3920721840051256,2.547712559241403,2.6813361810384455,0.07617460645785012,-0.0915866934748728,0.04660245383913564,-0.08702116795790671,False,False,0.047887649575312774,0.09577529915062555,0.047870098568975415,0.09574019713795083
1425,23.75,False,False,49.528072180346626,50.0,67.57603811760252,49.09243001821248,51.5848951459784,47.27421655102052,74.0,-0.4719278196533736,2.606904220637285,2.6329732628436577,2.6145243701399243,1.3137911123485613,2.577894354153249,1.312618380246256,1.316478616254517,2.6329732628436577,1.2248327371496612,1.392705611902727,1.0566577960958512,1.2248327371496612,1.392705611902727,2.545967125408112,2.6796487461801313,0.07622699564821,-0.09164587910485578,0.04667548333647353,-0.08700613743554575,False,False,0.047870098568975415,0.09574019713795083,0.04785265141161538,0.09570530282323075
1430,23.833333333333332,False,False,49.52756701253245,50.0,67.57895948319944,49.09192427588133,51.58538250101235,47.272386865087235,74.0,-0.472432987467549,2.605170152258467,2.6312218537810517,2.6128079357941214,1.3141142380008375,2.576927305109711,1.3129496819493904,1.3170558154040009,2.6312218537810517,1.2253510522170505,1.3933349962295694,1.0569244939706095,1.2253510522170505,1.3933349962295694,2.5442306951971356,2.6779699500541567,0.0762791808255685,-0.09170476318695031,0.046748096273105055,-0.08699115858391604,False,False,0.04785265141161538,0.09570530282323075,0.04783530699060418,0.09567061398120837
1435,23.916666666666668,False,False,49.52708549086451,50.0,67.58188907888862,49.09144220697973,51.5858894760211,47.27058558690252,74.0,-0.47291450913549227,2.6034450156684614,2.629479465825146,2.611100322625646,1.3144351529717915,2.5759640857593182,1.3132786778488728,1.317629200734609,2.629479465825146,1.225865853128889,1.3939603637609501,1.0571893356719102,1.225865853128889,1.3939603637609501,2.542503233776627,2.6762997611456876,0.07633116302634102,-0.09176334760572002,0.04682029532054166,-0.08697623204851901,False,False,0.04783530699060418,0.09567061398120837,0.047818064213815105,0.09563612842763021
1440,24.0,False,False,49.52662724266377,50.0,67.58482667842759,49.090983437697325,51.58641571788069,47.268812325055976,74.0,-0.47337275733622874,2.6017287766336623,2.627746064399999,2.6094014974611572,1.3147538827040286,2.57500466564215,1.313605394750995,1.3181987979117367,2.627746064399999,1.2263771637455896,1.394581741250118,1.0574523427686928,1.2263771637455896,1.394581741250118,2.5407847059489037,2.674638147543054,0.07638294333838136,-0.09182163416614708,0.04689208314305526,-0.0869613584510951,False,False,0.047818064213815105,0.09563612842763021,0.04780092200923066,0.09560184401846132
1445,24.083333333333332,False,False,49.52619190128142,50.0,67.58777205983526,49.09054760144414,51.586960882869036,47.26706669749173,74.0,-0.4738080987185782,2.600021400551422,2.6260216145569366,2.607711426745979,1.3150704522705727,2.57404901465186,1.3139298590769757,1.31876463241706,2.6260216145569366,1.2268850076502804,1.3951991551453247,1.0577135365516825,1.2268850076502804,1.3951991551453247,2.539075076166835,2.6729850769544288,0.07643452272826456,-0.09187962476677969,0.04696346239749216,-0.08694653839010158,False,False,0.04780092200923066,0.09560184401846132,0.04778387932452328,0.09556775864904656
1450,24.166666666666668,False,False,49.52577910603204,50.0,67.59072500533748,49.09013433723213,51.587524630139455,47.26534832556536,74.0,-0.47422089396795997,2.598322852466484,2.624306080991149,2.606030076560632,1.3153848863794328,2.573097103030433,1.3142520968673759,1.3193267296220257,2.624306080991149,1.2273894084466528,1.395812631888115,1.0579729379748188,1.2273894084466528,1.395812631888115,2.5373743085499436,2.671340516724214,0.07648590226608931,-0.0919373211753729,0.04703443573306476,-0.08693177244120553,False,False,0.04778387932452328,0.09556775864904656,0.047766935126678595,0.09553387025335719
1455,24.25,False,False,49.52538850212329,50.0,67.59368530130912,49.08974328955778,51.58810662569206,47.26365683763712,74.0,-0.4746114978767082,2.59663309708715,2.6225994280580216,2.6043574126370785,1.3156972093781882,2.5721489013633603,1.3145721337865617,1.3198851147878485,2.6225994280580216,1.2278903895688253,1.3964221977236047,1.0582305676991837,1.2278903895688253,1.3964221977236047,2.535682366900271,2.669704433849191,0.07653708293575612,-0.09199472521902319,0.047105005791169496,-0.08691706115775055,False,False,0.047766935126678595,0.09553387025335719,0.047750088401574915,0.09550017680314983
1460,24.333333333333332,False,False,49.52501974058293,50.0,67.59665273821336,49.08937410903581,51.58870654092269,47.261991867739496,74.0,-0.4749802594170731,2.5949520988011714,2.620901619789183,2.602693400374731,1.3160074452585921,2.571204380575173,1.3148899951271997,1.32043981302877,2.620901619789183,1.2283879743434098,1.3970278787629709,1.0584864460783592,1.2283879743434098,1.3970278787629709,2.533999214717925,2.668076794994353,0.07658806573420085,-0.09205183868536015,0.04717517520517012,-0.08690240507125813,False,False,0.047750088401574915,0.09550017680314983,0.04773333815359174,0.09546667630718347
1465,24.416666666666668,False,False,49.52467247818327,50.0,67.59962711053821,49.08902645228511,51.58932405336548,47.260353056237925,74.0,-0.4753275218167303,2.5932798216913477,2.6192126199082613,2.601038004856139,1.3163156176611825,2.570263511925307,1.315205705814778,1.3209908493120566,2.6192126199082613,1.2288821859496457,1.397629700943989,1.058740593187713,1.2288821859496457,1.397629700943989,2.53232481521637,2.6664575665084733,0.07663885163193251,-0.09210866336241086,0.04724494660021206,-0.08688780469189128,False,False,0.04773333815359174,0.09546667630718347,0.0477166834052113,0.0954333668104226
1470,24.5,False,False,49.5243463773636,50.0,67.60260821673081,49.08869998106795,51.589958844777165,47.25874004807757,74.0,-0.47565362263640054,2.5916162295508403,2.617532391846349,2.5993911908624217,1.316621749879902,2.569326267004273,1.3155192904121484,1.321538248494744,2.617532391846349,1.2293730475032947,1.3982276901153268,1.0589930287804692,1.2293730475032947,1.3982276901153268,2.5306591313374085,2.6648467144393635,0.07668944162058278,-0.09216520099144931,0.0473143225930146,-0.0868732605089404,False,False,0.0477166834052113,0.0954333668104226,0.04770012319662795,0.0954002463932559
1475,24.583333333333332,False,False,49.524041106150335,50.0,67.60559585912985,49.0883943629291,51.59061060344625,47.257152494867,74.0,-0.47595889384966483,2.589961285898177,2.6158608987571585,2.597752922888386,1.3169258648667184,2.5683926177300935,1.3158307731240981,1.322082035286894,2.6158608987571585,1.2298605819440844,1.398821871924384,1.0592437723609238,1.2298605819440844,1.398821871924384,2.529002125765867,2.663244204548829,0.07673983663748984,-0.09222145334280962,0.047383305791670605,-0.08685877299129174,False,False,0.04770012319662795,0.0954002463932559,0.04768365658533701,0.09536731317067403
1480,24.666666666666668,False,False,49.52375633807594,50.0,67.60858984389633,49.08810927146228,51.59127902318065,47.25559005394588,74.0,-0.47624366192405887,2.5883149539919565,2.614198103531876,2.5961231651573478,1.317227985236245,2.5674625363449777,1.3161401778019222,1.3226222342332221,2.614198103531876,1.2303448120777523,1.399412271859715,1.0594928431258723,1.2303448120777523,1.399412271859715,2.527353760943973,2.66165000232733,0.07679003762649295,-0.09227742215546986,0.047451898795454195,-0.08684434258790308,False,False,0.04768365658533701,0.09536731317067403,0.04766728264576621,0.09533456529153242
1485,24.75,False,False,49.523491752096334,50.0,67.61158998094294,49.087844385081205,51.59196380188869,47.254052387083654,74.0,-0.4765082479036664,2.586677196845242,2.6125439688136947,2.5945018816356518,1.3175281332703541,2.5665359954122122,1.3164475279480115,1.3231588697682128,2.6125439688136947,1.2308257606371449,1.3999989153125143,1.059740259993896,1.2308257606371449,1.3999989153125143,2.52571399908543,2.660064073008312,0.07684004554430146,-0.09233310913106796,0.047520104194617385,-0.08682996972826462,False,False,0.04766728264576621,0.09533456529153242,0.04765100046888278,0.09530200093776556
1490,24.833333333333332,False,False,49.523247032507044,50.0,67.61459608386235,49.08759938766478,51.59266464358126,47.252539162285295,74.0,-0.47675296749295626,2.5850479772396397,2.6108984570120364,2.592889036046871,1.3178263309227845,2.56561296781324,1.3167528467204501,1.3236919661793762,2.6108984570120364,1.2313034501842097,1.4005818274789668,1.0599860416053617,1.2313034501842097,1.4005818274789668,2.5240828021891697,2.6584863815822333,0.07688986129959052,-0.09238851599516651,0.04758792457019689,-0.08681565482286668,False,False,0.04765100046888278,0.09530200093776556,0.04763480916180516,0.09526961832361032
1495,24.916666666666668,False,False,49.523021868858635,50.0,67.61760796985482,49.087373968455424,51.593381256933505,47.25105005247293,74.0,-0.4769781311413652,2.5834272577390656,2.609261530316456,2.5912845918857013,1.3181225998237327,2.5646934267449057,1.3170561569376085,1.3242215476072488,2.609261530316456,1.231777903172175,1.4011610334228033,1.0602302063370643,1.231777903172175,1.4011610334228033,2.52246013205281,2.656916892810283,0.07693948581555454,-0.0924436444350738,0.047655362493826736,-0.08680139826364597,False,False,0.04763480916180516,0.09526961832361032,0.04761870784743624,0.09523741569487248
1500,25.0,False,False,49.522815955871266,50.0,67.62062545965492,49.0871678219596,51.59411335604247,47.24958473616194,74.0,-0.47718404412873383,2.5818150007031893,2.607633150710221,2.5896885124315467,1.318416961284434,2.563777345716847,1.3173574810827382,1.3247476380453918,2.607633150710221,1.2322491419056503,1.4017365580357461,1.0604727722729421,1.2322491419056503,1.4017365580357461,2.5208459502857727,2.655355571237763,0.0769889199903544,-0.09249849613974148,0.04772242052754194,-0.08678720042444832,False,False,0.04761870784743624,0.09523741569487248,0.047602695664082394,0.09520539132816479
1505,25.083333333333332,False,False,49.522628993349024,50.0,67.62364837745804,49.08698064710232,51.59486065852637,47.24814289572341,74.0,-0.4773710066509764,2.5802111683005657,2.6060132799835714,2.588100760761768,1.318709436301721,2.562864698549011,1.317656841308555,1.325270261377136,2.6060132799835714,1.2327171886245736,1.4023084261218153,1.0607137572480043,1.2327171886245736,1.4023084261218153,2.519240218322107,2.6538023812071665,0.07703816474467917,-0.09255307275256253,0.04778910122359514,-0.08677306166146437,False,False,0.047602695664082394,0.09520539132816479,0.04758677176510406,0.09517354353020813
1510,25.166666666666668,False,False,49.5224606860935,50.0,67.62667655084667,49.086812148628596,51.59562288910896,47.24672422062737,74.0,-0.4775393139064974,2.5786157225214406,2.604401879746655,2.5865212997646365,1.3190000455625641,2.5619554593692784,1.3179542594418228,1.325789441302095,2.604401879746655,1.233182065332873,1.4028766622263227,1.060953178848331,1.233182065332873,1.4028766622263227,2.517642897432977,2.652257286870931,0.0770872209242277,-0.09260737596922208,0.04785540712427627,-0.08675898231367762,False,False,0.04758677176510406,0.09517354353020813,0.04757093531852944,0.09514187063705888
1515,25.25,False,False,49.52231074381775,50.0,67.6297098107166,49.086662036261856,51.596399775924155,47.245328404075934,74.0,-0.4776892561822521,2.5770286251902434,2.6027989114421457,2.584950092151954,1.3192888094485866,2.561049602611177,1.3182497569879141,1.3263052013729066,2.6027989114421457,1.233643793966185,1.4034412908039395,1.0611910543817886,1.233643793966185,1.4034412908039395,2.5160539487388593,2.650720252203879,0.0771360894310329,-0.09266140740672157,0.047921340761733155,-0.08674496270328635,False,False,0.04757093531852944,0.09514187063705888,0.04755518550673094,0.09511037101346188
1520,25.333333333333332,False,False,49.52217888105974,50.0,67.63274799120327,49.08653002386535,51.597191051463525,47.243955143853135,74.0,-0.4778211189402626,2.5754498379777595,2.601204336357537,2.583387100471369,1.3195757480405537,2.5601471030116794,1.318543355135364,1.3268175650319791,2.601204336357537,1.2341023963435098,1.4040023361706682,1.0614274008780284,1.2341023963435098,1.4040023361706682,2.514473333221395,2.6491912410153287,0.07718477113868905,-0.0927151686884693,0.04798690465779165,-0.0867310031361419,False,False,0.04755518550673094,0.09511037101346188,0.04753952152604941,0.09507904305209881
1525,25.416666666666668,False,False,49.52206481709639,50.0,67.63579092960846,49.08641583047539,51.597996453724384,47.24260414335625,74.0,-0.47793518290360737,2.5738793224129846,2.5996181156371145,2.581832287118362,1.3198608811228356,2.559247935609051,1.3188350747603974,1.327326555556374,2.5996181156371145,1.2345578941095834,1.4045598224465494,1.0616622351763454,1.2345578941095834,1.4045598224465494,2.5129010117349546,2.64767021696091,0.0772332668901754,-0.09276866144679063,0.04805210132379534,-0.08671710390215992,False,False,0.04753952152604941,0.09507904305209881,0.047523942586474965,0.09504788517294993
1530,25.5,False,False,49.52196827585757,50.0,67.63883846632726,49.08631917984082,51.598815724708814,47.241275110222645,74.0,-0.4780317241424328,2.572317039894665,2.5980402102936115,2.5802856143479325,1.3201442281878368,2.558352075740762,1.3191249364314428,1.3278321960761788,2.5980402102936115,1.235010308800755,1.4051137736218493,1.0618955738231761,1.235010308800755,1.4051137736218493,2.511336945017873,2.64615714355404,0.07728157754567055,-0.09282188727542384,0.04811693326042832,-0.08670326527573868,False,False,0.047523942586474965,0.09504788517294993,0.04750844791129347,0.09501689582258693
1535,25.583333333333332,False,False,49.521888985840704,50.0,67.64189044477585,49.086239799590786,51.59964860998358,47.239967755920084,74.0,-0.47811101415929613,2.570762951702529,2.5964705812195543,2.578747044285956,1.3204258084403937,2.557459499041423,1.319412960413616,1.3283345096112498,2.5964705812195543,1.2354596618615508,1.4056642135739412,1.0621274331306723,1.2354596618615508,1.4056642135739412,2.5097810937033955,2.6446519841771226,0.07732970396269145,-0.09287484774969901,0.04818140295756823,-0.08668948751615879,False,False,0.04750844791129347,0.09501689582258693,0.04749303673677368,0.09498607347354736
1540,25.666666666666668,False,False,49.521826680025775,50.0,67.64494671131966,49.086177423395505,51.60049486261412,47.23868179930805,74.0,-0.47817331997422485,2.569217019008203,2.594909189198285,2.577216538940259,1.3207056408021376,2.5565701814407653,1.3196991666731808,1.3288335189609826,2.594909189198285,1.235905974457517,1.4062111658804484,1.062357829176699,1.235905974457517,1.4062111658804484,2.508233418330296,2.6431547020924,0.0773776469194658,-0.09292754450346563,0.04824551289411527,-0.08667577086798905,False,False,0.04749303673677368,0.09498607347354736,0.04747770831183122,0.09495541662366244
1545,25.75,False,False,49.52178109579105,50.0,67.64800711520252,49.086131787147764,51.60135423422175,47.23741695850943,74.0,-0.4782189042089513,2.567679202885822,2.5933559949146803,2.5756940602113483,1.3209837439158236,2.555684099161624,1.3199835748819833,1.3293292468880282,2.5933559949146803,1.2363492678882049,1.4067546542325349,1.0625867777755502,1.2363492678882049,1.4067546542325349,2.5066938793532065,2.641665260452533,0.07742540734450665,-0.09297997899982335,0.04830926553785275,-0.08666211556147374,False,False,0.04747770831183122,0.09495541662366244,0.04746246189772568,0.09492492379545137
1550,25.833333333333332,False,False,49.521751974829535,50.0,67.65107150847658,49.08610263337029,51.6022264881266,47.23617296283211,74.0,-0.4782480251704655,2.5661494643223395,2.5918109589655627,2.57417956990287,1.3212601361496166,2.5548012287179445,1.320266204421845,1.3298217158978332,2.5918109589655627,1.2367895629710168,1.4072947018190425,1.0628142945658057,1.2367895629710168,1.4072947018190425,2.505162437152647,2.6401836223108592,0.07747298592120933,-0.09303215292681632,0.04837266334529655,-0.08664852181291582,False,False,0.04746246189772568,0.09492492379545137,0.04744729676775076,0.09489459353550152
1555,25.916666666666668,False,False,49.52173906306609,50.0,67.6541397459332,49.086089707028094,51.60311138391313,47.234949538748474,74.0,-0.47826093693390703,2.564627764227534,2.5902740418698094,2.572673029731753,1.3215348356013412,2.5539215469127847,1.3205470743889403,1.3303109484407287,2.5902740418698094,1.237226880756996,1.4078313320425704,1.0630403948785443,1.237226880756996,1.4078313320425704,2.503639052044754,2.6387097506313633,0.07752038360184166,-0.09308406768373279,0.0484357087615539,-0.08663498982505535,False,False,0.04744729676775076,0.09489459353550152,0.04743221220692431,0.09486442441384862
1560,26.0,False,False,49.52174211057557,50.0,67.65721168503485,49.08609275769708,51.604008690931785,47.23374642214242,74.0,-0.4782578894244267,2.5631140634437233,2.5887452040781604,2.571174401338059,1.3218078601026915,2.5530450308363193,1.3208262035981215,1.3307969668016995,2.5887452040781604,1.2376612418980686,1.4083645678870025,1.0632650938984172,1.2376612418980686,1.4083645678870025,2.5021236842907206,2.637243608298351,0.07756760108530303,-0.09313572490363087,0.04849840422019058,-0.08662151978743982,False,False,0.04743221220692431,0.09486442441384862,0.047417207511703065,0.09483441502340613
1565,26.083333333333332,False,False,49.5217608715019,50.0,67.66028718584819,49.086111539865165,51.604918180210355,47.232563350957996,74.0,-0.4782391284981031,2.561608322755182,2.5872244059827336,2.5696836462945356,1.3220792272233965,2.552171657863828,1.32110361058722,1.3312797930820124,2.5872244059827336,1.238092667020688,1.408894432291427,1.0634884065172174,1.238092667020688,1.408894432291427,2.5006162941059515,2.6357851581258314,0.07761463920941458,-0.0931871260613244,0.04856075214309774,-0.08660811187678208,False,False,0.047417207511703065,0.09483441502340613,0.04740228198969528,0.09480456397939056
1570,26.166666666666668,False,False,49.521795103978086,50.0,67.66336611097815,49.08614581136759,51.60583962697441,47.231400067478376,74.0,-0.4782048960219143,2.5601105028972784,2.585711607926251,2.5682007261158915,1.3223489542753424,2.551301405653673,1.3213793136213055,1.3317594492727038,2.585711607926251,1.2385211766050812,1.409420948029658,1.063710347465667,1.2385211766050812,1.409420948029658,2.499116841668934,2.6343343628666207,0.07766149875695416,-0.09323827266762263,0.04862275494036972,-0.08659476625731699,False,False,0.04740228198969528,0.09480456397939056,0.0473874349593763,0.0947748699187526
1575,26.25,False,False,49.521844570047435,50.0,67.66644832550342,49.086195333692466,51.606772809563395,47.23025631733342,74.0,-0.4781554299525652,2.558620564565324,2.584206770210977,2.5667256022677774,1.3226170583166506,2.5504342521452603,1.3216533306969016,1.3322359572362075,2.584206770210977,1.2389467910326017,1.4099441377578579,1.0639309312109162,1.2389467910326017,1.4099441377578579,2.497625287129829,2.6328911852211623,0.0777081805216504,-0.09328916620360572,0.048684415010185056,-0.08658148308114821,False,False,0.0473874349593763,0.0947748699187526,0.04737266574981974,0.09474533149963948
1580,26.333333333333332,False,False,49.521909035585836,50.0,67.66953369691298,49.08625987228811,51.60771751064621,47.22913185059468,74.0,-0.47809096441416443,2.5571384684231453,2.5827098531073767,2.5652582361754956,1.322883556155711,2.5495701755569704,1.321925679546167,1.3327093386879825,2.5827098531073767,1.2393695305259547,1.410464023955021,1.0641501720297584,1.2393695305259547,1.410464023955021,2.4961415906187914,2.6314555878460655,0.07775468526703855,-0.0933398081620278,0.04874573473868882,-0.08656826248858529,False,False,0.04737266574981974,0.09474533149963948,0.04735797370043321,0.09471594740086642
1585,26.416666666666668,False,False,49.521988270225044,50.0,67.67262209504416,49.086339196871954,51.60867351697408,47.228026421542694,74.0,-0.47801172977495554,2.555664175111388,2.581220816862502,2.5637985892324284,1.3231484643551679,2.548709154384071,1.3221963776410353,1.3331796151781419,2.581220816862502,1.2397894151576954,1.4109806289317357,1.0643680839939862,1.2397894151576954,1.4109806289317357,2.494665712254027,2.6300275333623935,0.07780101375359383,-0.09339020002044651,0.04880671649989132,-0.08655510460847538,False,False,0.04735797370043321,0.09471594740086642,0.04734335816068525,0.0946867163213705
1590,26.5,False,False,49.52208204727756,50.0,67.67571339202166,49.08643308024749,51.60964061754778,47.226939786995494,74.0,-0.47791795272244286,2.554197645255548,2.5797396217081032,2.56234662280821,1.3234117992358612,2.5478511673965945,1.3224654421973001,1.3336468081465682,2.5797396217081032,1.2402064649328026,1.4114939749130062,1.0645846809703927,1.2402064649328026,1.4114939749130062,2.493197612149571,2.628606984363656,0.07784716676643799,-0.0934403432137656,0.04886736265555269,-0.0865420095585323,False,False,0.04734335816068525,0.0946867163213705,0.04732881848987729,0.09465763697975459
1595,26.583333333333332,False,False,49.52219014366228,50.0,67.6788074621984,49.08654129936382,51.610618606579536,47.225871708988876,74.0,-0.47780985633772133,2.5527388394737387,2.5782662278684763,2.5609022982566136,1.3236735768807153,2.546996193637189,1.3227328901786735,1.3341109388677979,2.5782662278684763,1.2406206996476785,1.4120040838975065,1.0647999765914846,1.2406206996476785,1.4120040838975065,2.491737250422832,2.6271939034235787,0.07789314502970868,-0.09349023922011934,0.04892767555510247,-0.08652897744564436,False,False,0.04732881848987729,0.09465763697975459,0.04731435405687112,0.09462870811374224
1600,26.666666666666668,False,False,49.522312339831856,50.0,67.68190418209734,49.08666363413653,51.611607279621396,47.224821951254945,74.0,-0.4776876601681437,2.5512877183842115,2.5768005955680535,2.5594655769232055,1.3239338131385845,2.546144212418929,1.3229987383007806,1.3345720285061362,2.5768005955680535,1.2410321390680017,1.4125109778356724,1.0650139843286979,1.2410321390680017,1.4125109778356724,2.490284587201864,2.6257882531035825,0.07793894932953616,-0.09353988943813452,0.04898765753552903,-0.08651600836618956,False,False,0.04731435405687112,0.09462870811374224,0.04729996423987373,0.09459992847974746
1605,26.75,False,False,49.52244841970101,50.0,67.68500343035483,49.08679986851048,51.61260643783164,47.2237902830865,74.0,-0.4775515802989929,2.5498442426126107,2.575342685038737,2.5580364201527233,1.324192523628047,2.545295203323105,1.323263003035126,1.3350300980605425,2.575342685038737,1.241440802727014,1.4130146784282325,1.0652267174484678,1.241440802727014,1.4130146784282325,2.4888395826323984,2.6243899959600427,0.07798458036768996,-0.09358929533352844,0.049047310921305876,-0.08650310240633852,False,False,0.04729996423987373,0.09459992847974746,0.047285648426187175,0.09457129685237435
1610,26.833333333333332,False,False,49.52259817057631,50.0,67.68810508766535,49.0869497892842,51.61361588327791,47.22277647506704,74.0,-0.477401829423691,2.548408372798992,2.573892456526982,2.5566147892962205,1.324449723741151,2.544449146196962,1.3235257006129975,1.3354851684197455,2.573892456526982,1.2418467101420738,1.4135152073429915,1.0654381889975866,1.2418467101420738,1.4135152073429915,2.4874021968846365,2.6229990945512833,0.078030038923246,-0.0936384582776717,0.049106638024301486,-0.08649025964234536,False,False,0.047285648426187175,0.09457129685237435,0.04727140601199164,0.09454281202398328
1615,26.916666666666668,False,False,49.52276138308731,50.0,67.69120903672771,49.08711318717592,51.6146354237345,47.22178030341713,74.0,-0.4772386169126932,2.5469800696045968,2.572449870300643,2.55520064571796,1.324705428647108,2.543606021151409,1.323786847029335,1.3359372603071278,2.572449870300643,1.2422498805882842,1.414012585988698,1.0656484118617755,1.2422498805882842,1.414012585988698,2.4859723901598065,2.6216155114443502,0.07807532568157027,-0.09368737971884356,0.04916564114370736,-0.08647748014083634,False,False,0.04727140601199164,0.09454281202398328,0.047257236402125515,0.09451447280425103
1620,27.0,False,False,49.52293785111883,50.0,67.69431516219265,49.08728985527845,51.615664867023064,47.22080154485153,74.0,-0.47706214888116705,2.54555929371839,2.5710148866555738,2.5537939508020786,1.3249596532959416,2.5427658085586993,1.3240464580465445,1.336386394354213,2.5710148866555738,1.2426503333601633,1.4145068357769301,1.0658573987217552,1.2426503333601633,1.4145068357769301,2.4845501226964792,2.620239209221536,0.07812044142271724,-0.09373606099404963,0.0492243225659621,-0.08646476395909453,False,False,0.047257236402125515,0.09451447280425103,0.04724313900986458,0.09448627801972916
1625,27.083333333333332,False,False,49.52312737174496,50.0,67.69742335061161,49.08747959124753,51.61670402831754,47.21983998320125,74.0,-0.4768726282550375,2.54414600586337,2.5695874659220035,2.5523946659590075,1.3252124124220785,2.5419284890500577,1.3243045491982617,1.3368325909904342,2.5695874659220035,1.2430480874283414,1.4149979777790274,1.0660651621118178,1.2430480874283414,1.4149979777790274,2.4831353547766786,2.6188701504866927,0.0781653867885932,-0.09378450356209278,0.049282684564689205,-0.08645211114532492,False,False,0.04724313900986458,0.09448627801972916,0.047229113256732735,0.09445822651346547
1630,27.166666666666668,False,False,49.523329745163934,50.0,67.70053349038733,49.087682194267565,51.617752720373204,47.21889540054017,74.0,-0.4766702548360655,2.542740166802652,2.5681675684706784,2.5510027526316854,1.3254637205478985,2.541094043513289,1.3245611357930724,1.3372758705901107,2.5681675684706784,1.243443161893339,1.4154860331800756,1.0662717143173268,1.243443161893339,1.4154860331800756,2.481728046731745,2.6175082978713085,0.07821016258996494,-0.09383270869677163,0.04934072940063006,-0.08643952173893332,False,False,0.047229113256732735,0.09445822651346547,0.04721515857227785,0.0944303171445557
1635,27.25,False,False,49.523544774634615,50.0,67.70364547172538,49.08789746798913,51.61881076471581,47.21796758733161,74.0,-0.47645522536538465,2.541341737345337,2.5667551547187903,2.5496181723015265,1.3257135919872274,2.5402624530903393,1.3248162329181867,1.3377162533254705,2.5667551547187903,1.2438355754610486,1.4159710227546136,1.06647706749186,1.2438355754610486,1.4159710227546136,2.4803281589480175,2.616153614040383,0.07825476942914311,-0.09388067786442189,0.049398459321592814,-0.08642699577077284,False,False,0.04721515857227785,0.0944303171445557,0.047201274393887785,0.09440254878777557
1640,27.333333333333332,False,False,49.52377226641449,50.0,67.70675918658755,49.08812521787121,51.61987798003077,47.21705633188619,74.0,-0.4762277335855103,2.5399506783521586,2.56535018513568,2.5482408864942006,1.3259620408487796,2.5394336991748236,1.3250698554430471,1.3381537592952555,2.56535018513568,1.2442253469826112,1.4164529674067126,1.0666812336279237,1.2442253469826112,1.4164529674067126,2.478935651872271,2.6148060616980717,0.07829920811145707,-0.09392841231264426,0.04945587656239159,-0.08641453326340898,False,False,0.047201274393887785,0.09440254878777557,0.04718746016661241,0.09437492033322482
1645,27.416666666666668,False,False,49.52401202969866,50.0,67.70987452864614,49.088365253747945,51.620954193898804,47.216161431004075,74.0,-0.47598797030133966,2.5385669507409325,2.563952620248342,2.5468708567851714,1.3262090810395548,2.5386077634095274,1.3253220180229044,1.3385884083961173,2.563952620248342,1.244612494904432,1.416931887620205,1.0668842245130237,1.244612494904432,1.416931887620205,2.4775504860169826,2.613465603593152,0.0783434792240878,-0.09397591349168533,0.049512983344810024,-0.08640213423135945,False,False,0.04718746016661241,0.09437492033322482,0.04717371534295978,0.09434743068591955
1650,27.5,False,False,49.52426387656034,50.0,67.71299139324005,49.08861738642837,51.62203922958338,47.21528267798033,74.0,-0.47573612343965976,2.5371905154917958,2.5625624206467137,2.545508044805067,1.3264547262681783,2.537784627683862,1.3255727351023385,1.3390202204879642,2.5625624206467137,1.2449970378830797,1.4174078040737799,1.0670860517589518,1.2449970378830797,1.4174078040737799,2.476172621965377,2.6121322025242595,0.07838758358581566,-0.09402318260488451,0.04956978187754579,-0.08638979868133667,False,False,0.04717371534295978,0.09434743068591955,0.04716003938272689,0.09432007876545379
1655,27.583333333333332,False,False,49.52452762189273,50.0,67.71610967733181,49.08888143138452,51.623132920679524,47.21441987589003,74.0,-0.47547237810726983,2.535821333652253,2.5611795469887753,2.5441524122448183,1.3266989900481976,2.536964274131299,1.3258220209187244,1.339449215210243,2.5611795469887753,1.2453789940993134,1.417880736955218,1.067286726845714,1.2453789940993134,1.417880736955218,2.474802020376292,2.6108058213449605,0.07843152174497492,-0.09407022111092966,0.049626274356185274,-0.0863775266124831,False,False,0.04716003938272689,0.09432007876545379,0.047146431752830655,0.09429286350566131
1660,27.666666666666668,False,False,49.524803083352204,50.0,67.71922927946626,49.08915720572722,51.62423509667933,47.21357282448582,74.0,-0.4751969166477963,2.534459366342025,2.5598039600054454,2.542803920860626,1.326941885701322,2.536146685126772,1.3260698895056497,1.339875412128913,2.5598039600054454,1.2457583819302547,1.4183507066337504,1.067486261048316,1.2457583819302547,1.4183507066337504,2.473438641988849,2.6094864229685983,0.07847529450483748,-0.09411703019865825,0.04968246296315293,-0.08636531801659642,False,False,0.047146431752830655,0.09429286350566131,0.04713289192713997,0.09426578385427994
1665,27.75,False,False,49.525090081302686,50.0,67.72235009973039,49.08944452965878,51.62534559462638,47.212741330765915,74.0,-0.474909918697314,2.533104574757722,2.5584356205052994,2.5414625324787234,1.3271834263606188,2.535331843284044,1.326316354696289,1.3402988306629595,2.5584356205052994,1.246135219403294,1.418817733114165,1.0676846655246208,1.246135219403294,1.418817733114165,2.4720824476269447,2.608173970373002,0.07851890245120541,-0.09416361125966555,0.049738349867702425,-0.08635317287835464,False,False,0.04713289192713997,0.09426578385427994,0.04711941938630667,0.09423883877261334
1670,27.833333333333332,False,False,49.52538843876141,50.0,67.72547203971442,49.089743226062225,51.62646425100021,47.21192520160532,74.0,-0.4746115612385893,2.531756920177323,2.557074489379096,2.540128208999973,1.3274236249736533,2.534519731453053,1.3265614301267166,1.340719490102765,2.557074489379096,1.2465095245733564,1.4192818364142565,1.067881951256777,1.2465095245733564,1.4192818364142565,2.470733398203566,2.6068684266049624,0.0785623463114915,-0.09420996552940863,0.04979393722586645,-0.0863410911755298,False,False,0.04711941938630667,0.09423883877261334,0.04710601361761329,0.09421202723522658
1675,27.916666666666668,False,False,49.52569798134593,50.0,67.72859500247422,49.090053120464695,51.62759090683006,47.21112424838979,74.0,-0.47430201865407184,2.5304163639644845,2.5557205276041293,2.5388009124042643,1.3276624943055857,2.533710332717229,1.3268051292391831,1.3411374096101099,2.5557205276041293,1.2468813152823366,1.4197430363244492,1.0680781290365757,1.2468813152823366,1.4197430363244492,2.4693914547249314,2.605569754784586,0.07860562671433935,-0.09425609432777327,0.0498492271804567,-0.08632907287919789,False,False,0.04710601361761329,0.09421202723522658,0.047092674114819134,0.09418534822963827
1680,28.0,False,False,49.52601853722251,50.0,67.73171889249505,49.09037404062928,51.62872540375166,47.210338283432804,74.0,-0.47398146277748765,2.5290828675726815,2.5543736962484083,2.5374806047547587,1.3279000469422149,2.5329036303907846,1.3270474652853288,1.3415526082365432,2.5543736962484083,1.2472506093416582,1.4202013525905373,1.0682732095533083,1.2472506093416582,1.4202013525905373,2.4680565782944623,2.6042779181094406,0.07864874435399405,-0.094301998894885,0.04990422186103238,-0.08631711795394592,False,False,0.047092674114819134,0.09418534822963827,0.04707940037802145,0.0941588007560429
1685,28.083333333333332,False,False,49.52634993705556,50.0,67.73484361565622,49.09070581689375,51.62986758709548,47.20956712277202,74.0,-0.47365006294443646,2.527756392549174,2.553033956474666,2.5361672482019513,1.328136295292972,2.5320996080159937,1.3272884513293548,1.3419651049050116,2.553033956474666,1.247617424386404,1.4206568047679935,1.0684672033205516,1.247617424386404,1.4206568047679935,2.466728730116598,2.6029928798585558,0.07869169986298186,-0.09434768051860765,0.049958923383889964,-0.0863052263580677,False,False,0.04707940037802145,0.0941588007560429,0.04706619191349746,0.09413238382699492
1690,28.166666666666668,False,False,49.526692013958446,50.0,67.73796907919723,49.091048282510165,51.63101730449611,47.20881058490215,74.0,-0.47330798604155433,2.5264369005388194,2.551701269544208,2.534860804987577,1.3283712515938724,2.5312982493604346,1.327528100251144,1.342374918391488,2.551701269544208,1.247981777938743,1.4211094122855752,1.0686601207054538,1.247981777938743,1.4211094122855752,2.465407871500447,2.601714603396261,0.07873449389408727,-0.09439314045274494,0.05001333385205298,-0.08629339804376102,False,False,0.04706619191349746,0.09413238382699492,0.04705304823357868,0.09410609646715735
1695,28.25,False,False,49.52704460344537,50.0,67.74109519168502,49.09140127286736,51.63217440547,47.20806849038701,74.0,-0.4729553965546316,2.5251243532877257,2.550375596820603,2.533561237448354,1.3286049279104102,2.5304995384142273,1.3277664247493355,1.3427820673617135,2.550375596820603,1.2483436874261693,1.4215591944637307,1.0688519719287342,1.2483436874261693,1.4215591944637307,2.4640939638632955,2.600443052175873,0.07877712710201723,-0.09443837993554416,0.050067455355269797,-0.08628163295730751,False,False,0.04705304823357868,0.09410609646715735,0.04703996885650711,0.09407993771301422
1700,28.333333333333332,False,False,49.52740754338477,50.0,67.74422186298216,49.091764625460435,51.63333874163653,47.207340662054754,74.0,-0.4725924566152315,2.52381871264675,2.5490568997732175,2.532268508019584,1.328837336140413,2.5297034593872456,1.328003437344339,1.3431865703711992,2.5490568997732175,1.2487031701697484,1.4220061705030198,1.069042767064684,1.2487031701697484,1.4220061705030198,2.4627869687339485,2.5991781897432147,0.07881960013182066,-0.09448340020145074,0.05012128996999721,-0.08626993103926894,False,False,0.04703996885650711,0.09407993771301422,0.04702695330632509,0.09405390661265017
1705,28.416666666666668,False,False,49.52778067395326,50.0,67.74734900421637,49.09213818023347,51.634510167159675,47.20662692539377,74.0,-0.47221932604674066,2.5225199405748557,2.5477451399806044,2.5309825792385814,1.3290684880168473,2.5289099967063193,1.3282391503813211,1.3435884458468537,2.5477451399806044,1.2490602433620857,1.422450359462247,1.0692325160558085,1.2490602433620857,1.422450359462247,2.4614868477559533,2.597919979740024,0.07886191361539341,-0.09452820248476801,0.0501748397594195,-0.08625829222465109,False,False,0.04702695330632509,0.09405390661265017,0.047014001112713255,0.09402800222542651
1710,28.5,False,False,49.52816383759151,50.0,67.75047652775096,49.09252177955091,51.6356885384216,47.20592710825151,74.0,-0.47183616240849346,2.521227999142324,2.5464402791337473,2.5297034137479883,1.3292983951105732,2.528119135012423,1.3284735760331177,1.3439877120869823,2.5464402791337473,1.2494149240812402,1.422891780272538,1.0694212287128266,1.2494149240812402,1.422891780272538,2.460193562690662,2.5966683859071806,0.07890406818555573,-0.09457278800574209,0.05022810677343337,-0.08624671644308535,False,False,0.047014001112713255,0.09402800222542651,0.047001111810916596,0.09400222362183319
1715,28.583333333333332,False,False,49.5285568789605,50.0,67.75360434715645,49.09291526816967,51.636873714187246,47.20524104097911,74.0,-0.47144312103949915,2.5199428505338224,2.5451422790391605,2.5284309742989213,1.329527068833058,2.5273308591578503,1.3287067263031251,1.3443843872612888,2.5451422790391605,1.249767229281738,1.4233304517285152,1.0696089146707437,1.249767229281738,1.4233304517285152,2.458907075420163,2.595423372087827,0.0789460644672264,-0.09461715797955095,0.05028109304866657,-0.0862352036189975,False,False,0.047001111810916596,0.09400222362183319,0.04698828494158338,0.09397656988316676
1720,28.666666666666668,False,False,49.52895964489938,50.0,67.75673237718308,49.093318492094824,51.6380655535714,47.204568554582764,74.0,-0.4710403551006195,2.518664457051349,2.5438511016218626,2.527165223753995,1.3297545204390409,2.5265451542033848,1.3289386130281238,1.3447784894659889,2.5438511016218626,1.2501171758883598,1.423766392582243,1.0697955834913502,1.2501171758883598,1.423766392582243,2.4576273479501025,2.5941849022303467,0.07898790311625414,-0.09466131357762908,0.050333800608484136,-0.08622375367176005,False,False,0.04698828494158338,0.09397656988316676,0.04697552005067814,0.09395104010135628
1725,28.75,False,False,49.52937198438416,50.0,67.75986053373444,49.09373130078897,51.63926392106683,47.20390948527975,74.0,-0.4706280156158371,2.5173927811170405,2.5425667089282107,2.5259061250902244,1.3299807610291547,2.5257620054154586,1.3291692478810642,1.345170036613581,2.5425667089282107,1.2504647805598874,1.4241996213071288,1.0699812445460795,1.2504647805598874,1.4241996213071288,2.4563543424123426,2.592952940391208,0.07902958469354782,-0.09470525605369362,0.050386231462997255,-0.08621236651586806,False,False,0.04697552005067814,0.09395104010135628,0.04696281668936183,0.09392563337872366
1730,28.833333333333332,False,False,49.529793748487585,50.0,67.76298873384184,49.09415354453972,51.64046867889995,47.203263667560435,74.0,-0.47020625151241546,2.516127785275853,2.541289063128611,2.524653641401775,1.3302058015525011,2.5249813982633085,1.329398642373806,1.3455590465614478,2.541289063128611,1.2508100600453096,1.4246301564542823,1.070165907103865,1.2508100600453096,1.4246301564542823,2.455088021067533,2.591727450737697,0.0790711098928345,-0.09474898651613817,0.05043838760908592,-0.08620104206107815,False,False,0.04696281668936183,0.09392563337872366,0.04695017441388857,0.09390034882777713
1735,28.916666666666668,False,False,49.53022479033994,50.0,67.76611689564,49.094585077043035,51.641679696265854,47.20263094256002,74.0,-0.4697752096600567,2.5148694321981306,2.540018126520112,2.523407735902615,1.3304296528091815,2.524203318416128,1.3296268078598086,1.345945536983254,2.540018126520112,1.2511530307509415,1.4250580162197832,1.0703495803311398,1.2511530307509415,1.4250580162197832,2.4538283463075485,2.590508397550525,0.0791124792365292,-0.0947925062323125,0.05049027103041315,-0.08618978021256352,False,False,0.04695017441388857,0.09390034882777713,0.046937592785500915,0.09387518557100183
1740,29.0,False,False,49.53066496509083,50.0,67.76924493834318,49.095025752772884,51.64289683900682,47.20201114869279,74.0,-0.4693350349091716,2.513617684682044,2.5387538615288645,2.5221683719290366,1.330652325452785,2.5234277517402193,1.3298537555367813,1.3463295254975491,2.5387538615288645,1.2514937092219443,1.4254832189263493,1.0705322732039804,1.2514937092219443,1.4254832189263493,2.452575280657796,2.589295745226304,0.07915369342880019,-0.09483581627560489,0.050541883697439616,-0.08617858087106844,False,False,0.046937592785500915,0.09387518557100183,0.046925071370322625,0.09385014274064525
1745,29.083333333333332,False,False,49.53111412987214,50.0,67.77237278222253,49.095475428821125,51.64411997929823,47.20140413043269,74.0,-0.4688858701278633,2.5123725056559265,2.537496230712486,2.5209355129420503,1.3308738299928353,2.522654684296142,1.3300794964492795,1.3467110295759084,2.537496230712486,1.2518321116883753,1.425905782569532,1.0707139946398911,1.2518321116883753,1.425905782569532,2.4513287867794546,2.5880894582799523,0.07919475299362366,-0.09487891788753311,0.050593227567466315,-0.08616744393303133,False,False,0.046925071370322625,0.09385014274064525,0.04691260973928045,0.0938252194785609
1750,29.166666666666668,False,False,49.53157214376171,50.0,67.77550034858415,49.09593396413113,51.64534898818576,47.200809731540794,74.0,-0.46842785623829286,2.5111338581804934,2.5362451967622985,2.5197091225297035,1.3310941767971902,2.5218841023358705,1.330304041491267,1.3470900665796761,2.5362451967622985,1.252168254413167,1.4263257251658334,1.070894753395305,1.252168254413167,1.4263257251658334,2.4500888274715567,2.586889501346932,0.07923565858615733,-0.09492181216650919,0.05064430458463365,-0.08615636929074189,False,False,0.04691260973928045,0.0938252194785609,0.04690020746799021,0.09380041493598042
1755,29.25,False,False,49.53203886774803,50.0,67.77862755974797,49.09640121984929,51.64658374093752,47.20022779991516,74.0,-0.4679611322519719,2.509901705450955,2.535000722505465,2.518489164409244,1.3313133760944034,2.5211159922999444,1.3305274014086308,1.3474666537415942,2.535000722505465,1.252502153440862,1.4267430645015882,1.0710745581387984,1.252502153440862,1.4267430645015882,2.4488553656730043,2.5856958391854388,0.07927641075999392,-0.09496450030073222,0.05069511667997384,-0.0861453568324606,False,False,0.04690020746799021,0.09380041493598042,0.04688786413667393,0.09377572827334786
1760,29.333333333333332,False,False,49.53251416469606,50.0,67.78175433902757,49.096877058188255,51.647824111717256,47.199658182756,74.0,-0.4674858353039397,2.508676010799035,2.533762770907025,2.5172756024292218,1.3315314379760435,2.520350340814634,1.3307495868016421,1.347840808220917,2.533762770907025,1.2528338248458222,1.427157818381301,1.071253417377875,1.2528338248458222,1.427157818381301,2.4476283644644714,2.5845084366784543,0.07931701016038395,-0.09500698337509483,0.05074566577142914,-0.08613440644255377,False,False,0.04688786413667393,0.09377572827334786,0.046875579330085085,0.09375115866017017
1765,29.416666666666668,False,False,49.5329978993135,50.0,67.78488061071035,49.09736134352456,51.64906997883474,47.1991007313233,74.0,-0.46700210068649994,2.507456737694876,2.532531305071825,2.516068400571463,1.331748372398972,2.5195871346891123,1.3309706081273966,1.348212547048297,2.532531305071825,1.2531632844857636,1.4275700043813249,1.0714313395468253,1.2531632844857636,1.4275700043813249,2.4464077870701995,2.583327258835709,0.07935745733302779,-0.09504926256253343,0.05079595376388424,-0.08612351800162532,False,False,0.046875579330085085,0.09375115866017017,0.046863352637396306,0.09372670527479261
1770,29.5,False,False,49.53348993811827,50.0,67.78800630003906,49.09785394312456,51.650321222628065,47.19855529901239,74.0,-0.4665100618817277,2.5062438497488633,2.531306288246352,2.5148675229529545,1.3319641891875813,2.518826360912628,1.3311904757021926,1.3485818870890398,2.531306288246352,1.2534905480999314,1.427979639948162,1.0716083329335107,1.2534905480999314,1.427979639948162,2.4451935968597267,2.58215227079556,0.0793977528591221,-0.09509133898910838,0.050845982549208024,-0.08611269138662525,False,False,0.046863352637396306,0.09372670527479261,0.04685118365213876,0.09370236730427751
1775,29.583333333333332,False,False,49.53399014940685,50.0,67.79113133319349,49.09835472452071,51.651577722387174,47.198021738560264,74.0,-0.4660098505931529,2.5050373107133455,2.530087683820479,2.5136729338276433,1.3321788980359928,2.518068006651697,1.3314091997038724,1.348948845171708,2.530087683820479,1.2538156314522038,1.4283867425417025,1.071784405767221,1.2538156314522038,1.4283867425417025,2.443985757349494,2.580983437826761,0.07943789736999451,-0.09513321371950423,0.05089575400628199,-0.08610192647098502,False,False,0.04685118365213876,0.09370236730427751,0.04683907197212194,0.09367814394424388
1780,29.666666666666668,False,False,49.53449840322307,50.0,67.79425563727312,49.09886355735592,51.652839361430125,47.197499906645334,74.0,-0.4655015967769316,2.5038370844842714,2.528875455329114,2.512484597588127,1.3323925085102186,2.5173120592473,1.3316267901741319,1.3493134379962612,2.528875455329114,1.2541385500928193,1.4287913293970773,1.071959566086889,1.2541385500928193,1.4287913293970773,2.4427842322043944,2.5798207253301637,0.07947789140081607,-0.09517488790344197,0.050945270001049536,-0.08609122312471973,False,False,0.04683907197212194,0.09367814394424388,0.046827017199337524,0.09365403439867505
1785,29.75,False,False,49.535014571328105,50.0,67.79737914028041,49.09938031411108,51.65410602509926,47.196989662066514,74.0,-0.46498542867189485,2.5026431351027374,2.5276695664537647,2.511302478767279,1.332605030050279,2.5165585062120974,1.3318432570207814,1.3496756820973133,2.5276695664537647,1.2544593194513434,1.4291934176177523,1.0721338219021619,1.2544593194513434,1.4291934176177523,2.4415889852392136,2.578664098840308,0.07951773552043906,-0.09521636264596989,0.05099453238654306,-0.08608058121455109,False,False,0.046827017199337524,0.09365403439867505,0.046815018939903946,0.09363003787980789
1790,29.833333333333332,False,False,49.53553852717107,50.0,67.80050177110468,49.09990486711185,51.65537759698797,47.19649086231824,74.0,-0.4644614728289298,2.5014554267564537,2.526469981024018,2.5101265420397607,1.332816471972289,2.515807335227654,1.3320586100199632,1.350035593991106,2.526469981024018,1.2547779550124847,1.4295930243514658,1.0723071810616147,1.2547779550124847,1.4295930243514658,2.4403999804200103,2.577513524026959,0.0795574303603599,-0.09525763897862127,0.05104354300294078,-0.08607000060400782,False,False,0.046815018939903946,0.09363003787980789,0.046803076803987806,0.09360615360797561
1795,29.916666666666668,False,False,49.53607014586033,50.0,67.80362345950653,49.10043709223498,51.65665396760422,47.19600337144278,74.0,-0.46392985413967125,2.5002739237811302,2.5252766630189414,2.508956752223485,1.3330268434705028,2.5150585341416827,1.3322728588183406,1.3503931899917916,2.5252766630189414,1.2550944719100117,1.4299901663842707,1.072479651355252,1.2550944719100117,1.4299901663842707,2.439217181865403,2.5763689666965415,0.07959697639247909,-0.09529871808177992,0.05109230367760009,-0.08605948115353845,False,False,0.046803076803987806,0.09360615360797561,0.04679119040572962,0.09358238081145924
1800,30.0,False,False,49.536609304135574,50.0,67.80674413610305,49.10097686517233,51.65793502254557,47.19552704930435,74.0,-0.46339069586442605,2.4990985906617817,2.5240895765683997,2.507793074280972,1.3332361536193238,2.514312090965308,1.3324860129352392,1.3507484863951504,2.5240895765683997,1.2554088854794,1.4303848606932985,1.0726512404120059,1.2554088854794,1.4303848606932985,2.4380405538477885,2.5752303927935074,0.07963637429814807,-0.09533960091575033,0.05114081622510769,-0.08604902272061121,False,False,0.04679119040572962,0.09358238081145924,0.04677935936317758,0.09355871872635516
1805,30.083333333333332,False,False,49.53715588034069,50.0,67.80986373235342,49.1015240651376,51.65922065629465,47.1950617640948,74.0,-0.4628441196593087,2.4979293920339622,2.522908685954302,2.5066354733206477,1.333444411375278,2.5135679938703395,1.3326980817647534,1.351101499294873,2.522908685954302,1.2557212106116042,1.4307771238006481,1.0728219558168803,1.2557212106116042,1.4307771238006481,2.4368700607944884,2.5740977684016277,0.07967562450577503,-0.09538028868326887,0.051189082447325784,-0.08603862515981353,False,False,0.04677935936317758,0.09355871872635516,0.046767583298226424,0.09353516659645285
1810,30.166666666666668,False,False,49.537709754397085,50.0,67.81298218054509,49.10207857113221,51.66051075712641,47.19460737864523,74.0,-0.4622902456029152,2.4967662926849234,2.5217339556117726,2.505483914598058,1.3336516255789517,2.51282623118657,1.3329090745778198,1.3514522447662785,2.5217339556117726,1.256031462458749,1.4311669724791967,1.0729918050377365,1.256031462458749,1.4311669724791967,2.435705667288817,2.5729710597452153,0.07971472771291821,-0.09542078230752948,0.051237104133442735,-0.0860282883229555,False,False,0.046767583298226424,0.09353516659645285,0.04675586183653922,0.09351172367307845
1815,30.25,False,False,49.53827080777801,50.0,67.8160994137805,49.10264026490856,51.66180522173111,47.19416376368149,74.0,-0.4617291922219877,2.495609257554705,2.5205653501302523,2.504338363517016,1.3338578049568959,2.5120867913990965,1.333119000524243,1.3518007387193394,2.5205653501302523,1.2563396557491586,1.431554423067739,1.0731607954252922,1.2563396557491586,1.431554423067739,2.4345473380711,2.5718502331902724,0.07975368434839969,-0.09546108297018074,0.0512848830600201,-0.0860180120591525,False,False,0.04675586183653922,0.09351172367307845,0.046744194607505785,0.09348838921501157
1820,30.333333333333332,False,False,49.538838923483276,50.0,67.8192153659643,49.10320902909742,51.66310394273662,47.1937307865077,74.0,-0.4611610765167242,2.49445825173716,2.5194028342545316,2.503198785630686,1.3340629581234948,2.5113496631456593,1.3333278686346937,1.352146996990541,2.5194028342545316,1.2566458053707699,1.431939492054513,1.0733289342570516,1.2566458053707699,1.431939492054513,2.4333950380395986,2.570735255245575,0.0797924950639719,-0.09550119161977122,0.05133242099104329,-0.08600779621493304,False,False,0.046744194607505785,0.09348838921501157,0.04673258124416471,0.09346516248832942
1825,30.416666666666668,False,False,49.53941398601462,50.0,67.82232997179109,49.10378474793996,51.66440681789803,47.19330831933494,74.0,-0.46058601398537746,2.4933132404809086,2.518246372885718,2.502065146642587,1.3342670935828014,2.5106148352139983,1.3335356878226723,1.3524910353061386,2.518246372885718,1.256949925940459,1.4323221956466379,1.0734962286933751,1.256949925940459,1.4323221956466379,2.4322487322514053,2.5696260925636984,0.07983116034049931,-0.0955411093656795,0.051379719677980606,-0.08599764063431259,False,False,0.04673258124416471,0.09346516248832942,0.04672102138314921,0.09344204276629842
1830,30.5,False,False,49.539995881351786,50.0,67.82544316673345,49.104367308020024,51.665713745480005,47.19289623509164,74.0,-0.46000411864821444,2.49217418919024,2.5170959310821424,2.500937412407552,1.3344702197303397,2.5098822965392484,1.33374246688643,1.3528328692454124,2.5170959310821424,1.257252032019632,1.4327025499858117,1.0736626858506952,1.257252032019632,1.4327025499858117,2.4311083859232507,2.568522711941972,0.07986968074039935,-0.09558083722578026,0.051426780859829435,-0.08598754515889162,False,False,0.04672102138314921,0.09344204276629842,0.04670951466463188,0.09341902932926376
1835,30.583333333333332,False,False,49.54058449692917,50.0,67.82855488703066,49.10495659564958,51.667024622787615,47.19249440608853,74.0,-0.45941550307082935,2.491041063425941,2.5159514740602003,2.4998155489326113,1.334672344854875,2.509152036201337,1.3339482145108594,1.353172514369271,2.5159514740602003,1.2575521381825174,1.4330805712167107,1.0738283126843726,1.2575521381825174,1.4330805712167107,2.4299739644322647,2.5674250803233747,0.07990805684743973,-0.09562037618675356,0.05147360626317443,-0.0859775096279356,False,False,0.04670951466463188,0.09341902932926376,0.04669806073227289,0.09339612146454578
1840,30.666666666666668,False,False,49.54117972161297,50.0,67.8316650696776,49.10555250057726,51.66833935336565,47.192102710542706,74.0,-0.4588202783870301,2.4899138289060785,2.514812967195139,2.4986995223778194,1.3348734771401511,2.508424043422429,1.334152939269353,1.3535099860365336,2.514812967195139,1.2578502586786178,1.4334562751495437,1.0739931161058394,1.2578502586786178,1.4334562751495437,2.4288454333166847,2.566333164797385,0.07994628911301005,-0.09565972735791584,0.05152019760224569,-0.08596753387845446,False,False,0.04669806073227289,0.09339612146454578,0.046686659233157186,0.09337331846631437
1845,30.75,False,False,49.54178144567896,50.0,67.83477365241421,49.106154911887344,51.669657835489524,47.19172102214052,74.0,-0.45821855432104286,2.488792451506716,2.5136803760217834,2.4975892990570348,1.3350736246665982,2.5076983075643793,1.3343566496256243,1.3538452996060186,2.5136803760217834,1.2581464079710885,1.4338296777985384,1.0741571029533135,1.2581464079710885,1.4338296777985384,2.4277227582764898,2.56524693260075,0.0799843781925198,-0.09569889163493017,0.051566556578966694,-0.08595761774529365,False,False,0.046686659233157186,0.09337331846631437,0.04667530981774983,0.09335061963549966
1850,30.833333333333332,False,False,49.54238956079071,50.0,67.83788057371524,49.10676372208072,51.670979976390996,47.191349222931535,74.0,-0.4576104392092901,2.4876768972625856,2.5125536662352115,2.49648484543862,1.335272795413008,2.5069748181262255,1.3345593539355,1.3541784702344557,2.5125536662352115,1.258440600070221,1.4342007947155204,1.0743202799185838,1.258440600070221,1.4342007947155204,2.4266059051740188,2.564166351118239,0.08002232448106472,-0.09573787016423463,0.051612684883027615,-0.08594776106119273,False,False,0.04667530981774983,0.09335061963549966,0.04666401213983829,0.09332802427967658
1855,30.916666666666668,False,False,49.543003959978385,50.0,67.84098577278044,49.107378823718676,51.672305677528875,47.190987189972674,74.0,-0.45699604002161465,2.4865671323677003,2.5114328036913776,2.495386128146129,1.335470997258179,2.5062535647416992,1.334761060448679,1.3545095130418303,2.5114328036913776,1.2587328492226826,1.4345696416792553,1.074482653664154,1.2587328492226826,1.4345696416792553,2.425494840034497,2.5630913878833064,0.08006012863742495,-0.09577666381914773,0.051658584191928814,-0.08593796365688045,False,False,0.04666401213983829,0.09332802427967658,0.04665276585648468,0.09330553171296936
1860,31.0,False,False,49.543624537618214,50.0,67.84408918952504,49.1080001109015,51.67363484647357,47.190634806099226,74.0,-0.4563754623817857,2.485463123175918,2.5103177544076773,2.4942931139589017,1.3356682379825342,2.505534537176768,1.334961777310452,1.3548384430378975,2.5103177544076773,1.2590231693546208,1.4349362341386518,1.0746442307353845,1.2590231693546208,1.4349362341386518,2.4243895290465405,2.5620220105787235,0.08009779110075432,-0.09581527368327669,0.051704256171046126,-0.08592822536113687,False,False,0.04665276585648468,0.09330553171296936,0.04664157062799098,0.09328314125598196
1865,31.083333333333332,False,False,49.544251189412,50.0,67.84719076457051,49.10862747925991,51.67496738932104,47.19029195304536,74.0,-0.4557488105879983,2.4843648362014616,2.509208484563476,2.493205769812632,1.335864525269706,2.5048177253272055,1.3351615125634078,1.355165275122181,2.509208484563476,1.2593115744264933,1.4353005875676845,1.0748050176190647,1.2593115744264933,1.4353005875676845,2.423289938562611,2.560958187037173,0.08013531244550354,-0.09585370069568766,0.051749702473697035,-0.0859185460008649,False,False,0.04664157062799098,0.09328314125598196,0.04663042611782273,0.09326085223564547
1870,31.166666666666668,False,False,49.54488381236761,50.0,67.85029043923579,49.10926082594682,51.67630321551506,47.18995851581261,74.0,-0.4551161876323917,2.483272238119385,2.508104960500579,2.492124062799892,1.336059866708095,2.504103119216191,1.3353602741490889,1.3554900240839742,2.508104960500579,1.2595980782068705,1.4356627172392962,1.07496502068484,1.2595980782068705,1.4356627172392962,2.422196035099413,2.5598998852417703,0.08017269315532194,-0.0958919458771037,0.051794924741191295,-0.08590892540116579,False,False,0.04663042611782273,0.09326085223564547,0.046619331992593854,0.09323866398518771
1875,31.25,False,False,49.54552230477958,50.0,67.8533881555288,49.10990004888602,51.67764223350774,47.18963437873382,74.0,-0.4544776952204188,2.4821852957660013,2.507007148723661,2.491047960170592,1.3362542697924003,2.5033907089919345,1.3355580699096297,1.3558127046390838,2.507007148723661,1.2598826944753074,1.4360226384283576,1.0751242462730717,1.2598826944753074,1.4360226384283576,2.4211077853382585,2.5588470733265596,0.08020993378927388,-0.09593001016377634,0.051839924602898435,-0.0858993633854026,False,False,0.046619331992593854,0.09323866398518771,0.04660828792200384,0.09321657584400768
1880,31.333333333333332,False,False,49.5461665662103,50.0,67.85648385613798,49.110545047508296,51.67898435476942,47.18931942910519,74.0,-0.453833433789697,2.4811039761392633,2.505915015900656,2.4899774293324093,1.3364477419251222,2.5026804849253406,1.3357549075893629,1.3561333313930846,2.505915015900656,1.2601654368341983,1.4363803662236183,1.0752827006069765,1.2601654368341983,1.4363803662236183,2.4200251561253934,2.55779971957697,0.08024703483053375,-0.09596789455888621,0.05188470367631437,-0.08588985977526242,False,False,0.04660828792200384,0.09321657584400768,0.046597293578798715,0.09319458715759743
1885,31.416666666666668,False,False,49.54681649747159,50.0,67.85957748442445,49.11119572274419,51.68032949122307,47.189013554858256,74.0,-0.453183502528411,2.480028246399105,2.5048285288630963,2.488912437851182,1.3366402904180377,2.5019724374076926,1.3359507948363951,1.3564519188413215,2.5048285288630963,1.2604463188286126,1.4367359156476311,1.075440389836558,1.2604463188286126,1.4367359156476311,2.418948114472267,2.556757792430207,0.0802839968063096,-0.09600560001270897,0.051929263567110695,-0.08588041439082916,False,False,0.046597293578798715,0.09319458715759743,0.04658634863872985,0.0931726972774597
1890,31.5,False,False,49.547472000606696,50.0,67.86266898441417,49.11185197664561,51.68167755624202,47.18871664546175,74.0,-0.452527999393304,2.478958073867739,2.5037476546064164,2.4878529534512372,1.33683192249365,2.501266556948369,1.3361457392041534,1.3567684813872802,2.5037476546064164,1.2607253538992533,1.4370893016097974,1.075597320053248,1.2607253538992533,1.4370893016097974,2.417876627555776,2.5557212604756288,0.08032082022251719,-0.0960431274880269,0.0519736058692124,-0.08587102705064042,False,False,0.04658634863872985,0.0931726972774597,0.04657545278051264,0.09315090556102527
1895,31.583333333333332,False,False,49.54813297887276,50.0,67.86575830079063,49.11251371163596,51.6830284627501,47.188428590197056,74.0,-0.4518670211272422,2.4778934260299215,2.5026723602902208,2.4867989440157023,1.3370226452866087,2.500562834172598,1.3363397481529053,1.3570830333793311,2.5026723602902208,1.2610025554711615,1.4374405389951643,1.0757534972606209,1.2610025554711615,1.4374405389951643,2.4168106627184778,2.5546900924550795,0.08035750561583321,-0.09608047790816965,0.05201773216485872,-0.085861697571743,False,False,0.04657545278051264,0.09315090556102527,0.046564605685787824,0.09312921137157565
1900,31.666666666666668,False,False,49.54879933672337,50.0,67.86884537888736,49.1131808327341,51.684382128188595,47.18814928265783,74.0,-0.4512006632766301,2.476834270533173,2.5016026132385045,2.4857503775867786,1.3372124658451108,2.499861259819234,1.3365328290512584,1.357395589000498,2.5016026132385045,1.261277936720754,1.4377896424315402,1.0759089273890368,1.261277936720754,1.4377896424315402,2.4157501874687397,2.55366425726316,0.08039405343104211,-0.096117652279744,0.05206164402465552,-0.08585242576976482,False,False,0.046564605685787824,0.09312921137157565,0.046553807039067314,0.09310761407813463
1905,31.75,False,False,49.549470979792076,50.0,67.87193016468109,49.113853245689945,51.68573846820521,47.18787861502739,74.0,-0.45052902020792374,2.475780575187971,2.5005383809398505,2.48470722236595,1.3374013911322702,2.4991618247385685,1.3367249891776143,1.3577061623603186,2.5005383809398505,1.2615515108711983,1.4381366265849633,1.076063616280999,1.2615515108711983,1.4381366265849633,2.4146951694808947,2.552643723947514,0.08043046422464473,-0.09615465148912028,0.052105343007663674,-0.08584321145895579,False,False,0.046553807039067314,0.09310761407813463,0.04654305652772798,0.09308611305545596
1910,31.833333333333332,False,False,49.550147814875665,50.0,67.87501260478481,49.11453085623597,51.687097399413695,47.187616480577695,74.0,-0.44985218512433534,2.4747323079678996,2.4994796310475786,2.483669446714204,1.3375894280274672,2.498464519890177,1.336916235721616,1.3580147675315857,2.4994796310475786,1.2618232910628997,1.4384815060302667,1.0762175697497243,1.2618232910628997,1.4384815060302667,2.413645576595316,2.5516284617090133,0.08046673849868102,-0.09619147646868598,0.05214883066143461,-0.08583405445226244,False,False,0.04654305652772798,0.09308611305545596,0.04653235384194088,0.09306470768388175
1915,31.916666666666668,False,False,49.55082974991799,50.0,67.87809264644116,49.11521357305473,51.688458842646966,47.18736277661544,74.0,-0.4491702500820125,2.4736894370097713,2.498426331379869,2.4826370191521647,1.3377765833276716,2.497769336340789,1.337106575785564,1.358321418403375,2.498426331379869,1.2620932902008228,1.4388242950984818,1.0763707935059301,1.2620932902008228,1.4388242950984818,2.412601376818507,2.550618439901973,0.0805028766951068,-0.09622812820255211,0.052192108522103986,-0.08582495456136208,False,False,0.04653235384194088,0.09306470768388175,0.046521698674644285,0.09304339734928857
1920,32.0,False,False,49.55151669399439,50.0,67.88117023751616,49.11590130480094,51.689822715858085,47.187117398045686,74.0,-0.44848330600561326,2.472651930613719,2.497378449919856,2.48160990836024,1.337962863748741,2.497076265262193,1.3372960163857976,1.3586261288280184,2.497378449919856,1.2623615212868882,1.4391650082093188,1.0765232931871196,1.2623615212868882,1.4391650082093188,2.411562538323124,2.5496136280342974,0.08053887938130044,-0.0962646075411302,0.05223517811444145,-0.08581591159673208,False,False,0.046521698674644285,0.09304339734928857,0.04651109072152432,0.09302218144304863
1925,32.083333333333336,False,False,49.552208557296055,50.0,67.8842453264927,49.116593961583206,51.691188941147296,47.18688024373842,74.0,-0.4477914427039451,2.471619757243247,2.496335954815679,2.4805880831787106,1.3381482759266996,2.49638529792918,1.337484564454062,1.3589289125476172,2.496335954815679,1.2626279970905026,1.4395036595417745,1.076675074386867,1.2626279970905026,1.4395036595417745,2.410529029447986,2.5486139957675964,0.08057474699415734,-0.09630091545711461,0.05227804095191724,-0.08580692536769297,False,False,0.04651109072152432,0.09302218144304863,0.046500529680956186,0.09300105936191237
1930,32.166666666666664,False,False,49.55290525111499,50.0,67.88731786246468,49.117291454587914,51.692557439650564,47.18665121189381,74.0,-0.4470947488850072,2.470592885525264,2.495298814380517,2.4795715126077913,1.3383328264189909,2.4956964257175067,1.337672226838848,1.3592297832124132,2.495298814380517,1.2628927303878636,1.4398402632735139,1.0768261426108894,1.2628927303878636,1.4398402632735139,2.4095008186980578,2.5476195129172945,0.08061048006110072,-0.09633705282454952,0.05232069853677768,-0.08579799568245905,False,False,0.046500529680956186,0.09300105936191237,0.04649001525398649,0.09298003050797297
1935,32.25,False,False,49.55360668782915,50.0,67.89038779513095,49.11799369607494,51.69392813479123,47.18643020298698,74.0,-0.4463933121708479,2.4695712842500828,2.4942669970925837,2.478560165807676,1.338516521705709,2.4950096401018995,1.3378590103067032,1.35952875438079,2.4942669970925837,1.2631557338093966,1.4401748334283875,1.0769765032916894,1.2631557338093966,1.4401748334283875,2.4084778747443925,2.5466301494526853,0.08064607904759757,-0.0963730205713933,0.052363152360101584,-0.08578912234819125,False,False,0.04649001525398649,0.09298003050797297,0.04647954714429243,0.09295909428858486
1940,32.333333333333336,False,False,49.55431278088779,50.0,67.8934550747896,49.11870059937375,51.69530095020267,47.18621711788325,74.0,-0.44568721911220877,2.468554922371386,2.4932404715951,2.4775540120985386,1.338699368190809,2.4943249326540853,1.3380449215435304,1.3598258395192715,2.4932404715951,1.2634170199369255,1.4405073839736744,1.0771261618471273,1.2634170199369255,1.4405073839736744,2.40746016642406,2.545645875496973,0.0806815444544029,-0.09640881958234604,0.05240540390187309,-0.08578030517104018,False,False,0.04647954714429243,0.09295909428858486,0.04646912505814335,0.0929382501162867
1945,32.416666666666664,False,False,49.55502344479743,50.0,67.89651965233242,49.11941207925092,51.69667581167427,47.18601185959957,74.0,-0.4449765552025724,2.4675437690061788,2.4922192066962405,2.4765530209605164,1.3388813722032942,2.4936422950408597,1.3382299671558493,1.3601210519841516,2.4922192066962405,1.2636766012122975,1.4408379287287856,1.077275123563277,1.2636766012122975,1.4408379287287856,2.4064476627400477,2.544666661327291,0.08071687674463401,-0.09644445077185404,0.052447454631050494,-0.0857715439561928,False,False,0.04646912505814335,0.0929382501162867,0.04645874870438757,0.09291749740877514
1950,32.5,False,False,49.55573859510766,50.0,67.89958147923919,49.12012805079234,51.69805264402531,47.18581433046953,74.0,-0.44426140489233745,2.4665377934347026,2.4912031713690497,2.4755571620336694,1.3390625399983838,2.492961719022177,1.3384141536720466,1.360414405076608,2.4912031713690497,1.2639344900837455,1.4411664815116954,1.0774233937115696,1.2639344900837455,1.4411664815116954,2.4054403328611276,2.5436924773746745,0.0807520764350873,-0.09647991499286257,0.05248930600562485,-0.0857628385079221,False,False,0.04645874870438757,0.09291749740877514,0.04644841779439602,0.09289683558879204
1955,32.583333333333336,False,False,49.556458148397624,50.0,67.90264050757261,49.12084843051417,51.69943137497449,47.18562443564792,74.0,-0.4435418516023759,2.4655369651003336,2.490192334751337,2.4745664051179013,1.339242877758658,2.4922831964492853,1.338597487543597,1.3607059119875884,2.490192334751337,1.2641906988243754,1.4414930559575057,1.0775709774755797,1.2641906988243754,1.4414930559575057,2.4044381461217115,2.5427232942240336,0.08078714396991726,-0.09651521316321299,0.052530959472696814,-0.08575418862962536,False,False,0.04644841779439602,0.09289683558879204,0.0464381320420523,0.0928762640841046
1960,32.666666666666664,False,False,49.55718202226247,50.0,67.90569668997286,49.12157313598835,51.700811932042875,47.18544208030222,74.0,-0.4428179777375334,2.464541253609451,2.4891866661455455,2.4735807201728726,1.3394223915951857,2.491606719262879,1.338779975146267,1.360995585816181,2.4891866661455455,1.264445239677186,1.4418176656635333,1.0777178799949525,1.264445239677186,1.4418176656635333,2.403441072021676,2.5417590826140843,0.08082207984735224,-0.09655034613899516,0.05257241646853883,-0.0857455941238694,False,False,0.0464381320420523,0.0928762640841046,0.0464278911637101,0.0928557823274202
1965,32.75,False,False,49.557910135300155,50.0,67.90874997965248,49.122302085839536,51.70219424452411,47.18526717139592,74.0,-0.44208986469984524,2.4635506287312876,2.4881861350186005,2.47260007731788,1.3396010875486302,2.4909322794912936,1.3389616227812955,1.3612834395696154,2.4881861350186005,1.2646981247625948,1.4421403240969093,1.0778641063361192,1.2646981247625948,1.4421403240969093,2.4024490802261664,2.5407998134372627,0.08085688452729389,-0.0965853148070206,0.05261367841866216,-0.0857370547924341,False,False,0.0464278911637101,0.0928557823274202,0.04641769487816504,0.09283538975633009
1970,32.833333333333336,False,False,49.55864240709864,50.0,67.91180033039154,49.12303519937111,51.70357824159842,47.18509961597776,74.0,-0.4413575929013618,2.462565060397755,2.4871907110017326,2.4716244468317146,1.339778971590334,2.490259869248724,1.33914243667655,1.3615694861816336,2.4871907110017326,1.2649493661667177,1.4424610446829245,1.0780096615215826,1.2649493661667177,1.4424610446829245,2.401462140565385,2.539845457739621,0.08089155850129082,-0.09662012001491593,0.05265474673788839,-0.08572857043634752,False,False,0.04641769487816504,0.09283538975633009,0.04640754290663452,0.09281508581326904
1975,32.916666666666664,False,False,49.559378758223005,50.0,67.9148476965325,49.12377239693401,51.70496385415875,47.18493932283436,74.0,-0.440621241776995,2.461584518703249,2.4862003638902817,2.470653799152503,1.3399560496233895,2.4895894807334806,1.339322422987672,1.3618537384941192,2.4862003638902817,1.2651989758556643,1.442779840719397,1.0781545505006307,1.2651989758556643,1.442779840719397,2.4004802230343487,2.538895986720693,0.08092610222527785,-0.09665476263845485,0.05269562283041118,-0.08572014085593294,False,False,0.04640754290663452,0.09281508581326904,0.04639743497271326,0.09279486994542652
1980,33.0,False,False,49.56011911020305,50.0,67.91789203297562,49.12451360066704,51.70635101489834,47.1847862025678,74.0,-0.43988088979695306,2.4606089739044332,2.4852150636434778,2.4696881048775206,1.3401323274836838,2.4889211062262686,1.3395015877991912,1.3621362092203526,2.4852150636434778,1.2654469656713165,1.4430967253725142,1.0782987781786233,1.2654469656713165,1.4430967253725142,2.399503297792638,2.537951371733348,0.0809605161521616,-0.09668924354903607,0.0527363080898704,-0.08571176585083995,False,False,0.04639743497271326,0.09279486994542652,0.04638737080235583,0.09277474160471166
1985,33.083333333333336,False,False,49.56086338552116,50.0,67.92093329517402,49.12525873189541,51.70773965386363,47.18464016356426,74.0,-0.43913661447884067,2.4596383964200053,2.4842347803842055,2.4687273347629928,1.3403078109409332,2.4882547380885027,1.3396799371256238,1.3624169110736148,2.4842347803842055,1.2656933475397347,1.4434117118853076,1.0784423493877058,1.2656933475397347,1.4434117118853076,2.398531335164116,2.537011584283619,0.08099480081169275,-0.09672356353388012,0.052776803899413416,-0.08570344522008932,False,False,0.04638737080235583,0.09277474160471166,0.046377350123856256,0.09275470024771251
1990,33.166666666666664,False,False,49.56161150759998,50.0,67.92397143912922,49.12600771484192,51.70912970755592,47.18450112023909,74.0,-0.43838849240002276,2.4586727568304423,2.4832594843987468,2.467771459723868,1.3404825056996923,2.4875903687606558,1.3398574769125597,1.3626958565834684,2.4832594843987468,1.2659381330443482,1.4437248131509055,1.0785852689160949,1.2659381330443482,1.4437248131509055,2.3975643056366454,2.536076596030514,0.08102895656743714,-0.09675772353912016,0.052817111631767055,-0.08569517876210142,False,False,0.046377350123856256,0.09275470024771251,0.04636737266779126,0.09273474533558251
1995,33.25,False,False,49.56236340079101,50.0,67.92700642138652,49.12676047365468,51.710521108113625,47.18436898323329,74.0,-0.437636599208993,2.4577120258777283,2.4822891461365058,2.4668204508335796,1.3406564174003497,2.486927990760627,1.3400342130377114,1.3629730582427328,2.4822891461365058,1.2661813339330656,1.4440360422197125,1.0787275414934356,1.2661813339330656,1.4440360422197125,2.396602179861765,2.5351463787858086,0.08106298397697964,-0.0967917243096672,0.052857232649302865,-0.0856869662747406,False,False,0.04636737266779126,0.09273474533558251,0.04635743816704143,0.09271487633408286
2000,33.333333333333336,False,False,49.563118990362554,50.0,67.93003819903055,49.12751693277682,51.711913790831645,47.18424366622494,74.0,-0.436881009637446,2.4567561744650654,2.481323736209716,2.4658742793237867,1.3408295516201054,2.486267596682148,1.3402101513119689,1.3632485284891118,2.481323736209716,1.2664229617656604,1.4443454119468535,1.0788691718054453,1.2664229617656604,1.4443454119468535,2.3956449286543737,2.53422090451382,0.08109688345774169,-0.09682556672345144,0.05289716830410418,-0.0856788075553423,False,False,0.04635743816704143,0.09271487633408286,0.0463475463567101,0.0926950927134202
2005,33.416666666666664,False,False,49.56387820248864,50.0,67.93306672968072,49.12827701954391,51.71330769375644,47.184125085560204,74.0,-0.4361217975113618,2.4558051736565663,2.480363225393132,2.4649329165840967,1.3410019138739309,2.485609179193221,1.3403852974804138,1.3635222795765913,2.480363225393132,1.266663027932678,1.4446529350111443,1.0790101644646257,1.266663027932678,1.4446529350111443,2.394692522992378,2.5333001453311677,0.081130655434553,-0.09685925164391329,0.05293691993803584,-0.08567070240075392,False,False,0.0463475463567101,0.0926950927134202,0.04633769697414497,0.09267539394828994
2010,33.5,False,False,49.56464096423755,50.0,67.93609197148714,49.12904065972739,51.71470275042043,47.184013153669255,74.0,-0.4353590357624526,2.4548589946769304,2.4794075846237,2.4639963341617728,1.341173509615512,2.4849527310345736,1.340559657223331,1.3637943237959007,2.4794075846237,1.266901543996078,1.4449586242557984,1.0791505240688366,1.266901543996078,1.4449586242557984,2.393744934016339,2.532384073506508,0.08116430045989764,-0.09689277979982269,0.05297648888280815,-0.085662650607361,False,False,0.04633769697414497,0.09267539394828994,0.0463278897588795,0.092655779517759
2015,33.583333333333336,False,False,49.565407203560945,50.0,67.93911388312617,49.12980778198854,51.71609890199364,47.1839077900738,74.0,-0.43459279643905546,2.4539176089111083,2.4784567850002195,2.4630645037614234,1.3413443442381767,2.484298245018157,1.3407332361571953,1.3640646732540518,2.4784567850002195,1.2671385211193695,1.4452624921186168,1.0792902551134376,1.2671385211193695,1.4452624921186168,2.392802133029095,2.5314726614602647,0.08119781886456501,-0.09692615213468225,0.05301587646004524,-0.08565465197112454,False,False,0.0463278897588795,0.092655779517759,0.04631812445263008,0.09263624890526016
2020,33.666666666666664,False,False,49.566176849282854,50.0,67.9421324237962,49.13057831453621,51.71749608389777,47.183808909257884,74.0,-0.4338231507171457,2.4529809879039433,2.477510797782983,2.46213739724468,1.3415144230758052,2.483645714025665,1.340906039835643,1.3643333400396842,2.477510797782983,1.267373970695284,1.4455645512597277,1.0794293620645021,1.267373970695284,1.4455645512597277,2.391864091495371,2.5305658817643373,0.08123121122004351,-0.09695936934440019,0.05305508398135439,-0.08564670628761206,False,False,0.04631812445263008,0.09263624890526016,0.046308400799253094,0.09261680159850619
2025,33.75,False,False,49.56694983108919,50.0,67.94514755321359,49.13135218772447,51.71889423872384,47.18371643236945,74.0,-0.4330501689108104,2.452049103359806,2.4765695943934043,2.4612149866298543,1.3416837514037265,2.4829951310070815,1.3410780737504224,1.3646003360944632,2.4765695943934043,1.2676079037399623,1.4458648139558266,1.0795678493734613,1.2676079037399623,1.4458648139558266,2.3909307810413787,2.5296637071417916,0.08126447786136337,-0.09699243235450083,0.05309411274838727,-0.08563881335202561,False,False,0.046308400799253094,0.09261680159850619,0.04629871854474304,0.09259743708948608
2030,33.833333333333336,False,False,49.567726079517016,50.0,67.94815923160849,49.132129331082226,51.72029330298579,47.18363027521795,74.0,-0.4322739204829844,2.4511219271422138,2.475633146413636,2.460297244091585,1.3418523344395972,2.4823464889792595,1.3412493433323391,1.3648656733600546,2.475633146413636,1.2678403315141504,1.4461632927214323,1.0797057213892458,1.2678403315141504,1.4461632927214323,2.390002173454405,2.5287661104665506,0.0812976193613777,-0.09702534184590417,0.053132964052914566,-0.08563097295923106,False,False,0.04629871854474304,0.09259743708948608,0.046289077437182295,0.09257815487436459
2035,33.916666666666664,False,False,49.5685055259443,50.0,67.95116741972079,49.132909676653384,51.72169322120295,47.18355036103069,74.0,-0.43149447405569674,2.450199431273429,2.4747014255861632,2.459384141960478,1.3420201773442666,2.4816997810245245,1.341419853952171,1.3651293636127775,2.4747014255861632,1.2680712648627221,1.4464599996484664,1.0798429824315008,1.2680712648627221,1.4464599996484664,2.389078240682368,2.5278730647630447,0.08133063603568891,-0.09705809875005533,0.0531716391768815,-0.08562318490379539,False,False,0.046289077437182295,0.09257815487436459,0.0462794772267371,0.0925589544534742
2040,34.0,False,False,49.56928810257977,50.0,67.9541720787962,49.133693156026865,51.72309393191201,47.18347660777911,74.0,-0.4307118974202311,2.4492815879340566,2.473774403813397,2.458475652722706,1.342187285222626,2.4810550002893095,1.341589610921576,1.3653914186105793,2.473774403813397,1.2683007148707102,1.446754947062342,1.0799796367905856,1.2683007148707102,1.446754947062342,2.3881589548333957,2.526984543205886,0.08136352845176265,-0.09709070373986917,0.053210139392489086,-0.0856154489800014,False,False,0.0462794772267371,0.0925589544534742,0.046269917665630066,0.09253983533126013
2045,34.083333333333336,False,False,49.57007374245279,50.0,67.95717317058218,49.13447970256323,51.724495380341914,47.18340893965964,74.0,-0.4299262575472085,2.448368369462618,2.4728520531572444,2.4575717490196407,1.342353663124444,2.4804121399828083,1.341758619493982,1.3656518499828052,2.4728520531572444,1.268528692268819,1.4470481469275287,1.0801156886982881,1.268528692268819,1.4470481469275287,2.3872442881753555,2.526100519119487,0.0813962969447235,-0.09712315771398616,0.05324846596224253,-0.08560776498188893,False,False,0.046269917665630066,0.09253983533126013,0.0462603985081126,0.0925207970162252
2050,34.166666666666664,False,False,49.57086237940359,50.0,67.96017065732413,49.13526924990986,51.72589750783048,47.183347277504595,74.0,-0.42913762059640703,2.447459748355121,2.471934345838672,2.4566724036474215,1.3425193160451865,2.4797711933756683,1.341926884865459,1.3659106693036847,2.471934345838672,1.2687552079298214,1.4473396113440076,1.080251142313182,1.2687552079298214,1.4473396113440076,2.386334213135398,2.5252209659777054,0.08142894204032292,-0.09715546137386322,0.0532866201390334,-0.08560013270327405,False,False,0.0462603985081126,0.0925207970162252,0.04625091951044918,0.09250183902089835
2055,34.25,False,False,49.57165394807342,50.0,67.96316450176136,49.13606173274309,51.7273002598229,47.18329154602653,74.0,-0.4283460519265816,2.4465556972646114,2.4710212542372574,2.4557775895565515,1.3426842489268256,2.4791321537986986,1.3420944121755825,1.3661678880555883,2.4710212542372574,1.2689802724933834,1.4476293521721493,1.0803860018084834,1.2689802724933834,1.4476293521721493,2.385428702299481,2.5243458574034516,0.08146146411656097,-0.0971876155622049,0.05332460316619425,-0.08559255193777648,False,False,0.04625091951044918,0.09250183902089835,0.04624148043088604,0.09248296086177207
2060,34.333333333333336,False,False,49.572448383895036,50.0,67.96615466712339,49.136857086025984,51.72870357952236,47.183241668065044,74.0,-0.4275516161049637,2.445656189000722,2.470112750890729,2.4548872798514663,1.3428484666586307,2.4784950146416094,1.3422612065082755,1.3664235176657713,2.470112750890729,1.269203896663911,1.4479173813306103,1.0805202712402662,1.269203896663911,1.4479173813306103,2.3845277284118813,2.5234751671683004,0.08149386366483902,-0.09721962100186032,0.053362416277571434,-0.0855850224788477,False,False,0.04624148043088604,0.09248296086177207,0.04623208102963999,0.09246416205927999
2065,34.416666666666664,False,False,49.57324562308329,50.0,67.96914111712616,49.137655246492855,51.73010741444407,47.183197570522104,74.0,-0.4267543769167119,2.4447611965291993,2.4692088084944914,2.454001447790091,1.3430119740779476,2.477859769351774,1.3424272728926379,1.3666775694328863,2.4692088084944914,1.2694260909031159,1.4482037104889576,1.0806539546792464,1.2694260909031159,1.4482037104889576,2.3836312643746966,2.5226088691920756,0.08152614105607126,-0.09725147852977045,0.053400060697584184,-0.08557754411979479,False,False,0.04623208102963999,0.09246416205927999,0.046222721068871576,0.09244544213774315
2070,34.5,False,False,49.57404560262577,50.0,67.97212381596809,49.13845615042292,51.73151170848015,47.183159177173025,74.0,-0.4259543973742268,2.4438706929714327,2.468309399901147,2.453120066783386,1.343174775970967,2.4772264114330222,1.3425926163037634,1.3669300546372143,2.468309399901147,1.2696468658022746,1.4484883514399733,1.0807870561229265,1.2696468658022746,1.4484883514399733,2.382739283247343,2.5217469375424404,0.08155829680275906,-0.0972831888349397,0.05343753764129344,-0.0855701166538041,False,False,0.046222721068871576,0.09244544213774315,0.046213400312663605,0.09242680062532721
2075,34.583333333333336,False,False,49.574848260273626,50.0,67.9751027283265,49.139259735867114,51.73291641071753,47.18312641665223,74.0,-0.425151739726374,2.442984651603963,2.4674144981200024,2.4522431103948916,1.3433368770734744,2.476594934444451,1.3427572416635427,1.3671809844304335,2.4674144981200024,1.2698662316685851,1.4487713156860662,1.0809195795395226,1.2698662316685851,1.4487713156860662,2.3818517582460386,2.5208893464344704,0.08159033125563275,-0.09731475276184831,0.053474848314468026,-0.08556273987396379,False,False,0.046213400312663605,0.09242680062532721,0.046204118526997566,0.09240823705399513
2080,34.666666666666664,False,False,49.57565353453266,50.0,67.97807781935393,49.14006594153521,51.734321467940575,47.18309921566073,74.0,-0.42434646546733745,2.442103045857987,2.466524076316567,2.4513705523402542,1.3434982820715935,2.4759653319992605,1.3429211538414474,1.367430369890735,2.466524076316567,1.2700841988769234,1.4490526147910776,1.0810515288386797,1.2700841988769234,1.4490526147910776,2.3809686627432725,2.5200360702302134,0.08162224490034253,-0.09734617101381171,0.05351199391364636,-0.08555541357329455,False,False,0.046204118526997566,0.09240823705399513,0.04619487547974782,0.09238975095949564
2085,34.75,False,False,49.57646136465422,50.0,67.98104905467426,49.140874706054454,51.735726828157624,47.18307750215923,74.0,-0.4235386353457784,2.4412258493188537,2.465638107812042,2.450502366486743,1.3436589956025118,2.4753375977636245,1.3430843576553089,1.367678222059567,2.465638107812042,1.27030077770443,1.4493322602149172,1.0811829079153996,1.27030077770443,1.4493322602149172,2.380089970267283,2.5191870834382417,0.08165403815535033,-0.09737744435513696,0.053548975626199535,-0.08554813754475932,False,False,0.04619487547974782,0.09238975095949564,0.04618567094063479,0.09237134188126958
2090,34.833333333333336,False,False,49.577271690626525,50.0,67.98401640037923,49.141685969454194,51.73713244086182,47.18306120560281,74.0,-0.4227283093734755,2.440353035725548,2.4647565660828032,2.4496385268527625,1.3438190222551978,2.474711725455571,1.3432468578720809,1.3679245518681455,2.4647565660828032,1.2705159783183093,1.4496102633014107,1.08131372059147,1.2705159783183093,1.4496102633014107,2.3792156545015035,2.5183423607132034,0.0816857114332652,-0.09740857354983623,0.05358579463040014,-0.08554091158129973,False,False,0.04618567094063479,0.09237134188126958,0.04617650468122844,0.09235300936245688
2095,34.916666666666664,False,False,49.578084453166056,50.0,67.98697982302481,49.14249967279551,51.73853825624042,47.18305025622348,74.0,-0.4219155468339437,2.4394845789701667,2.4638794247598685,2.4487790076073535,1.343978366571103,2.474087708843891,1.343408659208582,1.3681693701558288,2.4638794247598685,1.2707298108129654,1.4498866353154867,1.081443970659393,1.2707298108129654,1.4498866353154867,2.378345689284022,2.517501876855352,0.08171726515965783,-0.09743955934286341,0.05362245209548355,-0.08553373547584675,False,False,0.04617650468122844,0.09235300936245688,0.04616737647492292,0.09233475294984585
2100,35.0,False,False,49.57889959370899,50.0,67.98993928962754,49.14331575668819,51.739944223175115,47.18304458321776,74.0,-0.42110040629101064,2.438620453097389,2.463006657628363,2.4479237830696867,1.3441370330448537,2.473465541747073,1.3435697663322352,1.368412687743603,2.463006657628363,1.270942285303882,1.4501613875371,1.0815736618970277,1.270942285303882,1.4501613875371,2.377480048607014,2.516665606810072,0.08174869979349708,-0.09747040243972083,0.053658949181709215,-0.08552660902134912,False,False,0.04616737647492292,0.09233475294984585,0.04615828609691245,0.0923165721938249
2105,35.083333333333336,False,False,49.57971705440266,50.0,67.99289476766093,49.14413416425937,51.74135029553036,47.18304412044067,74.0,-0.4202829455973429,2.437760632303938,2.4621382386269772,2.447072827708543,1.3442950261249322,2.4728452180322624,1.3437301838617943,1.3686545152871077,2.4621382386269772,1.2711534116326002,1.4504345309662607,1.0817027980090188,1.2711534116326002,1.4504345309662607,2.376618706616193,2.5158335256674067,0.08178001567915305,-0.09750110365450748,0.053695287040429474,-0.08551953201078444,False,False,0.04615828609691245,0.0923165721938249,0.046149233324167496,0.09229846664833499
2110,35.166666666666664,False,False,49.58053677809736,50.0,67.99584622505199,49.144954837444814,51.74275642188414,47.18304879710375,74.0,-0.41946322190263885,2.4369050909380334,2.4612741418474138,2.4462261161417995,1.3444523502143444,2.472226731614234,1.34388991636805,1.3688948634603548,2.4612741418474138,1.271363199848648,1.4507060768050075,1.0818313826707253,1.271363199848648,1.4507060768050075,2.3757616376102195,2.515005608661562,0.08181121334465269,-0.09753166361170673,0.0537314668141482,-0.08551250423719425,False,False,0.046149233324167496,0.09229846664833499,0.04614021793542919,0.09228043587085838
2115,35.25,False,False,49.58135870833818,50.0,67.99879363017767,49.14577771995777,51.74416255708646,47.183058548242094,74.0,-0.41864129166182096,2.4360538034988357,2.460414341533824,2.445383623135891,1.3446090096712764,2.471610076454393,1.3440489683745314,1.3691337428087536,2.460414341533824,1.2715716596672217,1.4509760359151356,1.0819594195428637,1.2715716596672217,1.4509760359151356,2.374908816040137,2.514181831170406,0.08184229310638202,-0.09756208314153181,0.053767489636582066,-0.08550552549368717,False,False,0.04614021793542919,0.09228043587085838,0.04613123971118411,0.09226247942236822
2120,35.333333333333336,False,False,49.58218278935679,50.0,68.00173695186132,49.14660275580624,51.745568652390546,47.183073305775125,74.0,-0.4178172106432072,2.4352067446358894,2.4595588120822485,2.444545323605271,1.3447650088097414,2.4709952465597964,1.3442073443581946,1.3693711638225978,2.4595588120822485,1.271778800932345,1.451244419281401,1.0820869122129353,1.271778800932345,1.451244419281401,2.3740602165087794,2.51336216871498,0.08187325545880308,-0.09759236289025286,0.053803356632731614,-0.08549859557346906,False,False,0.04613123971118411,0.09226247942236822,0.04612229843364019,0.09224459686728038
2125,35.416666666666664,False,False,49.58300896606361,50.0,68.00467615936924,49.14742989040698,51.746974663623945,47.183093005905754,74.0,-0.4169910339363909,2.4343638891485533,2.458707528040039,2.4437111926118797,1.3449203519002153,2.4703822359821963,1.3443650487500935,1.3696071368819502,2.458707528040039,1.2719846332334854,1.4515112376281811,1.0822138642391566,1.2719846332334854,1.4515112376281811,2.373215813770181,2.5125465969589698,0.08190410074623089,-0.09762250364846481,0.05383906891893098,-0.08549171426985769,False,False,0.04612229843364019,0.09224459686728038,0.04611339388671966,0.09222678777343932
2130,35.5,False,False,49.583837184039794,50.0,68.00761122240716,49.148259068732266,51.748380542852544,47.183117581569526,74.0,-0.416162815960206,2.4335252119854287,2.457860464105283,2.4428812053645754,1.3450750431702625,2.4697710388171,1.3445220859360523,1.3698416723485025,2.457860464105283,1.2721891662968279,1.4517765018107935,1.0823402791797434,1.2721891662968279,1.4517765018107935,2.3723755827289836,2.5117350917082066,0.08193482946229103,-0.09765250605167464,0.05387462760292383,-0.08548488137629917,False,False,0.04611339388671966,0.09222678777343932,0.04610452585602944,0.09220905171205888
2135,35.583333333333336,False,False,49.58466738952961,50.0,68.01054211111688,49.149090237536655,51.74978624745424,47.18314697065094,74.0,-0.4153326104703865,2.432690688243777,2.457017595126215,2.442055337218595,1.345229086805148,2.4691616492028574,1.3446784602573103,1.370074780455343,2.457017595126215,1.2723924095595143,1.4520402223897775,1.0824661605050552,1.2723924095595143,1.4520402223897775,2.3715394984398244,2.5109276289101246,0.08196544193443445,-0.09768237089582876,0.05391003378390957,-0.08547809668639061,False,False,0.04610452585602944,0.09220905171205888,0.04609569412885572,0.09219138825771143
2140,35.666666666666664,False,False,49.58549952943255,50.0,68.01346879607269,49.149923342762285,51.751191729955366,47.18318110677801,74.0,-0.41450047056744665,2.4318602931689366,2.456178896100626,2.4412335636749747,1.3453824869484443,2.4685540613197627,1.3448341760111742,1.3703064714355606,2.456178896100626,1.2725943726467128,1.452302410108007,1.0825915116854503,1.2725943726467128,1.452302410108007,2.3707075361067345,2.5101241846532467,0.08199593867244648,-0.09771209878884779,0.053945288552620596,-0.08547135999389166,False,False,0.04609569412885572,0.09219138825771143,0.04608689849412655,0.0921737969882531
2145,35.75,False,False,49.58633355129611,50.0,68.01639124827818,49.15075833287826,51.75259695014791,47.18321993029431,74.0,-0.4136664487038928,2.431034002153732,2.4553443421752696,2.4404158603799906,1.345535247702623,2.467948269389175,1.3449892374516361,1.3705367553568977,2.4553443421752696,1.2727950648030035,1.4525630753221175,1.0827163361473595,1.2727950648030035,1.4525630753221175,2.3698796710825265,2.509324735166638,0.08202631996521981,-0.09774169055389414,0.053980392991368475,-0.08546467109274314,False,False,0.04608689849412655,0.0921737969882531,0.04607813874242942,0.09215627748485884
2150,35.833333333333336,False,False,49.58716940330783,50.0,68.01930943916253,49.151595155173524,51.75400186110803,47.18326337559652,74.0,-0.41283059669216726,2.430211790737875,2.4545139086452537,2.4396022031245823,1.3456873731296413,2.467344267672667,1.3451436487900106,1.3707656423054686,2.4545139086452537,1.272994495548665,1.452822228658838,1.0828406372732844,1.272994495548665,1.452822228658838,2.3690558788681644,2.50852925681937,0.08205658635336932,-0.09777114675680365,0.05401534817411635,-0.08545802977708927,False,False,0.04607813874242942,0.09215627748485884,0.04606941466594355,0.0921388293318871
2155,35.916666666666664,False,False,49.588007034288424,50.0,68.0222233405775,49.15243375909632,51.75540642374614,47.183311384309306,74.0,-0.4119929657115762,2.4293936346073655,2.453687570953439,2.438792567843767,1.3458388672515151,2.4667420504711792,1.3452974141955327,1.3709931422204136,2.453687570953439,1.2731926739968522,1.4530798803322036,1.0829644184310838,1.2731926739968522,1.4530798803322036,2.36823613511216,2.5077377261199736,0.08208673811179001,-0.09780046822356137,0.05405015516653444,-0.08545143584127901,False,False,0.04606941466594355,0.0921388293318871,0.04606072605847864,0.09212145211695728
2160,36.0,False,False,49.58884639368413,50.0,68.02513292479375,49.15327409328904,51.75681059252824,47.1833638923542,74.0,-0.41115360631587095,2.428579509593885,2.4528653046898237,2.437986930616067,1.3459897340508857,2.466141612124207,1.345450537795964,1.3712192650408723,2.4528653046898237,1.2733896095238757,1.4533360408138838,1.083087682930045,1.2733896095238757,1.4533360408138838,2.367420415609922,2.5069501197158797,0.08211677577301146,-0.09782965551699663,0.054084815026056,-0.08544488907990155,False,False,0.04606072605847864,0.09212145211695728,0.04605207271541335,0.0921041454308267
2165,36.083333333333336,False,False,49.58968743155971,50.0,68.02803816449764,49.15411610855684,51.7582143295889,47.183420842728225,74.0,-0.41031256844028974,2.4277693916741825,2.4520470855909244,2.437185267662901,1.3461399774715745,2.4655429470089945,1.3456030236781833,1.3714440205590108,2.4520470855909244,1.2735853111068587,1.4535907201708702,1.083210434064813,1.2735853111068587,1.4535907201708702,2.3666086963031416,2.506166414392872,0.08214669961185939,-0.09785870945215214,0.054119328801947475,-0.0854383892877828,False,False,0.04605207271541335,0.0921041454308267,0.04604345443370546,0.09208690886741092
2170,36.166666666666664,False,False,49.590530098591195,50.0,68.03093903278796,49.1549597549027,51.75961759073159,47.18348217282582,74.0,-0.409469901408805,2.4269632569694637,2.4512328895391584,2.4363875553480066,1.346289601419129,2.4649460495397513,1.3457548758887685,1.3716674185669944,2.4512328895391584,1.2737797879809654,1.4538439287227547,1.0833326750861034,1.2737797879809654,1.4538439287227547,2.365800953279147,2.505386587074515,0.08217651015576033,-0.097887630586029,0.05415369753535648,-0.08543193626001155,False,False,0.04604345443370546,0.09208690886741092,0.046034871011857645,0.09206974202371529
2175,36.25,False,False,49.59137434605911,50.0,68.03383550317238,49.15580498412517,51.761020338737644,47.18354782648915,74.0,-0.4086256539408879,2.4261610817447674,2.4504226925622152,2.4355937701768307,1.3464386097613636,2.4643509141668893,1.3459060984345617,1.3718894687283865,2.4504226925622152,1.2739730490147703,1.454095676417129,1.0834544092446323,1.2739730490147703,1.454095676417129,2.364997162770265,2.504610614821596,0.08220620768874243,-0.0979164197136162,0.05418792225938063,-0.08542552979195017,False,False,0.046034871011857645,0.09206974202371529,0.04602632224992549,0.09205264449985098
2180,36.333333333333336,False,False,49.59222012584121,50.0,68.0367275495645,49.15665174759549,51.762422531131755,47.183617742928796,74.0,-0.40777987415879124,2.4253628424083438,2.449616470832427,2.4348038887959307,1.3465870063288836,2.46375753537627,1.346056695283241,1.372110180688378,2.449616470832427,1.2741651032846648,1.454345973404036,1.0835756397032583,1.2741651032846648,1.454345973404036,2.3641973011531787,2.503838474831547,0.08223579271565806,-0.09794507740371317,0.054222003999119917,-0.08541916967924834,False,False,0.04602632224992549,0.09205264449985098,0.04601780794946465,0.0920356158989293
2185,36.416666666666664,False,False,49.593067390406,50.0,68.03961514628023,49.15749999774274,51.763824130487556,47.18369186605407,74.0,-0.40693260959400135,2.4245685155110257,2.448814200666136,2.434017887992363,1.3467347949156097,2.4631659076884778,1.346206670363862,1.3723295640003017,2.448814200666136,1.274355959591193,1.4545948295523403,1.0836963696394832,1.274355959591193,1.4545948295523403,2.3634013449482802,2.5030701444378747,0.08226526555203861,-0.09797360440910863,0.05425594377173848,-0.08541285571785595,False,False,0.04601780794946465,0.0920356158989293,0.04600932791356023,0.09201865582712046
2190,36.5,False,False,49.59391609280565,50.0,68.0424982680347,49.158349688055935,51.765225097864295,47.183770138529255,74.0,-0.4060839071943505,2.4237780777455993,2.448015858523055,2.4332357446930777,1.3468819792792863,2.4625760256580977,1.3463560275674111,1.3725476281256306,2.448015858523055,1.2745456267672544,1.4548422547579714,1.0838166021868803,1.2745456267672544,1.4548422547579714,2.362609270819017,2.502305601109576,0.08229462663234077,-0.09800200135837622,0.05428974258652097,-0.0854065877040382,False,False,0.04600932791356023,0.09201865582712046,0.04600088194676635,0.0920017638935327
2195,36.583333333333336,False,False,49.59476618666962,50.0,68.04537688993902,49.15920077123229,51.76662539386305,47.183852502728854,74.0,-0.40523381333038344,2.4229915059461677,2.4472214210056293,2.4324574359642965,1.3470285631419874,2.4619878838730243,1.3465047707473328,1.3727643825258382,2.4472214210056293,1.2747341136286396,1.4550882588944942,1.0839363404497362,1.2747341136286396,1.4550882588944942,2.361821055571241,2.501544822450563,0.08232387636865601,-0.09803026889719857,0.05432340144493386,-0.08540036543438845,False,False,0.04600088194676635,0.0920017638935327,0.045992469855130697,0.09198493971026139
2200,36.666666666666664,False,False,49.59561762619777,50.0,68.04825098749697,49.16005320214555,51.76802498296711,47.1839389046665,74.0,-0.4043823738022283,2.4222087770875125,2.4464308648583875,2.4316829390109023,1.3471745501906092,2.4614014769537715,1.3466529037200599,1.3729798365154238,2.4464308648583875,1.274921428770369,1.4553328516094866,1.0840555874884104,1.274921428770369,1.4553328516094866,2.361036676152547,2.500787786199063,0.08235301509406279,-0.09805840774505481,0.0543569213406756,-0.08539418870584026,False,False,0.045992469855130697,0.09198493971026139,0.045984091446143974,0.09196818289228795
2205,36.75,False,False,49.59647036615419,50.0,68.0511205366018,49.160906935623515,51.76942382702356,47.18402928809205,74.0,-0.40352963384580676,2.4214298682844544,2.445644166967299,2.430912231175805,1.3473199440773587,2.460816799552808,1.3468004302655259,1.3731939993721425,2.445644166967299,1.2751075808728245,1.455576042630707,1.0841743463632612,1.2751075808728245,1.455576042630707,2.3602561096516212,2.500034470227045,0.08238204325856446,-0.09808641849931798,0.054390303259746364,-0.08538805731567756,False,False,0.045984091446143974,0.09196818289228795,0.045975746528760145,0.09195149305752029
2210,36.833333333333336,False,False,49.59732436186042,50.0,68.05398551353301,49.161761926079826,51.7708218887758,47.18412359768907,74.0,-0.4026756381395771,2.4206547567912087,2.444861304359121,2.4301452899393334,1.347464748420233,2.4602338463539066,1.3469473541276797,1.3734068803553783,2.444861304359121,1.2752925785360283,1.4558178416004066,1.0842926200760759,1.2752925785360283,1.4558178416004066,2.3594793332975725,2.4992848525396103,0.08241096124502834,-0.09811430181934999,0.054423548180489334,-0.08538197106154843,False,False,0.045975746528760145,0.09195149305752029,0.045967434913344526,0.09193486982668905
2215,36.916666666666664,False,False,49.59817956918931,50.0,68.05684589495323,49.162618130111234,51.77221913399964,47.18422178100762,74.0,-0.4018204308106874,2.419883420000738,2.4440822542007457,2.4293820929185914,1.3476089668034872,2.4596526120715065,1.3470936790149797,1.3736184885775402,2.4440822542007457,1.2754764301794632,1.4560582579751906,1.0844104116139988,1.2754764301794632,1.4560582579751906,2.358706324459266,2.498538911274407,0.08243976939765041,-0.09814205839807699,0.05445665707366132,-0.08537592974147978,False,False,0.045967434913344526,0.09193486982668905,0.04595915641168983,0.09191831282337966
2220,37.0,False,False,49.59903594455873,50.0,68.05970165790494,49.163475503904934,51.77361552576394,47.18432378326728,74.0,-0.4009640554412712,2.4191158354441042,2.4433069937985454,2.4286226178668366,1.3477526027781024,2.459073091450088,1.34723940860089,1.3738288331326658,2.4433069937985454,1.2756591443116558,1.456297301295631,1.084527723920246,1.2756591443116558,1.456297301295631,2.357937060644666,2.497796624701027,0.08246846816296527,-0.09816968882100996,0.0544896309024816,-0.08536993315387953,False,False,0.04595915641168983,0.09191831282337966,0.045950910836989003,0.09190182167397801
2225,37.083333333333336,False,False,49.59989344492524,50.0,68.06255277980738,49.164334004353165,51.77501102997119,47.18442955237215,74.0,-0.4001065550747569,2.418351980789815,2.4425355005977134,2.4278668426728465,1.3478956598622378,2.458495279263568,1.3473845465243635,1.3740379230413056,2.4425355005977134,1.2758407292701663,1.456534980926295,1.084644559952676,1.2758407292701663,1.456534980926295,2.3571715195001532,2.497057971220401,0.08249705788498951,-0.09819719377113922,0.05452247062268745,-0.08536398109756016,False,False,0.045950910836989003,0.09190182167397801,0.04594269800381513,0.09188539600763027
2230,37.166666666666664,False,False,49.600752027778164,50.0,68.06539923845335,49.1651935886849,51.776405611205384,47.1845390351511,74.0,-0.3992479722218363,2.4175918338431717,2.4417677521816032,2.427114745360277,1.3480381415416818,2.457919170314704,1.3475290963903153,1.3742457672688944,2.4417677521816032,1.2760211934166605,1.4567713062508476,1.0847609225959332,1.2760211934166605,1.4567713062508476,2.3564096788098654,2.496322929364198,0.08252553898195325,-0.09822457385223382,0.05455517718259495,-0.08535807337173784,False,False,0.04594269800381513,0.09188539600763027,0.04593451772812364,0.09186903545624728
2235,37.25,False,False,49.6016116511333,50.0,68.06824101200617,49.16605421520974,51.77779923663493,47.18465218088991,74.0,-0.39838834886670327,2.4168353725456115,2.4410037262710675,2.426366304087032,1.3481800512702915,2.4573447594345144,1.3476730617700956,1.374452374689008,2.4410037262710675,1.2762005449537757,1.457006286488958,1.084876814720019,1.2762005449537757,1.457006286488958,2.35565151649502,2.495591477794217,0.08255391179994986,-0.09825182973523239,0.05458775152314965,-0.08535220977604752,False,False,0.04593451772812364,0.09186903545624728,0.04592636982721747,0.09185273965443494
2240,37.333333333333336,False,False,49.60247227352715,50.0,68.07107807899642,49.166915841837756,51.77919187102617,47.184768936816425,74.0,-0.39752772647285184,2.416082574974051,2.440243400723791,2.4256214971446184,1.3483213924704278,2.456772041481711,1.3478164462019462,1.3746577541568512,2.440243400723791,1.2763787921593919,1.4572399309305935,1.084992239194935,1.2763787921593919,1.4572399309305935,2.3548970106132345,2.494863595301774,0.08258217677374224,-0.09827896199745934,0.05462019457798295,-0.08534639011055667,False,False,0.04592636982721747,0.09185273965443494,0.045918254119755614,0.09183650823951123
2245,37.416666666666664,False,False,49.603333854010906,50.0,68.07391041831896,49.16777842830599,51.780583483682264,47.18488925438094,74.0,-0.39666614598909433,2.4153334193402243,2.4394867535336267,2.4248803029575043,1.3484621685333824,2.4562010113421495,1.3479592531914564,1.3748619143990255,2.4394867535336267,1.276555943060936,1.45747224861037,1.085107198817468,1.276555943060936,1.45747224861037,2.35414613935786,2.4941392608070947,0.08261033421134445,-0.0983059713380896,0.05465250727346804,-0.08534061417576666,False,False,0.045918254119755614,0.09183650823951123,0.04591017042572207,0.09182034085144414
2250,37.5,False,False,49.604196352144555,50.0,68.07673800922986,49.16864193395713,51.7819740402701,47.18501308185677,74.0,-0.39580364785544475,2.414587883990024,2.438733762829924,2.424142700082477,1.3486023828197973,2.4556316639282834,1.348101486212009,1.3750648641237604,2.438733762829924,1.2767320058192915,1.4577032486914812,1.0852216963990486,1.2767320058192915,1.4577032486914812,2.3533988810572932,2.493418453358696,0.08263838456772077,-0.09833285830446892,0.054684690528771895,-0.08533488177263093,False,False,0.04591017042572207,0.09182034085144414,0.04590211856641587,0.09180423713283174
2255,37.583333333333336,False,False,49.605059727991254,50.0,68.07956083134313,49.169506318112894,51.78336350865997,47.18514036962559,74.0,-0.39494027200874626,2.4138459474028346,2.437984406876863,2.423408667207995,1.348742038660079,2.4550639941786403,1.3482431487052164,1.3752666120025423,2.437984406876863,1.2769069884547204,1.4579329401916656,1.085335734707178,1.2769069884547204,1.4579329401916656,2.3526552141743067,2.492701152132774,0.08266632818912334,-0.0983596235478219,0.05471674525591119,-0.08532919270255634,False,False,0.04590211856641587,0.09180423713283174,0.04589409836444938,0.09178819672889876
2260,37.666666666666664,False,False,49.60592394211155,50.0,68.08237886462788,49.170371542300344,51.784751858964874,47.18527107021219,74.0,-0.3940760578884479,2.413107588190872,2.437238664072781,2.4226781831535407,1.3488811393548055,2.4544979970573073,1.3483842440813532,1.3754671665598834,2.437238664072781,1.277080898845139,1.4581613319815023,1.0854493164800716,1.277080898845139,1.4581613319815023,2.3519151173053614,2.491987336432588,0.08269416542161889,-0.09838626771474446,0.05474867235980696,-0.0853235467674196,False,False,0.04589409836444938,0.09178819672889876,0.04588610964372221,0.09177221928744442
2265,37.75,False,False,49.60678895555773,50.0,68.08519208940524,49.171237566919125,51.786139057887155,47.185405133165965,74.0,-0.3932110444422676,2.4123727850985133,2.4364965129494984,2.4219512268689747,1.3490196881751242,2.4539336675534233,1.348524775719783,1.3756665363386673,2.4364965129494984,1.2772537449917458,1.45838843305008,1.0855624444559453,1.2772537449917458,1.45838843305008,2.3511785691799294,2.4912769856878314,0.08272189671141272,-0.09841279134692149,0.054780472738332975,-0.08531794376956903,False,False,0.04588610964372221,0.09177221928744442,0.045878152229410725,0.09175630445882145
2270,37.833333333333336,False,False,49.60765472986823,50.0,68.08800048634525,49.172104353467795,51.78752507608206,47.185542511725735,74.0,-0.39234527013177,2.411641517001634,2.4357579321716503,2.4212277774338804,1.3491576883631478,2.453371000680693,1.348664746969375,1.3758647297899187,2.4357579321716503,1.277425534673351,1.4586142521593524,1.0856751213144435,1.277425534673351,1.4586142521593524,2.3504455486598115,2.4905700794540264,0.08274952236943367,-0.09843919511656773,0.054812147282376156,-0.08531238351183879,False,False,0.045878152229410725,0.09175630445882145,0.04587022594795629,0.09174045189591258
2275,37.916666666666664,False,False,49.608521227062255,50.0,68.09080403646385,49.172971864176006,51.7889098828444,47.185683158009226,74.0,-0.39147877293774513,2.410913762906935,2.435022900536004,2.420507814056919,1.3492951431323426,2.4528099914769044,1.3488041611489108,1.3760617552911754,2.435022900536004,1.2775962756960404,1.4588387980938353,1.0857873497205675,1.2775962756960404,1.4588387980938353,2.3497160347384516,2.489866597411886,0.08277704280265996,-0.09846547959513496,0.054843696875881864,-0.08530686579755242,False,False,0.04587022594795629,0.09174045189591258,0.045862330627060945,0.09172466125412189
2280,38.0,False,False,49.60938840963421,50.0,68.09360272112002,49.17384006126613,51.79029344824805,47.18582702494893,74.0,-0.3906115903657934,2.4101895019512782,2.434291396970791,2.4197913160751687,1.3494320556679067,2.45225063500346,1.3489430215474958,1.3762576211832311,2.434291396970791,1.2777659757928368,1.4590620795602973,1.0858991323393183,1.2777659757928368,1.4590620795602973,2.348990006540258,2.4891665193667043,0.08280445837706618,-0.09849164539039434,0.05487512239591341,-0.08530139043053309,False,False,0.045862330627060945,0.09172466125412189,0.045854466095658526,0.09170893219131705
2285,38.083333333333336,False,False,49.61025624054839,50.0,68.09639652201267,49.17470890806779,51.79167574366557,47.185974066761474,74.0,-0.389743759451612,2.409468713401015,2.433563400535025,2.419078262953481,1.3495684291271473,2.451692926344924,1.3490813314249521,1.3764523357150211,2.433563400535025,1.277934642599438,1.4592841051635286,1.0860104717917693,1.277934642599438,1.4592841051635286,2.3482674433199127,2.4884698252477233,0.08283176944850745,-0.09851769311558312,0.05490642471269824,-0.0852959572151124,False,False,0.045854466095658526,0.09170893219131705,0.045846632183916235,0.09169326436783247
2290,38.166666666666664,False,False,49.61112468323367,50.0,68.09918542117771,49.17557836716791,51.793056738313126,47.186124235819555,74.0,-0.388875316766331,2.4087513766513133,2.4328388904178264,2.418368634283818,1.3497042666398482,2.451136860608572,1.3492190940122109,1.3766459071354802,2.4328388904178264,1.2781022838166318,1.4595048835687872,1.08612137068435,1.2781022838166318,1.4595048835687872,2.3475483244616893,2.4877764951075076,0.08285897643330697,-0.09854362331884836,0.05493760468968123,-0.08529056595613715,False,False,0.045846632183916235,0.09169326436783247,0.045838828723215846,0.09167765744643169
2295,38.25,False,False,49.61199370157826,50.0,68.10196940098513,49.17644840337807,51.7944364064644,47.186277489180824,74.0,-0.38800629842174317,2.40803747122549,2.432117845937745,2.4176624097845982,1.3498395713086349,2.450582432923958,1.349356312511698,1.3768383435465694,2.432117845937745,1.2782689068716142,1.4597244231631425,1.086231831564919,1.2782689068716142,1.4597244231631425,2.3468326294787745,2.4870865091213274,0.08288607961657313,-0.09856943667495521,0.0549686631835824,-0.08528521645897058,False,False,0.045838828723215846,0.09167765744643169,0.04583105554614427,0.09166211109228854
2300,38.333333333333336,False,False,49.61286325992447,50.0,68.10474844413599,49.17731898040235,51.795814717226335,47.186433779332496,74.0,-0.3871367400755332,2.4073269767743373,2.4314002465420805,2.416959569300051,1.3499743462093305,2.45002963844249,1.3494929900977128,1.377029653068621,2.4314002465420805,1.278434519398355,1.4599427325358783,1.0863418570252634,1.278434519398355,1.4599427325358783,2.3461203380125695,2.4863998475865126,0.08291307946725723,-0.09859513367026596,0.05499960104443202,-0.08527990852951106,False,False,0.04583105554614427,0.09166211109228854,0.04582331248647783,0.09164662497295566
2305,38.416666666666664,False,False,49.6137333230637,50.0,68.10752253365966,49.178190063063695,51.79719164481523,47.18659306349199,74.0,-0.3862666769363017,2.406619873075451,2.4306860718062056,2.416260092799541,1.350108594391307,2.4494784723370135,1.349629129916801,1.3772198437301086,2.4306860718062056,1.2785991287550842,1.4601598199959953,1.086451449583956,1.2785991287550842,1.4601598199959953,2.3454114298320183,2.485716490921853,0.08293997626588667,-0.09862071497502445,0.05503041911564743,-0.08527464197418722,False,False,0.04582331248647783,0.09164662497295566,0.04581559937917946,0.09163119875835891
2310,38.5,False,False,49.61460385623117,50.0,68.11029165291075,49.1790616165656,51.798567160761976,47.186755296550764,74.0,-0.3853961437688298,2.4059161400325593,2.429975301432885,2.415563960376936,1.3502423188778327,2.4489289298014074,1.3497647350881234,1.3774089235043903,2.429975301432885,1.278762742390554,1.460375693938519,1.086560611744926,1.278762742390554,1.460375693938519,2.3447058848329108,2.485036419666937,0.08296677043412881,-0.09864618111383616,0.05506111823405169,-0.08526941659997433,False,False,0.04581559937917946,0.09163119875835891,0.045807916060368555,0.09161583212073711
2315,38.583333333333336,False,False,49.61547482510121,50.0,68.1130557855663,49.17993360649525,51.79994123888483,47.18692043557473,74.0,-0.38452517489879057,2.4052157576748474,2.4292679152515957,2.4148711522499235,1.3503755226664123,2.4483810060501914,1.3498998087038117,1.3775969003097088,2.4292679152515957,1.2789253676106132,1.4605903626110825,1.0866693460121042,1.2789253676106132,1.4605903626110825,2.3440036830372035,2.4843596144815474,0.08299346230137372,-0.09867153269909568,0.05509169922995172,-0.08526423221439217,False,False,0.045807916060368555,0.09161583212073711,0.045800262367339716,0.09160052473467943
2320,38.666666666666664,False,False,49.616346195782,50.0,68.11581491562296,49.18080599919689,51.80131385275189,47.187088437506354,74.0,-0.38365380421799955,2.4045187061562894,2.428563893217852,2.4141816487593752,1.350508208729121,2.4478346963181377,1.3500343538293298,1.37778378199082,2.428563893217852,1.2790870116975457,1.4608038342333123,1.0867776548308485,1.2790870116975457,1.4608038342333123,2.343304804592339,2.483686056145025,0.0830200522424922,-0.0986967702932744,0.05512216292717298,-0.08525908862551335,False,False,0.045800262367339716,0.09160052473467943,0.045792638138515085,0.09158527627703017
2325,38.75,False,False,49.61721793481095,50.0,68.11856902739405,49.18167876066344,51.802684975426445,47.18725925893384,74.0,-0.38278206518904767,2.4038249657549713,2.427863215412521,2.413495430368682,1.3506403800129352,2.447289995859898,1.350168373503819,1.3779695763741073,2.427863215412521,1.279247681922185,1.4610161170089542,1.0868855406758031,1.279247681922185,1.4610161170089542,2.342609229770541,2.483015725555632,0.08304654063484684,-0.09872189445192237,0.055152510143110955,-0.08525398564197983,False,False,0.045792638138515085,0.09158527627703017,0.045785043213467,0.091570086426934
2330,38.833333333333336,False,False,49.618090009149675,50.0,68.12131810550677,49.18255185839188,51.8040545827637,47.187432859073866,74.0,-0.38190999085032473,2.4031345168724227,2.427165862041147,2.4128124776630866,1.3507720394400557,2.4467468999496362,1.3503018707404448,1.3781542911757243,2.427165862041147,1.2794073853892014,1.4612272189712023,1.0869930059483977,1.2794073853892014,1.4612272189712023,2.3419169389681613,2.4823486037299314,0.08307292779547804,-0.0987469057865229,0.055182741688784454,-0.0852489230729856,False,False,0.045785043213467,0.091570086426934,0.04577747743287993,0.09155495486575986
2335,38.916666666666664,False,False,49.618962386179305,50.0,68.12406213489943,49.18342525953401,51.80542264818668,47.1876091950429,74.0,-0.3810376138206948,2.402447340032941,2.4264718134332703,2.4121327713490466,1.3509031899082298,2.4462054038806684,1.3504348485267352,1.3783379340934516,2.4264718134332703,1.2795661292826526,1.4614371482282622,1.0871000530647053,1.2795661292826526,1.4614371482282622,2.341227912704959,2.4816846718021504,0.08309921413481058,-0.09877180481079906,0.05521285836888001,-0.08524390072831123,False,False,0.04577747743287993,0.09155495486575986,0.045769940638556966,0.09153988127711393
2340,39.0,False,False,49.619835033695814,50.0,68.12680110081851,49.18429893201079,51.806789147898364,47.187788226573566,74.0,-0.3801649663041857,2.4017634158829217,2.425781050041751,2.411456292253555,1.3510338342910637,2.445665502965116,1.3505673098249096,1.3785205127515838,2.425781050041751,1.279723920621295,1.4616459127187043,1.0872066844115125,1.279723920621295,1.4616459127187043,2.3405421316234505,2.4810239110235557,0.08312539996712043,-0.09879659213028891,0.05524286098180475,-0.08523891841830045,False,False,0.045769940638556966,0.09153988127711393,0.045762432673405136,0.09152486534681027
2345,39.083333333333336,False,False,49.62070791990526,50.0,68.12953498881598,49.18517284340419,51.80815405568868,47.18796991131422,74.0,-0.3792920800947428,2.4010827251901867,2.4250935524420885,2.4107830213235033,1.3511639754383309,2.445127192533568,1.3506992575722123,1.3787020347560428,2.4250935524420885,1.2798807665026857,1.461853520455578,1.0873129023463208,1.2798807665026857,1.461853520455578,2.3398595764881986,2.4803663027618192,0.08315148569953523,-0.09882126825335713,0.05527275031973078,-0.08523397595388982,False,False,0.045762432673405136,0.09152486534681027,0.04575495338141735,0.0915099067628347
2350,39.166666666666664,False,False,49.6215810134192,50.0,68.13226378474658,49.186046962812526,51.80951734937811,47.188154210659725,74.0,-0.3784189865807974,2.400405248843313,2.4244093013317465,2.4101129396250087,1.351293616176278,2.4445904679347437,1.3508306946812334,1.3788825076025204,2.4244093013317465,1.2800366738006288,1.4620599792238966,1.0874187092119882,1.2800366738006288,1.4620599792238966,2.3391802281851524,2.4797118285003927,0.08317747162137623,-0.0988458338018916,0.055302527168646254,-0.08522907314659411,False,False,0.04575495338141735,0.0915099067628347,0.045747502607669605,0.09149500521533921
2355,39.25,False,False,49.622454283250185,50.0,68.13498747476493,49.186921258630775,51.8108790029629,47.18834108264215,74.0,-0.37754571674981463,2.399730967850962,2.4237282775294715,2.4094460283427725,1.3514227593079242,2.4440553245351744,1.3509616240402231,1.3790619387867082,2.4237282775294715,1.280191649534339,1.4622652969498176,1.0875241073513735,1.280191649534339,1.4622652969498176,2.3385040677209443,2.47906046983787,0.08320335816310931,-0.09887028925236918,0.055332192308398476,-0.08522420980852718,False,False,0.045747502607669605,0.09149500521533921,0.04574008019830876,0.09148016039661752
2360,39.333333333333336,False,False,49.623327698807216,50.0,68.1377060453229,49.187795701147024,51.81223899600635,47.18853049042902,74.0,-0.3766723011927837,2.3990598633412104,2.4230504619746225,2.408782268779407,1.3515514076133561,2.4435217577188824,1.3510920485134101,1.379240335675695,2.4230504619746225,1.2803457004273955,1.4624694812596284,1.0876290990487634,1.2803457004273955,1.4624694812596284,2.3378310762222303,2.4784122084873714,0.08322914558393335,-0.09889463524829956,0.055361746512748944,-0.08521938575239218,False,False,0.04574008019830876,0.09148016039661752,0.04573268600054253,0.09146537200108507
2365,39.416666666666664,False,False,49.624201229891305,50.0,68.14041948316684,49.18867025958185,51.813597302654145,47.1887223923819,74.0,-0.37579877010869467,2.398391916560879,2.4223758357264877,2.408121642354801,1.3516795638500174,2.4429897628870787,1.3512219709413016,1.3794177056549415,2.4223758357264877,1.280498833423958,1.462672539995985,1.0877336866030873,1.280498833423958,1.462672539995985,2.3371612349349875,2.4777670262758984,0.08325483434104353,-0.0989188722309835,0.05539119054941066,-0.08521460079150023,False,False,0.04573268600054253,0.09146537200108507,0.04572531986262691,0.09145063972525382
2370,39.5,False,False,49.625074846691064,50.0,68.14312777533489,49.18954490394381,51.814953901768924,47.18891675122707,74.0,-0.3749251533089364,2.3977271088748684,2.421704379963617,2.407464130605443,1.3518072307529954,2.442459335457859,1.3513513941409927,1.3795940560364215,2.421704379963617,1.2806510552127974,1.462874480741968,1.0878378722839899,1.2806510552127974,1.462874480741968,2.3364945252238574,2.477124905143723,0.08328042470554653,-0.09894300082362406,0.05542052518010587,-0.08520985473975973,False,False,0.04572531986262691,0.09145063972525382,0.045717981633857735,0.09143596326771547
2375,39.583333333333336,False,False,49.625948519778404,50.0,68.14583090915431,49.19041960503266,51.81630877047758,47.18911352821537,74.0,-0.3740514802215955,2.3970654217654874,2.4210360759831424,2.4068097151837904,1.3519344110353013,2.4419304708659118,1.3514803209064623,1.3797693940586213,2.4210360759831424,1.2808023725306057,1.46307531112442,1.0879416583318289,1.2808023725306057,1.46307531112442,2.3358309285714487,2.476485827143741,0.0833059170657986,-0.09896702152801562,0.05544975116059847,-0.08520514741169372,False,False,0.045717981633857735,0.09143596326771547,0.04571067116456375,0.0914213423291275
2380,39.666666666666664,False,False,49.62682222010418,50.0,68.1485288722388,49.19129433370149,51.81766188703788,47.189312685715784,74.0,-0.37317777989581913,2.3964068368317886,2.4203709052001066,2.4061583778575946,1.3520611073881474,2.441403164562234,1.3516087540088624,1.379943726923284,2.4203709052001066,1.2809527920274744,1.463275038679444,1.0880450469723202,1.2809527920274744,1.463275038679444,2.3351704265776707,2.4758497744408627,0.08333131175616004,-0.09899093489580957,0.05547886924075618,-0.08520047862243585,False,False,0.04571067116456375,0.0914213423291275,0.04570338830608986,0.09140677661217972
2385,39.75,False,False,49.62769591899398,50.0,68.15122165248584,49.192169061600936,51.8190132302687,47.18951418669911,74.0,-0.3723040810060212,2.3957513357889026,2.4197088491467915,2.4055101005092667,1.3521873224812193,2.4408774120138537,1.351736696196813,1.3801170617586649,2.4197088491467915,1.2811023202938163,1.463473670879356,1.0881480404311787,1.2811023202938163,1.463473670879356,2.3345130009590562,2.4752167293113745,0.0833566091206912,-0.09901474146484857,0.05550788016458297,-0.08519584818773529,False,False,0.04570338830608986,0.09140677661217972,0.04569613291079378,0.09139226582158756
2390,39.833333333333336,False,False,49.62856958814395,50.0,68.15390923807406,49.193043759700636,51.8203627774165,47.18971799280664,74.0,-0.3714304118560534,2.3950989004673735,2.4190498894720474,2.4048648651352154,1.3523130589629444,2.4403532087035567,1.3518641501966797,1.38028940569302,2.4190498894720474,1.281250963960772,1.4636712152331104,1.0882506409048347,1.281250963960772,1.4636712152331104,2.333858633548082,2.474586674142319,0.08338180954009045,-0.09903844173224785,0.055536784670271455,-0.08519125592396515,False,False,0.04569613291079378,0.09139226582158756,0.04568890483203583,0.09137780966407166
2395,39.916666666666664,False,False,49.629443199616546,50.0,68.15659161746068,49.19391840014458,51.821710508649,47.18992406841598,74.0,-0.3705568003834543,2.3944495128124954,2.4183940079406203,2.4042226538452005,1.3524383194607543,2.4398305501296265,1.3519911187128593,1.3804607657627457,2.4183940079406203,1.281398729489231,1.4638676790753473,1.0883528505604319,1.281398729489231,1.4638676790753473,2.3332073062925036,2.473959591430867,0.08340691331260164,-0.09906203627351462,0.05556558349024687,-0.0851867016481167,False,False,0.04568890483203583,0.09137780966407166,0.045681703924161626,0.09136340784832325
2400,40.0,False,False,49.63031672583659,50.0,68.15926877937876,49.19479295588378,51.823056403571684,47.19013237748799,74.0,-0.36968327416340685,2.3938031548836505,2.417741186432487,2.4035834488616854,1.3525631065813466,2.439309431805579,1.3521176044280507,1.380631148930752,2.417741186432487,1.2815456233336646,1.4640630697302488,1.088454671565114,1.2815456233336646,1.4640630697302488,2.332559001254674,2.4733354637836973,0.0834319207994969,-0.09908552559708728,0.05559427735121014,-0.08518218517781317,False,False,0.045681703924161626,0.09136340784832325,0.045674530042507475,0.09134906008501495
2405,40.083333333333336,False,False,49.63119013958709,50.0,68.1619407128348,49.19566739919802,51.82440044095114,47.19034288331597,74.0,-0.36880986041290953,2.393159808853648,2.4170914069421845,2.4029472325191854,1.3526874229109391,2.438789849259921,1.3522436100035273,1.3808005621599477,2.4170914069421845,1.2816916519552781,1.4642573945247181,1.0885561060567397,1.2816916519552781,1.4642573945247181,2.33191370061088,2.4727142739163686,0.08345683236477042,-0.09910891020466961,0.05562286697418406,-0.08517770633130439,False,False,0.045674530042507475,0.09134906008501495,0.04566738304337556,0.09133476608675112
2410,40.166666666666664,False,False,49.63206341400533,50.0,68.16460740710606,49.196541703551006,51.8257426020253,47.19055555152035,74.0,-0.36793658599466994,2.3925194570080652,2.416444651578146,2.402313987263624,1.352811271015522,2.438271798035898,1.352369138079401,1.380969012321384,2.416444651578146,1.2818368216666431,1.4644506606330265,1.0886571561585243,1.2818368216666431,1.4644506606330265,2.3312713866506702,2.4720960046527054,0.08348164831164251,-0.09913219065474088,0.055651353074559484,-0.08517326492747568,False,False,0.04566738304337556,0.09133476608675112,0.04566026278403863,0.09132052556807727
2415,40.25,False,False,49.63293652257883,50.0,68.16726885173803,49.19741584174174,51.827082865271855,47.190770345314164,74.0,-0.3670634774211692,2.3918820817445887,2.415800902562035,2.4016836956516876,1.3529346534411069,2.4377552736912613,1.3524941912748893,1.3811365062861114,2.415800902562035,1.2819811388776663,1.4646428753228178,1.08875782397904,1.2819811388776663,1.4646428753228178,2.3306320417761883,2.4714806389241675,0.08350636903670638,-0.0991553674084451,0.05567973636213264,-0.08516886078584651,False,False,0.04566026278403863,0.09132052556807727,0.04565316912271797,0.09130633824543594
2420,40.333333333333336,False,False,49.63380943914145,50.0,68.16992503654188,49.19828978850031,51.828421214127204,47.190987232486975,74.0,-0.3661905608585485,2.391247665572358,2.4151601422280815,2.401056340350178,1.353057572713967,2.4372402717980335,1.35261877218857,1.3813030507965778,2.4151601422280815,1.2821246097330583,1.464834045592587,1.088858111612217,1.2821246097330583,1.464834045592587,2.3299956485015065,2.470868159769238,0.08353099479600923,-0.09917844106351947,0.05570801754115662,-0.08516449372657497,False,False,0.04565316912271797,0.09130633824543594,0.045646101918582115,0.09129220383716423
2425,40.416666666666664,False,False,49.63468213786967,50.0,68.17257595159205,49.199163517157906,51.829757626443005,47.191206175864096,74.0,-0.36531786213033257,2.3906161911113113,2.4145223530224245,2.400431904135372,1.3531800313408813,2.4367267879422814,1.352742883398635,1.3814686526319746,2.4145223530224245,1.2822672406079085,1.465024178667288,1.0889580211373413,1.2822672406079085,1.465024178667288,2.329362189451963,2.4702585503328054,0.08355552603531335,-0.09920141202406607,0.05573619731038093,-0.0851601635704613,False,False,0.045646101918582115,0.09129220383716423,0.04563906103174587,0.09127812206349174
2430,40.5,False,False,49.63555459327844,50.0,68.17522158722359,49.200037002612966,51.831092086215854,47.19142714391937,74.0,-0.3644454067215577,2.38998764109153,2.4138875175024457,2.3998103698923843,1.353302031809369,2.436214817723899,1.3528665274631453,1.381633318461263,2.4138875175024457,1.2824090375566863,1.4652132814473524,1.0890575546044148,1.2824090375566863,1.4652132814473524,2.3287316473634965,2.4696517938655385,0.08357996298608938,-0.09922428090457669,0.05576427636309278,-0.08515587013894921,False,False,0.04563906103174587,0.09127812206349174,0.045632046323233776,0.09126409264646755
2435,40.583333333333336,False,False,49.63642678021782,50.0,68.17786193402979,49.2009102194826,51.83242457299018,47.19165010118615,74.0,-0.3635732197821824,2.3893619983525896,2.4132556183361156,2.3991917206145175,1.3534235765879212,2.435704356756389,1.3529897069202703,1.381797054935032,2.4132556183361156,1.2825500068113467,1.4654013610068173,1.089156714078081,1.2825500068113467,1.4654013610068173,2.328104005081987,2.4690478737232793,0.08360430607178526,-0.09924704812368534,0.0557922553871637,-0.08515161325412857,False,False,0.045632046323233776,0.09126409264646755,0.04562505765501261,0.09125011531002522
2440,40.666666666666664,False,False,49.63729867386888,50.0,68.18049698285968,49.20178314321699,51.83375507049425,47.19187501607049,74.0,-0.3627013261311234,2.388739245842905,2.412626638301334,2.398575939402633,1.353544668126233,2.4351954006666574,1.3531124242885355,1.3819598686303833,2.412626638301334,1.282690154375691,1.4655884241877108,1.0892555015497691,1.282690154375691,1.4655884241877108,2.3274792455625986,2.468446773366423,0.08362855555732751,-0.09926971425469233,0.055820135065089094,-0.0851473927387354,False,False,0.04562505765501261,0.09125011531002522,0.04561809488994247,0.09123618977988494
2445,40.75,False,False,49.638170249740305,50.0,68.18312672481562,49.20265574899158,51.835083559265854,47.19210185417846,74.0,-0.36182975025969455,2.3881193666190863,2.412000560285277,2.397963009464511,1.3536653088554256,2.434687945094806,1.3532346820670587,1.3821217661060472,2.412000560285277,1.2828294863720477,1.4657744779467532,1.089353919069481,1.2828294863720477,1.4657744779467532,2.3268573518691187,2.467848476359311,0.083652711840706,-0.09929227973399946,0.05584791607403394,-0.08514320841615852,False,False,0.04561809488994247,0.09123618977988494,0.04561115789180188,0.09122231578360376
2450,40.833333333333336,False,False,49.63904148366449,50.0,68.18575115125077,49.203528012451024,51.83641002260878,47.192330583704845,74.0,-0.3609585163355078,2.3875023438452914,2.411377367283744,2.397352914114215,1.3537855011882696,2.4341819856939386,1.353356482735787,1.3822827538656384,2.411377367283744,1.282968008761533,1.4659595290756378,1.08945196859936,1.282968008761533,1.4659595290756378,2.3262383071733077,2.4672529663696126,0.08367677520999939,-0.09931474510410543,0.055875599085868366,-0.08513906011043648,False,False,0.04561115789180188,0.09122231578360376,0.045604246525248915,0.09120849305049783
2455,40.916666666666664,False,False,49.639912351794145,50.0,68.1883702537668,49.204399910453134,51.83773444405392,47.1925611731354,74.0,-0.36008764820585526,2.386888160792578,2.410757042400504,2.39674563677146,1.3539052475194053,2.4336775181299664,1.3534778287557256,1.3824428383209124,2.410757042400504,1.2831057274635183,1.466143584320521,1.0895496521454788,1.2831057274635183,1.466143584320521,2.3256220947542388,2.4666602271677203,0.08370074599960864,-0.09933711085739416,0.05590318476721645,-0.08513494764626506,False,False,0.045604246525248915,0.09120849305049783,0.04559736065584183,0.09119472131168366
2460,41.0,False,False,49.6407828305986,50.0,68.19098402421145,49.2052714184799,51.8390568046044,47.19279358875388,74.0,-0.35921716940139703,2.386276800838263,2.4101395688466454,2.3961411609609797,1.3540245502255546,2.4331745380814187,1.353598722569167,1.3826020259203688,2.4101395688466454,1.283242648485248,1.466326650511664,1.0896469716699813,1.283242648485248,1.466326650511664,2.3250086979976534,2.4660702426261385,0.08372462459129526,-0.09935937743512091,0.05593067377949312,-0.08513087084899196,False,False,0.04559736065584183,0.09119472131168366,0.045590500150010226,0.09118100030002045
2465,41.083333333333336,False,False,49.64165289686036,50.0,68.19359245467604,49.20614251434391,51.84037709075236,47.193027801894516,74.0,-0.3583471031396428,2.3856682474652824,2.409524929939935,2.395539470311896,1.3541434116657356,2.4326730412392625,1.3537191665999166,1.3827603229655323,2.409524929939935,1.2833787775452683,1.4665087341868783,1.0897439291057254,1.2833787775452683,1.4665087341868783,2.3243981003953103,2.46548299671888,0.08374841122134602,-0.099381545420264,0.05595806677894499,-0.0851268295446248,False,False,0.045590500150010226,0.09118100030002045,0.045583664875056835,0.09116732975011367
2470,41.166666666666664,False,False,49.64252252767158,50.0,68.1961955374933,49.207013174118245,51.8416952824953,47.19326377809952,74.0,-0.3574774723284193,2.3850624842615495,2.408913109104165,2.394940548557095,1.3542618341814694,2.432173023306723,1.3538391632535085,1.3829177358130438,2.408913109104165,1.2835141206367469,1.4666898421548684,1.0898405264148552,1.2835141206367469,1.4666898421548684,2.3237902855443373,2.464898473520859,0.08377210634182464,-0.09940361517629692,0.055985364416693884,-0.08512282355982759,False,False,0.045583664875056835,0.09116732975011367,0.0455768546991482,0.0911537093982964
2475,41.25,False,False,49.64339170043065,50.0,68.19879326523488,49.20788337584281,51.84301136723404,47.193501489692316,74.0,-0.356608299569352,2.384459494919318,2.408304089868511,2.394344379532598,1.3543798200969859,2.43167447999911,1.3539587149174295,1.3830742706909405,2.408304089868511,1.2836486833745064,1.4668699808422863,1.0899367655155856,1.2836486833745064,1.4668699808422863,2.3231852371465807,2.4643166572072857,0.08379571015134579,-0.09942558731643403,0.05601256733877458,-0.08511885272193043,False,False,0.0455768546991482,0.0911537093982964,0.04557006949130352,0.09114013898260705
2480,41.333333333333336,False,False,49.64426039283876,50.0,68.20138563070907,49.20875309693546,51.84432532654306,47.19374090380801,74.0,-0.3557396071612402,2.383859263234549,2.4076978558668944,2.393750947176933,1.3544973717194277,2.431177407043651,1.354077823961329,1.3832299338272604,2.4076978558668944,1.2837824716169077,1.4670491569156343,1.0900326482822038,1.2837824716169077,1.4670491569156343,2.322582939007981,2.463737532053073,0.08381922308837386,-0.09944746221035272,0.05603967618617878,-0.08511491685891359,False,False,0.04557006949130352,0.09114013898260705,0.04556330912139098,0.09112661824278195
2485,41.416666666666664,False,False,49.64512858289665,50.0,68.20397262695849,49.209622315306234,51.845637146484094,47.193981991723376,74.0,-0.3548714171033467,2.3832617731062764,2.4070943908373392,2.393160235530527,1.3546144913390463,2.4306818001793262,1.3541964927372265,1.3833847313949263,2.4070943908373392,1.2839154909813297,1.467227376796768,1.0901281766475677,1.2839154909813297,1.467227376796768,2.3219833750379064,2.463161082432227,0.08384264540184172,-0.09946924041359662,0.056066691594887974,-0.08511101579943281,False,False,0.04556330912139098,0.09112661824278195,0.04555657346012319,0.09111314692024639
2490,41.5,False,False,49.645996248901056,50.0,68.2065542472578,49.21049100936058,51.84694681103923,47.194224722915685,74.0,-0.35400375109894355,2.3826670085359747,2.4064936786213345,2.392572228735067,1.3547311812294,2.430187655156709,1.3543147235797308,1.3835386695117449,2.4064936786213345,1.284047747152936,1.4674046469716764,1.090223352485964,1.284047747152936,1.4674046469716764,2.321386529248536,2.4625872928172527,0.08386597745993152,-0.09949092235880896,0.056093614195918295,-0.0851071493727984,False,False,0.04555657346012319,0.09111314692024639,0.04554986237903149,0.09109972475806298
2495,41.583333333333336,False,False,49.64686336944175,50.0,68.20913048511137,49.21135915763236,51.84825430567638,47.19446906828725,74.0,-0.3531366305582466,2.3820749536269332,2.4058957031632024,2.3919869110328946,1.3548474436475462,2.4296949677378117,1.354432518806227,1.3836917542587799,2.4058957031632024,1.2841792457172814,1.4675809738231191,1.0903181776423936,1.2841792457172814,1.4675809738231191,2.3207923857542143,2.462016147778566,0.08388921956433926,-0.09951250854149851,0.056120444615363585,-0.08510331740898813,False,False,0.04554986237903149,0.09109972475806298,0.04554317575049352,0.09108635150098704
2500,41.666666666666664,False,False,49.64772992339801,50.0,68.21170133425107,49.21222673878718,51.84955961508287,47.1947149981151,74.0,-0.3522700766019895,2.3814855925836267,2.405300448509463,2.39140426676639,1.3549632808342318,2.429203733695934,1.3545498807170915,1.3838439916803509,2.405300448509463,1.284309992266978,1.4677563637372997,1.0904126539765002,1.284309992266978,1.4677563637372997,2.3202009287708147,2.4614476319838845,0.08391237205694879,-0.09953399941337282,0.0561471834744216,-0.08509951973864815,False,False,0.04554317575049352,0.09108635150098704,0.04553651344768497,0.09107302689536995
2505,41.75,False,False,49.64859588993555,50.0,68.21426678863402,49.21309373236611,51.85086272586653,47.19496248449364,74.0,-0.3514041100644505,2.380898909711093,2.404707898808204,2.3908242803773496,1.3550786950140798,2.4287139488155143,1.3546668115958858,1.3839953877472908,2.404707898808204,1.2844399922749152,1.4679308229771162,1.090506783333285,1.2844399922749152,1.4679308229771162,2.31961214261512,2.4608817301976535,0.08393543522982538,-0.09955539547237557,0.056173831389449536,-0.08509575619308407,False,False,0.04553651344768497,0.09107302689536995,0.0455298753446028,0.0910597506892056
2510,41.833333333333336,False,False,49.64946124850331,50.0,68.21682684244033,49.21396011730796,51.852163622338594,47.19521149751934,74.0,-0.35053875149669267,2.380314889414309,2.4041180383084524,2.3902469364063865,1.3551936883957751,2.4282256088919913,1.3547833137095489,1.3841459484304324,2.4041180383084524,1.2845692512926195,1.4681043578805337,1.090600567543106,1.2845692512926195,1.4681043578805337,2.319026011704176,2.460318427280437,0.08395840945010136,-0.09957669713781292,0.05620038897198443,-0.0850920266042765,False,False,0.0455298753446028,0.0910597506892056,0.0455232613160433,0.0910465226320866
2515,41.916666666666664,False,False,49.6503259788304,50.0,68.21938149007087,49.21482587380378,51.8534622923341,47.195462010555396,74.0,-0.3496740211695979,2.379733516197573,2.4035308513595486,2.389672219492306,1.355308263172244,2.4277387097316616,1.3548993893085886,1.384295679608749,2.4035308513595486,1.2846977746768553,1.4682769745872084,1.0906940083923928,1.2846977746768553,1.4682769745872084,2.31844252055468,2.459757708188348,0.0839812949784593,-0.0995979049318938,0.056226856828799576,-0.08508833080486866,False,False,0.0455232613160433,0.0910465226320866,0.04551667123760531,0.09103334247521062
2520,42.0,False,False,49.6511900609228,50.0,68.22193072614516,49.215690981448915,51.85475872038128,47.19571399405236,74.0,-0.34880993907719926,2.379154774663886,2.402946322410525,2.389100114371514,1.3554224215208335,2.4272532471515462,1.3550150406272798,1.3844445871612152,2.402946322410525,1.284825567910823,1.4684486793597011,1.0907871077115032,1.284825567910823,1.4684486793597011,2.3178616537823546,2.4591995579724517,0.08400409219848592,-0.0996190192503923,0.05625323556192674,-0.08508466862817032,False,False,0.04551667123760531,0.09103334247521062,0.04551010498566272,0.09102020997132544
2525,42.083333333333336,False,False,49.652053475060576,50.0,68.22447454549909,49.21655542072727,51.85605289456233,47.19596742175365,74.0,-0.3479465249394238,2.3785786495143353,2.4023644360094787,2.388530605877403,1.3555361656034883,2.42676921697926,1.3551302698838377,1.3845926768933168,2.4023644360094787,1.2849526362818664,1.468619478261208,1.0908798672575812,1.2849526362818664,1.468619478261208,2.3172833961013124,2.458643961778183,0.08402680136789131,-0.09964004061145038,0.0562795257687041,-0.08508103990816629,False,False,0.04551010498566272,0.09102020997132544,0.04550356243739132,0.09100712487478264
2530,42.166666666666664,False,False,49.65291620179467,50.0,68.2270129431828,49.21741917190375,51.85734480027057,47.19622226504808,74.0,-0.3470837982053325,2.3780051255474843,2.401785176802959,2.3879636789397476,1.355649497566923,2.4262866150528826,1.3552450792806077,1.384739954592169,2.401785176802959,1.2850789851750415,1.468789377449145,1.0909722888170563,1.2850789851750415,1.468789377449145,2.316707732323455,2.458090904844768,0.08404942285697592,-0.09966096941712754,0.05630572804180867,-0.08507744447950438,False,False,0.04550356243739132,0.09100712487478264,0.045497043470730074,0.09099408694146015
2535,42.25,False,False,49.653778221943895,50.0,68.22954591445854,49.21828221613826,51.858634426070985,47.196478498270466,74.0,-0.34622177805610477,2.377434187658761,2.4012085295353485,2.3873993185841114,1.3557624195427935,2.425805437220834,1.3553594710042471,1.384886425971399,2.4012085295353485,1.2852046197978302,1.4689583828998796,1.091064374161715,1.2852046197978302,1.4689583828998796,2.316134647357844,2.457540372504643,0.08407195692848046,-0.09968180617356892,0.0563318429692945,-0.08507388217750433,False,False,0.045497043470730074,0.09099408694146015,0.04549054796438718,0.09098109592877436
2540,42.333333333333336,False,False,49.65463951659206,50.0,68.23207345479852,49.2191445343783,51.85992175809496,47.19673609363101,74.0,-0.3453604834079371,2.3768658208398503,2.400634479048249,2.3868375099312438,1.3558749336478628,2.4253256793417597,1.355473447225902,1.3850320967262633,2.400634479048249,1.2853295454437488,1.4691265006723628,1.0911561250194155,1.2853295454437488,1.4691265006723628,2.315564126210097,2.4569923501828805,0.08409440394609957,-0.09970255128251448,0.056357871134631754,-0.08507035283815156,False,False,0.04549054796438718,0.09098109592877436,0.045484075797836705,0.09096815159567341
2545,42.416666666666664,False,False,49.655500067085065,50.0,68.23459555988279,49.220006107732374,51.86120678424375,47.19699502501692,74.0,-0.3444999329149354,2.376300010178088,2.400063010279869,2.386278238196489,1.3559870419841709,2.424847337284407,1.3555870101013756,1.3851769725152736,2.400063010279869,1.2854537672949462,1.469293736710739,1.0912475431326585,1.2854537672949462,1.469293736710739,2.314996153981761,2.4564468233966066,0.08411676419546543,-0.0997232052203274,0.05638381311673779,-0.08506685629810784,False,False,0.045484075797836705,0.09096815159567341,0.0454776268513107,0.0909552537026214
2550,42.5,False,False,49.65635985502789,50.0,68.23711222559713,49.22086691821368,51.862489492766116,47.19725526670539,74.0,-0.34364014497211315,2.375736740855858,2.3994941082644163,2.3857214886891835,1.3560987466391936,2.4243704069275154,1.3557001617713123,1.385321058923455,2.3994941082644163,1.2855772904892036,1.4694600969113707,1.091338630229302,1.2855772904892036,1.4694600969113707,2.3144307158697184,2.4559037777544366,0.08413903798791567,-0.09974376843425148,0.05640966949002024,-0.08506339239469796,False,False,0.0454776268513107,0.0909552537026214,0.045471201005783946,0.09094240201156789
2555,42.583333333333336,False,False,49.657218862281844,50.0,68.239623448031,49.22172694689228,51.863769870043605,47.197516791359995,74.0,-0.34278113771815555,2.375175998149993,2.3989277581314927,2.3851672468120775,1.3562100496860054,2.4238948841597066,1.3558129043613563,1.3854643615542046,2.3989277581314927,1.2857001202241993,1.4696255872271153,1.0914293880079187,1.2857001202241993,1.4696255872271153,2.3138677971655754,2.4553631989559004,0.08416122567291073,-0.09976424133000528,0.05643544082440766,-0.08505996096591728,False,False,0.045471201005783946,0.09094240201156789,0.045464798142979754,0.09092959628595951
2560,42.666666666666664,False,False,49.658077070961724,50.0,68.2421292234754,49.222586176859934,51.86504790701081,47.197779575837174,74.0,-0.3419229290382759,2.374617767431176,2.398363945105488,2.3846154980607377,1.3563209531834377,2.423420764879375,1.3559252399823263,1.3856068858823165,2.398363945105488,1.2858222614558907,1.4697902133657281,1.0915198181817232,1.2858222614558907,1.4697902133657281,2.3133073832550552,2.454825072790876,0.08418332748341162,-0.09978462442642577,0.056461127685388135,-0.08505656185043264,False,False,0.045464798142979754,0.09092959628595951,0.04545841814535621,0.09091683629071241
2565,42.75,False,False,49.65893446343293,50.0,68.24462954842092,49.223444589531404,51.866323588815895,47.19804359183385,74.0,-0.34106553656707206,2.374062034163345,2.397802654504978,2.3840662280229656,1.356431459176233,2.4229480449945875,1.3560371707303782,1.3857486374377004,2.397802654504978,1.2859437193846674,1.4699539812760354,1.0916099224346454,1.2859437193846674,1.4699539812760354,2.3127494596173985,2.454289385139021,0.084205343838335,-0.09980491805303293,0.05648673063404264,-0.08505319488757968,False,False,0.04545841814535621,0.09091683629071241,0.045452060896097685,0.09090412179219537
2570,42.833333333333336,False,False,49.6597910223089,50.0,68.2471244195556,49.22430216797924,51.86759690704363,47.19830881694268,74.0,-0.34020897769109837,2.3735087839031,2.397243871742131,2.3835194223782095,1.3565415696951983,2.4224767204229796,1.356148698687162,1.3858896216400354,2.397243871742131,1.2860644988809684,1.4701168965735627,1.0916997024359716,1.2860644988809684,1.4701168965735627,2.3121940118247717,2.4537561219692154,0.08422727493352733,-0.09982512275906696,0.056512250227084504,-0.08504985991735925,False,False,0.045452060896097685,0.09090412179219537,0.045445726279124306,0.09089145255824861
2575,42.916666666666664,False,False,49.66064673044813,50.0,68.249613833763,49.225158895086274,51.868867848804925,47.19857522478303,74.0,-0.3393532695518715,2.372958002299113,2.3966875823221043,2.382975066896994,1.3566512867573592,2.422006787091657,1.356259825919991,1.3860298438906284,2.3966875823221043,1.286184604998289,1.4702789650535677,1.0917891598696314,1.286184604998289,1.4702789650535677,2.3116410255416575,2.453225269338991,0.08424912116293926,-0.09984523889233943,0.05653768701688655,-0.08504655678044681,False,False,0.045445726279124306,0.09089145255824861,0.0454394141790574,0.0908788283581148
2580,43.0,False,False,49.661501570951714,50.0,68.25209778812008,49.22601475391876,51.870136404320874,47.198842791860294,74.0,-0.3384984290482862,2.3724096750915415,2.396133771842457,2.382433147440324,1.356760612366105,2.421538240937105,1.3563705544819895,1.386169309554043,2.396133771842457,1.2863040426168426,1.4704401923347115,1.091878296360983,1.2863040426168426,1.4704401923347115,2.311090486524278,2.4526968133939824,0.08427088278066841,-0.09986526693720044,0.05656304155152547,-0.08504328531817906,False,False,0.0454394141790574,0.0908788283581148,0.04543312448124732,0.09086624896249464
2585,43.083333333333336,False,False,49.66235552716051,50.0,68.2545762798953,49.22686972735952,51.87140256146987,47.19911149263348,74.0,-0.33764447283949295,2.371863788111443,2.3955824259925573,2.38189364995913,1.3568695485113376,2.4210710779050926,1.356480886412256,1.3863080239764713,2.3955824259925573,1.2864228167000362,1.470600584115556,1.0919671135646696,1.2864228167000362,1.470600584115556,2.3105423806199914,2.4521707403673667,0.0842925601390847,-0.09988520727643513,0.05658831437480938,-0.08504004537256593,False,False,0.04543312448124732,0.09086624896249464,0.04542685707173786,0.09085371414347572
2590,43.166666666666664,False,False,49.66320858265258,50.0,68.25704930654666,49.2277237995918,51.87266631176976,47.19938130492518,74.0,-0.33679141734742046,2.3713203272801926,2.3950335305529946,2.3813565604936793,1.3569780971696157,2.420605293950584,1.3565908237360085,1.3864459924122456,2.3950335305529946,1.2865409320134258,1.4707601458935373,1.0920556131060495,1.2865409320134258,1.4707601458935373,2.3099966937667147,2.451647036579309,0.08431415348129168,-0.09990506039881986,0.05661350602631421,-0.08503683678627993,False,False,0.04542685707173786,0.09085371414347572,0.045420611837279724,0.09084122367455945
2595,43.25,False,False,49.66406072124058,50.0,68.25951686571956,49.22857695425153,51.87392764344441,47.19965220365047,74.0,-0.33593927875941887,2.370779278608904,2.3944870713949933,2.3808218651730115,1.357086260304296,2.4201408850376547,1.35670036846474,1.3865832201156991,2.3944870713949933,1.2866583934507894,1.4709188832910502,1.0921437966104806,1.2866583934507894,1.4709188832910502,2.309453411992328,2.4511256884364094,0.08433566317535113,-0.09992482666490976,0.05663861704141615,-0.0850336594026655,False,False,0.045420611837279724,0.09084122367455945,0.04541438866531581,0.09082877733063162
2600,43.333333333333336,False,False,49.66491192696913,50.0,68.26197895524516,49.229429174800735,51.875186546473245,47.1999241653833,74.0,-0.3350880730308674,2.3702406281978528,2.393943034479831,2.3802895502143686,1.357194039865673,2.4196778471394036,1.3568095225963654,1.3867197123227926,2.393943034479831,1.2867752057969186,1.4710768018182625,1.092231665688678,1.2867752057969186,1.4710768018182625,2.308912521414104,2.45060668243116,0.08435708949546994,-0.09994450652587394,0.056663647951328944,-0.08503051306572695,False,False,0.04541438866531581,0.09082877733063162,0.04540818744397557,0.09081637488795113
2605,43.416666666666664,False,False,49.66576218411237,50.0,68.26443557313812,49.23028044638141,51.87644301250552,47.20019716827847,74.0,-0.3342378158876329,2.3697043622359026,2.3934014058582616,2.379759601922632,1.3573014377911203,2.419216176237875,1.3569182881153632,1.386855474159256,2.3934014058582616,1.2868913737318,1.4712339068773108,1.092319221936714,1.2868913737318,1.4712339068773108,2.3083740082381237,2.4500900051413965,0.08437843271805479,-0.09996410042745607,0.056688599283134966,-0.08502739762013789,False,False,0.04540818744397557,0.09081637488795113,0.04540200806207682,0.09080401612415363
2610,43.5,False,False,49.66661147717132,50.0,68.2668867175949,49.231130752857446,51.87769702991795,47.200471187601465,74.0,-0.3333885228286775,2.369170466999933,2.392862171669932,2.37923200668976,1.357408456005223,2.418755868323979,1.357026666992924,1.3869905107875637,2.392862171669932,1.2870069020631025,1.4713902039948024,1.0924064669360178,1.2870069020631025,1.4713902039948024,2.3078378587586963,2.4495756432297493,0.08439969320723861,-0.09998360872446121,0.05671347155981721,-0.0850243129112358,False,False,0.04540200806207682,0.09080401612415363,0.04539585040910921,0.09079170081821843
2615,43.583333333333336,False,False,49.66745979087147,50.0,68.26933238699175,49.231980079038706,51.878948590721905,47.2007462019747,74.0,-0.3325402091285312,2.3686389288542715,2.3923253181428143,2.3787067509942226,1.3575150964199136,2.4182969193974144,1.3571346611870934,1.3871248272967023,2.3923253181428143,1.2871217954016319,1.471545698497291,1.0924934022533763,1.2871217954016319,1.471545698497291,2.3073040593577945,2.449063583443107,0.08442087120058872,-0.10000303189507043,0.05673826530029258,-0.08502125878501987,False,False,0.04539585040910921,0.09079170081821843,0.045389714375235056,0.09077942875047011
2620,43.666666666666664,False,False,49.66830711016028,50.0,68.27177257988295,49.23282840957369,51.88019768429123,47.20102218770474,74.0,-0.3316928898397222,2.3681097342501287,2.39179083159263,2.3781838214004507,1.3576213609346033,2.4178393254665953,1.357242272642904,1.3872584287572862,2.39179083159263,1.2872360584563358,1.4717003958062929,1.0925800294702186,1.2872360584563358,1.4717003958062929,2.306772596504475,2.448553812612079,0.08444196704900664,-0.1000223703009504,0.056762981019448766,-0.08501823508815498,False,False,0.045389714375235056,0.09077942875047011,0.04538359985128468,0.09076719970256936
2625,43.75,False,False,49.66915342020478,50.0,68.27420729499877,49.23367573043314,51.88144430386608,47.20129912466365,74.0,-0.3308465797952209,2.367582869725033,2.3912586984222832,2.377663204558277,1.3577272514363112,2.41738308254858,1.3573495032925207,1.3873913201480719,2.3912586984222832,1.2873496957287096,1.4718543011327132,1.0926663501533314,1.2873496957287096,1.4718543011327132,2.306243456754317,2.4480463176504528,0.08446298098464133,-0.10004162441936226,0.05678761922816955,-0.08501524166796637,False,False,0.04538359985128468,0.09076719970256936,0.04537750672874861,0.09075501345749722
2630,43.833333333333336,False,False,49.669998706389165,50.0,68.27663653124371,49.23452202632228,51.88268843803658,47.20157698858689,74.0,-0.3300012936108345,2.3670583219022725,2.3907289051212954,2.377144887202385,1.357832769799795,2.416928186669001,1.3574563550553693,1.3875235064845584,2.3907289051212954,1.2874627119133002,1.4720074198773634,1.0927523658255722,1.2874627119133002,1.4720074198773634,2.305716626748858,2.4475410855546715,0.08448391339280503,-0.10006079457125816,0.0568121804333761,-0.08501227837243741,False,False,0.04537750672874861,0.09075501345749722,0.0453714348997735,0.090742869799547
2635,43.916666666666664,False,False,49.67084295431234,50.0,68.27906028769468,49.23536728290469,51.8839300799275,47.20185575937893,74.0,-0.32915704568765847,2.3665360774903372,2.390201438265241,2.376628856151765,1.3579379178876754,2.4164746338619985,1.3575628298382743,1.387654992708758,2.390201438265241,1.2875751114660923,1.4721597571993634,1.0928380780244424,1.2875751114660923,1.4721597571993634,2.3051920932150223,2.4470381034032873,0.0845047644906054,-0.10007988124266576,0.05683666513804653,-0.08500934505021851,False,False,0.0453714348997735,0.090742869799547,0.0453653842571516,0.0907307685143032
2640,44.0,False,False,49.671686149785664,50.0,68.28147856359908,49.23621148643524,51.88516922072509,47.20213541525896,74.0,-0.3283138502143359,2.3660161232823627,2.389676284515186,2.376115098309155,1.3580426975505606,2.4160224201701554,1.3576689295355888,1.387785783707568,2.389676284515186,1.2876868989089518,1.4723113183206047,1.0929234882727996,1.2876868989089518,1.4723113183206047,2.3046698429645756,2.4465373583564483,0.08452553461303669,-0.10009888479861617,0.056861073841262044,-0.08500644155061066,False,False,0.0453653842571516,0.0907307685143032,0.0453593546943255,0.090718709388651
2645,44.083333333333336,False,False,49.672528278830576,50.0,68.28389135837304,49.2370546222826,51.88640585130669,47.20241593423424,74.0,-0.3274717211694238,2.365498446155581,2.389153430617137,2.375603600660512,1.3581471106271688,2.4155715416444363,1.3577746560293233,1.387915884386257,2.389153430617137,1.2877980787531804,1.4724621084493126,1.0930085981081448,1.2877980787531804,1.4724621084493126,2.3041498628935577,2.446038837655364,0.08454622406305567,-0.10011780563307648,0.056885407038226976,-0.0850035677235792,False,False,0.0453593546943255,0.090718709388651,0.04535334610537506,0.09070669221075012
2650,44.166666666666664,False,False,49.673369327676276,50.0,68.28629867159965,49.237896676783116,51.887639964334134,47.202697295992685,74.0,-0.32663067232372356,2.364983033070769,2.3886328634014764,2.375094350274461,1.3582511589444495,2.4151219943441244,1.3578800111892753,1.3880452995766064,2.3886328634014764,1.287908655401245,1.4726121326818016,1.093093409009407,1.287908655401245,1.4726121326818016,2.3036321399817328,2.4455425286217785,0.0845668331051952,-0.10013664417536128,0.05690966522030205,-0.08500072341974363,False,False,0.04535334610537506,0.09070669221075012,0.04534735838501264,0.09069471677002527
2655,44.25,False,False,49.6742092827575,50.0,68.28870050302713,49.238737636873495,51.88887155229966,47.202979480135475,74.0,-0.32579071724249786,2.364469871071704,2.3881145697824206,2.3745873343017556,1.358354844317702,2.414673774336763,1.35798499687315,1.3881740340552824,2.3881145697824206,1.2880186332387904,1.4727613960944947,1.0931779224848015,1.2880186332387904,1.4727613960944947,2.3031166612920453,2.445048418657465,0.08458736203921235,-0.10015540081649199,0.05693384887504438,-0.08499790849037536,False,False,0.04534735838501264,0.09069471677002527,0.04534139142858338,0.09068278285716676
2660,44.333333333333336,False,False,49.675048130712256,50.0,68.29109685256701,49.23957748861354,51.890100606275695,47.20326246504595,74.0,-0.32495186928774444,2.36395894728462,2.387598536757466,2.374082539974755,1.3584581685506945,2.4142268776981033,1.35808961492669,1.388302092617323,2.387598536757466,1.2881280166935705,1.472909903802876,1.0932621400132576,1.2881280166935705,1.472909903802876,2.3026034139700577,2.4445564952436922,0.08460781118555283,-0.1001740759237526,0.05695795848622609,-0.0849951227874084,False,False,0.04534139142858338,0.09068278285716676,0.04533544513205536,0.09067089026411072
2665,44.416666666666664,False,False,49.67588585837959,50.0,68.2934877202925,49.24041621903972,51.89132711984313,47.20354623144177,74.0,-0.32411414162041297,2.3634502489176663,2.387084751406843,2.3735799546068748,1.3585611334357761,2.413781300512044,1.3581938671837916,1.3884294799842791,2.387084751406843,1.2882368100509074,1.4730576607769603,1.0933460630883474,1.2882368100509074,1.4730576607769603,2.302092385243422,2.4440667459407126,0.0846281807926812,-0.10019266993337173,0.05698199453386943,-0.0849923661634211,False,False,0.04533544513205536,0.09067089026411072,0.04532951939201643,0.09065903878403286
2670,44.5,False,False,49.67672245279731,50.0,68.2958731064366,49.241253815057846,51.89255108471767,47.20383075841921,74.0,-0.32327754720269297,2.3629437632603714,2.386573200892975,2.373079565592067,1.3586637407539943,2.4133370388705813,1.3582977554666322,1.3885562008593297,2.386573200892975,1.2883450176594706,1.4732046720470922,1.0934296931450718,1.2883450176594706,1.4732046720470922,2.301583562421326,2.4435791583872564,0.08464847118776242,-0.10021118319985911,0.05700595749428139,-0.08498963847164909,False,False,0.04532951939201643,0.09065903878403286,0.04532361410566327,0.09064722821132654
2675,44.583333333333336,False,False,49.67755790120004,50.0,68.29825301139051,49.24209026381613,51.89377249416754,47.204116026543545,74.0,-0.3224420987999608,2.3624394776831066,2.3860638724599377,2.372581360404291,1.3587659922752053,2.4128940888737582,1.3584012815857784,1.3886822599089101,2.3860638724599377,1.2884526437707318,1.4733509425434135,1.0935130316770028,1.2884526437707318,1.4733509425434135,2.301076932893963,2.4430937203000154,0.08466868263450333,-0.10022961613817838,0.057029847840077696,-0.08498693956597458,False,False,0.04532361410566327,0.09064722821132654,0.04531772917081609,0.09063545834163218
2680,44.666666666666664,False,False,49.67839219101676,50.0,68.30062743570181,49.24292555307839,51.89499134146607,47.204402016449265,74.0,-0.32160780898323793,2.3619373796365553,2.3855567534329207,2.3720853265969892,1.3588678897581836,2.4124524466296142,1.3585044473403138,1.3888076617443403,2.3855567534329207,1.288559692611875,1.4734964771687866,1.0935960801044986,1.288559692611875,1.4734964771687866,2.300572484131988,2.4426104194731364,0.08468881542444628,-0.10024796913246536,0.05705366604021567,-0.08498426930093261,False,False,0.04531772917081609,0.09063545834163218,0.04531186448588118,0.09062372897176237
2685,44.75,False,False,49.67922530986897,50.0,68.3029963800728,49.24375967048677,51.896207619632584,47.20468870860548,74.0,-0.32077469013103155,2.3614374566511835,2.3850518312176954,2.371591451802562,1.3589694349507346,2.4120121082541406,1.3586072545179457,1.3889324109585686,2.3850518312176954,1.2886661683981109,1.4736412808111272,1.0936788398918453,1.2886661683981109,1.4736412808111272,2.300070203685994,2.4421292437777176,0.08470886985255865,-0.10026624256045769,0.05707741256002219,-0.08498162753170124,False,False,0.04531186448588118,0.09062372897176237,0.045306019949882016,0.09061203989976403
2690,44.833333333333336,False,False,49.68005724556841,50.0,68.30535984535877,49.244592603194626,51.89742132097768,47.204976082904295,74.0,-0.3199427544315867,2.360939696336713,2.38454909330008,2.371099723731856,1.3590706295897979,2.4115730698712303,1.358709704895121,1.3890565121445433,2.38454909330008,1.288772075354212,1.4737853583649534,1.093761312444758,1.288772075354212,1.4737853583649534,2.299570079185971,2.441650181161304,0.0847288462204101,-0.10028443679033128,0.05710108786122392,-0.08497901411410913,False,False,0.045306019949882016,0.09061203989976403,0.045300195462428625,0.09060039092485725
2695,44.916666666666664,False,False,49.680887986114975,50.0,68.30771783256637,49.24542433971997,51.8986324405243,47.20526412175393,74.0,-0.3191120138850252,2.3604440863816,2.3840485272454157,2.3706101301736373,1.3591714754015571,2.411135327612639,1.3588118002371405,1.3891799698033538,2.3840485272454157,1.2888774175538096,1.4739287145706939,1.0938434991835948,1.2888774175538096,1.4739287145706939,2.2990720983407917,2.441173219647396,0.08474874476734007,-0.10030255224954421,0.05712469240198015,-0.08497642890462398,False,False,0.045300195462428625,0.09060039092485725,0.04529439092371775,0.0905887818474355
2700,45.0,False,False,49.68171751969484,50.0,68.31007034285194,49.24625486809796,51.89984097070677,47.205552805285066,74.0,-0.3182824803051574,2.3599506145525115,2.3835501206980365,2.370122658994094,1.3592719741015409,2.410698877617938,1.358913542298263,1.3893027884360891,2.3835501206980365,1.2889821991687658,1.4740713542640804,1.0939254015433562,1.2889821991687658,1.4740713542640804,2.2985762489376733,2.4406983473349375,0.0847685658279913,-0.10032058926732335,0.057148226636901,-0.0849738717603632,False,False,0.04529439092371775,0.0905887818474355,0.045288606234547245,0.09057721246909449
2705,45.083333333333336,False,False,49.6825458346782,50.0,68.31241737751985,49.24708417699408,51.90104690662973,47.20584211610574,74.0,-0.3174541653217986,2.359459268693811,2.3830538613807493,2.3696372981363054,1.359372127394727,2.4102637160344766,1.3590149328218195,1.389424972488723,2.3830538613807493,1.289086424222063,1.4742132821290448,1.0940070209151145,1.289086424222063,1.4742132821290448,2.298082518841671,2.44022555239784,0.08478830964032169,-0.10033854826666011,0.05717169101709052,-0.08497134253907834,False,False,0.045288606234547245,0.09057721246909449,0.045282841296279415,0.09056568259255883
2710,45.166666666666664,False,False,49.68337291961736,50.0,68.31475893802082,49.24791225422679,51.9022502402212,47.20613203401398,74.0,-0.31662708038263787,2.3589700367270425,2.382559737094313,2.369154035619755,1.3594719369756458,2.4098298390173425,1.3591159735403187,1.3895465264256017,2.382559737094313,1.2891900968628525,1.4743545029727907,1.0940883587045847,1.2891900968628525,1.4743545029727907,2.297590895995144,2.4397548230844754,0.08480797654718897,-0.10035642956274926,0.05719508599016265,-0.08496884109916891,False,False,0.045282841296279415,0.09056568259255883,0.0452770960108619,0.0905541920217238
2715,45.25,False,False,49.68419876324483,50.0,68.31709502595041,49.24873908936088,51.903450968340216,47.20642254332864,74.0,-0.3158012367551706,2.3584829066504174,2.3820677357169218,2.3686728595398097,1.3595714045284768,2.4093972427293204,1.3592166661755498,1.3896674546008398,2.3820677357169218,1.2892932209853951,1.4744950213447383,1.0941694162735531,1.2892932209853951,1.4744950213447383,2.2971013684172576,2.439286147717198,0.08482756674389846,-0.10037423361544473,0.05721841200027633,-0.08496636729966411,False,False,0.0452770960108619,0.0905541920217238,0.045271370280818575,0.09054274056163715
2720,45.333333333333336,False,False,49.68502335447117,50.0,68.31942564304725,49.24956467037988,51.904649081988374,47.206713623133936,74.0,-0.3149766455288301,2.357997866538307,2.38157784520369,2.368193758067228,1.3596705317271482,2.408965923340864,1.3593170124386884,1.3897877614236678,2.38157784520369,1.2893958007364517,1.474634842043937,1.0942501950130918,1.2893958007364517,1.474634842043937,2.2966139242034527,2.4388195146918537,0.08484708062026924,-0.10039196068721612,0.05724166948816345,-0.08496392100023753,False,False,0.045271370280818575,0.09054274056163715,0.04526566400923145,0.0905313280184629
2725,45.416666666666664,False,False,49.68584668238326,50.0,68.32175079119165,49.25038898701938,51.90584457881699,47.207005258588026,74.0,-0.3141533176167428,2.357514904540737,2.3810900535861443,2.367716719447653,1.359769320235436,2.4085358770300496,1.3594170140303983,1.389907451193085,2.3810900535861443,1.2894978399273649,1.474773969531157,1.0943306962996304,1.2894978399273649,1.474773969531157,2.296128551524954,2.4383549124772945,0.08486651833807213,-0.10040961126572001,0.05726485889115018,-0.08496150206119024,False,False,0.04526566400923145,0.0905313280184629,0.04525997709975789,0.09051995419951578
2730,45.5,False,False,49.686668736242154,50.0,68.32407047240375,49.251212028549666,51.90703745141045,47.207297430328616,74.0,-0.3133312637578456,2.357034008882883,2.380604348971712,2.3672417320011245,1.3598677717070577,2.4081070999825536,1.359516672640934,1.3900265282080908,2.380604348971712,1.289599342585092,1.4749124084799392,1.0944109214803122,1.289599342585092,1.4749124084799392,2.2956452386282487,2.4378923296149093,0.0848858802718484,-0.1004271856229988,0.0572879806431974,-0.08495911034346326,False,False,0.04525997709975789,0.09051995419951578,0.04525430945660305,0.0905086189132061
2735,45.583333333333336,False,False,49.68748950548145,50.0,68.32638468884223,49.25203378414851,51.90822769538324,47.207590121793885,74.0,-0.3125104945185484,2.356555167864571,2.380120719543217,2.3667687841215788,1.359965887785768,2.407679588391611,1.359615989950235,1.3901449967493136,2.380120719543217,1.2897003125716375,1.4750501633960378,1.0944908719169235,1.2897003125716375,1.4750501633960378,2.2951639738345917,2.4374317547181263,0.0849051666467242,-0.10044468417767605,0.05731103517490954,-0.0849567457086251,False,False,0.04525430945660305,0.0905086189132061,0.04524866098454199,0.09049732196908399
2740,45.666666666666664,False,False,49.68830897970509,50.0,68.32869344280249,49.25285424327419,51.909415304850214,47.207883315126296,74.0,-0.3116910202949086,2.356078369859779,2.3796391535583767,2.3662978642763592,1.3600636701054505,2.407253338457993,1.3597149676280305,1.3902628610606371,2.3796391535583767,1.289800753797174,1.4751872388305591,1.0945705489419653,1.289800753797174,1.4751872388305591,2.2946847455395014,2.4369731764719575,0.08492437776992201,-0.10046210726346305,0.05733402291358081,-0.08495440801887533,False,False,0.04524866098454199,0.09049732196908399,0.045243031588883105,0.09048606317776621
2745,45.75,False,False,49.68912714868577,50.0,68.3309967367153,49.25367339603838,51.91060027594335,47.208176994352144,74.0,-0.3108728513142296,2.3556036033161436,2.379159639349305,2.3658289610057297,1.3601611202902106,2.406828346389971,1.3598136073339326,1.39038012533083,2.379159639349305,1.2899006700548261,1.4753236392147548,1.094649953902581,1.2899006700548261,1.4753236392147548,2.294207542212264,2.436516583632515,0.08494351388392474,-0.10047945527600399,0.05735694428320981,-0.084952097137041,False,False,0.045243031588883105,0.09048606317776621,0.04523742117549742,0.09047484235099484
2750,45.833333333333336,False,False,49.689944002362914,50.0,68.3332945731452,49.25449123209872,51.91178260270017,47.20847114166356,74.0,-0.310055997637086,2.355130856754469,2.378682165322014,2.3653620629223893,1.3602582399544654,2.4064046084032906,1.3599119107175328,1.3904967937486616,2.378682165322014,1.290000065214131,1.4754593690535014,1.094729088131271,1.290000065214131,1.4754593690535014,2.29373235239544,2.4360619650265445,0.08496257530483975,-0.10049672853453062,0.057379799704530665,-0.084949812926574,False,False,0.04523742117549742,0.09047484235099484,0.045231829650787696,0.09046365930157539
2755,45.916666666666664,False,False,49.69075953084102,50.0,68.33558695478888,49.255307741401815,51.91296228093929,47.20876574092238,74.0,-0.3092404691589792,2.354660118768236,2.3782067199559185,2.364897158710992,1.3603550307030337,2.405982120721146,1.3600098794184923,1.390612870466157,2.3782067199559185,1.2900989430389518,1.4755944327432213,1.0948079529312509,1.2900989430389518,1.4755944327432213,2.2932591647043625,2.4356093095509572,0.08498156227706444,-0.10051392742720511,0.057402589595038744,-0.08494755525155595,False,False,0.045231829650787696,0.09046365930157539,0.04522625692170537,0.09045251384341074
2760,46.0,False,False,49.69157372438768,50.0,68.33787388447386,49.2561229149261,51.9141393070458,47.20906077656151,74.0,-0.3084262756123195,2.354191378023118,2.377733291803349,2.36443423712766,1.3604514941312227,2.405560879574151,1.36010751506664,1.3907283595618538,2.377733291803349,1.2901973072447206,1.4757288346291442,1.0948865496350209,1.2901973072447206,1.4757288346291442,2.2927879678266674,2.4351586061723656,0.08500047506729036,-0.10053105231713322,0.057425314369016434,-0.08494532397668175,False,False,0.04522625692170537,0.09045251384341074,0.04522070289572557,0.09044140579145114
2765,46.083333333333336,False,False,49.69238657343198,50.0,68.34015536515685,49.2569367420943,51.915313674374204,47.20935623033251,74.0,-0.30761342656801816,2.3537246232564963,2.3772618694890615,2.3639732869995163,1.360547631824916,2.4051408812003157,1.3602048192820604,1.3908432651694056,2.3772618694890615,1.2902951616677125,1.4758625791745905,1.0949648795165103,1.2902951616677125,1.4758625791745905,2.292318750521785,2.434709843926623,0.08501931400518492,-0.10054810350169308,0.057447974437561555,-0.08494311896727647,False,False,0.04522070289572557,0.09044140579145114,0.0452151674808655,0.090430334961731
2770,46.166666666666664,False,False,49.69319806856261,50.0,68.34243139992228,49.257749214476625,51.91648538179724,47.20965208903416,74.0,-0.3068019314373913,2.3532598432769825,2.3767924417097523,2.363514297224204,1.3606434453606582,2.4047221218450234,1.3603017936751833,1.3909575912938634,2.3767924417097523,1.2903925098632139,1.4759956705591566,1.09504294390822,1.2903925098632139,1.4759956705591566,2.291851501620476,2.434263011918361,0.08503807926529316,-0.10056508143064957,0.057470570208608684,-0.08494094008927622,False,False,0.0452151674808655,0.090430334961731,0.04520965058566064,0.09041930117132128
2775,46.25,False,False,49.69400820052617,50.0,68.34470199198086,49.25856032209318,51.91765442201116,47.20994833393923,74.0,-0.30599179947382993,2.3527970269639384,2.376324997233578,2.3630572567694186,1.3607389363057403,2.404304597761007,1.3603984398468738,1.3910713419953935,2.376324997233578,1.2904893556555417,1.4761281132287443,1.0951207440694362,1.2904893556555417,1.4761281132287443,2.291386210024338,2.43381809932054,0.08505677123335076,-0.10058198633985183,0.05749310208696201,-0.08493878720923975,False,False,0.04520965058566064,0.09041930117132128,0.04520415211917356,0.09040830423834711
2780,46.333333333333336,False,False,49.69481696022541,50.0,68.34696714466814,49.259370056006915,51.91882079336951,47.21024495149266,74.0,-0.30518303977459027,2.3523361632670037,2.3758595248996737,2.362602154672439,1.3608341062182814,2.403888305208328,1.3604947593885226,1.391184521260675,2.3758595248996737,1.2905857025817538,1.4762599113392858,1.0951982813033738,1.2905857025817538,1.4762599113392858,2.290922864705338,2.433375095373985,0.08507539007861076,-0.10059881867892129,0.05751557047431133,-0.08493666019433554,False,False,0.04520415211917356,0.09040830423834711,0.045198671990981654,0.09039734398196331
2785,46.416666666666664,False,False,49.69562433871761,50.0,68.34922686144301,49.260178407216266,51.91998449047109,47.210541924802214,74.0,-0.3043756612823927,2.3518772412056226,2.375396013617679,2.3621489800396613,1.3609289566473128,2.403473240454356,1.3605907538821265,1.3912971330580148,2.375396013617679,1.2906815543343386,1.4763910691994455,1.0952755568693193,1.2906815543343386,1.4763910691994455,2.290461454705328,2.4329339893869464,0.08509393614143068,-0.10061557872367621,0.05753797576926756,-0.08493455891235069,False,False,0.045198671990981654,0.09039734398196331,0.045193210111183914,0.09038642022236783
2790,46.5,False,False,49.69643032721282,50.0,68.35148114588628,49.26098536702792,51.92114551078799,47.2108392396302,74.0,-0.3035696727871766,2.3514202498685766,2.3749344523672624,2.361697722046137,1.361023489132856,2.403059399773748,1.3606864249003763,1.391409181318977,2.3749344523672624,1.2907769144496926,1.4765215909591116,1.0953525720412018,1.2907769144496926,1.4765215909591116,2.290001969135586,2.432494770734641,0.08511240964013456,-0.1006322668692845,0.05756031836737874,-0.08493248323167624,False,False,0.045193210111183914,0.09038642022236783,0.045187766390386644,0.09037553278077329
2795,46.583333333333336,False,False,49.69723491707223,50.0,68.35373000169925,49.2617909270595,51.92230385044645,47.2111368805789,74.0,-0.3027650829277704,2.350965178413517,2.374474830197652,2.3612483699351134,1.3611177052060064,2.4026467794484314,1.3607817740067414,1.3915206699383815,2.374474830197652,1.2908717865066413,1.4766514808079287,1.0954293280783076,1.2908717865066413,1.4766514808079287,2.289544397176332,2.4320574288588133,0.08513081086954721,-0.10064888343174028,0.05758259866116111,-0.08493043302132008,False,False,0.045187766390386644,0.09037553278077329,0.04518234073970357,0.09036468147940714
2800,46.666666666666664,False,False,49.69803809980646,50.0,68.35597343270231,49.2625950785022,51.923459505670124,47.21143483239503,74.0,-0.30196190019353963,2.3505120160665047,2.37401713622717,2.360800913017573,1.3612116063890078,2.402235375767586,1.360876802755553,1.3916316028110487,2.37401713622717,1.2909661740587057,1.476780742907577,1.0955058262252806,1.2909661740587057,1.476780742907577,2.2890887280762806,2.4316219532672934,0.0851491400965283,-0.10066542875234297,0.057604817040123546,-0.0849284081508892,False,False,0.04518234073970357,0.09036468147940714,0.045176933070752316,0.09035386614150463
2805,46.75,False,False,49.69883986707403,50.0,68.35821144283352,49.263397812863595,51.924612473115374,47.211733080272516,74.0,-0.3011601329259719,2.3500607521215464,2.373561359642762,2.360355340671787,1.3613051941953336,2.4018251850276253,1.3609715126920838,1.3917419837950546,2.373561359642762,1.2910600806184678,1.4769093813761522,1.095582067712121,1.2910600806184678,1.4769093813761522,2.2886349511521606,2.431188333533545,0.08516739758109759,-0.10068190317658687,0.057626973890783084,-0.08492640849060118,False,False,0.045176933070752316,0.09035386614150463,0.04517154329565364,0.09034308659130728
2810,46.833333333333336,False,False,49.699640210679675,50.0,68.3604440361472,49.26419912197014,51.92576274966224,47.212031609663214,74.0,-0.3003597893203249,2.34961137594014,2.3731074896995414,2.359911642342853,1.3613984701297615,2.401416203532184,1.3610659053526286,1.3918518167117326,2.3731074896995414,1.2911535096675297,1.4770374002981348,1.0956580538127583,1.2911535096675297,1.4770374002981348,2.2881830557882674,2.4307565592962472,0.08518558358640216,-0.1006983070442029,0.05764906959670579,-0.08492443391127402,False,False,0.04517154329565364,0.09034308659130728,0.04516617132702298,0.09033234265404597
2815,46.916666666666664,False,False,49.70043912257273,50.0,68.36267121681266,49.264998997970025,51.926910332552396,47.21233040640128,74.0,-0.2995608774272682,2.349163876950818,2.3726555157203264,2.3594698075422573,1.3614914356884484,2.4010084275921,1.361159982264587,1.391961105345672,2.3726555157203264,1.291246464650156,1.4771648037180467,1.0957337857279073,1.291246464650156,1.4771648037180467,2.2877330314359985,2.4303266202588407,0.08520369837237474,-0.10071464069551594,0.05767110453851432,-0.08492248428432791,False,False,0.04516617132702298,0.09033234265404597,0.045160817077965903,0.09032163415593181
2820,47.0,False,False,49.70123659484567,50.0,68.36489298911266,49.265797432965584,51.92805521868068,47.21262945606254,74.0,-0.2987634051543324,2.348718244648697,2.3722054270951842,2.3590298258474194,1.361584092359008,2.4006018535254023,1.361253744946535,1.3920698534630902,2.3722054270951842,1.2913389490067133,1.477291595673902,1.0958092646875686,1.2913389490067133,1.477291595673902,2.2872848676134043,2.4298985061891054,0.08522174221081169,-0.10073090445637689,0.057693079093921185,-0.0849205594817799,False,False,0.045160817077965903,0.09032163415593181,0.04515548046208546,0.09031096092417092
2825,47.083333333333336,False,False,49.702032619732336,50.0,68.36710935744216,49.2665944193861,51.92919740567644,47.21292874494149,74.0,-0.29796738026766434,2.348274468595029,2.371757213280979,2.3585916869012546,1.3616764416205798,2.400196477657297,1.3613471949083114,1.3921780647934612,2.371757213280979,1.2914309661229546,1.4774177801465052,1.0958844919070998,1.2914309661229546,1.4774177801465052,2.286838553904733,2.4294722069187293,0.08523971535304398,-0.10074709867050657,0.05771499363775012,-0.0849186593762461,False,False,0.04515548046208546,0.09031096092417092,0.04515016139345884,0.09030032278691769
2830,47.166666666666664,False,False,49.70282718960665,50.0,68.36932032630702,49.26738994888031,51.93033688934362,47.21322825773712,74.0,-0.29717281039334864,2.3478325384167538,2.3713108638009213,2.3581553804117314,1.3617684849439053,2.3997922963201543,1.3614403336510852,1.3922857430846307,2.3713108638009213,1.291522519450519,1.4775433611799622,1.0959594685872163,1.291522519450519,1.4775433611799622,2.2863940799599862,2.4290477123428826,0.0852576180953315,-0.10076322363411161,0.05773684854196137,-0.08491678384093504,False,False,0.04515016139345884,0.09030032278691769,0.04514485978665937,0.09028971957331874
2835,47.25,False,False,49.70362029698087,50.0,68.3715259003225,49.268184014539045,51.93147366904748,47.21352798242188,74.0,-0.2963797030191273,2.3473924438060565,2.370866368244117,2.3577208961514344,1.3618602237913984,2.399389305853497,1.3615331626674372,1.3923928919925856,2.370866368244117,1.2916136122537605,1.4776683426285204,1.0960341959432753,1.2916136122537605,1.4776683426285204,2.2859514354944666,2.428625012419784,0.08527545063593478,-0.10077927973882517,0.05775864417566723,-0.08491493274965034,False,False,0.04514485978665937,0.09028971957331874,0.04513957555672787,0.09027915111345575
2840,47.333333333333336,False,False,49.70441193450421,50.0,68.37372608421205,49.26897660867782,51.93260774053555,47.21382790375183,74.0,-0.2955880654957923,2.346954174519928,2.3704237162651274,2.3572882239571253,1.3619516596172163,2.3989875026039895,1.3616256834414293,1.3924995151916846,2.3704237162651274,1.2917042479474505,1.477792728494286,1.0961086751759923,1.2917042479474505,1.477792728494286,2.2855106102883465,2.4282040971703003,0.08529321330260142,-0.10079526724423404,0.0577803809051729,-0.08491310597678092,False,False,0.04513957555672787,0.09027915111345575,0.04513430861918796,0.09026861723837593
2845,47.416666666666664,False,False,49.705202094961244,50.0,68.37592088280606,49.26976772431937,51.93373910301776,47.21412800966653,74.0,-0.2947979050387559,2.3465177203797247,2.369982897583522,2.3568573537293234,1.362042793867328,2.398586882925428,1.3617178974486812,1.3926056163011709,2.369982897583522,1.2917944297639803,1.4779165225944357,1.096182907442153,1.2917944297639803,1.4779165225944357,2.2850715941862085,2.427784956677493,0.08531090629326488,-0.10081118653719057,0.05780205909397118,-0.08491130339731345,False,False,0.04513430861918796,0.09026861723837593,0.04512905889003105,0.0902581177800621
2850,47.5,False,False,49.70599077127056,50.0,68.37811030104038,49.27055735408625,51.93486775278353,47.2144282855189,74.0,-0.29400922872944335,2.3460830712707357,2.3695439019834432,2.356428275431851,1.3621336279795841,2.3981874431787307,1.3618098061564412,1.3927111989402874,2.3695439019834432,1.2918841610536216,1.4780397288614902,1.0962568939571156,1.2918841610536216,1.4780397288614902,2.284634377096634,2.4273675810862434,0.08532852992120277,-0.1008270378866658,0.057823679102800174,-0.08490952488680925,False,False,0.04512905889003105,0.0902581177800621,0.045123826285722785,0.09024765257144557
2855,47.583333333333336,False,False,49.70677795648308,50.0,68.3802943439552,49.27134549131329,51.93599368914935,47.214728719451095,74.0,-0.29322204351691994,2.3456502171417495,2.369106719313167,2.356000979091439,1.362224163383785,2.3977891797319266,1.3619014110236571,1.3928162666731623,2.369106719313167,1.2919734450049842,1.478162351063786,1.0963306358776663,1.2919734450049842,1.478162351063786,2.284198948991744,2.4269519606027976,0.08534608439062374,-0.10084282166817804,0.05784524128963042,-0.08490777032142338,False,False,0.045123826285722785,0.09024765257144557,0.0451186107231844,0.0902372214463688
2860,47.666666666666664,False,False,49.70756364378086,50.0,68.38247301669362,49.27213212931024,51.93711690942275,47.21502929784202,74.0,-0.29243635621914166,2.3452191480046243,2.3686713394846706,2.355575454797271,1.3623144015017465,2.397392088960151,1.3619927135010483,1.3929208230455514,2.3686713394846706,1.2920622848819465,1.4782843930424128,1.0964041343752342,1.2920622848819465,1.4782843930424128,2.2837652999067832,2.4265380854943905,0.08536356999686134,-0.1008585381636049,0.05786674600971997,-0.08490603957788734,False,False,0.0451186107231844,0.0902372214463688,0.04511341211981132,0.09022682423962264
2865,47.75,False,False,49.70834782647552,50.0,68.38464632450055,49.27291726099422,51.93823741149089,47.21533000764715,74.0,-0.2916521735244828,2.3447898539338623,2.368237752473201,2.355151692700587,1.3624043437473659,2.396996167245636,1.362083715031171,1.393024871603211,2.368237752473201,1.29215068390205,1.4784058585896256,1.0964773906066057,1.29215068390205,1.4784058585896256,2.2833334199396873,2.4261259460888076,0.08538098698641461,-0.10087418770116097,0.05788819361560682,-0.08490433253351348,False,False,0.04511341211981132,0.09022682423962264,0.04510823039345265,0.0902164607869053
2870,47.833333333333336,False,False,49.709130498006814,50.0,68.38681427272124,49.27370087963223,51.93935519342571,47.215630836040916,74.0,-0.2908695019931855,2.3443623250661836,2.3678059483168457,2.3547296830142477,1.3624939915266892,2.396601410977701,1.362174417048491,1.3931284158551533,2.3678059483168457,1.292238645255198,1.4785267514675506,1.096550405728567,1.292238645255198,1.4785267514675506,2.2829032992506533,2.425715532774004,0.08539833561239729,-0.10088977059995541,0.057909584457158214,-0.08490264906619238,False,False,0.04510823039345265,0.0902164607869053,0.04510306546241124,0.09020613092482248
2875,47.916666666666664,False,False,49.70991165194129,50.0,68.38897686680028,49.274482979583546,51.94047025499002,47.215931771778216,74.0,-0.29008834805870976,2.3439365516001076,2.367375917116109,2.3543094160123283,1.3625833462379726,2.3962078165527516,1.3622648209794497,1.393231459236904,2.367375917116109,1.292326172032944,1.4786470753374863,1.0966231808832618,1.292326172032944,1.4786470753374863,2.282474928061718,2.4253068359976773,0.08541561610058235,-0.10090528720395997,0.05793091888156843,-0.08490098905439103,False,False,0.04510306546241124,0.09020613092482248,0.04509791724544576,0.09019583449089152
2880,48.0,False,False,49.7106912819708,50.0,68.39113411228007,49.27526355371243,51.94158259230639,47.21623280037503,74.0,-0.2893087180291971,2.343512523795532,2.366947649033487,2.3538908820296975,1.3626724092717488,2.39581538037427,1.36235492824253,1.3933340052391032,2.366947649033487,1.2924132674793094,1.4787668340107367,1.096695717242119,1.2924132674793094,1.4787668340107367,2.282048296656341,2.424899846266887,0.0854328287716335,-0.10092073775979382,0.05795219723340006,-0.08489935237714619,False,False,0.04509791724544576,0.09019583449089152,0.0450927856617597,0.0901855713235194
2885,48.083333333333336,False,False,49.71146938191131,50.0,68.39328601479987,49.27604259635029,51.94269220625973,47.2165339117033,74.0,-0.28853061808869285,2.3430902319733184,2.3665211342930514,2.353474071461614,1.3627611820108874,2.3954240988528084,1.3624447402483213,1.3934360572605329,2.3665211342930514,1.292499934595777,1.478886031053608,1.0967680159033535,1.292499934595777,1.478886031053608,2.2816233953789813,2.4244945541476444,0.08544997379307517,-0.10093612266475582,0.05797341985459292,-0.08489773891407015,False,False,0.0450927856617597,0.0901855713235194,0.045087670631012176,0.09017534126202435
2890,48.166666666666664,False,False,49.71224594570133,50.0,68.39543258009442,49.27682010107841,51.9437990933962,47.21683509176437,74.0,-0.2877540542986665,2.3426696665148783,2.366096363180027,2.3530589747633126,1.3628496658306575,2.395033968405988,1.3625342583995868,1.3935376187183466,2.366096363180027,1.2925861765693831,1.4790046702155208,1.0968400780091088,1.2925861765693831,1.4790046702155208,2.281200214634688,2.424090950264516,0.08546705149717426,-0.10095144214896346,0.0579945870844889,-0.08489614854533922,False,False,0.045087670631012176,0.09017534126202435,0.04508257207329585,0.0901651441465917
2895,48.25,False,False,49.71302096740074,50.0,68.39757381399275,49.277596061840185,51.9449032536028,47.21713632962995,74.0,-0.2869790325992625,2.3422508178617627,2.36567332604038,2.352645582449602,1.362937862098789,2.394644985458492,1.362623484091326,1.393638692992954,2.36567332604038,1.2926719964117082,1.4791227550680068,1.0969119046868856,1.2926719964117082,1.4791227550680068,2.2807787448886785,2.423689025300236,0.08548406207505277,-0.10096669658124591,0.058015699259855946,-0.08489458115170168,False,False,0.04508257207329585,0.0901651441465917,0.04507748990914918,0.09015497981829836
2900,48.333333333333336,False,False,49.71379444118935,50.0,68.39970972241703,49.278370473313515,51.94600468584254,47.21743761358715,74.0,-0.28620555881065,2.3418336765152548,2.3652520132804074,2.3522338850944573,1.3630257721755328,2.3942571464420634,1.3627124187108368,1.39373928340965,2.3652520132804074,1.2927573971595425,1.4792402892053875,1.096983497064184,1.2927573971595425,1.4792402892053875,2.2803589766659424,2.4232887699953145,0.0855010057957375,-0.10098188625010751,0.058036756714907156,-0.0848930366144649,False,False,0.04507748990914918,0.09015497981829836,0.045072424059546715,0.09014484811909343
2905,48.416666666666664,False,False,49.714566361365605,50.0,68.40184031138135,49.2791433298034,51.947103389001434,47.21773893190365,74.0,-0.2854336386343945,2.3414182330359643,2.364832415366324,2.3518238733306287,1.3631133974137204,2.3938704477954995,1.3628010636377819,1.3938393932937287,2.364832415366324,1.2928423818351789,1.4793572762050795,1.0970548562245768,1.2928423818351789,1.4793572762050795,2.2799409005508213,2.4228901751476415,0.08551788291135076,-0.10099701145854989,0.058057759781317664,-0.0848915148155025,False,False,0.045072424059546715,0.09014484811909343,0.045067374445893704,0.09013474889178741
2910,48.5,False,False,49.71533672234534,50.0,68.40396558699052,49.27991462487429,51.948199360727806,47.21804027177851,74.0,-0.2846632776546585,2.341004478043424,2.364414522823858,2.351415537849231,1.3632007391588215,2.393484885964652,1.362889420244245,1.3939390259888569,2.364414522823858,1.29292695350111,1.4794737196822978,1.097125983295564,1.29292695350111,1.4794737196822978,2.279524507186612,2.4224932316121124,0.08553469369344091,-0.1010120724877468,0.058078708788254385,-0.08489001563724585,False,False,0.045067374445893704,0.09013474889178741,0.0450623409900328,0.0901246819800656
2915,48.583333333333336,False,False,49.71610551866042,50.0,68.40608555543898,49.2806843539422,51.94929260255181,47.21834162396887,74.0,-0.28389448133957984,2.3405924022156914,2.3639983262378483,2.3510088693993625,1.363287798749004,2.393100457402423,1.3629774898947944,1.3940381847284697,2.3639983262378483,1.2930111150193948,1.4795896230494405,1.0971968793607176,1.2930111150193948,1.4795896230494405,2.279109787275162,2.422097930300234,0.08555143832097079,-0.10102706970907493,0.05809960406238579,-0.08488853896268633,False,False,0.0450623409900328,0.0901246819800656,0.04505732361422951,0.09011464722845902
2920,48.666666666666664,False,False,49.7168727449575,50.0,68.40820022300952,49.28145251131741,51.95038311162631,47.218642975325125,74.0,-0.28312725504250125,2.340181996288952,2.3635838162518414,2.3506038587876983,1.3633745775151893,2.392717158568762,1.3630652739465445,1.3941368727827466,2.3635838162518414,1.2930948694401636,1.4797049899046009,1.0972675455328955,1.2930948694401636,1.4797049899046009,2.2786967315764746,2.421704262179753,0.0855681171218543,-0.10104200334258295,0.05812044592791166,-0.08488708467536688,False,False,0.04505732361422951,0.09011464722845902,0.045052322241177396,0.09010464448235479
2925,48.75,False,False,49.71763839599676,50.0,68.41030959607227,49.28221909205661,51.951470889119804,47.218944316376124,74.0,-0.28236160400324195,2.3397732510571223,2.3631709835676937,2.350200496878114,1.3634610767811095,2.3923349859306673,1.3631527737492108,1.3942350933667513,2.3631709835676937,1.29317821960705,1.4798198236370081,1.0973379828663838,1.29317821960705,1.4798198236370081,2.2782853309083055,2.4213122182742715,0.08558473027025681,-0.1010568737597013,0.05814123470657773,-0.08488565265938819,False,False,0.045052322241177396,0.09010464448235479,0.04504733679399185,0.0900946735879837
2930,48.833333333333336,False,False,49.71840246665066,50.0,68.41241368108345,49.28298409011544,51.9525559317467,47.219245633674014,74.0,-0.28159753334934123,2.339366157371459,2.3627598189451735,2.3497987745912887,1.363547297863364,2.3919539359621815,1.3632399906451715,1.3943328497322909,2.3627598189451735,1.2932611685556072,1.479934127825461,1.0974081924740404,1.2932611685556072,1.479934127825461,2.277875576145773,2.420921789662868,0.08560127809317009,-0.10107168117668364,0.058161970717694356,-0.08488424279940032,False,False,0.04504733679399185,0.0900946735879837,0.04504236719620823,0.09008473439241646
2935,48.916666666666664,False,False,49.71916495190265,50.0,68.4145124845843,49.28374750168039,51.95363824279437,47.2195469197602,74.0,-0.2808350480973516,2.3389607061401705,2.3623503132015724,2.3493986829043205,1.3636332420714739,2.3915740051443923,1.3633269259695266,1.3944301450025705,2.3623503132015724,1.2933437189948458,1.4800479057198694,1.0974781754101515,1.2933437189948458,1.4800479057198694,2.277467458220972,2.4205329674797382,0.08561776071729899,-0.10108642600772466,0.058182654278165824,-0.08488285498060044,False,False,0.04504236719620823,0.09008473439241646,0.045037413371774984,0.09007482674354997
2940,49.0,False,False,49.71992584684609,50.0,68.41660601319992,49.28450932073175,51.95471781759926,47.21984816003851,74.0,-0.2800741531539117,2.338556888328028,2.3619424572113084,2.3490002128503553,1.3637189107079353,2.391195189965433,1.3634135810501486,1.3945269823926538,2.3619424572113084,1.2934258739903717,1.4801611609244092,1.0975479327436461,1.2934258739903717,1.4801611609244092,2.277060968122572,2.420145742913802,0.08563417853175537,-0.10110110840228215,0.058203285702493446,-0.08488148908873638,False,False,0.045037413371774984,0.09007482674354997,0.04503247524506368,0.09006495049012736
2945,49.083333333333336,False,False,49.72068514668283,50.0,68.41869427363821,49.28526954348517,51.955794660307525,47.22014934792291,74.0,-0.27931485331716743,2.3381546949559833,2.3615362419055432,2.348603355518187,1.3638043050682755,2.3908174869204806,1.363499957207747,1.3946233649890019,2.3615362419055432,1.2935076361762852,1.4802738966094262,1.0976174655580964,1.2935076361762852,1.4802738966094262,2.2766560968954472,2.419760107208359,0.08565053162042435,-0.10111572881271669,0.05822386530281598,-0.084880145010096,False,False,0.04503247524506368,0.09006495049012736,0.04502755274084423,0.09005510548168846
2950,49.166666666666664,False,False,49.72144284672222,50.0,68.42077727268874,49.286028164324684,51.95686876632198,47.220450468973354,74.0,-0.27855715327778086,2.337754117100786,2.361131658271794,2.3482081020519034,1.3638894264411037,2.3904408925117586,1.3635860557559165,1.3947192959515633,2.361131658271794,1.293589008580767,1.4803861163370382,1.0976867748785026,1.293589008580767,1.4803861163370382,2.276252835640282,2.4193760516607017,0.0856668203854749,-0.10113028737079621,0.058244393388907856,-0.08487882263151203,False,False,0.04502755274084423,0.09005510548168846,0.04502264578430622,0.09004529156861243
2955,49.25,False,False,49.72219894237979,50.0,68.42285501722164,49.286785179134355,51.95794013911811,47.22075151609299,74.0,-0.27780105762020924,2.337355145894605,2.360728697353551,2.347814443650492,1.363974276108165,2.390065403248535,1.3636718780011965,1.3948147783484273,2.360728697353551,1.293669993835379,1.4804978232704435,1.097755861788437,1.293669993835379,1.4804978232704435,2.275851175513195,2.4189935676217673,0.08568304492201628,-0.1011447845130482,0.05826487026821647,-0.08487752184035591,False,False,0.04502264578430622,0.09004529156861243,0.04501775430103934,0.09003550860207868
2960,49.333333333333336,False,False,49.722953429176144,50.0,68.42492751418655,49.28754058345085,51.95900877640602,47.221052477022006,74.0,-0.2770465708238561,2.33695777252465,2.3603273502498965,2.347422371567481,1.3640588553443913,2.3896910156471236,1.363757425243123,1.3949098152476835,2.3603273502498965,1.2937505948259367,1.4806090208248037,1.097824727327543,1.2937505948259367,1.4806090208248037,2.275451107725358,2.4186126464957627,0.08569920557712019,-0.10115922042174685,0.0582852962458662,-0.08487624252453863,False,False,0.04501775430103934,0.09003550860207868,0.04501287821703751,0.09002575643407502
2965,49.416666666666664,False,False,49.7237063027357,50.0,68.42699477061156,49.28829437283566,51.96007467957825,47.22135334287563,74.0,-0.2762936972643004,2.336561988232801,2.3599276081151292,2.3470318771105605,1.3641431654179526,2.3893177262308885,1.3638426987742847,1.3950044096990495,2.3599276081151292,1.293830814248314,1.4807197122230593,1.097893372506178,1.293830814248314,1.4807197122230593,2.275052623542625,2.418233279739819,0.08571530252400983,-0.10117359545073557,0.058305671624689914,-0.08487498457250409,False,False,0.04501287821703751,0.09002575643407502,0.04500801745869055,0.0900160349173811
2970,49.5,False,False,49.72445755878572,50.0,68.42905679360209,49.28904654287726,51.96113784769287,47.22165410270617,74.0,-0.2755424412142773,2.336167784315234,2.3595294621583864,2.346642951641222,1.364227207590308,2.3889455315302386,1.363927699880371,1.3950985647338712,2.3595294621583864,1.2939106548915142,1.4808299007790144,1.0979617984079142,1.2939106548915142,1.4808299007790144,2.274655714285157,2.4178554588636247,0.08573133604514327,-0.10118790984235693,0.0583259967052383,-0.08487374787322954,False,False,0.04500801745869055,0.0900160349173811,0.04500317195279613,0.09000634390559226
2975,49.583333333333336,False,False,49.72520719315504,50.0,68.43111359033986,49.28979708956333,51.96219828193677,47.221954747536536,74.0,-0.27479280684495677,2.335775152122052,2.3591329036432724,2.346255586574391,1.3643109831162543,2.3885744280826384,1.364012429840229,1.3951922833467507,2.3591329036432724,1.2939901194278753,1.4809395896875432,1.0980300060284662,1.2939901194278753,1.4809395896875432,2.274260371327046,2.4174791754290768,0.08574730634079253,-0.10120216391887538,0.058346271785804316,-0.08487253231622649,False,False,0.04500317195279613,0.09000634390559226,0.0449983416265385,0.089996683253077
2980,49.666666666666664,False,False,49.72595520177291,50.0,68.43316516808186,49.29054600854307,51.96325598153515,47.22225526666305,74.0,-0.27404479822708794,2.3353840830569195,2.358737923887489,2.3458697733780616,1.364394493243977,2.388204412432604,1.3640968899259134,1.3952855685322902,2.358737923887489,1.2940692106055478,1.481048782217093,1.098097996392835,1.2940692106055478,1.481048782217093,2.2738665860959597,2.417104421049927,0.08576321368480277,-0.10121635792674244,0.05836649716243825,-0.08487133779152911,False,False,0.0449983416265385,0.089996683253077,0.04499352640749273,0.08998705281498547
2985,49.75,False,False,49.72670158066802,50.0,68.43521153415935,49.29129329623912,51.96431094823736,47.22255565170932,74.0,-0.2732984193319794,2.3349945685766986,2.3583445142624657,2.3454855035729434,1.3644777392150973,2.3878354811317064,1.3641810814027355,1.3953784232299768,2.3583445142624657,1.2941479310376431,1.4811574814988258,1.0981657705260206,1.2941479310376431,1.4811574814988258,2.273474350072757,2.4167311873914326,0.0857790582688489,-0.10123049219233371,0.05838667312896684,-0.0848701641897085,False,False,0.04499352640749273,0.08998705281498547,0.04498872622363181,0.08997745244726361
2990,49.833333333333336,False,False,49.72744632596729,50.0,68.43725269597675,49.29203894837009,51.96536318096172,47.22285589178647,74.0,-0.27255367403270725,2.334606600191086,2.357952666192997,2.3451027687320947,1.364560722264721,2.387467630738576,1.3642650055293166,1.395470850397669,2.357952666192997,1.2942262834541778,1.4812656907785864,1.0982333294530235,1.2942262834541778,1.4812656907785864,2.273083654791152,2.4163594661700096,0.08579484038091745,-0.10124456694349115,0.05840679997701281,-0.08486901140184466,False,False,0.04498872622363181,0.08997745244726361,0.04498394100330958,0.08996788200661916
2995,49.916666666666664,False,False,49.72818943389482,50.0,68.43928866101061,49.2927829614324,51.966412681712306,47.22315597883981,74.0,-0.27181056610518084,2.334220169462256,2.3575623711568787,2.344721560480581,1.3646434436214865,2.387100857818904,1.3643486635576356,1.39556285293811,2.3575623711568787,1.294304270423928,1.4813734131387597,1.0983006741695591,1.294304270423928,1.4813734131387597,2.2726944918373246,2.41598924915289,0.08581056020064959,-0.10125858251418207,0.05842687799601132,-0.08486787931955408,False,False,0.04498394100330958,0.08996788200661916,0.04497917067526593,0.08995834135053186
3000,50.0,False,False,49.72893090077082,50.0,68.44131943680873,49.293525331962556,51.96745945056205,47.2234559031149,74.0,-0.2710690992291802,2.3338352680045014,2.3571736206845464,2.344341870495107,1.3647259045076108,2.386735158945446,1.3644320567330779,1.3956544337356718,2.3571736206845464,1.294381894590469,1.4814806517343224,1.0983678056713417,1.294381894590469,1.4814806517343224,2.272306852849582,2.415620528157773,0.08582621799865064,-0.10127253914520273,0.058446907473226783,-0.08486676783496439,False,False,0.04497917067526593,0.08995834135053186,0.04497441516862548,0.08994883033725096
3005,50.083333333333336,False,False,49.729670723010486,50.0,68.44334503098902,49.294266055799525,51.96850348760356,47.22375565492025,74.0,-0.27032927698951426,2.3334518874838808,2.3567864063587196,2.343963690503678,1.3648081061389359,2.386370530698023,1.364515186294486,1.395745595693097,2.3567864063587196,1.294459158580535,1.4815874097012145,1.098434724968729,1.294459158580535,1.4815874097012145,2.271920729517995,2.4152532950524943,0.08584181400811741,-0.10128643711256213,0.0584668886937747,-0.08486567684072455,False,False,0.04497441516862548,0.08994883033725096,0.044969674412886976,0.08993934882577395
3010,50.166666666666664,False,False,49.730408897123056,50.0,68.44536545123862,49.295005129936314,51.9695447948348,47.224055226331174,74.0,-0.26959110287694443,2.3330700196178666,2.3564007198140455,2.3435870122852447,1.3648900497249756,2.3860069696635273,1.364598053474204,1.3958363416396424,2.3564007198140455,1.2945360649154398,1.4816936900677653,1.0985014330427931,1.2945360649154398,1.4816936900677653,2.27153611358405,2.414887541754679,0.08585734842812287,-0.10130027672420261,0.05848682194063359,-0.08486460622999559,False,False,0.044969674412886976,0.08993934882577395,0.044964948337934504,0.08992989667586901
3015,50.25,False,False,49.73114541971064,50.0,68.44738070531278,49.29574255030271,51.97058337121098,47.22435460671796,74.0,-0.26885458028935716,2.3326896561749964,2.3560165527367465,2.3432118276693643,1.36497173646896,2.385644472435926,1.3646806594981273,1.395926674441307,2.3560165527367465,1.294612616243888,1.4817994959875198,1.0985679308892486,1.294612616243888,1.4817994959875198,2.2711529968402906,2.414523260231414,0.08587282154621279,-0.10131405819741901,0.05850670749466769,-0.08486355589645589,False,False,0.044964948337934504,0.08992989667586901,0.0449602368740193,0.0899204737480386
3020,50.333333333333336,False,False,49.73188028746723,50.0,68.44939080103404,49.29647831435671,51.97161922017671,47.224653789552356,74.0,-0.2681197125327728,2.3323107889745236,2.3556338968642687,2.3428381285358526,1.3650531675678794,2.3852830356162644,1.3647630055857498,1.3960165968722322,2.3556338968642687,1.2946888149878408,1.4819048303851101,1.0986342195038106,1.2946888149878408,1.4819048303851101,2.2707713711299786,2.414160442498908,0.08588823351287789,-0.1013277818843914,0.058526545634639326,-0.0848625257342901,False,False,0.0449602368740193,0.0899204737480386,0.044955539951766293,0.08991107990353259
3025,50.416666666666664,False,False,49.73261349717771,50.0,68.45139574629113,49.29721241849722,51.972652340494456,47.22495276411922,74.0,-0.2673865028222906,2.3319334098860747,2.3552527439849356,2.3424659068144433,1.3651343442125312,2.38492265581267,1.3648450929502072,1.3961061117433018,2.3552527439849356,1.2947646637739534,1.4820096963877067,1.0987002998236222,1.2947646637739534,1.4820096963877067,2.270391228346741,2.413799080622166,0.08590358464440495,-0.10134144796934841,0.0585463366372303,-0.08486151563819444,False,False,0.044955539951766293,0.08991107990353259,0.044950857502175236,0.08990171500435047
3030,50.5,False,False,49.733345045716845,50.0,68.45339554903812,49.29794485991567,51.973682735218155,47.22525152362544,74.0,-0.26665495428315467,2.3315575108293065,2.3548730859375997,2.3420951544844533,1.3652152675875604,2.3845633296403537,1.3649269227983258,1.396195221810285,2.3548730859375997,1.29484016501165,1.4821140969030986,1.0987661728590412,1.29484016501165,1.4821140969030986,2.270012560434229,2.413439166714654,0.08591887509281348,-0.10135505679863521,0.058566080777054275,-0.08486052550337053,False,False,0.044950857502175236,0.08990171500435047,0.04494618945661049,0.08989237891322098
3035,50.583333333333336,False,False,49.73407493004816,50.0,68.45539021729336,49.29867563511848,51.97471040347797,47.22555005777602,74.0,-0.26592506995184095,2.331183083773567,2.3544949146113026,2.3417258635744416,1.365295938871505,2.384205053721622,1.3650084963306663,1.3962839298473226,2.3544949146113026,1.2949153212795805,1.482218035006165,1.0988318395472108,1.2949153212795805,1.482218035006165,2.2696353593857808,2.4130806929379824,0.08593410515884226,-0.1013686085677421,0.05858577832667988,-0.0848595552255218,False,False,0.04494618945661049,0.08989237891322098,0.04494153574679629,0.08988307149359258
3040,50.666666666666664,False,False,49.734803147223104,50.0,68.45737975913863,49.29940474140868,51.97573534821954,47.22584835976723,74.0,-0.26519685277689575,2.3308101207375556,2.354118221944931,2.3413580261618816,1.3653763592368373,2.383847824685871,1.3650898147415675,1.39637223857344,2.354118221944931,1.2949901349617534,1.482321513575012,1.098897300869203,1.2949901349617534,1.482321513575012,2.2692596172440718,2.412723651501572,0.08594927500157201,-0.10138210361168665,0.05860542955664094,-0.08485860470085926,False,False,0.04494153574679629,0.08988307149359258,0.044936896304829076,0.08987379260965815
3045,50.75,False,False,49.735529694379935,50.0,68.45936418271818,49.300132175778245,51.976757569400306,47.226146420138534,74.0,-0.26447030562006546,2.330438613788991,2.3537429999268813,2.3409916343728217,1.365456529850008,2.383491639169599,1.3651708792191926,1.3964601507076622,2.3537429999268813,1.2950646085675994,1.4824245356110517,1.0989625577768039,1.2950646085675994,1.4824245356110517,2.268885326100795,2.412368034662338,0.08596438490338953,-0.10139554214006274,0.05862503473545688,-0.08485767382608644,False,False,0.044936896304829076,0.08987379260965815,0.044932271063156955,0.08986454212631391
3050,50.833333333333336,False,False,49.736254568742915,50.0,68.46134349623775,49.30085793528003,51.97777706895394,47.226444231258235,74.0,-0.26374543125708527,2.330068555044276,2.353369240594719,2.3406266803815665,1.365536451871486,2.383136493816407,1.3652516909455676,1.396547668950643,2.353369240594719,1.295138744498603,1.4825271040056374,1.099027611207157,1.295138744498603,1.4825271040056374,2.268512478096308,2.4120138347243665,0.08597943505499428,-0.1014089244520402,0.0586445941296474,-0.0848567624984109,False,False,0.044932271063156955,0.08986454212631391,0.044927659954597535,0.08985531990919507
3055,50.916666666666664,False,False,49.73697776762114,50.0,68.46331770796372,49.30158201776955,51.978793848880315,47.22674178559734,74.0,-0.2630222323788587,2.3296999366681677,2.3529969360348493,2.3402631564103373,1.3656161264557996,2.3827823852770047,1.3653322510966313,1.3966347959479208,2.3529969360348493,1.2952125451382217,1.482629221629999,1.0990924621266913,1.2952125451382217,1.482629221629999,2.26814106541932,2.4116610440385977,0.08599442568207816,-0.10142225080969913,0.05866410800374844,-0.08485587061552913,False,False,0.044927659954597535,0.08985531990919507,0.0449230629123113,0.0898461258246226
3060,51.0,False,False,49.73769928840769,50.0,68.46528682622224,49.30230442042737,51.97980790996606,47.22703907457315,74.0,-0.26230071159231017,2.3293327508734487,2.3526260783821833,2.339901054728959,1.3656955547515788,2.382429310209216,1.3654125608422747,1.3967215343634052,2.3526260783821833,1.2952860129121606,1.4827308913955204,1.0991571114725502,1.2952860129121606,1.4827308913955204,2.267771080306547,2.411309655002518,0.08600935703211521,-0.10143552145124457,0.058683576620334854,-0.08485499807563635,False,False,0.0449230629123113,0.0898461258246226,0.04491847986981821,0.08983695973963642
3065,51.083333333333336,False,False,49.73841912857875,50.0,68.46725085939815,49.30302514013104,51.98081925322845,47.22733608985398,74.0,-0.26158087142125197,2.328966989920602,2.352256659819808,2.3395403676545325,1.3657747379015954,2.382077265277983,1.36549262134638,1.3968078868610063,2.352256659819808,1.295359150220559,1.4828321161859397,1.099221560181877,1.295359150220559,1.4828321161859397,2.2674025150423938,2.4109596600598264,0.08602422932493337,-0.10144873664044729,0.05870300024001862,-0.08485414477741404,False,False,0.04491847986981821,0.08983695973963642,0.0449139107609945,0.089827821521989
3070,51.166666666666664,False,False,49.73913728569257,50.0,68.46920981593428,49.3037441753065,51.98182788212381,47.2276328253541,74.0,-0.2608627143074287,2.3286026461174867,2.3518886725786614,2.3391810875511103,1.3658536770428005,2.3817262471553713,1.3655724337668658,1.3968938560127753,2.3518886725786614,1.2954319593342234,1.482932898753591,1.0992858091771724,1.2954319593342234,1.482932898753591,2.2670353619586256,2.4106110517001538,0.08603904274081575,-0.10146189667855188,0.05872237912149236,-0.08485331062003576,False,False,0.0449139107609945,0.089827821521989,0.04490935552005907,0.08981871104011814
3075,51.25,False,False,49.739853757388545,50.0,68.47116370433045,49.3044615233407,51.982833796768496,47.22792927201194,74.0,-0.26014624261145514,2.3282397118190166,2.351522108937207,2.3388232068293897,1.3659323733063669,2.3813762525205755,1.3656519992557283,1.3969794444275068,2.351522108937207,1.2955044426665172,1.4830332419913017,1.0993498593955793,1.2955044426665172,1.4830332419913017,2.266669613434049,2.410263822458724,0.08605379756379494,-0.10147500176098956,0.058741713521516914,-0.08485249550315777,False,False,0.04490935552005907,0.08981871104011814,0.044904814081576795,0.08980962816315359
3080,51.333333333333336,False,False,49.74056854138637,50.0,68.47311253314268,49.30517718169337,51.98383699950025,47.22822542281491,74.0,-0.2594314586136335,2.327878179426842,2.3511569612211103,2.3384667179463863,1.3660108278177259,2.3810272780599226,1.3657313189590803,1.3970646546956231,2.3511569612211103,1.2955766025118978,1.4831331486709405,1.0994137117595983,1.2955766025118978,1.4831331486709405,2.266305261894187,2.409917964916066,0.08606849397531735,-0.10148805218372536,0.058761003694955516,-0.08485169932692349,False,False,0.044904814081576795,0.08980962816315359,0.04490028638046327,0.08980057276092654
3085,51.416666666666664,False,False,49.74128163548511,50.0,68.47505631098221,49.30589114826875,51.984837491962416,47.228521270164514,74.0,-0.25871836451489116,2.327518041389029,2.3507932218029195,2.3381116134051263,1.366089041696607,2.3806793204668804,1.3658103940171908,1.397149489370804,2.3507932218029195,1.295648441183143,1.4832326215806533,1.0994773671770872,1.295648441183143,1.4832326215806533,2.265942299810961,2.4095734716977013,0.0860831322098492,-0.10150104818766104,0.05878024989478181,-0.08485092199195865,False,False,0.04490028638046327,0.08980057276092654,0.044895772351975054,0.08979154470395011
3090,51.5,False,False,49.741993037562246,50.0,68.4769950465147,49.30660342067774,51.98583527571552,47.22881680642886,74.0,-0.25800696243775434,2.3271592901997504,2.350430883101748,2.337757885754331,1.3661670160570767,2.3803323764420594,1.365889225564527,1.3972339510067286,2.350430883101748,1.2957199609826808,1.4833316634961995,1.0995408265851894,1.2957199609826808,1.4833316634961995,2.2655807197023843,2.4092303354738456,0.08609771248947085,-0.10151399002404782,0.058799452372097605,-0.08485016339936369,False,False,0.044895772351975054,0.08979154470395011,0.044891271931704425,0.08978254386340885
3095,51.583333333333336,False,False,49.74270274557284,50.0,68.47892874845942,49.30731399734947,51.98683035372588,47.22911202528734,74.0,-0.2572972544271579,2.3268019183989685,2.3500699375829583,2.337405527588115,1.366244752007574,2.3799864426932222,1.3659678147297916,1.3973180421019606,2.3500699375829583,1.2957911641326727,1.4834302771110475,1.0996040908624765,1.2957911641326727,1.4834302771110475,2.265220514132233,2.4088885489591036,0.08611223500908682,-0.10152687796928794,0.0588186113761453,-0.08484942345072533,False,False,0.044891271931704425,0.08978254386340885,0.044886785055586645,0.08977357011117329
3100,51.666666666666664,False,False,49.7434107575487,50.0,68.48085742558831,49.30802287642352,51.98782272754528,47.22940691918225,74.0,-0.2565892424512981,2.3264459185721265,2.3497103777578476,2.337054531545668,1.3663222506509487,2.3796415159352864,1.3660461626359612,1.3974017651550639,2.3497103777578476,1.295862052907746,1.4835284651691147,1.0996671609168063,1.295862052907746,1.4835284651691147,2.2648616757097524,2.408548104912174,0.08612670001405087,-0.10153971224731784,0.05883772715432656,-0.08484870204809525,False,False,0.044886785055586645,0.08977357011117329,0.044882311659895015,0.08976462331979003
3105,51.75,False,False,49.74411707159736,50.0,68.4827810867252,49.30873005538195,51.98881239848662,47.22970148038076,74.0,-0.2558829284026416,2.32609128334984,2.3493521961833386,2.3367048903109633,1.3663995130844986,2.379297592890327,1.3661242704003291,1.397485122682974,2.3493521961833386,1.2959326295797973,1.48362623040958,1.0997300376706791,1.2959326295797973,1.48362623040958,2.2645041970893303,2.4082089961355537,0.08614110772660588,-0.10155249310317682,0.058856799952215155,-0.08484799909400831,False,False,0.044882311659895015,0.08976462331979003,0.044877851681228424,0.08975570336245685
3110,51.833333333333336,False,False,49.74482168590142,50.0,68.48469974074493,49.309435532530685,51.98979936937804,47.2299957025597,74.0,-0.25517831409857905,2.325738005407592,2.348995385461668,2.336356596612442,1.3664765404000068,2.378954670287587,1.3662021391345351,1.3975681171475116,2.348995385461668,1.2960028963355812,1.4837235754844815,1.0997927220026669,1.2960028963355812,1.4837235754844815,2.264148070970204,2.4078712154752377,0.08615545833696991,-0.10156522081193042,0.058875830013569885,-0.08484731449146388,False,False,0.044877851681228424,0.08975570336245685,0.044873405056530494,0.08974681011306099
3115,51.916666666666664,False,False,49.745524598717516,50.0,68.48661339657261,49.31013930663147,51.99078364282327,47.2302895792333,74.0,-0.2544754012824839,2.3253860774654274,2.3486399382400815,2.336009643222721,1.3665533336837745,2.378612744863482,1.3662797699446112,1.397650750973753,2.3486399382400815,1.29607285535862,1.4838205030406348,1.0998552148059844,1.29607285535862,1.4838205030406348,2.26379329009615,2.4075347558204387,0.08616975206688182,-0.10157789561513297,0.058894817580357195,-0.08484664814393161,False,False,0.044873405056530494,0.08974681011306099,0.044868971723062444,0.08973794344612489
3120,52.0,False,False,49.74622580837562,50.0,68.4885220631827,49.310841375794084,51.99176522043858,47.230583103063886,74.0,-0.2537741916243803,2.3250354922876517,2.348285847210528,2.3356640229582943,1.3666298940166606,2.3782718133616036,1.3663571639310126,1.3977330266051466,2.348285847210528,1.2961425088651817,1.4839170157556225,1.0999175169592037,1.2961425088651817,1.4839170157556225,2.2634398472551776,2.40719961010328,0.08618398915047587,-0.10159051773996497,0.058913762892752075,-0.08484599995535058,False,False,0.044868971723062444,0.08973794344612489,0.044864551618424134,0.08972910323684827
3125,52.083333333333336,False,False,49.74692531327802,50.0,68.49042574959826,49.311541737848096,51.99274410396725,47.23087626686838,74.0,-0.2530746867219804,2.3246862426825325,2.347933105109358,2.335319728679229,1.3667062224741142,2.3779318725327276,1.3664343221886601,1.3978149464851413,2.347933105109358,1.296211859051953,1.48401311628547,1.0999796293555393,1.296211859051953,1.48401311628547,2.263087735279238,2.406865771298527,0.08619816980032868,-0.10160308743318835,0.05893266618916915,-0.08484536983011992,False,False,0.044864551618424134,0.08972910323684827,0.04486014468052903,0.08972028936105805
3130,52.166666666666664,False,False,49.74762311189868,50.0,68.49232446489017,49.312240392193964,51.99372029769761,47.23116906580289,74.0,-0.25237688810131687,2.3243383215020006,2.3475817047170207,2.3349767532888825,1.3667823201262101,2.3775929191348144,1.3665112458069726,1.397896512965326,2.3475817047170207,1.2962809079824034,1.4841088071510258,1.100041552873563,1.2962809079824034,1.4841088071510258,2.262736947043914,2.4065332324232807,0.08621229418569976,-0.10161560498292266,0.05895152770626,-0.08484475767310684,False,False,0.04486014468052903,0.08972028936105805,0.04485575084762622,0.08971150169525244
3135,52.25,False,False,49.74831920278239,50.0,68.49421821817629,49.31293733647609,51.99469380130016,47.23146149089088,74.0,-0.2516807972176096,2.323991721641355,2.3472316388577688,2.334635089733597,1.3668581880376849,2.377254949933023,1.3665879358698998,1.397977728470778,2.3472316388577688,1.2963496579237554,1.4842040910749348,1.1001032883772042,1.2963496579237554,1.4842040910749348,2.262387475468136,2.4062019865367117,0.08622636260415684,-0.1016280705470225,0.058970347678942936,-0.08484416338963285,False,False,0.04485575084762622,0.08971150169525244,0.04485137005828416,0.08970274011656831
3140,52.333333333333336,False,False,49.74901358454387,50.0,68.49610701862062,49.313632570283275,51.995664620645655,47.23175353879689,74.0,-0.25098641545613276,2.32364643603897,2.3468829003993594,2.334294731002424,1.3669338272679696,2.3769179616997067,1.3666643934559657,1.3980585953163427,2.3468829003993594,1.296418110838281,1.4842989704729466,1.1001648367303916,1.296418110838281,1.4842989704729466,2.2620393135138763,2.405872026739764,0.08624037515660388,-0.10164048447806162,0.05898912634040476,-0.0848435868854831,False,False,0.04485137005828416,0.08970274011656831,0.044847002251387866,0.08969400450277573
3145,52.416666666666664,False,False,49.74970625586698,50.0,68.49799087543265,49.3143260910819,51.996632754038984,47.23204519938906,74.0,-0.2502937441330175,2.3233024576760033,2.3465354822527633,2.3339556701268203,1.3670092388712225,2.3765819512144275,1.366740619638298,1.3981391159087253,2.3465354822527633,1.296486269030831,1.484393448101452,1.100226198811697,1.296486269030831,1.484393448101452,2.2616924541858703,2.4055433461748885,0.08625433219272671,-0.10165284687789433,0.0590078639221252,-0.08484302806689303,False,False,0.044847002251387866,0.08969400450277573,0.04484264736614017,0.08968529473228035
3150,52.5,False,False,49.75039721550403,50.0,68.4998697978665,49.31501789865623,51.99759820849522,47.23233647044385,74.0,-0.24960278449596984,2.3229597795761086,2.3461893773718696,2.3336179001803794,1.3670844238963653,2.3762469152639563,1.3668166154846655,1.398219292526028,2.3461893773718696,1.2965541343834286,1.4844875262920847,1.100287375470407,1.2965541343834286,1.4844875262920847,2.261346890531311,2.4052159380257483,0.08626823376605675,-0.10166515814259935,0.05902656065387868,-0.08484248684055862,False,False,0.04484264736614017,0.08968529473228035,0.04483830534206473,0.08967661068412947
3155,52.583333333333336,False,False,49.75108646227483,50.0,68.50174379522014,49.31570799141138,51.998560983120335,47.23262734263074,74.0,-0.24891353772517277,2.3226183948051453,2.345844578753197,2.3332814142785296,1.3671593833871143,2.3759128506422784,1.3668923820575114,1.3982991275014682,2.345844578753197,1.2966217091369951,1.4845812077334597,1.1003483675558074,1.2966217091369951,1.4845812077334597,2.2610026156395757,2.4048897955169592,0.08628208023199146,-0.10167741836447308,0.05904521676376229,-0.08484196311362124,False,False,0.04483830534206473,0.08967661068412947,0.04483397611899223,0.08966795223798446
3160,52.666666666666664,False,False,49.7517739950661,50.0,68.5036128768347,49.31639636859433,51.999521083455384,47.23291781247173,74.0,-0.24822600493389757,2.3222782964708966,2.3455010794356057,2.3329462055782675,1.3672341183820134,2.375579754150603,1.3669679204139853,1.398378623113149,2.3455010794356057,1.2966889952167948,1.4846744947966186,1.1004091759318273,1.2966889952167948,1.4846744947966186,2.260659622641929,2.4045649119138015,0.08629587168346964,-0.10168962789635416,0.0590638324781958,-0.0848414567936766,False,False,0.04483397611899223,0.08966795223798446,0.04482965963707584,0.08965931927415167
3165,52.75,False,False,49.75245981283055,50.0,68.50547705209364,49.317083028446355,52.0004785092134,47.233207871261676,74.0,-0.2475401871694487,2.321939477722785,2.3451588725000128,2.3326122672778653,1.3673086299144668,2.3752476225973647,1.3670432316059815,1.3984577816759156,2.3451588725000128,1.2967559948092848,1.4847673901118974,1.1004698014477527,1.2967559948092848,1.4847673901118974,2.260317904711248,2.4042412805219593,0.08630960843598179,-0.10170178686663078,0.05908240802194653,-0.08484096778876493,False,False,0.04482965963707584,0.08965931927415167,0.04482535583676857,0.08965071167353714
3170,52.833333333333336,False,False,49.75314391458619,50.0,68.50733633042205,49.31776797042386,52.00143326584745,47.233497515519446,74.0,-0.24685608541381043,2.3216019317515895,2.344817951069105,2.3322795926166036,1.367382919012771,2.3749164527982303,1.3671183166801684,1.398536605431127,2.344817951069105,1.2968227098181226,1.4848598960249357,1.1005302449235843,1.2968227098181226,1.4848598960249357,2.259977455061729,2.4039188946872376,0.08632329059380872,-0.10171389561300437,0.05910094361813245,-0.08484049600737631,False,False,0.04482535583676857,0.08965071167353714,0.04482106465883888,0.08964212931767776
3175,52.916666666666664,False,False,49.75382629941554,50.0,68.50919072128593,49.318451193720705,52.00238535468143,47.233786738071394,74.0,-0.24617370058445687,2.3212656517891714,2.344478308307063,2.3319481748744835,1.3674569867001471,2.3745862415761025,1.367193176678023,1.398615096620142,2.344478308307063,1.2968891423284232,1.4849520150609443,1.100590507223251,1.2968891423284232,1.4849520150609443,2.259638266948627,2.4035977477953097,0.08633691844080227,-0.10172595429171882,0.059119439488246606,-0.08484004135843604,False,False,0.04482106465883888,0.08964212931767776,0.044816786044358584,0.08963357208871717
3180,53.0,False,False,49.75450696646492,50.0,68.5110402341914,49.319132697269865,52.00333477920274,47.23407553373621,74.0,-0.24549303353507668,2.3209306311081925,2.3441399374192744,2.3316180073719686,1.3675308339947705,2.3742569857611304,1.3672678126358635,1.3986932574843194,2.3441399374192744,1.296955294310883,1.485043749628839,1.100650589166753,1.296955294310883,1.485043749628839,2.2593003336679534,2.4032778332714337,0.08635049214451951,-0.10173796317343631,0.05913789585215934,-0.08483960375132105,False,False,0.044816786044358584,0.08963357208871717,0.044812519934705634,0.08962503986941127
3185,53.083333333333336,False,False,49.755185914943645,50.0,68.51288487868393,49.3198124801151,52.004281541679944,47.23436389626904,74.0,-0.2448140850563547,2.3205968630218416,2.3438028316520603,2.3312890834696933,1.3676044619098038,2.373928682190708,1.367342225584882,1.3987710902466461,2.3438028316520603,1.2970211677809422,1.4851351021804076,1.100710491588734,1.2970211677809422,1.4851351021804076,2.2589636485562217,2.402959144580199,0.08636401193376142,-0.10174992246570391,0.05915631292813872,-0.0848391830958386,False,False,0.044812519934705634,0.08962503986941127,0.0448082662715583,0.0896165325431166
3190,53.166666666666664,False,False,49.75586314412339,50.0,68.51472466434782,49.32049054178229,52.00522564594632,47.234651820875975,74.0,-0.2441368558766115,2.320264340883563,2.3434669842923985,2.3309613965682106,1.3676778714534266,2.373601327709485,1.3674164165511749,1.3988485970933653,2.3434669842923985,1.2970867646679478,1.4852260750794863,1.100770215323837,1.2970867646679478,1.4852260750794863,2.25862820499016,2.4026416752252606,0.08637747798612105,-0.10176183242541748,0.059174690932862095,-0.08483877930223871,False,False,0.0448082662715583,0.0896165325431166,0.044804024996901726,0.08960804999380345
3195,53.25,False,False,49.756538653337365,50.0,68.5165596008053,49.321166881541586,52.00616709437882,47.23493930148466,74.0,-0.24346134666263453,2.3199330580867823,2.3431323886676503,2.33063494010771,1.3677510636288663,2.373274919169368,1.3674903865557753,1.3989257802107204,2.3431323886676503,1.2971520869573228,1.4853166707441328,1.1008297611774198,1.2971520869573228,1.4853166707441328,2.2582939963864472,2.402325418749076,0.08639089053341231,-0.10177369325339769,0.059193030081425846,-0.08483839228120305,False,False,0.044804024996901726,0.08960804999380345,0.044799796053013964,0.08959959210602793
3200,53.333333333333336,False,False,49.75721244197973,50.0,68.51838969771586,49.32184149914864,52.007105891076264,47.23522633361529,74.0,-0.24278755802026808,2.3196030080646395,2.342799038145286,2.3303097075677615,1.3678240394344297,2.3729494534295266,1.3675641366146847,1.3990026417482113,2.342799038145286,1.297217136541168,1.485406891497237,1.1008891299694825,1.297217136541168,1.485406891497237,2.2579610162014356,2.4020103687326464,0.08640424974902561,-0.10178550520704333,0.0592113305873605,-0.08483802194385026,False,False,0.044799796053013964,0.08959959210602793,0.04479557938247849,0.08959115876495698
3205,53.416666666666664,False,False,49.75788450950464,50.0,68.52021496477558,49.32251439336694,52.008042037336935,47.235512910294915,74.0,-0.2421154904953582,2.3192741842897218,2.342466926132619,2.329985692467041,1.367896799863528,2.3726249273564015,1.367637667738905,1.3990791838920813,2.342466926132619,1.2972819154310433,1.4854967397793128,1.1009483225346686,1.2972819154310433,1.4854967397793128,2.257629257930896,2.401696518795265,0.08641755588723155,-0.10179726846103798,0.059229592662645825,-0.08483766820172312,False,False,0.04479557938247849,0.08959115876495698,0.044791374928160106,0.08958274985632021
3210,53.5,False,False,49.7585548554258,50.0,68.5220354117164,49.32318556418848,52.008975538293456,47.235799028051055,74.0,-0.2414451445742003,2.318946580273796,2.342136046076534,2.3296628883630803,1.3679693459047144,2.3723013378237066,1.3677109809344672,1.3991554087550866,2.342136046076534,1.2973464254459928,1.4855862178365298,1.1010073396490498,1.2973464254459928,1.4855862178365298,2.257298715109731,2.401383862594252,0.08643080908144318,-0.10180898330909383,0.05924781651771793,-0.08483733096680313,False,False,0.044791374928160106,0.08958274985632021,0.044787182633233016,0.08957436526646603
3215,53.583333333333336,False,False,49.7592234793157,50.0,68.52385104830557,49.3238550109862,52.009906395562346,47.23608468027142,74.0,-0.24077652068429956,2.318620189567547,2.341806391463223,2.3293412888519915,1.3680416785417047,2.371978681712433,1.367784077202461,1.3992313184683554,2.341806391463223,1.2974106685583306,1.4856753280665047,1.1010661821472696,1.2974106685583306,1.4856753280665047,2.2569693813117335,2.4010723938247085,0.08644400959814935,-0.10182064991002471,0.059266002361485715,-0.08483701015148926,False,False,0.044787182633233016,0.08957436526646603,0.04478300244116021,0.08956600488232042
3220,53.666666666666664,False,False,49.75989038080482,50.0,68.52566188434474,49.32452273325526,52.010834613181295,47.23636986256711,74.0,-0.2401096191951808,2.318295005760316,2.3414779558179193,2.329020887568221,1.3681137987534127,2.371656955910855,1.3678569575390684,1.3993069151446433,2.3414779558179193,1.2974746466144795,1.4857640727391543,1.1011248508200424,1.2974746466144795,1.4857640727391543,2.256641250149309,2.4007621062192612,0.086457157594511,-0.1018322685301638,0.05928415040134194,-0.08483670566861035,False,False,0.04478300244116021,0.08956600488232042,0.04477883429568779,0.08955766859137558
3225,53.75,False,False,49.76055555958107,50.0,68.52746792966944,49.325188730984465,52.011760194453075,47.23665456992149,74.0,-0.23944444041892865,2.3179710224798407,2.341150732704639,2.3287016781842853,1.3681857075139756,2.3713361573145377,1.3679296229355884,1.3993822008599637,2.341150732704639,1.297538361483482,1.4858524541452067,1.1011833464580834,1.297538361483482,1.4858524541452067,2.2563143152732223,2.400452993547816,0.08647025328524305,-0.10184383937648178,0.059302260843177024,-0.08483641743141668,False,False,0.04477883429568779,0.08955766859137558,0.04477467814085926,0.08954935628171852
3230,53.833333333333336,False,False,49.76121901538896,50.0,68.52926919414841,49.32585300391824,52.012683142709925,47.236938797380446,74.0,-0.23878098461104003,2.3176482333919948,2.3408247157259146,2.328383654410519,1.3682574057927839,2.371016282826337,1.3680020743784749,1.3994571776903286,2.3408247157259146,1.2976018150211326,1.4859404745603488,1.1012416698813923,1.2976018150211326,1.4859404745603488,2.255988570372332,2.4001450496172985,0.08648329687002021,-0.10185536266919604,0.059320333891383914,-0.08483614535358264,False,False,0.04477467814085926,0.08954935628171852,0.044770533920994365,0.08954106784198873
3235,53.916666666666664,False,False,49.76188074802919,50.0,68.53106568768291,49.326515551928026,52.013603461454004,47.23722254017911,74.0,-0.23811925197080797,2.3173266322005373,2.3404998985225425,2.328066809994815,1.3683288945545076,2.370697329356407,1.3680743128493542,1.399531847693379,2.3404998985225425,1.2976650090634434,1.486028136238695,1.1012998218367558,1.2976650090634434,1.486028136238695,2.2556640091733504,2.399838268271428,0.08649628854531599,-0.10186683862993551,0.05933836974888562,-0.08483588934919206,False,False,0.044770533920994365,0.08954106784198873,0.04476640158071569,0.08953280316143138
3240,54.0,False,False,49.762540757357655,50.0,68.532857420206,49.32717637427408,52.014521153020844,47.23750579253429,74.0,-0.23745924264234475,2.3170062126468536,2.3401762747733224,2.3277511387223893,1.3684001747591277,2.370379293822204,1.3681463393250648,1.3996062129451274,2.3401762747733224,1.2977279454895891,1.4861154414757405,1.101357803158817,1.2977279454895891,1.4861154414757405,2.2553406254405632,2.399532643390449,0.08650922853061305,-0.1018782674555383,0.05935636861712679,-0.08483564933275911,False,False,0.04476640158071569,0.08953280316143138,0.044762281064907664,0.08952456212981533
3245,54.083333333333336,False,False,49.76319904328515,50.0,68.53464440168197,49.32783547145641,52.0154362225587,47.23778855123908,74.0,-0.2368009567148519,2.316686968509705,2.339853838194802,2.3274366344155064,1.3684712473619611,2.370062173148492,1.3682181547776768,1.3996802754480995,2.339853838194802,1.297790626034815,1.4862023924212802,1.1014156145943617,1.297790626034815,1.4862023924212802,2.2550184129756023,2.399228168890906,0.08652211697318068,-0.10188964941328438,0.05937433069610387,-0.08483542521919984,False,False,0.044762281064907664,0.08952456212981533,0.04475817231876014,0.08951634463752028
3250,54.166666666666664,False,False,49.76385560577636,50.0,68.53642664210572,49.32849284336698,52.016348672370405,47.238070810551356,74.0,-0.23614439422364342,2.3163688936049787,2.3395325825410285,2.327123290933254,1.368542113313688,2.3697459642673433,1.3682897601745292,1.3997540372231925,2.3395325825410285,1.2978530525566365,1.4862889913456134,1.101473256934105,1.2978530525566365,1.4862889913456134,2.254697365617176,2.3989248387253936,0.08653495412242096,-0.10190098466655595,0.059392256184365166,-0.08483521692385265,False,False,0.04475817231876014,0.08951634463752028,0.044754075287720844,0.08950815057544169
3255,54.25,False,False,49.76451044484948,50.0,68.53820415150204,49.32914848966118,52.01725850614701,47.2383525660181,74.0,-0.23548955515052228,2.3160519817854373,2.3392125016032916,2.326811102171285,1.3686127735603784,2.369430664118148,1.3683611564782518,1.3998275002913032,2.3392125016032916,1.2979152268357934,1.486375240440506,1.1015307309687614,1.2979152268357934,1.486375240440506,2.2543774772408307,2.3986226468823197,0.08654774014920275,-0.1019122734555098,0.059410145279028104,-0.08483502436246093,False,False,0.044754075287720844,0.08950815057544169,0.04474998991753208,0.08949997983506416
3260,54.333333333333336,False,False,49.765163560575466,50.0,68.53997693992505,49.329802410868815,52.01816572814728,47.23863381373396,74.0,-0.2348364394245337,2.3157362269404738,2.3388935892098783,2.3265000620615752,1.3686832290435225,2.3691162696476145,1.3684323446467934,1.399900666618214,2.3388935892098783,1.2979771506149123,1.4864611418578608,1.1015880374451172,1.2979771506149123,1.4864611418578608,2.254058741758698,2.398321587385665,0.08656047523964672,-0.10192351600330185,0.05942799817578681,-0.0848348474511802,False,False,0.04474998991753208,0.08949997983506416,0.04474591615420642,0.08949183230841284
3265,54.416666666666664,False,False,49.765814953077474,50.0,68.5417450174575,49.33045460654644,52.019070340598454,47.23891454799322,74.0,-0.2341850469225264,2.3154216229958657,2.3385758392258245,2.3261901645721816,1.368753480700053,2.3688027778097753,1.3685033256334511,1.39997353820645,2.3385758392258245,1.2980388257208324,1.486546697832053,1.1016451771392441,1.2980388257208324,1.486546697832053,2.253741153119254,2.3980216542947543,0.08657315962560297,-0.10193471248561758,0.059445815068929875,-0.08483468610657052,False,False,0.04474591615420642,0.08949183230841284,0.04474185394403619,0.08948370788807238
3270,54.5,False,False,49.76646462253011,50.0,68.54350839421026,49.331105077497945,52.019972349105196,47.23919476617548,74.0,-0.23353537746989161,2.3151081639135307,2.338259245552666,2.325881403707004,1.3688235294623734,2.368490185565988,1.3685741003868992,1.4000461169850495,2.338259245552666,1.29810025381028,1.4866319104256083,1.1017021508125708,1.29810025381028,1.4866319104256083,2.253424705307067,2.397722841704006,0.08658579344055872,-0.10194586317476961,0.05946359615133989,-0.08483454024559922,False,False,0.04474185394403619,0.08948370788807238,0.04473780323358054,0.08947560646716109
3275,54.583333333333336,False,False,49.7671125691589,50.0,68.54526708032157,49.33175382392682,52.02087175608037,47.23947446281157,74.0,-0.23288743084110308,2.314795843691286,2.3379438021281986,2.3255737735055364,1.368893376258385,2.368178489884945,1.3686446698512111,1.4001184049014228,2.3379438021281986,1.2981614366789114,1.4867167818382578,1.101758959226527,1.2981614366789114,1.4867167818382578,2.253109392342564,2.397425143742722,0.08659837693683503,-0.10195696822251143,0.05948134161452323,-0.08483440978563461,False,False,0.04473780323358054,0.08947560646716109,0.04473376396967549,0.08946752793935098
3280,54.666666666666664,False,False,49.767758793239736,50.0,68.54702108595654,49.33240084543764,52.021768564934064,47.23975363336734,74.0,-0.23224120676026416,2.314484656362608,2.337629502926234,2.325267268042643,1.368963022011511,2.367867687742671,1.3687150349658899,1.4001904039213513,2.337629502926234,1.2982223760643619,1.4868013142099905,1.1018156031425406,1.2982223760643619,1.4868013142099905,2.252795208281788,2.3971285545748335,0.08661091028863921,-0.10196802785698944,0.059499051648599366,-0.08483429464444603,False,False,0.04473376396967549,0.08946752793935098,0.04472973609943187,0.08945947219886374
3285,54.75,False,False,49.76840329509816,50.0,68.54877042130651,49.33304614288674,52.02266278053157,47.240032274657025,74.0,-0.2315967049018397,2.3141745959963957,2.3373163419563596,2.324961881428311,1.3690324676407228,2.367557776122532,1.368785196665894,1.4002621159371302,2.3373163419563596,1.2982830736247806,1.4868855095995992,1.1018720833220415,1.2982830736247806,1.4868855095995992,2.2524821472161545,2.39683306839869,0.08662339366246896,-0.10197904231234967,0.05951672644233019,-0.08483419474020515,False,False,0.04472973609943187,0.08945947219886374,0.0447257195702221,0.0894514391404442
3290,54.833333333333336,False,False,49.76904607510878,50.0,68.55051509658847,49.33368971653456,52.023554405779194,47.24031038175931,74.0,-0.23095392489121735,2.313865656696731,2.3370043132636984,2.3246576078074224,1.369101714060565,2.3672487520152345,1.3688551558816628,1.4003335428594255,2.3370043132636984,1.298343531099477,1.486969370145333,1.1019284004825296,1.298343531099477,1.486969370145333,2.252170203272223,2.396538679446819,0.08663582728590757,-0.10199001175994837,0.05953436618312047,-0.08483410999147534,False,False,0.0447257195702221,0.0894514391404442,0.04472171432968833,0.08944342865937666
3295,54.916666666666664,False,False,49.769687133694745,50.0,68.55225512204441,49.33433156678664,52.02444344505257,47.240587951113696,74.0,-0.23031286630525472,2.3135578326026467,2.336693410928673,2.324354441359521,1.369170762181182,2.36694061241883,1.3689249135391457,1.4004046865805322,2.336693410928673,1.2984037501477521,1.4870528979037345,1.101984555400077,1.2984037501477521,1.4870528979037345,2.251859370611452,2.396245381985705,0.08664821132320233,-0.10200093643278008,0.05955197105703158,-0.08483404031722142,False,False,0.04472171432968833,0.08944342865937666,0.0447177203257416,0.0894354406514832
3300,55.0,False,False,49.77032647132706,50.0,68.55399050794081,49.33497169419522,52.025329902014484,47.240864978549325,74.0,-0.2296735286729401,2.3132511178878916,2.3363836290667708,2.324052376298578,1.3692396129083413,2.366633354338723,1.3689944705598225,1.400475548974373,2.3363836290667708,1.2984637324516022,1.4871360949523538,1.1020405488068263,1.2984637324516022,1.4871360949523538,2.2515496434299744,2.3959531703155648,0.08666054597798079,-0.1020118165227708,0.05956954124879399,-0.08483398563679634,False,False,0.0447177203257416,0.0894354406514832,0.04471373750655304,0.08942747501310608
3305,55.083333333333336,False,False,49.77096408852413,50.0,68.55572126456802,49.33561009909074,52.026213780383074,47.24114145997873,74.0,-0.22903591147586866,2.3129455067607005,2.3360749618283077,2.32375140687277,1.3693082671434587,2.3663269747876665,1.369063827860732,1.4005461319148709,2.3360749618283077,1.298523479679656,1.4872189633536912,1.1020963814349216,1.298523479679656,1.4872189633536912,2.2512410159583602,2.3956620387701237,0.08667283143882032,-0.10202265223521478,0.059587076941816086,-0.08483394586994741,False,False,0.04471373750655304,0.08942747501310608,0.04470976582056323,0.08941953164112645
3310,55.166666666666664,False,False,49.77159998585102,50.0,68.55744740223975,49.33624678232297,52.0270950846947,47.241417392086646,74.0,-0.22840001414898126,2.312640993463565,2.3357674033982008,2.323451527364242,1.3693767257836222,2.366021470785769,1.3691329863544999,1.400616437239205,2.3357674033982008,1.298582993451366,1.4873015051193959,1.1021520540165057,1.298582993451366,1.4873015051193959,2.2509334824613907,2.3953719817163956,0.08668506788019092,-0.10203344378783896,0.05960457831819488,-0.08483392093681008,False,False,0.04470976582056323,0.08941953164112645,0.04470580521646429,0.08941161043292858
3315,55.25,False,False,49.77223416391908,50.0,68.55916893129236,49.33688174415294,52.027973817945416,47.241692770199656,74.0,-0.22776583608091983,2.312337572273003,2.3354609479957333,2.323152732088893,1.369444989721619,2.365716839360501,1.3692019469493557,1.4006864668029266,2.3354609479957333,1.2986422754480063,1.487383722321272,1.1022075672983647,1.2986422754480063,1.487383722321272,2.250627037237825,2.395082993554459,0.0866972555183454,-0.10204419135492038,0.059622045558725745,-0.08483391075790836,False,False,0.04470580521646429,0.08941161043292858,0.044701855643221454,0.08940371128644291
3320,55.333333333333336,False,False,49.772866623385184,50.0,68.56088586208442,49.33751498573366,52.028849985596466,47.24196759190376,74.0,-0.22713337661481603,2.3120352374993334,2.3351555898743266,2.322855015396142,1.3695130598459553,2.365413077546691,1.3692707105491677,1.4007562224064714,2.3351555898743266,1.2987013272243506,1.4874656169029632,1.1022629219979991,1.2987013272243506,1.4874656169029632,2.250321674620174,2.3947950687172406,0.08670939449649184,-0.10205489518212074,0.059639478842913984,-0.08483391525415263,False,False,0.044701855643221454,0.08940371128644291,0.044697917050044875,0.08939583410008975
3325,55.416666666666664,False,False,49.77349736495128,50.0,68.56259820499616,49.338146507262394,52.029723589899135,47.2422418519184,74.0,-0.2265026350487176,2.311733983486453,2.3348513233213177,2.3225583716687073,1.3695809370408836,2.3651101823865326,1.3693392780534623,1.4008257058870186,2.3348513233213177,1.2987601504756585,1.4875471909469473,1.1023181188329092,1.2987601504756585,1.4875471909469473,2.2500173889744834,2.3945082016703076,0.08672148505992872,-0.10206555541136009,0.05965687834898992,-0.08483393434683428,False,False,0.044697917050044875,0.08939583410008975,0.04469398938640959,0.08938797877281918
3330,55.5,False,False,49.77412638936387,50.0,68.56430597042883,49.33877630946133,52.03059463601388,47.242515547623206,74.0,-0.22587361063612832,2.311433804611611,2.3345481426577273,2.3222627953223958,1.3696486221864244,2.3648081509295866,1.369407650357446,1.400894919045004,2.3345481426577273,1.2988187467499437,1.4876284463868092,1.102373158535238,1.2988187467499437,1.4876284463868092,2.249714174700097,2.394222386911632,0.08673352734180528,-0.10207617229506027,0.059674244253904885,-0.08483396795763021,False,False,0.04469398938640959,0.08938797877281918,0.044690072602047194,0.08938014520409439
3335,55.583333333333336,False,False,49.77475369741335,50.0,68.56600916880424,49.33940439357896,52.0314631281131,47.242788675537746,74.0,-0.22524630258664757,2.3111346952851894,2.3342460422380413,2.321968280805865,1.36971611615839,2.3645069802327834,1.3694758283520339,1.4009638636441195,2.3342460422380413,1.2988771176313365,1.4877093851906142,1.1024280418224863,1.2988771176313365,1.4877093851906142,2.2494120262294452,2.393937618971402,0.08674552154649473,-0.102086746012783,0.05969157673336056,-0.08483401600859608,False,False,0.044690072602047194,0.08938014520409439,0.04468616664693786,0.08937233329387571
3340,55.666666666666664,False,False,49.77537928993351,50.0,68.56770781056413,49.34003076028204,52.0323290699923,47.24306123187343,74.0,-0.22462071006648898,2.3108366499504807,2.3339450164499853,2.3216748226004236,1.369783419828409,2.364206667360423,1.3695438129238753,1.4010325414664293,2.3339450164499853,1.2989352647114103,1.487790009332238,1.1024827693975112,1.2989352647114103,1.487790009332238,2.2491109380278207,2.393653892411786,0.08675746786580874,-0.102097276755019,0.05970887596180052,-0.08483407842216462,False,False,0.04468616664693786,0.08937233329387571,0.04468227147131562,0.08936454294263124
3345,55.75,False,False,49.77600316780108,50.0,68.56940190616973,49.34065541002669,52.033192465308,47.243333212748205,74.0,-0.22399683219892097,2.3105396630834716,2.333645059714306,2.3213824152198033,1.3698505340639473,2.363907209384182,1.3696116049553686,1.4011009542939974,2.333645059714306,1.2989931895780562,1.4878703207802504,1.1025373419924565,1.2989931895780562,1.4878703207802504,2.2488109045931592,2.393371201826742,0.086769366486253,-0.10210776471594118,0.05972614211243599,-0.08483415512114689,False,False,0.04468227147131562,0.08936454294263124,0.04467838702567176,0.08935677405134353
3350,55.833333333333336,False,False,49.77662533193507,50.0,68.57109146610115,49.34127834416927,52.034053319303446,47.24360461574506,74.0,-0.22337466806492756,2.310243729192625,2.3333461664845516,2.3210910532099507,1.3699174597283326,2.36360860338311,1.3696792053246942,1.401169103853772,2.3333461664845516,1.2990508937343797,1.4879503214168204,1.1025917602808932,1.2990508937343797,1.4879503214168204,2.2485119204558224,2.393089541841794,0.08678121756304846,-0.10211821011939226,0.05974337535724228,-0.08483424602872924,False,False,0.04467838702567176,0.08935677405134353,0.044674513260739596,0.08934902652147919
3355,55.916666666666664,False,False,49.77724578329632,50.0,68.57277650085692,49.34189956385828,52.03491163583623,47.24387543722727,74.0,-0.22275421670367734,2.3099488428186676,2.333048331246854,2.3208007311488084,1.3699841976807754,2.3633108464436385,1.369746614905835,1.4012369918727017,2.333048331246854,1.2991083787385724,1.4880300131775903,1.1026460249949652,1.2991083787385724,1.4880300131775903,2.248213980178387,2.392808907113837,0.08679302130488864,-0.10212861313412924,0.0597605758669828,-0.08483435106846704,False,False,0.044674513260739596,0.08934902652147919,0.04467065012750417,0.08934130025500835
3360,56.0,False,False,49.77786452288696,50.0,68.57445702095342,49.34251906966575,52.035767418650025,47.24414567348683,74.0,-0.22213547711304216,2.309654998534371,2.3327515485197146,2.320511443646112,1.3700507487763938,2.3630139356595756,1.3698138345685964,1.401304620096107,2.3327515485197146,1.2991656461441603,1.4881093979919366,1.1027001368228868,1.2991656461441603,1.4881093979919366,2.247917078355423,2.392529292330916,0.08680477789582963,-0.10213897395194671,0.05977774381120149,-0.08483447016429135,False,False,0.04467065012750417,0.08934130025500835,0.04466679757719773,0.08933359515439546
3365,56.083333333333336,False,False,49.778481551749884,50.0,68.5761330369244,49.34313686269817,52.0366206724413,47.24441532170773,74.0,-0.2215184482501158,2.309362190944344,2.3324558128537873,2.3202231853431696,1.3701171138662325,2.362717868132113,1.3698808651786323,1.4013719902325648,2.3324558128537873,1.2992226974498946,1.488188477732865,1.1027540964675155,1.2992226974498946,1.488188477732865,2.2476212096132886,2.392250692212037,0.08681648750030013,-0.10214929278267015,0.05979487935824945,-0.08483460324049874,False,False,0.04466679757719773,0.08933359515439546,0.04466295556129797,0.08932591112259594
3370,56.166666666666664,False,False,49.77909687096822,50.0,68.57780455932044,49.343752944227894,52.037471401557,47.244684378789586,74.0,-0.22090312903178244,2.3090704146848204,2.3321611188316687,2.3199359509126625,1.3701832937972882,2.362422640969824,1.3699477075974686,1.4014391039722796,2.3321611188316687,1.2992795341610748,1.4882672542783382,1.102807904617066,1.2992795341610748,1.4882672542783382,2.247326368609912,2.3919731015069527,0.08682815030605862,-0.10215956981120478,0.05981198267528409,-0.08483475022175657,False,False,0.04466295556129797,0.08932591112259594,0.04465912403152319,0.08931824806304638
3375,56.25,False,False,49.779710481664914,50.0,68.57947159870842,49.34436731532473,52.03831961020169,47.24495284153461,74.0,-0.22028951833508614,2.308779664423451,2.3318674610676853,2.3196497350584324,1.3702492894125295,2.362128251288669,1.3700143626825223,1.4015059630054565,2.3318674610676853,1.2993361577798619,1.4883457295016014,1.1028615619597533,1.2993361577798619,1.4883457295016014,2.247032550034591,2.3916965149959655,0.08683976649614489,-0.1021698052255946,0.059829053928280196,-0.08483491103309415,False,False,0.04465912403152319,0.08931824806304638,0.044655302939842885,0.08931060587968577
3380,56.333333333333336,False,False,49.78032238500207,50.0,68.58113416567114,49.34497997685709,52.039165302307964,47.24522070653034,74.0,-0.21967761499792715,2.308489934859094,2.331574834207685,2.3193645325152783,1.3703151015509187,2.3618346962119943,1.3700808312871278,1.4015725690223007,2.331574834207685,1.2993925698114435,1.4884239052773507,1.1029150691837915,1.2993925698114435,1.4884239052773507,2.246739748607778,2.3914209274897282,0.08685133625505004,-0.10217999921085719,0.05984609328204327,-0.08483508559990716,False,False,0.044655302939842885,0.08931060587968577,0.04465149223845618,0.08930298447691236
3385,56.416666666666664,False,False,49.780932582180654,50.0,68.58279227080669,49.345590930233016,52.040008482871166,47.24548797135507,74.0,-0.21906741781934613,2.308201220721611,2.3312832329288273,2.319080338048753,1.3703807310474336,2.361541972870531,1.3701471142605557,1.4016389236762734,2.3312832329288273,1.299448771701314,1.488501783419018,1.1029684269773954,1.299448771701314,1.488501783419018,2.2464479590808746,2.3911463338290417,0.08686285974274455,-0.10219015197495951,0.059863100900214405,-0.08483527384795275,False,False,0.04465149223845618,0.08930298447691236,0.04464769187981508,0.08929538375963016
3390,56.5,False,False,49.781541074439765,50.0,68.58444592472802,49.34620017703167,52.040849156476135,47.245754633247,74.0,-0.21845892556023472,2.307913516771662,2.3309926519393787,2.3187971464549584,1.3704461787330895,2.3612500784024024,1.3702132124480384,1.4017050286024642,2.3309926519393787,1.2995047649046318,1.4885793657481428,1.1030216360141367,1.2995047649046318,1.4885793657481428,2.2461571762360313,2.3908727288846605,0.0868743371456786,-0.1022002636978323,0.05988007694528186,-0.08483547570334737,False,False,0.04464769187981508,0.08929538375963016,0.04464390181659705,0.0892878036331941
3395,56.583333333333336,False,False,49.7821478630564,50.0,68.58609513806246,49.34680771789501,52.04168732636348,47.24602068826087,74.0,-0.2178521369435984,2.307626817800501,2.3307030859785063,2.3185149525603457,1.3705114454349596,2.3609590099531172,1.3702791266907868,1.4017708854727062,2.3307030859785063,1.2995605509302028,1.4886566541383526,1.1030746969822305,1.2995605509302028,1.4886566541383526,2.2458673948859382,2.3906001075570966,0.08688576866564635,-0.10221033454250339,0.05989702157859034,-0.08483569109256806,False,False,0.04464390181659705,0.0892878036331941,0.044640122001730516,0.08928024400346103
3400,56.666666666666664,False,False,49.78275294934474,50.0,68.58773992145123,49.347413554748165,52.04252299877658,47.246286135193785,74.0,-0.21724705065525995,2.3073411186297768,2.3304145298160743,2.318233751221517,1.370576531976195,2.360668764675579,1.3703448578260162,1.4018364958853453,2.3304145298160743,1.2996161311360739,1.4887336503109714,1.1031276105552479,1.2996161311360739,1.4887336503109714,2.2455786098736272,2.3903284647764216,0.08689715442562607,-0.10222036474927143,0.05991393496034725,-0.0848359199424471,False,False,0.044640122001730516,0.08928024400346103,0.04463635238836658,0.08927270477673316
3405,56.75,False,False,49.78335633465586,50.0,68.58938028554896,49.348017688581535,52.043356176443744,47.246550969698475,74.0,-0.2166436653441366,2.3070564141113303,2.330126978252444,2.3179535373250246,1.3706414391760477,2.360379339730078,1.3704104066869673,1.4019018614754715,2.330126978252444,1.299671507036166,1.4888103561416544,1.1031803773774755,1.299671507036166,1.4888103561416544,2.2452908160722744,2.390057795502082,0.08690849466618289,-0.1022303544393055,0.059930817249638224,-0.08483616218016943,False,False,0.04463635238836658,0.08927270477673316,0.04463259292990314,0.08926518585980628
3410,56.833333333333336,False,False,49.78395802037714,50.0,68.5910162410232,49.348620120931564,52.04418686523411,47.246815190294456,74.0,-0.2160419796228581,2.3067726991269977,2.3298404261182677,2.317674305787178,1.3707061678498913,2.3600907322842986,1.3704757741029254,1.4019669838414301,2.3298404261182677,1.2997266799872733,1.4888867733473965,1.1032329981517706,1.2997266799872733,1.4888867733473965,2.245004008384987,2.389788094722693,0.08691978950596635,-0.10224030385415683,0.05994766860442535,-0.08483641773328054,False,False,0.04463259292990314,0.08926518585980628,0.04462884357996285,0.0892576871599257
3415,56.916666666666664,False,False,49.78455800793186,50.0,68.592647798554,49.34922085314216,52.04501506866803,47.2470787934099,74.0,-0.2154419920681434,2.306489968588412,2.3295548682742964,2.31739605155384,1.3707707188092377,2.359802939513318,1.3705409608992432,1.4020318645815677,2.3295548682742964,1.2997816514473253,1.488962903744799,1.1032854735224191,1.2997816514473253,1.488962903744799,2.2447181817446276,2.389519357455865,0.0869310391632312,-0.10225021313424243,0.05996448918156849,-0.0848366865296688,False,False,0.04462884357996285,0.0892576871599257,0.044625104292405994,0.08925020858481199
3420,57.0,False,False,49.7851562987786,50.0,68.59427496883343,49.349819886735794,52.04584079204279,47.24734177710763,74.0,-0.2148437012213975,2.3062082174368097,2.329270299611178,2.3171187696002464,1.3708350928617623,2.3595159585996046,1.370605967897361,1.4020965052758583,2.329270299611178,1.299836422781395,1.4890387490560875,1.103337804162993,1.299836422781395,1.4890387490560875,2.2444333311136,2.3892515787480035,0.08694224378022919,-0.10226008249446328,0.059981279136825716,-0.08483696849757782,False,False,0.044625104292405994,0.08925020858481199,0.044621375021315406,0.08924275004263081
3425,57.083333333333336,False,False,49.78575289441101,50.0,68.59589776256512,49.350417223044914,52.046664039180506,47.24760413814792,74.0,-0.21424710558898852,2.305927440642832,2.3289867150492602,2.3168424549308018,1.3708992908113211,2.359229786733018,1.3706707959148288,1.402160907504276,2.3289867150492602,1.2998909954147215,1.4891143110621363,1.1033899907177784,1.2998909954147215,1.4891143110621363,2.2441494514836617,2.388984753674123,0.0869534035578603,-0.1022699120895545,0.05999803862486264,-0.08483726356559851,False,False,0.044621375021315406,0.08924275004263081,0.04461765572101452,0.08923531144202904
3430,57.166666666666664,False,False,49.786347796357205,50.0,68.59751619046376,49.351012863582966,52.047484815127724,47.247865874426395,74.0,-0.2136522036427948,2.3056476332063363,2.3287041095384,2.316567102578892,1.3709633134579722,2.358944421110812,1.3707354457653247,1.4022250728284233,2.3287041095384,1.2999453707057906,1.4891895914755622,1.103442033845704,1.2999453707057906,1.4891895914755622,2.243866537875735,2.3887188773376655,0.08696451864713883,-0.10227970212263271,0.060014767799265734,-0.08483757166266459,False,False,0.04461765572101452,0.08923531144202904,0.044613946346049635,0.08922789269209927
3435,57.25,False,False,49.78694100617932,50.0,68.59913026325479,49.3516068100456,52.04830312443723,47.248126983422125,74.0,-0.21305899382068105,2.3053687901562014,2.3284224780577634,2.3162927076067,1.3710271615979939,2.358659858937632,1.3707999182586756,1.402289002791531,2.3284224780577634,1.2999995500272146,1.489264592021603,1.103493934191056,1.2999995500272146,1.489264592021603,2.243584585339701,2.388453944870308,0.08697558923007209,-0.10228945276431634,0.060031466812544565,-0.08483789271806241,False,False,0.044613946346049635,0.08922789269209927,0.044610246851192414,0.08922049370238483
3440,57.333333333333336,False,False,49.78753252547311,50.0,68.60073999167376,49.35219906431189,52.04911897226503,47.24838746318824,74.0,-0.21246747452688908,2.305090906550139,2.3281418156156404,2.3160192651050044,1.3710908360239074,2.3583760974255155,1.3708642142008793,1.4023526989184574,2.3281418156156404,1.300053534714184,1.489339314386583,1.1035456924274059,1.300053534714184,1.489339314386583,2.243303588954229,2.388189951431788,0.08698661546812558,-0.10229916420427343,0.06004813581614776,-0.08483822666141139,False,False,0.044610246851192414,0.08922049370238483,0.044606557191443554,0.08921311438288711
3445,57.416666666666664,False,False,49.78812235586746,50.0,68.60234538646608,49.35278962733599,52.049932361798476,47.24864731002919,74.0,-0.2118776441325423,2.3048139774745042,2.327862117249249,2.315746770193009,1.3711543375244928,2.358093133793893,1.370928334394124,1.4024161627708054,2.327862117249249,1.3001073261855003,1.4894137603389468,1.1035973091843971,1.3001073261855003,1.4894137603389468,2.243023543826568,2.3879268922097117,0.0869975975681414,-0.1023088365853051,0.060064774960462586,-0.08483857342268086,False,False,0.044606557191443554,0.08921311438288711,0.04460287732202441,0.08920575464404883
3450,57.5,False,False,49.78871049902398,50.0,68.60394645838649,49.35337850136726,52.05074329964727,47.24890652336895,74.0,-0.21128950097602228,2.3045379980441094,2.3275833780245505,2.3154752180181397,1.3712176668848104,2.3578109652695836,1.3709922796368077,1.40247939583669,2.3275833780245505,1.3001609256900677,1.4894879314757616,1.1036487851063157,1.3001609256900677,1.4894879314757616,2.242744445092378,2.3876647624193845,0.08700853563907174,-0.10231847014662221,0.060081384394834014,-0.08483893293217237,False,False,0.04460287732202441,0.08920575464404883,0.04459920719838319,0.08919841439676637
3455,57.583333333333336,False,False,49.78929695663658,50.0,68.6055432181986,49.353965688102406,52.05155178928507,47.24916509982834,74.0,-0.2107030433634165,2.3042629634020355,2.3273055930360558,2.3152046037558813,1.3712808248862207,2.3575295890867998,1.371056050723556,1.402542399622598,2.3273055930360558,1.3002143346154234,1.4895618295312505,1.1037001208374477,1.3002143346154234,1.4895618295312505,2.2424662879155215,2.387403557303614,0.08701942990865241,-0.10232806500717473,0.06009796426755809,-0.08483930512053428,False,False,0.04459920719838319,0.08919841439676637,0.04459554677618932,0.08919109355237864
3460,57.666666666666664,False,False,49.78988173043103,50.0,68.60713567667457,49.35455118868657,52.052357835231,47.249423037001044,74.0,-0.21011826956897295,2.30398886871945,2.3270287574066444,2.3149349226095675,1.3713438123064023,2.3572490024871415,1.3711196484452473,1.4026051756533888,2.3270287574066444,1.3002675542911095,1.4896354561801726,1.1037513169927935,1.3002675542911095,1.4896354561801726,2.2421890674879053,2.3871432721325543,0.08703028052678374,-0.10233762136227931,0.060114514725909896,-0.08483968991873914,False,False,0.04459554677618932,0.08919109355237864,0.04459189601133142,0.08918379202266284
3465,57.75,False,False,49.7904648221645,50.0,68.6087238445946,49.35513500556355,52.053161443511826,47.249680333870735,74.0,-0.20953517783549813,2.3037157091954215,2.3267528662873755,2.3146661698102298,1.3714066299193701,2.3569692027195983,1.3711830735890265,1.4026677253804336,2.3267528662873755,1.3003205859670037,1.4897088130161606,1.1038023742459246,1.3003205859670037,1.4897088130161606,2.2419127790292666,2.386883902203506,0.08704108763572704,-0.10234713941342988,0.06013103591613067,-0.08484008725810899,False,False,0.04459189601133142,0.08918379202266284,0.04458825485991928,0.08917650971983856
3470,57.833333333333336,False,False,49.79104623362521,50.0,68.61030773274659,49.35571714025814,52.053962617619625,47.24993698716066,74.0,-0.20895376637479046,2.303443480056738,2.3264779148573056,2.3143983406163864,1.371469278495496,2.3566901870405483,1.3712463269383268,1.4027300502918478,2.3264779148573056,1.3003734310034938,1.4897819017418992,1.1038532931825558,1.3003734310034938,1.4897819017418992,2.241637417787021,2.38662544284076,0.08705185145005134,-0.10235661928835404,0.06014752798345446,-0.08484049707028474,False,False,0.04458825485991928,0.08917650971983856,0.044584623278280236,0.08916924655656047
3475,57.916666666666664,False,False,49.79162596663194,50.0,68.61188735192556,49.356297594116825,52.054761362339896,47.25019299479028,74.0,-0.20837403336805949,2.303172176557728,2.326203898323305,2.3141314303138905,1.3715317588015266,2.356411952713755,1.3713094092728912,1.4027921518757467,2.326203898323305,1.300426090691487,1.4898547239891446,1.103904074461616,1.300426090691487,1.4898547239891446,2.2413629790360554,2.386367889395406,0.08706257211339796,-0.10236606118425962,0.06016399107210102,-0.08484091928724968,False,False,0.044584623278280236,0.08916924655656047,0.044581001222958626,0.08916200244591725
3480,58.0,False,False,49.792204023033726,50.0,68.6134627129335,49.356876369788175,52.05555768381373,47.25044835593148,74.0,-0.20779597696627405,2.302901793980078,2.325930811919879,2.3138654342157308,1.3715940716006012,2.356134497010367,1.3713723213687834,1.4028540315467581,2.325930811919879,1.3004785662495342,1.4899272813158504,1.1039547186981054,1.3004785662495342,1.4899272813158504,2.2410894580785703,2.3861112372451747,0.08707324976909225,-0.10237546529722397,0.06018042532529577,-0.08484135384130864,False,False,0.044581001222958626,0.08916200244591725,0.04457738865071875,0.0891547773014375
3485,58.083333333333336,False,False,49.79278040470929,50.0,68.61503382657878,49.35745346863532,52.056351585125526,47.25070306702381,74.0,-0.20721959529070944,2.302632327632657,2.325658650908984,2.3136003476618727,1.3716562176522715,2.3558578172089173,1.3714350639984185,1.4029156907746256,2.325658650908984,1.3005308590314213,1.489999575413769,1.1040052265216673,1.3005308590314213,1.489999575413769,2.240816850243884,2.385855481794252,0.0870838846391433,-0.10238483174320434,0.06019683088526806,-0.08484180066509994,False,False,0.04457738865071875,0.0891547773014375,0.044573785518531236,0.08914757103706247
3490,58.166666666666664,False,False,49.793355113566776,50.0,68.61660070367583,49.35802889295585,52.05714307286652,47.250957127701575,74.0,-0.20664488643322443,2.3023637728513386,2.325387410579852,2.313336166019068,1.371718197712519,2.3555819105953195,1.3714976379305734,1.4029771309739771,2.325387410579852,1.3005829702175018,1.4900716077997869,1.1040555985326592,1.3005829702175018,1.4900716077997869,2.2405451508882654,2.3856006184731195,0.08709447682580973,-0.10239416075647534,0.06021320789326756,-0.08484225969158654,False,False,0.044573785518531236,0.08914757103706247,0.04457019178358791,0.08914038356717582
3495,58.25,False,False,49.79392815154332,50.0,68.61816335504462,49.35860264413399,52.05793214982926,47.25121053419643,74.0,-0.20607184845668058,2.3020961249988243,2.3251170862488126,2.3130728846806923,1.371780012533773,2.3553067744628686,1.3715600439304063,1.4030383535961846,2.3251170862488126,1.3006349011583747,1.4901433801596151,1.1041058353607243,1.3006349011583747,1.4901433801596151,2.240274355394757,2.385346642738376,0.08710502656343055,-0.1024034524378099,0.06022955648956341,-0.08484273085405558,False,False,0.04457019178358791,0.08914038356717582,0.04456660740329208,0.08913321480658416
3500,58.333333333333336,False,False,49.79449952060456,50.0,68.61972179151049,49.359174724490614,52.0587188227899,47.251463286365066,74.0,-0.20550047939543958,2.3018293794644706,2.3248476732591152,2.3128104990665665,1.3718416628649301,2.3550324061122385,1.3716222827594786,1.4030993600375041,2.3248476732591152,1.3006866530088879,1.4902148939817883,1.1041559376208625,1.3006866530088879,1.4902148939817883,2.240004459172995,2.385093550072574,0.08711553394428417,-0.10241270702861627,0.06024587681345883,-0.08484321408612017,False,False,0.04456660740329208,0.08913321480658416,0.04456303233525211,0.08912606467050423
3505,58.416666666666664,False,False,49.79506922274443,50.0,68.62127602390359,49.359745136175015,52.059503095675794,47.25171538151908,74.0,-0.2049307772555693,2.3015635316641165,2.3245791669807576,2.3125490046227846,1.3719031494513692,2.3547588028514768,1.371684355175769,1.4031601516941918,2.3245791669807576,1.3007382270495598,1.490286150879105,1.1042059059134317,1.3007382270495598,1.490286150879105,2.239735457659047,2.3848413359840537,0.08712599918491315,-0.10242192464463207,0.06026216900329606,-0.08484370932171048,False,False,0.04456303233525211,0.08912606467050423,0.04455946653729787,0.08911893307459574
3510,58.5,False,False,49.79563725998454,50.0,68.62282606305854,49.36031388079614,52.06028497329667,47.251966817794305,74.0,-0.20436274001546195,2.3012985770399093,2.3243115628103084,2.3122883968215504,1.371964473034971,2.3544859619960077,1.3717462619336975,1.403220729980876,2.3243115628103084,1.3007896245111361,1.490357152413178,1.1042557408534321,1.3007896245111361,1.490357152413178,2.2394673463152266,2.384589996006771,0.08713642243230191,-0.10243110546973999,0.06027843319646253,-0.08484421649508178,False,False,0.04455946653729787,0.08911893307459574,0.04455590996745431,0.08911181993490862
3515,58.583333333333336,False,False,49.796203634373995,50.0,68.62437191981408,49.36088096090288,52.0610644614685,47.252217594262405,74.0,-0.20379636562600467,2.301034511060136,2.324044856170737,2.3120286711609985,1.3720256343541364,2.3542138808686257,1.371808003784136,1.4032810962570692,2.324044856170737,1.3008408465688122,1.4904279000886744,1.1043054430412214,1.3008408465688122,1.4904279000886744,2.239200120629932,2.3843395257001387,0.08714680383160522,-0.10244024968825705,0.060294669529401546,-0.08484473554080507,False,False,0.04455590996745431,0.08911181993490862,0.04455236258396713,0.08910472516793426
3520,58.666666666666664,False,False,49.7967683479889,50.0,68.62591360501268,49.36144637813615,52.06184156381173,47.25246770803963,74.0,-0.20323165201109816,2.3007713292190535,2.323779042511244,2.3117698231650357,1.3720866341438032,2.3539425567994954,1.3718695814744324,1.4033412519190278,2.323779042511244,1.3008918944928856,1.4904983955039637,1.1043550130917994,1.3008918944928856,1.4904983955039637,2.2389337761174746,2.3840899206488606,0.08715714358493587,-0.10244935742614225,0.06031087813761671,-0.08484526639376933,False,False,0.04455236258396713,0.08910472516793426,0.0445488243452806,0.0890976486905612
3525,58.75,False,False,49.79733140293209,50.0,68.62745112950012,49.362010134709095,52.06261628629336,47.252717158388144,74.0,-0.20266859706791251,2.30050902703672,2.323514117307087,2.3115118483831676,1.3721474731354621,2.353671987126147,1.3719309957484238,1.4034011983262644,2.323514117307087,1.300942769435164,1.490568640137542,1.1044044515762381,1.300942769435164,1.490568640137542,2.238668308317909,2.3838411764627674,0.08716744181127756,-0.10245842889110035,0.060327059155680374,-0.08484580898917793,False,False,0.0445488243452806,0.0890976486905612,0.044545295210052,0.089090590420104
3530,58.833333333333336,False,False,49.7978928013325,50.0,68.62898450412523,49.36257223266864,52.06338863308437,47.25296594297519,74.0,-0.20210719866749827,2.3002476000588286,2.323250076059417,2.3112547423903385,1.3722081520571765,2.3534021691934757,1.3719922473464605,1.4034609368382918,2.323250076059417,1.30099347262387,1.4906386355429326,1.1044537591095378,1.30099347262387,1.4906386355429326,2.2384037127968672,2.3835932887766593,0.08717769870464087,-0.10246746421442166,0.06034321271724252,-0.08484636326254957,False,False,0.044545295210052,0.089090590420104,0.04454177513712856,0.08908355027425711
3535,58.916666666666664,False,False,49.798452545345185,50.0,68.63051373973943,49.36313267463604,52.064158610451415,47.25321406138713,74.0,-0.20154745465481483,2.2999870438565417,2.322986914295107,2.3109985007867633,1.3722686716335972,2.3531331003537366,1.3720533370054155,1.4035204687778786,2.322986914295107,1.3010440051806391,1.4907083831656973,1.104502936292056,1.3010440051806391,1.4907083831656973,2.238139985145392,2.3833462532501413,0.0871879143878187,-0.1024764635972395,0.060359338955034314,-0.08484692914971514,False,False,0.04454177513712856,0.08908355027425711,0.044538264085581605,0.08907652817116321
3540,59.0,False,False,49.79901063715061,50.0,68.63203884719641,49.36369146232881,52.06492622177881,47.25346151063416,74.0,-0.20098936284939128,2.299727354026326,2.3227246275665894,2.3107431191977668,1.372329032585981,2.3528647779665453,1.3721142654587088,1.4035797955045382,2.3227246275665894,1.3010943683547178,1.4907778845776378,1.1045519836948643,1.3010943683547178,1.4907778845776378,2.2378771209797756,2.3831000655674712,0.08719808907309967,-0.10248542714982034,0.060375438000881854,-0.08484750658681373,False,False,0.044538264085581605,0.08907652817116321,0.04453476201466712,0.08906952402933424
3545,59.083333333333336,False,False,49.799567078954446,50.0,68.63355983735181,49.364248598040874,52.06569147324256,47.25370829027391,74.0,-0.20043292104555377,2.299468526189789,2.322463211451687,2.3104885932736234,1.3723892356322074,2.35259719939887,1.3721750334363212,1.4036389183410392,2.322463211451687,1.3011445632561298,1.4908471412099682,1.1046009019183203,1.3011445632561298,1.4908471412099682,2.2376151159413875,2.3828547214373876,0.08720822286892904,-0.10249435508490934,0.06039150998570042,-0.0848480955102997,False,False,0.04453476201466712,0.08906952402933424,0.04453126888385022,0.08906253776770044
3550,59.166666666666664,False,False,49.80012187298728,50.0,68.63507672106273,49.364804084273835,52.06645436957123,47.253954398583254,74.0,-0.1998781270127168,2.2992105559935183,2.3222026615534537,2.3102349186893876,1.3724492814867943,2.3523303620250324,1.3722356416648096,1.403697838591779,2.3222026615534537,1.3011945910551175,1.4909161545527612,1.1046496915334956,1.3011945910551175,1.4909161545527612,2.2373539656965287,2.3826102165929752,0.08721831596098206,-0.10250324753666162,0.060407555039521554,-0.084848695856925,False,False,0.04453126888385022,0.08906253776770044,0.044527784652800564,0.08905556930560113
3555,59.25,False,False,49.80067502150405,50.0,68.63658950918766,49.36535792262861,52.06721491487449,47.254199833306544,74.0,-0.19932497849595165,2.298953439108918,2.3219429735000072,2.309982091144752,1.3725091708609154,2.3520642632267004,1.3722960908673303,1.4037565575978987,2.3219429735000072,1.3012444529432192,1.4909849261160333,1.1046983531553907,1.3012444529432192,1.4909849261160333,2.2370936659362455,2.3823665467914847,0.08722836851813454,-0.10251210465467953,0.06042357329147752,-0.08484930756376174,False,False,0.044527784652800564,0.08905556930560113,0.044524309281373874,0.08904861856274775
3560,59.333333333333336,False,False,49.80122652678385,50.0,68.63809821258579,49.36591011602516,52.067973115866515,47.25444459456596,74.0,-0.1987734732161499,2.2986971712320523,2.3216841429443726,2.3097301063638653,1.3725689044624176,2.3517989003928883,1.372356381763652,1.4038150766270518,2.3216841429443726,1.3012941499817043,1.4910534572781837,1.1047468873257913,1.3012941499817043,1.4910534572781837,2.236834212376202,2.3821237078142015,0.08723838065113187,-0.10252092664534751,0.06043956486982882,-0.0848499305681707,False,False,0.044524309281373874,0.08904861856274775,0.04452084272963507,0.08904168545927015
3565,59.416666666666664,False,False,49.80177639112961,50.0,68.63960284211693,49.366460666854586,52.06872897668892,47.25468868018676,74.0,-0.1982236088703928,2.298441748083483,2.321426165564318,2.309478960095202,1.3726284829958353,2.35153427091995,1.3724165150701695,1.403873396965264,2.321426165564318,1.3013436833451308,1.4911217495295592,1.1047952946304123,1.3013436833451308,1.4911217495295592,2.236575600756486,2.381881695466271,0.0872483525642953,-0.10252971362013308,0.06045552990195313,-0.08485056480783193,False,False,0.04452084272963507,0.08904168545927015,0.04451738495784506,0.08903476991569012
3570,59.5,False,False,49.802324616867615,50.0,68.6411034086411,49.36700957698013,52.06948250221164,47.254932088677755,74.0,-0.19767538313238475,2.2981871654081156,2.3211690370621967,2.309228648111379,1.3726879071624087,2.351270372211577,1.372476491499927,1.4039315199169322,2.3211690370621967,1.3013930541661285,1.4911898043172427,1.104843575654968,1.3013930541661285,1.4911898043172427,2.2363178268414807,2.3816405055765633,0.08725828440031047,-0.10253846575080372,0.06047146851436658,-0.08485121022071596,False,False,0.04451738495784506,0.08903476991569012,0.044513935926455216,0.08902787185291043
3575,59.583333333333336,False,False,49.802871206347255,50.0,68.64259992301811,49.367556848847435,52.07023369780599,47.25517481902621,74.0,-0.1971287936527446,2.2979334189750404,2.320912753164791,2.308979166209022,1.3727471776600992,2.351007201678796,1.3725363117626312,1.4039894467497107,2.320912753164791,1.3014422635461267,1.4912576230557846,1.1048917309705304,1.3014422635461267,1.4912576230557846,2.2360608864196956,2.381400133997513,0.08726817630607386,-0.10254718320358402,0.06048738083272198,-0.08485186674509526,False,False,0.044513935926455216,0.08902787185291043,0.044510495596114676,0.08902099119222935
3580,59.666666666666664,False,False,49.80341616194062,50.0,68.64409239610735,49.36810248474608,52.07098256824128,47.25541686970134,74.0,-0.1965838380593823,2.2976805045773787,2.3206573096231526,2.308730510208604,1.3728062951836049,2.350744756739963,1.3725959765646683,1.4040471787312527,2.3206573096231526,1.301491312607302,1.4913252071791623,1.104939761133528,1.301491312607302,1.4913252071791623,2.235804775303605,2.38116057660497,0.08727802844790955,-0.10255586612395073,0.060503266981817294,-0.08485253431954742,False,False,0.044510495596114676,0.08902099119222935,0.044507063927663924,0.08901412785532785
3585,59.75,False,False,49.803959486042295,50.0,68.64558083876749,49.36864648755007,52.071729119639414,47.25565824041934,74.0,-0.19604051395770483,2.2974284180321276,2.3204027022124487,2.308482675954288,1.3728652604243776,2.3504830348207544,1.3726554866091183,1.4041047170924685,2.3204027022124487,1.301540202400683,1.4913925580488812,1.104987666715033,1.301540202400683,1.4913925580488812,2.2355494893295087,2.380921829298054,0.08728784095641262,-0.10256451469178551,0.06051912708560536,-0.08485321288294001,False,False,0.044507063927663924,0.08901412785532785,0.044503640882144195,0.08900728176428839
3590,59.833333333333336,False,False,49.804501181068915,50.0,68.64706526185594,49.369188859239664,52.07247335573127,47.25589892876272,74.0,-0.19549881893108534,2.297177155180007,2.3201489267318074,2.308235659313781,1.3729240740706383,2.3502220333541732,1.3727148425957745,1.4041620631010119,2.3201489267318074,1.3015889340822875,1.4914596771301276,1.1050354482861167,1.3015889340822875,1.4914596771301276,2.235295024357368,2.3806838879990035,0.08729761402911573,-0.1025731290187244,0.06053496126719615,-0.08485390237443946,False,False,0.044503640882144195,0.08900728176428839,0.044500226420780206,0.08900045284156041
3595,59.916666666666664,False,False,49.80504124945883,50.0,68.64854567622879,49.36972960201167,52.073215282119044,47.25613893402895,74.0,-0.1949587505411685,2.2969267118853094,2.3198959790041624,2.307989456178186,1.3729827368073935,2.349961749780536,1.372774045221159,1.4042192180061648,2.3198959790041624,1.301637508712684,1.4915265657913284,1.1050831064032083,1.301637508712684,1.4915265657913284,2.2350413762706545,2.3804467486530285,0.08730734778516358,-0.10258170929348087,0.060550769648866076,-0.08485460273350798,False,False,0.044500226420780206,0.08900045284156041,0.0444968205049886,0.0889936410099772
