time_s,time_min,falla_prop_inyectada,falla_remi_inyectada,BIS,BIS_ref,BIS_desde_Ce_real,BIS_desde_Ce_bis,BIS_mas,BIS_menos,age_patient,error,Ce_remi_pred,Ce_remi_corr,Ce_remi_prom,Ce_prop,Ce_remi,Ce_bis,Ce_prop_obs,Ce_remi_obs,Ce_bis_menos,Ce_bis_mas,Ce_bis_inv,Ce_prop_menos,Ce_prop_mas,Ce_remi_menos,Ce_remi_mas,r_prop_sup,r_prop_inf,r_remi_sup,r_remi_inf,fallo_prop,fallo_remi,u_prop_app,u_remi_app,u_prop_cmd,u_remi_cmd
0,0.0,False,False,93.0,50.0,98.8,93.0,93.0,93.0,74.0,43.0,0.0,0.0,0.06,0.0,0.0,0.0,7.35781213734299e-12,0.0,0.0,0.0,7.321432349272073e-12,-0.0032468786762198023,-0.007576050259624056,-0.0030490772328346325,-0.009147231698503892,-0.007576050266981868,-0.0032468786835776146,-0.009147231698503892,-0.0030490772328346325,False,False,0.0,0.0,6.043972499999999,12.087944999999998
5,0.08333333333333333,False,False,92.9820329973238,50.0,98.78309264597125,92.92279960579083,92.81405011345834,92.81114975659163,74.0,42.9820329973238,0.29484020376562414,0.29778860580328037,-0.006098154465669262,0.01927387911056376,0.13764640790836807,0.0,7.35781213734299e-12,0.29778860580328037,0.0,0.0,7.321432349272073e-12,0.011324908783700278,0.014180317887039422,0.4744333958278003,0.47834237024392345,0.01418031787968161,0.011324908776342466,0.18055376444064308,0.17664479002451994,False,False,6.043972499999999,12.087944999999998,0.36791960302133986,0.7358392060426797
10,0.16666666666666666,False,False,92.85717671042218,50.0,98.60512954413085,92.723633867251,92.61389651459676,92.61140523545845,74.0,42.85717671042218,0.5796023880389035,0.5853984119192925,0.4763878830358619,0.057905539168809854,0.4069413492768468,0.0005272052246289467,7.35781213734299e-12,0.5853984119192925,0.0034663524560585406,0.003398509467198843,0.0005266714312256226,0.009705252559926672,0.008354950431241171,0.6649192637963707,0.6632420936796021,0.008354950423883359,0.00970525255256886,0.07784368176030954,0.07952085187707814,False,False,0.36791960302133986,0.7358392060426797,0.3552132267257703,0.7104264534515407
15,0.25,False,False,92.4727209211322,50.0,98.19303891853278,92.41946473232407,92.19135548945752,92.18386261449605,74.0,42.47272092113219,0.8543431173460283,0.8628865485194885,0.6640806787379864,0.09716799083833001,0.6710799308490847,0.014667814453724837,0.0005292884321261227,0.8628865485194885,0.0060502433986693496,0.005697477739267322,0.014652963465005088,0.010609558960313905,0.011699995916967928,0.9761244767140103,0.9775173877783678,0.011170707484841806,0.010080270528187782,0.11463083925887929,0.11323792819452172,False,False,0.3552132267257703,0.7104264534515407,0.32012039965450584,0.6402407993090117
20,0.3333333333333333,False,False,91.71308284729794,50.0,97.52579142331182,91.6912976530562,91.78091805968992,91.77811362585145,74.0,41.71308284729794,1.1180311358695514,1.1292114472282468,0.976820932246189,0.13687230066426503,0.9290964046515493,0.038562330718174886,0.020106993301369586,1.1292114472282468,0.008296156407611319,0.00841500141802581,0.03852328678954109,0.038850075589204586,0.03850605445799615,1.2034670668430154,1.203129129055347,0.018399061156626567,0.018743082287835,0.07391768182710012,0.07425561961476856,False,False,0.32012039965450584,0.6402407993090117,0.2665379167307912,0.5330758334615824
25,0.4166666666666667,False,False,90.56121308714083,50.0,96.60479429036499,90.5233522403392,91.0374177152186,91.03603041305298,74.0,40.56121308714083,1.3688408117752215,1.3825292198929737,1.2032980979491812,0.17670809862421377,1.1791896169074187,0.0682406979635484,0.048905716022736676,1.3825292198929737,0.019944107524671108,0.019940407035444696,0.06817160502801016,0.06576941991695494,0.06625047452680047,1.45754429521701,1.45814215397216,0.017344758504063792,0.016863703894218263,0.07561293407918623,0.07501507532403617,False,False,0.2665379167307912,0.5330758334615824,0.207304710927349,0.414609421854698
30,0.5,False,False,89.06247456015042,50.0,95.451400226762,89.00510018560828,90.07640134641746,90.07245225539545,74.0,39.06247456015042,1.604854946978402,1.6209034964481859,1.457843224594585,0.21630202613972493,1.419168874004047,0.10123686995259437,0.0814064684591449,1.6209034964481859,0.03779780962459027,0.03793965010471921,0.10113436876922606,0.09891555250808978,0.09890584950624522,1.6739889046270817,1.6740449612022592,0.017499381047100318,0.017509084048944884,0.05314146475407333,0.05308540817889584,False,False,0.207304710927349,0.414609421854698,0.1510248485131441,0.3020496970262882
35,0.5833333333333334,False,False,87.2884579282704,50.0,94.1025225800016,87.20940622801966,88.80688906834087,88.8030157044567,74.0,37.288457928270404,1.8244949523716802,1.8427399018953972,1.6740169329146704,0.25528833347709756,1.646967521178439,0.1361286404598579,0.11630932711900642,1.8427399018953972,0.06122579423442136,0.061319255174113685,0.1359908117625764,0.13220281152393734,0.13246930801691892,1.8861312785138935,1.8864675054706088,0.0161599808979125,0.01589348440493092,0.04372760357521166,0.04339137661849635,False,False,0.1510248485131441,0.3020496970262882,0.10175308362761126,0.20350616725522253
40,0.6666666666666666,False,False,85.31875175495489,50.0,92.60445690205273,85.2171224696663,87.33734006187595,87.33208682314861,74.0,35.31875175495489,2.026688293238129,2.0469551761705103,1.8862993919922513,0.29334864339810535,1.8609187959880629,0.17202856690236354,0.1527614199789332,2.0469551761705103,0.08810990860009407,0.08824964012961563,0.1718543899356064,0.16771073559176863,0.16780750262617053,2.0739031904075427,2.0740652597120444,0.015046082647237335,0.01494931561283544,0.027110083541534102,0.026948014237032414,False,False,0.10175308362761126,0.20350616725522253,0.061210389910853424,0.12242077982170685
45,0.75,False,False,83.23103137755598,50.0,91.00656426863328,83.10701466437814,85.67716123906317,85.67185956427348,74.0,33.23103137755598,2.2109058470826803,2.233014905553507,2.0739842250597933,0.33022825911029385,2.0598556465957407,0.20831650039275135,0.19012876003772364,2.233014905553507,0.11774616567896984,0.11786796175986333,0.20810558229400158,0.203374647271366,0.20356173248139106,2.24771275657903,2.247954430576972,0.013432972443667424,0.013245887233642367,0.01493952502346474,0.014697851025522901,False,False,0.061210389910853424,0.12242077982170685,0.029797676068164136,0.05959535213632827
50,0.8333333333333334,False,False,81.09484633248685,50.0,89.35599082610617,80.94946725422021,83.90885515679541,83.90296587101082,74.0,31.094846332486853,2.377130831068691,2.4009021393793777,2.247833593578001,0.3657402115762465,2.2431203721147805,0.2445219908037911,0.22790053469006127,2.4009021393793777,0.1491577291719826,0.14929412427241542,0.24427441506918515,0.23958462690802818,0.23971124363941096,2.4018367110680114,2.4020186530254493,0.011810708949349685,0.011684092217966902,0.0011165136460715708,0.0009345716886337563,False,False,0.029797676068164136,0.05959535213632827,0.007030720716725891,0.014061441433451782
55,0.9166666666666666,False,False,78.96802274232327,50.0,87.69403897099306,78.8028672970366,82.06852191778596,82.06262520978207,74.0,28.96802274232327,2.525786985260703,2.55104485511331,2.4019276820467304,0.39976214229862034,2.4105235011102115,0.28027588722911595,0.26565258588817414,2.55104485511331,0.18184969527091577,0.181979020484907,0.2799921110669402,0.2755131702681547,0.275667475322094,2.5401668226616603,2.5403676990863016,0.010014889433919871,0.009860584379980553,-0.010677156027008472,-0.010878032451649755,False,False,0.007030720716725891,0.014061441433451782,0.0,0.0
60,1.0,False,False,76.89438567246734,50.0,86.05266405104426,76.71134020936763,80.20894682478493,80.20288764210875,74.0,26.894385672467337,2.658042605991029,2.6846230320509394,2.540267260873981,0.43225467319809424,2.5624582252597206,0.31528832898303666,0.3030037144794824,2.6846230320509394,0.2152769751190134,0.21541013918809848,0.31496910312785076,0.31106965475155723,0.31120082769859775,2.6624121756374644,2.662589548326861,0.00819711321911537,0.008065940272074856,-0.02203348372407854,-0.02221085641347509,False,False,0.0,0.0,0.0,0.0
65,1.0833333333333333,False,False,74.90383623329815,50.0,84.45372093811993,74.70488363028834,78.36103501380174,78.3550562583125,74.0,24.90383623329815,2.7753146904470953,2.8030678373515663,2.6625008619821626,0.46325242484296103,2.6998136582048957,0.349343051168463,0.3396651782543177,2.8030678373515663,0.24905767302599274,0.24918722296212353,0.3489893453011519,0.34589311106996457,0.3460310926462151,2.7709660353200687,2.771144556057851,0.0063659143918974315,0.006227932815646875,-0.031923281293715355,-0.032101802031497595,False,False,0.0,0.0,0.0,0.0
70,1.1666666666666667,False,False,73.01502690955914,50.0,82.91225530197916,72.80211277473093,76.55709488583256,76.551166671987,74.0,23.01502690955914,2.8789012044713718,2.9076902165160856,2.77105529568896,0.49281105616972637,2.823581883769268,0.3823031643524864,0.37544907880695066,2.9076902165160856,0.2828389837885277,0.28296848439815325,0.3819160867312803,0.37989741969664076,0.38002518861113416,2.866484152121475,2.866651138068452,0.0045761098041834924,0.0044483408896900944,-0.04103907844763377,-0.04120606439461083,False,False,0.0,0.0,0.0,0.0
75,1.25,False,False,71.23830275443552,50.0,81.43878480844474,71.01325549114547,74.81665512336538,74.81087599464827,74.0,21.238302754435523,2.9699910439557535,2.999690954395311,2.866567645094963,0.5209842408034043,2.9346927819440687,0.4140966511632044,0.41023372778409795,2.999690954395311,0.3163653300470529,0.31649217033544974,0.41367738299718443,0.4129367064829327,0.4130645006001235,2.950393476505821,2.950556868919658,0.002830772816025562,0.002702978698834735,-0.04913408547565279,-0.049297477889489905,False,False,0.0,0.0,0.0,0.0
80,1.3333333333333333,False,False,69.5781323915366,50.0,80.04019288249677,69.34262176669797,73.15549124325483,73.14985991556532,74.0,19.5781323915366,3.049673163021952,3.080169894652171,2.9504751727127396,0.547823737098145,3.0340178241453337,0.44469150983318684,0.443940234017673,3.080169894652171,0.3494272895788946,0.3495526047231815,0.4442412647277252,0.4449628013129531,0.44508500152574565,3.0235426630440787,3.023698873025433,0.0011447675080726305,0.001022567295280108,-0.05647102162673834,-0.056627231608092465,False,False,0.0,0.0,0.0,0.0
85,1.4166666666666667,False,False,68.03500637697825,50.0,78.72050977935935,67.7905277670924,71.58221288190856,71.57676574096648,74.0,18.035006376978245,3.1189449386766435,3.15013438806341,3.023620768034756,0.5733794557142634,3.1223736392207293,0.47407877433413703,0.4765161843830811,3.15013438806341,0.38187211443101127,0.3819949813805301,0.4735987749557808,0.4759148533784461,0.4760350266206196,3.0869635125499415,3.087115272672439,-0.00048115776246149267,-0.0006013310046349973,-0.06301911539097071,-0.06317087551346834,False,False,0.0,0.0,0.0,0.0
90,1.5,False,False,66.60677778472913,50.0,77.48157155625609,66.35465202485318,70.1021841141596,70.09692061856794,74.0,16.606777784729132,3.1787198358015005,3.2105070341595154,3.0870393926111905,0.5976995248182504,3.2005253640011473,0.50226316248551,0.5079265067798133,3.2105070341595154,0.41357929768772694,0.4137000778308419,0.5017546267362832,0.5057657180071425,0.5058820776414137,3.1414599341706744,3.141606399369475,-0.0020444291383996394,-0.0021607887726707853,-0.06890063479004027,-0.06904709998884107,False,False,0.0,0.0,0.0,0.0
95,1.5833333333333333,False,False,65.28959758542399,50.0,76.32356163852648,65.03097973398317,68.71713014599901,68.7120594988838,74.0,15.28959758542399,3.229834430997144,3.2621327753071157,3.141533166770075,0.6208303529893076,3.2691897913631727,0.5292580390513915,0.5381484453785288,3.2621327753071157,0.4444581358451799,0.44457651425744826,0.5287221712868359,0.534489131682468,0.5346029793646114,3.1878465954626964,3.187988843045436,-0.0035454660139173644,-0.003659313696060762,-0.0741439322616797,-0.07428617984441921,False,False,0.0,0.0,0.0,0.0
100,1.6666666666666667,False,False,64.07856959036368,50.0,75.24544683678702,63.81446233602597,67.42684591528158,67.42196342176585,74.0,14.078569590363685,3.2730548489056357,3.305785397394692,3.187917719254066,0.6428166899130081,3.32903832798945,0.5550825700614115,0.567168638318808,3.305785397394692,0.4744374530699339,0.4745535612674405,0.55452055526589,0.5620731117666633,0.5621839392593737,3.226826157573302,3.2269641410980445,-0.004984699059434328,-0.005095526552144736,-0.07882125629664749,-0.07895923982139008,False,False,0.0,0.0,0.0,0.0
105,1.75,False,False,62.96820952443138,50.0,74.24532249142922,62.699478564716614,66.22939634450984,66.22469936758083,74.0,12.96820952443138,3.3090826601511014,3.3421734867526123,3.2268951493356735,0.663701684939859,3.3806997732816275,0.5797599811445595,0.5949812578749789,3.3421734867526123,0.5034630882224276,0.503576840652821,0.579172980746489,0.5885098387201039,0.5886181713771507,3.259066264462839,3.2592005095783523,-0.006363086497828241,-0.0064714191548750355,-0.08297297717426,-0.0831072222897733,False,False,0.0,0.0,0.0011038174793336908,0.0022076349586673816
110,1.8333333333333333,False,False,61.9526263811033,50.0,73.3204290049615,61.6800150474224,65.12138727945967,65.11686797210406,74.0,11.9526263811033,3.33861413292539,3.3720002742546438,3.2591333870205954,0.6835304635939703,3.4247880687101455,0.6033161921946693,0.6215810391792821,3.3720002742546438,0.5314935058418018,0.5316049753131122,0.6027053413944942,0.6137920810460242,0.6138978293381432,3.2852512311554136,3.2853818994443906,-0.007683209841138905,-0.007788958133257862,-0.08661837481025314,-0.08674904309923015,False,False,0.0011038174793336908,0.0022076349586673816,0.00566919056171622,0.01133838112343244
115,1.9166666666666667,False,False,61.025300199769006,50.0,72.4665854897067,60.74944100434319,64.09752058435986,64.09317143318974,74.0,11.025300199769006,3.3624550834611497,3.396079634295761,3.285316565299902,0.7023610218313991,3.461980959036124,0.6257790660539253,0.6469549709563308,3.396079634295761,0.5584954879531705,0.5586046802217418,0.6251454718460536,0.6379056326771823,0.638009049450862,3.3062367591094333,3.3063641720446326,-0.008945921505468801,-0.009049338279148555,-0.08971546225112847,-0.08984287518632783,False,False,0.00566919056171622,0.01133838112343244,0.010070791765041123,0.020141583530082247
120,2.0,False,False,60.17932860928027,50.0,71.67871243219702,59.900756869618874,63.153226112610085,63.14903784154578,74.0,10.179328609280269,3.381332945433345,3.4151462748876784,3.306300465577033,0.7202595175631457,3.4929840304582225,0.6471818173873679,0.671114511114929,3.4151462748876784,0.5844397650699813,0.5845467434295227,0.6465265531400747,0.6608750298897162,0.6609761562316363,3.3226580417084413,3.322782393916396,-0.010138354883292733,-0.010239481225212788,-0.09236388097128234,-0.09248823317923716,False,False,0.010070791765041123,0.020141583530082247,0.014204150632533927,0.028408301265067853
125,2.0833333333333335,False,False,59.40789618491067,50.0,70.95183562983485,59.127063639315665,62.28323524426538,62.27919883100994,74.0,9.407896184910669,3.3958983547858965,3.4298573383337554,3.3227202178124187,0.7372881700467226,3.5184449196742285,0.6675673040323543,0.6940850585135468,3.4298573383337554,0.6093131965401739,0.6094180046405816,0.6668913997097207,0.6827193376902334,0.6828183251707123,3.3351415417557653,3.335263063775735,-0.011266733342834567,-0.011365720823313441,-0.09459427455802061,-0.09471579657799012,False,False,0.014204150632533927,0.028408301265067853,0.01802709898375085,0.0360541979675017
130,2.1666666666666665,False,False,58.70445574769804,50.0,70.28119724685806,58.421742919348105,61.482492167002725,61.47859827029477,74.0,8.704455747698042,3.4067296980247863,3.440796995005034,3.33520230276575,0.7535049479405471,3.538953827621087,0.6869844429158327,0.7159019540041391,3.440796995005034,0.633112665578805,0.6332153682134846,0.6862888789677073,0.703476222306862,0.7035731470365734,3.344209109550901,3.344327980805165,-0.012328806967565775,-0.01242573169727712,-0.0964690141998692,-0.0965878854541331,False,False,0.01802709898375085,0.0360541979675017,0.021523303777656516,0.04304660755531303
135,2.25,False,False,58.06286738947586,50.0,69.66231676191131,57.77859457488537,60.74582519122993,60.742064886109205,74.0,8.062867389475862,3.414338561812828,3.4484819474309565,3.344268545178033,0.7689635501041454,3.555046028550123,0.7054843847917118,0.7366062746478657,3.4484819474309565,0.655847514840035,0.6559481711394815,0.7047700898554012,0.7231820901081993,0.7232770613304597,3.350339768293186,3.3504561683583787,-0.013329213317405997,-0.013424184539666317,-0.09802577907257781,-0.09814217913777057,False,False,0.021523303777656516,0.04304660755531303,0.024697892034401994,0.04939578406880399
140,2.3333333333333335,False,False,57.47746162661086,50.0,69.09102017351867,57.191898409604384,60.068308783228034,60.064673407398445,74.0,7.477461626610861,3.419175780422108,3.453367538226329,3.3503979683257823,0.7837135380392378,3.567205307194984,0.7231181485305167,0.7562420648526587,3.453367538226329,0.6775350806551226,0.6776337571098244,0.7223859996162446,0.7418790772012708,0.7419721751104705,3.353944735908571,3.3540588187541425,-0.014269889742188124,-0.014362987651387882,-0.09930871947218645,-0.09942280231775813,False,False,0.024697892034401994,0.04939578406880399,0.02756799968072715,0.0551359993614543
145,2.4166666666666665,False,False,56.94305256950368,50.0,68.56344726023882,56.65642592058939,59.44520550327243,59.441686911256895,74.0,6.943052569503678,3.421637557959543,3.4558539335391387,3.354001777331357,0.7978005695824665,3.575867935527932,0.7399353134611928,0.77485465830644,3.4558539335391387,0.6981996008105554,0.6982963617403177,0.7391861373593657,0.7596085574351389,0.759699869909786,3.355390646649205,3.3555025573663744,-0.015154788396653962,-0.015246100871301071,-0.10035137617276435,-0.10046328688993356,False,False,0.02756799968072715,0.0551359993614543,0.030156313378094532,0.060312626756189064
150,2.5,False,False,56.45492372843101,50.0,68.076045363486,56.16742483498793,58.872091418629,58.8686819273186,74.0,6.454923728431012,3.4220713374371603,3.456292050811532,3.35544660200779,0.8112666791575903,3.58142678578283,0.7559833370470498,0.7924896593616086,3.456292050811532,0.7178696528417996,0.7179645643655513,0.7552179124927989,0.7764132234940353,0.7765028254642518,3.3549955757831276,3.3551054435014596,-0.01598683389735689,-0.016076435867573347,-0.10118660731007223,-0.10129647502840422,False,False,0.030156313378094532,0.060312626756189064,0.03248736485991799,0.06497472971983598
155,2.5833333333333335,False,False,56.00880016173434,50.0,67.62555540195449,55.720590154429615,58.34483506925925,58.341527529587644,74.0,6.008800161734342,3.420781254132898,3.4549890666742273,3.3550505096422936,0.8241505704017407,3.5842353368038857,0.771307229977529,0.8091923111461348,3.4549890666742273,0.7365771015425743,0.7366702280768296,0.7705262901643892,0.7923349137776491,0.7924228797819193,3.3530394878268157,3.353147431634435,-0.016769431364215492,-0.016857397368485683,-0.10184163503979216,-0.10194957884741163,False,False,0.03248736485991799,0.06497472971983598,0.0345855167699274,0.0691710335398548
160,2.6666666666666665,False,False,55.60081471310709,50.0,67.20899375933834,55.31202945723972,57.85962516528266,57.856412926299335,74.0,5.600814713107091,3.4180331088967786,3.4522134399857465,3.3530934597306254,0.836487902483473,3.5846114494351746,0.7859494355949052,0.8250070933561165,3.4522134399857465,0.7543558198632858,0.7544472252332904,0.7851536707070864,0.8074151822108697,0.8075015796831326,3.349765933916256,3.349872061373436,-0.01750551367298392,-0.01759191114524683,-0.10234137861231041,-0.10244750606949049,False,False,0.0345855167699274,0.0691710335398548,0.036473918887762746,0.07294783777552549
165,2.75,False,False,55.22747262242751,50.0,66.82363233555185,54.93822672059534,57.412949613730305,57.409826525786784,74.0,5.227472622427513,3.414058850908517,3.448199439417602,3.349818997644846,0.8483115606418545,3.582840856246661,0.7999498266436502,0.8399774606708434,3.448199439417602,0.771241022991257,0.7713307691002304,0.7991398865200154,0.8216945353584321,0.8217794290362439,3.345387854141947,3.3454922637326554,-0.018198031634599543,-0.01828292531241138,-0.1027071756849467,-0.10281158527565504,False,False,0.036473918887762746,0.07294783777552549,0.038174014041868674,0.07634802808373735
170,2.8333333333333335,False,False,54.885616827238856,50.0,66.46697818438481,54.59600696443805,57.00158846845147,56.998548849329836,74.0,4.885616827238856,3.409060587663723,3.4431511935403605,3.3454400589373012,0.8596519066881089,3.5791803495285794,0.813345769196427,0.8541456700502295,3.4431511935403605,0.787268611360908,0.7873567584588254,0.8125222658381518,0.8352125587368315,0.8352960085911523,3.340090383918473,3.340193165160887,-0.018849661459077183,-0.01893311131339792,-0.10295802837947354,-0.10306080962188746,False,False,0.038174014041868674,0.07634802808373735,0.03970535375513297,0.07941070751026594
175,2.9166666666666665,False,False,54.57239515278153,50.0,66.1367536024579,54.28250289556364,56.62259182450942,56.6196304383863,74.0,4.572395152781532,3.403214153854005,3.437246295392545,3.34014177453968,0.8705370081145004,3.573860672328666,0.8261722242904418,0.8675526664091285,3.437246295392545,0.8024747631220841,0.8025613692967348,0.8253357342952313,0.8480076334356421,0.8480896963172438,3.3340346562163097,3.3341358909316403,-0.01946297009188469,-0.01954503297348642,-0.1031104044609048,-0.10321163917623544,False,False,0.03970535375513297,0.07941070751026594,0.04108558618006658,0.08217117236013316
180,3.0,False,False,54.28522994969973,50.0,65.8308771738086,53.99512409057675,56.27326258727377,56.2703746117739,74.0,4.285229949699733,3.3966722766525215,3.4306389994190467,3.334085273573975,0.8809928460420777,3.5670891280646866,0.8384618696040138,0.8802380082151376,3.4306389994190467,0.8168955693359605,0.816980690572895,0.8376129364741701,0.8601169484006697,0.8601976775020291,3.3273604429229104,3.3274602057341203,-0.020040330713108512,-0.02012105981446799,-0.10317879368492644,-0.10327855649613626,False,False,0.04108558618006658,0.08217117236013316,0.04233053689754843,0.08466107379509687
185,3.0833333333333335,False,False,54.021790374761636,50.0,65.54744604148027,53.73152889801994,55.95113543526516,55.94831643368675,74.0,4.021790374761636,3.3895673763022183,3.4234630500652403,3.3274103243285156,0.8910435030726507,3.5590519292880214,0.8502452303826149,0.8922398213403995,3.4234630500652403,0.8305667798925777,0.8306504698996696,0.8493843667410602,0.8715763923941309,0.8716558379458889,3.32018889180983,3.3202872509525854,-0.02058398339451062,-0.020663428946268603,-0.10317579911265495,-0.10327415825541042,False,False,0.04233053689754843,0.08466107379509687,0.04345433637209197,0.08690867274418394
190,3.1666666666666665,False,False,53.77996730555486,50.0,65.28471952780998,53.48959903971398,55.653958276653135,55.65120416733676,74.0,3.7799673055548624,3.382014039868036,3.415834180266716,3.3202380713812074,0.9007113325112086,3.5499163079863703,0.8615508129380821,0.903594773500563,3.415834180266716,0.8435235883612309,0.8436058986034527,0.8606785025245245,0.8824205487517818,0.8824987579764371,3.3126247193865663,3.3127217372428235,-0.02109601552412599,-0.02117422474878128,-0.10311244302389255,-0.1032094608801497,False,False,0.04345433637209197,0.08690867274418394,0.04446956716043848,0.08893913432087697
195,3.25,False,False,53.557850769139755,50.0,65.04110413024114,53.267416777891185,55.37967355629582,55.37698058498575,74.0,3.5578507691397547,3.3741112037273386,3.407852315764612,3.312673228314695,0.9100171105772303,3.539832409821638,0.8724052365714331,0.9143380642628746,3.407852315764612,0.8558004730746637,0.8558814527447934,0.8715219361747132,0.8926826589716867,0.8927596764411863,3.3047582684375234,3.304854002128911,-0.021578387821688305,-0.021655405291187813,-0.10299831363570089,-0.10309404732708849,False,False,0.04446956716043848,0.08893913432087697,0.045387415348635524,0.09077483069727105
200,3.3333333333333335,False,False,53.35370970875946,50.0,64.81513986084764,53.063244465437215,55.12640135582013,55.12376606837872,74.0,3.3537097087594603,3.3659440775096856,3.3996035182847826,3.304806135283217,0.9189801732345652,3.5289349937306533,0.882833361361733,0.9245034269592088,3.3996035182847826,0.8674310681462621,0.8675107642170262,0.8819395026051553,0.9023946249861222,0.9024704927214771,3.2966672526969933,3.2967617545599044,-0.022032934237731783,-0.022108801973086623,-0.10284176372487819,-0.10293626558778923,False,False,0.045387415348635524,0.09077483069727105,0.04621781748025203,0.09243563496050405
205,3.4166666666666665,False,False,53.16597388931378,50.0,64.60548786308442,52.875506267392616,54.89242343023133,54.8898426476654,74.0,3.1659738893137828,3.3575858391458975,3.3911616975373566,3.296714503628449,0.9276185392031823,3.51734495685601,0.892858410289686,0.9341231401201094,3.3911616975373566,0.8784480671317294,0.878526524394416,0.8919544012824645,0.9115870066942938,0.9116617643920417,3.2884183318075246,3.288511649856894,-0.022461375728067723,-0.02253613342581562,-0.10265004768046282,-0.102743365729832,False,False,0.04621781748025203,0.09243563496050405,0.04696959831696874,0.09393919663393747
210,3.5,False,False,52.99321773788445,50.0,64.41091922039953,52.70277185031636,54.676168725187786,54.67363952006384,74.0,2.99321773788445,3.3490991276667152,3.3825901189433822,3.2884649908322094,0.935949020609779,3.505170703105369,0.9025020848383137,0.9432280462372092,3.3825901189433822,0.8888831487120217,0.8889604098478536,0.9015883117146132,0.9202890356839267,0.9203627208483526,3.280068477147824,3.280160655477604,-0.02286532538885666,-0.022939010553282513,-0.10242946346577808,-0.10252164179555834,False,False,0.04696959831696874,0.09393919663393747,0.047650597227905274,0.09530119445581055
215,3.5833333333333335,False,False,52.834145921966844,50.0,64.23030486277517,52.54374183361074,54.47620004776087,54.473719722608045,74.0,2.8341459219668437,3.340537357522906,3.373942731098135,3.2801145663127143,0.9439873226104047,3.4925093719245974,0.9117846736605942,0.951847576500195,3.373942731098135,0.8987669232079034,0.8988430288584087,0.9108615020277739,0.928528630976692,0.9286012790872553,3.2716661860822702,3.271757265238112,-0.02324629741293971,-0.023318945523503,-0.10218546586002297,-0.1022765450158647,False,False,0.047650597227905274,0.09530119445581055,0.0482677824706666,0.0965355649413332
220,3.6666666666666665,False,False,52.68758048023511,50.0,64.06260647532127,52.39723481162683,54.291201989751606,54.28876805707072,74.0,2.6875804802351126,3.3319458755415026,3.3652653342969177,3.2717117256601913,0.9517481331900376,3.479447942206384,0.9207251542025795,0.9600097804046437,3.3652653342969177,0.9081288949482105,0.9082038837985449,0.9197929304267292,0.9363324228844615,0.9364040675249309,3.2632525443661717,3.2633425616766423,-0.023605712879712804,-0.023677357520182185,-0.10192277262027538,-0.10201278993074592,False,False,0.0482677824706666,0.0965355649413332,0.04882735348609595,0.0976547069721919
225,3.75,False,False,52.552449335608436,50.0,63.90686831524101,52.26217577827837,54.119969932766864,54.117580096769125,74.0,2.5524493356084363,3.3233629792115265,3.356596609003642,3.263297553021407,0.9592452042190703,3.4660642246915985,0.9293412873688061,0.9677413590534798,3.356596609003642,0.9169974387627051,0.9170713476254102,0.9284003398609912,0.9437257795115932,0.9437964525047251,3.254862164882114,3.2549511547614784,-0.023944906548754696,-0.0240155795418866,-0.10164545424216342,-0.10173444412152799,False,False,0.04882735348609595,0.0976547069721919,0.049334831811433916,0.09866966362286783
230,3.8333333333333335,False,False,52.42777603625965,50.0,63.76220984815694,52.13758579025822,53.961400102497514,53.95905224236498,74.0,2.427776036259651,3.3148208128106758,3.3479690209387827,3.2549066598217964,0.9664914247289978,3.452427754779679,0.9376497054463695,0.9750677016370083,3.3479690209387827,0.9253997877133336,0.9254726516162697,0.9367003457648481,0.9507328380228749,0.9508025695464858,3.2465240118213994,3.2466120060416657,-0.0242651320905225,-0.024334863614133395,-0.10135701489711701,-0.1014450091173833,False,False,0.049334831811433916,0.09866966362286783,0.049795141465735784,0.09959028293147157
235,3.9166666666666665,False,False,52.31267058593146,50.0,63.62781912081808,52.02257273323739,53.814480553557125,53.81217270818792,74.0,2.312670585931457,3.3063461559338276,3.339409617493166,3.2465680089315327,0.9734988872613424,3.4386005963551773,0.9456659935857576,0.9820129242085841,3.339409617493166,0.933362030620266,0.9334338828938047,0.9447085175009762,0.957376537943731,0.9574453566432705,3.2382621270747682,3.2383491550127337,-0.02456756756531364,-0.024636386264853094,-0.1010604624804321,-0.10114749041839755,False,False,0.049795141465735784,0.09959028293147157,0.05021267976735523,0.10042535953471046
240,4.0,False,False,52.206321239882215,50.0,63.502946793868254,51.91632306385701,53.678283019218156,53.6760133733109,74.0,2.2063212398822145,3.297961117250029,3.3309407284225294,3.238305641043751,0.9802789480456965,3.4246380660593814,0.953404765184863,0.9885999102555889,3.3309407284225294,0.9409091174848075,0.9409799898489976,0.952439453683337,0.9636786571316328,0.9637465902215642,3.230096268750544,3.230182357610679,-0.02485332003402474,-0.0249212531239561,-0.10075837081185046,-0.1008444596719853,False,False,0.05021267976735523,0.10042535953471046,0.05059137956205152,0.10118275912410304
245,4.083333333333333,False,False,52.107987156650225,50.0,63.38690076516888,51.818094414744024,53.55195553509976,53.54972240649259,74.0,2.107987156650225,3.2896837447791305,3.3225805822269217,3.2301393131806115,0.986842281674754,3.4105893863824948,0.9608797315474568,0.9948503526389596,3.3225805822269217,0.948064871618129,0.9481347942678002,0.9599068517307843,0.969659849263822,0.969726922623239,3.222042473235916,3.2221276482522674,-0.025123430015720594,-0.02519050337513762,-0.10045293397465427,-0.10053810899100579,False,False,0.05059137956205152,0.10118275912410304,0.05093476380796436,0.10186952761592873
250,4.166666666666667,False,False,52.01699180846431,50.0,63.279041320837365,51.727208965681456,53.4347157669039,53.43251759505218,74.0,2.0169918084643115,3.2815285626235973,3.314343848249833,3.2220850607440914,0.9931989308658279,3.3964982750144674,0.9681037661959201,1.0007847964156553,3.314343848249833,0.9548520072492978,0.9549210089370543,0.9671235721199537,0.9753396826360301,0.9754059208962762,3.214113549354952,3.2141978339735977,-0.025378875519379118,-0.025445113779625217,-0.10014601427623537,-0.10023029889488111,False,False,0.05093476380796436,0.10186952761592873,0.05124599340345286,0.10249198680690572
255,4.25,False,False,51.93271706450784,50.0,63.17877675750212,51.64304749347174,53.32584497048455,53.323680305986315,74.0,1.932717064507841,3.273507042896705,3.306242113325672,3.214155691664275,0.9993583518289845,3.382403477060988,0.9750889642152539,1.0064226822056026,3.306242113325672,0.9612921516394263,0.9613602597556691,0.9741016977035089,0.9807366797666777,0.9808021063930993,3.2063195129762243,3.206402929020397,-0.02562057581250332,-0.025686002438924938,-0.09983918430527527,-0.09992260034944778,False,False,0.05124599340345286,0.10249198680690572,0.05152790906931854,0.10305581813863708
260,4.333333333333333,False,False,51.85459787140433,50.0,63.08555942518942,51.565044022106036,53.22468252239745,53.222550017470176,74.0,1.85459787140433,3.265628020537595,3.298284300742971,3.2063612209983106,1.0053294557007275,3.3683392459951356,0.9818466969949365,1.011782389867667,3.298284300742971,0.967405870834301,0.9674731114841365,0.9808525883573112,0.9858683576423433,0.9859329950097251,3.1986679689606854,3.1987505367800972,-0.02584939485794191,-0.025914032225323735,-0.09953376396287394,-0.0996163317822858,False,False,0.05152790906931854,0.10305581813863708,0.05178306801813509,0.10356613603627018
265,4.416666666666667,False,False,51.78211746430675,50.0,62.99888214569439,51.49268101259221,53.13062096196752,53.12851936179278,74.0,1.7821174643067508,3.2578980577802596,3.290477038358062,3.1987092528703913,1.011120646448361,3.354335778564658,0.9883876627197973,1.0168812819254618,3.290477038358062,0.9732126983591781,0.9732790964358847,0.9873869314250897,0.9907512677581461,0.9908151372208153,3.1911644467690836,3.191246185375019,-0.02606614470464652,-0.02613001416731564,-0.09923085298304324,-0.09931259158897854,False,False,0.05178306801813509,0.10356613603627018,0.052013776064786285,0.10402755212957257
270,4.5,False,False,51.71480304993462,50.0,62.91827496624025,51.42548502208922,53.043101496768266,53.04102963162349,74.0,1.7148030499346234,3.2503217642324063,3.28282498187473,3.1912053160720513,1.016739855602902,3.3404196083002535,0.994721932942541,1.0217357469784385,3.28282498187473,0.9787311660813567,0.9787967453363418,0.9937147882681076,0.9954010367336664,0.9954641586903631,3.183812695150605,3.183893622338132,-0.02627158828807541,-0.026334710244772075,-0.09893135953659815,-0.09901228672412499,False,False,0.052013776064786285,0.10402755212957257,0.052222115757754095,0.10444423151550819
275,4.583333333333333,False,False,51.65222190991118,50.0,62.84330221270032,51.36302279027416,52.96160991907813,52.95956669718427,74.0,1.6522219099111766,3.2429020778079916,3.2753310985860713,3.183853158744369,1.0221945741370135,3.3266139617629755,1.000858995550378,1.0263612424654913,3.2753310985860713,0.9839788369267178,0.9840436200358709,0.9998456371833983,0.9998324060175041,0.9998947999715868,3.176614940766097,3.176695073224626,-0.026466442493904507,-0.026528836447987203,-0.09863602536144533,-0.09871615781997445,False,False,0.052222115757754095,0.10444423151550819,0.05240997104140052,0.10481994208280104
280,4.666666666666667,False,False,51.593977878908575,50.0,62.77355981067351,51.304897702910424,52.885672897475764,52.883657298493276,74.0,1.593977878908575,3.2356405111319013,3.2679969162432205,3.1766550069953614,1.027491881768119,3.3129390812209456,1.006807794417262,1.0307723367810742,3.2679969162432205,0.9889723387363262,0.989036347362808,1.0057884129541435,1.0040592714854222,1.0041209561006539,3.169572114978171,3.1696514683914776,-0.026651380680420278,-0.026713065295651983,-0.09834544785174293,-0.09842480126504949,False,False,0.05240997104140052,0.10481994208280104,0.05257904889666724,0.10515809779333447
285,4.75,False,False,51.53970815750596,50.0,62.70867284629246,51.25074658977826,52.8148546025772,52.81286567169046,74.0,1.539708157505963,3.228537367486257,3.2608227411611197,3.169611791684824,1.032638473935081,3.299412517049921,1.0125767660123273,1.0349827506996827,3.2608227411611197,0.9937273990030465,0.9937906538565418,1.0115515435300495,1.0080947223522698,1.0081557155045782,3.1626840525628483,3.1627626416995813,-0.026827035195104543,-0.026888028347412885,-0.09806009946153837,-0.09813868859827135,False,False,0.05257904889666724,0.10515809779333447,0.05273089835100025,0.1054617967020005
290,4.833333333333333,False,False,51.48908042439154,50.0,62.64829334183978,51.200236826617555,52.74875363403791,52.74679047657266,74.0,1.4890804243915383,3.2215919298856113,3.2538078491844673,3.162723347131215,1.037640686668976,3.286049392802585,1.0181738732146381,1.0390053977555271,3.2538078491844673,0.9982588801181382,0.998321401010678,1.0171429837205779,1.0119510791475728,1.012011397973049,3.1559496656402413,3.1560275044358086,-0.026993999782478184,-0.027054318607954375,-0.09778034474865871,-0.09785818354422604,False,False,0.05273089835100025,0.1054617967020005,0.05286692719797088,0.10573385439594175
295,4.916666666666667,False,False,51.44179021667913,50.0,62.59209822408697,51.1530637061789,52.68700022043064,52.68506199695496,74.0,1.4417902166791308,3.2148026264446807,3.2469506527091276,3.155988585038025,1.0425045195540923,3.272862645582103,1.0236066365646783,1.0428524236215435,3.2469506527091276,1.0025808147666502,1.002642620665095,1.0225702464574624,1.0156399309315325,1.015699591870978,3.1493670957407924,3.1494441973714595,-0.027152831750565598,-0.027212492690011025,-0.09750645533766811,-0.0975835569683352,False,False,0.05286692719797088,0.10573385439594175,0.052988416722940725,0.10597683344588145
300,5.0,False,False,51.39755855072939,50.0,62.539787465784656,51.108948048660025,52.62925366392875,52.62733958579181,74.0,1.3975585507293928,3.2081671748299416,3.240248846578241,3.1494056465561258,1.0472356569538717,3.259863244081626,1.0288821631643525,1.046535244487741,3.240248846578241,1.0067064412765148,1.0067675503518343,1.0278404316557954,1.0191721716181303,1.0192311904583908,3.1429338465772187,3.1430102235271695,-0.0273040540293501,-0.027363072869610594,-0.09723862305107156,-0.09731500000102233,False,False,0.052988416722940725,0.10597683344588145,0.05309653469170729,0.10619306938341458
305,5.083333333333333,False,False,51.35612975903759,50.0,62.491082382958574,51.06763403350657,52.57520000540803,52.57330933067613,74.0,1.356129759037593,3.2016827082589594,3.233699535341549,3.1429720350521944,1.0518394876577337,3.247060386408668,1.0340071734196783,1.0500645840857123,3.233699535341549,1.0106482387306766,1.0107086684041662,1.0329602528933266,1.0225580349111119,1.0226164268234574,3.1366468997938006,3.136722563915828,-0.027448157262254913,-0.027506549174600492,-0.09697697142572093,-0.09705263554774834,False,False,0.05309653469170729,0.10619306938341458,0.05319234682551946,0.10638469365103892
310,5.166666666666667,False,False,51.31726952152344,50.0,62.44572407262911,51.028887222822505,52.52454989149699,52.5226819212496,74.0,1.3172695215234427,3.1953458852232917,3.2272993440755244,3.1366847318548143,1.0563211230882066,3.234461679597866,1.0389880258039998,1.0534505096536213,3.2272993440755244,1.0144179615429114,1.0144777285294908,1.0379360622154763,1.0258071285678934,1.0258649081436557,3.1305028156986436,3.1305777782690773,-0.027585601509965585,-0.027643381085727947,-0.09672156580644709,-0.0967965283768808,False,False,0.05319234682551946,0.10638469365103892,0.05327682695558654,0.10655365391117308
315,5.25,False,False,51.28076307199187,50.0,62.403471977307085,50.992492763276715,52.47703662064291,52.47519069559511,74.0,1.2807630719918706,3.189152984857146,3.2210445147057176,3.1305402969838605,1.0606854141932707,3.2220733025241883,1.0438307398043296,1.0567024665326334,3.2210445147057176,1.0180266735126817,1.0180857938614227,1.0427738730221336,1.028928467081635,1.0289856483653153,3.124497820751892,3.1245720925203218,-0.02771681816731819,-0.027773999450998454,-0.09647242218539587,-0.09654669395382554,False,False,0.05327682695558654,0.10655365391117308,0.05335086602490802,0.10670173204981603
320,5.333333333333333,False,False,51.24641356266515,50.0,62.36410256414519,50.958253745683244,52.432414354929016,52.43058985235027,74.0,1.246413562665147,3.1830999896506027,3.2149309895471085,3.124534956636107,1.0649369671360194,3.2099001537583627,1.0485410171994038,1.0598293115272372,3.2149309895471085,1.0214847810764354,1.021543270208471,1.0474793813144516,1.0319305034928719,1.031987100012907,3.1186278833770915,3.118701474611383,-0.027842211514330195,-0.027898808034365397,-0.09622951493572574,-0.09630310617001703,False,False,0.05335086602490802,0.10670173204981603,0.053415280082524115,0.10683056016504823
325,5.416666666666667,False,False,51.21404057155839,50.0,62.327408107971486,50.92598970829567,52.390456479589446,52.388652810491415,74.0,1.2140405715583924,3.1771826570092694,3.208954483579362,3.118664678994237,1.0690801578824551,3.1979459857545107,1.0531242618051537,1.0628393449558735,3.208954483579362,1.0248020657747272,1.0248599385186916,1.052057985448073,1.0348211597906667,1.0348771845880322,3.1128887794817706,3.1129617000088143,-0.02796216036784127,-0.02801818516520682,-0.09599278357054786,-0.09606570409759163,False,False,0.053415280082524115,0.10683056016504823,0.05347081739601724,0.10694163479203447
330,5.5,False,False,51.18347873911521,50.0,62.29319556861665,50.89553527004024,52.350954098347295,52.34917070491532,74.0,1.183478739115209,3.171396580988547,3.2031105467984324,3.1129252397452927,1.073119145778259,3.186213526624581,1.0575855978114588,1.0657403413918747,3.2031105467984324,1.0279877157796837,1.0280449864048316,1.0565148043927821,1.0376078562014355,1.0376633218562472,3.1072761489132814,3.1073484081559064,-0.028077019535627468,-0.028132485190439205,-0.09576213864252603,-0.09583439788515102,False,False,0.05347081739601724,0.10694163479203447,0.05351816479134069,0.10703632958268137
335,5.583333333333333,False,False,51.15457652196669,50.0,62.261285553990476,50.866738881892054,52.31371465144072,52.3119510046875,74.0,1.154576521966689,3.1657372453774117,3.197394617831186,3.107312278534594,1.0770578861965296,3.1747045906332043,1.0619298868232452,1.0685395790799976,3.197394617831186,1.0310503564584037,1.0311070387055463,1.0608546948646562,1.0402975391585323,1.040352457814798,3.1017855439348545,3.1018571509452357,-0.02818712126519962,-0.028242039921465345,-0.0955374668859501,-0.09560907389633133,False,False,0.05351816479134069,0.10703632958268137,0.053557953314486914,0.10711590662897383
340,5.666666666666667,False,False,51.12719505295203,50.0,62.2315113612819,50.839461682712944,52.278560646074034,52.276816243694384,74.0,1.1271950529520325,3.1602000691712044,3.1918020698629164,3.101821347440045,1.0809001423306677,3.1634201784382863,1.0661617437091342,1.071243868160991,3.1918020698629164,1.0339980798940485,1.034054187004445,1.0650822670378604,1.0428967082656162,1.0429510916542788,3.096412470681871,3.096483434171812,-0.028292776506712247,-0.02834715989537484,-0.09531863569110444,-0.09538959918104517,False,False,0.053557953314486914,0.10711590662897383,0.05359076329707705,0.1071815265941541
345,5.75,False,False,51.101207097663526,50.0,62.20371808946685,50.8135764551434,52.245328487789386,52.24360285219842,74.0,1.1012070976635258,3.1547804453533317,3.186328249806865,3.096447952426842,1.0846494961995956,3.1523605680056885,1.0702855513518394,1.0738595774834632,3.186328249806865,1.036838473400584,1.036894018142925,1.0692018993778676,1.045411441723838,1.0454653011842343,3.0911524244482793,3.091222752816626,-0.02839427629922886,-0.028448135759625126,-0.09510549699023896,-0.09517582535858571,False,False,0.05359076329707705,0.1071815265941541,0.05361712889709217,0.10723425779418434
350,5.833333333333333,False,False,51.076496098771855,50.0,62.177761817019956,50.788966668247504,52.213867406746274,52.21216008328393,74.0,1.0764960987718553,3.1494737737999694,3.1809685115379693,3.0911875886324527,1.0883093589263275,3.1415253970392665,1.0743054743863683,1.0763926602237825,3.1809685115379693,1.0395786468850867,1.0396336415806842,1.0732177522886104,1.0478474208609656,1.0479007673608256,3.0860009195552913,3.0860706209127846,-0.028491892862956947,-0.028545239362816943,-0.09489789062518472,-0.09496759198267801,False,False,0.05361712889709217,0.10723425779418434,0.05363754217657474,0.10727508435314947
355,5.916666666666667,False,False,51.05295530026832,50.0,62.15350883935584,50.76552559762516,52.18403846816794,52.182349023455224,74.0,1.052955300268323,3.144275489028303,3.175718243918586,3.086035770234038,1.091882980345354,3.13091373768931,1.0782254720045985,1.07884867840231,3.175718243918586,1.042225259162233,1.0422797157085493,1.077133780954273,1.050209953522906,1.0502627976769976,3.0809535144683142,3.0810225966601026,-0.028585880725312318,-0.028638724879404,-0.09469564725848345,-0.09476472945027181,False,False,0.05363754217657474,0.10727508435314947,0.05365245677029438,0.10730491354058876
360,6.0,False,False,51.03048694453918,50.0,62.130834961078364,50.743155524510456,52.15571365987691,52.154041680309874,74.0,1.0304869445391773,3.1391810834259952,3.170572894260255,3.0809880555642084,1.0953734579893717,3.1205241642320543,1.082049309898101,1.0812328259427797,3.170572894260255,1.0447845432107823,1.0448384731034,1.0809537472585817,1.0525039959159033,1.052556348003427,3.0760058327515036,3.0760743033775553,-0.028676477939352685,-0.02872883002687643,-0.09449859088269985,-0.0945670615087515,False,False,0.05365245677029438,0.10730491354058876,0.05366229119212669,0.10732458238425338
365,6.083333333333333,False,False,51.0090015358807,50.0,62.10962483860659,50.72176699523271,52.1287750537419,52.127120144111444,74.0,1.0090015358806994,3.1341861265262043,3.1655279877914664,3.0760400680645295,1.098783745501462,3.110354814349503,1.0857805714048707,1.0835499508487465,3.1655279877914664,1.0472623302299988,1.0473157445831414,1.084681230898741,1.054734174015932,1.0547860439967582,3.071153580381574,3.071221446815179,-0.028763906851988263,-0.028815776832814555,-0.09430654097628732,-0.09437440740989222,False,False,0.05366229119212669,0.10732458238425338,0.0536674318201709,0.1073348636403418
370,6.166666666666667,False,False,50.98841716467952,50.0,62.08977136917741,50.701278145983366,52.10311402934791,52.10147581157402,74.0,0.9884171646795181,3.1292862808274946,3.1605791436357697,3.0711875135983764,1.1021166605148431,3.100403444581594,1.0894226679201158,1.0858045760556252,3.1605791436357697,1.0496640727549695,1.049716982320671,1.088319639825795,1.0569048032157704,1.056956200745607,3.0663925598825394,3.0664598292870893,-0.02884837531001816,-0.028899772839854787,-0.09411931434868048,-0.0941865837532303,False,False,0.0536674318201709,0.1073348636403418,0.053668235596293086,0.10733647119258617
375,6.25,False,False,50.968658887031474,50.0,62.07117512260755,50.68161408084871,52.078630560513254,52.077008672483274,74.0,0.9686588870314736,3.124477314600335,3.155722087746338,3.0664261945848144,1.1053748920387583,3.090667480471052,1.0929788486261527,1.0880009192967828,3.155722087746338,1.0519948665864902,1.0520472817725164,1.0918722199528474,1.059019907494997,1.059070841939565,3.061718681689658,3.0617853610338717,-0.028930077357217865,-0.028981011801785694,-0.09393672671246645,-0.09400340605668012,False,False,0.053668235596293086,0.10733647119258617,0.05366503247130308,0.10733006494260616
380,6.333333333333333,False,False,50.94965815506327,50.0,62.05374381253617,50.66270630219178,52.05523255493601,52.05362664943835,74.0,0.9496581550632683,3.119755112070806,3.150952663191514,3.061752021361765,1.1085610073858267,3.0811440618745825,1.0964522095918559,1.0901429118512442,3.150952663191514,1.0542594717643885,1.0543114026509832,1.0953420641750655,1.061083237163061,1.061133717611355,3.0571279731037793,3.0571940691755066,-0.029009194239889124,-0.029059674688183268,-0.09375859401600728,-0.09382469008773464,False,False,0.05366503247130308,0.10733006494260616,0.05365812762322825,0.1073162552464565
385,6.416666666666667,False,False,50.93135229365931,50.0,62.037391804169964,50.644492185657384,52.032835246080424,52.03124498982482,74.0,0.9313522936593088,3.1151156813268184,3.1462668381400865,3.0571610211396427,1.1116774586732967,3.071830083871688,1.0998457022879455,1.0922342163643135,3.1462668381400865,1.0564623324535036,1.0565137888090548,1.0987321209943275,1.0630982860156872,1.0631483212923858,3.052616585155239,3.0526821045740045,-0.029085895071927714,-0.02913593034862627,-0.09358473356608199,-0.09365025298484753,False,False,0.05365812762322825,0.1073162552464565,0.053647803472660446,0.10729560694532089
390,6.5,False,False,50.91368401968922,50.0,62.022039655819235,50.62691449908154,52.01136063010514,52.009785702822114,74.0,0.9136840196892209,3.110555160251898,3.141660711854417,3.052649344864622,1.1147265889280016,3.06272223366413,1.1031621415605732,1.0942782436381004,3.141660711854417,1.0586075959054335,1.0586585872011285,1.1020452024117278,1.0650683072579703,1.0651179059350617,3.048180797659339,3.0482457468877198,-0.02916033770303872,-0.02920993638013014,-0.09341496496669732,-0.09347991419507817,False,False,0.053647803472660446,0.10729560694532089,0.05363432151631787,0.10726864303263574
395,6.583333333333333,False,False,50.89660100018444,50.0,62.00761369175181,50.60992096163711,51.990736946859705,51.989177040472455,74.0,0.8966010001844396,3.1060698207559425,3.137130518963502,3.0482132722735296,1.1177106378224384,3.0538170238242226,1.106404213102217,1.0962781684361016,3.137130518963502,1.0606991304064515,1.0607496658299944,1.105283991395436,1.0669963286333723,1.0670454990410545,3.043817022712383,3.0438814080663437,-0.029232669395047095,-0.029281839802729248,-0.09324911089715826,-0.09331349625111907,False,False,0.05363432151631787,0.10726864303263574,0.05361792399745831,0.10723584799491662
400,6.666666666666667,False,False,50.88005544622919,50.0,61.994045604103064,50.593463834618326,51.97089820050445,51.969353018366306,74.0,0.8800554462291927,3.1016560715406447,3.132672632256051,3.043849215389363,1.1206317470672358,3.045110822218592,1.1095744804557637,1.098236944581431,3.132672632256051,1.0627405422885274,1.0627906307569963,1.108451048879988,1.068885166933618,1.0689339171705188,3.0395218068479206,3.039585634506218,-0.029303027410912286,-0.02935177764781316,-0.09308699774983298,-0.09315082540813036,False,False,0.05361792399745831,0.10723584799491662,0.053598835429535446,0.10719767085907089
405,6.75,False,False,50.864003739617395,50.0,61.98127208177103,50.57749955098829,51.951783714930826,51.95025297112356,74.0,0.8640037396173952,3.0973104596091487,3.1282835642052405,3.0395537206770693,1.1234919654833047,3.036599878905343,1.112675391584747,1.1001573189366627,3.1282835642052405,1.0647351921112824,1.0647848422831647,1.11154882038486,1.0707374411520085,1.0707857790947894,3.035291832046821,3.0353551080595316,-0.02937153984187324,-0.029419877784654158,-0.09292845614570888,-0.09299173215841927,False,False,0.053598835429535446,0.10719767085907089,0.053577263987698465,0.10715452797539693
410,6.833333333333333,False,False,50.84840608958418,50.0,61.96923446439442,50.56198836905217,51.933337725613455,51.931821144300315,74.0,0.8484060895841807,3.0930296707045692,3.123959967411615,3.0353234700531764,1.1262932537751777,3.0282803502764684,1.1157092850401473,1.1020418448391958,3.123959967411615,1.0666862098529575,1.0667354301394445,1.114579642047329,1.0725555855886597,1.0726035189010343,3.0311239157716954,3.03118664606799,-0.029438325938161425,-0.02948625925053605,-0.09277332134362481,-0.09283605163991959,False,False,0.053577263987698465,0.10715452797539693,0.053553402780940194,0.10710680556188039
415,6.916666666666667,False,False,50.833226217154376,50.0,61.95787841966522,50.54689405849297,51.915508999159144,51.914006313988295,74.0,0.8332262171543761,3.0888105288397765,3.119698634128174,3.031155280919843,1.1290374890254176,3.0201483206935733,1.1186783957517354,1.1038928945506723,3.119698634128174,1.0685965094123733,1.0686453079879599,1.1175457465674754,1.0743418614705624,1.074389397611781,3.0270150101755964,3.0270772005708104,-0.029503496938891205,-0.029551033080109868,-0.09262143355736363,-0.09268362395257768,False,False,0.053553402780940194,0.10710680556188039,0.05352743101642332,0.10705486203284664
420,7.0,False,False,50.81843106486026,50.0,61.94715364236419,50.53218360915039,51.898250484522755,51.89676143807716,74.0,0.8184310648602633,3.084649995061236,3.115496495011848,3.0270461053732034,1.1317264689284745,3.012199821843379,1.1215848604697876,1.1057126710883405,3.115496495011848,1.070468802177984,1.0705171869904118,1.1204492685235437,1.0760983684821215,1.0761455147149592,3.022962200616823,3.023023856818883,-0.029567156373381254,-0.029614302606219,-0.09247263819296503,-0.09253429439502536,False,False,0.05352743101642332,0.10705486203284664,0.053499515066064166,0.10699903013212833
425,7.083333333333333,False,False,50.80399052977301,50.0,61.93701357363241,50.51782696359445,51.88151898840643,51.880043331695305,74.0,0.8039905297730101,3.0805451655721723,3.111350617227894,3.022993028717853,1.1343619157810159,3.0044308500197103,1.1244307228809993,1.1075032193353491,3.111350617227894,1.0723056099297457,1.072353588709359,1.123292249540873,1.0778270552404037,1.0778738186386827,3.018962703595306,3.019023831210602,-0.02962940069666642,-0.029676164094945445,-0.09232678601729205,-0.0923879136325878,False,False,0.053499515066064166,0.10699903013212833,0.05346980944458993,0.10693961888917985
430,7.166666666666667,False,False,50.789877217964474,50.0,61.92741513910425,50.50379677239051,51.86527487620212,51.86381236819157,74.0,0.7898772179644737,3.0764932693248515,3.1072582020181,3.018993267402954,1.1369454802444954,2.9968373815207356,1.1272179384206182,1.10926643642998,3.1072582020181,1.0741092769598792,1.074156857228415,1.1260766430508284,1.0795297292721293,1.079576116727818,3.0150138642118787,3.0150744687506026,-0.02969031970216207,-0.029736707157850706,-0.09218373326749729,-0.09224433780622121,False,False,0.05346980944458993,0.10693961888917985,0.053438457707040955,0.10687691541408191
435,7.25,False,False,50.77606621867494,50.0,61.91831850462881,50.49006816782287,51.84948179541437,51.84803220259296,74.0,0.7760662186749414,3.0724916651780294,3.10321658182981,3.015044166481241,1.1394787448945973,2.989415386333784,1.129948378801129,1.111004081580968,3.10321658182981,1.0758819814989269,1.0759291705777894,1.1288043188886605,1.0812080663966215,1.0812540846265304,3.01111315323887,3.011173240119895,-0.029749996954437696,-0.029796015184346603,-0.0920433417099149,-0.0921034285909399,False,False,0.053438457707040955,0.10687691541408191,0.053405593273162265,0.10681118654632453
440,7.333333333333333,False,False,50.76253489660443,50.0,61.90968684840037,50.476618554909386,51.83410641967359,51.83266951565047,74.0,0.7625348966044285,3.068537838703398,3.099223217090432,3.0111431966793827,1.1419632275711153,2.9821608402651165,1.132623836276336,1.1127177853236299,3.099223217090432,1.0776257464880477,1.077672551506104,1.1314770674960073,1.0828636195921229,1.082909275144233,3.007258163879196,3.0073177384345273,-0.029808510179396785,-0.02985416573150701,-0.09190547865590482,-0.09196505321123594,False,False,0.053405593273162265,0.10681118654632453,0.053371340185028225,0.10674268037005645
445,7.416666666666667,False,False,50.74926270087685,50.0,61.90148614840271,50.46342742286975,51.81911821157046,51.81769377670328,74.0,0.749262700876848,3.064629398714083,3.095275692701224,3.0072879511568615,1.1444003845408823,2.97506973565834,1.1352460276582503,1.11440905804021,3.095275692701224,1.079342449738489,1.0793888776394112,1.1340966039330398,1.0844978270282564,1.0845431262877072,3.0034466082811964,3.0035056757600382,-0.02986593175250274,-0.029911231011953587,-0.0917700169411857,-0.09182908442002757,False,False,0.053371340185028225,0.10674268037005645,0.05333581380391128,0.10667162760782256
450,7.5,False,False,50.73623098934526,50.0,61.89368498414921,50.45047616727127,51.80448920510755,51.803077026157155,74.0,0.736230989345259,3.0607640735786497,3.091371714314436,3.0034761420206175,1.1467916134854643,2.968138090832659,1.137816598102934,1.1160792981564829,3.091371714314436,1.0810338334106204,1.081079890959825,1.1366645717148913,1.0861120200821157,1.0861569692768651,2.9996763138674423,2.9997348794399192,-0.029922328879617766,-0.029967278074367165,-0.0916368348745169,-0.09169540044699387,False,False,0.05333581380391128,0.10667162760782256,0.053299121451651006,0.10659824290330201
455,7.583333333333333,False,False,50.723422867014754,50.0,61.886254351772415,50.43774792912587,51.79019380225936,51.78879367206983,74.0,0.7234228670147544,3.0569397073756077,3.0875091044493637,2.9997055966536808,1.149138256324512,2.961361958360766,1.1403371246802607,1.1177297997055848,3.0875091044493637,1.0827015130267688,1.0827472068179584,1.139182546282018,1.0877074303894307,1.087752035595627,2.9959452195280707,2.996003288288631,-0.029977764109957894,-0.030022369316154096,-0.0915058161607325,-0.09156388492129297,False,False,0.053299121451651006,0.10659824290330201,0.05326136300123822,0.10652272600247643
460,7.666666666666667,False,False,50.71082303745953,50.0,61.87916749158144,50.425227446203216,51.77620858660528,51.77482030380669,74.0,0.7108230374595266,3.0531542559359113,3.0836857984952704,2.9959742539083507,1.1514416018849094,2.954737432295705,1.1428091197414822,1.1193617594503757,3.0836857984952704,1.0843469858624026,1.0843923223237524,1.1416520384705564,1.0892851967730823,1.0893294639201514,2.992251371722115,2.992308948692651,-0.03003229553022435,-0.030076562677293417,-0.09137684980261929,-0.0914344267731555,False,False,0.05326136300123822,0.10652272600247643,0.05322263142100922,0.10644526284201844
465,7.75,False,False,50.69841766620126,50.0,61.87239972726562,50.41290091677453,51.76251215006114,51.76113551879329,74.0,0.6984176662012587,3.0494057828143144,3.0798998406424576,2.992280160207383,1.153702888425165,2.9482606544465373,1.1452340340974791,1.120976283534901,3.0798998406424576,1.0859716388691107,1.0860166242691234,1.1440744976312545,1.0908463715168724,1.0908903063923547,2.9885929205242543,2.9886500106569662,-0.03008597714254635,-0.030129912018028726,-0.09124982998549136,-0.0913069201182033,False,False,0.05322263142100922,0.10644526284201844,0.05318301327631923,0.10636602655263847
470,7.833333333333333,False,False,50.686194255099416,50.0,61.865928315978266,50.40075587410737,51.74908493348336,51.747719763138846,74.0,0.6861942550994158,3.0456924552246054,3.0761493797768513,2.9886214655906103,1.1559233060238359,2.941927819793898,1.1476132600196618,1.1225743937238168,3.0761493797768513,1.0875767560762235,1.087621396529271,1.1464513146166155,1.0923919263823652,1.0924355346365044,2.9849681156489805,2.9850247238290004,-0.030138859087312397,-0.03018246734145169,-0.09112465594785091,-0.09118126412787086,False,False,0.05318301327631923,0.10636602655263847,0.05314258919226989,0.10628517838453978
475,7.916666666666667,False,False,50.674141526879815,50.0,61.85973230858571,50.38878107008467,51.735909078873554,51.73455518385846,74.0,0.674141526879815,3.0420125399685602,3.072432665368246,2.9849964197389904,1.1581039988401893,2.935735181128556,1.149948134074665,1.1241570332886386,3.072432665368246,1.0891635255548497,1.089207827026427,1.1487838246362572,1.0939227582295183,1.0939660453796318,2.981375302479353,2.9814314335271646,-0.03019098790900676,-0.03023427505912024,-0.09100123184108133,-0.09105736288889288,False,False,0.05314258919226989,0.10628517838453978,0.05310143428065483,0.10620286856130966
480,8.0,False,False,50.66224931899841,50.0,61.85379241941414,50.37696637057692,51.72296829254457,51.7216254920556,74.0,0.6622493189984127,3.0383643993839344,3.0687480433777736,2.981403368003259,1.1602460672547494,2.9296790529887957,1.1522399398031506,1.125725072408377,3.0687480433777736,1.0907330459582503,1.0907770142699555,1.1510733099365553,1.0954396941174185,1.0954826655520558,2.977812918123392,2.9778685767970505,-0.03024240685632118,-0.030285378290958453,-0.0908794665807231,-0.09093512525438152,False,False,0.05310143428065483,0.10620286856130966,0.05305961853414752,0.10611923706829504
485,8.083333333333334,False,False,50.65050848610098,50.0,61.8480909048703,50.36530265648469,51.71024771965574,51.70891583747208,74.0,0.650508486100982,3.0347464873327947,3.065093952206123,2.9778407474602213,1.1623505698968688,2.923755814965768,1.1544899102523731,1.127279313349436,3.065093952206123,1.092286332607839,1.0923299734421092,1.1533210023192169,1.0969434963644726,1.0969861573473778,2.9742794875174066,2.974334678514594,-0.030293156002058286,-0.03033581698496346,-0.09075927369152881,-0.09081446468871635,False,False,0.05305961853414752,0.10611923706829504,0.053017207190354416,0.10603441438070883
490,8.166666666666666,False,False,50.63891081039795,50.0,61.8426114503539,50.3537817347728,51.697733826879144,51.69641269116822,74.0,0.6389108103979524,3.0311573452479834,3.0614689187004633,2.9743070830160003,1.1644185255659856,2.91796191443985,1.1566992303714514,1.1288204952187608,3.0614689187004633,1.0938243232574196,1.0938676421620253,1.1555280855280672,1.098434866973751,1.098477222647646,2.9707736195923125,2.9708283475522266,-0.0303432725711148,-0.0303856282450099,-0.09064057114823676,-0.09069529910815088,False,False,0.053017207190354416,0.10603441438070883,0.05297426106813749,0.10594852213627498
495,8.25,False,False,50.62744891932822,50.0,61.83733906491635,50.34239625639363,51.68541429521582,51.68410373835179,74.0,0.6274489193282164,3.0275955982524283,3.0578715542349526,2.9708009835722695,1.1664509150528033,2.912293868805463,1.1588690392777057,1.1303492984226706,3.0578715542349526,1.0953478834367514,1.0953908858290762,1.1576956975333361,1.099914451970716,1.099956507360908,2.967294003516203,2.9673482730213054,-0.030392791061762514,-0.0304348464519546,-0.09052328121364717,-0.0905775507187494,False,False,0.05297426106813749,0.10594852213627498,0.052930836878500864,0.10586167375700173
500,8.333333333333334,False,False,50.61611620993531,50.0,61.832259983156824,50.331139640617806,51.67327792045248,51.67197777884617,74.0,0.6161162099353135,3.0240599513633213,3.0543005508769547,2.9673211382687543,1.1684486828662013,2.906748267236692,1.1610004324018386,1.1318663488460972,3.0543005508769547,1.0968578114775618,1.0969005026486762,1.1598249326402312,1.1013828453598635,1.1014246053776977,2.963839405023866,2.9638932206015087,-0.03044174346839945,-0.030483503486233632,-0.09040733027544601,-0.09046114585308862,False,False,0.052930836878500864,0.10586167375700173,0.05288698751207442,0.10577397502414884
505,8.416666666666666,False,False,50.60490677942426,50.0,61.82736157387923,50.3200060053147,51.66131452144942,51.66002463538914,74.0,0.6049067794242617,3.0205491857908155,3.0507546776487238,2.963866312812687,1.1704127388713297,2.9013217720413844,1.1630944635192222,1.1333722217669402,3.0507546776487238,1.0983548432065688,1.098397228325116,1.1619168435682241,1.1028405928924379,1.102882062338594,2.960408662841862,2.9604620289657824,-0.03049015942834621,-0.030531628874502337,-0.0902926486829414,-0.09034601480686177,False,False,0.05288698751207442,0.10577397502414884,0.052842762304951746,0.10568552460990349
510,8.5,False,False,50.59381536141048,50.0,61.82263225506393,50.30899010403229,51.64951485516165,51.648235068663936,74.0,0.5938153614104777,3.0170621553388624,3.047232776892251,2.9604353459038224,1.1723439598439755,2.8960111196471074,1.1651521466740558,1.1348674454613956,3.047232776892251,1.099839656348304,1.0998817404642005,1.1639724433546235,1.1042881954662147,1.104329379033871,2.9570006852158057,2.9570536063075266,-0.030538066427524546,-0.030579249995180913,-0.09017917058472458,-0.09023209167644541,False,False,0.052842762304951746,0.10568552460990349,0.052798207284755025,0.10559641456951005
515,8.583333333333334,False,False,50.58283726740971,50.0,61.81806141473797,50.298087265908975,51.637870538773484,51.63660069944282,74.0,0.5828372674097082,3.013597782914011,3.043733760743151,2.957027145761666,1.174243190945972,2.8908131212584625,1.1671744580027281,1.1363525046768428,3.043733760743151,1.101312874615666,1.1013546626636446,1.1659927071117182,1.1057261125327413,1.1057670148105994,2.953614446544931,2.9536669269750573,-0.03058548986624343,-0.030626392144101455,-0.09006683376809388,-0.09011931419821995,False,False,0.052798207284755025,0.10559641456951005,0.052753365398342446,0.10550673079668489
520,8.666666666666666,False,False,50.57196833315419,50.0,61.81363933735306,50.28729334413557,51.62637397663136,51.62511393552843,74.0,0.5719683331541887,3.010155057146453,3.0402566077179176,2.9536406867599942,1.1761112471261093,2.8857246632216524,1.1691623374622804,1.1378278437074096,3.0402566077179176,1.1027750715869158,1.1028165683899045,1.1679785738717783,1.1071547648872153,1.107195390362405,2.950248984127525,2.950301028216955,-0.03063245334500464,-0.03067307882019432,-0.08995557950096256,-0.0900076235903926,False,False,0.052753365398342446,0.10550673079668489,0.05270827672269991,0.10541655344539982
525,8.75,False,False,50.56120486935233,50.0,61.80935713530683,50.27660466516375,51.61501829473426,51.613767906251944,74.0,0.5612048693523306,3.006733029126268,3.036800359417531,2.95027500617224,1.177948914450734,2.8807427071289364,1.1711166904694972,1.1392938694253918,3.036800359417531,1.1042267742424978,1.1042679845148553,1.1699309481099136,1.1085745377459182,1.1086148908067859,2.9469033950196684,2.9469550070407275,-0.030678978618605912,-0.030719331679473605,-0.08984535237680324,-0.08989696439786243,False,False,0.05270827672269991,0.10541655344539982,0.052662978660255176,0.10532595732051035
530,8.833333333333334,False,False,50.55054361653953,50.0,61.80520668526531,50.26601798472434,51.60379727827803,51.60255640002461,74.0,0.5505436165395281,3.0033308092566706,3.033364117349237,2.9469292010301977,1.179756951367964,2.8758642896926294,1.1730383894557854,1.1407509539889271,3.033364117349237,1.1056684663592324,1.1057093947098444,1.1718507013987165,1.1099857831578654,1.1100258680966508,2.9435768330086183,2.9436280171861124,-0.030725085892276294,-0.030765170831061672,-0.08973610016312472,-0.08978728434061889,False,False,0.052662978660255176,0.10532595732051035,0.05261750611985272,0.10523501223970544
535,8.916666666666666,False,False,50.539981703695936,50.0,61.80118056896763,50.25553044513707,51.59270531581202,51.591473808500886,74.0,0.5399817036959362,2.9999475642250832,3.0299470398673343,2.9436024250973656,1.1815360899091825,2.8710865224155446,1.17492827534266,1.1421994374760926,3.0299470398673343,1.1071005916006975,1.1071412425359475,1.1737386737993347,1.1113888226866933,1.1114286437021066,2.940268505701282,2.940319266213495,-0.03077079377398606,-0.030810614789399393,-0.08962777365383934,-0.08967853416605243,False,False,0.05261750611985272,0.10523501223970544,0.052571891684580506,0.10514378336916101
540,9.0,False,False,50.529516610331065,50.0,61.797272018213434,50.245139539017565,51.58173734602632,51.580515073371934,74.0,0.5295166103310649,2.9965825140920312,3.0265483392329515,2.9402938859573884,1.1832870368312758,2.8664065910823084,1.1767871589423737,1.143639630209973,3.0265483392329515,1.1085235564792637,1.1085639344058817,1.1755956752964722,1.1127839494594827,1.1128235106591795,2.9369776717275053,2.937028012707131,-0.03081611955079344,-0.030855680750490277,-0.08952032652582043,-0.08957066750544618,False,False,0.052571891684580506,0.10514378336916101,0.05252616576726424,0.10505233153452848
545,9.083333333333334,False,False,50.5191461317605,50.0,61.793474863753694,50.234843073245514,51.57088881060561,51.56967563922524,74.0,0.5191461317605004,2.993234929497128,3.023167278792099,2.937002842217318,1.1850104747028498,2.8618217550936595,1.1786158222879093,1.145071815054298,3.023167278792099,1.109937733034649,1.1099778422624393,1.1774224871455319,1.114171430534981,1.1142107359379512,2.933703638057199,2.9337535635922127,-0.030861079116346835,-0.03090038451931698,-0.08941371519988639,-0.0894636407349001,False,False,0.05252616576726424,0.10505233153452848,0.052480356754839176,0.10496071350967835
550,9.166666666666666,False,False,50.508868347320096,50.0,61.7897834878231,50.22463913830979,51.560155608929335,51.558951408249705,74.0,0.5088683473200959,2.9899041289808563,3.019803170270665,2.933728600824706,1.1867070629374592,2.8573293466637963,1.1804150198962975,1.1464962494441988,3.019803170270665,1.1113434614160786,1.1113833061605536,1.179219863087974,1.1155515086784296,1.1155905622172937,2.9304457574298355,2.930495271564332,-0.03090568722690512,-0.030944740765769252,-0.08930789870633316,-0.08935741284082965,False,False,0.052480356754839176,0.10496071350967835,0.05243449114224777,0.10486898228449554
555,9.25,False,False,50.49868159128337,50.0,61.78619278006929,50.21452607851843,51.5495340580239,51.54833870019311,74.0,0.49868159128337197,2.9865894764203293,3.0164553711845326,2.9304705144970837,1.1883774387767203,2.8529267698989087,1.1821854799689921,1.1479131673581016,3.0164553711845326,1.1127410522147319,1.112780636599633,1.1809885305813168,1.1169244043876094,1.116963209910839,2.9272034258943784,2.927252532629347,-0.030949957447262477,-0.030988762970492134,-0.08920283855518552,-0.08925194529015412,False,False,0.05243449114224777,0.10486898228449554,0.052388593656720245,0.10477718731344049
560,9.333333333333334,False,False,50.48858442626694,50.0,61.782698096649995,50.204502465948714,51.539020854297085,51.53783421410083,74.0,0.48858442626693943,2.983290378576817,3.013123282362585,2.927227979261863,1.190022218225987,2.8486114997732894,1.1839279055327747,1.1493227810983173,3.013123282362585,1.1141307887007819,1.1141701167605087,1.1827291919705658,1.11829031747828,1.1183288787523349,2.923976080457354,2.924024783751426,-0.030993902345982427,-0.03103246362003742,-0.08909849861115893,-0.08914720190523129,False,False,0.052388593656720245,0.10477718731344049,0.05234268737326937,0.10468537474653875
565,9.416666666666666,False,False,50.47857561892458,50.0,61.779295222284084,50.19456707556437,51.52861303938734,51.52743499416941,74.0,0.4785756189245802,2.9800062827525036,3.009806345580029,2.92400043210439,1.191641996945114,2.84438108101785,1.1856429755244562,1.1507252829980554,3.009806345580029,1.1155129288600043,1.1155520045419571,1.1844425254692852,1.1196494288099872,1.1196877495213848,2.9207631968364582,2.920811500606606,-0.031037533476670598,-0.03107585418806824,-0.0889948449734228,-0.08904314874357055,False,False,0.05234268737326937,0.10468537474653875,0.05229679382192517,0.10459358764385034
570,9.5,False,False,50.46865411774673,50.0,61.77598033505618,50.18471886373739,51.518307967804894,51.51713839739143,74.0,0.4686541177467305,2.976736674553663,3.0065040412991997,2.9207873487215323,1.1932373510966923,2.8402331269344057,1.1873313458224632,1.152120846951848,3.0065040412991997,1.1168877073335477,1.1169265345003827,1.1861291863163843,1.1210019016580357,1.1210399854153443,2.917564287316896,2.917612195439107,-0.03108086153650369,-0.031118945293812317,-0.08889184586009247,-0.08893975398230358,False,False,0.05229679382192517,0.10459358764385034,0.052250933087399136,0.10450186617479827
575,9.583333333333334,False,False,50.45881903279695,50.0,61.772749973788144,50.17495694761151,51.50810327811666,51.50694206474432,74.0,0.4588190327969528,2.9734810757572316,3.003215886514804,2.9175882413780014,1.1948088381539874,2.83616531814777,1.1889936502281693,1.1535096298871121,3.003215886514804,1.118255337182034,1.1182939196138355,1.18778980765469,1.1223478831984448,1.1223857335342182,2.914378898707416,2.914426415017328,-0.03112389635289392,-0.031161746688667336,-0.0887894714974764,-0.08883698780738802,False,False,0.052250933087399136,0.10450186617479827,0.052205123901817356,0.10441024780363471
580,9.666666666666666,False,False,50.44906961722909,50.0,61.76960100780189,50.16528058690923,51.49799686567738,51.49684389392461,74.0,0.44906961722909244,2.970239042277616,2.999941432700392,2.914402656862372,1.1963569976706883,2.832175401306511,1.1906305013996952,1.1548917731032726,2.999941432700392,1.1196160115634166,1.1196543529597995,1.1894250015266608,1.123687505722962,1.1237251260956038,2.9112066103929193,2.911253738686429,-0.031166647007668802,-0.03120426738031057,-0.08868769401396337,-0.08873482230747287,False,False,0.052205123901817356,0.10441024780363471,0.0521593837308943,0.1043187674617886
585,9.75,False,False,50.439405250442206,50.0,61.766530608910486,50.155689166587315,51.48798685814402,51.486842014865545,74.0,0.43940525044220635,2.967010162230448,2.9966802638527525,2.911230174539674,1.1978823520144553,2.8282611877421013,1.1922424917407202,1.1562674035520195,2.9966802638527525,1.1209699052690636,1.1210080092511987,1.1910353597529593,1.125020887918673,1.1250582817142476,2.9080470324804,2.9080937765142516,-0.031209121837771914,-0.031246515633346572,-0.08858648733850094,-0.08863323137235257,False,False,0.0521593837308943,0.1043187674617886,0.052113728854194796,0.10422745770838959
590,9.833333333333334,False,False,50.42982542274077,50.0,61.76353622548474,50.14618218226261,51.47807159238907,51.47693476665339,74.0,0.4298254227407696,2.9637940540899224,2.9934319946308214,2.908070404497326,1.1993854070661318,2.824420552095219,1.1938301942466922,1.1576366349704132,2.9934319946308214,1.1223171761802866,1.1223550462928613,1.1926214547231666,1.1263481358830192,1.1263853064170015,2.9048998040349123,2.904946167527251,-0.03125132855341173,-0.03128849908739406,-0.08848582710357045,-0.08853219059590911,False,False,0.052113728854194796,0.10422745770838959,0.052068174439819495,0.10413634887963899
595,9.916666666666666,False,False,50.42032972137848,50.0,61.760615558452194,50.1367592255413,51.46824959408125,51.46712067711086,74.0,0.42032972137847935,2.960590364936327,2.9901962685856907,2.9049229857810817,1.200866652886391,2.820651430917016,1.1953941633106986,1.1589995689992703,2.9901962685856907,1.1236579665884614,1.1236956063015704,1.1941838402889973,1.1276693442683947,1.127706294787368,2.9017645914022516,2.9018105780331633,-0.03129327421190231,-0.031330224730875544,-0.08838569055252732,-0.08843167718343903,False,False,0.052068174439819495,0.10413634887963899,0.052022734613986626,0.10404546922797325
600,10.0,False,False,50.41091781787336,50.0,61.757766539095606,50.12741997276909,51.458519558122184,51.45739844323627,74.0,0.41091781787336146,2.957398768790328,2.986972756478231,2.9017875847177077,1.202326564351471,2.8169518212523745,1.1969349354911147,1.1603562961249645,2.986972756478231,1.1249924044603916,1.1250298171713702,1.195723052452513,1.128984597079343,1.1290213307626442,2.8986410866149797,2.8986867000270093,-0.03133496536232028,-0.031371699045621426,-0.08828605645122156,-0.08833166986325125,False,False,0.052022734613986626,0.10404546922797325,0.051977422525867595,0.10395484505173519
605,10.083333333333334,False,False,50.401589456490896,50.0,61.754987308526196,50.11816417115488,51.44888033190784,51.44776691446744,74.0,0.40158945649089617,2.954218965030617,2.9837611546809235,2.8986638933209945,1.203765601759577,2.813319779211379,1.1984530302430219,1.1617068967242359,2.9837611546809235,1.1263206045605783,1.1263577935957791,1.1972396101568394,1.1302939688285634,1.1303304887898793,2.8955290058785415,2.8955742496771846,-0.03137640793435659,-0.031412927895672516,-0.08818690500373894,-0.08823214880238206,False,False,0.051977422525867595,0.10395484505173519,0.05193225040805501,0.10386450081611003
610,10.166666666666666,False,False,50.39234444379936,50.0,61.75227619871509,50.10899163088214,51.43933089798112,51.438225075336504,74.0,0.3923444437993595,2.9510506768915317,2.980561183660447,2.895551627777863,1.2051842114094302,2.8097534185345987,1.1999489506152834,1.163051441814687,2.980561183660447,1.1276426695853736,1.1276796382018803,1.1987340159158066,1.1315975250318377,1.1316338343207542,2.892428088134098,2.892472965888291,-0.03141760749393274,-0.031453916782849145,-0.08808821777215625,-0.08813309552634907,False,False,0.05193225040805501,0.10386450081611003,0.051887229632898,0.103774459265796
615,10.25,False,False,50.38318263921047,50.0,61.74963171497493,50.09990221397865,51.42987036077774,51.4287720322179,74.0,0.38318263921046736,2.9478936500372925,2.9773725865376655,2.8924505270111944,1.206582826152358,2.8062509091570877,1.2014231839150435,1.1643899939377207,2.9773725865376655,1.1289586910975045,1.128995442484799,1.2002067565753807,1.1328953232883459,1.1329314248918514,2.8893380936949153,2.8893826089374928,-0.0314585690458693,-0.031494670649374834,-0.08798997760017269,-0.08803449284275011,False,False,0.051887229632898,0.103774459265796,0.051842370765196086,0.10368474153039217
620,10.333333333333334,False,False,50.37410394642335,50.0,61.74705251978975,50.09089582664527,51.42049793201424,51.41940699871831,74.0,0.37410394642334666,2.9447476512096067,2.974195127721703,2.889360351316204,1.207961865919256,2.8028104757754964,1.2028762023413324,1.165722607864891,2.974195127721703,1.1302687505070137,1.1303052877885913,1.2016583038408044,1.134187413750418,1.1342233105943653,2.8862588029531033,2.8863029591812532,-0.031499297270525695,-0.03153519411447303,-0.08789216854044968,-0.08793632476859958,False,False,0.051842370765196086,0.10368474153039217,0.051797683611258735,0.10359536722251747
625,10.416666666666666,False,False,50.365108305698136,50.0,61.74453741789864,50.08197241059865,51.4112129192139,51.41012928420443,74.0,0.36510830569813635,2.9416124669453922,2.971028591614846,2.8862808810671785,1.2093217382236638,2.799430396422154,1.204308463589339,1.167049331333683,2.971028591614846,1.1315729198963698,1.1316092461313048,1.2030891149355285,1.13547383999088,1.135509534941404,2.8831900151535756,2.883233815829274,-0.031539796392278996,-0.03157549134280302,-0.08779477578557193,-0.08783857646127036,False,False,0.051797683611258735,0.10359536722251747,0.05175317726484426,0.10350635452968852
630,10.5,False,False,50.356195686890096,50.0,61.74208534254522,50.07313193789015,51.402014713683656,51.40093828178168,74.0,0.3561956868900964,2.9384879023615076,2.9678727813851227,2.883211915491425,1.210662838642142,2.796109001049506,1.2057204114268525,1.168370205606707,2.9678727813851227,1.1328712628564594,1.1329073810409238,1.2044996332015672,1.136754639368363,1.1367901352332614,2.8801315472322524,2.880174995782688,-0.03158007037344546,-0.03161556623834394,-0.08769778560243457,-0.08774123415287027,False,False,0.05175317726484426,0.10350635452968852,0.05170886015003859,0.10341772030007718
635,10.583333333333334,False,False,50.34736608318123,50.0,61.73969534280986,50.06437440222347,51.3929027813832,51.391833459164985,74.0,0.3473660831812282,2.935373780003424,2.9647275178034582,2.8801532715074702,1.2119855512730662,2.792844670127895,1.207112476244269,1.1696852661780486,2.9647275178034582,1.1341638351785468,1.1341997482472852,1.205890288568071,1.1380298439089,1.138065143438976,2.8770832327155045,2.877126332533492,-0.031620122739072665,-0.031655422269148525,-0.0876011852699663,-0.08764428508795374,False,False,0.05170886015003859,0.10341772030007718,0.051664740061386806,0.10332948012277361
640,10.666666666666666,False,False,50.33861950545076,50.0,61.73736657194854,50.055699816309144,51.38387665219967,51.382814347954785,74.0,0.33861950545075814,2.932269938754887,2.961592638142436,2.877104782624498,1.2132902491748927,2.7896358332592563,1.2084850755794998,1.1709945431853066,2.961592638142436,1.1354506856053421,1.135486396433106,1.2072614981516836,1.1392994804356467,1.139334586326011,2.8740449206780547,2.8740876751224396,-0.03165995685929568,-0.03169506274965994,-0.08750496301999622,-0.08754771746438106,False,False,0.051664740061386806,0.10332948012277361,0.05162082420138979,0.10324164840277958
645,10.75,False,False,50.3299559772314,50.0,61.73509827666596,50.04710820352429,51.37493591318956,51.37388053688064,74.0,0.3299559772313998,2.929176232805692,2.958467995133749,2.874066297900247,1.2145772947849036,2.7864809678089917,1.2098386146190216,1.1722980620717955,2.958467995133749,1.1367318563902102,1.1367673677931505,1.2086136667543999,1.1405635715179019,1.1405984864092455,2.871016474756498,2.8710588871525435,-0.031699575662549995,-0.03173449055389366,-0.08740910798120538,-0.08745152037725079,False,False,0.05162082420138979,0.10324164840277958,0.051577119215682796,0.10315423843136559
650,10.833333333333334,False,False,50.32137553020132,50.0,61.732889787256646,50.03859959626204,51.36608019885345,51.36503166207722,74.0,0.3213755302013226,2.926092530674814,2.955353455981562,2.8710376809545206,1.2158470403193715,2.7833785975579364,1.2111734866762647,1.1735958439250045,2.955353455981562,1.1380073839786033,1.1380426987156231,1.209947187273565,1.1418221354479416,1.14185686192777,2.8679977722158556,2.868039845855629,-0.03173898199723446,-0.031773708477062845,-0.08731361012593286,-0.08735568376570635,False,False,0.051577119215682796,0.10315423843136559,0.051533631225898824,0.10306726245179765
655,10.916666666666666,False,False,50.31287820016694,50.0,61.730740508551136,50.03017403019881,51.357309185994566,51.35626740194418,74.0,0.3128782001669421,2.923018714286215,2.952248901429077,2.8680188090357426,1.2170998281560514,2.7803272913760826,1.2124900736484538,1.1748879059916455,2.952248901429077,1.139277299470498,1.1393124202445715,1.211262441214376,1.1430751870511178,1.1431097276549553,2.8649887030665298,2.8650304412092753,-0.031778178336690166,-0.03181271894052773,-0.08721846021980184,-0.08726019836254739,False,False,0.051533631225898824,0.10306726245179765,0.05149036586054816,0.10298073172109631
660,11.0,False,False,50.30446402349399,50.0,61.72864991160968,50.021831541782475,51.34862258596179,51.34758746939045,74.0,0.30446402349399193,2.9199546780947583,2.949154224875706,2.8650095721379025,1.218335991199838,2.7773256619194444,1.213788746452969,1.1761742620308269,2.949154224875706,1.1405416291901402,1.140576558649587,1.212559799129167,1.1443227377650647,1.144357094977626,2.8619891692292336,2.8620305751017403,-0.03181716705320081,-0.03185152426576221,-0.0871236497739658,-0.08716505564647248,False,False,0.05149036586054816,0.10298073172109631,0.05144732828388778,0.10289465656777556
665,11.083333333333334,False,False,50.29613303394882,50.0,61.72661752610877,50.01357216451602,51.3400201399599,51.33899160714551,74.0,0.29613303394881996,2.916900328259765,2.946069331542363,2.862009872165487,1.219555853232409,2.7743723643512364,1.2150698654442182,1.1774549227113766,2.946069331542363,1.1418003951062017,1.1418351358459404,1.213839620998124,1.1455647962088418,1.1455989724651732,2.858999083745507,2.8590401605424614,-0.03185595024620347,-0.031890126502534866,-0.0870291709999016,-0.08707024779685613,False,False,0.05144732828388778,0.10289465656777556,0.0514045232230726,0.1028090464461452
670,11.166666666666666,False,False,50.28788525991425,50.0,61.724642933370475,50.0053959259493,51.33150161312393,51.33047958183505,74.0,0.2878852599142476,2.9138555818638356,2.942994137682474,2.8590196221439843,1.2207597292466086,2.7714660950883196,1.2163337808119792,1.178729895965016,2.942994137682474,1.143053615297731,1.143088169860485,1.2151022566685699,1.1468013684008524,1.146835366087445,2.856018370031535,2.8560591209158823,-0.03189452987757102,-0.031928527564163645,-0.08693501676659166,-0.08697576765093906,False,False,0.0514045232230726,0.1028090464461452,0.05136195499362296,0.10272390998724593
675,11.25,False,False,50.27972072194697,50.0,61.7227257599871,49.99730284570363,51.323066790028854,51.322051179491645,74.0,0.2797207219469726,2.9108203661746717,2.9399285698364186,2.8560387454737084,1.221947925766302,2.7686055905736917,1.2175808329621096,1.1799991872806732,2.9399285698364186,1.1443013043452634,1.1443356752227445,1.2163480461917517,1.1480324580887682,1.1480662795446415,2.853046961173128,2.8530873892764026,-0.031932907736031746,-0.03196672919190502,-0.086841180560016,-0.08688160866329042,False,False,0.05136195499362296,0.10272390998724593,0.05131962752329632,0.10263925504659265
680,11.333333333333334,False,False,50.27163943064697,50.0,61.72086567199784,49.989292933589674,51.31471547046657,51.31370620133248,74.0,0.27163943064697094,2.9077946179477148,2.9368725641271918,2.8530671752247656,1.223120741152387,2.7657896260756285,1.2188113528804734,1.1812627999840788,2.9368725641271918,1.1455434737004373,1.1455776633344963,1.2175773202181972,1.1492580669918884,1.1492917145096466,2.850084799259703,2.85012490768238,-0.03197108547443217,-0.03200473299219042,-0.08674765644481175,-0.08678776486748863,False,False,0.05131962752329632,0.10263925504659265,0.05127754437458858,0.10255508874917715
685,11.416666666666666,False,False,50.26364138481082,50.0,61.71906236957606,49.98136618751383,51.30644746587234,51.305444460187175,74.0,0.26364138481081767,2.904778282767534,2.9338260655952095,2.8501048534710414,1.2242784658956174,2.7630170145139434,1.2200256624808925,1.1825207355173644,2.9338260655952095,1.1467801320171276,1.146814142800874,1.218790400349144,1.150478195093904,1.1505116709207683,2.847131834755383,2.8471716265672,-0.032009064596596026,-0.03204254042346033,-0.08665443902800973,-0.08669423083982641,False,False,0.05127754437458858,0.10255508874917715,0.0512357087658359,0.1024714175316718
690,11.5,False,False,50.25572656984368,50.0,61.71731558218968,49.9735225911843,51.29826259577391,51.297265776947526,74.0,0.2557265698436808,2.901771314425962,2.9307890275702215,2.8471517306612917,1.2254213828968565,2.7602866053136683,1.2212240749378904,1.1837729937186579,2.9307890275702215,1.1480112854730216,1.1480451197519126,1.2199875994147533,1.1516928409063754,1.1517261472451858,2.8441880259051815,2.8442275041454703,-0.032046846473472,-0.03208015281228249,-0.08656152342475121,-0.08660100166504003,False,False,0.0512357087658359,0.1024714175316718,0.051194123591091406,0.10238824718218281
695,11.583333333333334,False,False,50.24789495640623,50.0,61.7156250641991,49.965762114148525,51.29016068445584,51.289169977232824,74.0,0.2478949564062276,2.898773674335097,2.927761411078448,2.8442077650253257,1.226549767735352,2.757597283286391,1.2224068950049551,1.185019572983956,2.927761411078448,1.149236938073233,1.1492705981461393,1.2211692218987538,1.1529020015676374,1.152935140577837,2.8412533381745835,2.841292505852588,-0.032084432406119134,-0.03211757141631866,-0.08646890522586004,-0.08650807290386453,False,False,0.051194123591091406,0.10238824718218281,0.051152791438784664,0.10230558287756933
700,11.666666666666666,False,False,50.24014649927555,50.0,61.71399059085962,49.95808470943862,51.28214155887792,51.28115688930894,74.0,0.24014649927555354,2.8957853309733537,2.9247431842830873,2.8412729220135855,1.2276638889255886,2.754947967539332,1.2235744193189955,1.1862604705320063,2.9247431842830873,1.1504570918890744,1.1504905800093164,1.2223355640995124,1.1541056731952872,1.1541386469938741,2.838327743720682,2.838366603815877,-0.0321218235381322,-0.03215479733671911,-0.0863765804672103,-0.08641544056240535,False,False,0.051152791438784664,0.10230558287756933,0.05111171460937712,0.10222342921875424
705,11.75,False,False,50.23248113639956,50.0,61.71241195469777,49.95049031324991,51.27420504561257,51.27322634102677,74.0,0.23248113639955648,2.8928062593628443,2.921734321956473,2.8383471737682795,1.2287640081632534,2.7523376104121726,1.2247269366916704,1.1874956825661775,2.921734321956473,1.1516717473339964,1.151705065710356,1.223486914569321,1.1553038509333944,1.155336661595859,2.8354112208933078,2.8354497763557056,-0.03215902097031864,-0.03219183163278316,-0.08628454560076726,-0.0863231010631651,False,False,0.05111171460937712,0.10222342921875424,0.05107089513189148,0.10214179026378296
710,11.833333333333334,False,False,50.22489878812718,50.0,61.71088896223328,49.942978844766195,51.266350969204936,51.26537815818286,74.0,0.22489878812717734,2.889836440576449,2.9187348049822135,2.8354304986245067,1.2298503805608154,2.7497651964415626,1.225864728388182,1.1887252044216166,2.9187348049822135,1.1528809033676728,1.1529140541653773,1.2246235542608248,1.1564965291532547,1.1565291787144854,2.832503753764519,2.832542007514977,-0.032196025707131204,-0.03222867526836182,-0.08619279746723629,-0.0862310512176947,False,False,0.05107089513189148,0.10214179026378296,0.05103033477957113,0.10206066955914227
715,11.916666666666666,False,False,50.2173993565974,50.0,61.709421431019614,49.93555020330899,51.25857915037479,51.257612162722154,74.0,0.2173993565973973,2.886875861273016,2.915744619885746,2.8325228806397478,1.230923254873203,2.747229741353152,1.2269880683941419,1.1899490308301301,2.915744619885746,1.1540845577004524,1.154117543042138,1.2257457568930932,1.1576837017466686,1.1577161922018457,2.829605331684995,2.82964328661552,-0.03223283862828441,-0.03226532908346158,-0.08610133327022584,-0.08613928820075101,False,False,0.05103033477957113,0.10206066955914227,0.05099003508459544,0.10198007016919088
720,12.0,False,False,50.20998272527181,50.0,61.708009186979005,49.92820427131564,51.25088940345269,51.24992817017482,74.0,0.20998272527180717,2.883924513259203,2.912763758391795,2.8296243091502573,1.2319828737140317,2.7447302910809497,1.2280972236710592,1.1911671559054686,2.912763758391795,1.1552827070263088,1.1553155289929578,1.226853789171264,1.1588653619350053,1.1588976952404646,2.826715948865902,2.82675360783994,-0.032269460665004024,-0.03230179397046329,-0.08601015055185535,-0.08604780952589319,False,False,0.05099003508459544,0.10198007016919088,0.050949997351984126,0.10189999470396825
725,12.083333333333334,False,False,50.20264875859664,50.0,61.70665206200865,49.92094091056567,51.243281536615235,51.24232598989216,74.0,0.2026487585966379,2.8809823930765552,2.909792217007321,2.826734778352921,1.2330294737628207,2.742265920813714,1.2291924544009831,1.1923795734376381,2.909792217007321,1.15647534712194,1.156508007753798,1.227947910991543,1.1600415028338527,1.1600736809079342,2.823835603984869,2.8238729698376064,-0.03230589252970395,-0.03233807060378546,-0.08591924716971455,-0.08595661302245183,False,False,0.050949997351984126,0.10189999470396825,0.05091022267272004,0.10182044534544007
730,12.166666666666666,False,False,50.19539730178126,50.0,61.70534989183679,49.913759964247795,51.235755348753,51.234805421915176,74.0,0.1953973017812629,2.878049501612474,2.906829996628599,2.8238542869112377,1.234063285963608,2.7398357340680843,1.230274014220807,1.1935862769076175,2.906829996628599,1.1576624730936218,1.1576949743910891,1.2290283757487033,1.1612121171504726,1.1612441418743469,2.8209642998148228,2.821001375353471,-0.03234213503327066,-0.03237415975714497,-0.08582862127512803,-0.0858656968137761,False,False,0.05091022267272004,0.10182044534544007,0.05087071193613463,0.10174142387226925
735,12.25,False,False,50.188228180681115,50.0,61.704102514108996,49.90666125606562,51.22831062997467,51.22736625747948,74.0,0.18822818068111502,2.8751258437338083,2.9038771021711463,2.820982837584147,1.2350845357153588,2.737438861788079,1.2313421504467108,1.1947872596345133,2.9038771021711463,1.1588440794525274,1.1588764233770295,1.2300954304971583,1.1623771975860706,1.1624090708045474,2.8181020428744277,2.8181388308785067,-0.032378188829965904,-0.032410062048442656,-0.08573827129263956,-0.08577505929671858,False,False,0.05087071193613463,0.10174142387226925,0.050831465841582504,0.10166293168316501
740,12.333333333333334,False,False,50.181141201774615,50.0,61.702909766686226,49.89964459047691,51.22094715980911,51.220008277217666,74.0,0.181141201774615,2.8722114279418567,2.900933542221275,2.818120436876467,1.2360934430545383,2.7350744614705627,1.2323971042891946,1.1959825148638539,2.900933542221275,1.1600201602897893,1.1600523487646317,1.2311493162145326,1.1635367367402158,1.1635684602625314,2.8152488430990044,2.81528534632063,-0.03241405460132252,-0.032445778123638025,-0.08564819590064499,-0.08568469912227084,False,False,0.050831465841582504,0.10166293168316501,0.05079248490954082,0.10158496981908165
745,12.416666666666666,False,False,50.17413615222351,50.0,61.70177148613736,49.892709752188026,51.21366470705348,51.21273125100822,74.0,0.17413615222351098,2.8693062660476367,2.897999328708113,2.8152670947098173,1.2370902228302099,2.7327417163162604,1.2334391110591434,1.1971720358853146,2.897999328708113,1.161190709371306,1.1612227442825038,1.232190267962733,1.1646907273480749,1.1647223029486633,2.8124047135308134,2.8124409346949704,-0.03244973293665132,-0.03248130853723974,-0.0855583940131428,-0.08559461517729972,False,False,0.05079248490954082,0.10158496981908165,0.05075376949202156,0.10150753898404312
750,12.5,False,False,50.16721280000789,50.0,61.70068750641047,49.88585650647848,51.206463028563974,51.20553493676682,74.0,0.16721280000788852,2.866410372866334,2.8950744765949974,2.812422824112892,1.2380750848719937,2.73043983440586,1.2344684003653297,1.1983558161062957,2.8950744765949974,1.1623557202760444,1.1623876034731315,1.2332185151222348,1.1658391622573503,1.165870591676595,2.8095696700276798,2.8096056118324957,-0.0324852244297007,-0.03251665384894542,-0.0854688647625017,-0.08550480656731763,False,False,0.05075376949202156,0.10150753898404312,0.050715319782472776,0.10143063956494555
755,12.583333333333334,False,False,50.16037089412724,50.0,61.699657657668276,49.87908460067236,51.19934186906917,51.19841908026008,74.0,0.16037089412724015,2.863523765929896,2.892159003589195,2.8095876409300877,1.2390482341512068,2.7281680479007364,1.2354851963037499,1.1995338490666383,2.892159003589195,1.1635151864829967,1.1635469197798207,1.2342342815677967,1.1669820344648305,1.1670133194098011,2.8067437309889467,2.8067793961059673,-0.03252052965683716,-0.03255181460180778,-0.08537960748322782,-0.0854152726002484,False,False,0.050715319782472776,0.10143063956494555,0.05067713582511616,0.10135427165023232
760,12.666666666666666,False,False,50.15361016486021,50.0,61.698681765273605,49.872393762060604,51.192300961226394,51.1913834151625,74.0,0.15361016486021128,2.860646465216804,2.8892529298689724,2.806761563547457,1.2400098709354976,2.7259256122677864,1.2364897176391578,1.2007061286152112,2.8892529298689724,1.1646691014425956,1.1647006866180913,1.2352377858295314,1.1681193373677883,1.168150479512957,2.8039269170978693,2.8039623081723226,-0.03255564910225428,-0.03258679124742292,-0.0852906216966498,-0.08532601277110308,False,False,0.05067713582511616,0.10135427165023232,0.05063921752382366,0.10127843504764732
765,12.75,False,False,50.14693032407546,50.0,61.697759648912744,49.8657837004294,51.18534002430433,51.18442766173966,74.0,0.1469303240754627,2.857778492898084,2.8863562778270646,2.803944612635096,1.2409601909372616,2.723711805527882,1.2374821779791696,1.201872648865765,2.8863562778270646,1.1658174587068761,1.1658488975058197,1.2362292413125489,1.169251064551223,1.169282065539168,2.801119251079504,2.8011543707305653,-0.03259058332659692,-0.032621584314541874,-0.08520190709649933,-0.0852370267475604,False,False,0.05063921752382366,0.10127843504764732,0.05060156465044863,0.10120312930089725
770,12.833333333333334,False,False,50.14033106558785,50.0,61.69689112184444,49.85925410704984,51.17845876515359,51.177551527819084,74.0,0.14033106558785136,2.8549198730986833,2.88346907182967,2.8011368109050347,1.2418993854561204,2.7215259275274155,1.238462785941253,1.203033404314656,2.88346907182967,1.1669602519508981,1.1669915460846478,1.2372088564287425,1.170377210092488,1.1704080715345773,2.7983207574733098,2.7983556082943646,-0.03262533278007873,-0.03265619422216792,-0.08511346353530547,-0.08514831435636028,False,False,0.05060156465044863,0.10120312930089725,0.050564176852797356,0.10112835370559471
775,12.916666666666666,False,False,50.13381206555365,50.0,61.69607599026397,49.8528046557741,51.17165687716426,51.17075470774842,74.0,0.13381206555364855,2.8520706316733953,2.880591337990129,2.798338182883837,1.2428276415157287,2.7193672992324105,1.2394317453129433,1.2041883898555625,2.880591337990129,1.1680974750826016,1.1681286262298178,1.2381768347432172,1.1714977684083594,1.1715284918854236,2.7955314624196377,2.7955660469785393,-0.03265989797013891,-0.03269062144720314,-0.08502529101158984,-0.08505987557049144,False,False,0.050564176852797356,0.10112835370559471,0.05052705366212589,0.10105410732425178
780,13.0,False,False,50.12737298289954,50.0,61.695314052772005,49.84643500248466,51.16493404087625,51.16403688300625,74.0,0.12737298289953713,2.8492307959965157,2.877723103956481,2.7955487546990883,1.243745141995162,2.717235262044662,1.2403892552055822,1.2053376008677787,2.877723103956481,1.1692291222733457,1.1692601320806928,1.2391333751646472,1.172612734479687,1.1726433215426713,2.792751393459345,2.7927857142986694,-0.03269427932510749,-0.03272486638809169,-0.08493738965781139,-0.0849717104971357,False,False,0.05052705366212589,0.10105410732425178,0.050490194500254736,0.10098038900050947
785,13.083333333333334,False,False,50.12101345978066,50.0,61.694605099938904,49.8401447875927,51.15828992326066,51.15739772148372,74.0,0.12101345978066291,2.8464003947645184,2.874864398712164,2.7927685538790072,1.2446520657551272,2.7151291771393677,1.2413355102018677,1.206481033157352,2.874864398712164,1.1703551880459748,1.1703860581288144,1.240078672091704,1.1737221036312409,1.1737525558018473,2.789980579345871,2.790014638983173,-0.03272847735550455,-0.032758929526111036,-0.084849759728991,-0.08488381936629263,False,False,0.050490194500254736,0.10098038900050947,0.05045359868633301,0.10090719737266601
790,13.166666666666666,False,False,50.11473312206297,50.0,61.69394891395582,49.8339336337725,51.15172417898991,51.15083687875523,74.0,0.11473312206297237,2.8435794578110185,2.872015252389129,2.789997609164522,1.2455485877592252,2.7130484248237208,1.2422707004975067,1.2076186831189535,2.872015252389129,1.1714756672683884,1.1715063992114505,1.2410129155155574,1.174825871908445,1.174856190679758,2.787219049869029,2.7872528507970844,-0.03276249243919538,-0.03279281121050848,-0.08476240159204451,-0.08479620252010012,False,False,0.05045359868633301,0.10090719737266601,0.05041726544320751,0.10083453088641502
795,13.25,False,False,50.1085315798262,50.0,61.69334526836458,49.827801148939656,51.14523644901988,51.144353996661,74.0,0.10853157982619877,2.840768015933364,2.869175696092698,2.7872359503330566,1.246434879190484,2.7109924039159066,1.2431950120372197,1.2087505476475873,2.869175696092698,1.1725905552674079,1.1726211506254463,1.2419362911955887,1.1759240357239844,1.1759542225610808,2.7844668356899396,2.784500380377,-0.03279632508650643,-0.032826511923602864,-0.08467531571569786,-0.08470886040275838,False,False,0.05041726544320751,0.10083453088641502,0.050381193903515975,0.10076238780703195
800,13.333333333333334,False,False,50.10240842788337,50.0,61.69279392785908,49.82174692541158,51.138826362299234,51.1379487050167,74.0,0.10240842788336835,2.837966100730232,2.8663457617375343,2.7844836080334696,1.2473111075633738,2.7089605311439864,1.2441086266453616,1.2098766242268812,2.8663457617375343,1.1736998477961327,1.1737303080945707,1.2428489807765346,1.177016592198096,1.1770466485386437,2.781723968186461,2.7817572590764974,-0.032829975688237534,-0.03286003202878529,-0.0845885026610369,-0.08462179355107313,False,False,0.050381193903515975,0.10076238780703195,0.05034538311540572,0.10069076623081144
805,13.416666666666666,False,False,50.09636324631405,50.0,61.69229464815081,49.81577054087982,51.1324935348982,51.13162062074273,74.0,0.09636324631404847,2.835173744449611,2.863525481894107,2.781740613631479,1.2481774368315004,2.70695224056412,1.2450117221513797,1.2109969109290888,2.863525481894107,1.1748035411170177,1.174833867852574,1.2437511619056296,1.1781035389621632,1.1781334662170073,2.7789904793085656,2.7790235188215013,-0.03286344471208147,-0.032893371966925544,-0.0845019630726056,-0.08453500258554136,False,False,0.05034538311540572,0.10069076623081144,0.05030983204803295,0.1006196640960659
810,13.5,False,False,50.090395601007515,50.0,61.69184717589306,49.809871558385574,51.126237570905154,51.12536934876103,74.0,0.09039560100751487,2.832390979846619,2.8607148896450854,2.7790069990650332,1.2490340274911673,2.704966982997596,1.2459044725103752,1.2121114064592349,2.8607148896450854,1.175901632001098,1.1759318266424024,1.2446430083790347,1.1791848743402822,1.179214673894013,2.7762664014430927,2.7762991919750575,-0.03289673256522185,-0.03292653211895269,-0.08441569767002788,-0.08444848820199269,False,False,0.05030983204803295,0.1006196640960659,0.050274539596673135,0.10054907919334627
815,13.583333333333334,False,False,50.084505044214076,50.0,61.69145124865689,49.80404952810956,51.120058062098714,51.11919448166778,74.0,0.08450504421407601,2.8296178400506156,2.8579140184511216,2.776282796709075,1.2498810366809914,2.703004225486159,1.2467870479189382,1.2132201101109696,2.8579140184511216,1.1769941177809788,1.1770241817691691,1.2455246901857664,1.1802605971764832,1.180290270387998,2.7735517672874104,2.773584311210962,-0.03292983972297159,-0.0329595129344864,-0.08432970724015965,-0.08436225116371121,False,False,0.050274539596673135,0.10054907919334627,0.05023950458769972,0.10047900917539944
820,13.666666666666666,False,False,50.07869111510114,50.0,61.69110659495442,49.79830398661234,51.1139545890769,51.1130956008626,74.0,0.07869111510113669,2.8268543584410923,2.8551229020255033,2.773568039249186,1.250718618277739,2.7010634507651003,1.2476596149265042,1.214323021840146,2.8551229020255033,1.178080996334415,1.1781109310837272,1.246396373727339,1.181330707047936,1.1813602552509823,2.7708466097314512,2.770878909395819,-0.03296276658916364,-0.03299231479220999,-0.08424399262968452,-0.08427629229405209,False,False,0.05023950458769972,0.10047900917539944,0.05020472578318399,0.10040945156636798
825,13.75,False,False,50.07295334031249,50.0,61.69081293430389,49.79263445820638,51.107926720767615,51.10707227605975,74.0,0.07295334031248757,2.8241005685318736,2.8523415742171925,2.7708627595636353,1.2515469229885527,2.6991441567536096,1.2485223365424079,1.215420142235389,2.8523415742171925,1.179162266140097,1.1791920730384349,1.2472582218470507,1.1823952040965209,1.1824246286002336,2.768150961747688,2.7681830194790007,-0.032995513635155405,-0.03302493813886809,-0.08415855473819178,-0.08419061246950443,False,False,0.05020472578318399,0.10040945156636798,0.05017020188535476,0.10034040377070952
830,13.833333333333334,False,False,50.067291234528334,50.0,61.69056997733209,49.787040455032134,51.10197401539634,51.10112406625573,74.0,0.06729123452833363,2.821356503863162,2.8495700689017935,2.768166990613344,1.252366098439722,2.6972458560618735,1.2493753723388343,1.216511472547527,2.8495700689017935,1.180237926264211,1.180267606673711,1.248110393947127,1.1834540891714842,1.1834833912609044,2.765464856288623,2.7654966743901377,-0.0330280812866226,-0.033057383376042804,-0.08407339451165585,-0.08410521261317072,False,False,0.05017020188535476,0.10034040377070952,0.05013593154076818,0.10027186308153636
835,13.916666666666666,False,False,50.0617043010246,50.0,61.69037742590984,49.781521477711365,51.09609602036933,51.09525051961324,74.0,0.061704301024597896,2.818622197901007,2.846808419880017,2.7654807653393805,1.253176289262151,2.6953680755144447,1.2502188785498383,1.2175970146895907,2.846808419880017,1.1813079763948806,1.1813375316524555,1.248953046120505,1.1845073637470547,1.1845365446836431,2.7627883261913575,2.762819906943689,-0.033060470005947584,-0.03308965094253602,-0.08398851293632825,-0.0840200936886597,False,False,0.05013593154076818,0.10027186308153636,0.05010191334431055,0.1002038266886211
840,14.0,False,False,50.05619203222956,50.0,61.69023497331689,49.77607701688936,51.09029227291325,51.08945117410087,74.0,0.056192032229560596,2.815897683943773,2.8440566607832105,2.7628041165675232,1.2539776371736637,2.6935103556893734,1.2510530081666156,1.2186767711926678,2.8440566607832105,1.1823724168398342,1.1824018482577119,1.2497863311947641,1.1855550299020328,1.1855840909241675,2.760121404088847,2.760152749750189,-0.03309268026850032,-0.033121741290635054,-0.0839039110330213,-0.08393525669436341,False,False,0.05010191334431055,0.1002038266886211,0.05006814584295412,0.10013629168590824
845,14.083333333333334,False,False,50.05075391027674,50.0,61.690142304432214,49.770706551934964,51.084562300794474,51.0837255582127,74.0,0.05075391027673959,2.8131829950352443,2.841314824985597,2.760137076919518,1.2547702810582868,2.691672250472639,1.2518779110291784,1.2197507452941956,2.841314824985597,1.1834312485185057,1.183460557384752,1.250610398849267,1.186597090467568,1.1866260327910318,2.757464122327525,2.7574952351338755,-0.033124712503163734,-0.03315365482662758,-0.08381958985172133,-0.08385070265807171,False,False,0.05006814584295412,0.10013629168590824,0.050034627539368604,0.10006925507873721
850,14.166666666666666,False,False,50.045389407552335,50.0,61.690099095946934,49.76540955302421,51.07890562189784,51.07807319054745,74.0,0.045389407552335115,2.8104781638839804,2.83858294552282,2.7574796787307,1.2555543570426353,2.6898533266274103,1.252693733914601,1.220818940864383,2.83858294552282,1.1844844730050115,1.184513660584045,1.2514253957323036,1.1876335488284395,1.1876623736469007,2.7548165128908586,2.7548473950562364,-0.03315656721748228,-0.033185392035943506,-0.08373555046658376,-0.0837664326319616,False,False,0.050034627539368604,0.10006925507873721,0.05000135689529641,0.10000271379059282
855,14.25,False,False,50.040097987236514,50.0,61.69010501659637,49.7601854810081,51.073321745442364,51.07249358102463,74.0,0.04009798723651414,2.807783222788587,2.8358610550164727,2.7548319539735475,1.2563299985695318,2.688053163377672,1.2535006206219768,1.2218813624356426,2.8358610550164727,1.1855320924939317,1.1855611600270186,1.2522314654757338,1.1886644090831364,1.1886931175686113,2.7521786073286023,2.752209261045266,-0.033188244867031313,-0.033216953352506184,-0.0836517939712067,-0.08368244768787036,False,False,0.05000135689529641,0.10000271379059282,0.04996833233481105,0.0999366646696221
860,14.333333333333334,False,False,50.03487910383716,50.0,61.69015972740891,49.75503378817806,51.06781017185891,51.06698623076216,74.0,0.03487910383716297,2.80509820356857,2.8331491856042557,2.752193934186934,1.2570973364689717,2.6862713520057766,1.2542987120542373,1.2229380151878742,2.8331491856042557,1.1865741098262639,1.1866030585320138,1.253028748841416,1.1896896759286772,1.1897182692319905,2.7495504366913446,2.7495808641300092,-0.03321974595588362,-0.0332483392591969,-0.08356832147424642,-0.08359874891291108,False,False,0.04996833233481105,0.0999366646696221,0.04993555224736122,0.09987110449472245
865,14.416666666666666,False,False,50.0297322037155,50.0,61.69026288196885,49.749953918686856,51.06237039355442,51.06155063284115,74.0,0.029732203715497008,2.802423137500469,2.8304473688754737,2.749565650410677,1.2578564990265522,2.6845074954634836,1.255088146296961,1.2239889049484647,2.8304473688754737,1.1876105284729377,1.18763935954778,1.2538173837944215,1.190709354727079,1.1907378339783083,2.746932031470135,2.74696223478018,-0.03325107097015634,-0.03327955022138562,-0.08348513409529357,-0.08351533740533856,False,False,0.04993555224736122,0.09987110449472245,0.049903014990695146,0.09980602998139029
870,14.5,False,False,50.02465672560258,50.0,61.69041412669091,49.74494530893762,51.057001895099965,51.0561862724941,74.0,0.024656725602582696,2.799758055258969,2.8277556358115588,2.7469471331251576,1.2586076120494707,2.6827612079960534,1.2558690586943064,1.2250340381922888,2.8277556358115588,1.1886413525435164,1.18867006716217,1.2545975055323197,1.1917234514668982,1.1917518177758109,2.7443234215408387,2.7443534028505288,-0.03328222041647799,-0.03331058672539067,-0.08340223296103,-0.08343221427072,False,False,0.049903014990695146,0.09980602998139029,0.04987071889361275,0.0997414377872255
875,14.583333333333334,False,False,50.01965210110619,50.0,61.69061310110461,49.74000738856346,51.05170415370068,51.050892627575244,74.0,0.01965210110618898,2.7971029868627166,2.8250740167313437,2.7443384121956838,1.2593507989301995,2.6810321147789864,1.256641581922194,1.2260734220122778,2.8250740167313437,1.1896665867805316,1.1896951860964589,1.2553692465876793,1.1927319727400323,1.1927602271965134,2.741724636113008,2.7417543975296903,-0.033313194815764335,-0.03334144927224547,-0.08331961920165343,-0.08334938061833563,False,False,0.04987071889361275,0.0997414377872255,0.049838662258587726,0.09967732451717545
880,14.666666666666666,False,False,50.01471775520731,50.0,61.69085943814623,49.73513958013687,51.04647663976054,51.04566916912536,74.0,0.014717755207307448,2.7944579616245795,2.8224025412408253,2.741739516821349,1.260086180707929,2.679319851566994,1.257405846058851,1.2271070641488495,2.8224025412408253,1.1906862365481379,1.1907147216939988,1.2561327369159245,1.1937349258003702,1.19376306947484,2.7391357036829853,2.7391652472933035,-0.0333439946740095,-0.0333721383484793,-0.08323729394752188,-0.08326683755784003,False,False,0.049838662258587726,0.09967732451717545,0.049806843364243264,0.09961368672848653
885,14.75,False,False,50.009853106746085,50.0,61.691152764456774,49.73034130102351,51.04131881695262,51.04051536144246,74.0,0.009853106746085416,2.791823008106094,2.819741238187155,2.7391504754881444,1.2608138761278802,2.677624064354815,1.2581619786528324,1.2281349729163322,2.819741238187155,1.1917003078424317,1.1917286799305191,1.256888103924621,1.1947323184164897,1.194760352360312,2.736556651991006,2.736585979861103,-0.03337462055602014,-0.03340265449984248,-0.08315525832605175,-0.0831845861961491,False,False,0.049806843364243264,0.09961368672848653,0.04977526046773183,0.09955052093546365
890,14.833333333333334,False,False,50.00505756889638,50.0,61.69149270068441,49.72561196148911,51.036230143301694,51.03543066316466,74.0,0.005057568896383202,2.789198154075871,2.81709013561663,2.7365713159260547,1.261534001698572,2.6759444090494875,1.2589101047886315,1.2291571573059719,2.81709013561663,1.1927088072537622,1.1927370673764282,1.2576354725906187,1.195724159115308,1.195752084361191,2.7339875079820994,2.7340166221578204,-0.03340507294478079,-0.03343299819066381,-0.08307351345880942,-0.08310262763453036,False,False,0.04977526046773183,0.09955052093546365,0.04974391180694153,0.09948782361388306
895,14.916666666666666,False,False,50.000330549628856,50.0,61.69187886178971,49.720950968052385,51.031210070351484,51.030414526437454,74.0,0.00033054962885614714,2.7865834264717346,2.814449260736452,2.73400206506996,1.2622466717471301,2.6742805511536982,1.2596503471499767,1.2301736268387777,2.814449260736452,1.193711742016623,1.1937398912467039,1.2583749654746954,1.196710456814582,1.1967382743769674,2.731428297770528,2.73145720027762,-0.033435352461810286,-0.03346317002419563,-0.08299206045883212,-0.0830209629659242,False,False,0.04974391180694153,0.09948782361388306,0.049712795602618334,0.09942559120523667
900,15.0,False,False,49.99567145216245,50.0,61.69231085735271,49.71635772154548,51.026258045146506,51.02546639889614,74.0,-0.004328547837552321,2.7839788513663746,2.8118186398800384,2.7314427490240742,1.262951998472722,2.67263216545985,1.2603828260809102,1.2311843916685303,2.8118186398800384,1.1947091199281878,1.1947371593194065,1.2591067027801275,1.1976912211937318,1.1977189320691788,2.7288790466076063,2.7289077394519157,-0.033465459599351544,-0.033493170474798495,-0.08291090042812277,-0.08293959327243217,False,False,0.049712795602618334,0.09942559120523667,0.04968191006040086,0.09936382012080172
905,15.083333333333334,False,False,49.99107967540368,50.0,61.69278829188031,49.711831619490354,51.02137350914821,51.02058572258183,74.0,-0.008920324596317641,2.781384453936329,2.8091982984756925,2.728893393029761,1.2636500919981912,2.6709989357544908,1.261107659644752,1.2321894624787728,2.8091982984756925,1.1957009494078261,1.1957288799952002,1.2598308024551899,1.198666462320873,1.1986940674884314,2.726339778852688,2.7263682640203593,-0.033495394990341376,-0.033523000157899885,-0.08283003445533321,-0.0828585196230045,False,False,0.04968191006040086,0.09936382012080172,0.04965125337269596,0.09930250674539191
910,15.166666666666666,False,False,49.9865546143738,50.0,61.69331076511306,49.707372054737895,51.016555899998444,51.0157719357054,74.0,-0.013445385626198458,2.778800258434088,2.8065882610184287,2.7263540214365234,1.2643410604199727,2.6693805545327667,1.2618249636810268,1.2331888505563893,2.8065882610184287,1.1966872394238,1.1967150622240297,1.2605473802224425,1.199636190981462,1.1996636914030394,2.7238105179471312,2.723838797404801,-0.03352515915334986,-0.03355265957492737,-0.08274946361362767,-0.08277774307129748,False,False,0.04965125337269596,0.09930250674539191,0.049620823720481225,0.09924164744096245
915,15.25,False,False,49.98209566062374,50.0,61.6938778723306,49.7029784165654,51.01180465056656,51.01102447169476,74.0,-0.01790433937625835,2.7762262881631528,2.8039885510447844,2.723824657675966,1.2650250098563482,2.66777672272255,1.2625348518604518,1.2341825677474572,2.8039885510447844,1.1976679995449468,1.197695715556798,1.261256549651944,1.2006004184203458,1.200627815041064,2.721291286391097,2.7213193620860876,-0.033554752706393076,-0.033582149327111344,-0.0826691889586968,-0.08269726465368743,False,False,0.049620823720481225,0.09924164744096245,0.04959061927502793,0.09918123855005587
920,15.333333333333334,False,False,49.97770220263665,50.0,61.6944892046544,49.6986500920634,51.00711919007046,51.00634276031604,74.0,-0.02229779736335047,2.773662565455872,2.801399191110431,2.7213053242385925,1.26570204449413,2.6661871494179303,1.2632374357380536,1.2351706263983853,2.801399191110431,1.1986432398954232,1.198670850100105,1.2619584221758942,1.2015591563999666,1.2015864501485125,2.7187821057229837,2.7188099795834875,-0.033584176249872755,-0.033611469998418686,-0.08258921152694354,-0.08261708538744728,False,False,0.04959061927502793,0.09918123855005587,0.04956063819950101,0.09912127639900202
925,15.416666666666666,False,False,49.97337362621811,50.0,61.695144349347615,49.694386465339285,51.00249894454547,51.00172622814266,74.0,-0.02662637378188748,2.771109111653895,2.798820202770434,2.718796042653236,1.2663722666338137,2.6646115516217526,1.2639328248045008,1.2361530394000602,2.798820202770434,1.1996129711388566,1.1996404765003883,1.2626531071618503,1.2025124172346138,1.2025396090235823,2.716282996501367,2.716310670436646,-0.033613430376477904,-0.03364062216544639,-0.08250953233378766,-0.08253720626906702,False,False,0.04956063819950101,0.09912127639900202,0.049530878650500265,0.09906175730100053
930,15.5,False,False,49.969109314873975,50.0,61.69584289011091,49.690186917633945,50.99794333685185,50.99717429856325,74.0,-0.030890685126024664,2.768565947091092,2.7962516065620027,2.7162968334690065,1.2670357767332838,2.663049653996894,1.2646211265357248,1.2371298201878471,2.7962516065620027,1.200577204483164,1.200604605948733,1.2633407120005815,1.2034602137705113,1.2034873044967396,2.7137939782892975,2.71382145418986,-0.033642515691107544,-0.03366960641733585,-0.08243015237214246,-0.0824576282727052,False,False,0.049530878650500265,0.09906175730100053,0.04950133877950113,0.09900267755900226
935,15.583333333333334,False,False,49.96490865017576,50.0,61.69658440737393,49.68605082927625,50.993451786878715,50.992686391985536,74.0,-0.035091349824242,2.766033091078793,2.7936934219895813,2.713807716239579,1.267692673450117,2.6615011886259814,1.2653024464408977,1.2381009826532956,2.7936934219895813,1.2015359516755773,1.2015632501758904,1.2640213420767852,1.2044025592611862,1.2044295498060822,2.7113150696408037,2.711342349378596,-0.03367143284721341,-0.03369842339210938,-0.08235107261098529,-0.08237835234877755,False,False,0.04950133877950113,0.09900267755900226,0.04947201673421281,0.09894403346842562
940,15.666666666666666,False,False,49.96077101211394,50.0,61.6973684785819,49.681977578532226,50.98902371257561,50.98826192686819,74.0,-0.03922898788606233,2.763510561893208,2.79114566751214,2.7113287095097,1.2683430536825466,2.659965894779266,1.265976888108837,1.2390665412030013,2.79114566751214,1.2024892249585557,1.2025164214081843,1.264695100871586,1.2053394675299907,1.2053663587598527,2.70884628808947,2.7088733735180566,-0.03370018244314865,-0.033727073673010644,-0.08227229399408342,-0.08229937942267007,False,False,0.04947201673421281,0.09894403346842562,0.04944291065988829,0.09888582131977658
945,15.75,False,False,49.95669577943895,50.0,61.6981946784766,49.67796654229502,50.98465852952255,50.9839003192912,74.0,-0.04330422056104766,2.7609983767649005,2.7886083605325496,2.708859830803763,1.268987012609141,2.65844351869038,1.2666445532528994,1.2400265107291761,2.7886083605325496,1.2034370370929284,1.203464132390643,1.2653620900211082,1.2062709528307571,1.2062977455970896,2.7063876501390003,2.7064145430937443,-0.03372876513208656,-0.033755557898419,-0.08219381743880527,-0.08222071039354928,False,False,0.04944291065988829,0.09888582131977658,0.04941401870053086,0.09882803740106172
950,15.833333333333334,False,False,49.952682329990296,50.0,61.699062579371706,49.674017097069736,50.98035565159055,50.97960098361637,74.0,-0.047317670009704216,2.7584965518701883,2.78608151738889,2.7064010966163723,1.2696246437272471,2.6569338133396925,1.2673055417544268,1.2409809065655009,2.78608151738889,1.2043794013298263,1.2044063963589244,1.2660224092725458,1.2071970298601522,1.2072237249999698,2.7039391712555716,2.703965873553818,-0.03375718156553109,-0.03378387670534866,-0.0821156438350723,-0.08214234613331861,False,False,0.04941401870053086,0.09882803740106172,0.04938533900006713,0.09877067800013425
955,15.916666666666666,False,False,49.94873004101333,50.0,61.69997175142191,49.67012861840232,50.976114491353044,50.975363332899065,74.0,-0.05126995898667275,2.756005102324358,2.7835651533476016,2.7039525224046947,1.2702560388902504,2.6554365382450245,1.2679599517048108,1.2419297445165558,2.7835651533476016,1.2053163313935864,1.2053432270222144,1.2666761566452351,1.2081177137957317,1.2081443121318616,2.7015008658619735,2.7015273793032235,-0.033785432384694225,-0.03381203072082406,-0.08203777404437806,-0.0820642874856281,False,False,0.04938533900006713,0.09877067800013425,0.04935686970338398,0.09871373940676796
960,16.0,False,False,49.94483828946485,50.0,61.70092176288564,49.66630048184009,50.97193446007639,50.971186778878845,74.0,-0.05516171053515251,2.753524042176575,2.781059282598341,2.7015141225825987,1.2708812883436937,2.653951459259451,1.268607879446213,1.2428730408136746,2.781059282598341,1.206247841483712,1.2062746385651832,1.2673234283720831,1.2090330202058222,1.209059522547198,2.6990727473333096,2.6990990736993985,-0.033813518266476494,-0.033840020607852406,-0.08196020889894262,-0.08198653526503152,False,False,0.04935686970338398,0.09871373940676796,0.04932860895742665,0.0986572179148533
965,16.083333333333332,False,False,49.94100645230669,50.0,61.70191218038101,49.662532062647244,50.96781496832551,50.967070732585306,74.0,-0.05899354769331211,2.751053384406396,2.77856391825046,2.699085910516354,1.271500480760306,2.6524783483759573,1.2692494196110138,1.2438108121296592,2.77856391825046,1.2071739462477316,1.20720064562083,1.2679643189727814,1.2099429651241018,1.2099693722660487,2.6966548279942657,2.6966809690495364,-0.033841439863610434,-0.03386784700555734,-0.08188294920092343,-0.08190909025619408,False,False,0.04932860895742665,0.0986572179148533,0.04930055491211219,0.09860110982422438
970,16.166666666666668,False,False,49.93723390678787,50.0,61.702942569134876,49.65882273674349,50.96375542588667,50.96301460426101,74.0,-0.062766093212133,2.748593140921769,2.7760790723309867,2.696667898521901,1.272113703273984,2.651016983538706,1.26988466516004,1.244743075534634,2.7760790723309867,1.208094660785344,1.208121263274628,1.2685989213416633,1.2108475649383805,1.2108738776629002,2.6942471191177737,2.6942730766092486,-0.033869197871733814,-0.03389551059625351,-0.08180599572173808,-0.08183195321321302,False,False,0.04930055491211219,0.09860110982422438,0.049272705721235224,0.09854541144247045
975,16.25,False,False,49.933520030715876,50.0,61.70401249322507,49.65517188070765,50.9597552424592,50.959017804053445,74.0,-0.06647996928412425,2.7461433225584417,2.773604755784026,2.694260097863511,1.2727210415127577,2.649567148460693,1.2705137074195998,1.2456698484960453,2.773604755784026,1.209010000616345,1.20903650703244,1.2692273267037764,1.2117468364547028,1.2117730555307427,2.6918496309250193,2.6918754065825725,-0.03389679296530268,-0.033923012041342515,-0.0817293492014537,-0.08175512485900693,False,False,0.049272705721235224,0.09854541144247045,0.049245059543370974,0.09849011908674195
980,16.333333333333332,False,False,49.92986420271662,50.0,61.705121515815215,49.6515788717726,50.955813827684516,50.95507974204402,74.0,-0.0701357972833776,2.743703939080677,2.7711409784714838,2.691862518753796,1.2733225796307939,2.6481286324475626,1.2711366361173995,1.2465911488786605,2.7711409784714838,1.2099199816789754,1.2099463928188636,1.269849624702738,1.2126407968601751,1.2126669230439047,2.6894623725866986,2.689487968123226,-0.03392422583475585,-0.0339503520184854,-0.08165301034825756,-0.08167860588478515,False,False,0.049245059543370974,0.09849011908674195,0.04921761454263492,0.09843522908526985
985,16.416666666666668,False,False,49.92626580248372,50.0,61.70626919938233,49.64804308811987,50.951930591374875,50.9511998284773,74.0,-0.07373419751628063,2.741274999183196,2.768687749175028,2.6894751703549624,1.273918400339468,2.6467012302273765,1.27175353941737,1.247506994929854,2.768687749175028,1.2108246203185806,1.2108509369658809,1.2704659033860937,1.2135294637216363,1.2135554977567045,2.6870853522254405,2.687110769337022,-0.0339514971731496,-0.03397753120821778,-0.08157697983800594,-0.0816023969495876,False,False,0.04921761454263492,0.09843522908526985,0.04919036888945631,0.09838073777891262
990,16.5,False,False,49.922724211017155,50.0,61.70745510593719,49.64456390947391,50.94810494369694,50.947377473944385,74.0,-0.07727578898284548,2.7388565104942706,2.766245075599213,2.6870980607812314,1.2745085849375366,2.645284741786118,1.2723645039534495,1.2484174052501749,2.766245075599213,1.2117239332780192,1.2117501562032655,1.2710762493371022,1.2144128549409463,1.2144387975587407,2.6847185769193183,2.6847438172853906,-0.033978607691434126,-0.034004550309228554,-0.0815012583138226,-0.08152649867989492,False,False,0.04919036888945631,0.09838073777891262,0.04916332076128064,0.09832664152256128
995,16.583333333333332,False,False,49.919238810851695,50.0,61.70867879723726,49.64114071768819,50.944336295610256,50.94361208982179,74.0,-0.08076118914830488,2.736448479579881,2.76381296437568,2.684731197102354,1.2750932133404527,2.643878972208748,1.2729696148623628,1.249322398763916,2.76381296437568,1.2126179376758377,1.2126440676367483,1.2716807475722363,1.215290988735338,1.21531684065524,2.682362052706379,2.682387117989896,-0.034005558108676004,-0.0340314100285779,-0.08142584638578398,-0.08145091166930074,False,False,0.04916332076128064,0.09832664152256128,0.04913646834324412,0.09827293668648825
1000,16.666666666666668,False,False,49.91580898627513,50.0,61.709939834992426,49.63777289517029,50.94062405923572,50.93990308863994,74.0,-0.08419101372486892,2.734050911948873,2.761391421068362,2.6823745853481373,1.2756723641088494,2.6424837315256,1.2735689558154428,1.2502219947926916,2.761391421068362,1.2135066509873738,1.2135326887291145,1.2722794817022534,1.2161638837619608,1.2161896456915868,2.680015784590118,2.680040676437711,-0.03403234910110475,-0.03405811103073075,-0.08135074463065095,-0.0813756364782443,False,False,0.04913646834324412,0.09827293668648825,0.04910980982878834,0.09821961965757668
1005,16.75,False,False,49.912434123536634,50.0,61.711237781063,49.63445982730114,50.9369676472435,50.936249883471305,74.0,-0.08756587646336556,2.73166381205905,2.7589804501796404,2.6800282305139147,1.2762461144762327,2.6410988345639392,1.274162609049518,1.2511162129377136,2.7589804501796404,1.2143900910712917,1.2144160373267336,1.272872533873624,1.2170315588644687,1.2170572314999164,2.6776797765458458,2.6777044965879915,-0.034058981437797176,-0.0340846540732449,-0.08127595359164896,-0.08130067363379467,False,False,0.04910980982878834,0.09821961965757668,0.04908334342023938,0.09816668684047876
1010,16.833333333333332,False,False,49.90911361104551,50.0,61.71257219765085,49.631200901155175,50.93336647415996,50.93265188923743,74.0,-0.09088638895448753,2.7292871833241183,2.7565800551573596,2.6776921365669186,1.2768145403759001,2.639724100804508,1.274750655396921,1.2520050731386527,2.7565800551573596,1.2152682761063385,1.2152941315963137,1.2734599848271047,1.21789403330992,1.217919617336001,2.675354031527856,2.6753785813790283,-0.034085455802651765,-0.03411103982873276,-0.08120147377833131,-0.08122602362950371,False,False,0.04908334342023938,0.09816668684047876,0.0490570673293534,0.0981141346587068
1015,16.916666666666668,False,False,49.905846839560695,50.0,61.71394264748294,49.6279955069832,50.92981995566643,50.9291085220078,74.0,-0.09415316043930488,2.726921028121446,2.7541902384026606,2.675366306453442,1.2773777164671283,2.6383593542428696,1.2753331743146274,1.2528885956000615,2.7541902384026606,1.2161412246214967,1.2161669900550427,1.2740419139563075,1.2187513265384688,1.2187768226289408,2.6730385514773793,2.6730629327362116,-0.03411177297112067,-0.034137269061592646,-0.08112730566644899,-0.0811516869252813,False,False,0.0490570673293534,0.0981141346587068,0.049030979777839406,0.09806195955567881
1020,17.0,False,False,49.90263320237083,50.0,61.715348693987835,49.62484303661516,50.926327509712976,50.92561920011394,74.0,-0.09736679762917078,2.724565347800562,2.7518110012785675,2.6730507421067955,1.2779357161606462,2.6370044232553953,1.2759102439125838,1.2537668008649507,2.7518110012785675,1.2170089554412022,1.2170346315158038,1.2746183992784155,1.2196034584211408,1.2196288672389348,2.6707333373312174,2.670757551580657,-0.034137933626015915,-0.03416334244380992,-0.08105344969791028,-0.08107766394735005,False,False,0.049030979777839406,0.09806195955567881,0.049005078997795465,0.09801015799559093
1025,17.083333333333332,False,False,49.89947209546568,50.0,61.71678990146488,49.62174288493256,50.92288855554426,50.922183343175156,74.0,-0.10052790453431726,2.7222201426923425,2.749442344119266,2.670745444455937,1.2784886116434264,2.6356591404697225,1.2764819409812402,1.2546397097412136,2.749442344119266,1.2178714877277914,1.2178970751296192,1.275189517507397,1.2204504489974706,1.2204757711949092,2.6684383890310537,2.668462437838518,-0.034163938546304395,-0.034189260743743066,-0.08097990628074792,-0.08100395508821245,False,False,0.049005078997795465,0.09801015799559093,0.04897936323217396,0.09795872646434792
1030,17.166666666666668,False,False,49.896362917698994,50.0,61.718265835246704,49.61869445010558,50.91950251478462,50.91880037318396,74.0,-0.10363708230100599,2.7198854121188405,2.7470842662400288,2.668450413434786,1.2790364739028135,2.6343233426395316,1.2770483410183158,1.2555073432869086,2.7470842662400288,1.218728840927604,1.2187543403317445,1.275755344068648,1.221292318604237,1.221317554823254,2.666153705533345,2.6661775904508724,-0.03418978846365461,-0.03421502468267157,-0.08090667578915633,-0.0809305607066837,False,False,0.04897936323217396,0.09795872646434792,0.048953830735201216,0.09790766147040243
1035,17.25,False,False,49.89330507094254,50.0,61.719776061854304,49.61569713290487,50.91616881132104,50.915469714388976,74.0,-0.10669492905746125,2.717561154403698,2.744736765947735,2.6661656479921088,1.2795793727500242,2.6329968705234927,1.2776095182548377,1.2563697228396906,2.744736765947735,1.2195810347729963,1.2196064468436811,1.2763159531136354,1.2221290878463051,1.2221542387186541,2.6638792848197923,2.663903007384195,-0.03421548412103648,-0.03424063499338548,-0.08083375856354014,-0.08085748112794278,False,False,0.048953830735201216,0.09790766147040243,0.048928479772701365,0.09785695954540273
1040,17.333333333333332,False,False,49.89029796023249,50.0,61.72132014914576,49.61275033754514,50.91288687132861,50.912190793320725,74.0,-0.10970203976751236,2.715247366883101,2.742399840551932,2.6638911461019936,1.2801173768430287,2.631679568768223,1.2781655456804681,1.2572268699726648,2.742399840551932,1.2204280892775408,1.220453414668364,1.2768714175784681,1.2229607775453308,1.222985843692795,2.661615123908291,2.6616386856413077,-0.0342410262798698,-0.034266092427333916,-0.08076115491062419,-0.08078471664364084,False,False,0.048928479772701365,0.09785695954540273,0.048903308622504645,0.09780661724500929
1045,17.416666666666668,False,False,49.887340993907564,50.0,61.722897666457946,49.609853471603465,50.90965612364448,50.908963039165556,74.0,-0.11265900609243573,2.712944045917229,2.740073486376401,2.661626904774799,1.280650553708847,2.6303712857951296,1.2787164950681587,1.2580788064943864,2.740073486376401,1.2212700247147517,1.2212952640688925,1.2774218091253262,1.2237874087692573,1.22381239080385,2.6593612188643836,2.6593846212728223,-0.034266415690536345,-0.034291397725129125,-0.08068886510357887,-0.08071226751201754,False,False,0.048903308622504645,0.09780661724500929,0.04887831557472935,0.0977566311494587
1050,17.5,False,False,49.88443358373967,50.0,61.724508184741865,49.60700594593445,50.906475999786025,50.90578588378406,74.0,-0.11556641626032871,2.710651186902165,2.737757698771187,2.659372920068603,1.2811789697652725,2.6290718736909913,1.2792624369981382,1.2589255544488607,2.737757698771187,1.2221068616132913,1.22213201556372,1.2779671983035314,1.224609002815142,1.2246339013393068,2.657117564813117,2.657140809389007,-0.034291653109553843,-0.03431655163371872,-0.08061688938217992,-0.08064013395806979,False,False,0.04887831557472935,0.0977566311494587,0.048853498932095306,0.09770699786419061
1055,17.583333333333332,False,False,49.88157514505697,50.0,61.726151276691446,49.60420717488937,50.903345934032366,50.90265876179254,74.0,-0.11842485494302935,2.7083687842822135,2.7354524721250355,2.657129187101062,1.2817026903420488,2.6277811881021464,1.279803440881282,1.2597671361008271,2.7354524721250355,1.2229386207490693,1.2229636899187608,1.278507654417763,1.2254255811962798,1.2254503968030837,2.6548841559512937,2.6549072441720303,-0.03431673929774348,-0.03434155490454738,-0.08054522795300523,-0.08056831617374183,False,False,0.048853498932095306,0.09770699786419061,0.04882885701017852,0.09765771402035704
1060,17.666666666666668,False,False,49.87876509685986,50.0,61.72782651686603,49.601456576838565,50.90026536356272,50.89958111070164,74.0,-0.12123490314014163,2.7060968315625966,2.7331577998782226,2.6548957000616618,1.2822217797015183,2.626499088132171,1.2803395749818633,1.2606035739063282,2.7331577998782226,1.2237653231345524,1.2237903081366865,1.2790432456891268,1.226237165604174,1.226261898877497,2.6526609855600856,2.652683918888572,-0.03434167502883123,-0.034366408302154206,-0.08047388098965058,-0.08049681431813704,False,False,0.04882885701017852,0.09765771402035704,0.04880438813767017,0.09760877627534034
1065,17.75,False,False,49.876002861929976,50.0,61.72953348180682,49.59875357438425,50.89723372879538,50.896552371255325,74.0,-0.123997138070024,2.7038353213224955,2.7308736745357205,2.652672452224329,1.282736301058757,2.6252254362429053,1.2808709064397215,1.2614348904979944,2.7308736745357205,1.2245869899985624,1.2246118914367226,1.2795740391819437,1.2270437779077086,1.2270684294224303,2.650448046017955,2.65047082590275,-0.03436646107556407,-0.03439111259028582,-0.08040284863297043,-0.08042562851776536,False,False,0.04880438813767017,0.09760877627534034,0.04878009065660149,0.09756018131320297
1070,17.833333333333332,False,False,49.873287866932365,50.0,61.73127175014727,49.596097592732264,50.89425047353471,50.89357198757817,74.0,-0.12671213306763462,2.701584245228397,2.728600087680681,2.650459435960353,1.2832463166012154,2.623960098158732,1.2813975012918677,1.262261108758621,2.728600087680681,1.2254036427749246,1.2254284612432924,1.280100100862319,1.2278454402668275,1.2278700105890077,2.6482453288138776,2.648267956689332,-0.03439109816961339,-0.03441566849179356,-0.08033213099134917,-0.08035475886680343,False,False,0.04878009065660149,0.09756018131320297,0.048755962922530274,0.09751192584506055
1075,17.916666666666668,False,False,49.87061954251124,50.0,61.73304090271755,49.59348806204643,50.89131504427589,50.89063940647993,74.0,-0.12938045748875737,2.6993435940477166,2.7263370299881937,2.6482566427516048,1.2837518875078866,2.6227029427739774,1.2819194244935388,1.263082251703445,2.7263370299881937,1.2262153031304839,1.2262400392140311,1.2806214956274289,1.2286421748854148,1.228666664572474,2.6460528245608113,2.646075301847209,-0.03441558713097104,-0.034440076818030185,-0.08026172814098453,-0.08028420542738246,False,False,0.048755962922530274,0.09751192584506055,0.04873200330474153,0.09746400660948305
1080,18.0,False,False,49.86799732337949,50.0,61.73484052264354,49.590924416735184,50.88842689142383,50.88775407867477,74.0,-0.1320026766205089,2.697113357662665,2.724084491239292,2.64606406320401,1.2842530739680105,2.6214538420633238,1.2824367399387278,1.263898342509574,2.724084491239292,1.2270219929033843,1.2270466471780581,1.281138287290878,1.2294340041992389,1.2294584138001283,2.643870523009391,2.643892851113093,-0.03443992870944568,-0.03446433831033513,-0.08019164012619884,-0.08021396822990079,False,False,0.04873200330474153,0.09746400660948305,0.04870821018641296,0.09741642037282593
1085,18.083333333333332,False,False,49.86542064840182,50.0,61.73667019543999,49.588406095043474,50.88558546881726,50.88491545830544,74.0,-0.1345793515981768,2.6948935250843387,2.721842460335182,2.643881687061242,1.2847499351993343,2.6202126709951457,1.28294951048021,1.2647094045307041,2.721842460335182,1.22782373412062,1.2278483071535256,1.281650538655913,1.2302209507899362,1.2302452808453124,2.641698413061845,2.641720593375417,-0.034464123685391757,-0.03448845374076792,-0.08012186695976498,-0.08014404727333702,False,False,0.04870821018641296,0.09741642037282593,0.04868458196472493,0.09736916392944986
1090,18.166666666666668,False,False,49.862888960672514,50.0,61.73852950909859,49.58593253925633,50.88279023386981,50.88212300308436,74.0,-0.13711103932748614,2.6926840844669933,2.719610925311663,2.641709503218631,1.285242529465943,2.6189793074476397,1.2834577979490693,1.2655154612824027,2.719610925311663,1.2286205489866315,1.2286450413362113,1.2821583115007797,1.2310030374119039,1.2310272884542934,2.6395364827860597,2.6395585166884183,-0.03448817282810923,-0.0345124238704988,-0.08005240862324481,-0.08007444252560347,False,False,0.04868458196472493,0.09736916392944986,0.0486611170510478,0.0973222341020956
1095,18.25,False,False,49.860401707587094,50.0,61.74041805417057,49.583503196206614,50.880040647511315,50.879376174235176,74.0,-0.13959829241290578,2.690485023122489,2.717389873353714,2.639547499737239,1.285730914095675,2.617753632127677,1.283961663173759,1.266316536412678,2.717389873353714,1.2294124598812006,1.2294368720974067,1.2826616665640813,1.2317802869313141,1.2318044594852757,2.6373847194298183,2.6374066082863568,-0.034512076927402324,-0.03453624948136391,-0.07998326506735731,-0.08000515392389573,False,False,0.0486611170510478,0.0973222341020956,0.048637813871001426,0.09727562774200285
1100,18.333333333333332,False,False,49.85795834090878,50.0,61.742335423844494,49.58111751778093,50.877336174551125,50.87667443685597,74.0,-0.14204165909121969,2.6882963275348724,2.7151792908102212,2.6373956638580873,1.2862151454971322,2.6165355284922556,1.2844611659987015,1.2671126536725479,2.7151792908102212,1.230199489337499,1.2302238219619672,1.2831606636472772,1.2325527223158803,1.2325768168981674,2.6352431094351507,2.6352648545978794,-0.034535836774380435,-0.03455993135666757,-0.07991443621234184,-0.07993618137507053,False,False,0.048637813871001426,0.09727562774200285,0.04861467086457597,0.09722934172915194
1105,18.416666666666668,False,False,49.855558316829594,50.0,61.74428121401888,49.57877495897688,50.874676283913544,50.87401726015503,74.0,-0.14444168317040607,2.686117983375081,2.7129791632088316,2.635253982016515,1.2866952791763058,2.6153248826724864,1.2849563653024467,1.2679038370043327,2.7129791632088316,1.2309816600260706,1.231005913592284,1.2836553615707544,1.2333203667766537,1.2333443838963671,2.633111638452808,2.6331332412604813,-0.0345594531079656,-0.03458347022767905,-0.07984592194835027,-0.07986752475602366,False,False,0.04861467086457597,0.09722934172915194,0.048591686486205425,0.09718337297241085
1110,18.5,False,False,49.85320109602648,50.0,61.7462550233703,49.5764749802434,50.87206044779691,50.87140411660985,74.0,-0.1467989039735187,2.6839499755157425,2.7107894752709,2.6331224398566446,1.2871713697528202,2.614121583400015,1.2854473190154003,1.2686901104239314,2.7107894752709,1.231758994789264,1.2317831698227182,1.284145818188472,1.2340832435046643,1.2341071836634085,2.6309902913568104,2.6310117531350596,-0.03458292676052288,-0.034606866919267176,-0.07977772213584045,-0.07979918391408969,False,False,0.048591686486205425,0.09718337297241085,0.048568859204842225,0.09713771840968445
1115,18.583333333333332,False,False,49.850886143712515,50.0,61.7482564534167,49.57421704675973,50.869488142892365,50.868834483186006,74.0,-0.1491138562874852,2.6817922880460543,2.7086102109265147,2.6310010222459352,1.2876434709758164,2.6129255219357734,1.2859340841371425,1.2694714980502522,2.7086102109265147,1.2325315165790227,1.232555613597387,1.284632090475816,1.2348413758682595,1.2348652395602904,2.62887905225906,2.6289003743205233,-0.034606258489961794,-0.034630122181992684,-0.0797098366059914,-0.0797311586674545,False,False,0.048568859204842225,0.09713771840968445,0.048546187504004266,0.09709237500800853
1120,18.666666666666668,False,False,49.84861292968348,50.0,61.750285108576385,49.57200062771488,50.86695884984454,50.866307840797994,74.0,-0.15138707031651677,2.6796449042867203,2.7064413533295877,2.6288897132897917,1.2881116357394806,2.6117365920010207,1.2864167167533413,1.2702480241346439,2.7064413533295877,1.2332992484770877,1.2333232679903612,1.2851142344271012,1.235594787344335,1.2356185750567052,2.6267779045240283,2.6267990881684766,-0.034629449077938634,-0.03465323679030896,-0.07964226516111106,-0.07966344880555942,False,False,0.048546187504004266,0.09709237500800853,0.0485236698818257,0.0970473397636514
1125,18.75,False,False,49.84638092835993,50.0,61.75234059622277,49.569825197115584,50.86447205324136,50.86382367429913,74.0,-0.1536190716400725,2.6775078068049285,2.7042828848729776,2.6267884963462524,1.28857591609823,2.6105546897105496,1.2868952720522846,1.271019713016749,2.7042828848729776,1.2340622136903927,1.2340861562010563,1.285592305201999,1.2363435014899424,1.2363672137026493,2.6246868307834363,2.6247078772979027,-0.03465249931409975,-0.034676211526806666,-0.07957500757507496,-0.07959605408954129,False,False,0.0485236698818257,0.0970473397636514,0.04850130485107899,0.09700260970215797
1130,18.833333333333332,False,False,49.844189618824856,50.0,61.754422526734814,49.567690233676196,50.86202724182812,50.86138147269566,74.0,-0.15581038117514368,2.675380977429352,2.702134787203646,2.6246973540406695,1.2890363632815667,2.6093797135080226,1.2873698043410347,1.2717865891245037,2.702134787203646,1.2348204355358858,1.2348443015390556,1.2860663570230373,1.2370875419585772,1.237111179144696,2.622605812950995,2.6226267236098977,-0.03467540997980767,-0.03469904716592653,-0.07950806359374818,-0.07952897425265082,False,False,0.04850130485107899,0.09700260970215797,0.048479090939193274,0.09695818187838655
1135,18.916666666666668,False,False,49.8420384848573,50.0,61.75653051354355,49.565595221319306,50.859623908520646,50.858980729160024,74.0,-0.15796151514270207,2.673264397265165,2.6999970412378165,2.6226162682804466,1.2894930277086143,2.6082115641033257,1.287840367061222,1.2725486769447072,2.6999970412378165,1.235573937434788,1.2355977274183578,1.2865364433073865,1.2378269324453255,1.2378504950711537,2.6205348322371074,2.6205556083023764,-0.034698181873553446,-0.0347217444993817,-0.07944143293544004,-0.0794622090007091,False,False,0.048479090939193274,0.09695818187838655,0.04845702668826001,0.09691405337652002
1140,19.0,False,False,49.83992701496206,50.0,61.75866417317496,49.563539647843456,50.85726155070696,50.856620941332665,74.0,-0.16007298503794232,2.6711580467090403,2.697869627176131,2.620545220269742,1.2899459590023348,2.607050144411898,1.2883070128044831,1.2733060010818826,2.697869627176131,1.2363227428932695,1.2363464573380565,1.2870026165790023,1.238561696809103,1.2385851853342893,2.618473869163594,2.618494511884792,-0.03472081574759334,-0.034744304272779525,-0.0793751152913389,-0.07939575801253707,False,False,0.04845702668826001,0.09691405337652002,0.04843511065505679,0.09687022131011358
1145,19.083333333333332,False,False,49.837854702395376,50.0,61.760823125288745,49.56152300634022,50.85493966959662,50.854301610671314,74.0,-0.16214529760462426,2.6690619054641425,2.695752524518784,2.618484190524193,1.2903952060034516,2.6058953594959555,1.2887697933275641,1.2740585861847014,2.695752524518784,1.2370668755278798,1.2370905149077651,1.28746492854184,1.239291858888609,1.2393152737662885,2.616422903578364,2.616443414192812,-0.034743312418412886,-0.034766727296092315,-0.07930911032597221,-0.07932962094041995,False,False,0.04843511065505679,0.09687022131011358,0.04841334141099742,0.09682668282199484
1150,19.166666666666668,False,False,49.835821045187146,50.0,61.76300699271394,49.55954479477813,50.852657771004154,50.85202224323462,74.0,-0.16417895481285427,2.6669759525550734,2.6936457120806243,2.616433158885588,1.290840816784073,2.604747116507544,1.2892287595670902,1.274806456960696,2.6936457120806243,1.2378063590235944,1.2378299238056614,1.2879234300798545,1.2400174426311898,1.240040784308109,2.6143819146700675,2.6144022944029612,-0.03476567265258712,-0.03478901432950621,-0.07924341767766307,-0.07926379741055678,False,False,0.04841334141099742,0.09682668282199484,0.048391717542141374,0.09678343508428275
1155,19.25,False,False,49.83382554615957,50.0,61.76521540148083,49.55760451589231,50.8504153649993,50.84978234933247,74.0,-0.1661744538404335,2.6649001663427816,2.6915491680062096,2.614392104536514,1.2912828386610344,2.6036053246333593,1.2896839616540188,1.2755496381762623,2.6915491680062096,1.2385412171451065,1.2385647077897748,1.2883781712862856,1.2407384720183023,1.2407617409349492,2.612350880982691,2.61237113104722,-0.03478789724131315,-0.03481116615795998,-0.0791780369589894,-0.07919828702351861,False,False,0.048391717542141374,0.09678343508428275,0.04837023764915703,0.09674047529831406
1160,19.333333333333332,False,False,49.831867712942355,50.0,61.767447980849745,49.55570167707459,50.84821196607959,50.84758144369853,74.0,-0.16813228705764516,2.662834524539415,2.6894628697848093,2.6123610060149556,1.291721318208962,2.602469895041273,1.2901354489277794,1.2762881546566587,2.6894628697848093,1.2392714737235864,1.2392948906847445,1.2888292014343734,1.2414549711084613,1.2414781676991846,2.6103297804300936,2.6103499020275667,-0.03480998695747406,-0.03483318354819742,-0.07911296775724264,-0.07913308935471575,False,False,0.04837023764915703,0.09674047529831406,0.04834890034727343,0.09669780069454686
1165,19.416666666666668,False,False,49.82994705798492,50.0,61.76970436333654,49.55383579056908,50.84604709299285,50.84541904531299,74.0,-0.17005294201508292,2.6607790042231017,2.6873867942653327,2.6103398412288303,1.292156301273068,2.6013407408285043,1.2905832699501145,1.27702203127129,2.6873867942653327,1.23999715265991,1.2400204963850425,1.2892765690359285,1.2421669639896635,1.2421900886827966,2.6083185903104726,2.6083385846304266,-0.034831942588493536,-0.03485506728162657,-0.07904820963490611,-0.07906820395486003,False,False,0.04834890034727343,0.09669780069454686,0.04832770426625949,0.09665540853251899
1170,19.5,False,False,49.82806309856536,50.0,61.77198418473526,49.552006373362836,50.84392026889753,50.84329467756286,74.0,-0.17193690143464124,2.6587335818526583,2.6853209176711847,2.6083285874704494,1.292587832981686,2.6002177769713812,1.2910274725186295,1.2777512929337083,2.6853209176711847,1.2407182779120223,1.2407415488423381,1.2897203218559754,1.242874474806765,1.2428975280247416,2.6063172873207527,2.6063371555410724,-0.034853764908966633,-0.03487681812694321,-0.07898376213011238,-0.07900363035043201,False,False,0.04832770426625949,0.09665540853251899,0.04830664805036085,0.0966132961007217
1175,19.583333333333332,False,False,49.82621535679659,50.0,61.77428708413772,49.55021294799184,50.84183102128746,50.84120786816675,74.0,-0.1737846432034118,2.65669823328221,2.683265215615032,2.6063272214309126,1.2930159577585523,2.5991009202766335,1.291468103680055,1.278475964557465,2.683265215615032,1.2414348734933962,1.2414580720639516,1.290160506883467,1.243577527677569,1.24360050983704,2.6043258475708844,2.6043455908579167,-0.03487545472042508,-0.03489843687989613,-0.07891962475711534,-0.0789393680441477,False,False,0.04830664805036085,0.0966132961007217,0.04828573035824608,0.09657146071649216
1180,19.666666666666668,False,False,49.82440335962947,50.0,61.77661270395038,49.548455041212534,50.839778882443184,50.83915814962644,74.0,-0.1755966403705287,2.654672933775714,2.681219663113471,2.6043357192144008,1.2934407193348378,2.597990089334172,1.2919052097432442,1.279196071114975,2.681219663113471,1.2421469634467357,1.2421700900865547,1.290597170375213,1.2442761468318604,1.2442990583438054,2.602344246598033,2.6023638661067032,-0.03489701277116963,-0.034919924283114634,-0.07885579700676759,-0.07887541651543772,False,False,0.04828573035824608,0.09657146071649216,0.04826494986292256,0.09652989972584512
1185,19.75,False,False,49.822626638853755,50.0,61.77896068990862,49.546732184504286,50.837763388745884,50.83714505854071,74.0,-0.1773733611462447,2.6526576580213868,2.6791842346016006,2.602354056352368,1.2938621607609453,2.596885204471291,1.292338836291888,1.279911637608084,2.6791842346016006,1.2428545718712232,1.2428776270034152,1.2910303578851654,1.244970356485668,1.2449931977555093,2.6003724593807056,2.6003919562546254,-0.03491843985257459,-0.0349412811224159,-0.07879227834697522,-0.078811775220895,False,False,0.04826494986292256,0.09652989972584512,0.04824430525172799,0.09648861050345597
1190,19.833333333333332,False,False,49.82088473109585,50.0,61.78133069108832,49.54504391457181,50.83578408103536,50.835168135963514,74.0,-0.1791152689041482,2.650652380146014,2.677158903947474,2.6003822078176655,1.2942803244180698,2.595786187708261,1.2927690281969832,1.280622689038637,2.677158903947474,1.243557722900678,1.2435807069425546,1.2914601142351332,1.2456601808684626,1.2456829522961692,2.5984104603527043,2.5984298357242857,-0.03493973674246775,-0.03496250817017432,-0.07872906822318848,-0.07874844359476985,False,False,0.04824430525172799,0.09648861050345597,0.04822379522617508,0.09644759045235016
1195,19.916666666666668,False,False,49.81917717781467,50.0,61.78372235991517,49.54338977323831,50.83384050469456,50.83322692748841,74.0,-0.18082282218532697,2.648657073729145,2.6751436444664365,2.598420148038495,1.294695252029532,2.5946929627152455,1.2931958296290451,1.2813292504084803,2.6751436444664365,1.2442564406945984,1.24427935405779,1.2918864835294244,1.246345644207352,1.2463683461875485,2.5964582234170166,2.596477478407583,-0.03496090422093179,-0.03498360620112839,-0.07866616605885346,-0.07868542104941989,False,False,0.04822379522617508,0.09644759045235016,0.048203418501937066,0.09640683700387413
1200,20.0,False,False,49.81750352529503,50.0,61.78613535217162,49.54176930642573,50.83193220971628,50.83132098331558,74.0,-0.1824964747049691,2.6466717118171665,2.673138428935338,2.5964678509123,1.2951069846718908,2.593605454770513,1.2936192840700687,1.2820313467636062,2.673138428935338,1.2449507494300747,1.2449735925206349,1.2923095092280619,1.2470267708041152,1.247049403726185,2.5945157219595516,2.5945348576794465,-0.03498194303742119,-0.035004575959491024,-0.07860357125589168,-0.07862270697578655,False,False,0.048203418501937066,0.09640683700387413,0.048183173808747405,0.09636634761749481
1205,20.083333333333332,False,False,49.81586332463862,50.0,61.78856932700155,49.54018206557311,50.830058750207876,50.82944985775632,74.0,-0.1841366753613798,2.644696266937245,2.6711432296066175,2.594525289819499,1.2955155627858421,2.5925235907198894,1.2940394343252617,1.2827290031205758,2.6711432296066175,1.2456406733202174,1.2456634465387364,1.2927292340882106,1.2477035848772824,1.2477261491254688,2.5925829288627593,2.5926019464114534,-0.03500285399510705,-0.035025418243293416,-0.07854128319516418,-0.07856030074385822,False,False,0.048183173808747405,0.09636634761749481,0.04816305989028119,0.09632611978056238
1210,20.166666666666668,False,False,49.81425613175328,50.0,61.79102394691294,49.5386276066185,50.82821968509787,50.827613109939946,74.0,-0.18574386824671762,2.6427307111111324,2.6691580182222436,2.5925924376371063,1.2959210261869067,2.591447298937414,1.2944563225345376,1.2834222445106662,2.6691580182222436,1.2463262365759995,1.246348940317708,1.2931457001934632,1.2483761107212603,1.248398606674766,2.590659816519107,2.5906787169853063,-0.03502363783590012,-0.03504613378940591,-0.07847930123693736,-0.0784982017031366,False,False,0.04816305989028119,0.09632611978056238,0.048143075504113245,0.09628615100822649
1215,20.25,False,False,49.81268150733998,50.0,61.79349887777847,49.53710549020025,50.82641457751641,50.82581030319411,74.0,-0.18731849266001888,2.6407750158688357,2.667182766027524,2.5906692667522067,1.2963234140759146,2.5903765092871556,1.294869990183786,1.2841110959651543,2.667182766027524,1.2470074634306174,1.2470300980854934,1.293558949012413,1.2490443725916631,1.2490668006247485,2.5887463568444273,2.5887651413061805,-0.03504429534040576,-0.03506672337349115,-0.0784176247213435,-0.07843640918309669,False,False,0.048143075504113245,0.09628615100822649,0.048123219421581064,0.09624643884316213
1220,20.333333333333332,False,False,49.81113901687813,50.0,61.795993788834245,49.53561528216363,50.82464299509416,50.824041005343986,74.0,-0.18886098312187016,2.638829152262139,2.6652174437847607,2.588755749075304,1.2967227650492872,2.589311153086149,1.29528047811592,1.2847955824858854,2.6652174437847607,1.2476843781206222,1.2477069440734891,1.293969021325438,1.2497083947261247,1.2497307552082006,2.5868425212911093,2.58686119081591,-0.035064827277684785,-0.03508718775976072,-0.07835625296885063,-0.07837492249365141,False,False,0.048123219421581064,0.09624643884316213,0.048103490427717215,0.09620698085543443
1225,20.416666666666668,False,False,49.80962823060892,50.0,61.79850835267663,49.53415655285024,50.822904510027904,50.82230478877767,74.0,-0.1903717693910778,2.636893090877982,2.663262021786762,2.5868518560535096,1.2971191171091327,2.588251163068419,1.2956878265417164,1.2854757290747056,2.663262021786762,1.2483570048780765,1.2483795025087068,1.294375957327202,1.2503682013775246,1.2503904946732491,2.58494828086116,2.584966836506053,-0.0350852344014565,-0.03510752769718106,-0.07829518528070922,-0.07831374092560228,False,False,0.048103490427717215,0.09620698085543443,0.04808388732111793,0.09616777464223586
1230,20.5,False,False,49.80814872351721,50.0,61.80104224525753,49.532728877302105,50.82119869883342,50.820601230199316,74.0,-0.19185127648278666,2.634966801851677,2.6613164698701937,2.584957558683606,1.2975125076731429,2.587196473350044,1.296092075050439,1.2861515607187448,2.6613164698701937,1.2490253679375067,1.2490477976207168,1.2947797965387964,1.2510238167720413,1.2510460432414083,2.5830636061190915,2.583082048930775,-0.03510551747733648,-0.03512774394670348,-0.07823442093941857,-0.07825286375110219,False,False,0.04808388732111793,0.09616777464223586,0.048064408913870475,0.09612881782774095
1235,20.583333333333332,False,False,49.806700075311525,50.0,61.80359514587789,49.531331835162234,50.81952514243189,50.81892991071551,74.0,-0.1932999246884748,2.6330502548799797,2.6593807574287793,2.5830728275249335,1.297902973584313,2.5861470193952414,1.2964932626202654,1.2868231023904173,2.6593807574287793,1.2496894915271748,1.2497118536329215,1.2951805779102417,1.2516752651333016,1.2516974251317305,2.581188467204679,2.581206798219607,-0.03512567725868676,-0.03514783725711568,-0.07817395920917214,-0.07819229022410035,False,False,0.048064408913870475,0.09612881782774095,0.04804505403140728,0.09609010806281457
1240,20.666666666666668,False,False,49.80528187040285,50.0,61.80616673717967,49.529965011792804,50.817883426066004,50.81729041575143,74.0,-0.19471812959714896,2.6311434192339966,2.6574548534263367,2.581197632712143,1.298290551120478,2.5851027379834246,1.2968914276285115,1.2874903789885594,2.6574548534263367,1.2503493998684272,1.2503716947619,1.2955783397765572,1.2523225705776755,1.2523446644561,2.5793228338455454,2.579341054090027,-0.035145714532459404,-0.03516780841088396,-0.07811379933630969,-0.0781320195807913,False,False,0.04804505403140728,0.09609010806281457,0.048025821512437554,0.09605164302487511
1245,20.75,False,False,49.80389369788183,50.0,61.80875670513645,49.52862799574422,50.81627313986232,50.81568233561332,74.0,-0.19610630211816726,2.6292462637719325,2.655538726409652,2.5793319439677864,1.2986752760036735,2.584063567177201,1.2972866078616652,1.2881534154561542,2.655538726409652,1.2510051171445957,1.2510273451863099,1.2959731199016915,1.2529657573560113,1.252987785460964,2.577466675369588,2.5774847858598906,-0.03516562999519035,-0.035187658100142905,-0.07805394054976134,-0.07807205104006387,False,False,0.048025821512437554,0.09605164302487511,0.04800671020880768,0.09601342041761536
1250,20.833333333333332,False,False,49.80253515149456,50.0,61.81136473904251,49.52732038139628,50.814693877568594,50.81410526422577,74.0,-0.19746484850544022,2.6273587569516708,2.6536323445211876,2.577475730614739,1.2990571834093245,2.583029446291297,1.2976788405252322,1.2888122366478911,2.6536323445211876,1.2516566675560716,1.2516788291019574,1.2963649554199492,1.2536048495099257,1.2536268121836207,2.5756199607172525,2.5756379624596972,-0.03518542446427042,-0.03520738713796545,-0.07799438206149034,-0.07801238380393505,False,False,0.04800671020880768,0.09601342041761536,0.047987718985381185,0.09597543797076237
1255,20.916666666666668,False,False,49.801205829617274,50.0,61.81399053150079,49.526041767342086,50.81314523797959,50.81255880055763,74.0,-0.19879417038272607,2.625480866843192,2.651735675511624,2.5756289615884747,1.2994363079752687,2.5820003158623517,1.298068162253399,1.289466867403744,2.651735675511624,1.2523040752485528,1.252326170650045,1.2967538829677778,1.254239871183585,1.2542617687640027,2.573782658453634,2.573800552444696,-0.035205098639741195,-0.03522699622015901,-0.07793512306692785,-0.07795301705799007,False,False,0.047987718985381185,0.09597543797076237,0.04796884671994554,0.09593769343989109
1260,21.0,False,False,49.7999053352299,50.0,61.81663377840947,49.52479175690198,50.81162682382284,50.811042547507896,74.0,-0.20009466477009852,2.6236125611408223,2.6498486867522306,2.573791605449165,1.2998126838106132,2.580976117619575,1.2984546091185087,1.2901173325195396,2.6498486867522306,1.2529473643612254,1.2529693939653452,1.2971399385666247,1.2548708463982088,1.2548926792191744,2.5719547367804148,2.5719725240068203,-0.03522465330036528,-0.035246486121330856,-0.07787616274541032,-0.07789394997181587,False,False,0.04796884671994554,0.09593769343989109,0.047950092303097165,0.09590018460619433
1265,21.083333333333332,False,False,49.79863327588821,50.0,61.8192941789473,49.52356995772668,50.810138242401194,50.80955611254825,74.0,-0.2013667241117929,2.6217538071753115,2.647971345247065,2.5719636303936175,1.3001863445044364,2.5799567944562254,1.2988382166403754,1.2907636567616738,2.647971345247065,1.253586558992068,1.2536085231415066,1.2975231576815078,1.2554977992049068,1.2555195675961695,2.570136163547641,2.570153844986461,-0.035244089165504366,-0.03526585755676703,-0.07781750026060363,-0.07783518169942383,False,False,0.047950092303097165,0.09590018460619433,0.04793145463808583,0.09586290927617167
1270,21.166666666666668,False,False,49.79738926369513,50.0,61.821971435558254,49.52237598231309,50.808679105053415,50.80809910718353,74.0,-0.20261073630486948,2.619904571925741,2.6461036176449984,2.570145004267051,1.3005573231343255,2.5789422904018915,1.299219019795419,1.2914058648376796,2.6461036176449984,1.2542216832190174,1.2542435822522264,1.2979035752795882,1.2561207535509908,1.2561424578382991,2.568326906265316,2.568344482884066,-0.035263406999380464,-0.035285111286688764,-0.07775913476093255,-0.07777671137968234,False,False,0.04793145463808583,0.09586290927617167,0.04791293264072471,0.09582586528144942
1275,21.25,False,False,49.79617291527115,50.0,61.824665253934604,49.52120944760955,50.80724902761964,50.8066711474176,74.0,-0.20382708472885014,2.6180648220312603,2.644245470251573,2.568335694574691,1.3009256522747699,2.5779325505955417,1.299597053025633,1.2920439814109432,2.644245470251573,1.2548527610737292,1.2548745953249905,1.298281225756955,1.2567397333797856,1.2567613738849657,2.5665269321148516,2.5665444048715798,-0.03528260752597756,-0.035304248031157615,-0.07770106537999322,-0.07771853813672136,False,False,0.04791293264072471,0.09582586528144942,0.047894525239269625,0.09578905047853925
1280,21.333333333333332,False,False,49.79498385172359,50.0,61.82737534299948,49.52006997523005,50.80584763008835,50.80527185340011,74.0,-0.2050161482764068,2.616234523802649,2.6423968690406756,2.5665356684932155,1.3012913640054005,2.576927521259322,1.299972350247396,1.2926780310859887,2.6423968690406756,1.2554798165540533,1.2555015863535635,1.2986561429971972,1.2573547625502364,1.2573763395912634,2.56473620796031,2.564753577803697,-0.035301691494725285,-0.035323268535752295,-0.07764329123697866,-0.0776606610803654,False,False,0.047894525239269625,0.09578905047853925,0.04787623137427747,0.09575246274855494
1285,21.416666666666668,False,False,49.79382169861523,50.0,61.830101414888254,49.518957191061915,50.80447453683268,50.803900849662796,74.0,-0.20617830138476734,2.6144136432337057,2.6405577796660427,2.5647448928820036,1.3016544899190836,2.575927149673078,1.3003449448601168,1.2933080384231925,2.6405577796660427,1.2561028736087176,1.2561245792826667,1.2990283603567605,1.2579658649059404,1.2579873787970115,2.5629547003595214,2.562971968228966,-0.03532065962618103,-0.03534217351725211,-0.07758581143707666,-0.07760307930652122,False,False,0.04787623137427747,0.09575246274855494,0.047858049998500664,0.09571609999700133
1290,21.5,False,False,49.792686085931955,50.0,61.832843184929295,49.51787072517882,50.80312937629004,50.802557764799396,74.0,-0.20731391406804534,2.6126021460124598,2.638728167472584,2.5629633342942437,1.3020150611298726,2.574931384149577,1.30071486975473,1.2939340279387852,2.638728167472584,1.2567219561483782,1.256743598019021,1.2993979107088762,1.2585730642352013,1.2585945152868063,2.561182375574981,2.5611995424006966,-0.03533951265197888,-0.03536096370358388,-0.07752862507188762,-0.07754579189760324,False,False,0.047858049998500664,0.09571609999700133,0.04783998007674478,0.09567996015348956
1295,21.583333333333332,False,False,49.791576648049926,50.0,61.83560037162373,49.51681021236182,50.801811780987755,50.80124223149118,74.0,-0.20842335195007422,2.6107999975322147,2.636907997507537,2.5611909589878388,1.30237310828082,2.573940174010403,1.301082157322035,1.2945560240754186,2.636907997507537,1.257337088040367,1.2573586664260992,1.2997648263996326,1.2591763842486992,1.2591977727676897,2.559419199584623,2.559436266287728,-0.03535825130772885,-0.03537963982671943,-0.07747173121980877,-0.07748879792291374,False,False,0.04783998007674478,0.09567996015348956,0.04782202058577528,0.09564404117155056
1300,21.666666666666668,False,False,49.79049302370171,50.0,61.838372696624695,49.51577529231787,50.80052138772925,50.79995388669312,74.0,-0.20950697629829307,2.6090071629024107,2.6350972345314347,2.5594277329361756,1.3027286615516531,2.572953469562511,1.3014468394608925,1.2951740511874505,2.6350972345314347,1.2579482930959138,1.257969808311345,1.300129139306546,1.2597758485696515,1.2597971748593093,2.557665138092381,2.5576821055849837,-0.03537687632814124,-0.035398202617799024,-0.07741512894645108,-0.07743209643905358,False,False,0.04782202058577528,0.09564404117155056,0.0478041705141412,0.0956083410282824
1305,21.75,False,False,49.789434855942176,50.0,61.84115988471568,49.5147656077749,50.79925783769952,50.79869237173954,74.0,-0.21056514405782423,2.607223606959314,2.6332958430289075,2.557673621838682,1.3030817506663142,2.5719712220754136,1.3018089475862678,1.2957881336292394,2.6332958430289075,1.2585555950612166,1.258577047417238,1.3004908807946323,1.2603714808754323,1.260392745235534,2.5559201565386114,2.5559370257239054,-0.035395388393705485,-0.03541665275380712,-0.07735881730500216,-0.07737568649029614,False,False,0.0478041705141412,0.0956083410282824,0.047786428862108626,0.09557285772421725
1310,21.833333333333332,False,False,49.78840179211354,50.0,61.843961663788484,49.51378080682754,50.798020775567394,50.797457331446346,74.0,-0.21159820788646044,2.6054492942765313,2.631503787219297,2.5559285911312584,1.3034324049003725,2.570993383758978,1.3021685126371385,1.2963982956374185,2.631503787219297,1.2591590176560328,1.2591804074598916,1.300850081789622,1.2609633046343673,1.2609845073612518,2.554184220110311,2.5542009918826563,-0.0354137882761667,-0.03543499100305114,-0.07730279533664053,-0.07731956710898569,False,False,0.047786428862108626,0.09557285772421725,0.04776879464148988,0.09553758928297976
1315,21.916666666666668,False,False,49.78739348380993,50.0,61.84677776482036,49.51282054194489,50.79680985065738,50.79624841528292,74.0,-0.2126065161900712,2.603684189175351,2.6297210310671044,2.5541926059964837,1.3037806530883065,2.570019907741825,1.302525565084263,1.2970045613750427,2.6297210310671044,1.2597585845144315,1.2597799120697952,1.301206772734031,1.2615513433257,1.2615724847123289,2.5524572937512047,2.5524739689962215,-0.03543207666271386,-0.03545321804934276,-0.07724706207088294,-0.07726373731589975,False,False,0.04776879464148988,0.09553758928297976,0.04775126687553163,0.09550253375106325
1320,22.0,False,False,49.7864095868416,50.0,61.8496079218508,49.51188446867716,50.79562471622391,50.7950652766464,74.0,-0.21359041315839988,2.6019282557349075,2.627947538292257,2.552465631373713,1.3041265236306583,2.5690507480502953,1.302880134937808,1.2976069549904514,2.627947538292257,1.2603543192153608,1.2603755848223837,1.3015609835871602,1.262135620403139,1.2621567007391623,2.5507393421716187,2.5507559217662674,-0.035450254251289115,-0.03547133458731233,-0.07719161652598938,-0.07720819612063812,False,False,0.04775126687553163,0.09550253375106325,0.04773384459880145,0.0954676891976029
1325,22.083333333333332,False,False,49.78544976119859,50.0,61.852451871957776,49.510972247700295,50.79446502913067,50.793907572541045,74.0,-0.214550238801408,2.600181457802176,2.6261832723801977,2.5507476319689433,1.304470044501072,2.5680858595879763,1.303232251754847,1.2982055005142594,2.6261832723801977,1.2609462452941145,1.260967449249505,1.3019127438836677,1.2627161591571845,1.262737178728999,2.5490303298582186,2.5490468146708904,-0.03546832178526049,-0.03548934135707493,-0.07713645770930722,-0.07715294252197902,False,False,0.04773384459880145,0.0954676891976029,0.047716526857047116,0.09543305371409423
1330,22.166666666666668,False,False,49.78451367101394,50.0,61.85530935523351,49.510083543828024,50.79333045061835,50.79277496434611,74.0,-0.21548632898606002,2.598443759001789,2.624428196591807,2.5490385722645543,1.3048112432532002,2.5671251981157717,1.3035819446467316,1.2988002219035026,2.624428196591807,1.2615343862023525,1.2615555287994362,1.3022620827189257,1.263292982862585,1.2633139419533943,2.547330221083562,2.5473466119741577,-0.035486279950108335,-0.03550723904091768,-0.07708158461764913,-0.0770979755082446,False,False,0.047716526857047116,0.09543305371409423,0.04769931270706388,0.09539862541412776
1335,22.25,False,False,49.78360098452673,50.0,61.858180114759826,49.509218025632116,50.792220645784134,50.791667117295155,74.0,-0.21639901547327156,2.596715122745685,2.6226822739731417,2.54733841652886,1.3051501470275066,2.566168720232485,1.3039292422863265,1.299391143056355,2.6226822739731417,1.2621187653291375,1.2621398468579181,1.302609028734378,1.2638661147157715,1.2638870136056466,2.5456389799154793,2.5456552777355004,-0.035504129450708355,-0.035525028340583464,-0.07702699623764131,-0.07704329405766241,False,False,0.04769931270706388,0.09539862541412776,0.04768220121659501,0.09536440243319003
1340,22.333333333333332,False,False,49.78271137404461,50.0,61.86106389658325,49.50837536627661,50.79113528358992,50.79058370048463,74.0,-0.21728862595539056,2.594995512242583,2.6209454673650088,2.5456471288254896,1.3054867825579393,2.565216383355921,1.304274172915128,1.2999782877679809,2.6209454673650088,1.2626994059969996,1.2627204267442196,1.3029536101175383,1.264435577802936,1.2644564167688686,2.5439565702262996,2.543972775818924,-0.035521870999112304,-0.03554270996504494,-0.07697269154608488,-0.07698889713870916,False,False,0.04768220121659501,0.09536440243319003,0.04766519146417678,0.09533038292835357
1345,22.416666666666668,False,False,49.78184451590628,50.0,61.863960449689586,49.50755524192793,50.790074037071555,50.78952438708282,74.0,-0.21815548409372099,2.593284890507289,2.619217739412362,2.5439646730226118,1.3058211761785006,2.5642681457044674,1.3046167643502538,1.3005616798041137,2.619217739412362,1.2632763314485451,1.263297291697749,1.3032958546898499,1.2650013952317432,1.2650221745477057,2.5422829557019018,2.5422990699020676,-0.03553950525640803,-0.03556028457237059,-0.07691866951029436,-0.07693478371046014,False,False,0.04766519146417678,0.09533038292835357,0.04764828253904568,0.09529656507809137
1350,22.5,False,False,49.781000090443406,50.0,61.86686952597842,49.50675733410695,50.78903658260163,50.78848885359289,74.0,-0.21899990955659376,2.5915832203698312,2.6174990525735295,2.542291012801985,1.3061533538296988,2.563323966279159,1.3049570439913192,1.3011413427833305,2.6174990525735295,1.2638495648779404,1.263870464909529,1.3036357897895414,1.2655635898738606,1.2655843098108588,2.540618099850596,2.5406341234850878,-0.0355570329724717,-0.03557775290946985,-0.07686492908844178,-0.0768809527229335,False,False,0.04764828253904568,0.09529656507809137,0.04763147354097216,0.09526294708194433
1355,22.583333333333332,False,False,49.780177781942626,50.0,61.86979088023715,49.5059813271922,50.788022601073735,50.787476781037014,74.0,-0.21982221805737368,2.589890464484428,2.615789369129272,2.5406261116678417,1.3064833410648975,2.562383804846199,1.3052950388271916,1.3017173002947766,2.615789369129272,1.2644191293714437,1.2644399694627375,1.3039734424180551,1.2661221846949513,1.2661428455210784,2.538961966011856,2.5389778998993755,-0.03557445477369825,-0.03559511559982531,-0.07681146922989646,-0.0768274031174161,False,False,0.04763147354097216,0.09526294708194433,0.04761476358017349,0.09522952716034698
1360,22.666666666666668,False,False,49.77937727860727,50.0,61.87272427011485,49.5052269104707,50.78703177650458,50.78648785355871,74.0,-0.2206227213927292,2.5882065853382876,2.6140886511916706,2.5389699329556157,1.3068111630565518,2.5614476219199314,1.3056307754426293,1.3022895757951574,2.6140886511916706,1.2649850479702962,1.2650058283955838,1.3043088390936193,1.2666772024053454,1.2666978043858346,2.537314517364867,2.537330362316124,-0.03559177140932279,-0.035612373389811935,-0.07675828887554648,-0.07677413382680376,False,False,0.04761476358017349,0.09522952716034698,0.0475981517771789,0.0951963035543578
1365,22.75,False,False,49.7785982725189,50.0,61.87566945609605,49.504493775947516,50.78606379732415,50.785521759712886,74.0,-0.22140172748110132,2.586531545260245,2.612396860712847,2.537322439840495,1.3071368446023428,2.5605153787462402,1.3059642800248115,1.3028581927117466,2.612396860712847,1.2655473436063327,1.2655680646369327,1.3046420060123183,1.2672286658204244,1.267249209217701,2.5356757169369297,2.5356914737547127,-0.03560898349404562,-0.03562952689132226,-0.07670538695813445,-0.07672114377591743,False,False,0.0475981517771789,0.0951963035543578,0.047581637262699386,0.09516327452539877
1370,22.833333333333332,False,False,49.777840459598714,50.0,61.878626201474255,49.50378162039817,50.785118354905464,50.78457819099573,74.0,-0.22215954040128594,2.5848653064292297,2.610713959493522,2.535683595345821,1.3074604101312095,2.5595870372863745,1.3062955783697539,1.3034231743393776,2.610713959493522,1.2661060391684313,1.26612670107274,1.3049729689163088,1.2677765974937407,1.2677970825674711,2.5340455276116995,2.534061197090957,-0.035626091771906454,-0.03564657684563688,-0.07665276240256524,-0.07666843188182249,False,False,0.047581637262699386,0.09516327452539877,0.047565219177505495,0.09513043835501099
1375,22.916666666666668,False,False,49.77710353956898,50.0,61.88159427232523,49.503090144089676,50.78419514494496,50.78365684322497,74.0,-0.2228964604310235,2.5832078308825768,2.6090399091914027,2.534053362351328,1.3077818837092785,2.558662560201179,1.3066246958886174,1.3039845438993054,2.6090399091914027,1.2666611574339433,1.2666817604774938,1.3053017532109608,1.268321020019542,1.2683414470266858,2.5324239121372565,2.5324394950651707,-0.03564309687261957,-0.03566352387976335,-0.07660041412623197,-0.07661599705414623,False,False,0.047565219177505495,0.09513043835501099,0.04754889667231696,0.09509779334463392
1380,23.0,False,False,49.77638721591432,50.0,61.88457343748028,49.50241905132014,50.78329386642262,50.78275741550019,74.0,-0.22361278408568097,2.581559080524169,2.607374671329411,2.5324317036012136,1.3081012890456951,2.5577419108357176,1.306951657613912,1.3045423245097756,2.607374671329411,1.2672127211148634,1.2672332655603744,1.3056283838916443,1.2688619558126468,1.2688823250075014,2.5308108331340264,2.530826330290096,-0.035659999502274164,-0.03568036869712876,-0.07654834103931485,-0.07656383819538437,False,False,0.04754889667231696,0.09509779334463392,0.04753266890767801,0.09506533781535602
1385,23.083333333333332,False,False,49.77569119584287,50.0,61.887563468499465,49.50176804944572,50.782414222245244,50.78187961084616,74.0,-0.2243088041571326,2.579919017132426,2.60571820730375,2.530818581712061,1.3084186494983576,2.5568250532042827,1.3072764882055943,1.3050965392301714,2.60571820730375,1.2677607528242842,1.2677812389317076,1.3059528856023008,1.269399427303536,1.269419738937788,2.5292062531025516,2.5292216652586634,-0.035676800292383515,-0.03569711192663538,-0.07649654204508671,-0.0765119542011985,False,False,0.04753266890767801,0.09506533781535602,0.047516535053814805,0.09503307010762961
1390,23.166666666666668,False,False,49.77501519024773,50.0,61.8905641396446,49.501136850330525,50.781555918445335,50.781023135411495,74.0,-0.22498480975227153,2.578287602368131,2.604070478391812,2.5292139591806073,1.3087339880795559,2.555911951975779,1.3075992119570594,1.3056472109874357,2.604070478391812,1.268305275111376,1.2683257031379527,1.306275282591514,1.2699334567122842,1.2699537110350518,2.5276101344310935,2.527625462351598,-0.03569349995238391,-0.035713754275151555,-0.07644501604021414,-0.07646034396071855,False,False,0.047516535053814805,0.09503307010762961,0.04750049429056866,0.09500098858113731
1395,23.25,False,False,49.774358913667996,50.0,61.893575227852374,49.50052516937563,50.78071866510368,50.78018769939166,74.0,-0.2256410863320042,2.576664797782099,2.6024314457599202,2.5276177983913457,1.3090473274615158,2.5550025724594634,1.3079198528010447,1.3061943626202175,2.6024314457599202,1.2688463104146923,1.2688666806149944,1.3065955988003681,1.2704640662470876,1.2704842635049691,2.5260224394030852,2.5260376838448684,-0.03571009911524836,-0.035730296373129855,-0.07639376191505187,-0.07640900635683501,False,False,0.04750049429056866,0.09500098858113731,0.04748454580721046,0.09496909161442092
1400,23.333333333333332,False,False,49.77372208425022,50.0,61.896596512707305,49.499932724549815,50.7799021756149,50.77937301629419,74.0,-0.22627791574978318,2.575050564822698,2.600801070470925,2.5260300616239766,1.3093586899818532,2.5540968805910333,1.3082384343154168,1.3067380169230183,2.600801070470925,1.2693838810940952,1.2694041937200755,1.3069138577453032,1.2709912780575428,1.2710114184946597,2.5244431302044448,2.5244582919170084,-0.03572659842835857,-0.035746738865475525,-0.07634277855391636,-0.07635794026648002,False,False,0.04748454580721046,0.09496909161442092,0.04746868880238161,0.09493737760476322
1405,23.416666666666668,False,False,49.77310442370959,50.0,61.899627776414704,49.499359239052744,50.77910616648253,50.77857880273391,74.0,-0.2268955762904099,2.5734448648432062,2.5991793134916383,2.5244507110607266,1.309668097648936,2.553194842919068,1.3085549797288814,1.307278196513753,2.5991793134916383,1.269918009437635,1.2699382647386763,1.307230082664546,1.2715151140575869,1.2715351979156282,2.522872168930727,2.5228872486562546,-0.0357429985981248,-0.035763082456166106,-0.07629206483538375,-0.07630714456091114,False,False,0.04746868880238161,0.09493737760476322,0.047452922483933686,0.09490584496786737
1410,23.5,False,False,49.77250565729153,50.0,61.90266880377379,49.49880443792699,50.778330358370944,50.777804779485,74.0,-0.2274943427084679,2.5718476591090234,2.5975661357001134,2.522879708793491,1.3099755721471602,2.552296426591782,1.308869511926581,1.3078149239956203,2.5975661357001134,1.2704487176088528,1.2704689158318108,1.3075442964009654,1.272035596277053,1.2720556237953162,2.521309517594121,2.5213245160675535,-0.035759300200304045,-0.03577932771856718,-0.07624161963255993,-0.07625661810599249,False,False,0.047452922483933686,0.09490584496786737,0.047437246068853516,0.09487449213770703
1415,23.583333333333332,False,False,49.771925513733,50.0,61.90571938215064,49.498268051327926,50.77757447445633,50.7770506698319,74.0,-0.22807448626699767,2.570258908804733,2.5959614978927807,2.521317016830837,1.3102811348421344,2.5514015993441146,1.309182053455611,1.3083482217952316,2.5959614978927807,1.2709760277222635,1.2709961691115113,1.30785652148993,1.2725527464092286,1.272572717824664,2.519755138130327,2.519770056079432,-0.03577550397056761,-0.03579547538600303,-0.07619144181334869,-0.0762063597624536,False,False,0.047437246068853516,0.09487449213770703,0.047421658783103386,0.09484331756620677
1420,23.666666666666668,False,False,49.77136372522424,50.0,61.90877930145132,49.49774981174372,50.77683824226507,50.77631620140767,74.0,-0.22863627477575932,2.5686785750410146,2.594365360791425,2.5197625971048794,1.310584806785784,2.5505103294851197,1.3094926265304412,1.3088781122950515,2.594365360791425,1.2714999617534404,1.2715200465509142,1.308166780100737,1.2730665862761457,1.2730865018233952,2.5182089924052553,2.5182238305507,-0.03579161047165624,-0.035811526018905804,-0.0761415302407249,-0.07615636838616968,False,False,0.047421658783103386,0.09484331756620677,0.047406159861548704,0.09481231972309741
1425,23.75,False,False,49.77082002737042,50.0,61.91184835409496,49.497249455451765,50.776121391855746,50.775601104376165,74.0,-0.22917997262958067,2.5671066188614065,2.5927776850500206,2.5182164114779777,1.310886608721368,2.549622585885668,1.3098012530382461,1.3094046177598193,2.5927776850500206,1.2720205416226271,1.2720405700678656,1.3084750941391121,1.2735771374464435,1.2735969973578827,2.516671042221612,2.5166858012770326,-0.035807620401936635,-0.03582748031337579,-0.07609188377298803,-0.07610664282840851,False,False,0.047406159861548704,0.09481231972309741,0.04739074854781714,0.09478149709563428
1430,23.833333333333332,False,False,49.77029415915354,50.0,61.91492633498712,49.4967667224634,50.77542365705212,50.77490511266488,74.0,-0.2297058408464565,2.5655430012489298,2.591198431261419,2.5166784217493223,1.3111865610884132,2.5487383379664306,1.3101079545441465,1.30992776033655,2.591198431261419,1.2725377891336331,1.2725577614638233,1.3087814851154236,1.2740844214560552,1.2741042259618285,2.5151412493253242,2.515155929997393,-0.03582353437472152,-0.035843338880494846,-0.07604250126402601,-0.07605718193609468,False,False,0.04739074854781714,0.09478149709563428,0.04737542409420183,0.09475084818840367
1435,23.916666666666668,False,False,49.76978586289442,50.0,61.91801304149292,49.496301354958035,50.77474477485371,50.77422796337569,74.0,-0.2302141371055768,2.563987683132566,2.589627559963892,2.515148589661359,1.3114846840275731,2.5478575556861665,1.3104127522963698,1.3104475621281109,2.589627559963892,1.2730517259992538,1.2730716424492685,1.309085974261825,1.2745884597940205,1.2746082091220867,2.513619575411833,2.513634178400331,-0.035839353006024144,-0.0358591023340904,-0.07599338156356072,-0.0760079845520587,False,False,0.04737542409420183,0.09475084818840367,0.04736018576153946,0.09472037152307893
1440,24.0,False,False,49.76929488421492,50.0,61.92110827341053,49.495853099951276,50.774084485070524,50.77356939641951,74.0,-0.2307051157850779,2.562440625393594,2.5880650316475298,2.5136268769060823,1.3117809973853978,2.5469802095302656,1.3107156672313174,1.3109640450607822,2.5880650316475298,1.2735623738561157,1.273582234658557,1.3093885824883273,1.275089273706643,1.275108968082805,2.512105982132253,2.512120508130132,-0.035855076977977296,-0.03587477135413919,-0.07594452351739767,-0.07595904951527688,False,False,0.04736018576153946,0.09472037152307893,0.0473450328191158,0.0946900656382316
1445,24.083333333333332,False,False,49.768820972000306,50.0,61.92421183294478,49.4954217068241,50.77344253141385,50.77292915560711,74.0,-0.23117902799969414,2.560901788871788,2.586510806760506,2.5121132451311925,1.3120755207190329,2.5461062704995783,1.311016719978556,1.3114772310019818,2.586510806760506,1.2740697542104324,1.2740895595956683,1.309689330426727,1.275586884491899,1.2756065241398469,2.5106004310993852,2.5106148807928426,-0.03587070686213489,-0.03589034651008283,-0.07589592596766348,-0.0759103756611208,False,False,0.0473450328191158,0.0946900656382316,0.04732996454454637,0.09465992908909274
1450,24.166666666666668,False,False,49.76836387836172,50.0,61.92732352468066,49.495006928481146,50.77281866022948,50.772306987382485,74.0,-0.23163612163828162,2.559371134371481,2.584964845715196,2.5106076559461137,1.3123682733008395,2.545235710099499,1.3113159308657232,1.311987141701402,2.584964845715196,1.274573888495739,1.2745936386919436,1.3099882383720343,1.2760813132386781,1.2761008983800217,2.5091028838936116,2.50911725796215,-0.03588624332138024,-0.03590582846272383,-0.07584758775304579,-0.07586196182158433,False,False,0.04732996454454637,0.09465992908909274,0.04731498022365997,0.09462996044731994
1455,24.25,False,False,49.767923358599084,50.0,61.93044315555723,49.4946085206961,50.77221262131425,50.77170264163925,74.0,-0.23207664140091566,2.557848622667489,2.583427108894164,2.509110070927881,1.312659274122939,2.5443685003293086,1.3116133199233522,1.3124937988204421,2.583427108894164,1.275074798031763,1.2750944932649537,1.3102853263264025,1.2765725810226918,1.276592111876998,2.507613302068642,2.50762760118514,-0.03590168694344409,-0.03592121779775037,-0.07579950770902366,-0.07581380682552163,False,False,0.04731498022365997,0.09462996044731994,0.047300079150422884,0.09460015830084577
1460,24.333333333333332,False,False,49.767499171163934,50.0,61.9335705348415,49.494226242667175,50.771624167228275,50.77111587103304,74.0,-0.23250082883606638,2.556334214510902,2.581897556656011,2.507620451626891,1.3129485419016815,2.543504613671763,1.31190890688962,1.3129972239027758,2.581897556656011,1.2755725040547683,1.2755921445488432,1.3105806140137704,1.2770607087479426,1.2770801855327685,2.506131647157143,2.506145871987917,-0.03591703837000737,-0.035936515154833204,-0.07575168466809412,-0.0757659094988683,False,False,0.047300079150422884,0.09460015830084577,0.04728526062679383,0.09457052125358766
1465,24.416666666666668,False,False,49.76709107762272,50.0,61.93670547410254,49.4938598569688,50.7710530538344,50.77054643152087,74.0,-0.2329089223772769,2.5548278706347483,2.5803761493410957,2.50613875957253,1.3132360950820454,2.542644023082921,1.3122027112150143,1.313497438374352,2.5803761493410957,1.276067027689667,1.27608661366644,1.3108741208652193,1.2775457172382525,1.277565140169181,2.5046578806762287,2.504672031881101,-0.035932298205171076,-0.03595172113609957,-0.07570411745999461,-0.07571826866486697,False,False,0.04728526062679383,0.09457052125358766,0.047270523962656956,0.09454104792531391
1470,24.5,False,False,49.76669884262019,50.0,61.93984778718573,49.49350912859805,50.770499040048634,50.769994082111715,74.0,-0.23330115737981316,2.5533295517595227,2.578862847277118,2.504664956278665,1.3135219518419612,2.5417867019822102,1.312494752066928,1.3139944635875418,2.578862847277118,1.2765583899596378,1.2765779216388737,1.3111658660336163,1.2780276272523587,1.2780469965430301,2.5031919641328395,2.503206042365197,-0.03594746704451168,-0.03596683633518305,-0.07565680491192062,-0.07567088314427828,False,False,0.047270523962656956,0.09454104792531391,0.04725586847569106,0.09451173695138212
1475,24.583333333333332,False,False,49.766322233843056,50.0,61.94299729018723,49.493173826136996,50.769961887529014,50.769458584555174,74.0,-0.23367776615694424,2.5518392185985928,2.5773576107845786,2.5031990032490183,1.3138061300965673,2.540932624242718,1.312785048334175,1.3144883207622753,2.5773576107845786,1.2770466117987371,1.2770660893981907,1.311455868378971,1.2785064593844886,1.2785257752466344,2.501733859028976,2.5017478649358424,-0.03596254551564093,-0.035981861377786695,-0.07560974584873614,-0.07562375175560243,False,False,0.04725586847569106,0.09451173695138212,0.047241293491284905,0.09448258698256981
1480,24.666666666666668,False,False,49.76596102198395,50.0,61.946153801428565,49.492853721103145,50.769441361149454,50.76893970381568,74.0,-0.2340389780160521,2.550356831863474,2.575860400182109,2.5017408619824093,1.3140886475023963,2.5400817641817084,1.3130736186314358,1.3149790310154732,2.575860400182109,1.2775317140272369,1.2775511377626825,1.311744146497722,1.2789822341670845,1.279001496810559,2.5002835268668337,2.500297461088921,-0.03597753420491423,-0.035996796848388746,-0.07556293909318779,-0.07557687331527507,False,False,0.047241293491284905,0.09448258698256981,0.04722679834242563,0.09445359668485126
1485,24.75,False,False,49.76561498070562,50.0,61.94931714143143,49.49254858760303,50.76893722860762,50.76843720768008,74.0,-0.23438501929437905,2.5488823522689845,2.5743711757916743,2.5002904939778774,1.3143695214614923,2.539234096551351,1.3133604813036244,1.3154666153757626,2.5743711757916743,1.2780137173681678,1.2780330874534327,1.3120307187227356,1.2794549720340995,1.2794741816669117,2.498840929153791,2.498854792325572,-0.03599243370885086,-0.03601164334166307,-0.07551638346610234,-0.0755302466378831,False,False,0.04722679834242563,0.09445359668485126,0.0472123823696135,0.094424764739227
1490,24.833333333333332,False,False,49.765283886605324,50.0,61.95248713289267,49.492258203194794,50.76844926037766,50.76795086671053,74.0,-0.23471611339467557,2.5474157405382782,2.572889897943661,2.498847860739682,1.3146487691254625,2.5383895965296595,1.3136456544301938,1.3159510947393303,2.572889897943661,1.27849264244751,1.278511959094509,1.3123156031086638,1.2799246932741644,1.2799438501025067,2.497406027407311,2.497419820157072,-0.03600724463682359,-0.03602640146516589,-0.07547007778658932,-0.0754838705363503,False,False,0.0472123823696135,0.094424764739227,0.047198044920740805,0.09439608984148161
1495,24.916666666666668,False,False,49.764967519179606,50.0,61.95566360065954,49.49198234824155,50.76797723001134,50.76748045454561,74.0,-0.23503248082039363,2.545956957407754,2.571416526981831,2.4974129237821914,1.3149264073994615,2.5375482397116427,1.3139291558293626,1.316432489899353,2.571416526981831,1.2789685097778691,1.2789877731966381,1.3125988174758731,1.2803914181029332,1.2804105223312139,2.495978783159684,2.495992506109594,-0.036021967568139024,-0.03604107179641969,-0.07542402087223721,-0.07543774382214741,False,False,0.047198044920740805,0.09439608984148161,0.04718378535101939,0.09436757070203879
1500,25.0,True,False,49.76448604689356,50.0,61.96168521338238,49.49154133774634,50.7675152249151,50.76702005873719,74.0,-0.23551395310644097,2.54450596363185,2.5699510232681684,2.495985644634639,1.3150519865806827,2.536710002100642,1.3142197232272081,1.316919571264889,2.5699510232681684,1.2794416103323694,1.2794608207310918,1.3128890906702964,1.2808686439882657,1.2808876958191364,2.494559157962703,2.4945728117288684,-0.03603187544575248,-0.03605092727662318,-0.07537821153930002,-0.07539186530546527,False,False,0.0,0.09436757070203879,0.04714435694272091,0.09428871388544181
1505,25.083333333333332,True,False,49.764298026106864,50.0,61.97323175554851,49.49139338960932,50.766991908397046,50.76649834345864,74.0,-0.23570197389313563,2.543061488420335,2.5684921033045383,2.494565984845786,1.3148836064137381,2.5358742851415625,1.314495284391687,1.3173904049772227,2.5684921033045383,1.2799159745621076,1.2799351321471484,1.3131643728366271,1.281314751007123,1.2813337506415092,2.4931451398113222,2.4931587250038474,-0.03605665433571348,-0.03607565397009971,-0.07533337830069087,-0.07534696349321601,False,False,0.0,0.09428871388544181,0.047167941500449694,0.09433588300089939
1510,25.166666666666668,True,False,49.766392935897755,50.0,61.99005959161922,49.4935263091824,50.76667693734046,50.76618496277516,74.0,-0.23360706410224452,2.5416254482709473,2.5670417027536567,2.493151932407585,1.3144339312004725,2.5350414090887545,1.3146591361480628,1.3177474381021876,2.5670417027536567,1.2803774403618733,1.2803965453378099,1.3133280587000173,1.2816035859402035,1.2816225335773308,2.4917409230773795,2.491754440300428,-0.03612490452485684,-0.036143852161984125,-0.07528726245322881,-0.07530077967627724,False,False,0.0,0.09433588300089939,0.04747366266372772,0.09494732532745544
1515,25.25,True,False,49.772146278389926,50.0,62.011860083621265,49.49931405111999,50.76756518920034,50.76707478347867,74.0,-0.22785372161007444,2.540213334618075,2.565615467964256,2.4917476816889037,1.313715159021467,2.5342194885626728,1.3146419062645351,1.317918680658013,2.565615467964256,1.280771485430865,1.280790538000515,1.3133108462614929,1.2816976302066647,1.281716526044089,2.4903690965825716,2.4903825464344216,-0.036202154613923954,-0.03622105045134827,-0.0752329215298344,-0.07524637138168444,False,False,0.0,0.09494732532745544,0.04799237760248741,0.09598475520497482
1520,25.333333333333332,True,False,49.78214522713632,50.0,62.03823196988063,49.509342648644704,50.770529967305286,50.77004109956208,74.0,-0.2178547728636815,2.538849548674257,2.5642380441609998,2.4903758215084966,1.3127390383197963,2.533427105287961,1.31440920790275,1.3178677391694238,2.5642380441609998,1.2810481476541704,1.2810671480186204,1.3130783834922568,1.2815631042426108,1.2815819484762425,2.489056036377699,2.4890694194508054,-0.036285790693181275,-0.03630463492681302,-0.07516862471019436,-0.07518200778330097,False,False,0.0,0.09598475520497482,0.04862526204294951,0.09725052408589901
1525,25.416666666666668,True,False,49.79651686584167,50.0,62.06872707655002,49.52373834458501,50.77624870304196,50.77576133518179,74.0,-0.20348313415833275,2.537561718819995,2.562937336008195,2.489062727914252,1.3115168839001496,2.5326886877193586,1.3139471954991526,1.3175796677862037,2.562937336008195,1.2811661458003125,1.2811850941589478,1.3126168388741009,1.2811967943835054,1.281215587207639,2.4878301261266595,2.4878434430077068,-0.03636408057856477,-0.0363828734026983,-0.07509389300048808,-0.0751072098815353,False,False,0.0,0.09725052408589901,0.04931291576631303,0.09862583153262607
1530,25.5,True,False,49.81516174620011,50.0,62.1028902835483,49.54240104696509,50.7850817898528,50.78459587993737,74.0,-0.18483825379988872,2.5363774728510777,2.5617412475795884,2.4878367845671834,1.3100595923638807,2.532030483252926,1.3132525093346703,1.317050624906342,2.5617412475795884,1.2810998790708297,1.2811187756213605,1.3119228560720786,1.280594669309099,1.2806134109164362,2.4867179468075564,2.4867311980775186,-0.03643721398990585,-0.03645595559724302,-0.0750100495020698,-0.07502330077203201,False,False,0.0,0.09862583153262607,0.05002483694797489,0.10004967389594978
1535,25.583333333333332,True,False,49.837876709271754,50.0,62.14028109216987,49.565127091566495,50.79719842845264,50.79671393273835,74.0,-0.16212329072824616,2.5353229236949857,2.5606761529319355,2.4867245724425375,1.3083776569998256,2.5314783752561985,1.312327000479658,1.3162823671044772,2.5606761529319355,1.2808334139299211,1.2808522588684104,1.3109982842896444,1.2797616611669804,1.279780351748658,2.485744408895563,2.4857575951297592,-0.03650201535581932,-0.03652070593749679,-0.07491855780217627,-0.07493174403637237,False,False,0.0,0.10004967389594978,0.05074584296300918,0.10149168592601836
1540,25.666666666666668,True,False,49.864414419935635,50.0,62.18048359461242,49.59166874063281,50.81261382243503,50.81213069701016,74.0,-0.13558558006436527,2.5344220463773723,2.5597662668411463,2.485751002012661,1.3064811821500253,2.5310568607840183,1.3111751565039866,1.3152795388229335,2.5597662668411463,1.2803589827237503,1.2803777762446424,1.3098476065423257,1.2787019151405417,1.2787205548861553,2.4849319316371874,2.484945053405335,-0.036558983936778144,-0.03657762368239181,-0.07482121343581127,-0.07483433520395888,False,False,0.0,0.10149168592601836,0.05146822001497393,0.10293644002994785
1545,25.75,True,False,49.89451173037629,50.0,62.223110527404124,49.621762528113926,50.831263581831166,50.83078178346194,74.0,-0.10548826962371294,2.5336964800059363,2.5590334448059955,2.484938492521261,1.3043798970688218,2.5307886195522893,1.3098028524167684,1.3140483445220799,2.5590334448059955,1.279673364049453,1.2796921063455948,1.3084766918952937,1.2774224172629856,1.2774410063606143,2.4843006983170324,2.484313756183308,-0.03660733816146555,-0.036625927259094304,-0.0747196886226873,-0.07473274648896311,False,False,0.0,0.10293644002994785,0.05218784874874994,0.10437569749749988
1550,25.833333333333332,True,False,49.92790336320521,50.0,62.26780448437441,49.65514292988816,50.85302764379854,50.85254713051828,74.0,-0.0720966367947895,2.5331655259641894,2.5584971812238315,2.48430722725017,1.302083169293142,2.5306943661298575,1.3082167250386028,1.3125958741161141,2.5584971812238315,1.2787767732438684,1.2787954645065391,1.3068921704473269,1.2759298766501859,1.2759484152864173,2.4838685593725187,2.4838815538956074,-0.03664745882969678,-0.036665997465928246,-0.07461562732822413,-0.0746286218513128,False,False,0.0,0.10437569749749988,0.05290238262643186,0.10580476525286373
1555,25.916666666666668,True,False,49.96432871162881,50.0,62.314237780050966,49.691549153395094,50.877759048806396,50.877279780198734,74.0,-0.03567128837119071,2.532846234990068,2.5581746973399686,2.483875056634063,1.2996000175411702,2.5307928359776692,1.3064238399773849,1.310929736318567,2.5581746973399686,1.277671423680545,1.2776900640994813,1.3051011006595674,1.2742319702014395,1.2742504585613912,2.4836512403009565,2.4836641720341066,-0.03667927775717583,-0.036697766117127495,-0.074510525305862,-0.07452345703901209,False,False,0.0,0.10580476525286373,0.05361039744744826,0.10722079489489653
1560,26.0,True,False,50.003535346470755,50.0,62.36211166355357,49.73072863760482,50.90529330574278,50.90481524312317,74.0,0.003535346470755485,2.5327535332035866,2.5580810685356226,2.4836577061675316,1.2969391241559856,2.5311008351249793,1.3044314992760995,1.3090578408657803,2.5580810685356226,1.2763610492525912,1.2763796390160072,1.3031107771825647,1.2723362910460747,1.2723547293134194,2.48366242762407,2.48367529711515,-0.036703111552360834,-0.036721549819705546,-0.07440577142047244,-0.07441864091155237,False,False,0.0,0.10722079489489653,0.05431098693324872,0.10862197386649744
1565,26.083333333333332,True,False,50.045280880327745,50.0,62.41115521263947,49.77243891107684,50.93545877765115,50.93498188413683,74.0,0.04528088032774491,2.5329003635696865,2.5582293672053833,2.48366886236961,1.2941088471101818,2.5316333203823076,1.3022471200924357,1.306988256790728,2.5582293672053833,1.2748503511989973,1.2748688904936167,1.3009286096572852,1.2702507389036068,1.2702691272605935,2.483913940404008,2.4839267481955556,-0.036719129530134564,-0.03673751788712121,-0.07430261900982771,-0.07431542680137548,False,False,0.0,0.10862197386649744,0.055003562291637685,0.11000712458327537
1570,26.166666666666668,True,False,50.08933395985222,50.0,62.4611240673635,49.816448577705415,50.968080418422744,50.96760465896169,74.0,0.08933395985221892,2.5332978314309806,2.5586308097452903,2.483920344299782,1.2911172315868975,2.5324034940805373,1.299878151995773,1.3047291128129566,2.5586308097452903,1.2731447749738052,1.2731632639848791,1.2985620401147118,1.2679831411126599,1.2680014797401364,2.484415857842136,2.484428604471414,-0.03672763307282012,-0.0367459717002967,-0.07420220527387622,-0.07421495190315452,False,False,0.0,0.11000712458327537,0.055687746198395185,0.11137549239679037
1575,26.25,True,False,50.13547475885169,50.0,62.511799084409255,49.86253780603271,51.00298381707683,51.002509158432694,74.0,0.1354747588516929,2.5339553484165913,2.559294901900757,2.484422231156775,1.2879720211521706,2.533422905234063,1.2973320172759817,1.302288523274847,2.559294901900757,1.2712502663268077,1.2712687052381342,1.2960184833354562,1.2655413570954073,1.2655596461728431,2.4851766675114813,2.485189353510525,-0.03672887710200379,-0.03674716617943963,-0.0741055483902322,-0.0741182343892759,False,False,0.0,0.11137549239679037,0.05636331175922468,0.11272662351844936
1580,26.333333333333332,True,False,50.183495162481,50.0,62.56298495630862,49.910498508402476,51.03999695161954,51.03952336233698,74.0,0.18349516248100173,2.534880771764887,2.560229579482536,2.485183010511003,1.2846806685329843,2.5347015527699615,1.294616066317862,1.299674531412884,2.560229579482536,1.2691731425253743,1.2691915315193303,1.293305282247593,1.2629331299641327,1.2629513696696382,2.486203394535819,2.4862160204314945,-0.03672316174324575,-0.036741401448751265,-0.07401355905104134,-0.07402618494671698,False,False,0.0,0.11272662351844936,0.057030143973054656,0.11406028794610931
1585,26.416666666666668,True,False,50.233198747234404,50.0,62.614508821783204,49.96013431677335,51.07895196580416,51.07847941615511,74.0,0.23319874723440392,2.536080537478698,2.561441342853485,2.4862097074836567,1.2812503460148774,2.5362479883132867,1.2917375436607899,1.2968950651813522,2.561441342853485,1.2669199626742307,1.2669383019317872,1.290429674057714,1.2601661034751208,1.26018429398547,2.487501731643814,2.487514297957862,-0.036710771195882286,-0.03672896170623141,-0.07392704489562307,-0.07393961120967107,False,False,0.0,0.11406028794610931,0.057688213279804876,0.11537642655960975
1590,26.5,True,False,50.28440061962144,50.0,62.66621888412194,50.01126041848106,51.119686084388476,51.119214546308335,74.0,0.2844006196214366,2.5375597864758284,2.562935384340587,2.487508014800838,1.2776879554725027,2.538069416989447,1.2887035620878626,1.2939579027294805,2.562935384340587,1.264497442904299,1.2645157326050462,1.2873987643623424,1.2572477582791395,1.257265899769789,2.489076157923737,2.4890886651728277,-0.03669200295969155,-0.03671014445034104,-0.0738467191677592,-0.07385922641684983,False,False,0.0,0.11537642655960975,0.05833755619836211,0.11667511239672422
1595,26.583333333333332,True,False,50.33692715466365,50.0,62.71798304927384,50.06370329130944,51.16204244600818,51.1615718930233,74.0,0.3369271546636483,2.5393224833289976,2.5647157081622876,2.4890824115482824,1.2740001380460464,2.540171795256576,1.2855210829747248,1.2908706456631536,2.5647157081622876,1.2619123775451753,1.2619306178673437,1.284219507467924,1.2541854067935647,1.254203499438675,2.490930052502835,2.490942501198617,-0.03666714622447853,-0.036685238869588854,-0.07377320696367073,-0.0737856556594525,False,False,0.0,0.11667511239672422,0.058978260528097716,0.11795652105619543
1600,26.666666666666668,True,False,50.39061566308206,50.0,62.769687592111026,50.1173003677426,51.20587056324369,51.205400970394244,74.0,0.390615663082059,2.5413715274572692,2.566785242731842,2.490936276850726,1.270193283475967,2.5425599251225233,1.2821969016225165,1.2876406986049098,2.566785242731842,1.2591715811416744,1.259189772262153,1.280898691806533,1.25098616392306,1.2510042078955137,2.493065799536989,2.493078190186138,-0.03663649070939612,-0.03665453468184987,-0.07370705254570398,-0.07371944319485291,False,False,0.0,0.11795652105619543,0.05961045373593968,0.11922090747187936
1605,26.75,True,False,50.44531400846163,50.0,62.82123585714675,50.1718996496903,51.251026683269764,51.250558027029044,74.0,0.4453140084616294,2.543708856806576,2.569145945374642,2.4930719948615634,1.266273539108077,2.5452375443293542,1.2787376366031804,1.284275253933838,2.569145945374642,1.2562818376970522,1.256299979791412,1.2774429292612242,1.247656939742845,1.2476749352142682,2.4954848866038697,2.4954972197081395,-0.03660031871956981,-0.03661831419099304,-0.07364872566650238,-0.07366105877077223,False,False,0.0,0.11922090747187936,0.06023429370602565,0.1204685874120513
1610,26.833333333333332,True,False,50.500880190573184,50.0,62.87254699842338,50.22735928949887,51.29737396311066,51.2969062213032,74.0,0.5008801905731843,2.546335544175872,2.571798899617631,2.4954910531560044,1.2622468185805604,2.548207412249924,1.2751497223503303,1.280781280822439,2.571798899617631,1.2532498614512544,1.2532679546937673,1.2738586477274567,1.244204426146879,1.2442223732876578,2.498187995595435,2.4982002716517027,-0.03655890753478119,-0.036576854675560044,-0.0735986279659282,-0.07361090402219572,False,False,0.0,0.1204685874120513,0.0608499613135538,0.1216999226271076
1615,26.916666666666668,True,False,50.557181907352785,50.0,62.92355476208857,50.283547150574165,51.34478256219215,51.34431571391139,74.0,0.5571819073527848,2.549251886426695,2.574744405290962,2.498194133623569,1.2581188102041263,2.5514713913598777,1.2714394043781643,1.2771655177905177,2.574744405290962,1.250082264033227,1.2501003085968847,1.270152086412736,1.2406350924397103,1.24065299141901,2.50117508698574,2.501187306486056,-0.03651252637150759,-0.036530425350807416,-0.07355709880490613,-0.07356931830522218,False,False,0.0,0.1216999226271076,0.061457654442035194,0.12291530888407039
1620,27.0,True,False,50.614096105258305,50.0,62.97420631423748,50.34034035492862,51.39312963341097,51.39266365893768,74.0,0.6140961052583052,2.552457486868776,2.5779820617374636,2.5011811967358977,1.2538949850460852,2.5550305242374614,1.2676127366254366,1.2734344682757819,2.5779820617374636,1.2467855288406737,1.2468035248972091,1.26632929311304,1.2369551804487768,1.2369730314345624,2.5044454774411213,2.504457640872759,-0.0364614368412195,-0.03647928782700505,-0.07352442086470479,-0.07353658429634224,False,False,0.0,0.12291530888407039,0.06205758315890589,0.12411516631781178
1625,27.083333333333332,True,False,50.67150852556091,50.0,63.024461115839394,50.39762482858515,51.44229925451108,51.441834135233265,74.0,0.6715085255609097,2.5559513311498097,2.5815108444613077,2.50445155915694,1.2495806047287767,2.5588851061107962,1.2636755805124218,1.2695943985442228,2.5815108444613077,1.243365990474139,1.2433839381940432,1.2623961233342471,1.2331707035594197,1.2331885067184691,2.5079979112949955,2.5080100191404933,-0.03640589182575371,-0.036423694984803134,-0.07350082532081448,-0.07351293316631224,False,False,0.0,0.12411516631781178,0.06264996582811289,0.12529993165622577
1630,27.166666666666668,True,False,50.729313252419786,50.0,63.07428984595231,50.455294848108124,51.492182302207304,51.491718020542166,74.0,0.7293132524197858,2.559731856998538,2.5853291755685235,2.5080039652177444,1.2451807289523935,2.5630347530227935,1.2596336053723,1.2656513376312524,2.5853291755685235,1.239829818993379,1.239847718545921,1.2583582406435654,1.2292874466526846,1.2293052021506112,2.5118306261311396,2.5118426788683514,-0.03634613548064114,-0.03636389097856774,-0.07348649670017204,-0.07349854943738388,False,False,0.0,0.12529993165622577,0.06323502598385533,0.12647005196771066
1635,27.25,True,False,50.78741226722529,50.0,63.123673373922,50.51325259343767,51.54267628789974,51.54221282721805,74.0,0.7874122672252923,2.5637970181804417,2.589434988362246,2.5118366524997455,1.240700222751901,2.5674784657215626,1.2554922899784982,1.2616110789162758,2.589434988362246,1.236183007943188,1.2362008594964324,1.2542211182802476,1.2253109680777075,1.2253286760789723,2.5159414128876003,2.515953410989742,-0.03628240283730344,-0.03630011083856832,-0.07348157737250416,-0.07349357547464574,False,False,0.0,0.12647005196771066,0.0638129898240228,0.1276259796480456
1640,27.333333333333332,True,False,50.845715012604245,50.0,63.17260178084549,50.57140771078182,51.593685160957605,51.59322250551109,74.0,0.845715012604245,2.5681443430272877,2.5938257864575607,2.5159474119386713,1.2361437634974148,2.5722146894115947,1.2512569249389187,1.2574791830069536,2.5938257864575607,1.232431365731447,1.2324491694522721,1.2499900414984495,1.221246602504583,1.2212642631725157,2.5203276708017057,2.5203396147373955,-0.03621491983443792,-0.03623258050237066,-0.07348617172016514,-0.07349811565585496,False,False,0.0,0.1276259796480456,0.06438408420866354,0.12876816841732708
1645,27.416666666666668,True,False,50.90413796860611,50.0,63.22107343023494,50.62967688791635,51.64511909020816,51.64465722505964,74.0,0.9041379686061077,2.572770987897601,2.5984986977765767,2.5203336427695504,1.2315158476470605,2.5772413695204066,1.2469326157687932,1.2532609816829883,2.5984986977765767,1.2285805097138862,1.2285982657680008,1.2456701106422317,1.2170994649373894,1.2171170784342018,2.524986457560302,2.5249983477936144,-0.03614390324878647,-0.036161516745598865,-0.07350034998296229,-0.0735122402162749,False,False,0.0,0.12876816841732708,0.06494853507009836,0.12989707014019672
1650,27.5,True,False,50.962604242889334,50.0,63.26909408753275,50.68798344377818,51.69689422889938,51.69643313985638,74.0,0.9626042428893342,2.577673785916451,2.6034505237756154,2.524992402676958,1.2268207972610286,2.5825560036483726,1.242524286487519,1.248961582678703,2.6034505237756154,1.2246358626066165,1.2246535711585762,1.2412662447477034,1.2128744553838193,1.2128920218706236,2.5299145349813092,2.529926371971812,-0.03606956080807944,-0.036087127294883725,-0.07352415180380323,-0.07353598879430612,False,False,0.0,0.12989707014019672,0.06550656615861193,0.13101313231722386
1655,27.583333333333332,True,False,51.021043176168135,50.0,63.31667608789341,50.74625693222461,51.748932469389615,51.74847214294105,74.0,1.021043176168135,2.582849291331038,2.6086777842443483,2.529920453476561,1.2220627662852295,2.5881556898774996,1.238036683612682,1.2445858751866854,2.6086777842443483,1.2206026508042545,1.220620312017482,1.2367831855258828,1.2085762642889142,1.208593783925736,2.535108410555202,2.5351201947580044,-0.03599209126094949,-0.036009610897771216,-0.07355758948634383,-0.07356937368914629,False,False,0.0,0.13101313231722386,0.06605839806152719,0.13211679612305438
1660,27.666666666666668,True,False,51.079389963734975,50.0,63.363837551453805,50.80443276373294,51.801161190849804,51.800701614106046,74.0,1.0793899637349753,2.588293819804424,2.6141767580024684,2.535114302656603,1.2172457466126594,2.594037171618963,1.2334743804474966,1.240138535788183,2.6141767580024684,1.2164859043302598,1.2165035183670576,1.2322255016384134,1.2042093782153565,1.2042268511611547,2.540564375151906,2.5405761070177015,-0.035911684627028206,-0.03592915757282644,-0.07360065098476687,-0.0736123828505626,False,False,0.0,0.13211679612305438,0.06660424744478134,0.13320849488956268
1665,27.75,True,False,51.13758529352241,50.0,63.410601645152845,50.862451842139954,51.85351300524995,51.85305416588619,74.0,1.137585293522413,2.5940034849541576,2.6199435198036993,2.5405702410848034,1.2123735739303019,2.6001968791802974,1.2288417815768804,1.235624034839684,2.6199435198036993,1.2122904580606562,1.2123080250822265,1.2275975932222083,1.1997780861125187,1.199795512525195,2.5462785371874816,2.5462902171625923,-0.035828522314489186,-0.0358459487271654,-0.07365330264110703,-0.07366498261621768,False,False,0.0,0.13320849488956268,0.06714432647547096,0.13428865295094192
1670,27.833333333333332,True,False,51.19557500089079,50.0,63.45699589003107,50.92026021897176,51.905925502546346,51.905467388749315,74.0,1.1955750008907913,2.599974231426079,2.62597397374034,2.546284377175037,1.2074499333591118,2.606630968231753,1.224143127503135,1.231046643094951,2.62597397374034,1.2080209540733386,1.208038474239794,1.2229036964726676,1.1952864856345378,1.195303865670957,2.5522468535260847,2.552258482052502,-0.03574277742399401,-0.03576015746041317,-0.07371549168783798,-0.07372712021425532,False,False,0.0,0.13428865295094192,0.06767884239133752,0.13535768478267504
1675,27.916666666666668,True,False,51.253309740112336,50.0,63.503051512833544,50.977808764966966,51.9583409989818,51.95788359939949,74.0,1.2533097401123356,2.606201864776771,2.632263883424539,2.5522526677892934,1.2024783648943702,2.613335355348226,1.219382499365159,1.2264104384889198,2.632263883424539,1.2036818448437407,1.203699318314125,1.218147888417252,1.1907384897038436,1.190755823519845,2.5584651573775123,2.5584767348929445,-0.03565461496907485,-0.03567194878507629,-0.0737871485315944,-0.07379872604702653,False,False,0.0,0.13535768478267504,0.06820799718939505,0.1364159943787901
1680,28.0,True,False,51.31074467235476,50.0,63.548802840653494,51.03505285665454,52.010706289536344,52.01024959323106,74.0,1.3107446723547582,2.6126820784212286,2.638808899205441,2.5584709461352286,1.1974622686534346,2.6203057507986856,1.2145638236958713,1.2217193130981923,2.638808899205441,1.1992773971487845,1.1992948240810835,1.2133340916158433,1.1861378332274453,1.1861551209778574,2.564929183433488,2.564940710371397,-0.0355641921203349,-0.035581479870747,-0.073868188834044,-0.07387971577195263,False,False,0.0,0.1364159943787901,0.06873198741087197,0.13746397482174394
1685,28.083333333333332,True,False,51.36783916984098,50.0,63.59428673728525,51.09195208101344,52.06297240549268,52.062516401896964,74.0,1.3678391698409769,2.61941047788569,2.645604582664547,2.5649349469024427,1.1924049099376701,2.627537688749549,1.2096908771813462,1.2169769800573795,2.645604582664547,1.1948116965512248,1.1948290771023857,1.2084660788903876,1.1814880796776908,1.181505321516347,2.571634590470074,2.571646067259719,-0.035471658541032625,-0.03548890037968877,-0.0739585154048279,-0.07396999219447276,False,False,0.0,0.13746397482174394,0.06925100400395176,0.13850200800790352
1690,28.166666666666668,True,False,51.424556535765376,50.0,63.63954207990219,51.148469954156056,52.11509437951602,52.11463905839164,74.0,1.424556535765376,2.6263826025893575,2.652646428615251,2.5716403288648966,1.1873094241150992,2.6350265550423226,1.2047672913924776,1.2121869805490224,2.652646428615251,1.1902886522775253,1.1903059866034684,1.2035474781863287,1.1767926278836343,1.1768098239633844,2.578576981627839,2.5785884086943196,-0.035377156585638,-0.03539435266538815,-0.07405801992093153,-0.07406944698741214,False,False,0.0,0.13850200800790352,0.06976523224895548,0.13953046449791096
1695,28.25,True,False,51.48086373947811,50.0,63.6846092746338,51.20457365638704,52.16703101721908,52.16657636861871,74.0,1.4808637394781101,2.6335939453630943,2.659929884816725,2.5785826951610793,1.1821788213300846,2.6427676126991857,1.199796557465998,1.2073526906905045,2.659929884816725,1.1857120024665193,1.1857292907221517,1.198581777067966,1.1720547185594716,1.1720718690321974,2.5857519225664616,2.585763300330757,-0.03528082165830715,-0.03529797213103292,-0.07416658448596802,-0.07417796225026363,False,False,0.0,0.13953046449791096,0.07027485173359393,0.14054970346718787
1700,28.333333333333332,True,False,51.536731166399846,50.0,63.729529809587085,51.26023378234316,52.218744677517805,52.2182906917495,74.0,1.5367311663998464,2.641039969898189,2.6674503695971707,2.585757611448609,1.1770159910461402,2.650756025303319,1.1947820307166057,1.2024773283179548,2.6674503695971707,1.1810853196189228,1.1811025619581534,1.1935723274773864,1.167277440842053,1.16729454585868,2.593154957676067,2.5931662865550775,-0.03518278245927475,-0.03519988747590186,-0.07428408304209322,-0.07429541192110367,False,False,0.0,0.14054970346718787,0.07078003636808497,0.14156007273616994
1705,28.416666666666668,True,False,51.59213238209645,50.0,63.77434584383708,51.31542410470117,52.270201061293214,52.26974772888732,74.0,1.5921323820964517,2.6487161263040617,2.6752032875671024,2.5931606221155725,1.17182370642774,2.6589868783937307,1.189726935166048,1.1975639596818566,2.6752032875671024,1.1764120162115836,1.1764292127873408,1.188522350141966,1.1624637387016283,1.1624807984121395,2.6007816245140933,2.600792904920679,-0.03508316126971711,-0.03510022098022825,-0.0744103826464233,-0.07442166305300901,False,False,0.0,0.14156007273616994,0.07128095443175936,0.14256190886351872
1710,28.5,True,False,51.64704390992417,50.0,63.819099830899916,51.37012135034716,52.32136900859444,52.32091632027312,74.0,1.6470439099241716,2.656617864940264,2.683184043589667,2.600787264717386,1.1666046285668006,2.667455199007274,1.1846343679783282,1.1926155060543624,2.683184043589667,1.171695350412364,1.1717125013766019,1.1834349391283014,1.1576164173029828,1.1576334318564323,2.6086274666235387,2.608638698966561,-0.03498207419793009,-0.03499908875137958,-0.07454534462310569,-0.07455657696612805,False,False,0.0,0.14256190886351872,0.07177776864442276,0.14355553728884551
1715,28.583333333333332,True,False,51.70144502164643,50.0,63.863834175197326,51.42430499278013,52.372220303995526,52.37176825064451,74.0,1.7014450216464283,2.6647406486754397,2.6913880551621943,2.60863308279505,1.161361310559304,2.6761559734935485,1.1795073037929424,1.1876347500275826,2.6913880551621943,1.1669384318645595,1.166955537368278,1.1783130660300687,1.1527381489312087,1.1527551184757314,2.6166880448764758,2.6166992295608367,-0.03487963155185114,-0.034896601096373825,-0.07468882560135759,-0.07470001028571849,False,False,0.0,0.14355553728884551,0.07227063625688544,0.14454127251377089
1720,28.666666666666668,True,False,51.75531754042239,50.0,63.90859092002329,51.477957052836565,52.42272949225341,52.42227806489602,74.0,1.7553175404223893,2.6730799637139753,2.699810763351115,2.616693637218656,1.1560962014373422,2.6850841637215046,1.174348598950284,1.1826243418265858,2.699810763351115,1.162144227399164,1.1621612875924168,1.1731595843169544,1.1478314792024615,1.1478484038852885,2.6249589474753257,2.624970084902004,-0.0347759379412973,-0.03479286262412429,-0.07484067844911113,-0.07485181587578937,False,False,0.0,0.14454127251377089,0.07275970915614437,0.14551941831228873
1725,28.75,True,False,51.808645655572555,50.0,63.953411465531254,51.531061914861574,52.47287370056785,52.472422890341086,74.0,1.8086456555725547,2.681631329119926,2.7084476424111252,2.6249645161886646,1.1508116499616747,2.694234721789881,1.1691609956051838,1.1775868052692295,2.7084476424111252,1.1573155668029251,1.1573325818348363,1.1679772333614438,1.1428988325759695,1.1429157125434388,2.6334357987338883,2.6334468892999823,-0.03467109272579072,-0.03468797269326007,-0.07500075311114296,-0.0750118436772369,False,False,0.0,0.14551941831228873,0.07324513398151118,0.14649026796302236
1730,28.833333333333332,True,False,51.861415748536764,50.0,63.99833631527266,51.583606151830594,52.52263247158,52.52218226971264,74.0,1.8614157485367642,2.6903903051573512,2.7172942082089246,2.6334413440169353,1.145509908279714,2.703602603347086,1.163947125726037,1.1725245436376919,2.7172942082089246,1.1524551484180956,1.1524721184368678,1.1627686424656076,1.1379425181425415,1.1379593535401096,2.642114266750172,2.6421253108489355,-0.0345651900975823,-0.034582025495150326,-0.0751688973599891,-0.07517994145875262,False,False,0.0,0.14649026796302236,0.07372705224870164,0.1474541044974033
1735,28.916666666666668,True,False,51.91361622945396,50.0,64.04340484983462,51.63557836159366,52.57198760308151,52.571538000874014,74.0,1.9136162294539574,2.699352500556551,2.726346025562117,2.642119788799554,1.1401931354536776,2.713182779619911,1.1587095149781528,1.1674398453292725,2.726346025562117,1.1475655447234796,1.1475824698764125,1.1575363347414624,1.1329647349214307,1.1329815258936846,2.6509900700740516,2.651001068094931,-0.03445831943558786,-0.03447511040784179,-0.07534495746718584,-0.07535595548806517,False,False,0.0,0.1474541044974033,0.07420560047948524,0.14841120095897048
1740,29.0,True,False,51.96523738380867,50.0,64.08865512614454,51.68696901458683,52.62092299679225,52.62047398559863,74.0,1.9652373838086703,2.708513578806638,2.7355987145947047,2.6509955690844915,1.1348634008634844,2.7229702482444473,1.1534505864909614,1.162334889242311,2.7355987145947047,1.1426492077601098,1.1426660881936064,1.1522827308595425,1.1279675770404423,1.127984323731111,2.6600589834640966,2.6600699357927713,-0.03435056551120019,-0.03436731220186884,-0.07552877880193343,-0.07553973113060808,False,False,0.0,0.14841120095897048,0.07468091033482191,0.14936182066964382
1745,29.083333333333332,True,False,52.01627122860858,50.0,64.13412370103416,51.73777030760175,52.66942451518868,52.668976086399816,74.0,2.0162712286085807,2.7178692635665724,2.7450479562022383,2.660064459628434,1.129522687488806,2.7329600429868437,1.1481726645094543,1.1572117501179582,2.7450479562022383,1.1377084744207266,1.1377253102803075,1.1470101527242607,1.1229530389220408,1.1229697414740052,2.6693168428202267,2.6693277498386423,-0.03424200864395299,-0.03425871119591739,-0.075720206363596,-0.07573111338201155,False,False,0.0,0.14936182066964382,0.0751531087500322,0.1503062175000644
1750,29.166666666666668,True,False,52.066711377576254,50.0,64.17984547768191,51.78797603114747,52.717479844639605,52.717031989668286,74.0,2.0667113775762544,2.7274153432790245,2.7546894967118147,2.6693222963294345,1.1241728950745327,2.74314724243608,1.1428779779308782,1.1520724034699106,2.7546894967118147,1.1327455716567716,1.1327623630870876,1.1417208269442654,1.1179230198372292,1.1179396783925366,2.678759549371379,2.6787704114577857,-0.03413272507737397,-0.034149383632681385,-0.07591908525402902,-0.07592994734043579,False,False,0.0,0.1503062175000644,0.07562231807061283,0.15124463614122566
1755,29.25,True,False,52.11655291485899,50.0,64.2258535735829,51.837581441873326,52.765078368135896,52.764631078403184,74.0,2.1165529148589926,2.737147675064305,2.764519151814948,2.6787649804145826,1.1188158431837605,2.7535269777457163,1.1375686637281888,1.1469187304699973,2.764519151814948,1.1277626214333925,1.1277793685782358,1.136416888361373,1.1128793287619254,1.1128959434617947,2.688383073190783,2.688393890719776,-0.034022787008202604,-0.03403940170807185,-0.07612526109517193,-0.07613607862416494,False,False,0.0,0.15124463614122566,0.07608865618770899,0.15217731237541798
1760,29.333333333333332,True,False,52.165792276781836,50.0,64.27217920872656,51.88658314510769,52.812211043148494,52.81176431007182,74.0,2.1657922767818363,2.747062187965006,2.774532809844656,2.68838848195528,1.1134532741422702,2.764094439496661,1.1322467702621386,1.1417525225394547,2.774532809844656,1.1227616456128893,1.1227783486152014,1.1311003832573534,1.1078236886100508,1.1078402595948889,2.6981834561051525,2.6981942294477,-0.03391226294456584,-0.033928833929403934,-0.07633858039695607,-0.07634935373950347,False,False,0.0,0.15217731237541798,0.07655223667246205,0.1531044733449241
1765,29.416666666666668,True,False,52.21442714118924,50.0,64.31885161269739,51.93497898291011,52.858870287877004,52.858424102859175,74.0,2.2144271411892404,2.7571548856058894,2.7847264344619482,2.6981888427764265,1.1080868558783106,2.7748448837483193,1.126914260484187,1.136575485837193,2.7847264344619482,1.1177445706025624,1.1177612296044488,1.1257732725900043,1.1027577406722566,1.1027742680816637,2.7081568140583534,2.7081675435818395,-0.033801217755529356,-0.03381774516493641,-0.0765588908801087,-0.07656962040359483,False,False,0.0,0.1531044733449241,0.07701316890850535,0.1540263378170107
1770,29.5,True,False,52.262456323942736,50.0,64.3658979494492,51.982767931177996,52.90504987241739,52.90460422683712,74.0,2.262456323942736,2.767421848327984,2.7950960668112637,2.7081621788200962,1.1027181846613896,2.7857736373410695,1.1215730150326235,1.1313892454684629,2.7950960668112637,1.1127132319057838,1.1127298470485223,1.1204374350827948,1.097683048509046,1.09769953248183,2.7182993389849175,2.7183100250531727,-0.033689712986632925,-0.03370619695941679,-0.076786041758091,-0.07679672782634617,False,False,0.0,0.1540263378170107,0.07747155822222083,0.15494311644444167
1775,29.583333333333332,True,False,52.30987968216194,50.0,64.41334325854052,52.029950003550454,52.95074481760019,52.95029970280355,74.0,2.3098796821619416,2.777859234850686,2.8056378271991926,2.718304682019045,1.0973487877436265,2.796876102508848,1.1162248352244735,1.1261953495022228,2.8056378271991926,1.1076693784391252,1.107685949863181,1.1150946702412967,1.0926011018678161,1.0926175425419988,2.7286073002438416,2.728617943217181,-0.033577806960223944,-0.03359424763440666,-0.07701988398201154,-0.07703052695535106,False,False,0.0,0.15494311644444167,0.07792750601028212,0.15585501202056423
1780,29.666666666666668,True,False,52.356698023816776,50.0,64.46121041165819,52.076526159519595,52.99595129932554,52.99550670661883,74.0,2.356698023816776,2.788463283510902,2.816347916346011,2.7286126217305116,1.0919801259070974,2.808147760856689,1.1108714459458666,1.1209952729002088,2.816347916346011,1.1026146766994551,1.1026312045444844,1.1097467012085418,1.0875133204531546,1.0875297179659853,2.7390770456586666,2.739087645893922,-0.03346555493422354,-0.03348195244705421,-0.07726027045208905,-0.0772708706873444,False,False,0.0,0.15585501202056423,0.07838110986422064,0.1567622197284413
1785,29.75,True,False,52.402913023298545,50.0,64.50952008329477,52.12249822106785,53.04066655795622,53.04022247859952,74.0,2.402913023298545,2.7992303131239376,2.827222616255177,2.7390823457762945,1.0866135959204992,2.8195841767543794,1.1055144984436134,1.1157904211516962,2.827222616255177,1.097550714788414,1.0975671991932792,1.10439517756181,1.0824210573313204,1.0824374118192819,2.749705002205778,2.749715560056336,-0.03335300933241436,-0.03336936382037581,-0.0775070561988409,-0.07751761404939916,False,False,0.0,0.1567622197284413,0.0788324636918108,0.1576649273836216
1790,29.833333333333332,True,False,52.4485271426168,50.0,64.55829073448766,52.16786879334338,53.084888814146865,53.08444523934877,74.0,2.448527142616797,2.8101567235068226,2.8382582907418907,2.749710281131057,1.0812505329083184,2.831181000193883,1.1001555730208026,1.1105821338052466,2.8382582907418907,1.0924790062228857,1.092495447325664,1.0990416779922727,1.0773256023897917,1.077341913988612,2.760487676389052,2.7604981922048806,-0.03324021981663461,-0.033256531415454926,-0.07776009853701016,-0.07777061435283894,False,False,0.0,0.1576649273836216,0.07928165783513208,0.15856331567026416
1795,29.916666666666668,True,False,52.493543557886966,50.0,64.60753860856704,52.21264119145342,53.12861718892363,53.12817410983673,74.0,2.493543557886966,2.8212389957010924,2.8494513856581034,2.760492934296966,1.0758922126355972,2.8429339691549447,1.0947961816392269,1.1053716877944408,2.8494513856581034,1.0874009936187048,1.0874173915566983,1.0936877129260665,1.0722281854498665,1.0722444542945275,2.7714216543355388,2.771432128463232,-0.03312723349991331,-0.033143502344574305,-0.07801925719487146,-0.07802973132256463,False,False,0.0,0.15856331567026416,0.07972877918516007,0.15945755837032013
1800,30.0,True,False,52.53796609079243,50.0,64.65727773790354,52.25681937153951,53.17185162930286,53.1714090370203,74.0,2.5379660907924304,2.8324736919286924,2.8607984288479793,2.7714268913993854,1.070539853711271,2.8548389115201886,1.0894377704314546,1.1001603006311689,2.8607984288479793,1.0823180521823144,1.082334407092057,1.0883347270575088,1.0671299793775941,1.0671462056023413,2.78250360164376,2.7825140344265584,-0.03301409502882757,-0.033030321253574746,-0.07828439442142088,-0.07829482720421943,False,False,0.0,0.15945755837032013,0.08017391129293612,0.16034782258587224
1805,30.083333333333332,True,False,52.58179914472075,50.0,64.70751996068762,52.30040786695015,53.214592837916655,53.214150723469146,74.0,2.5817991447207476,2.843857455311575,2.8722960298646907,2.782508818035159,1.0651946197129498,2.8668917465781636,1.0840817221253423,1.0949491334223331,2.8722960298646907,1.0772314930703215,1.0772478050875935,1.0829841016919546,1.0620321029253956,1.0620482866637444,2.7937302630132006,2.7937406547910353,-0.03290084675858873,-0.032917030496937505,-0.0785553750736554,-0.07856576685149008,False,False,0.0,0.16034782258587224,0.08061713447716481,0.16123426895432963
1810,30.166666666666668,True,False,52.6250476452909,50.0,64.75827494681508,52.34341172903149,53.256842207430566,53.256400561784424,74.0,2.6250476452908984,2.855387009382749,2.883940879476577,2.793735458902118,1.059857621235916,2.879088486150077,1.0787293583837623,1.0897392937246788,2.883940879476577,1.0721425665757387,1.0721588358355711,1.0776371571472283,1.0569356234814282,1.0569517648661773,2.805098461681048,2.805108812790568,-0.03278752885850156,-0.03280367024325059,-0.07883206668600895,-0.0788424177955287,False,False,0.0,0.16123426895432963,0.08105852592833736,0.16211705185667472
1815,30.25,True,False,52.66771698500398,50.0,64.80955023199623,52.3858364720684,53.29860175904985,53.298160573105626,74.0,2.6677169850039775,2.8670591574139515,2.895729748988091,2.805103637235808,1.0545299178690108,2.8914252353734127,1.0733819420622552,1.0845318382524693,2.895729748988091,1.0670524651659412,1.0670686918026282,1.0722951550232664,1.0518415596469222,1.0518576588101567,2.816605098689693,2.816615409464295,-0.032674179442312656,-0.032690278605547185,-0.07911433952379587,-0.07912465029839799,False,False,0.0,0.16211705185667472,0.08149815980940278,0.16299631961880556
1820,30.333333333333332,True,False,52.70981297176422,50.0,64.86135125924763,52.42768802024305,53.339874085053175,53.33943334964492,74.0,2.7098129717642223,2.878870781582744,2.907659489398571,2.816610254076994,1.0492125200999873,2.9038981931732963,1.06804067938729,1.0793277755262989,2.907659489398571,1.0619623263697824,1.0619785105168877,1.066959300325334,1.0467508838234034,1.0467669408965088,2.8282471520063552,2.8282574227762227,-0.03256083462979009,-0.03257689170289546,-0.0794020666223485,-0.07941233739221598,False,False,0.0,0.16299631961880556,0.08193610735296719,0.16387221470593438
1825,30.416666666666668,True,False,52.751341781032416,50.0,64.9136814269678,52.46897266218291,53.38066229412434,53.380222000019444,74.0,2.7513417810324157,2.890818841999692,2.919727030419689,2.828252287391289,1.0439063911528268,2.916503652450202,1.0627067220577433,1.0741280682128764,2.919727030419689,1.0568732355625219,1.0568893773528913,1.0616307435579528,1.041664524319256,1.0416805394329214,2.8400216755141545,2.840031906606284,-0.03244752877995505,-0.032463543893620495,-0.07969512381340493,-0.07970535490553443,False,False,0.0,0.16387221470593438,0.08237243695520541,0.16474487391041082
1830,30.5,True,False,52.79230991138623,50.0,64.96654214284024,52.50969700431106,53.42096996211409,53.420530100013835,74.0,2.7923099113862335,2.9029003756142937,2.9319293793704366,2.840026791060219,1.0386124487594057,2.9292380000105593,1.0573811692721538,1.0689336355383876,2.9319293793704366,1.0517862285304345,1.0518023280961994,1.0563105828334756,1.036583367848166,1.036599341132396,2.8519257978920827,2.851935989630315,-0.03233429440599167,-0.032350267690221646,-0.07999338974012149,-0.08000358147835396,False,False,0.0,0.16474487391041082,0.08280721426641999,0.16561442853283997
1835,30.583333333333332,True,False,52.83272414327568,50.0,65.01993288284744,52.549867931276516,53.46080108367298,53.46036164421344,74.0,2.8327241432756765,2.915112495016533,2.9442636199666983,2.8519308937611987,1.033331566867846,2.9420977162648567,1.0520650696842542,1.0637453554075456,2.9442636199666983,1.0467022940090522,1.0467183514816427,1.0509998657463713,1.0315082613486897,1.0315241929328112,2.863956721399638,2.863966874104694,-0.03222116247473439,-0.032237094058855886,-0.0802967458620043,-0.08030689856706008,False,False,0.0,0.16561442853283997,0.08324050227842113,0.16648100455684225
1840,30.666666666666668,True,False,52.872591500773844,50.0,65.07385125472096,52.58949256668541,53.50016002937841,53.49972100313198,74.0,2.8725915007738436,2.9274523871492915,2.9567269110207843,2.8639617977521663,1.0280645772897732,2.955079374716035,1.046759423289188,1.0585640665226401,2.9567269110207843,1.041622375991877,1.0416383915020282,1.0456995912475122,1.0264400141966459,1.0264559042093144,2.8761117205803943,2.8761218345698993,-0.032108162313325694,-0.032124052325994246,-0.080605076450885,-0.08061519044039,False,False,0.0,0.16648100455684225,0.08367236140880165,0.1673447228176033
1845,30.75,True,False,52.91191921613472,50.0,65.12829306519157,52.628578237413606,53.53905150379516,53.53861288127253,74.0,2.91191921613472,2.9399173119453406,2.969316485064794,2.876116777575147,1.0228122712886416,2.968179641259268,1.041465183242793,1.053390570355432,2.969316485064794,1.0365473760038089,1.0365633496815687,1.0404107115623902,1.0213793999645568,1.021395248533767,2.8883881408972543,2.888398216485774,-0.03199532182166509,-0.0320111703908752,-0.08091826857901996,-0.08092834416753991,False,False,0.0,0.1673447228176033,0.08410284958217445,0.1682056991643489
1850,30.833333333333332,True,False,52.95071469698091,50.0,65.18325239044356,52.66713244247768,53.57748050741471,53.577042279067236,74.0,2.95071469698091,2.952504600901277,2.9820296469102896,2.8883931786915142,1.0175754011112101,2.981395273312638,1.0361832576162167,1.0482256329277426,2.9820296469102896,1.0314781552097976,1.031494087184535,1.035134133831116,1.0163271581485795,1.0163429654016702,2.9007833973110015,2.900793434810068,-0.031882667526072384,-0.03189847477916308,-0.08123621210022147,-0.08124624959928806,False,False,0.0,0.1682056991643489,0.08453202230850486,0.16906404461700972
1855,30.916666666666668,True,False,52.98898549595414,50.0,65.238721649214,52.70516282098908,53.6154523015284,53.615014457750824,74.0,2.9889854959541395,2.9652116555995245,2.9948637721555196,2.900788416060535,1.0123546814641753,2.994723118796753,1.0309145110881175,1.043069986636192,2.9948637721555196,1.0264155363977967,1.026431426798211,1.0298707218509209,1.0112839959826756,1.0112997620463389,2.9132949728124777,2.9133049725306237,-0.031770224589853235,-0.031785990653516505,-0.08155879962489587,-0.08156879934304184,False,False,0.0,0.16906404461700972,0.08495993275856392,0.16991986551712784
1860,31.0,True,False,53.02673928267225,50.0,65.29469167801639,52.74267712490263,53.65297237429308,53.65253490542682,74.0,3.026739282672253,2.978035946188369,3.0078163056502527,2.9132999726715507,1.007150790937894,3.0081601149799724,1.0256597665765694,1.0379243318709177,3.0078163056502527,1.021360305908555,1.02137615486268,1.0246212977015148,1.006250589885449,1.006266314885737,2.9259204169176876,2.9259303791604707,-0.03165801698518078,-0.031673741985468684,-0.08188592648978199,-0.08189588873256515,False,False,0.0,0.16991986551712784,0.08538663183674618,0.17077326367349235
1865,31.083333333333332,True,False,53.06398381784441,50.0,65.35115180800273,52.77968319279387,53.69004641031564,53.689609306652216,74.0,3.0639838178444094,2.9909750098289964,3.0208847599272866,2.9259253980390794,1.0019643733790733,3.021703287204609,1.020419806812792,1.0327893385901463,3.0208847599272866,1.0163132154113266,1.0163290230465412,1.0193866433411587,1.0012275870514964,1.001243271113828,2.9386573441342123,2.938667269204249,-0.031546067476318385,-0.03156175153864993,-0.08221749072303774,-0.08222741579307424,False,False,0.0,0.17077326367349235,0.0858121682511693,0.1716243365023386
1870,31.166666666666668,True,False,53.10072692940625,50.0,65.40808994301415,52.816188927020896,53.72668026158551,53.7262435133704,74.0,3.1007269294062496,3.0040264491175215,3.0340667136086967,2.9386623066692303,0.9967960392142203,3.0353497475083087,1.0151953758587045,1.027665647747608,3.0340667136086967,1.0112749836169779,1.0112907500600146,1.014167502056307,0.9962156067328979,0.9962312499820664,2.951503432406336,2.951513320603327,-0.03143439776554169,-0.03145004101471016,-0.0825533930053699,-0.0825632812023609,False,False,0.0,0.1716243365023386,0.08623658858132403,0.17247317716264807
1875,31.25,True,False,53.136976490544065,50.0,65.46549263840328,52.85220227013004,53.762879921450256,53.76244351888704,74.0,3.1369764905440647,3.017187930489185,3.047359809794077,2.9515083765048313,0.9916463667256031,3.0490966931536745,1.0099871805702627,1.022553872749386,3.047359809794077,1.006246297855465,1.0062620232324153,1.0089645800137532,0.9912152417452669,0.9912308443054468,2.964456421545598,2.964466273166359,-0.03132302844393908,-0.031338631004119044,-0.0828935366277177,-0.08290338824847865,False,False,0.0,0.17247317716264807,0.08665993734323042,0.17331987468646085
1880,31.333333333333332,True,False,53.17274039948593,50.0,65.52334518024472,52.88773118596733,53.798651498973555,53.798215432228346,74.0,3.1727403994859316,3.0304571826110913,3.0607617544372023,2.9644613473559787,0.98651590328139,3.062941405078165,1.0047958920084845,1.0174546007047411,3.0607617544372023,1.001227815629488,1.0012435000658093,1.003778547578486,0.9862270595269493,0.9862426215217032,2.977514111652658,2.9775239269911484,-0.031211979183037974,-0.031227541177791807,-0.0832378274460539,-0.08324764278454433,False,False,0.0,0.17331987468646085,0.08708225705234157,0.17416451410468314
1885,31.416666666666668,True,False,53.20802656094418,50.0,65.58163166458088,52.92278364067807,53.834001196812835,53.833565456018974,74.0,3.2080265609441767,3.043831994769167,3.0742703147168586,2.977519019321903,0.9814051665215953,3.0768812462753514,0.9996221467999685,1.012368393676943,3.0742703147168586,0.9962201660110666,0.9962358096315894,0.9986100407194045,0.9812516034564984,0.9812671250087832,2.9906743615357856,2.990684140883134,-0.031101268668159765,-0.031116790220444557,-0.08358617383372469,-0.08359595318107305,False,False,0.0,0.17416451410468314,0.08750358828415288,0.17500717656830575
1890,31.5,True,False,53.24284286910125,50.0,65.64033507638064,52.95736758598074,53.868935289537205,53.86849986480015,74.0,3.2428428691012527,3.057310215254387,3.0878833174069307,2.9906792512094595,0.9763146455013869,3.0909136601176934,0.9944665484486993,1.007295789831087,3.0878833174069307,0.9912239510106151,0.9912395539395511,0.9934596623564631,0.9762893938624301,0.9763048750946042,3.0039350871306314,3.0039448307751684,-0.030990914736482855,-0.031006395968656952,-0.08393848663176229,-0.08394823027629927,False,False,0.0,0.17500717656830575,0.08792396973270702,0.17584793946541405
1895,31.583333333333332,True,False,53.27719719203761,50.0,65.69943736791762,52.99149094367223,53.90346010439187,53.903024985794424,74.0,3.2771971920376117,3.0708897497527254,3.1015986472502526,3.0039399589529,0.9712448017932703,3.1050361686301877,0.989329668600824,1.0022373045230506,3.1015986472502526,0.9862397468336157,0.9862553091945624,0.988327983546742,0.9713409291201569,0.9713563701539863,3.017294259925419,3.017303968152697,-0.03088093436906425,-0.030896375402893694,-0.08429467909755539,-0.08430438732483347,False,False,0.0,0.17584793946541405,0.08834343826707358,0.17668687653414716
1900,31.666666666666668,True,False,53.31109735750589,50.0,65.75891953630153,53.025161590652424,53.93758200304273,53.93714718065022,74.0,3.3110973575058935,3.084568559742783,3.115414245340211,3.017299114039058,0.9661960705495967,3.1192463707234404,0.9842120482640745,0.9971934313590192,3.115414245340211,0.9812681050863045,0.9812836270022542,0.9832155447290917,0.9664066866533205,0.9664220876099848,3.0307499053952207,3.030759578488051,-0.03077134374903434,-0.030786744705698643,-0.08465466685216017,-0.08466433994499045,False,False,0.0,0.17668687653414716,0.08876202898582439,0.17752405797164877
1905,31.75,True,False,53.344551139962306,50.0,65.8187616999229,53.05838734690148,53.97130736460461,53.970872828470526,74.0,3.344551139962306,3.0983446609045417,3.129328107513587,3.030754741941636,0.9611688615268025,3.133541940394019,0.9791141989834086,0.9921646431225691,3.129328107513587,0.9763095539173141,0.9763250355106607,0.9781228569687755,0.9614871237863967,0.9615024847864962,3.044300101448488,3.0443097396869576,-0.030662158336072887,-0.030677519336172465,-0.08501836782662942,-0.08502800606509897,False,False,0.0,0.17752405797164877,0.08917977526968494,0.1783595505393699
1910,31.833333333333332,True,False,53.377566248771274,50.0,65.8789431735967,53.091175963274715,54.00464257064524,54.00420831081689,74.0,3.3775662487712736,3.1122161215423034,3.1433382827577265,3.044304920567723,0.9561635600727321,3.1479206248992506,0.9740366039744215,0.9871513927017532,3.1433382827577265,0.971364599066562,0.9713800404591055,0.9730504029678287,0.9565826786832542,0.9565979998468157,3.0579429768886848,3.057952580550193,-0.030553392854937522,-0.030568714018499032,-0.0853857022075335,-0.08539530586904176,False,False,0.0,0.1783595505393699,0.08959670883240285,0.1791934176648057
1915,31.916666666666668,True,False,53.410150317504446,50.0,65.93944254221259,53.12353511155593,54.0375939907965,54.03715999732087,74.0,3.4101503175044456,3.1261810610244547,3.157442871634699,3.0579477787194387,0.9511805280783517,3.1623802429130303,0.968979719216015,0.9821541139131751,3.157442871634699,0.9664337248784185,0.9664491261913717,0.9679986382511289,0.9516937710774234,0.9517090525239054,3.0716767098934237,3.071686279252699,-0.030445061389269723,-0.03046034283575172,-0.08575659238200029,-0.08576616174127549,False,False,0.0,0.1791934176648057,0.09001285976988627,0.18002571953977253
1920,32.0,True,False,53.44231089426067,50.0,66.00023773272419,53.15547237360979,54.070167970228844,54.06973423315851,74.0,3.4423108942606717,3.140237648242366,3.17164002472479,3.0716814945730615,0.9462201048951124,3.1769186826686115,0.9639439745037518,0.9771732223554955,3.17164002472479,0.9615173952271879,0.9615327565811843,0.9629679921767548,0.9468208031680192,0.9468360450163191,3.0854995265132494,3.085509061842385,-0.030337177339176402,-0.03035241918747633,-0.08613096288240474,-0.08614049821154035,False,False,0.0,0.18002571953977253,0.09042825660777731,0.18085651321555463
1925,32.083333333333336,True,False,53.4740554329373,50.0,66.06130608432812,53.18699523385359,54.102370817102,54.101937326501314,74.0,3.4740554329372983,3.1543841000904154,3.1859279410913195,3.0855042941778175,0.9412826082191792,3.1915339000938308,0.9589297744652894,0.9722091161157824,3.1859279410913195,0.9566160544330189,0.9566313759481165,0.9579588689463435,0.9419641601933147,0.9419793625617737,3.0994096991918854,3.099419200760356,-0.030229753554008698,-0.030244955922467676,-0.08650874033096345,-0.08651824189943413,False,False,0.0,0.18085651321555463,0.09084292634741542,0.18168585269483084
1930,32.166666666666664,True,False,53.50539128538842,50.0,66.1226244167062,53.21811107011917,54.13420879236059,54.13377553831175,74.0,3.50539128538842,3.1686186799688407,3.200304866768529,3.0994144499761207,0.9363683349436995,3.2062239169437152,0.9539374995392286,0.9672621765347231,3.200304866768529,0.9517301280708349,0.9517454098665247,0.9529716486447343,0.9371242112811642,0.9371393742875733,3.113405545309489,3.113415013384186,-0.030122802247149805,-0.03013796525355894,-0.08688985338434296,-0.08689932145904011,False,False,0.0,0.18168585269483084,0.09125689451039311,0.18251378902078622
1935,32.25,True,False,53.536325694408994,50.0,66.18416909622026,53.24882714928186,54.16568809903098,54.16525507164042,74.0,3.536325694408994,3.182939696310884,3.2147690932739925,3.1134102793468372,0.9314775619802412,3.220986818934966,0.9489675069186672,0.9623327687658184,3.2147690932739925,0.9468600237895373,0.946875265984748,0.9480066880892537,0.9323013098221598,0.9323164335837654,3.127485425750275,3.1274948605955224,-0.030016335182053044,-0.030031458943658662,-0.08727423267847012,-0.08728366752371741,False,False,0.0,0.18251378902078622,0.09167018518166424,0.18334037036332848
1940,32.333333333333336,True,False,53.566865787488254,50.0,66.24591609996838,53.27915061736424,54.19681487464421,54.19638206404891,74.0,3.566865787488254,3.1973455011354375,3.229318956146792,3.1274901431728988,0.9266105470504948,3.2358207538863906,0.9440201314607042,0.9574212425553106,3.229318956146792,0.942006131993418,0.94202133470652,0.9430643217961461,0.927495794458439,0.9275108790919486,3.141647743495556,3.141657145373146,-0.029910363463361955,-0.029925448096871587,-0.08766181077364621,-0.08767121265123601,False,False,0.0,0.18334037036332848,0.09208282105136509,0.18416564210273018
1945,32.416666666666664,True,False,53.59701857127886,50.0,66.30784107762663,53.30908849727326,54.227595181046915,54.227162577420806,74.0,3.597018571278859,3.2118344886262293,3.2439528335124916,3.141652444434351,0.9217675294492897,3.250723929868959,0.9390956865631039,0.9525279326983673,3.2439528335124916,0.9371688266203861,0.9371839899692022,0.9381448628445015,0.922707989218184,0.9227230348397715,3.1558909422431873,3.1559003114123927,-0.029804897858595858,-0.029819943480183353,-0.08805252210009895,-0.0880618912693043,False,False,0.0,0.18416564210273018,0.0924948234553313,0.1849896469106626
1950,32.5,True,False,53.626790926732035,50.0,66.36991941101542,53.33864768280024,54.25803499896587,54.25760259252639,74.0,3.626790926732035,3.2264050937383693,3.258669144675753,3.15589562682779,0.9169487307799432,3.2656946133688054,0.934194465009273,0.9476531596424229,3.258669144675753,0.9323484657171606,0.9323635898189654,0.9332486037108993,0.9179382043702071,0.9179532110955178,3.170213505054108,3.1702228417717198,-0.029699948546905164,-0.029714955272215793,-0.08844630290403321,-0.08845563962164515,False,False,0.0,0.1849896469106626,0.09290621241442971,0.18581242482885943
1955,32.583333333333336,True,False,53.65618960485208,50.0,66.43212627134457,53.367834933494656,54.288140220211304,54.28770800122583,74.0,3.6561896048520808,3.241055790832947,3.2734663487412763,3.1702181734129136,0.9121543556629219,3.280731127466146,0.929316739782675,0.9427972300463717,3.2734663487412763,0.9275453921015946,0.9275604770731242,0.9283758171333375,0.9131867367945657,0.9132017047387223,3.1846139530266075,3.1846232575469497,-0.029595525307649417,-0.02961049325180598,-0.08884309119432654,-0.08885239571466874,False,False,0.0,0.18581242482885943,0.09331700667275597,0.18663401334551194
1960,32.666666666666664,True,False,53.68522122302638,50.0,66.4944366741029,53.396656872961096,54.31791664183479,54.31748460062716,74.0,3.6852212230263817,3.255785092340188,3.2883429432635896,3.1846186052867784,0.9073845924187627,3.2958318500327985,0.9244627648517633,0.9379604371926054,3.2883429432635896,0.9227599339367729,0.9227749798942301,0.9235267567994471,0.9084538704060096,0.9084687996836164,3.1990908439987518,3.1991001165737116,-0.029491637508988977,-0.0295065667865958,-0.08924282668987793,-0.08925209926483779,False,False,0.0,0.18663401334551194,0.09372722373472318,0.18745444746944637
1965,32.75,True,False,53.71389226189009,50.0,66.55682553157109,53.42511998483523,54.34736996136359,54.34693808832078,74.0,3.713892261890088,3.2705915474515903,3.303297462926106,3.199095480286232,0.9026396137261629,3.3109952119506767,0.9196327759264792,0.9331430614873444,3.303297462926106,0.9179924052535406,0.9180074123125975,0.918701658181135,0.9037398766828633,0.903754767408012,3.2136427712793454,3.213652012158393,-0.02938829407933241,-0.02940318480448112,-0.08964545076771291,-0.08965469164676065,False,False,0.0,0.18745444746944637,0.09413687990112486,0.18827375980224972
1970,32.833333333333336,True,False,53.74220906268726,50.0,66.61926770294696,53.4532306089376,54.37650577168521,54.37607405726372,74.0,3.742209062687259,3.2854737408413053,3.318328478249718,3.2136473917188693,0.897919577256124,3.326219695353395,0.9148269911873126,0.9283453709462538,3.318328478249718,0.9132431064792119,0.9132580747550196,0.9139007392374424,0.8990450151122913,0.8990598673985658,3.2282683624076087,3.228277571837824,-0.029285503547687997,-0.02930035583396251,-0.09005090641189417,-0.09006011584210949,False,False,0.0,0.18827375980224972,0.09454599030422271,0.18909198060844543
1975,32.916666666666664,True,False,53.77017782509277,50.0,66.68173804208286,53.480994941995945,54.40532955639844,54.40489799113096,74.0,3.770177825092773,3.3004302914169474,3.3334345943311168,3.2282729671227166,0.8932246262829958,3.34150383189285,0.9100456119879082,0.9235676214887554,3.3334345943311168,0.9085123249396343,0.9085272545468238,0.9091242011320446,0.8943695333891406,0.8943843473496218,3.2429662779417563,3.242975456167853,-0.029183274139133575,-0.029198088099614772,-0.09045913816326356,-0.09046831638936048,False,False,0.0,0.18909198060844543,0.09495456894191372,0.18990913788382743
1980,33.0,True,False,53.79780460546118,50.0,66.74421144284328,53.50841903349788,54.433846687421365,54.433415261923315,74.0,3.797804605461181,3.31545985109993,3.348614449610929,3.2429708670548045,0.888554890273241,3.356846201032462,0.9052888235321455,0.9188100574236433,3.348614449610929,0.9038003352640389,0.9038152263167266,0.9043722288775371,0.8897136680517335,0.8897284437990045,3.2577352102764987,3.2577443575408425,-0.02908161362463879,-0.029096389371909837,-0.09087009207008645,-0.0908792393344302,False,False,0.0,0.18990913788382743,0.09536262871096116,0.1907252574219223
1985,33.083333333333336,True,False,53.825095315471756,50.0,66.80666288209977,53.53550878576597,54.462062420559946,54.461631125535845,74.0,3.8250953154717564,3.330561103635326,3.3638667146716794,3.2577397839086704,0.8839104854527118,3.3722454283684975,0.9005567955266014,0.9140729117581123,3.3638667146716794,0.8991073998644138,0.8991222524762107,0.8996449919943643,0.8850776445932176,0.8850923822393677,3.272573882489459,3.272582999032096,-0.028980529518744635,-0.028995267164894756,-0.09128371563958337,-0.09129283218222062,False,False,0.0,0.1907252574219223,0.09577018143945681,0.19154036287891363
1990,33.166666666666664,True,False,53.85205572114011,50.0,66.86906746038763,53.5622699517052,54.48998189375926,54.48955072000929,74.0,3.852055721140111,3.3457327634311995,3.3791900910655115,3.2725784407607774,0.8792915153532008,3.3877001839807632,0.8958496828092699,0.9093564065950795,3.3791900910655115,0.8944337693016625,0.8944485835856744,0.8949426451697491,0.8804616780117851,0.880476377668415,3.287481047216402,3.2874901332750817,-0.028880028926664525,-0.02889472858329445,-0.09169995779042983,-0.0917090438491095,False,False,0.0,0.19154036287891363,0.09617723791843023,0.19235447583686047
1995,33.25,True,False,53.8786914421691,50.0,66.93140044025486,53.58870813646643,54.51761012382499,54.51717906225139,74.0,3.8786914421690994,3.360973574427287,3.39458331017156,3.287485590245742,0.8746980713390017,3.4032091808137555,0.8911676259553747,0.9046607533686347,3.39458331017156,0.8897796827063388,0.8897944587751739,0.8902653288434067,0.8758659728580075,0.8758806346362339,3.3024554855551798,3.30246454136537,-0.028780118732400828,-0.028794780510627227,-0.09211876880618997,-0.09212782461638014,False,False,0.0,0.19235447583686047,0.09658380793270499,0.19316761586540998
2000,33.333333333333336,True,False,53.9050079516137,50.0,66.99363728234097,53.61482879494327,54.544952005925765,54.54452104753913,74.0,3.9050079516136975,3.376282308992844,3.4100451320827725,3.3024600134602746,0.8701302331141905,3.4187711730891888,0.8865107518610936,0.8999861532413616,3.4100451320827725,0.8851453680839865,0.8851601060497589,0.8856131697932597,0.8712907238219186,0.8713053478323787,3.3174960059981093,3.3175050317930315,-0.02868080540898288,-0.02869542941944292,-0.09254010028974102,-0.09254912608466315,False,False,0.0,0.19316761586540998,0.09698990029106234,0.1939798005821247
2005,33.416666666666664,True,False,53.93101057583571,50.0,67.05575367922759,53.6406372324632,54.572012310682574,54.57158144660822,74.0,3.931010575835707,3.391657766853452,3.4255743445219866,3.3175005188955704,0.8655880692113121,3.434384954750697,0.8818791743059752,0.8953327973692194,3.4255743445219866,0.8805310427102245,0.8805457426845583,0.8809862816479381,0.8667361158042808,0.8667507021571362,3.3326014433926785,3.332610439403316,-0.028582095212083214,-0.028596681564938664,-0.09296390511867081,-0.09297290112930812,False,False,0.0,0.1939798005821247,0.09739552285567826,0.19479104571135653
2010,33.5,True,False,53.95670449472629,50.0,67.11772558710786,53.66613860613025,54.59879568370196,54.59836490518601,74.0,3.9567044947262886,3.4070987740464997,3.441169761786965,3.332605941397997,0.8610716374621327,3.4500493579413636,0.8772729944948027,0.8907008671369931,3.441169761786965,0.8759369134247038,0.8759515755187401,0.8763847655457084,0.8622023242404011,0.8622168730453431,3.3477706579301563,3.3477796243852875,-0.028483994091650033,-0.02849854289659204,-0.09339013740167745,-0.09339910385680872,False,False,0.0,0.19479104571135653,0.09780068257094655,0.1956013651418931
2015,33.583333333333336,True,False,53.982094742175164,50.0,67.17952925532578,53.691337924585795,54.62530664483838,54.62487594325399,74.0,3.982094742175164,3.4226041819050668,3.4568302237241175,3.347775141157722,0.8565809854510964,3.4657632515146095,0.8726923015796396,0.8860905344526054,3.4568302237241175,0.8713631769313844,0.8713778012557826,0.871808710529831,0.8576895153686872,0.8577040267349403,3.363002534161951,3.3630114712881642,-0.028386507717665155,-0.028401019083918233,-0.09381875243595328,-0.09382768956216658,False,False,0.0,0.1956013651418931,0.09820538549163181,0.19641077098326362
2020,33.666666666666664,True,False,54.00718620676744,50.0,67.24114125383977,53.716240047658864,54.651549587476204,54.65111895432946,74.0,4.007186206767443,3.438172866069862,3.4725545947305605,3.3630070027250576,0.8521161509520998,3.4815255395788496,0.8681371731627574,0.8815019620414296,3.4725545947305605,0.8668100200938047,0.8668246067587496,0.8672581941342742,0.8531978465310674,0.853212320567394,3.37829598004327,3.3783048880649877,-0.028289641474035565,-0.02830411551036216,-0.09424970666557275,-0.09425861468729035,False,False,0.0,0.19641077098326362,0.09860963681048458,0.19721927362096917
2025,33.75,True,False,54.03198363268966,50.0,67.30253849866821,53.74084968968131,54.67752877768476,54.67709820462066,74.0,4.031983632689659,3.453803725528881,3.48834176278417,3.378300434054129,0.8476771623491796,3.4973351600762483,0.86360767578112,0.8769353035934455,3.48834176278417,0.8622776202311073,0.8622921693463124,0.8627332828083581,0.8487274662282875,0.8487419030429916,3.3936499260037993,3.3936588051433,-0.02819340055045394,-0.028207837365157973,-0.09468295764087031,-0.09469183678037085,False,False,0.0,0.19721927362096917,0.09901344088525477,0.19802688177050953
2030,33.833333333333336,True,False,54.05649162082795,50.0,67.36369827537649,53.76517141860002,54.7032483552647,54.70281783407292,74.0,4.0564916208279485,3.4694956816843994,3.5041906385012433,3.39365436557355,0.8432640390416847,3.5131910833957933,0.8591038653730955,0.8723907040722679,3.5041906385012433,0.8577661453373335,0.8577806570120461,0.8582340324585402,0.8442785145660734,0.8442929142670056,3.409063324044989,3.409072174522426,-0.02809778980526234,-0.02811218950619454,-0.0951184639788174,-0.09512731445625455,False,False,0.0,0.19802688177050953,0.09941680126514948,0.19883360253029897
2035,33.916666666666664,True,False,54.080714630043026,50.0,67.42459826066789,53.78920965915229,54.72871233285105,54.72828185547167,74.0,4.080714630043026,3.485247677446917,3.520100154221386,3.4090677492837074,0.8388767918344852,3.529092311020822,0.8546257877280068,0.8678682998623026,3.520100154221386,0.8532757543725029,0.8532902287155061,0.853760488814487,0.8398511232261436,0.8398654859207036,3.4245351468635956,3.42454396889702,-0.02800281394159898,-0.02801717663615899,-0.09555618532436627,-0.0955650073577905,False,False,0.0,0.19883360253029897,0.0998197207168412,0.1996394414336824
2040,34.0,True,False,54.104656978606656,50.0,67.48521654214154,53.81296869295669,54.75392459750658,54.75349415603557,74.0,4.104656978606656,3.5010586763556484,3.536069263119205,3.4245395578803075,0.8345154233137502,3.545037874211076,0.8501734789191483,0.8633682190336277,3.536069263119205,0.8488065974547713,0.8488210345743902,0.8493126879269313,0.8354454158929547,0.835459741688097,3.440064387001029,3.440073180806408,-0.027908477345530702,-0.02792280314067297,-0.095996082312797,-0.09600487611817599,False,False,0.0,0.1996394414336824,0.10022220124991077,0.20044440249982154
2045,34.083333333333336,True,False,54.1283228457861,50.0,67.54553163628219,53.836452660039974,54.77888891030925,54.77845849700389,74.0,4.128322845786101,3.516927661725144,3.5520969383423955,3.4400687839037185,0.8301799282088121,3.561026832719274,0.8457469657208454,0.8588905815480121,3.5520969383423955,0.8443588161268855,0.8443732161309921,0.844890656519101,0.831061508326498,0.8310757973287349,3.4556500560181496,3.4556588218093913,-0.02781478421927719,-0.027829073221514067,-0.09643811653300416,-0.09644688232424592,False,False,0.0,0.20044440249982154,0.10062424414185651,0.20124848828371303
2050,34.166666666666664,True,False,54.15171627356366,50.0,67.60552250474763,53.859665562220194,54.803608907437834,54.80317851472205,74.0,4.1517162735636575,3.5328536358176175,3.568182172175794,3.45565443891377,0.8258702937406078,3.577058273542119,0.8413462660101347,0.8544354993913567,3.568182172175794,0.8399325435625045,0.8399469065585182,0.8404944124699342,0.8266995085261576,0.8267137608415623,3.4712911836950524,3.471299921684021,-0.027721738549794317,-0.027735990865199067,-0.09688225049177301,-0.0968909884807414,False,False,0.0,0.20124848828371303,0.1010258499626462,0.2020516999252924
2055,34.25,True,False,54.17484116847908,50.0,67.66516856901947,53.88261126376973,54.8280881016235,54.82765772209283,74.0,4.174841168479077,3.5488356190405463,3.584323975230952,3.4712955526895364,0.8215864999571795,3.593131309705641,0.8369713891536023,0.8500030768091438,3.584323975230952,0.8355279047565544,0.8355422308514502,0.8361239651215784,0.822359517000591,0.8223737327348035,3.4869868172554424,3.4869955276519806,-0.027629344074340256,-0.02764355980855282,-0.0973284475789713,-0.09733715797550957,False,False,0.0,0.2020516999252924,0.10142701859881277,0.20285403719762554
2060,34.333333333333336,True,False,54.19770130358407,50.0,67.7244497234838,53.90529349393328,54.852329882818886,54.85189950924559,74.0,4.1977013035840685,3.5648726491691147,3.600521375660806,3.4869911724537115,0.8173285200566955,3.60924507908467,0.8326223363799136,0.8455934104683093,3.600521375660806,0.8311450167432466,0.8311593060435567,0.831779315718677,0.8180416268629914,0.8180558061212199,3.502736020615153,3.5027447036271044,-0.027537604347089406,-0.027551783605317848,-0.09777667203370166,-0.09778535504565289,False,False,0.0,0.20285403719762554,0.10182774927718485,0.2036554985543697
2065,34.416666666666664,True,False,54.22030032049775,50.0,67.78334634700798,53.9277158482444,54.87633751979471,54.87590714513252,74.0,4.220300320497749,3.5809637805930543,3.616773418398985,3.502740362121129,0.8130963206984358,3.6253987432562327,0.8282991011385487,0.8412065896632612,3.616773418398985,0.8267839887770101,0.8267982413888274,0.827460457701227,0.8137459240951675,0.8137600669821937,3.5185378736543966,3.5185465294876197,-0.02744652268106751,-0.02746066556809368,-0.09822688891136533,-0.0982355447445884,False,False,0.0,0.2036554985543697,0.1022280405881267,0.2044560811762534
2070,34.5,True,False,54.24264173155402,50.0,67.84183931307943,53.949881792503945,54.90011416104253,54.89968377843126,74.0,4.2426417315540235,3.5971080835874445,3.633079164423319,3.518542201571008,0.8088898623021709,3.6415914863865977,0.8240016694452234,0.8368426964188894,3.633079164423319,0.822444922537835,0.8224591385668177,0.823167377099935,0.8094724875554004,0.8094865941755818,3.534391471513292,3.5344001003716845,-0.027356102243307645,-0.027370208863489065,-0.0986790640516344,-0.0986876929100271,False,False,0.0,0.2044560811762534,0.10262789050849172,0.20525578101698344
2075,34.583333333333336,True,False,54.26472892203091,50.0,67.8999099985718,53.97179466323955,54.923662837272204,54.923232440042256,74.0,4.264728922030912,3.613304643607033,3.6494376900431034,3.534395785942488,0.8047090993363515,3.6578225141516745,0.8197300202144848,0.832501805726015,3.6494376900431034,0.818127912275212,0.8181420918265868,0.8189000528730048,0.8052213893382558,0.8052354597955307,3.5502959239102627,3.550304525995779,-0.02726634593048427,-0.027280416387759132,-0.09913316404732431,-0.09914176613284065,False,False,0.0,0.20525578101698344,0.10302729642408312,0.20605459284816624
2080,34.666666666666664,True,False,54.28656515245429,50.0,67.95754029120337,53.99345767122148,54.94698646203962,54.94655604371616,74.0,4.286565152454287,3.629552560603631,3.6658480862096674,3.5503002249530207,0.8005539805955055,3.6740910526904136,0.8154841255799257,0.828183985659116,3.6658480862096674,0.8138330450207731,0.8138471881993411,0.8146584571550648,0.800992694749731,0.8010067291476208,3.5662503544828503,3.5662589299955205,-0.027177256511495163,-0.02719129090938499,-0.09958915621414688,-0.09959773172681707,False,False,0.0,0.20605459284816624,0.10342625515188415,0.2068525103037683
2085,34.75,True,False,54.30815356096697,50.0,68.0147125957514,54.014873903393124,54.9700878343081,54.9696573886153,74.0,4.308153560966971,3.64585094836615,3.6823094578498115,3.566254642239185,0.796424449467231,3.69039634759086,0.8112639512024696,0.8238892975529143,3.6823094578498115,0.8095604007272724,0.8095745076374088,0.8104425556525258,0.7967864625952095,0.7968004610368229,3.582253900150538,3.5822624492884856,-0.027088836516091397,-0.027102834957704824,-0.10004700856132587,-0.10005555769927366,False,False,0.0,0.2068525103037683,0.10382476296178644,0.2076495259235729
2090,34.833333333333336,True,False,54.329497165756806,50.0,68.07140983908516,54.03604632593882,54.99296963977007,54.99253916063486,74.0,4.3294971657568055,3.66219893388284,3.6988209232216684,3.5822581747195117,0.7923204441891534,3.7067376629084503,0.8070694565671424,0.8196177961348168,3.6988209232216684,0.805310052452691,0.8053241231983523,0.8062523079071525,0.7926027452186997,0.7926167078067355,3.5983057104991323,3.598314233458598,-0.027001088328081235,-0.02701505091611711,-0.10050668976307042,-0.10051521272253616,False,False,0.0,0.2076495259235729,0.1042228155981148,0.2084456311962296
2095,34.916666666666664,True,False,54.35059886753572,50.0,68.12761547407922,54.056977786142866,55.01563445331202,55.01520393486797,74.0,4.350598867535723,3.6785956567252978,3.715381613292551,3.598309971978865,0.78824189809621,3.723114280216148,0.8029005952687561,0.815369529701502,3.715381613292551,0.8010820665008083,0.801096101185533,0.8020876675303499,0.7884415887536919,0.7884555155904429,3.614404947186316,3.614413444161669,-0.026914014111059092,-0.026927940947810147,-0.10096816913088169,-0.10097666610623479,False,False,0.0,0.2084456311962296,0.10462040830067791,0.20924081660135582
2100,35.0,True,False,54.37146145206425,50.0,68.18331348246744,54.07767101539305,55.03808474052363,55.03765417711436,74.0,4.371461452064253,3.6950402684538104,3.7319906711383486,3.6144091956739928,0.7841887398586046,3.7395254976859733,0.7987573152868829,0.8111445402513618,3.7319906711383486,0.7968765025961573,0.7968905013230707,0.7979485825692336,0.7843030331837488,0.7843169243711043,3.6305507833678927,3.6305592545516543,-0.026827615880257505,-0.026841507067613013,-0.1014314165866943,-0.10143988777045587,False,False,0.0,0.20924081660135582,0.10501753582561292,0.21003507165122584
2105,35.083333333333336,True,False,54.39208759271472,50.0,68.23848837669614,54.09812863216109,55.06032286014923,55.05989224633173,74.0,4.3920875927147165,3.7115319320436178,3.748647251364054,3.6305550189597735,0.7801608937107678,3.755970629201476,0.794639559250517,0.8069428636169415,3.748647251364054,0.7926934140232341,0.7927073768950533,0.7938349957116316,0.780187112512954,0.7802009681524043,3.6467424031443967,3.646750848727257,-0.026741895464537202,-0.026755751103987424,-0.10189640263679722,-0.1019048482196574,False,False,0.0,0.21003507165122584,0.10541419246581823,0.21082838493163647
2110,35.166666666666664,True,False,54.41247985306766,50.0,68.2931252008341,54.118353143759954,55.0823510662554,55.08192039680324,74.0,4.4124798530676586,3.7280698213316565,3.765350519544973,3.646746625935827,0.7761582796716473,3.7724490035006695,0.7905472646927872,0.8027645296415268,3.765350519544973,0.7885328477754134,0.7885467748944465,0.7897468445642972,0.776093854940873,0.7761076751335112,3.6629790010275487,3.6629874211983835,-0.02665685450801558,-0.026670674700653763,-0.10236309834658952,-0.10237151851742432,False,False,0.0,0.21082838493163647,0.10581037207109678,0.21162074414219356
2115,35.25,True,False,54.43264068953642,50.0,68.34720953059508,54.13834695005732,55.104171510119045,55.103740780025234,74.0,4.43264068953642,3.7446531204833895,3.7820996516882235,3.662983211112966,0.7721808137566328,3.7889599633489612,0.7864803642960719,0.7986095622821541,3.7820996516882235,0.784394844713129,0.7844087361812822,0.78568406185791,0.7720232829215362,0.7720370677680622,3.679259781426262,3.679268176372151,-0.026572494514091827,-0.02658627936061786,-0.1028314753160724,-0.10283987026196151,False,False,0.0,0.21162074414219356,0.10620606806801777,0.21241213613603555
2120,35.333333333333336,True,False,54.45257245401443,50.0,68.40072747252692,54.15811234597169,55.125786242978556,55.12535544745818,74.0,4.45257245401443,3.7612810234792864,3.798893833714079,3.6792639788992068,0.7682284081814232,3.805502864741563,0.7824387861278695,0.7944779797567663,3.798893833714079,0.7802794396898144,0.7802932956085943,0.7816465757399329,0.7679754133573795,0.767989162958103,3.6955839581516936,3.6955923280579412,-0.026488816798663217,-0.02650256639938675,-0.10330150565613794,-0.10330987556238558,False,False,0.0,0.21241213613603555,0.10660127347940741,0.21320254695881483
2125,35.416666666666664,True,False,54.47227739654092,50.0,68.45366566241978,54.177651523124744,55.14719721814123,55.14676635263412,74.0,4.4722773965409175,3.777952733620567,3.8157322609567728,3.6955881431048176,0.7643009715581196,3.8220770761348857,0.7784224538677487,0.7903697947208003,3.8157322609567728,0.7761866617005485,0.7762004821710639,0.7776343099649694,0.7639502577605297,0.763963972215373,3.711950753941041,3.711959098991189,-0.026405822505427223,-0.02641953696027055,-0.10377316196558395,-0.10378150701573174,False,False,0.0,0.21320254695881483,0.10699598094358281,0.21399196188716563
2130,35.5,True,False,54.4917576679806,50.0,68.50601126298423,54.19696657468202,55.16840629295016,55.16797535312306,74.0,4.4917576679806,3.7946674630537878,3.8326141376843257,3.711954926466115,0.760398409083825,3.8386819777063974,0.7744312870256967,0.7862850143260494,3.8326141376843257,0.7721165340347852,0.7721303191577511,0.7736471841436924,0.7599478222515852,0.7599615016600866,3.7283593999995954,3.7283677203754433,-0.02632351266596278,-0.026337192074464166,-0.1042464173088824,-0.10425473768473026,False,False,0.0,0.21399196188716563,0.10739018273327074,0.21478036546654147
2135,35.583333333333336,True,False,54.51101532271315,50.0,68.55775196084811,54.216059496136964,55.18941523210113,55.188984213849814,74.0,4.511015322713149,3.811424432313893,3.8495386766370316,3.7283635601875194,0.7565206227220208,3.8553169606424307,0.770465201152183,0.7822236404266824,3.8495386766370316,0.7680690743797133,0.7680828242554546,0.7696851138746297,0.7559681078788957,0.7559817523402117,3.744809135560764,3.7448174314423843,-0.026241888086470655,-0.026255532547786675,-0.10472124519464732,-0.10472954107626764,False,False,0.0,0.21478036546654147,0.1077838707742117,0.2155677415484234
2140,35.666666666666664,True,False,54.53005232132873,50.0,68.60887596291954,54.234932188468896,55.21022570899532,55.20979460844647,74.0,4.530052321328732,3.8282228698853182,3.8665050985841716,3.744813283501574,0.7526675113769773,3.871981426453406,0.7665241080402229,0.7781856696969681,3.8665050985841716,0.7640442949934412,0.7640580097218952,0.7657480110809503,0.7520111106166864,0.7520247202295954,3.7612992074635776,3.761307479029335,-0.026160949467372685,-0.026174559080281767,-0.10519761955483675,-0.10520589112059398,False,False,0.0,0.2155677415484234,0.10817703666348108,0.21635407332696216
2145,35.75,True,False,54.54887053332604,50.0,68.65937199216143,54.25358646291211,55.23083930863086,55.23040812214369,74.0,4.548870533326038,3.8450620117807772,3.883512631898585,3.761303343246456,0.7488389710614529,3.8886747863159346,0.7626079159197379,0.7741710936901381,3.883512631898585,0.7600422028218986,0.760055882502619,0.7618357840543922,0.748076821457984,0.7480903963208894,3.7778288697474025,3.77783711717397,-0.026080697369248784,-0.026094272232154103,-0.10567551472461512,-0.10568376215118258,False,False,0.0,0.21635407332696216,0.10856967168751193,0.21713934337502386
2150,35.833333333333336,True,False,54.5674717398094,50.0,68.70922928282113,54.272024040387514,55.251257530712245,55.250826254880025,74.0,4.567471739809399,3.861941101137337,3.9005605121487106,3.7778329934606862,0.7450348950579183,3.9053964604412816,0.7587165296444873,0.7701798990885528,3.9005605121487106,0.7560627996074727,0.7560764443396296,0.7579483377627639,0.7441652267474255,0.7441787669583566,3.7943973832634135,3.7944056067257854,-0.02600113213019617,-0.02601467234112731,-0.10615490542292516,-0.10616312888529711,False,False,0.0,0.21713934337502386,0.10896176683981869,0.21792353367963738
2155,35.916666666666664,True,False,54.58585763618171,50.0,68.75843757515744,54.29024655742437,55.27148179068327,55.27105042233445,74.0,4.585857636181707,3.8788593878294146,3.917647981707709,3.7944014949945997,0.7412551740735424,3.9221458774696383,0.754849850871834,0.7662120677184158,3.917647981707709,0.7521060820703683,0.7521196919527546,0.7540855739670861,0.7402763080128035,0.7402898136694214,3.8110040153024936,3.811012214974008,-0.025922254048994398,-0.025935759705612238,-0.10663576673370079,-0.10664396640521545,False,False,0.0,0.21792353367963738,0.10935331283840484,0.21870662567680968
2160,36.0,True,False,54.60402983483051,50.0,68.80698710970472,54.30825556672826,55.291513423857744,55.29108196005704,74.0,4.604029834830513,3.89581612809831,3.9347742893792934,3.811008115138251,0.7374996963891651,3.9389224738896655,0.7510077782356057,0.7622675767557939,3.9347742893792934,0.7481720419790959,0.748185617110129,0.7502473913826635,0.7364100423807893,0.736423513580387,3.8276480392391923,3.827656215291543,-0.025844063175406884,-0.0258575343750046,-0.10711807408775043,-0.10712625014010113,False,False,0.0,0.21870662567680968,0.10974430014292012,0.21948860028584025
2165,36.083333333333336,True,False,54.621989867804125,50.0,68.85486862111287,54.32605254139811,55.31135368648583,55.31092212453502,74.0,4.621989867804125,3.912810584197925,3.9519386900399045,3.8276521272653676,0.7337683480024704,3.9557256934827776,0.7471902075123005,0.7583463988001949,3.9519386900399045,0.7442606663283854,0.7442742068061095,0.746433685913371,0.7325664024511978,0.7325798392907039,3.844328734191384,3.8443368867946406,-0.025766559509491027,-0.02577999634899719,-0.10760180324526392,-0.1076099558485204,False,False,0.0,0.21948860028584025,0.11013471897146895,0.2202694379429379
2170,36.166666666666664,True,False,54.63973918947543,50.0,68.90207333159992,54.34363887579632,55.33100375940266,55.33057209684121,74.0,4.639739189475428,3.9298420240562897,3.9691404442968525,3.8443328104930123,0.7300610127655722,3.9725549867916183,0.743397031780873,0.7544485020658704,3.9691404442968525,0.7403719374248502,0.7403854433469388,0.7426443507248678,0.7287453566653054,0.7287587592412875,3.861045384695273,3.861053514017889,-0.025689742824582917,-0.025703145400565064,-0.10808693027896332,-0.10809505960157972,False,False,0.0,0.2202694379429379,0.11052455931716515,0.2210491186343303
2175,36.25,True,False,54.657279179190695,50.0,68.94859294405188,54.36101589093239,55.350464749205685,55.35003298381103,74.0,4.657279179190695,3.946909720952546,3.986378818162071,3.861049449356581,0.7263775725172139,3.9894098106122007,0.7396281415763348,0.7505738504112469,3.986378818162071,0.7365058330582188,0.7365193045219788,0.7388792764788832,0.7249468691394398,0.7249602375481052,3.8777972803953853,3.8778053866042255,-0.025613612863141677,-0.02562698127180707,-0.10857343155784571,-0.10858153776668589,False,False,0.0,0.2210491186343303,0.11091381096435164,0.22182762192870328
2180,36.333333333333336,True,False,54.67461114390129,50.0,68.99441963480378,54.37818483481857,55.369737692396626,55.36930582218455,74.0,4.674611143901288,3.964012953209036,4.003653082741127,3.8778013334998054,0.7227179072097757,4.0062896275091555,0.7358834250373919,0.7467224035449453,4.003653082741127,0.7326623265676353,0.7326757636700082,0.7351383514210739,0.7211709000794038,0.7211842344166047,3.8945837157492336,3.8945917990095786,-0.025538169128340615,-0.02555150346554158,-0.10906128373154811,-0.10906936699189318,False,False,0.0,0.22182762192870328,0.11130246350454895,0.2226049270090979
2185,36.416666666666664,True,False,54.69173632077595,50.0,69.03954604613324,54.39514688609315,55.388823556351326,55.388391579575725,74.0,4.691736320775952,3.981151003898138,4.0209625139371195,3.894587757379406,0.7190818950312774,4.023193905353575,0.7321627680483344,0.7428941171140742,4.0209625139371195,0.7288413870173347,0.7288547898549015,0.731421461556738,0.7174174056780435,0.7174307060392767,3.9114039897462596,3.9114120502218306,-0.025463411074797437,-0.025476711436030697,-0.10955046371528887,-0.10955852419085987,False,False,0.0,0.2226049270090979,0.11169050635208566,0.22338101270417132
2190,36.5,True,False,54.708655879791856,50.0,69.08396527849698,54.4119031571869,55.407723242727606,55.40729115788045,74.0,4.708655879791856,3.998323160563512,4.038306392169147,3.9114080199840453,0.7154694125225591,4.040122116882901,0.7284660543753816,0.7390889428072388,4.038306392169147,0.7250429792859113,0.725056347954892,0.7277284907679586,0.7136863383339939,0.7136996048144062,3.9282574056407977,3.9282654434937636,-0.025389337992832606,-0.02540260447324494,-0.11004094867538372,-0.1100489865283496,False,False,0.0,0.22338101270417132,0.11207792875945245,0.2241558575189049
2195,36.583333333333336,True,False,54.72537092630199,50.0,69.12767088253878,54.42845469617192,55.426437589738825,55.426005395549616,74.0,4.725370926301991,4.015528714955414,4.055684002104968,3.928261424567281,0.7118803346898126,4.057073739282336,0.7247931657976919,0.735306828501698,4.055684002104968,0.7212670641936536,0.7212803987899119,0.7240593209453892,0.7099776467528864,0.7099908794472746,3.9451432706986282,3.945151286089627,-0.02531594905442347,-0.025329181748811602,-0.11053271601534087,-0.1105407314063398,False,False,0.0,0.2241558575189049,0.11246471983228963,0.22492943966457926
2200,36.666666666666664,True,False,54.74188250357781,50.0,69.17065685089621,54.44480248853511,55.44496737450319,55.44453506993842,74.0,4.741882503577813,4.032766962779729,4.073094632407527,3.9451472783941277,0.7083145351126336,4.074048253787248,0.7211439822332195,0.7315477184105202,4.073094632407527,0.7175135986255454,0.717526899244591,0.7204138321346818,0.7062912761164175,0.7063044751192326,3.9620608959568857,3.962068889045036,-0.025243243291287687,-0.025256442294102732,-0.11102574336249038,-0.11103373645064085,False,False,0.0,0.22492943966457926,0.11285086854416032,0.22570173708832064
2205,36.75,True,False,54.75819159532486,50.0,69.21291760983141,54.46094746228689,55.46331331498929,55.46288089925152,74.0,4.75819159532486,4.050037203460408,4.090537575495012,3.962064892500961,0.7047718860477571,4.091045145306046,0.717518381859614,0.7278115531120147,4.090537575495012,0.7137825356662785,0.7137958024032703,0.7167919026389882,0.7026271680308614,0.7026403334362101,3.9790095959969203,3.9790175669398393,-0.0251712196758046,-0.025184385081153282,-0.11152000855517263,-0.11152797949809168,False,False,0.0,0.22570173708832064,0.1132363637509432,0.2264727275018864
2210,36.833333333333336,True,False,54.77429912816986,50.0,69.25444801071082,54.47689048834722,55.481476073663984,55.48104354619094,74.0,4.774299128169858,4.067338739914962,4.108012127314112,3.97901358146838,0.7012522585286302,4.108063902062992,0.7139162412303359,0.7240982697410345,4.108012127314112,0.7100738246753783,0.7100870576251251,0.7131934091361019,0.6989852608522849,0.6989983927539323,3.995988688729855,3.9959966376836693,-0.025099876987102254,-0.025113008888749677,-0.11201548963044239,-0.11202343858425667,False,False,0.0,0.2264727275018864,0.113621194204925,0.22724238840985
2215,36.916666666666664,True,False,54.79020597411831,50.0,69.29524332135603,54.49263238339819,55.49945625872765,55.49902361919107,74.0,4.790205974118308,4.0846708783426955,4.125517587126122,3.995992663206762,0.6977555224609786,4.125104015260461,0.7103374353861602,0.7204078020919861,4.125517587126122,0.7063874114429265,0.7064006106998908,0.709618226795601,0.6953654896581499,0.6953785881495218,4.012997495194455,4.013005422313818,-0.025029213942464268,-0.025042312433836145,-0.11251216481230397,-0.11252009193166757,False,False,0.0,0.22724238840985,0.11400534856865428,0.22801069713730857
2220,37.0,True,False,54.80591295298015,50.0,69.33529921728788,54.508173913536076,55.51725442697935,55.5168216752835,74.0,4.805912952980151,4.102032928025357,4.143053257305611,4.013001458754136,0.6942815467145069,4.142164978760111,0.7067818379622465,0.716740080692407,4.143053257305611,0.702723238287605,0.7027364039459058,0.7060662293667065,0.6917677863778067,0.6917808515519921,4.0300353393670605,4.030043244805168,-0.02495922914041493,-0.024972294314600352,-0.11301001250044251,-0.1130179179385502,False,False,0.0,0.22801069713730857,0.11438881542834416,0.2287776308566883
2225,37.083333333333336,True,False,54.82142083476334,50.0,69.37461177288377,54.523515794847036,55.53487108638083,55.534438222661045,74.0,4.821420834763337,4.119424201139878,4.160618443151276,4.030039292086114,0.6908301992108791,4.159246288782465,0.7032493212909201,0.7130950329795542,4.160618443151276,0.6990812441631611,0.6990943763165745,0.7025372893393524,0.688192079989853,0.688205111939606,4.04710154798321,4.047109431891811,-0.02488992103994825,-0.024902952989701244,-0.113509011259465,-0.11351689516806562,False,False,0.0,0.2287776308566883,0.11477158330711748,0.22954316661423496
2230,37.166666666666664,True,False,54.83673034203328,50.0,69.41317745246734,54.53865869734228,55.552306697655666,55.55187372227657,74.0,4.8367303420332775,4.1368440125828885,4.178212452708717,4.047105489937511,0.6874013470081084,4.176347443624393,0.6997397565003315,0.7094725833592657,4.178212452708717,0.6954613647951996,0.6954744635371627,0.6990312779441865,0.6846382964995105,0.6846512953172531,4.064195450370689,4.064203312900103,-0.024821288042012557,-0.024834286859755195,-0.11400913980861382,-0.11401700233802803,False,False,0.0,0.22954316661423496,0.11515364067783038,0.23030728135566075
2235,37.25,True,False,54.85184215223699,50.0,69.45099310134847,54.55360324710477,55.56956167736054,55.569128590914275,74.0,4.851842152236991,4.154291679806704,4.195834596604771,4.064199381635396,0.6839948563814944,4.1934679433940305,0.6962530136091436,0.7058726533236859,4.195834596604771,0.6918635327661697,0.6918765981897821,0.6955480653282848,0.6811063591337081,0.6811193249115322,4.081316378293672,4.081324219592799,-0.02475332841215372,-0.024766294189977778,-0.11451037701197286,-0.11451821831109932,False,False,0.0,0.23030728135566075,0.1155349759755736,0.2310699519511472
2240,37.333333333333336,True,False,54.86675689999167,50.0,69.48805593683024,54.56835002791474,55.586636399866045,55.58620320317001,74.0,4.866756899991671,4.171766522666459,4.2134841878931235,4.081320298943235,0.6806105929012278,4.210607289762573,0.6927889616173841,0.7022951615837065,4.2134841878931235,0.6882876776348543,0.6883007098328813,0.6920875206576511,0.6775961884330607,0.6776091212627297,4.098463665807671,4.098471486024011,-0.024686040320976876,-0.024698973150645842,-0.11501270186911228,-0.11502052208545255,False,False,0.0,0.2310699519511472,0.1159155776099656,0.2318311552199312
2245,37.416666666666664,True,False,54.88147517933552,50.0,69.5243635391983,54.58289958365561,55.603531199455944,55.603097893550775,74.0,4.881475179335517,4.189267863278087,4.231160541910868,4.098467575915841,0.6772484215067882,4.227764985732528,0.6893474685936071,0.6987400241719752,4.231160541910868,0.6847337260493632,0.6847467251142373,0.6886495121025746,0.6741077023580392,0.6741206023309912,4.115636649124985,4.115644448404647,-0.02461942184098398,-0.024632321813936042,-0.11551609350622094,-0.11552389278588304,False,False,0.0,0.2318311552199312,0.11629543397696993,0.23259086795393985
2250,37.5,True,False,54.89599754594086,50.0,69.55991384270791,54.59725242151732,55.62024637247764,55.619812958624756,74.0,4.895997545940858,4.206795025886841,4.248862976145709,4.115640548764816,0.6739082065782508,4.2449405354218905,0.6859284017585031,0.6952071545164745,4.248862976145709,0.6812016018559114,0.6812145678797352,0.6852339070426297,0.6706408163415923,0.6706536835489415,4.132834666490332,4.132842444978052,-0.02455347096753302,-0.024566338174882185,-0.1160205311676572,-0.11602830965537692,False,False,0.0,0.23259086795393985,0.11667453347052427,0.23334906694104854
2255,37.583333333333336,True,False,54.910324519288075,50.0,69.59470512658123,54.61140901336709,55.636782179970176,55.63634865964932,74.0,4.910324519288075,4.22434733674605,4.26659081011351,4.1328385557341925,0.6705898120046153,4.262133443863797,0.6825316275650763,0.6916964635729619,4.26659081011351,0.6776912261893236,0.6777041592638711,0.6818405720373903,0.6671954434633368,0.6672082779958763,4.15005705806642,4.150064815905568,-0.02448818557708554,-0.02450102010962507,-0.11652599420794196,-0.11653375204709082,False,False,0.0,0.23334906694104854,0.11705286449376226,0.23410572898752452
2260,37.666666666666664,True,False,54.92445658479974,50.0,69.62873600602849,54.62536979745701,55.65313884937174,55.652705224278236,74.0,4.924456584799742,4.241924124005828,4.284343365245886,4.150060936985994,0.6672931012492673,4.279343216821159,0.6791570117755253,0.6882078599426951,4.284343365245886,0.6742025175914428,0.6742154178081619,0.6784693730021445,0.6637714945308428,0.6637842964790458,4.167303165829101,4.167310903161704,-0.024423563463649267,-0.024436365411852234,-0.11703246208418161,-0.11704019941678467,False,False,0.0,0.23410572898752452,0.1174304154699449,0.2348608309398898
2265,37.75,True,False,54.938394195934286,50.0,69.66200542330411,54.639135182253135,55.669316576515634,55.66888284855764,74.0,4.938394195934286,4.259524717611411,4.302119964787525,4.167307034495403,0.6640179374126751,4.296569360615827,0.6758044195349394,0.6847412499165785,4.302119964787525,0.6707353921171613,0.6707482595671761,0.6751201752371799,0.6603688781012214,0.6603816475552442,4.184572333471886,4.184580050438631,-0.024359602361334276,-0.02437237181535712,-0.11753991434889421,-0.11754763131563895,False,False,0.0,0.2348608309398898,0.11780717485307447,0.23561434970614895
2270,37.833333333333336,True,False,54.952137776238196,50.0,69.69451263880894,54.65270554708569,55.6853155284034,55.68488169969894,74.0,4.952137776238196,4.277148449210854,4.319919933702963,4.184576191955259,0.6607641832924276,4.313811381971815,0.6724737154419342,0.6812965376223201,4.319919933702963,0.6672897634123452,0.667302598186459,0.6717928434424266,0.6569875006958421,0.6570002377455252,4.201863906319459,4.201871603059713,-0.024296299876794936,-0.02430903692647801,-0.1180483306432496,-0.11805602738350363,False,False,0.0,0.23561434970614895,0.11818313113814766,0.2363662622762953
2275,37.916666666666664,True,False,54.96568772135659,50.0,69.72625722224846,54.66608124357057,55.70113584450577,55.70070191737977,74.0,4.965687721356588,4.294794652071785,4.337742598592502,4.2018677546895855,0.6575317014407065,4.331068787872129,0.6691647636163297,0.6778736251421561,4.337742598592502,0.6638655428372302,0.6638783450259258,0.6684872418931719,0.6536272668581391,0.6536399715930102,4.219177231249985,4.219184907901803,-0.02423365354914586,-0.024246358284017,-0.11855769069069932,-0.11856536734251755,False,False,0.0,0.2363662622762953,0.11855827287114364,0.23711654574228727
2280,38.0,True,False,54.97904440100097,50.0,69.75723904385646,54.679262600063026,55.71677763862957,55.716343615610555,74.0,4.979044401000969,4.3124626610069345,4.355587287617004,4.219181069575894,0.6543203542192902,4.348341085428747,0.6658774277639937,0.6744724125275662,4.355587287617004,0.6604626395681841,0.660475409261627,0.6652032344254167,0.6502880791433611,0.6503007516526361,4.236511656625875,4.23651931332602,-0.024171660874930057,-0.024184333384205114,-0.11906797429098415,-0.11907563099112917,False,False,0.0,0.23711654574228727,0.11893258865860908,0.23786517731721815
2285,38.083333333333336,True,False,54.99220816087414,50.0,69.78745826569218,54.69224992156116,55.732241001859364,55.73180688567626,74.0,4.992208160874142,4.330151812308153,4.373453330431235,4.236515484975947,0.651130003852182,4.365627781765329,0.6626115712389354,0.6710927979611461,4.373453330431235,0.6570809606618261,0.6570936979498664,0.6619406845383765,0.6469698383742786,0.6469824787468648,4.2538665322327525,4.2538741691167,-0.024110319214281306,-0.0241229595868675,-0.11957916131453494,-0.11958679819848239,False,False,0.0,0.23786517731721815,0.11930606717698176,0.23861213435396353
2290,38.166666666666664,True,False,55.00517932455164,50.0,69.81691533301934,54.705043491275966,55.74752600345914,55.74709179703771,74.0,5.005179324551641,4.34786144368863,4.391340058125516,4.253870350674726,0.6479605124759449,4.382928383912156,0.659367057102769,0.6677346778596166,4.391340058125516,0.6537204111824154,0.6537331161545907,0.6586994554384091,0.6436724436525828,0.6436850519770789,4.271241209226341,4.271248826428298,-0.024049625882537673,-0.024062234207033795,-0.12009123169721825,-0.12009884889917544,False,False,0.0,0.23861213435396353,0.11967869718157322,0.23935739436314643
2295,38.25,True,False,55.01795819531901,50.0,69.84561096577363,54.7176435748125,55.762632692821455,55.762198399281026,74.0,5.017958195319011,4.365590894233043,4.409246803175374,4.27124501782732,0.6448117421878341,4.400242398712962,0.6561437481816323,0.6643979468885391,4.409246803175374,0.6503808942920289,0.6503935670375646,0.6554794100829441,0.6403957923753753,0.6404083687400757,4.288635040087012,4.288642637739925,-0.023989578148463475,-0.024002154513163898,-0.12060416543544861,-0.12061176308836163,False,False,0.0,0.23935739436314643,0.12005046751518975,0.2401009350303795
2300,38.333333333333336,True,False,55.03054505796512,50.0,69.87354615012542,54.73005041975001,55.77756110212885,55.77712672477851,74.0,5.030545057965121,4.383339504355359,4.427172899398912,4.288638838913469,0.6416835550918055,4.417569332743126,0.6529415071206556,0.6610824981241876,4.427172899398912,0.647062311315015,0.6470749519228264,0.6522804112536961,0.6371397804753675,0.637152324968262,4.306047378581691,4.306054956817262,-0.023930173155925605,-0.023942717648820167,-0.12111794258164998,-0.1211255208172215,False,False,0.0,0.2401009350303795,0.1204213671165083,0.2408427342330166
2305,38.416666666666664,True,False,55.04294018053032,50.0,69.90072213014336,54.742264258267014,55.792311247125916,55.79187678946091,74.0,5.042940180530323,4.401106615764006,4.445117681921647,4.306051167699477,0.6385758133424785,4.434908692238899,0.6497601964360805,0.6577882231124114,4.445117681921647,0.6437645618600276,0.6437771704187226,0.6491023216152372,0.6339043023731731,0.6339168150819505,4.323477579732907,4.3234851386816,-0.02387140803046084,-0.023883920739238285,-0.12163254324004669,-0.12164010218874033,False,False,0.0,0.2408427342330166,0.1207913850280132,0.2415827700560264
2310,38.5,True,False,55.0551438160103,50.0,69.9271403995645,54.754285309222,55.80688312946669,55.80644859516456,74.0,5.0551438160103,4.4188915714341634,4.463080487148505,4.323481359207253,0.6354883791871315,4.452259983037166,0.6465996785651001,0.6545150119422124,4.463080487148505,0.6404875438883397,0.6405001204862212,0.6459450037296393,0.6306892511185445,0.6307017321305934,4.3409249997946615,4.340932539585727,-0.02381327981161896,-0.02382576082366794,-0.12214794756277847,-0.12215548735384374,False,False,0.0,0.2415827700560264,0.12116051040376394,0.24232102080752788
2315,38.583333333333336,True,False,55.06715620401423,50.0,69.95280269367512,54.76611377875991,55.821276738288134,55.82084213120485,74.0,5.067156204014232,4.436693715586877,4.4810606527427455,4.340928769690194,0.6324211150058021,4.4696227105254085,0.6434598159135181,0.6512627533634714,4.4810606527427455,0.637231153803864,0.6372436985289309,0.6428083201589744,0.627494518490456,0.6275069678928669,4.358388996234923,4.35839651699639,-0.02375578547060453,-0.02376823487301538,-0.12266413574635582,-0.12267165650782275,False,False,0.0,0.24232102080752788,0.12152873251669014,0.24305746503338027
2320,38.666666666666664,True,False,55.078977572377916,50.0,69.97771098130727,54.77774986263394,55.835492051530494,55.83505737569654,74.0,5.078977572377916,4.45451239367476,4.499057517611507,4.358392756615656,0.629373883349562,4.486996379601408,0.6403404709013032,0.6480313348458094,4.499057517611507,0.633995286547911,0.6340077994878608,0.6396921334360286,0.6243199950302685,0.6243324129098358,4.375868927724408,4.375876429583118,-0.02369892193597367,-0.023711339815540966,-0.12318108802838879,-0.12318858988709902,False,False,0.0,0.24305746503338027,0.12189604076568047,0.24379208153136095
2325,38.75,True,False,55.09060813873127,50.0,70.00186745695399,54.78919374843452,55.849529037831594,55.849094297447984,74.0,5.09060813873127,4.472346952374004,4.517070421897744,4.375872678653764,0.6263465469770367,4.504380494642336,0.6372415060061138,0.6448206426374509,4.517070421897744,0.6307798356725237,0.630792316914753,0.6365963062107313,0.6211655701135292,0.6211779565567519,4.393364154131483,4.393371637213083,-0.02364268608069897,-0.023655072523921628,-0.12369878468466045,-0.12370626776626104,False,False,0.0,0.24379208153136095,0.12226242468229745,0.2445248493645949
2330,38.833333333333336,True,False,55.1020481120203,50.0,70.02527453300718,54.80044561587189,55.86338765833999,55.86295285777406,74.0,5.102048112020299,4.490196739582446,4.53509870697827,4.393367895672283,0.6233389688892332,4.521774559482818,0.6341627838048751,0.6416305618829483,4.53509870697827,0.6275846934133164,0.6275971430449238,0.6335207011769399,0.6180311320901017,0.6180434871831872,4.410874036522858,4.410881500951827,-0.023587074699761068,-0.02359942979284657,-0.12421720602644282,-0.12422467045541197,False,False,0.0,0.2445248493645949,0.12262787393720452,0.24525574787440904
2335,38.916666666666664,True,False,55.11329769398346,50.0,70.04793483212086,54.811505638786365,55.87706786770345,55.87663301148487,74.0,5.113297693983462,4.508061104423437,4.553141715467671,4.410877768737343,0.6203510123627409,4.539178077401582,0.6311041670134716,0.6384609766820449,4.553141715467671,0.6244097507849988,0.6244221688927865,0.6304651812042267,0.6149165682941444,0.6149288921230084,4.428397937169878,4.428405383069529,-0.023532084559036548,-0.023544408387900506,-0.1247363323981423,-0.12474377829779293,False,False,0.0,0.24525574787440904,0.12299237834628117,0.24598475669256234
2340,39.0,True,False,55.124357080582314,50.0,70.06985117970197,54.82237398659575,55.890569615826465,55.890134708642904,74.0,5.124357080582314,4.525939397255256,4.571198791227809,4.428401660119704,0.6173825409813676,4.5565905511163445,0.6280655185246379,0.6353117701632528,4.571198791227809,0.6212548976494174,0.6212672843198934,0.6274296093085923,0.6118217651519123,0.6118340578021815,4.44593521956014,4.445942647052633,-0.023477712361071323,-0.023490005011340465,-0.12525614417517605,-0.1252635716676691,False,False,0.0,0.24598475669256234,0.1233559278764158,0.2467118557528316
2345,39.083333333333336,True,False,55.13522646338659,50.0,70.09102659653142,54.83305082563576,55.903892849159554,55.903457895852505,74.0,5.135226463386587,4.5438309696858346,4.589269279382693,4.445938933306387,0.6144334186662662,4.574011482786531,0.6250467014441029,0.6321828245574307,4.589269279382693,0.6181200227950612,0.6181323781144406,0.6244138487549663,0.6087466082330387,0.6087588697900518,4.463485248414182,4.463492657620538,-0.023423954767378907,-0.023436216324391967,-0.12577662176215476,-0.12578403096851076,False,False,0.0,0.2467118557528316,0.12371851265101244,0.24743702530202488
2350,39.166666666666664,True,False,55.14590603091367,50.0,70.11146429151682,54.84353632086119,55.917037512163986,55.91660251772448,74.0,5.145906030913672,4.561735174592527,4.6073525263384525,4.46348895301736,0.6115035097046122,4.591440374023496,0.622047579125062,0.629074021256647,4.6073525263384525,0.6150050140078195,0.6150173380620253,0.6214177630132781,0.6056909823117781,0.6057032128605879,4.481047389707068,4.481054780747178,-0.023370808396059095,-0.023383038944868928,-0.12629774559127416,-0.12630513663138476,False,False,0.0,0.24743702530202488,0.1240801229551813,0.2481602459103626
2355,39.25,True,False,55.156395969922805,50.0,70.13116765457842,54.85383063603648,55.93000354875797,55.929568518322256,74.0,5.156395969922805,4.5796513661467015,4.625447879808169,4.481051085227123,0.6085926787768859,4.608876725907855,0.6190680152010325,0.625985240917189,4.625447879808169,0.6119097581391351,0.6119220510138016,0.6184412158609576,0.6026547714904779,0.6026669711158533,4.498621010694527,4.498628383687165,-0.023318269801335667,-0.02333046942671113,-0.12681949612100407,-0.12682686911364183,False,False,0.0,0.2481602459103626,0.12444074924065994,0.24888149848131988
2360,39.333333333333336,True,False,55.16669646666373,50.0,70.15014024966956,54.863933936628456,55.94279090310484,55.94235584194995,74.0,5.16669646666373,4.597578899842917,4.643554688841347,4.498624697190846,0.6057007909828105,4.626320039013615,0.6161078736171606,0.6229163634742781,4.643554688841347,0.608834141191222,0.6088464029716958,0.6154840713829345,0.5996378591510909,0.5996500279375179,4.51620547994355,4.516212835006383,-0.023266335536760274,-0.023278504323187232,-0.127341853834964,-0.12734920889779655,False,False,0.0,0.24888149848131988,0.12480038213038745,0.2496007642607749
2365,39.416666666666664,True,False,55.17680770808055,50.0,70.16838580793237,54.873846389785264,55.95539952168264,55.95496443522214,74.0,5.176807708080553,4.615517132532426,4.66167230385775,4.516209157474966,0.6028277118659995,4.643769813438723,0.6131670186600293,0.6198672682450798,4.66167230385775,0.6057780483594971,0.6057902791308389,0.6125461940155674,0.5966401281419951,0.5966522661736783,4.533800167367067,4.533807504616662,-0.02321500207140148,-0.023227140103084687,-0.12786479924108818,-0.12787213649068274,False,False,0.0,0.2496007642607749,0.1251590124228636,0.2503180248457272
2370,39.5,True,False,55.18672988297052,50.0,70.18590822098953,54.8835681660841,55.96782935377386,55.96739424755332,74.0,5.186729882970518,4.63346542246081,4.679800076685417,4.533803835991865,0.5999733074373609,4.661225548841717,0.6102453149860352,0.6168378339728497,4.679800076685417,0.6027413641205597,0.6027535639675455,0.609627448532001,0.5936614607382152,0.5936735680990803,4.5514044442626345,4.551411763814477,-0.023164265873769407,-0.023176373234634506,-0.12838831287094,-0.12839563242278285,False,False,0.0,0.2503180248457272,0.1255166310961539,0.2510332621923078
2375,39.583333333333336,True,False,55.196463183098274,50.0,70.20271153437236,54.89309943928198,55.98008035309585,55.97964523278855,74.0,5.196463183098274,4.6514231293094905,4.697937360602586,4.551408104038556,0.5971374441973052,4.678686744484149,0.6073426276483754,0.6138279389299441,4.697937360602586,0.5997239722818276,0.5997361412889504,0.6067277001300226,0.5907017388231818,0.5907138155968759,4.569017683354764,4.5690249853232645,-0.02311412333306828,-0.023126200106762362,-0.1289123752793211,-0.12891967724782116,False,False,0.0,0.2510332621923078,0.1258732293116564,0.2517464586233128
2380,39.666666666666664,True,False,55.20600780426583,50.0,70.21879994108525,54.90244038975405,55.99215247804214,55.99171734944452,74.0,5.20600780426583,4.669389614240915,4.716083510383324,4.5690213343390145,0.594319989156806,4.696152899278454,0.6044588221227072,0.6108374609031034,4.716083510383324,0.5967257560704742,0.5967378943219459,0.6038468144320632,0.5877608437611773,0.5877728900310719,4.586639258840818,4.586646543339318,-0.02306457087203151,-0.023076617141926103,-0.12943696704400587,-0.12944425154250627,False,False,0.0,0.2517464586233128,0.12622879841757956,0.2524575968351591
2385,39.75,True,False,55.21536394733855,50.0,70.2341777753069,54.91159120356385,56.00404569405953,56.00361056308677,74.0,5.2153639473385525,4.687364239947179,4.734237882346651,4.586642901090068,0.591520809857352,4.71362351184094,0.6015937643315271,0.6078662773111774,4.734237882346651,0.5937465981540385,0.5937587057337921,0.6009846574705535,0.58483865665243,0.5848506725016215,4.604268546440125,4.604275813580921,-0.02301560480955589,-0.023027620658747416,-0.1299620687657299,-0.1299693359065257,False,False,0.0,0.2524575968351591,0.1265833299521515,0.253166659904303
2390,39.833333333333336,True,False,55.224531819227536,50.0,70.24884950622751,54.92055207475504,56.01575997351109,56.015324846192776,74.0,5.224531819227536,4.705346370701894,4.752399834408912,4.604272180010524,0.5887397743898368,4.731098080549603,0.5987473206673158,0.6049142652198407,4.752399834408912,0.5907863807345742,0.5907984577262638,0.5981410958050675,0.5819350582085078,0.581947043719819,4.6219049234462295,4.621912173340562,-0.02296722150002173,-0.022979207011332936,-0.13048766106834986,-0.13049491096268273,False,False,0.0,0.253166659904303,0.12693681564656,0.25387363129312
2395,39.916666666666664,True,False,55.23351163382871,50.0,70.26281973202202,54.92932320419549,56.02729529761669,56.02686018009226,74.0,5.233511633828712,4.723335372415065,4.770568726139215,4.621908548393396,0.5859767514124266,4.748576103606459,0.5959193580145016,0.6019813014593183,4.770568726139215,0.5878449855765097,0.5878570320635133,0.595315996434465,0.5790499290056795,0.579061884261662,4.6395477687819655,4.639555001540051,-0.022919417197656222,-0.022931372453638743,-0.13101372459916405,-0.13102095735724983,False,False,0.0,0.25387363129312,0.12728924742762454,0.2545784948552491
