time_s,time_min,falla_prop_inyectada,falla_remi_inyectada,BIS,BIS_ref,BIS_desde_Ce_real,BIS_desde_Ce_bis,BIS_mas,BIS_menos,age_patient,error,Ce_remi_pred,Ce_remi_corr,Ce_remi_prom,Ce_prop,Ce_remi,Ce_bis,Ce_prop_obs,Ce_remi_obs,Ce_bis_menos,Ce_bis_mas,Ce_bis_inv,Ce_prop_menos,Ce_prop_mas,Ce_remi_menos,Ce_remi_mas,r_prop_sup,r_prop_inf,r_remi_sup,r_remi_inf,fallo_prop,fallo_remi,u_prop_app,u_remi_app,u_prop_cmd,u_remi_cmd
0,0.0,False,False,93.0,50.0,98.8,93.0,93.0,92.98617050583682,74.0,43.0,0.0,0.0,0.06,0.0,0.0,0.0,7.35781213734299e-12,0.0,0.0,0.0008516696527757772,7.321432349272073e-12,-0.05324687867621981,0.042423949740375944,-0.053049077232834634,0.11085276830149611,0.042423949733018135,-0.053246878683577616,0.11085276830149611,-0.053049077232834634,False,False,0.0,0.0,6.043972499999999,12.087944999999998
5,0.08333333333333333,False,False,92.9820329973238,50.0,98.78309264597125,92.92279960579083,92.83181320933852,92.6081764910726,74.0,42.9820329973238,0.29484020376562414,0.29778860580328037,0.02890184553433074,0.01927387911056376,0.13764640790836807,0.0,7.35781213734299e-12,0.29778860580328037,0.0,0.015999683059970925,7.321432349272073e-12,-0.011617768820023161,0.03712299549076285,0.4498423727680889,0.5373608255872309,0.037122995483405044,-0.011617768827380973,0.2395722197839505,0.15205376696480855,False,False,6.043972499999999,12.087944999999998,0.36791960302133986,0.7358392060426797
10,0.16666666666666666,False,False,92.85717671042218,50.0,98.60512954413085,92.723633867251,92.68826303481438,92.21482091774602,74.0,42.85717671042218,0.5796023880389035,0.5853984119192925,0.4936015991776599,0.057905539168809854,0.4069413492768468,0.0005272052246289467,7.35781213734299e-12,0.5853984119192925,0.0,0.024801247251724015,0.0005266714312256226,-0.03092608206379566,0.04942770470740157,0.6240408384892164,0.7613502772596665,0.04942770470004376,-0.030926082071153473,0.175951865340374,0.03864242656992389,False,False,0.36791960302133986,0.7358392060426797,0.3552132267257703,0.7104264534515407
15,0.25,False,False,92.4727209211322,50.0,98.19303891853278,92.41946473232407,92.3234756939553,91.5628105640896,74.0,42.47272092113219,0.8543431173460283,0.8628865485194885,0.6926955578744415,0.09716799083833001,0.6710799308490847,0.014667814453724837,0.0005292884321261227,0.8628865485194885,0.0,0.03362843981013063,0.014652963465005088,-0.021607933589836502,0.04428737867356146,0.942234244554764,1.0588538419812146,0.043758090241435336,-0.022137222021962624,0.19596729346172603,0.07934769603527547,False,False,0.3552132267257703,0.7104264534515407,0.32012039965450584,0.6402407993090117
20,0.3333333333333333,False,False,91.71308284729794,50.0,97.52579142331182,91.6912976530562,91.995228458661,90.97703555582403,74.0,41.71308284729794,1.1180311358695514,1.1292114472282468,1.0005440432679893,0.13687230066426503,0.9290964046515493,0.038562330718174886,0.020106993301369586,1.1292114472282468,0.0,0.037948704240696934,0.03852328678954109,-5.5925238048384895e-05,0.07813676905725053,1.1637730174669578,1.2983946558941917,0.05802977575588095,-0.02016291853941797,0.16918320866594483,0.03456157023871098,False,False,0.32012039965450584,0.6402407993090117,0.2665379167307912,0.5330758334615824
25,0.4166666666666667,False,False,90.56121308714083,50.0,96.60479429036499,90.5233522403392,91.54507015946841,90.00765604137843,74.0,40.56121308714083,1.3688408117752215,1.3825292198929737,1.2310838366805748,0.17670809862421377,1.1791896169074187,0.0682406979635484,0.048905716022736676,1.3825292198929737,0.0,0.05249386965331605,0.06817160502801016,0.029021882933893225,0.10374605424945157,1.4192582919627472,1.5500282525460372,0.0548403382267149,-0.01988383308884345,0.16749903265306343,0.036729072069773494,False,False,0.2665379167307912,0.5330758334615824,0.207304710927349,0.414609421854698
30,0.5,False,False,89.06247456015042,50.0,95.451400226762,89.00510018560828,91.01176686115947,88.82860633457257,74.0,39.06247456015042,1.604854946978402,1.6209034964481859,1.484643272254392,0.21630202613972493,1.419168874004047,0.10123686995259437,0.0814064684591449,1.6209034964481859,0.004375962901034147,0.07191297162076674,0.10113436876922606,0.059250419240639216,0.1395682115892932,1.6332117902611338,1.7719095879902333,0.0581617431301483,-0.022156049218505683,0.15100609154204747,0.012308293812947957,False,False,0.207304710927349,0.414609421854698,0.1510248485131441,0.3020496970262882
35,0.5833333333333334,False,False,87.2884579282704,50.0,94.1025225800016,87.20940622801966,89.94937518762839,87.3384992246149,74.0,37.288457928270404,1.8244949523716802,1.8427399018953972,1.7025606891256837,0.25528833347709756,1.646967521178439,0.1361286404598579,0.11630932711900642,1.8427399018953972,0.026039224980777168,0.09721678412763385,0.1359908117625764,0.09262937464152256,0.17312692106075125,1.845120556122843,1.9848926278790036,0.056817593941744834,-0.023679952477483862,0.1421527259836064,0.002380654227445822,False,False,0.1510248485131441,0.3020496970262882,0.10175308362761126,0.20350616725522253
40,0.6666666666666666,False,False,85.31875175495489,50.0,92.60445690205273,85.2171224696663,88.66097782881045,85.67245364771615,74.0,35.31875175495489,2.026688293238129,2.0469551761705103,1.9150065920009234,0.29334864339810535,1.8609187959880629,0.17202856690236354,0.1527614199789332,2.0469551761705103,0.05169895785861696,0.12550672739794877,0.1718543899356064,0.12653807638409906,0.2102502041117217,2.0314914785824594,2.1758525728817,0.05748878413278852,-0.026223343594834136,0.12889739671118994,-0.015463697588050884,False,False,0.10175308362761126,0.20350616725522253,0.061210389910853424,0.12242077982170685
45,0.75,False,False,83.23103137755598,50.0,91.00656426863328,83.10701466437814,87.16603242780954,83.83729052523513,74.0,33.23103137755598,2.2109058470826803,2.233014905553507,2.10367202573208,0.33022825911029385,2.0598556465957407,0.20831650039275135,0.19012876003772364,2.233014905553507,0.07998244047056535,0.156625956143791,0.20810558229400158,0.161637812824364,0.24668234163817734,2.204625706964478,2.351362348554359,0.056553581600453706,-0.028490947213359624,0.11834744300085198,-0.028389198589028997,False,False,0.061210389910853424,0.12242077982170685,0.029797676068164136,0.05959535213632827
50,0.8333333333333334,False,False,81.09484633248685,50.0,89.35599082610617,80.94946725422021,85.53305948481574,81.92284837800261,74.0,31.094846332486853,2.377130831068691,2.4009021393793777,2.2779940277594184,0.3657402115762465,2.2431203721147805,0.2445219908037911,0.22790053469006127,2.4009021393793777,0.1102569563505992,0.18932496740477892,0.24427441506918515,0.196732785413326,0.2840988312857758,2.3577426328447664,2.5078432144711704,0.056198296595714514,-0.031167749276735268,0.10694107509179274,-0.043159506534611314,False,False,0.029797676068164136,0.05959535213632827,0.007030720716725891,0.014061441433451782
55,0.9166666666666666,False,False,78.96802274232327,50.0,87.69403897099306,78.8028672970366,83.80471266318017,79.961942330751,74.0,28.96802274232327,2.525786985260703,2.55104485511331,2.4327929236579684,0.39976214229862034,2.4105235011102115,0.28027588722911595,0.26565258588817414,2.55104485511331,0.14180180992251112,0.22329585730991824,0.2799921110669402,0.23191298256191392,0.3209238325868875,2.4953145946486566,2.6480115751656155,0.05527124669871336,-0.03373960332626022,0.09696672005230544,-0.05573026046465346,False,False,0.007030720716725891,0.014061441433451782,0.0,0.0
60,1.0,False,False,76.89438567246734,50.0,86.05266405104426,76.71134020936763,82.03186463123895,78.00666240678434,74.0,26.894385672467337,2.658042605991029,2.6846230320509394,2.571663084907136,0.43225467319809424,2.5624582252597206,0.31528832898303666,0.3030037144794824,2.6846230320509394,0.17418584213669924,0.25790205644659253,0.31496910312785076,0.26655253913329485,0.3575070531656916,2.6167228999023973,2.772242075937683,0.05450333868620921,-0.036451175346187525,0.08761904388674369,-0.06790013214854218,False,False,0.0,0.0,0.0,0.0
65,1.0833333333333333,False,False,74.90383623329815,50.0,84.45372093811993,74.70488363028834,80.25065491803255,76.08397254203174,74.0,24.90383623329815,2.7753146904470953,2.8030678373515663,2.69448248792004,0.46325242484296103,2.6998136582048957,0.349343051168463,0.3396651782543177,2.8030678373515663,0.20694865391720957,0.29282786728790466,0.3489893453011519,0.30059842900969364,0.3932332250909028,2.7245376398294887,2.8825706901731896,0.053568046836585115,-0.039066749244624055,0.07950285282162328,-0.07853019752207757,False,False,0.0,0.0,0.0,0.0
70,1.1666666666666667,False,False,73.01502690955914,50.0,82.91225530197916,72.80211277473093,78.49528912098494,74.22339396950309,74.0,23.01502690955914,2.8789012044713718,2.9076902165160856,2.803554165001339,0.49281105616972637,2.823581883769268,0.3823031643524864,0.37544907880695066,2.9076902165160856,0.23977331507019062,0.32769174249585775,0.3819160867312803,0.33378347930986507,0.4281673336524977,2.819311849307546,2.9798623519129515,0.05271825484554704,-0.04166559949708559,0.07217213539686584,-0.08837836720853964,False,False,0.0,0.0,0.0,0.0
75,1.25,False,False,71.23830275443552,50.0,81.43878480844474,71.01325549114547,76.7892663658518,72.44097234069375,74.0,21.238302754435523,2.9699910439557535,2.999690954395311,2.8995871006102485,0.5209842408034043,2.9346927819440687,0.4140966511632044,0.41023372778409795,2.999690954395311,0.2723755312939872,0.3622629760430633,0.41367738299718443,0.36606457507274215,0.462077857802975,2.9025253240673297,3.0654378075120485,0.051844130018877055,-0.0441691527113558,0.06574685311673756,-0.09716563032798131,False,False,0.0,0.0,0.0,0.0
80,1.3333333333333333,False,False,69.5781323915366,50.0,80.04019288249677,69.34262176669797,75.15083358868823,70.74972361109846,74.0,19.5781323915366,3.049673163021952,3.080169894652171,2.983981565789689,0.547823737098145,3.0340178241453337,0.44469150983318684,0.443940234017673,3.080169894652171,0.3045558691497524,0.39632448825199146,0.4442412647277252,0.3973318691459578,0.49496891441718793,2.9749936302718623,3.1402135942592575,0.051028680399514914,-0.04660836487171521,0.06004369960708633,-0.10517626438030891,False,False,0.0,0.0,0.0,0.0
85,1.4166666666666667,False,False,68.03500637697825,50.0,78.72050977935935,67.7905277670924,73.59138803421037,69.15563084977575,74.0,18.035006376978245,3.1189449386766435,3.15013438806341,3.05760361226556,0.5733794557142634,3.1223736392207293,0.47407877433413703,0.4765161843830811,3.15013438806341,0.3361500735947286,0.42973389652431115,0.4735987749557808,0.4275583274421591,0.5267513744512062,3.0377635225941177,3.2051919456494713,0.05023519006812516,-0.04895785694092197,0.055057557586061456,-0.11237086546929209,False,False,0.0,0.0,0.0,0.0
90,1.5,False,False,66.60677778472913,50.0,77.48157155625609,66.35465202485318,72.11828344076189,67.66196186392713,74.0,16.606777784729132,3.1787198358015005,3.2105070341595154,3.1214777341217945,0.5976995248182504,3.2005253640011473,0.50226316248551,0.5079265067798133,3.2105070341595154,0.36703935284562483,0.46236980322903154,0.5017546267362832,0.45669539590892444,0.5574166241185619,3.0916275245885583,3.26120051916289,0.04949011733874853,-0.051231110870888885,0.05069348500337467,-0.11887950957095716,False,False,0.0,0.0,0.0,0.0
95,1.5833333333333333,False,False,65.28959758542399,50.0,76.32356163852648,65.03097973398317,70.73508207410336,66.26863815747625,74.0,15.28959758542399,3.229834430997144,3.2621327753071157,3.176414021875724,0.6208303529893076,3.2691897913631727,0.5292580390513915,0.5381484453785288,3.2621327753071157,0.39712768078450134,0.49414655169201493,0.5287221712868359,0.48472753954347625,0.5869295333681113,3.137403825021317,3.309047454271195,0.04878108798958247,-0.053420905835052546,0.046914678964079304,-0.12472895028579867,False,False,0.0,0.0,0.0,0.0
100,1.6666666666666667,False,False,64.07856959036368,50.0,75.24544683678702,63.81446233602597,69.44295418290005,64.97402311031723,74.0,14.078569590363685,3.2730548489056357,3.305785397394692,3.223225639646256,0.6428166899130081,3.32903832798945,0.5550825700614115,0.567168638318808,3.305785397394692,0.4263431649407314,0.5249940334971631,0.55452055526589,0.5116349947054305,0.6152850828403506,3.1757905963667463,3.3494450616444356,0.04811644452154251,-0.05553364361337754,0.043659664249743546,-0.1299948010279457,False,False,0.0,0.0,0.0,0.0
105,1.75,False,False,62.96820952443138,50.0,74.24532249142922,62.699478564716614,68.24112639782685,63.77500702346366,74.0,12.96820952443138,3.3090826601511014,3.3421734867526123,3.262617829005591,0.663701684939859,3.3806997732816275,0.5797599811445595,0.5949812578749789,3.3421734867526123,0.4546287061877316,0.5548610265884044,0.579172980746489,0.5374129946863456,0.6424730875300151,3.207455676189313,3.383061093087181,0.04749182965503618,-0.057568263188633284,0.04088760633456889,-0.13471781056329935,False,False,0.0,0.0,0.0011038174793336908,0.0022076349586673816
110,1.8333333333333333,False,False,61.9526263811033,50.0,73.3204290049615,61.6800150474224,67.12709434400004,62.66727213763916,74.0,11.9526263811033,3.33861413292539,3.3720002742546438,3.295258384638247,0.6835304635939703,3.4247880687101455,0.6033161921946693,0.6215810391792821,3.3720002742546438,0.4819415015354751,0.5837074631112029,0.6027053413944942,0.5620511835244485,0.6684892707112531,3.2330811894032907,3.410584756213229,0.04690823153197099,-0.0595298556548336,0.038584481958585215,-0.13891908485135307,False,False,0.0011038174793336908,0.0022076349586673816,0.00566919056171622,0.01133838112343244
115,1.9166666666666667,False,False,61.025300199769006,50.0,72.4665854897067,60.74944100434319,66.096290187655,61.64479144531222,74.0,11.025300199769006,3.3624550834611497,3.396079634295761,3.32183297280826,0.7023610218313991,3.461980959036124,0.6257790660539253,0.6469549709563308,3.396079634295761,0.5082464275183094,0.6115021180313381,0.6251454718460536,0.5855359018193204,0.6933191859307373,3.2535221642912324,3.432873528351633,0.04636421497440646,-0.06141906913701045,0.036793894055871856,-0.14255747000452867,False,False,0.00566919056171622,0.01133838112343244,0.010070791765041123,0.020141583530082247
120,2.0,False,False,60.17932860928027,50.0,71.67871243219702,59.900756869618874,65.14468451380763,60.702435869042006,74.0,10.179328609280269,3.381332945433345,3.4151462748876784,3.3431978463214325,0.7202595175631457,3.4929840304582225,0.6471818173873679,0.671114511114929,3.4151462748876784,0.5335129636352515,0.6382171220507664,0.6465265531400747,0.6078901915791094,0.7169888928359694,3.2694124548481143,3.450565690913562,0.045874381721040414,-0.06322431953581964,0.03541941602588361,-0.14573382003956414,False,False,0.010070791765041123,0.020141583530082247,0.014204150632533927,0.028408301265067853
125,2.0833333333333335,False,False,59.40789618491067,50.0,70.95183562983485,59.127063639315665,64.26741516017816,59.83452158113814,74.0,9.407896184910669,3.3958983547858965,3.4298573383337554,3.359989072880838,0.7372881700467226,3.5184449196742285,0.6675673040323543,0.6940850585135468,3.4298573383337554,0.5577265861542422,0.6638408286794211,0.6668913997097207,0.6291328848607138,0.7395178666246038,3.2813777130088524,3.4642896890162462,0.04543280811105699,-0.06495217365283301,0.03443235068249084,-0.148479625324903,False,False,0.014204150632533927,0.028408301265067853,0.01802709898375085,0.0360541979675017
130,2.1666666666666665,False,False,58.70445574769804,50.0,70.28119724685806,58.421742919348105,63.459715545929754,59.03568880716892,74.0,8.704455747698042,3.4067296980247863,3.440796995005034,3.3728337010125493,0.7535049479405471,3.538953827621087,0.6869844429158327,0.7159019540041391,3.440796995005034,0.5808830865519523,0.6883713412030373,0.6862888789677073,0.6493007578487694,0.7609447484674139,3.2899388285639866,3.4745696273631443,0.04504279446327475,-0.06660119615536975,0.03377263235811023,-0.15085816644104755,False,False,0.01802709898375085,0.0360541979675017,0.021523303777656516,0.04304660755531303
135,2.25,False,False,58.06286738947586,50.0,69.66231676191131,57.77859457488537,62.7166151719661,58.30055317881574,74.0,8.062867389475862,3.414338561812828,3.4484819474309565,3.3822542279635655,0.7689635501041454,3.555046028550123,0.7054843847917118,0.7366062746478657,3.4484819474309565,0.6029907345240919,0.7118191886862134,0.7047700898554012,0.6684297752886447,0.781306514880619,3.295574077186755,3.481886323650838,0.04470024023275332,-0.06817649935922099,0.03340437621988146,-0.1529078702442015,False,False,0.021523303777656516,0.04304660755531303,0.024697892034401994,0.04939578406880399
140,2.3333333333333335,False,False,57.47746162661086,50.0,69.09102017351867,57.191898409604384,62.033320635781436,57.624044134285484,74.0,7.477461626610861,3.419175780422108,3.453367538226329,3.3887302004187965,0.7837135380392378,3.567205307194984,0.7231181485305167,0.7562420648526587,3.453367538226329,0.6240659466929344,0.7342027432645187,0.7223859996162446,0.6865614349289054,0.8006460356351248,3.298693928630035,3.4866527660776883,0.04440397078246616,-0.06968062992375323,0.033285227851359345,-0.15467360959629373,False,False,0.024697892034401994,0.04939578406880399,0.02756799968072715,0.0551359993614543
145,2.4166666666666665,False,False,56.94305256950368,50.0,68.56344726023882,56.65642592058939,61.40517600792005,57.00133156674165,74.0,6.943052569503678,3.421637557959543,3.4558539335391387,3.3926733473538615,0.7978005695824665,3.575867935527932,0.7399353134611928,0.77485465830644,3.4558539335391387,0.6441320965313239,0.7555472153779278,0.7391861373593657,0.7037366444076527,0.8190052564862197,3.299664375665734,3.4892371198185277,0.04415059817977973,-0.07111801389878725,0.033383186279388966,-0.15618955787340472,False,False,0.02756799968072715,0.0551359993614543,0.030156313378094532,0.060312626756189064
150,2.5,False,False,56.45492372843101,50.0,68.076045363486,56.16742483498793,60.82780118818977,56.42793684478891,74.0,6.454923728431012,3.4220713374371603,3.456292050811532,3.394450747742131,0.8112666791575903,3.58142678578283,0.7559833370470498,0.7924896593616086,3.456292050811532,0.663216992140979,0.7758820581222488,0.7552179124927989,0.719997584496427,0.8364274736007883,3.2988028890709056,3.4899588951923297,0.04393781423917964,-0.07249207486518161,0.03366684438079792,-0.15748916174062622,False,False,0.030156313378094532,0.060312626756189064,0.03248736485991799,0.06497472971983598
155,2.5833333333333335,False,False,56.00880016173434,50.0,67.62555540195449,55.720590154429615,60.29708141132435,55.89970222971848,74.0,6.008800161734342,3.420781254132898,3.4549890666742273,3.3943808921316174,0.8241505704017407,3.5842353368038857,0.771307229977529,0.8091923111461348,3.4549890666742273,0.6813517861280183,0.795239949027716,0.7705262901643892,0.7353856581137186,0.8529550523978632,3.2963888953747547,3.489099338064399,0.04376274125172841,-0.07380665303241618,0.034110271390171754,-0.15860017129947268,False,False,0.03248736485991799,0.06497472971983598,0.0345855167699274,0.0691710335398548
160,2.6666666666666665,False,False,55.60081471310709,50.0,67.20899375933834,55.31202945723972,59.809202529937174,55.412810479805145,74.0,5.600814713107091,3.4180331088967786,3.4522134399857465,3.3927441167195767,0.836487902483473,3.5846114494351746,0.7859494355949052,0.8250070933561165,3.4522134399857465,0.6985697055297238,0.8136555037075938,0.7851536707070864,0.7499419857708477,0.8686300639768417,3.2926654495624024,3.486903179013523,0.04362297062072518,-0.07506510758526885,0.0346897390277765,-0.1595479904233441,False,False,0.0345855167699274,0.0691710335398548,0.036473918887762746,0.07294783777552549
165,2.75,False,False,55.22747262242751,50.0,66.82363233555185,54.93822672059534,59.36063587248815,54.96375830657838,74.0,5.227472622427513,3.414058850908517,3.448199439417602,3.3897843142879625,0.8483115606418545,3.582840856246661,0.7999498266436502,0.8399774606708434,3.448199439417602,0.7149053696284174,0.8311646251514769,0.7991398865200154,0.7637066823318392,0.8834934872387222,3.287845043603487,3.483584424741097,0.043516026567878785,-0.0762707783390042,0.03538498532349488,-0.16035439581411515,False,False,0.036473918887762746,0.07294783777552549,0.038174014041868674,0.07634802808373735
170,2.8333333333333335,False,False,54.885616827238856,50.0,66.46697818438481,54.59600696443805,58.94813544884439,54.54934484914508,74.0,4.885616827238856,3.409060587663723,3.4431511935403605,3.385714734172292,0.8596519066881089,3.5791803495285794,0.813345769196427,0.8541456700502295,3.4431511935403605,0.7303941327908814,0.8478038475257225,0.8125222658381518,0.7767189572453962,0.8975853589186258,3.282112402607151,3.4793291866155722,0.04343968886839633,-0.07742671280483326,0.036177993075211745,-0.1610387909332096,False,False,0.038174014041868674,0.07634802808373735,0.03970535375513297,0.07941070751026594
175,2.9166666666666665,False,False,54.57239515278153,50.0,66.1367536024579,54.28250289556364,58.56871904251614,54.16664639596643,74.0,4.572395152781532,3.403214153854005,3.437246295392545,3.3807207946113618,0.8705370081145004,3.573860672328666,0.8261722242904418,0.8675526664091285,3.437246295392545,0.7450716686910673,0.8636099366137852,0.8253357342952313,0.7890168433590972,0.9109444796421289,3.275628286593559,3.4742994851679976,0.04339181323300034,-0.07853582305003137,0.037053189775452466,-0.16161800879898625,False,False,0.03970535375513297,0.07941070751026594,0.04108558618006658,0.08217117236013316
180,3.0,False,False,54.28522994969973,50.0,65.8308771738086,53.99512409057675,58.21965332145053,53.81299668742072,74.0,4.285229949699733,3.3966722766525215,3.4306389994190467,3.3749638858807782,0.8809928460420777,3.5670891280646866,0.8384618696040138,0.8802380082151376,3.4306389994190467,0.7589736029912002,0.8786195278047526,0.8376129364741701,0.8006371994686583,0.9236084353151073,3.2685321265683878,3.4686359033715757,0.04337042709996963,-0.07960080874647935,0.03799690395252897,-0.16210687285065895,False,False,0.04108558618006658,0.08217117236013316,0.04233053689754843,0.08466107379509687
185,3.0833333333333335,False,False,54.021790374761636,50.0,65.54744604148027,53.73152889801994,57.89843453324074,53.48596410284025,74.0,4.021790374761636,3.3895673763022183,3.4234630500652403,3.368584014969982,0.8910435030726507,3.5590519292880214,0.8502452303826149,0.8922398213403995,3.4234630500652403,0.7721352543337929,0.8928688769370626,0.8493843667410602,0.8116156054346495,0.9356134865833112,3.2609447594121135,3.4624603289084668,0.04337366524291175,-0.08062421590574997,0.03899727884322646,-0.16251829065312684,False,False,0.04233053689754843,0.08466107379509687,0.04345433637209197,0.08690867274418394
190,3.1666666666666665,False,False,53.77996730555486,50.0,65.28471952780998,53.48959903971398,57.60277122005366,53.18333177162468,74.0,3.7799673055548624,3.382014039868036,3.415834180266716,3.3617025441602904,0.9007113325112086,3.5499163079863703,0.8615508129380821,0.903594773500563,3.415834180266716,0.7845914164376852,0.906393648089268,0.8606785025245245,0.8219863528261802,0.9469945676306074,3.2529706173550355,3.4558781548560584,0.043399794130044356,-0.0816084206743829,0.04004397458934239,-0.16286356291168058,False,False,0.04345433637209197,0.08690867274418394,0.04446956716043848,0.08893913432087697
195,3.25,False,False,53.557850769139755,50.0,65.04110413024114,53.267416777891185,57.33056643766519,52.903077911316565,74.0,3.5578507691397547,3.3741112037273386,3.407852315764612,3.354424386105547,0.9100171105772303,3.539832409821638,0.8724052365714331,0.9143380642628746,3.407852315764612,0.7963761958393444,0.9192287581093327,0.8715219361747132,0.8317824087759202,0.957785249840528,3.2446997832910944,3.448980342619829,0.04344718557765348,-0.08255565548695432,0.041128026855217215,-0.16315253247351746,False,False,0.04446956716043848,0.08893913432087697,0.045387415348635524,0.09077483069727105
200,3.3333333333333335,False,False,53.35370970875946,50.0,64.81513986084764,53.063244465437215,57.079901502868644,52.64335821377272,74.0,3.3537097087594603,3.3659440775096856,3.3996035182847826,3.3468400629554615,0.9189801732345652,3.5289349937306533,0.882833361361733,0.9245034269592088,3.3996035182847826,0.8075228804831605,0.9314082502243896,0.8819395026051553,0.8410354161452613,0.9680177462758909,3.2362097329805524,3.441845172424084,0.04351431931668204,-0.0834680108139475,0.04224165413930159,-0.1633937853042302,False,False,0.045387415348635524,0.09077483069727105,0.04621781748025203,0.09243563496050405
205,3.4166666666666665,False,False,53.16597388931378,50.0,64.60548786308442,52.875506267392616,56.84902048202517,52.40248937674081,74.0,3.1659738893137828,3.3575858391458975,3.3911616975373566,3.339027452702318,0.9276185392031823,3.51734495685601,0.892858410289686,0.9341231401201094,3.3911616975373566,0.8180638409238852,0.9429652003023821,0.8919544012824645,0.8497756904713772,0.977722910027463,3.22756690802893,3.434539823010136,0.04359976990735359,-0.0843474496487322,0.043378125472779416,-0.16359478950842643,False,False,0.04621781748025203,0.09243563496050405,0.04696959831696874,0.09393919663393747
210,3.5,False,False,52.99321773788445,50.0,64.41091922039953,52.70277185031636,56.63631601270462,52.178934264403054,74.0,2.99321773788445,3.3490991276667152,3.3825901189433822,3.331053365519533,0.935949020609779,3.505170703105369,0.9025020848383137,0.9432280462372092,3.3825901189433822,0.8280304540003529,0.9539316447062816,0.9015883117146132,0.8580322323604489,0.9869302494133524,3.218828079782602,3.4271217420388815,0.04370220317614315,-0.08519581387676034,0.044531623095499295,-0.16376203916078014,False,False,0.04696959831696874,0.09393919663393747,0.047650597227905274,0.09530119445581055
215,3.5833333333333335,False,False,52.834145921966844,50.0,64.23030486277517,52.54374183361074,56.440316170026875,51.971288337943726,74.0,2.8341459219668437,3.340537357522906,3.373942731098135,3.322974910910742,0.9439873226104047,3.4925093719245974,0.9117846736605942,0.951847576500195,3.373942731098135,0.8374530474555021,0.9643385288569344,0.9108615020277739,0.8658327424609519,0.995667944683635,3.2100415619097697,3.4196398643174324,0.04382036818343993,-0.08601483403924315,0.04569713321929747,-0.16390116918836517,False,False,0.047650597227905274,0.09530119445581055,0.0482677824706666,0.0965355649413332
220,3.6666666666666665,False,False,52.68758048023511,50.0,64.06260647532127,52.39723481162683,56.259672504440566,51.77826742322096,74.0,2.6875804802351126,3.3319458755415026,3.3652653342969177,3.3148407131136013,0.9517481331900376,3.479447942206384,0.9207251542025795,0.9600097804046437,3.3652653342969177,0.846360860670696,0.974215671394818,0.9197929304267292,0.8732036443430548,1.0039628730099666,3.2012482712529593,3.4121356778899155,0.043953092605322874,-0.08680613606158893,0.0468703435929978,-0.16401706304395836,False,False,0.0482677824706666,0.0965355649413332,0.04882735348609595,0.0976547069721919
225,3.75,False,False,52.552449335608436,50.0,63.90686831524101,52.26217577827837,56.09314910196321,51.59869662485907,74.0,2.5524493356084363,3.3233629792115265,3.356596609003642,3.3066919745714376,0.9592452042190703,3.4660642246915985,0.9293412873688061,0.9677413590534798,3.356596609003642,0.854782019659782,0.9835917423267292,0.9284003398609912,0.8801701102504648,1.0118406359024774,3.1924826651853935,3.404644166057672,0.044099276848997615,-0.08757124880301503,0.048047557054029966,-0.1641139438182484,False,False,0.04882735348609595,0.0976547069721919,0.049334831811433916,0.09866966362286783
230,3.8333333333333335,False,False,52.42777603625965,50.0,63.76220984815694,52.13758579025822,55.93961265038854,51.43150033648061,74.0,2.427776036259651,3.3148208128106758,3.3479690209387827,3.2985634156215324,0.9664914247289978,3.452427754779679,0.9376497054463695,0.9750677016370083,3.3479690209387827,0.8627435234740561,0.9924942522378686,0.9367003457648481,0.8867560915867352,1.0193255914090225,3.1837735645309104,3.3971946345579482,0.04425788977201417,-0.0883116100502731,0.049225613619165554,-0.16419545640787225,False,False,0.049334831811433916,0.09866966362286783,0.049795141465735784,0.09959028293147157
235,3.9166666666666665,False,False,52.31267058593146,50.0,63.62781912081808,52.02257273323739,55.79802340502418,51.27569321658666,74.0,2.312670585931457,3.3063461559338276,3.339409617493166,3.2904840995444293,0.9734988872613424,3.4386005963551773,0.9456659935857576,0.9820129242085841,3.339409617493166,0.8702712405226867,1.0009495511737245,0.9447085175009762,0.8929843515439599,1.026440888234464,3.1751448788212313,3.3898114406501922,0.044427964025879896,-0.08902857266462416,0.05040182315702646,-0.16426473867193447,False,False,0.049795141465735784,0.09959028293147157,0.05021267976735523,0.10042535953471046
240,4.0,False,False,52.206321239882215,50.0,63.502946793868254,51.91632306385701,55.66742699754905,51.13037205438702,74.0,2.2063212398822145,3.297961117250029,3.3309407284225294,3.282478159735712,0.9802789480456965,3.4246380660593814,0.953404765184863,0.9885999102555889,3.3309407284225294,0.8773899129146195,1.0089828352908796,0.952439453683337,0.8988765004239944,1.0332085025005355,3.1666162437848233,3.3825146340805983,0.04460859224494662,-0.08972340983159455,0.05157390565806885,-0.1643244846377061,False,False,0.05021267976735523,0.10042535953471046,0.05059137956205152,0.10118275912410304
245,4.083333333333333,False,False,52.107987156650225,50.0,63.38690076516888,51.818094414744024,55.54694700391693,50.99470842764537,74.0,2.107987156650225,3.2896837447791305,3.3225805822269217,3.2745654389327106,0.986842281674754,3.4105893863824948,0.9608797315474568,0.9948503526389596,3.3225805822269217,0.884123167606156,1.0166181601089648,0.9599068517307843,0.9044530325421223,1.0396492759506972,3.1582035824795485,3.3753205213513833,0.044798923311737626,-0.09039732009683732,0.05273993912446162,-0.1643769997473732,False,False,0.05059137956205152,0.10118275912410304,0.05093476380796436,0.10186952761592873
250,4.166666666666667,False,False,52.01699180846431,50.0,63.279041320837365,51.727208965681456,55.43577820653641,50.86794207704855,74.0,2.0169918084643115,3.2815285626235973,3.314343848249833,3.2667620519154656,0.9931989308658279,3.3964982750144674,0.9681037661959201,1.0007847964156553,3.314343848249833,0.8904935331225248,1.0238784591425163,0.9671235721199537,0.9097333644758907,1.0457829554243414,3.149919598609479,3.368242161878474,0.04499815900868609,-0.09105143193976462,0.05389831362864106,-0.16442424964035407,False,False,0.05093476380796436,0.10186952761592873,0.05124599340345286,0.10249198680690572
255,4.25,False,False,51.93271706450784,50.0,63.17877675750212,51.64304749347174,55.333180482870574,50.74937492129565,74.0,1.932717064507841,3.273507042896705,3.306242113325672,3.2590808802439764,0.9993583518289845,3.382403477060988,0.9750889642152539,1.0064226822056026,3.306242113325672,0.8965224608663412,1.0307855669529036,0.9741016977035089,0.9147358741664979,1.0516282330833984,3.1417742103723416,3.36128980440643,0.045205550877795764,-0.09168680803910467,0.05504769108075802,-0.16446790295333047,False,False,0.05124599340345286,0.10249198680690572,0.05152790906931854,0.10305581813863708
260,4.333333333333333,False,False,51.85459787140433,50.0,63.08555942518942,51.565044022106036,55.23847326140809,50.638365647936006,74.0,1.85459787140433,3.265628020537595,3.298284300742971,3.251532007389386,1.0053294557007275,3.3683392459951356,0.9818466969949365,1.011782389867667,3.298284300742971,0.9022303501386315,1.0373602457593054,0.9808525883573112,0.9194779406958971,1.0572027872391212,3.1337749317194246,3.3544712705918776,0.0454203973714542,-0.09230444917176994,0.056186969848906365,-0.16450936902354663,False,False,0.05152790906931854,0.10305581813863708,0.05178306801813509,0.10356613603627018
265,4.416666666666667,False,False,51.78211746430675,50.0,62.99888214569439,51.49268101259221,55.151030488077794,50.53432481873451,74.0,1.7821174643067508,3.2578980577802596,3.290477038358062,3.244123101155651,1.011120646448361,3.354335778564658,0.9883876627197973,1.0168812819254618,3.290477038358062,0.907636576167119,1.0436222149212595,0.9873869314250897,0.9239759838958046,1.0625233229307847,3.1259272073408626,3.3477922920899656,0.045642041005322875,-0.09290529802965719,0.05731525373190349,-0.16454983101719955,False,False,0.05178306801813509,0.10356613603627018,0.052013776064786285,0.10402755212957257
270,4.5,False,False,51.71480304993462,50.0,62.91827496624025,51.42548502208922,55.07027605662973,50.43671043957724,74.0,1.7148030499346234,3.2503217642324063,3.28282498187473,3.236859749715414,1.016739855602902,3.3404196083002535,0.994721932942541,1.0217357469784385,3.28282498187473,0.9127595203613017,1.0495901825244285,0.9937147882681076,0.9282455045633597,1.067605613042704,3.118234706791411,3.341256806581203,0.045869866064265574,-0.09349024241507875,0.05843182470647301,-0.16459027508331925,False,False,0.052013776064786285,0.10402755212957257,0.052222115757754095,0.10444423151550819
275,4.583333333333333,False,False,51.65222190991118,50.0,62.84330221270032,51.36302279027416,54.995679651344226,50.34502394151697,74.0,1.6522219099111766,3.2429020778079916,3.2753310985860713,3.229745756686307,1.0221945741370135,3.3266139617629755,1.000858995550378,1.0263612424654913,3.2753310985860713,0.9176166024741271,1.055281878762142,0.9998456371833983,0.9323011237958735,1.0724645384737386,3.1106995826045187,3.3348672176051335,0.04610329600824725,-0.09406011866961783,0.059536119019062195,-0.16463151598155257,False,False,0.052222115757754095,0.10444423151550819,0.05240997104140052,0.10481994208280104
280,4.666666666666667,False,False,51.593977878908575,50.0,62.77355981067351,51.304897702910424,54.92675296721991,50.25880653591811,74.0,1.593977878908575,3.2356405111319013,3.2679969162432205,3.2227834001048263,1.027491881768119,3.3129390812209456,1.006807794417262,1.0307723367810742,3.2679969162432205,0.922224313951328,1.0607140904039225,1.0057884129541435,0.9361566222462526,1.0771141281676815,3.103322696621792,3.3286246224455938,0.04634179138660732,-0.09461571453482154,0.06062770620237323,-0.16467421962142836,False,False,0.05240997104140052,0.10481994208280104,0.05257904889666724,0.10515809779333447
285,4.75,False,False,51.53970815750596,50.0,62.70867284629246,51.25074658977826,54.86304626696263,50.177635902242265,74.0,1.539708157505963,3.228537367486257,3.2608227411611197,3.215973659533693,1.032638473935081,3.299412517049921,1.0125767660123273,1.0349827506996827,3.2608227411611197,0.9265982522035838,1.0659026960958136,1.0115515435300495,0.9398249787177649,1.081567598426559,3.0961038182879013,3.322529011833149,0.04658484772687621,-0.09515777198191777,0.06170627067202927,-0.16471892287321843,False,False,0.05257904889666724,0.10515809779333447,0.05273089835100025,0.1054617967020005
290,4.833333333333333,False,False,51.48908042439154,50.0,62.64829334183978,51.200236826617555,54.804145242218205,50.10112317512962,74.0,1.4890804243915383,3.2215919298856113,3.2538078491844673,3.209316415060525,1.037640686668976,3.286049392802585,1.0181738732146381,1.0390053977555271,3.2538078491844673,0.9307531554274093,1.0708627021266426,1.0171429837205779,0.943318407845737,1.0858373912592276,3.0890417982041947,3.3165794447722337,0.046831993503700486,-0.09568698990979019,0.06277159558776635,-0.16476605098027264,False,False,0.05273089835100025,0.1054617967020005,0.05286692719797088,0.10573385439594175
295,4.916666666666667,False,False,51.44179021667913,50.0,62.59209822408697,51.1530637061789,54.749668150893605,50.02891020201734,74.0,1.4417902166791308,3.2148026264446807,3.2469506527091276,3.202810621488214,1.0425045195540923,3.272862645582103,1.0236066365646783,1.0428524236215435,3.2469506527091276,0.934702937609878,1.075608278302913,1.0225702464574624,0.9466483970412979,1.0899352119438768,3.0821347198537685,3.3107742014185435,0.04708278832233326,-0.09620402658024563,0.06382354870941587,-0.16481593285535912,False,False,0.05286692719797088,0.10573385439594175,0.052988416722940725,0.10597683344588145
300,5.0,False,False,51.39755855072939,50.0,62.539787465784656,51.108948048660025,54.699263202495096,49.960667043118626,74.0,1.3975585507293928,3.2081671748299416,3.240248846578241,3.196454460636156,1.0472356569538717,3.259863244081626,1.0288821631643525,1.046535244487741,3.240248846578241,0.9384607235188291,1.0801527937406135,1.0278404316557954,0.9498257425620938,1.0938720656731384,3.075380032064674,3.3051109165849866,0.047336821185397504,-0.09670950192564709,0.06486207000674549,-0.16486881451356705,False,False,0.052988416722940725,0.10597683344588145,0.05309653469170729,0.10619306938341458
305,5.083333333333333,False,False,51.35612975903759,50.0,62.491082382958574,51.06763403350657,54.65260616706331,49.896089689310976,74.0,1.356129759037593,3.2016827082589594,3.233699535341549,3.19024547432483,1.0518394876577337,3.247060386408668,1.0340071734196783,1.0500645840857123,3.233699535341549,0.9420388834849629,1.0845088523864108,1.0329602528933266,0.9528605842142629,1.0976582927893013,3.068774664479834,3.29958669615523,0.04759370870358892,-0.09720399987144945,0.06588716081368107,-0.1649248708617148,False,False,0.05309653469170729,0.10619306938341458,0.05319234682551946,0.10638469365103892
310,5.166666666666667,False,False,51.31726952152344,50.0,62.44572407262911,51.028887222822505,54.609398189310326,49.83489797928355,74.0,1.3172695215234427,3.1953458852232917,3.2272993440755244,3.184180680317532,1.0563211230882066,3.234461679597866,1.0389880258039998,1.0534505096536213,3.2272993440755244,0.9454490676738613,1.0886883279716593,1.0379360622154763,0.955762439399263,1.1013036033263393,3.062315128036442,3.294198218417136,0.04785309367271795,-0.09768807025435833,0.06689887434161168,-0.16498421603908264,False,False,0.05319234682551946,0.10638469365103892,0.05327682695558654,0.10655365391117308
315,5.25,False,False,51.28076307199187,50.0,62.403471977307085,50.992492763276715,54.56936378474989,49.776833693228646,74.0,1.2807630719918706,3.189152984857146,3.2210445147057176,3.178256673226789,1.0606854141932707,3.2220733025241883,1.0438307398043296,1.0567024665326334,3.2210445147057176,0.9487022398609353,1.0927023984171376,1.0427738730221336,0.9585402355944972,1.104817109950528,3.055997602225323,3.2889418220951065,0.04811464341789451,-0.09816223093813625,0.06789730738938893,-0.1650469124803946,False,False,0.05327682695558654,0.10655365391117308,0.05335086602490802,0.10670173204981603
320,5.333333333333333,False,False,51.24641356266515,50.0,62.36410256414519,50.958253745683244,54.53224900461884,49.72165880966157,74.0,1.246413562665147,3.1830999896506027,3.2149309895471085,3.172469712160215,1.0649369671360194,3.2099001537583627,1.0485410171994038,1.0598293115272372,3.2149309895471085,0.9518087104245754,1.0965615794081962,1.0474793813144516,0.9612023419779193,1.1082073600124605,3.0498180106951405,3.283813582654001,0.0483780484852232,-0.09862696954931793,0.06888259310689238,-0.16511297885196807,False,False,0.05335086602490802,0.10670173204981603,0.053415280082524115,0.10683056016504823
325,5.416666666666667,False,False,51.21404057155839,50.0,62.327408107971486,50.92598970829567,54.49781975127302,49.669153907531864,74.0,1.2140405715583924,3.1771826570092694,3.208954483579362,3.1668157966745705,1.0690801578824551,3.1979459857545107,1.0531242618051537,1.0628393449558735,3.208954483579362,0.954778168575007,1.1002757571618158,1.052057985448073,0.9637565996554659,1.111482366171757,3.0437720865854296,3.2788093782656227,0.048643021215883486,-0.09908274530040762,0.0698548946862605,-0.16518239699393256,False,False,0.053415280082524115,0.10683056016504823,0.05347081739601724,0.10694163479203447
330,5.5,False,False,51.18347873911521,50.0,62.29319556861665,50.89553527004024,54.46586023212967,49.61911670174084,74.0,1.183478739115209,3.171396580988547,3.2031105467984324,3.161290732425526,1.073119145778259,3.186213526624581,1.0575855978114588,1.0657403413918747,3.2031105467984324,0.9576197136616367,1.1038542202320174,1.0565148043927821,0.9662103507884421,1.1146496358938425,3.0378554288126565,3.273924946668284,0.04890929450196779,-0.0995299906034326,0.07081439986985139,-0.16525511798577597,False,False,0.05347081739601724,0.10694163479203447,0.05351816479134069,0.10703632958268137
335,5.583333333333333,False,False,51.15457652196669,50.0,62.261285553990476,50.866738881892054,54.43617153883933,49.571360699071775,74.0,1.154576521966689,3.1657372453774117,3.197394617831186,3.15589018774047,1.0770578861965296,3.1747045906332043,1.0619298868232452,1.0685395790799976,3.197394617831186,0.9603418855329257,1.1073056903309204,1.0608546948646562,0.9685704664129984,1.1177161996130238,3.0320635503925075,3.269155934008439,0.04917662053302618,-0.09996911266699926,0.07176131617725323,-0.16533106743867831,False,False,0.05351816479134069,0.10703632958268137,0.053557953314486914,0.10711590662897383
340,5.666666666666667,False,False,51.12719505295203,50.0,62.2315113612819,50.839461682712944,54.408570341318025,49.52571396432835,74.0,1.1271950529520325,3.1602000691712044,3.1918020698629164,3.1506097422004733,1.0809001423306677,3.1634201784382863,1.0661617437091342,1.071243868160991,3.1918020698629164,0.9629526938691498,1.1106383520888587,1.0650822670378604,0.9708433732638547,1.1206886378759449,3.026391919756937,3.2644979366280333,0.04944476971495382,-0.10040049489713632,0.07269586676511697,-0.16541015010597926,False,False,0.053557953314486914,0.10711590662897383,0.05359076329707705,0.1071815265941541
345,5.75,False,False,51.101207097663526,50.0,62.20371808946685,50.8135764551434,54.38288768492061,49.482017985367484,74.0,1.1012070976635258,3.1547804453533317,3.186328249806865,3.145444928192485,1.0846494961995956,3.1523605680056885,1.0702855513518394,1.0738595774834632,3.186328249806865,0.9654596465227281,1.1138598817909322,1.0692018993778676,0.9730350790714922,1.1235731069364423,3.0208359959144584,3.259946536650807,0.04971352945297913,-0.10082449841197094,0.07361828684394212,-0.16549225389240663,False,False,0.05359076329707705,0.1071815265941541,0.05361712889709217,0.10723425779418434
350,5.833333333333333,False,False,51.076496098771855,50.0,62.177761817019956,50.788966668247504,54.35896788474798,49.44012663095853,74.0,1.0764960987718553,3.1494737737999694,3.1809685115379693,3.1403912662826325,1.0883093589263275,3.1415253970392665,1.0743054743863683,1.0763926602237825,3.1809685115379693,0.967869776718859,1.1169774749452592,1.0732177522886104,0.97515119697021,1.1263753634408318,3.015391258204597,3.2554973321226615,0.04998270321704923,-0.10124146325357253,0.07452882058469212,-0.16557725333337237,False,False,0.05361712889709217,0.10723425779418434,0.05363754217657474,0.10727508435314947
355,5.916666666666667,False,False,51.05295530026832,50.0,62.15350883935584,50.76552559762516,54.3366675060883,49.39990519097602,74.0,1.052955300268323,3.144275489028303,3.175718243918586,3.135444295163629,1.091882980345354,3.13091373768931,1.0782254720045985,1.07884867840231,3.175718243918586,0.9701896692200621,1.1199978727887874,1.077133780954273,0.9771969687768017,1.1291007879649262,3.010053231311304,3.2511459623747405,0.050252109562616276,-0.10165170962550818,0.07542771845615448,-0.16566501260728206,False,False,0.05363754217657474,0.10727508435314947,0.05365245677029438,0.10730491354058876
360,6.0,False,False,51.03048694453918,50.0,62.130834961078364,50.743155524510456,54.31585442380057,49.36122949193939,74.0,1.0304869445391773,3.1391810834259952,3.170572894260255,3.1305995968430222,1.0953734579893717,3.1205241642320543,1.082049309898101,1.0812328259427797,3.170572894260255,0.9724254854434431,1.1229273877215922,1.0809537472585817,0.9791772867275148,1.1317544069918473,3.004817506123701,3.2468881292010656,0.050521581049067565,-0.10205553921526489,0.0763152349408105,-0.16575538813655433,False,False,0.05365245677029438,0.10730491354058876,0.05366229119212669,0.10732458238425338
365,6.083333333333333,False,False,51.0090015358807,50.0,62.10962483860659,50.72176699523271,54.29640695751041,49.32398508463135,74.0,1.0090015358806994,3.1341861265262043,3.1655279877914664,3.125852817662383,1.098783745501462,3.110354814349503,1.0857805714048707,1.0835499508487465,3.1655279877914664,0.9745829873877665,1.1257719275286278,1.084681230898741,0.9810967147892324,1.1343409144478822,2.9996797569648592,3.2427196143745456,0.05079096359913571,-0.10245323605951406,0.07719162658307921,-0.16584823082660716,False,False,0.05366229119212669,0.10732458238425338,0.0536674318201709,0.1073348636403418
370,6.166666666666667,False,False,50.98841716467952,50.0,62.08977136917741,50.701278145983366,54.2782130705411,49.28806649251556,74.0,0.9884171646795181,3.1292862808274946,3.1605791436357697,3.121199685669702,1.1021166605148431,3.100403444581594,1.0894226679201158,1.0858045760556252,3.1605791436357697,0.9766675606285105,1.1285370186488826,1.088319639825795,0.9829595082148156,1.136864691467532,2.994635755649449,3.2386362939650577,0.051060115411906803,-0.1028450678408096,0.07805715032928795,-0.1659433879863208,False,False,0.0536674318201709,0.1073348636403418,0.053668235596293086,0.10733647119258617
375,6.25,False,False,50.968658887031474,50.0,62.07117512260755,50.68161408084871,54.26116963339243,49.25337652133462,74.0,0.9686588870314736,3.124477314600335,3.155722087746338,3.1166360248072533,1.1053748920387583,3.090667480471052,1.0929788486261527,1.0880009192967828,3.155722087746338,0.9786842361358222,1.1312278282484411,1.0918722199528474,0.9847696326273752,1.1393298256736295,2.989681382777778,3.234634149869647,0.05132890637684673,-0.10323128666940762,0.07891206212330903,-0.16604070496856016,False,False,0.053668235596293086,0.10733647119258617,0.05366503247130308,0.10733006494260616
380,6.333333333333333,False,False,50.94965815506327,50.0,62.05374381253617,50.66270630219178,54.245181741718426,49.21982562052277,74.0,0.9496581550632683,3.119755112070806,3.150952663191514,3.1121577663237128,1.1085610073858267,3.0811440618745825,1.0964522095918559,1.0901429118512442,3.150952663191514,0.9806377111435906,1.1338491853271584,1.0953420641750655,0.9865307816831519,1.141740129023244,2.9848126366267183,3.230709278917682,0.05159721717199983,-0.10361213016809234,0.07975661572616799,-0.16614002656479565,False,False,0.05366503247130308,0.10733006494260616,0.05365812762322825,0.1073162552464565
385,6.416666666666667,False,False,50.93135229365931,50.0,62.037391804169964,50.644492185657384,54.23016208799599,49.18733129542561,74.0,0.9313522936593088,3.1151156813268184,3.1462668381400865,3.1077609577722,1.1116774586732967,3.071830083871688,1.0998457022879455,1.0922342163643135,3.1462668381400865,0.9825323689382555,1.1364056007288996,1.0987321209943275,0.9882463941528639,1.144099155060171,2.9800256399560667,3.226857899871614,0.0518649386958574,-0.10398782221144964,0.08059106173152752,-0.16624119818401972,False,False,0.05365812762322825,0.1073162552464565,0.053647803472660446,0.10729560694532089
390,6.5,False,False,50.91368401968922,50.0,62.022039655819235,50.62691449908154,54.216030379447766,49.15581756338206,74.0,0.9136840196892209,3.110555160251898,3.141660711854417,3.1034417699138404,1.1147265889280016,3.06272223366413,1.1031621415605732,1.0942782436381004,3.141660711854417,0.9843722977298953,1.1389012862191394,1.1020452024117278,0.9899196697744765,1.1464102149278632,2.9753166450117945,3.2230763586066575,0.05213197128976277,-0.1043585738636239,0.08141564675224044,-0.1663440668426226,False,False,0.053647803472660446,0.10729560694532089,0.05363432151631787,0.10726864303263574
395,6.583333333333333,False,False,50.89660100018444,50.0,62.00761369175181,50.60992096163711,54.2027128012991,49.12521445261459,74.0,0.8966010001844396,3.1060698207559425,3.137130518963502,3.0991965018092262,1.1177106378224384,3.0538170238242226,1.106404213102217,1.0962781684361016,3.137130518963502,0.9861613085154811,1.1413401725409567,1.105283991395436,0.991553584316269,1.148676392582463,2.9706820369746665,3.219361131719622,0.052398224146361416,-0.10472458411983254,0.08223061275612009,-0.16644848198883544,False,False,0.05363432151631787,0.10726864303263574,0.05361792399745831,0.10723584799491662
400,6.666666666666667,False,False,50.88005544622919,50.0,61.994045604103064,50.593463834618326,54.19014152079633,49.09545753961105,74.0,0.8800554462291927,3.1016560715406447,3.132672632256051,3.095021584347144,1.1206317470672358,3.045110822218592,1.1095744804557637,1.098236944581431,3.132672632256051,0.987902952010792,1.1437259265269428,1.108451048879988,0.9931509040248472,1.1509005593813595,2.9661183360734173,3.215708828787605,0.05266361479992843,-0.10508604055658388,0.08303619653155403,-0.16655429618263362,False,False,0.05361792399745831,0.10723584799491662,0.053598835429535446,0.10719767085907089
405,6.75,False,False,50.864003739617395,50.0,61.98127208177103,50.57749955098829,54.17825422700845,49.066487520339834,74.0,0.8640037396173952,3.0973104596091487,3.1282835642052405,3.0909135824305114,1.1234919654833047,3.036599878905343,1.112675391584747,1.1001573189366627,3.1282835642052405,0.9896005347583526,1.1460619673753802,1.11154882038486,0.9947141987203434,1.1530853873101876,2.9616221985556774,3.2121161934711577,0.05292806837352493,-0.1054431202163193,0.08383262926591728,-0.16666136564956302,False,False,0.053598835429535446,0.10719767085907089,0.053577263987698465,0.10715452797539693
410,6.833333333333333,False,False,50.84840608958418,50.0,61.96923446439442,50.56198836905217,54.16699370819718,49.038249816736965,74.0,0.8484060895841807,3.0930296707045692,3.123959967411615,3.0868691960134176,1.1262932537751777,3.0282803502764684,1.1157092850401473,1.1020418448391958,3.123959967411615,0.9912571342491191,1.1483514819292844,1.114579642047329,0.9962458548470101,1.1552333621571271,2.9571904166868297,3.208580103633348,0.05319151731793137,-0.10579598999218565,0.08462013622173314,-0.16676955072478528,False,False,0.053577263987698465,0.10715452797539693,0.053553402780940194,0.10710680556188039
415,6.916666666666667,False,False,50.833226217154376,50.0,61.95787841966522,50.54689405849297,54.15630745765563,49.010694210139405,74.0,0.8332262171543761,3.0888105288397765,3.119698634128174,3.082885260160089,1.1290374890254176,3.0201483206935733,1.1186783957517354,1.1038928945506723,3.119698634128174,0.9928756133595059,1.1505974392607254,1.1175457465674754,0.9977480870418676,1.1573467951977465,2.9528199179263432,3.2050975706254423,0.053453900647074226,-0.10614480750880473,0.08539893649726826,-0.1668787162018308,False,False,0.053553402780940194,0.10710680556188039,0.05352743101642332,0.10705486203284664
420,7.0,False,False,50.81843106486026,50.0,61.94715364236419,50.53218360915039,54.146147312242434,48.98377450532688,74.0,0.8184310648602633,3.084649995061236,3.115496495011848,3.0789587442758926,1.1317264689284745,3.012199821843379,1.1215848604697876,1.1057126710883405,3.115496495011848,0.9944586338595325,1.1528026043169577,1.1204492685235437,0.9992229496168124,1.1594278347863487,2.9485077634131294,3.2016657378717612,0.05371516369800822,-0.10648972147152813,0.08616924285991301,-0.16698873159871885,False,False,0.05352743101642332,0.10705486203284664,0.053499515066064166,0.10699903013212833
425,7.083333333333333,False,False,50.80399052977301,50.0,61.93701357363241,50.51782696359445,54.136469115810236,48.95744821804342,74.0,0.8039905297730101,3.0805451655721723,3.111350617227894,3.0750867506424453,1.1343619157810159,3.0044308500197103,1.1244307228809993,1.1075032193353491,3.111350617227894,0.9960086692575136,1.1549695508944893,1.123292249540873,1.0006723469882122,1.1614784768883415,2.9442511458751253,3.198281878869862,0.05397525755299237,-0.10683087234713695,0.08693126164196796,-0.1670994713527687,False,False,0.053499515066064166,0.10699903013212833,0.05346980944458993,0.10693961888917985
430,7.166666666666667,False,False,50.789877217964474,50.0,61.92741513910425,50.50379677239051,54.127232409006204,48.93167628721626,74.0,0.7898772179644737,3.0764932693248515,3.1072582020181,3.0712665123724934,1.1369454802444954,2.9968373815207356,1.1272179384206182,1.10926643642998,3.1072582020181,0.9975280168670836,1.1571006738274863,1.1260766430508284,1.0020980436108076,1.163500575110929,2.940047387064131,3.1949433947079187,0.05423413868094906,-0.10716839281917245,0.08768519268981878,-0.16721081495396906,False,False,0.05346980944458993,0.10693961888917985,0.053438457707040955,0.10687691541408191
435,7.25,False,False,50.77606621867494,50.0,61.91831850462881,50.49006816782287,54.11840014227288,48.90642280892337,74.0,0.7760662186749414,3.0724916651780294,3.10321658182981,3.067495390886025,1.1394787448945973,2.989415386333784,1.129948378801129,1.111004081580968,3.10321658182981,0.9990188091826961,1.1591982004772863,1.1288043188886605,1.0035016733199655,1.165495850136592,2.93589393480414,3.1916478111883095,0.054491768555623876,-0.10750240826100255,0.08843122935849967,-0.1673226470256699,False,False,0.053438457707040955,0.10687691541408191,0.053405593273162265,0.10681118654632453
440,7.333333333333333,False,False,50.76253489660443,50.0,61.90968684840037,50.476618554909386,54.10993841010604,48.881654790275824,74.0,0.7625348966044285,3.068537838703398,3.099223217090432,3.0637708729962245,1.1419632275711153,2.9821608402651165,1.132623836276336,1.1127177853236299,3.099223217090432,1.0004830246043284,1.1612642015642518,1.1314770674960073,1.00488474815951,1.1674658986369761,2.931788359730117,3.1883927756350463,0.05474811331334628,-0.10783303716411985,0.08916955854461417,-0.16743485736031527,False,False,0.053405593273162265,0.10681118654632453,0.053371340185028225,0.10674268037005645
445,7.416666666666667,False,False,50.74926270087685,50.0,61.90148614840271,50.46342742286975,54.10181620474782,48.85734192149891,74.0,0.749262700876848,3.064629398714083,3.095275692701224,3.0600905676825816,1.1444003845408823,2.97506973565834,1.1352460276582503,1.11440905804021,3.095275692701224,1.0019224975520815,1.163300601383183,1.1340966039330398,1.006248666377762,1.1694122013502,2.927728351784284,3.185176053452751,0.05500314330999001,-0.10816039166244806,0.08990036075152696,-0.1675473409169399,False,False,0.053371340185028225,0.10674268037005645,0.05333581380391128,0.10667162760782256
450,7.5,False,False,50.73623098934526,50.0,61.89368498414921,50.45047616727127,54.09400519018553,48.83345636691568,74.0,0.736230989345259,3.0607640735786497,3.091371714314436,3.0564522026185177,1.1467916134854643,2.968138090832659,1.137816598102934,1.1160792981564829,3.091371714314436,1.0033389279028941,1.1653091873349464,1.1366645717148913,1.007594720409115,1.171336131139233,2.9237117165279924,3.181995524495795,0.05525683298275008,-0.10848457774736797,0.09062381018135879,-0.1676599977864437,False,False,0.05333581380391128,0.10667162760782256,0.053299121451651006,0.10659824290330201
455,7.583333333333333,False,False,50.723422867014754,50.0,61.886254351772415,50.43774792912587,54.08647949069978,48.80997256960532,74.0,0.7234228670147544,3.0569397073756077,3.0875091044493637,3.0528536205118937,1.149138256324512,2.961361958360766,1.1403371246802607,1.1177297997055848,3.0875091044493637,1.0047338899633917,1.1672916189887927,1.139182546282018,1.0089241038924792,1.173238960082999,2.9197363713195514,3.178849179298523,0.05550916037741427,-0.10880569581310562,0.09134007484915951,-0.16777273312981222,False,False,0.053299121451651006,0.10659824290330201,0.05326136300123822,0.10652272600247643
460,7.666666666666667,False,False,50.71082303745953,50.0,61.87916749158144,50.425227446203216,54.079215497103775,48.78686707249047,74.0,0.7108230374595266,3.0531542559359113,3.0836857984952704,3.0492927753090373,1.1514416018849094,2.954737432295705,1.1428091197414822,1.1193617594503757,3.0836857984952704,1.0061088408232786,1.1692494365201311,1.1416520384705564,1.010237918568721,1.1751218664426144,2.915800341401377,3.1757351152103563,0.055760106992238656,-0.10912384088165483,0.09204931671508598,-0.16788545709389346,False,False,0.05326136300123822,0.10652272600247643,0.05322263142100922,0.10644526284201844
465,7.75,False,False,50.69841766620126,50.0,61.87239972726562,50.41290091677453,54.07219168652322,48.76411835207746,74.0,0.6984176662012587,3.0494057828143144,3.0798998406424576,3.045767728305867,1.153702888425165,2.9482606544465373,1.1452340340974791,1.120976283534901,3.0798998406424576,1.0074651282425557,1.1711840686774297,1.1440744976312545,1.0115371805249103,1.176985940970851,2.9119017559337474,3.172651532473477,0.05600965743594988,-0.10943910300999082,0.09275169183101939,-0.16799808470871014,False,False,0.05322263142100922,0.10644526284201844,0.05318301327631923,0.10636602655263847
470,7.833333333333333,False,False,50.686194255099416,50.0,61.865928315978266,50.40075587410737,54.06538845655375,48.74170666554742,74.0,0.6861942550994158,3.0456924552246054,3.0761493797768513,3.0422766442036124,1.1559233060238359,2.941927819793898,1.1476132600196618,1.1225743937238168,3.0761493797768513,1.008803998019252,1.1730968402252573,1.1464513146166155,1.0128228261830756,1.178832192962751,2.908038844007043,3.169596730275399,0.05625779923893415,-0.10975156754074122,0.0934473504985478,-0.1681105357698085,False,False,0.05318301327631923,0.10636602655263847,0.05314258919226989,0.10628517838453978
475,7.916666666666667,False,False,50.674141526879815,50.0,61.85973230858571,50.38878107008467,54.0587879714283,48.719613909032326,74.0,0.674141526879815,3.0420125399685602,3.072432665368246,3.038817787141221,1.1581039988401893,2.935735181128556,1.149948134074665,1.1241570332886386,3.072432665368246,1.010126600921336,1.1749889789474297,1.1487838246362572,1.0140957178940921,1.1806615559082698,2.904209930659559,3.1665691028037726,0.05650452261963124,-0.11006131539454644,0.09413643743552669,-0.16822273470868687,False,False,0.05314258919226989,0.10628517838453978,0.05310143428065483,0.10620286856130966
480,8.0,False,False,50.66224931899841,50.0,61.85379241941414,50.37696637057692,54.0523740195418,48.697823486448705,74.0,0.6622493189984127,3.0383643993839344,3.0687480433777736,3.035389516731666,1.1602460672547494,2.9296790529887957,1.1522399398031506,1.125725072408377,3.0687480433777736,1.0114339991965877,1.1768616222243395,1.1510733099365553,1.0153566490129313,1.1824748926233704,2.9004134329238287,3.1635671353267703,0.05674982021499342,-0.11036842339544561,0.09481909194899663,-0.16833461045394493,False,False,0.05310143428065483,0.10620286856130966,0.05305961853414752,0.10611923706829504
485,8.083333333333334,False,False,50.65050848610098,50.0,61.8480909048703,50.36530265648469,54.046131882779335,48.67632018924909,74.0,0.650508486100982,3.0347464873327947,3.065093952206123,3.0319902841252997,1.1623505698968688,2.923755814965768,1.1544899102523731,1.127279313349436,3.065093952206123,1.0127271726296168,1.1787158231539159,1.1533210023192169,1.0166063489345318,1.1842730003390236,2.8966478559206927,3.16058940031847,0.05699368698958751,-0.11067296441490426,0.09549544811234689,-0.16844609628543017,False,False,0.05305961853414752,0.10611923706829504,0.053017207190354416,0.10603441438070883
490,8.166666666666666,False,False,50.63891081039795,50.0,61.8426114503539,50.3537817347728,54.04004821425879,48.65509008402501,74.0,0.6389108103979524,3.0311573452479834,3.0614689187004633,3.028618628119581,1.1644185255659856,2.91796191443985,1.1566992303714514,1.1288204952187608,3.0614689187004633,1.0140070242785362,1.1805525563489487,1.1555280855280672,1.0178454874959244,1.1860566151539402,2.89291178901707,3.157634553645529,0.05723611993517941,-0.11097500772283642,0.09616563494506547,-0.1685571296833932,False,False,0.053017207190354416,0.10603441438070883,0.05297426106813749,0.10594852213627498
495,8.25,False,False,50.62744891932822,50.0,61.83733906491635,50.34239625639363,54.034110926625296,48.63412040983991,74.0,0.6274489193282164,3.0275955982524283,3.0578715542349526,3.0252731713312997,1.1664509150528033,2.912293868805463,1.1588690392777057,1.1303492984226706,3.0578715542349526,1.015274385792278,1.1823727233120136,1.1576956975333361,1.0190746792917624,1.1878264163983345,2.8892039020606504,3.154701330828533,0.057477117975663905,-0.11127461913090819,0.09682977659358061,-0.16866765217430224,False,False,0.05297426106813749,0.10594852213627498,0.052930836878500864,0.10586167375700173
500,8.333333333333334,False,False,50.61611620993531,50.0,61.832259983156824,50.331139640617806,54.02830908827123,48.613399482914836,74.0,0.6161162099353135,3.0240599513633213,3.0543005508769547,3.021952616444592,1.1684486828662013,2.906748267236692,1.1610004324018386,1.1318663488460972,3.0543005508769547,1.0165300224115934,1.1841771574912259,1.1598249326402312,1.0202944876097264,1.1895830306153585,2.885522941702121,3.1517885433888937,0.05771668176926137,-0.11157186123637075,0.09748799251193896,-0.16877760917483364,False,False,0.052930836878500864,0.10586167375700173,0.05288698751207442,0.10577397502414884
505,8.416666666666666,False,False,50.60490677942426,50.0,61.82736157387923,50.3200060053147,54.022632827694515,48.592916608830436,74.0,0.6049067794242617,3.0205491857908155,3.0507546776487238,3.0186557425455076,1.1704127388713297,2.9013217720413844,1.1630944635192222,1.1333722217669402,3.0507546776487238,1.0177746376382124,1.1859666290014954,1.1619168435682241,1.021505428177905,1.1913270353524348,2.8818677278134963,3.1488950752899934,0.05795481358549459,-0.11186679358903517,0.09814039764126958,-0.16888694983522745,False,False,0.05288698751207442,0.10577397502414884,0.052842762304951746,0.10568552460990349
510,8.5,False,False,50.59381536141048,50.0,61.82263225506393,50.30899010403229,54.01707324485103,48.57266200119807,74.0,0.5938153614104777,3.0170621553388624,3.047232776892251,3.015381401551745,1.1723439598439755,2.8960111196471074,1.1651521466740558,1.1348674454613956,3.047232776892251,1.019008877614872,1.1877418490541811,1.1639724433546235,1.0227079725450818,1.1930589625835681,2.8782371500091406,3.146019879479405,0.05819151712217252,-0.11215947291631378,0.09878710258715406,-0.16899562688311054,False,False,0.052842762304951746,0.10568552460990349,0.052798207284755025,0.10559641456951005
515,8.583333333333334,False,False,50.58283726740971,50.0,61.81806141473797,50.298087265908975,54.011622329909976,48.55262670714402,74.0,0.5828372674097082,3.013597782914011,3.043733760743151,3.0121285147442727,1.174243190945972,2.8908131212584625,1.1671744580027281,1.1363525046768428,3.043733760743151,1.020233335194101,1.1895034740731634,1.1659927071117182,1.0239025514692794,1.194779302138091,2.8746301642745227,3.143161974537302,0.05842679746124824,-0.11244995320756335,0.0994282137941509,-0.1691035964686285,False,False,0.052798207284755025,0.10559641456951005,0.052753365398342446,0.10550673079668489
520,8.666666666666666,False,False,50.57196833315419,50.0,61.81363933735306,50.28729334413557,54.00627288698681,48.53280253741983,74.0,0.5719683331541887,3.010155057146453,3.0402566077179176,3.008896069405912,1.1761112471261093,2.8857246632216524,1.1691623374622804,1.1378278437074096,3.0402566077179176,1.0214485537943598,1.191252109596129,1.1679785738717783,1.0250895576896835,1.1964885045110845,2.8710457897062334,3.1403204414348127,0.058660660803674824,-0.11273828601772617,0.10006383371689509,-0.16921081801168425,False,False,0.052753365398342446,0.10550673079668489,0.05270827672269991,0.10541655344539982
525,8.75,False,False,50.56120486935233,50.0,61.80935713530683,50.27660466516375,54.00101846576297,48.51318200371822,74.0,0.5612048693523306,3.006733029126268,3.036800359417531,3.0056831155705233,1.177948914450734,2.8807427071289364,1.1711166904694972,1.1392938694253918,3.036800359417531,1.0226550309169176,1.1929883138345445,1.1699309481099136,1.0262693489868202,1.1981869839604684,2.867483105365691,3.1374944204047757,0.05889311453507662,-0.11302452043857159,0.10069406098724487,-0.16931725405183995,False,False,0.05270827672269991,0.10541655344539982,0.052662978660255176,0.10532595732051035
530,8.833333333333334,False,False,50.55054361653953,50.0,61.80520668526531,50.26601798472434,53.995853296262645,48.49375825895588,74.0,0.5505436165395281,3.0033308092566706,3.033364117349237,3.0024887628852333,1.179756951367964,2.8758642896926294,1.1730383894557854,1.1407509539889271,3.033364117349237,1.0238532215209124,1.194712601089927,1.1718507013987165,1.027442250577621,1.199875120937452,2.8639412472478014,3.1346831079263775,0.05912416694852496,-0.11330870341130606,0.10131899057714033,-0.16942287010143575,False,False,0.052662978660255176,0.10532595732051035,0.05261750611985272,0.10523501223970544
535,8.916666666666666,False,False,50.539981703695936,50.0,61.80118056896763,50.25553044513707,53.99077223053616,48.474525043854,74.0,0.5399817036959362,2.9999475642250832,3.0299470398673343,2.9993121775870897,1.1815360899091825,2.8710865224155446,1.17492827534266,1.1421994374760926,3.0299470398673343,1.0250435410953878,1.1964254448653096,1.1737386737993347,1.0286085577813302,1.2015532647864442,2.860419405365033,3.1318857538241343,0.05935382731035155,-0.11359087969476245,0.10193871395679999,-0.16952763450230135,False,False,0.05261750611985272,0.10523501223970544,0.052571891684580506,0.10514378336916101
540,9.0,False,False,50.529516610331065,50.0,61.797272018213434,50.245139539017565,53.98577068706644,48.45547663607128,74.0,0.5295166103310649,2.9965825140920312,3.0265483392329515,2.9961525795945834,1.1832870368312758,2.8664065910823084,1.1767871589423737,1.143639630209973,3.0265483392329515,1.0262263686037043,1.1981272808474093,1.1755956752964722,1.0297685380529535,1.2032217358111503,2.856916820946565,3.129101658481064,0.05958210560117738,-0.1138710921570194,0.10255331924811228,-0.16963151828638656,False,False,0.052571891684580506,0.10514378336916101,0.05252616576726424,0.10505233153452848
545,9.083333333333334,False,False,50.5191461317605,50.0,61.793474863753694,50.234843073245514,53.98084460151942,48.4366078051049,74.0,0.5191461317605004,2.993234929497128,3.023167278792099,2.9930092397138144,1.1850104747028498,2.8618217550936595,1.1786158222879093,1.145071815054298,3.023167278792099,1.0274020491451734,1.1998185096044502,1.1774224871455319,1.0309224333366487,1.2048808276593737,2.8534327837515274,3.1263301701650623,0.05980901260507565,-0.11414938171764932,0.1031628913729632,-0.1697344950405717,False,False,0.05252616576726424,0.10505233153452848,0.052480356754839176,0.10496071350967835
550,9.166666666666666,False,False,50.508868347320096,50.0,61.7897834878231,50.22463913830979,53.975990379401715,48.41791376899332,74.0,0.5088683473200959,2.9899041289808563,3.019803170270665,2.9898814769582946,1.1867070629374592,2.8573293466637963,1.1804150198962975,1.1464962494441988,3.019803170270665,1.028570896520932,1.2014994991867607,1.179219863087974,1.0320704618262506,1.2065308091137665,2.8499666294948485,3.123570682467158,0.06003455966956772,-0.1144257876179482,0.10376751219649272,-0.16983654077581667,False,False,0.052480356754839176,0.10496071350967835,0.05243449114224777,0.10486898228449554
555,9.25,False,False,50.49868159128337,50.0,61.78619278006929,50.21452607851843,53.971204854214626,48.399390156009,74.0,0.49868159128337197,2.9865894764203293,3.0164553711845326,2.9867686559810034,1.1883774387767203,2.8529267698989087,1.1821854799689921,1.1479131673581016,3.0164553711845326,1.02973319555072,1.2031705874768845,1.1809885305813168,1.0332128199775106,1.2081719261331787,2.846517737383726,3.12082263184966,0.06025875877507714,-0.11470034738059098,0.10436726066512758,-0.1699376338008065,False,False,0.05243449114224777,0.10486898228449554,0.052388593656720245,0.10477718731344049
560,9.333333333333334,False,False,50.48858442626694,50.0,61.782698096649995,50.204502465948714,53.966485247455374,48.38103296808019,74.0,0.48858442626693943,2.983290378576817,3.013123282362585,2.983670184616693,1.190022218225987,2.8486114997732894,1.1839279055327747,1.1493227810983173,3.013123282362585,1.0308892042948237,1.2048320844435605,1.1827291919705658,1.034349684080198,1.2098044034528206,2.843085527762444,3.118085495302034,0.06048162235450327,-0.11497309701811931,0.10496221293944874,-0.17003775460014126,False,False,0.052388593656720245,0.10477718731344049,0.05234268737326937,0.10468537474653875
565,9.416666666666666,False,False,50.47857561892458,50.0,61.779295222284084,50.19456707556437,53.961829132925224,48.36283854812463,74.0,0.4785756189245802,2.9800062827525036,3.009806345580029,2.980585511532239,1.191641996945114,2.84438108101785,1.1856429755244562,1.1507252829980554,3.009806345580029,1.0320391560761426,1.2064842741945883,1.1844425254692852,1.035481211971021,1.2114284463242435,2.8396694598628835,3.115358788101878,0.06070316332618808,-0.11524407102703438,0.10555244252184925,-0.17013688571714525,False,False,0.05234268737326937,0.10468537474653875,0.05229679382192517,0.10459358764385034
570,9.5,False,False,50.46865411774673,50.0,61.77598033505618,50.18471886373739,53.95723440290123,48.344803549111,74.0,0.4686541177467305,2.976736674553663,3.0065040412991997,2.977514123982381,1.1932373510966923,2.8402331269344057,1.1873313458224632,1.152120846951848,3.0065040412991997,1.033183261405921,1.2081274169322105,1.1861291863163843,1.0366075443931284,1.2130442419009637,2.8362690296579394,3.1126420616782804,0.060923394949115695,-0.11551330255871961,0.10613802037908071,-0.17023501164126031,False,False,0.05229679382192517,0.10459358764385034,0.052250933087399136,0.10450186617479827
575,9.583333333333334,False,False,50.45881903279695,50.0,61.772749973788144,50.17495694761151,53.952699238020024,48.32692490648692,74.0,0.4588190327969528,2.9734810757572316,3.003215886514804,2.9744555456681097,1.1948088381539874,2.83616531814777,1.1889936502281693,1.1535096298871121,3.003215886514804,1.0343217097342987,1.209761750732223,1.18778980765469,1.0377288064690053,1.2146519607365862,2.832883767814751,3.1099349015745155,0.06114233084947407,-0.1157808234181068,0.10671901505971126,-0.17033211870005305,False,False,0.052250933087399136,0.10450186617479827,0.052205123901817356,0.10441024780363471
580,9.666666666666666,False,False,50.44906961722909,50.0,61.76960100780189,50.16528058690923,53.948222078771416,48.30919981209624,74.0,0.44906961722909244,2.970239042277616,2.999941432700392,2.9714093346946333,1.1963569976706883,2.832175401306511,1.1906305013996952,1.1548917731032726,2.999941432700392,1.035454671115093,1.2113874932362712,1.1894250015266608,1.0388451089038044,1.216251758012511,2.829513237744669,3.107236925507005,0.06135998490923833,-0.11604666419946819,0.10729549280661299,-0.17042819495572337,False,False,0.052205123901817356,0.10441024780363471,0.0521593837308943,0.1043187674617886
585,9.75,False,False,50.439405250442206,50.0,61.766530608910486,50.155689166587315,53.94380159990815,48.29162569074152,74.0,0.43940525044220635,2.967010162230448,2.9966802638527525,2.9683750816258367,1.1978823520144553,2.8282611877421013,1.1922424917407202,1.1562674035520195,2.9966802638527525,1.036582297729226,1.2130048432018283,1.1910353597529593,1.0399565492536385,1.2178437748298125,2.8261570337466444,3.104547781517343,0.06157637127779303,-0.11631085429838106,0.10786751766459046,-0.17052323010610815,False,False,0.0521593837308943,0.1043187674617886,0.052113728854194796,0.10422745770838959
590,9.833333333333334,False,False,50.42982542274077,50.0,61.76353622548474,50.14618218226261,53.93943668631469,48.27420017809104,74.0,0.4298254227407696,2.9637940540899224,2.9934319946308214,2.9653524076319937,1.1993854070661318,2.824420552095219,1.1938301942466922,1.1576366349704132,2.9934319946308214,1.0377047253290266,1.2146139819721222,1.1926214547231666,1.0410632129296347,1.2194281392360904,2.8228147792407734,3.1018671462140515,0.061791504265677144,-0.11657342204077858,0.10843515158323003,-0.17061721539004804,False,False,0.052113728854194796,0.10422745770838959,0.052068174439819495,0.10413634887963899
595,9.916666666666666,False,False,50.42032972137848,50.0,61.760615558452194,50.1367592255413,53.93512641167354,48.256921101115424,74.0,0.42032972137847935,2.960590364936327,2.9901962685856907,2.9623409627274127,1.200866652886391,2.820651430917016,1.1953941633106986,1.1589995689992703,2.9901962685856907,1.038822074546513,1.2162150748091605,1.1941838402889973,1.0421651743318852,1.221004967381524,2.819486125088645,3.099194723100851,0.06200539838225372,-0.1168343946673851,0.10899845451516033,-0.1707101434970455,False,False,0.052068174439819495,0.10413634887963899,0.052022734613986626,0.10404546922797325
600,10.0,False,False,50.41091781787336,50.0,61.757766539095606,50.12741997276909,53.93087001802253,48.23978645935432,74.0,0.41091781787336146,2.957398768790328,2.986972756478231,2.959340424094748,1.202326564351471,2.8169518212523745,1.1969349354911147,1.1603562961249645,2.986972756478231,1.0399344521472955,1.2178082721715515,1.195723052452513,1.0432624976363358,1.2225743643271345,2.816170747997136,3.0965302409880304,0.06221806820217002,-0.11709379848862866,0.10955748450979952,-0.17080200848109506,False,False,0.052022734613986626,0.10404546922797325,0.051977422525867595,0.10395484505173519
605,10.083333333333334,False,False,50.401589456490896,50.0,61.754987308526196,50.11816417115488,53.926666898278455,48.22279440885405,74.0,0.40158945649089617,2.954218965030617,2.9837611546809235,2.9563504944925834,1.203765601759577,2.813319779211379,1.1984530302430219,1.1617068967242359,2.9837611546809235,1.041041952141747,1.2193937108488053,1.1972396101568394,1.0443552379407637,1.2241364252115137,2.8128683490023643,3.0938734524837095,0.062429528487277786,-0.1173516587834722,0.11011229780278597,-0.17089280567855925,False,False,0.051977422525867595,0.10395484505173519,0.05193225040805501,0.10386450081611003
610,10.166666666666666,False,False,50.39234444379936,50.0,61.75227619871509,50.10899163088214,53.92251657811074,48.205943245559524,74.0,0.3923444437993595,2.9510506768915317,2.980561183660447,2.953370900743037,1.2051842114094302,2.8097534185345987,1.1999489506152834,1.163051441814687,2.980561183660447,1.0421446569083872,1.2209715151070917,1.1987340159158066,1.045443441749987,1.2256912357561232,2.8095786520304578,3.0912241325616456,0.06263979394143626,-0.11760800006469996,0.11066294890119854,-0.17098253162998933,False,False,0.05193225040805501,0.10386450081611003,0.051887229632898,0.103774459265796
615,10.25,False,False,50.38318263921047,50.0,61.74963171497493,50.09990221397865,53.91841870212092,48.18923139255928,74.0,0.38318263921046736,2.9478936500372925,2.9773725865376655,2.950401392296052,1.206582826152358,2.8062509091570877,1.2014231839150435,1.1643899939377207,2.9773725865376655,1.0432426381179774,1.2225417976350053,1.2002067565753807,1.0465271480467204,1.2272388733556656,2.8063014025319375,3.0885820772024135,0.06284887941794493,-0.11786284589100027,0.11120949066474806,-0.17107118400572796,False,False,0.051887229632898,0.103774459265796,0.051842370765196086,0.10368474153039217
620,10.333333333333334,False,False,50.37410394642335,50.0,61.74705251978975,50.09089582664527,53.91437301858476,48.172657386079955,74.0,0.37410394642334666,2.9447476512096067,2.974195127721703,2.9474417398671755,1.207961865919256,2.8028104757754964,1.2028762023413324,1.165722607864891,2.974195127721703,1.0443359577043312,1.2241046605353647,1.2016583038408044,1.0476063887521554,1.2287794075575804,2.8030363661865136,3.0859471021047815,0.0630567996926894,-0.11811621911273562,0.1117519743830786,-0.17115876153518927,False,False,0.051842370765196086,0.10368474153039217,0.051797683611258735,0.10359536722251747
625,10.416666666666666,False,False,50.365108305698136,50.0,61.74453741789864,50.08197241059865,53.91037936749528,48.15621986443546,74.0,0.36510830569813635,2.9416124669453922,2.971028591614846,2.9444917341456476,1.2093217382236638,2.799430396422154,1.204308463589339,1.167049331333683,2.971028591614846,1.0454246686796043,1.2256601961608355,1.2030891149355285,1.0486811895843642,1.2303129009388407,2.7997833276751756,3.083319041464164,0.06326356960515778,-0.11836814174931876,0.11229044984931802,-0.17124526393967043,False,False,0.051797683611258735,0.10359536722251747,0.05175317726484426,0.10350635452968852
630,10.5,False,False,50.356195686890096,50.0,61.74208534254522,50.07313193789015,53.90643766802268,48.139917556479716,74.0,0.3561956868900964,2.9384879023615076,2.9678727813851227,2.94155118456967,1.210662838642142,2.796109001049506,1.2057204114268525,1.168370205606707,2.9678727813851227,1.0465088159607319,1.2272084879600946,1.2044996332015672,1.0497515704149385,1.2318394094804321,2.796542089516571,3.0806977468151877,0.06346920387372523,-0.1186186351917684,0.11282496543006504,-0.17133069186855154,False,False,0.05175317726484426,0.10350635452968852,0.05170886015003859,0.10341772030007718
635,10.583333333333334,False,False,50.34736608318123,50.0,61.73969534280986,50.06437440222347,53.902547909017954,48.12374927278019,74.0,0.3473660831812282,2.935373780003424,2.9647275178034582,2.9386199181658794,1.2119855512730662,2.792844670127895,1.207112476244269,1.1696852661780486,2.9647275178034582,1.0475884370521267,1.2287496111796632,1.205890288568071,1.0508175461421294,1.2333589834578507,2.793312470964685,3.0780830859353623,0.06367371727980209,-0.11886772003591917,0.11335556813190406,-0.1714150468387734,False,False,0.05170886015003859,0.10341772030007718,0.051664740061386806,0.10332948012277361
640,10.666666666666666,False,False,50.33861950545076,50.0,61.73736657194854,50.055699816309144,53.898710137832104,48.107713895314404,74.0,0.33861950545075814,2.932269938754887,2.961592638142436,2.9356977784500238,1.2132902491748927,2.7896358332592563,1.2084850755794998,1.1709945431853066,2.961592638142436,1.0486635627877285,1.2302836336245269,1.2072614981516836,1.0518791268123506,1.2348716675794664,2.7900943069650177,3.0754749418071117,0.06387712439415982,-0.11911541637295597,0.11388230366467589,-0.17149833117741808,False,False,0.051664740061386806,0.10332948012277361,0.05162082420138979,0.10324164840277958
645,10.75,False,False,50.3299559772314,50.0,61.73509827666596,50.04710820352429,53.89492445331441,48.091810370890194,74.0,0.3299559772313998,2.929176232805692,2.958467995133749,2.9327846243860645,1.2145772947849036,2.7864809678089917,1.2098386146190216,1.1722980620717955,2.958467995133749,1.0497342178814586,1.2318106162266171,1.2086136667543999,1.0529363185611995,1.2363775019439442,2.78688744716643,3.072873211635296,0.0640794398721487,-0.11936174351059603,0.114405216501547,-0.1715805479673187,False,False,0.05162082420138979,0.10324164840277958,0.051577119215682796,0.10315423843136559
650,10.833333333333334,False,False,50.32137553020132,50.0,61.732889787256646,50.03859959626204,53.89119099567895,48.07603770180292,74.0,0.3213755302013226,2.926092530674814,2.955353455981562,2.929880329400863,1.2158470403193715,2.7833785975579364,1.2111734866762647,1.1735958439250045,2.955353455981562,1.0508004216001359,1.2333306137352433,1.209947187273565,1.053989123582491,1.2378765220252341,2.783691754986072,3.070277805917687,0.06428067810022964,-0.11960672034251352,0.11492434993612521,-0.17166170099548994,False,False,0.051577119215682796,0.10315423843136559,0.051533631225898824,0.10306726245179765
655,10.916666666666666,False,False,50.31287820016694,50.0,61.730740508551136,50.03017403019881,53.88750994120233,48.06039494079012,74.0,0.3128782001669421,2.923018714286215,2.952248901429077,2.9269847804518796,1.2170998281560514,2.7803272913760826,1.2124900736484538,1.1748879059916455,2.952248901429077,1.0518621882176173,1.234843675188258,1.211262441214376,1.0550375409307744,1.2393687594906113,2.7805071067247273,3.067688647565739,0.06448085349896582,-0.1198503650608711,0.11543974613666164,-0.1717417947043498,False,False,0.051533631225898824,0.10306726245179765,0.05149036586054816,0.10298073172109631
660,11.0,False,False,50.30446402349399,50.0,61.72864991160968,50.021831541782475,53.883881494160335,48.04488118355081,74.0,0.30446402349399193,2.9199546780947583,2.949154224875706,2.924097877145233,1.218335991199838,2.7773256619194444,1.213788746452969,1.1761742620308269,2.949154224875706,1.0529195275764844,1.2363498444902856,1.212559799129167,1.0560815665931402,1.240854242287595,2.777333390730208,3.065105671073253,0.06467998025676813,-0.12009269543768664,0.11595144619754683,-0.1718208341454983,False,False,0.05149036586054816,0.10298073172109631,0.05144732828388778,0.10289465656777556
665,11.083333333333334,False,False,50.29613303394882,50.0,61.72661752610877,50.01357216451602,53.88030588199783,48.02949556414173,74.0,0.29613303394881996,2.916900328259765,2.946069331542363,2.9212195309017304,1.219555853232409,2.7743723643512364,1.2150698654442182,1.1774549227113766,2.946069331542363,1.053972445500346,1.2378491608411113,1.213839620998124,1.057121194051158,1.2423329952206004,2.7741705066063167,3.0625288217305426,0.06487807250922373,-0.12033372866021863,0.11645949018817969,-0.17189882493604625,False,False,0.05144732828388778,0.10289465656777556,0.0514045232230726,0.1028090464461452
670,11.166666666666666,False,False,50.28788525991425,50.0,61.724642933370475,50.0053959259493,53.87678334919281,48.01423724922677,74.0,0.2878852599142476,2.9138555818638356,2.942994137682474,2.9183496641684297,1.2207597292466086,2.7714660950883196,1.2163337808119792,1.178729895965016,2.942994137682474,1.0550209442521434,1.2393416592096467,1.2151022566685699,1.0581564144917766,1.2438050401761689,2.7710183644652115,3.0599580548818395,0.06507514421115279,-0.12057348147323954,0.1169639171993655,-0.17197577321726243,False,False,0.0514045232230726,0.1028090464461452,0.05136195499362296,0.10272390998724593
675,11.25,False,False,50.27972072194697,50.0,61.7227257599871,49.99730284570363,53.87331415263321,47.9991054336763,74.0,0.2797207219469726,2.9108203661746717,2.9399285698364186,2.9154882096735255,1.221947925766302,2.7686055905736917,1.2175808329621096,1.1799991872806732,2.9399285698364186,1.056065022917815,1.2408273707328188,1.2163480461917517,1.0591872171303929,1.2452703964599994,2.7678768842208807,3.057393335223757,0.06527120917932616,-0.12081197015028033,0.11746476538733841,-0.17205168561553785,False,False,0.05136195499362296,0.10272390998724593,0.05131962752329632,0.10263925504659265
680,11.333333333333334,False,False,50.27163943064697,50.0,61.72086567199784,49.989292933589674,53.869898557273565,47.98409933642346,74.0,0.27163943064697094,2.9077946179477148,2.9368725641271918,2.912635109722319,1.223120741152387,2.7657896260756285,1.2188113528804734,1.1812627999840788,2.9368725641271918,1.0571046777686581,1.2423063230927625,1.2175773202181972,1.060213589446544,1.2467290810462412,2.7647459949217286,3.0548346361427337,0.06546628106216246,-0.1210492105375347,0.11796207201554187,-0.1721265692054632,False,False,0.05131962752329632,0.10263925504659265,0.05127754437458858,0.10255508874917715
685,11.416666666666666,False,False,50.26364138481082,50.0,61.71906236957606,49.98136618751383,53.8665368324763,47.96921819693441,74.0,0.26364138481081767,2.904778282767534,2.9338260655952095,2.909790315532231,1.2242784658956174,2.7630170145139434,1.2200256624808925,1.1825207355173644,2.9338260655952095,1.0581399025853935,1.2437785408553172,1.218790400349144,1.0612355174701527,1.2481811088770025,2.7616256341202403,3.052281939089485,0.06566037335963815,-0.12128521804721171,0.11845587349427555,-0.17220043147496922,False,False,0.05127754437458858,0.10255508874917715,0.0512357087658359,0.1024714175316718
690,11.5,False,False,50.25572656984368,50.0,61.71731558218968,49.9735225911843,53.863229248375056,47.95446127170576,74.0,0.2557265698436808,2.901771314425962,2.9307890275702215,2.9069537866048627,1.2254213828968565,2.7602866053136683,1.2212240749378904,1.1837729937186579,2.9307890275702215,1.0591706889728492,1.2452440457987721,1.2199875994147533,1.062252986038658,1.2496264931324021,2.7585157472778006,3.049735232988516,0.0658534994137443,-0.12152000767999982,0.11894620541829459,-0.17227328029242095,False,False,0.0512357087658359,0.1024714175316718,0.051194123591091406,0.10238824718218281
695,11.583333333333334,False,False,50.24789495640623,50.0,61.7156250641991,49.965762114148525,53.85997607246438,47.9398278309697,74.0,0.2478949564062276,2.898773674335097,2.927761411078448,2.9041254901331586,1.226549767735352,2.757597283286391,1.2224068950049551,1.185019572983956,2.927761411078448,1.0601970266568574,1.246702857224461,1.2211692218987538,1.063265978889722,1.2510652453358848,2.755416287202908,3.047194513680953,0.06604567235192871,-0.12175359409423403,0.11943310260250506,-0.17234512387554002,False,False,0.051194123591091406,0.10238824718218281,0.051152791438784664,0.10230558287756933
700,11.666666666666666,False,False,50.24014649927555,50.0,61.71399059085962,49.95808470943862,53.856777567511216,47.925317156575275,74.0,0.24014649927555354,2.8957853309733537,2.9247431842830873,2.9013054004419305,1.2276638889255886,2.754947967539332,1.2235744193189955,1.1862604705320063,2.9247431842830873,1.0612189037164794,1.2481549922023323,1.2223355640995124,1.0642744790076692,1.2524973757129498,2.752327213520982,3.0446597833988847,0.0662369051809435,-0.12198599152433709,0.11991659911579733,-0.17241597076210535,False,False,0.051152791438784664,0.10230558287756933,0.05111171460937712,0.10222342921875424
705,11.75,False,False,50.23248113639956,50.0,61.71241195469777,49.95049031324991,53.85363398843084,47.910928538959524,74.0,0.23248113639955648,2.8928062593628443,2.921734321956473,2.898493498459933,1.2287640081632534,2.7523376104121726,1.2247269366916704,1.1874956825661775,2.921734321956473,1.0622363068535534,1.2496004658535067,1.223486914569321,1.0652784686648016,1.2539228932444555,2.7492484921741704,3.042131050269639,0.06642721067827795,-0.12221721390137597,0.12039672831316617,-0.17248582978230242,False,False,0.05111171460937712,0.10222342921875424,0.05107089513189148,0.10214179026378296
710,11.833333333333334,False,False,50.22489878812718,50.0,61.71088896223328,49.942978844766195,53.850545580662526,47.8966612754512,74.0,0.22489878812717734,2.889836440576449,2.9187348049822135,2.895689771221905,1.2298503805608154,2.7497651964415626,1.225864728388182,1.1887252044216166,2.9187348049822135,1.0632492215905511,1.2510392915608135,1.2246235542608248,1.0662779296163816,1.2553418058733048,2.746180094949554,3.039608327848381,0.06661660145168824,-0.12244727480523498,0.1208735228661677,-0.17255471003265965,False,False,0.05107089513189148,0.10214179026378296,0.05103033477957113,0.10206066955914227
715,11.916666666666666,False,False,50.2173993565974,50.0,61.709421431019614,49.93555020330899,53.847512578378165,47.88251466843178,74.0,0.2173993565973973,2.886875861273016,2.915744619885746,2.8928942113989677,1.230923254873203,2.747229741353152,1.2269880683941419,1.1899490308301301,2.915744619885746,1.0642576324689481,1.252471481179528,1.2257457568930932,1.0672728433883036,1.256754120803522,2.74312199903426,3.037091634677562,0.06680508997339185,-0.12267618744182651,0.12134701479181587,-0.17262262085148583,False,False,0.05103033477957113,0.10206066955914227,0.05099003508459544,0.10198007016919088
720,12.0,False,False,50.20998272527181,50.0,61.708009186979005,49.92820427131564,53.84453520188113,47.8684880227861,74.0,0.20998272527180717,2.883924513259203,2.912763758391795,2.890106816855911,1.2319828737140317,2.7447302910809497,1.2280972236710592,1.1911671559054686,2.912763758391795,1.0652615232762432,1.2538970452764495,1.226853789171264,1.0682631910806526,1.2581598443149629,2.740074186596074,3.034580993871786,0.06699268840949424,-0.12290396482481603,0.12181723547999068,-0.1726895717957211,False,False,0.05099003508459544,0.10198007016919088,0.050949997351984126,0.10189999470396825
725,12.083333333333334,False,False,50.20264875859664,50.0,61.70665206200865,49.92094091056567,53.84161365795934,47.85458064596909,74.0,0.2026487585966379,2.8809823930765552,2.909792217007321,2.88732759023393,1.2330294737628207,2.742265920813714,1.2291924544009831,1.1923795734376381,2.909792217007321,1.0662608771392676,1.255315993234977,1.227947910991543,1.0692489539270045,1.2595589823334787,2.7370366443881817,3.0320764327267713,0.06717940889584062,-0.12313061951063364,0.12228421571945036,-0.1727555726191392,False,False,0.050949997351984126,0.10189999470396825,0.05091022267272004,0.10182044534544007
730,12.166666666666666,False,False,50.19539730178126,50.0,61.70534989183679,49.913759964247795,53.83874813668278,47.8407918449345,74.0,0.1953973017812629,2.878049501612474,2.906829996628599,2.8845565385574767,1.234063285963608,2.7398357340680843,1.230274014220807,1.1935862769076175,2.906829996628599,1.067255676765389,1.2567283335077861,1.2290283757487033,1.0702301129866447,1.2609515401337532,2.7340093633767784,3.029577982351094,0.06736526322613567,-0.12335616392097282,0.12274798572249512,-0.1728206332518205,False,False,0.05091022267272004,0.10182044534544007,0.05087071193613463,0.10174142387226925
735,12.25,False,False,50.188228180681115,50.0,61.704102514108996,49.90666125606562,53.835938812038926,47.82712092645987,74.0,0.18822818068111502,2.8751258437338083,2.9038771021711463,2.881793672863936,1.2350845357153588,2.737438861788079,1.2313421504467108,1.1947872596345133,2.9038771021711463,1.0682459045123085,1.2581340736978286,1.2300954304971583,1.0712066495417236,1.2623375227468228,2.7309923383903083,3.027085677319527,0.0675502631123095,-0.12358061009278964,0.1232085751483809,-0.17288476378083795,False,False,0.05087071193613463,0.10174142387226925,0.050831465841582504,0.10166293168316501
740,12.333333333333334,False,False,50.181141201774615,50.0,61.702909766686226,49.89964459047691,53.83318584013665,47.813567195326875,74.0,0.181141201774615,2.8722114279418567,2.900933542221275,2.8790390078549177,1.2360934430545383,2.7350744614705627,1.2323971042891946,1.1959825148638539,2.900933542221275,1.0692315425577512,1.2595332207389498,1.2311493162145326,1.0721785449966856,1.2637169348696202,2.727985567789197,3.024599555346803,0.06773442000576635,-0.12380396986716824,0.12366601312552783,-0.17294797443207832,False,False,0.050831465841582504,0.10166293168316501,0.05079248490954082,0.10158496981908165
745,12.416666666666666,False,False,50.17413615222351,50.0,61.70177148613736,49.892709752188026,53.83048935914796,47.80012995404103,74.0,0.17413615222351098,2.8693062660476367,2.897999328708113,2.876292561568,1.2370902228302099,2.7327417163162604,1.2334391110591434,1.1971720358853146,2.897999328708113,1.070212572989002,1.2609257809960899,1.232190267962733,1.0731457811106258,1.265089781107219,2.724989053154958,3.022119656980708,0.06791774522190441,-0.12402625477468887,0.1241203282725949,-0.17301027555315507,False,False,0.05079248490954082,0.10158496981908165,0.05075376949202156,0.10150753898404312
750,12.5,False,False,50.16721280000789,50.0,61.70068750641047,49.88585650647848,53.82784948813191,47.786808501567855,74.0,0.16721280000788852,2.866410372866334,2.8950744765949974,2.8735543550678333,1.2380750848719937,2.73043983440586,1.2344684003653297,1.1983558161062957,2.8950744765949974,1.0711889779360728,1.2623117604088758,1.2332185151222348,1.074108339969461,1.266456065954652,2.7220027989976643,3.019646025313485,0.06810024984835628,-0.12424747613683462,0.12457154871848752,-0.1730716775973331,False,False,0.05075376949202156,0.10150753898404312,0.050715319782472776,0.10143063956494555
755,12.583333333333334,False,False,50.16037089412724,50.0,61.699657657668276,49.87908460067236,53.82526632693752,47.773602133025996,74.0,0.16037089412724015,2.863523765929896,2.892159003589195,2.8708244121555744,1.2390482341512068,2.7281680479007364,1.2354851963037499,1.1995338490666383,2.892159003589195,1.0721607396536563,1.263691164583725,1.2342342815677967,1.075066204017831,1.2678157938382415,2.7190268124807577,3.0171787057105273,0.06828194477160321,-0.12446764504880736,0.12501970212133218,-0.17313219110843736,False,False,0.050715319782472776,0.10143063956494555,0.05067713582511616,0.10135427165023232
760,12.666666666666666,False,False,50.15361016486021,50.0,61.698681765273605,49.872393762060604,53.8227399563628,47.76051013960909,74.0,0.15361016486021128,2.860646465216804,2.8892529298689724,2.8681027590956427,1.2400098709354976,2.7259256122677864,1.2364897176391578,1.2007061286152112,2.8892529298689724,1.0731278405876308,1.2650639988702956,1.2352377858295314,1.076019356305938,1.2691689693716501,2.7160611031623145,3.014717745555484,0.06846284075643894,-0.12468677230927327,0.1254648156865117,-0.1731918267066579,False,False,0.05067713582511616,0.10135427165023232,0.05063921752382366,0.10127843504764732
765,12.75,False,False,50.14693032407546,50.0,61.697759648912744,49.8657837004294,53.820270436862245,47.74753180723066,74.0,0.1469303240754627,2.857778492898084,2.8863562778270646,2.8653894243588995,1.2409601909372616,2.723711805527882,1.2374821779791696,1.201872648865765,2.8863562778270646,1.0740902635004383,1.2664302684965512,1.2362292413125489,1.0769677802723574,1.2705155971476858,2.7131056827518174,3.012263194010814,0.06864294828192086,-0.12490486859340755,0.12590691618374938,-0.1732505950752472,False,False,0.05063921752382366,0.10127843504764732,0.05060156465044863,0.10120312930089725
770,12.833333333333334,False,False,50.14033106558785,50.0,61.69689112184444,49.85925410704984,53.81785780966921,47.73466641730315,74.0,0.14033106558785136,2.8549198730986833,2.88346907182967,2.862684438381316,1.2418993854561204,2.7215259275274155,1.238462785941253,1.203033404314656,2.88346907182967,1.0750479914878421,1.2677899785949893,1.2372088564287425,1.077911460044311,1.2718556820473674,2.710160564881659,3.009815101793047,0.06882227773271143,-0.12512194427034506,0.12634602996337696,-0.17330850694801114,False,False,0.05060156465044863,0.10120312930089725,0.050564176852797356,0.10112835370559471
775,12.916666666666666,False,False,50.13381206555365,50.0,61.69607599026397,49.8528046557741,53.8155020957922,47.72191324564438,74.0,0.13381206555364855,2.8520706316733953,2.880591337990129,2.859987833337353,1.2428276415157287,2.7193672992324105,1.2394317453129433,1.2041883898555625,2.880591337990129,1.0760010080842028,1.2691431343171677,1.2381768347432172,1.0788503802804996,1.2731892290913487,2.707225764892538,3.0073735209618686,0.06900083923578615,-0.12533800957506291,0.1267821829717395,-0.17336557309759115,False,False,0.050564176852797356,0.10112835370559471,0.05052705366212589,0.10105410732425178
780,13.0,False,False,50.12737298289954,50.0,61.695314052772005,49.84643500248466,53.813203296755376,47.70927156292573,74.0,0.12737298289953713,2.8492307959965157,2.877723103956481,2.8572996429272033,1.243745141995162,2.717235262044662,1.2403892552055822,1.2053376008677787,2.877723103956481,1.0769492972885653,1.270489740868824,1.2391333751646472,1.0797845263915993,1.2745162436688053,2.7043012996319984,3.00493850472233,0.06917864280102659,-0.12555307447617947,0.12721540076584903,-0.1734218043244824,False,False,0.05052705366212589,0.10105410732425178,0.050490194500254736,0.10098038900050947
785,13.083333333333334,False,False,50.12101345978066,50.0,61.694605099938904,49.8401447875927,53.81096139393473,47.69674063388507,74.0,0.12101345978066291,2.8464003947645184,2.874864398712164,2.854619902177164,1.2446520657551272,2.7151291771393677,1.2413355102018677,1.206481033157352,2.874864398712164,1.0778928436483566,1.2718298036024087,1.240078672091704,1.0807138843160602,1.2758367313214387,2.701387187265443,3.0025101072394693,0.06935569816408682,-0.1257671488412917,0.1276457085273055,-0.17347721144672068,False,False,0.050490194500254736,0.10098038900050947,0.05045359868633301,0.10090719737266601
790,13.166666666666666,False,False,50.11473312206297,50.0,61.69394891395582,49.8339336337725,53.8087763499939,47.68431971839398,74.0,0.11473312206297237,2.8435794578110185,2.872015252389129,2.8519486472524562,1.2455485877592252,2.7130484248237208,1.2422707004975067,1.2076186831189535,2.872015252389129,1.0788316322487042,1.2731633280150205,1.2410129155155574,1.0816384408928728,1.2771506981242597,2.6984834470988694,3.00008838346463,0.06953201500530626,-0.12598024222608073,0.12807313107550122,-0.17353180529025947,False,False,0.05045359868633301,0.10090719737266601,0.05041726544320751,0.10083453088641502
795,13.25,False,False,50.1085315798262,50.0,61.69334526836458,49.827801148939656,53.80664810747988,47.672008070024205,74.0,0.10853157982619877,2.840768015933364,2.869175696092698,2.84928591528175,1.246434879190484,2.7109924039159066,1.2431950120372197,1.2087505476475873,2.869175696092698,1.0797656488221292,1.274490319866529,1.2419362911955887,1.0825581835043014,1.2784581503361587,2.6955900994127666,2.9976733889728893,0.06970760268857146,-0.12619236414328583,0.1284976928801913,-0.17358559667993134,False,False,0.05041726544320751,0.10083453088641502,0.050381193903515975,0.10076238780703195
800,13.333333333333334,False,False,50.10240842788337,50.0,61.69279392785908,49.82174692541158,53.804576590721155,47.65980493752762,74.0,0.10240842788336835,2.837966100730232,2.8663457617375343,2.8466317441928277,1.2473111075633738,2.7089605311439864,1.2441086266453616,1.2098766242268812,2.8663457617375343,1.0806948797118412,1.2758107851511087,1.2428489807765346,1.083473100412393,1.2797590947440716,2.6927071653065164,2.995265179810963,0.06988247051719032,-0.12640352381448827,0.12891941807342855,-0.17363859643101787,False,False,0.050381193903515975,0.10076238780703195,0.05034538311540572,0.10069076623081144
805,13.416666666666666,False,False,50.09636324631405,50.0,61.69229464815081,49.81577054087982,53.80256170499883,47.6477095639162,74.0,0.09636324631404847,2.835173744449611,2.863525481894107,2.84398617255874,1.2481774368315004,2.70695224056412,1.2450117221513797,1.2109969109290888,2.863525481894107,1.0816193119508317,1.2771247301843778,1.2437511619056296,1.0843831805588662,1.2810535384703579,2.689834666552744,2.992863812355009,0.07005662754126907,-0.1266137303702226,0.12933833046090193,-0.173690815341363,False,False,0.05034538311540572,0.10069076623081144,0.05030983204803295,0.1006196640960659
810,13.5,False,False,50.090395601007515,50.0,61.69184717589306,49.809871558385574,53.80060333758427,47.63572118718913,74.0,0.09039560100751487,2.832390979846619,2.8607148896450854,2.8413492394538764,1.2490340274911673,2.704966982997596,1.2459044725103752,1.2121114064592349,2.8607148896450854,1.082538933257217,1.2784321616066068,1.2446430083790347,1.0852884137430594,1.2823414891580696,2.6869726254610793,2.9904693431778173,0.07023008269883468,-0.12682299271617548,0.12975445353273196,-0.17374226418400607,False,False,0.05030983204803295,0.1006196640960659,0.050274539596673135,0.10054907919334627
815,13.583333333333334,False,False,50.084505044214076,50.0,61.69145124865689,49.80404952810956,53.79870135748227,47.623839039922544,74.0,0.08450504421407601,2.8296178400506156,2.8579140184511216,2.8387209843194485,1.2498810366809914,2.703004225486159,1.2467870479189382,1.2132201101109696,2.8579140184511216,1.0834537320834237,1.2797330864395937,1.2455246901857664,1.086188790445616,1.2836229548017875,2.684121064750809,2.9880818289248365,0.07040284469081781,-0.12703131966535364,0.13016781047371495,-0.17379295370031267,False,False,0.050274539596673135,0.10054907919334627,0.05023950458769972,0.10047900917539944
820,13.666666666666666,False,False,50.07869111510114,50.0,61.69110659495442,49.79830398661234,53.79685561671266,47.612062350216775,74.0,0.07869111510113669,2.8268543584410923,2.8551229020255033,2.836101446837823,1.250718618277739,2.7010634507651003,1.2476596149265042,1.214323021840146,2.8551229020255033,1.0843636975960584,1.281027512074048,1.246396373727339,1.0870843020382284,1.2848979439643669,2.6812800074319307,2.9857013261985923,0.0705749221242209,-0.1272387198019176,0.13057842417308896,-0.1738428945935726,False,False,0.05023950458769972,0.10047900917539944,0.05020472578318399,0.10040945156636798
825,13.75,False,False,50.07295334031249,50.0,61.69081293430389,49.79263445820638,53.79506594988065,47.60039034113957,74.0,0.07295334031248757,2.8241005685318736,2.8523415742171925,2.8334906668152615,1.2515469229885527,2.6991441567536096,1.2485223365424079,1.215420142235389,2.8523415742171925,1.0852688197280533,1.282315446329082,1.2472582218470507,1.0879749406118309,1.2861664656119638,2.6784494766941633,2.983327891450993,0.07074632337657483,-0.1274452016235581,0.1309863172338006,-0.17389209752302914,False,False,0.05020472578318399,0.10040945156636798,0.05017020188535476,0.10034040377070952
830,13.833333333333334,False,False,50.067291234528334,50.0,61.69056997733209,49.787040455032134,53.79333217528575,47.58882223152639,74.0,0.06729123452833363,2.821356503863162,2.8495700689017935,2.830888684072578,1.252366098439722,2.6972458560618735,1.2493753723388343,1.216511472547527,2.8495700689017935,1.086169089161689,1.2835968974424163,1.248110393947127,1.088860699115944,1.287428529260074,2.675629495803454,2.980961580883132,0.070917056712547,-0.12765077343158304,0.13139151198133847,-0.17394057309833943,False,False,0.05017020188535476,0.10034040377070952,0.05013593154076818,0.10027186308153636
835,13.916666666666666,False,False,50.0617043010246,50.0,61.69037742590984,49.781521477711365,53.79165409488397,47.577357235774116,74.0,0.061704301024597896,2.818622197901007,2.846808419880017,2.8282955383432933,1.253176289262151,2.6953680755144447,1.2502188785498383,1.2175970146895907,2.846808419880017,1.0870644973595536,1.2848718741083567,1.248953046120505,1.0897415712730611,1.2886841448944522,2.672820088005613,2.978602450352153,0.07108713020486146,-0.12785544341652955,0.13179403047213567,-0.173988331874404,False,False,0.05013593154076818,0.10027186308153636,0.05010191334431055,0.1002038266886211
840,14.0,False,False,50.05619203222956,50.0,61.69023497331689,49.77607701688936,53.79003149504808,47.565994564339704,74.0,0.056192032229560596,2.815897683943773,2.8440566607832105,2.825711269178883,1.2539776371736637,2.6935103556893734,1.2510530081666156,1.2186767711926678,2.8440566607832105,1.0879550365588235,1.286140385478942,1.2497863311947641,1.0906175515550753,1.2899333229539378,2.670021276436609,2.9762505552847616,0.07125655176126999,-0.12805921963759248,0.13219389450155106,-0.1740353843466016,False,False,0.05010191334431055,0.1002038266886211,0.05006814584295412,0.10013629168590824
845,14.083333333333334,False,False,50.05075391027674,50.0,61.690142304432214,49.770706551934964,53.7884641474115,47.55473342431458,74.0,0.05075391027673959,2.8131829950352443,2.841314824985597,2.8231359158606852,1.2547702810582868,2.691672250472639,1.2518779110291784,1.2197507452941956,2.841314824985597,1.0888406997600428,1.2874024411594343,1.250610398849267,1.091488635327963,1.2911760744813905,2.6672330840392657,2.9739059505971026,0.07142532918719491,-0.12826210996623266,0.13259112561150577,-0.1740817409463311,False,False,0.05006814584295412,0.10013629168590824,0.050034627539368604,0.10006925507873721
850,14.166666666666666,False,False,50.045389407552335,50.0,61.690099095946934,49.76540955302421,53.78695180850488,47.54357301894,74.0,0.045389407552335115,2.8104781638839804,2.83858294552282,2.820569517318184,1.2555543570426353,2.6898533266274103,1.252693733914601,1.220818940864383,2.83858294552282,1.0897214807668614,1.2886580512546157,1.2514253957323036,1.092354818650047,1.2924124109280635,2.6644555334858926,2.971568690620523,0.07159347006368044,-0.12846412221433612,0.13298574509770278,-0.1741274120369276,False,False,0.050034627539368604,0.10006925507873721,0.05000135689529641,0.10000271379059282
855,14.25,False,False,50.040097987236514,50.0,61.69010501659637,49.7601854810081,53.78549422112288,47.53251254864646,74.0,0.04009798723651414,2.807783222788587,2.8358610550164727,2.818012112053208,1.2563299985695318,2.688053163377672,1.2535006206219768,1.2218813624356426,2.8358610550164727,1.0905973741486372,1.289907226337809,1.2522314654757338,1.0932160984291133,1.293642344316708,2.661688647106619,2.9692388290330323,0.07176098188106539,-0.12866526400652933,0.1333777740165596,-0.1741724079098539,False,False,0.05000135689529641,0.10000271379059282,0.04996833233481105,0.0999366646696221
860,14.333333333333334,False,False,50.03487910383716,50.0,61.69015972740891,49.75503378817806,53.78409111427471,47.52155121085012,74.0,0.03487910383716297,2.80509820356857,2.8331491856042557,2.8154637380698255,1.2570973364689717,2.6862713520057766,1.2542987120542373,1.2229380151878742,2.8331491856042557,1.0914683752632943,1.2911499774800088,1.253028748841416,1.0940724723043465,1.2948658871293481,2.6589324468230418,2.9669164187960155,0.07192787194147399,-0.1288655428835277,0.13376723319175987,-0.1742167387812139,False,False,0.04996833233481105,0.0999366646696221,0.04993555224736122,0.09987110449472245
865,14.416666666666666,False,False,50.0297322037155,50.0,61.69026288196885,49.749953918686856,53.78274220407112,47.510688200575245,74.0,0.029732203715497008,2.802423137500469,2.8304473688754737,2.8129244328095284,1.2578564990265522,2.6845074954634836,1.255088146296961,1.2239889049484647,2.8304473688754737,1.0923344802378014,1.2923863162364932,1.2538173837944215,1.0949239387099674,1.2960830523766438,2.656186954086947,2.9646015120960136,0.0720941474281791,-0.12906496623849728,0.13415414322053998,-0.1742604147885265,False,False,0.04993555224736122,0.09987110449472245,0.049903014990695146,0.09980602998139029
870,14.5,False,False,50.02465672560258,50.0,61.69041412669091,49.74494530893762,53.781447194001366,47.4999227105424,74.0,0.024656725602582696,2.799758055258969,2.8277556358115588,2.8103942330914804,1.2586076120494707,2.6827612079960534,1.2558690586943064,1.2250340381922888,2.8277556358115588,1.0931956859739078,1.2936162546585648,1.2545975055323197,1.0957704968340098,1.2972938535622573,2.6534521898237866,2.962294160291211,0.0722598153699685,-0.129263541358279,0.1345385244796522,-0.17430344598777214,False,False,0.049903014990695146,0.09980602998139029,0.04987071889361275,0.0997414377872255
875,14.583333333333334,False,False,50.01965210110619,50.0,61.69061310110461,49.74000738856346,53.78020577550682,47.48925393152032,74.0,0.01965210110618898,2.7971029868627166,2.8250740167313437,2.807873175057499,1.2593507989301995,2.6810321147789864,1.256641581922194,1.2260734220122778,2.8250740167313437,1.094051990139578,1.2948398052908416,1.2553692465876793,1.0966121465924197,1.2984983046624259,2.6507281743806597,2.959994413862408,0.07242488265014813,-0.12946127541985808,0.13492039713106418,-0.17434584235068407,False,False,0.04987071889361275,0.0997414377872255,0.049838662258587726,0.09967732451717545
880,14.666666666666666,False,False,50.01471775520731,50.0,61.69085943814623,49.73513958013687,53.77901762865389,47.47868105276691,74.0,0.014717755207307448,2.7944579616245795,2.8224025412408253,2.805361294121534,1.260086180707929,2.679319851566994,1.257405846058851,1.2271070641488495,2.8224025412408253,1.0949033911548147,1.2960569811628304,1.2561327369159245,1.0974488886850589,1.2996964201873131,2.648014927478558,2.957702322368217,0.07258935603846361,-0.12965817546379066,0.1352997811273915,-0.17438761376226752,False,False,0.049838662258587726,0.09967732451717545,0.049806843364243264,0.09961368672848653
885,14.75,False,False,50.009853106746085,50.0,61.691152764456774,49.73034130102351,53.77788242228312,47.468203262012636,74.0,0.009853106746085416,2.791823008106094,2.819741238187155,2.8028586249233873,1.2608138761278802,2.677624064354815,1.2581619786528324,1.2281349729163322,2.819741238187155,1.0957498881991963,1.2972677958020689,1.256888103924621,1.0982807244458184,1.3008882150363583,2.645312468168601,2.955417934404228,0.0727532421200261,-0.12985424847051386,0.135676696217073,-0.17442877001855406,False,False,0.049806843364243264,0.09961368672848653,0.04977526046773183,0.09955052093546365
890,14.833333333333334,False,False,50.00505756889638,50.0,61.69149270068441,49.72561196148911,53.77679981522778,47.4578197463857,74.0,0.005057568896383202,2.789198154075871,2.81709013561663,2.8003652012864144,1.261534001698572,2.6759444090494875,1.2589101047886315,1.2291571573059719,2.81709013561663,1.0965914811714792,1.2984722631992145,1.2576354725906187,1.0991076560837392,1.3020737047445137,2.6426208147920836,2.953141297565952,0.07291654743854181,-0.1300495012222327,0.1360511619493221,-0.17446932082454625,False,False,0.04977526046773183,0.09955052093546365,0.04974391180694153,0.09948782361388306
895,14.916666666666666,False,False,50.000330549628856,50.0,61.69187886178971,49.720950968052385,53.775769455505284,47.44752969155895,74.0,0.00033054962885614714,2.7865834264717346,2.814449260736452,2.7978810561790177,1.2622466717471301,2.6742805511536982,1.2596503471499767,1.2301736268387777,2.814449260736452,1.0974281707368407,1.2996703978606576,1.2583749654746954,1.0999296863130335,1.3032529051172776,2.6399399849440774,2.950872458415287,0.07307927827849992,-0.13024394052574428,0.13642319767883482,-0.17450927579237474,False,False,0.04974391180694153,0.09948782361388306,0.049712795602618334,0.09942559120523667
900,15.0,False,False,49.99567145216245,50.0,61.69231085735271,49.71635772154548,53.774790982485136,47.43733228351312,74.0,-0.004328547837552321,2.7839788513663746,2.8118186398800384,2.7954062216796824,1.262951998472722,2.67263216545985,1.2603828260809102,1.2311843916685303,2.8118186398800384,1.098259958242809,1.3008622147297035,1.2591067027801275,1.1007468187214975,1.304425832603998,2.637269995440409,2.94861146245034,0.07324144093546758,-0.13043757294703284,0.13679282257030145,-0.17454864443962936,False,False,0.049712795602618334,0.09942559120523667,0.04968191006040086,0.09936382012080172
905,15.083333333333334,False,False,49.99107967540368,50.0,61.69278829188031,49.711831619490354,53.77386402581252,47.42722670745341,74.0,-0.008920324596317641,2.781384453936329,2.8091982984756925,2.7929407289453745,1.2636500919981912,2.6709989357544908,1.261107659644752,1.2321894624787728,2.8091982984756925,1.0990868457762557,1.3020477292486952,1.2598308024551899,1.1015590573951677,1.3055925039273248,2.6346108622878237,2.9463583540783964,0.07340304144855203,-0.13063040508360513,0.13716005560270395,-0.17458743618786876,False,False,0.04968191006040086,0.09936382012080172,0.04965125337269596,0.09930250674539191
910,15.166666666666666,False,False,49.9865546143738,50.0,61.69331076511306,49.707372054737895,53.772988207343204,47.417212149372055,74.0,-0.013445385626198458,2.778800258434088,2.8065882610184287,2.7904846081831103,1.2643410604199727,2.6693805545327667,1.2618249636810268,1.2331888505563893,2.8065882610184287,1.0999088360875993,1.3032269572882438,1.2605473802224425,1.1023664072446588,1.3067529364142336,2.6319626006571313,2.94411317659185,0.07356408585784435,-0.13082244331173043,0.13752491557342106,-0.17462566036129745,False,False,0.04965125337269596,0.09930250674539191,0.049620823720481225,0.09924164744096245
915,15.25,False,False,49.98209566062374,50.0,61.6938778723306,49.7029784165654,53.77216314020351,47.407287795089566,74.0,-0.01790433937625835,2.7762262881631528,2.8039885510447844,2.7880378886244905,1.2650250098563482,2.66777672272255,1.2625348518604518,1.2341825677474572,2.8039885510447844,1.1007259326400651,1.3043999152013985,1.261256549651944,1.1031688737449445,1.3079071477403867,2.6293252248591967,2.941875972146945,0.07372457999292958,-0.13101369400251262,0.1378874211021608,-0.17466332618558766,False,False,0.049620823720481225,0.09924164744096245,0.04959061927502793,0.09918123855005587
920,15.333333333333334,False,False,49.97770220263665,50.0,61.6944892046544,49.6986500920634,53.77138843004343,47.397452831222985,74.0,-0.02229779736335047,2.773662565455872,2.801399191110431,2.7856005985030707,1.26570204449413,2.6661871494179303,1.2632374357380536,1.2351706263983853,2.801399191110431,1.101538139562059,1.3055666197808258,1.2619584221758942,1.1039664629913482,1.3090551559906138,2.6266987483235624,2.9396467817451324,0.07388452959222858,-0.1312041634070371,0.13824759063470138,-0.17470044278686858,False,False,0.04959061927502793,0.09918123855005587,0.04956063819950101,0.09912127639900202
925,15.416666666666666,False,False,49.97337362621811,50.0,61.695144349347615,49.694386465339285,53.770663675598676,47.38770644554982,74.0,-0.02662637378188748,2.771109111653895,2.798820202770434,2.7831727650343474,1.2663722666338137,2.6646115516217526,1.2639328248045008,1.2361530394000602,2.798820202770434,1.1023454616289898,1.3067270882453375,1.2626531071618503,1.1047591817316302,1.310196979695383,2.6240831835796126,2.937425645216922,0.0740439402953228,-0.13139385766842993,0.13860544244648798,-0.1747370191908213,False,False,0.04956063819950101,0.09912127639900202,0.049530878650500265,0.09906175730100053
930,15.5,False,False,49.969109314873975,50.0,61.69584289011091,49.690186917633945,53.76998846876385,47.37804782694493,74.0,-0.030890685126024664,2.768565947091092,2.7962516065620027,2.780754414398267,1.2670357767332838,2.663049653996894,1.2646211265357248,1.2371298201878471,2.7962516065620027,1.10314790426582,1.3078813382470327,1.2633407120005815,1.1055470373439553,1.3113326378130596,2.6214785422400673,2.935212601208058,0.07420281762521252,-0.1315827828438918,0.13896099464605527,-0.1747730643219354,False,False,0.049530878650500265,0.09906175730100053,0.04950133877950113,0.09900267755900226
935,15.583333333333334,False,False,49.96490865017576,50.0,61.69658440737393,49.68605082927625,53.76936239487182,47.368476165500944,74.0,-0.035091349824242,2.766033091078793,2.7936934219895813,2.7783455717240626,1.267692673450117,2.6615011886259814,1.2653024464408977,1.2381009826532956,2.7936934219895813,1.103945473539873,1.3090293878686063,1.2640213420767852,1.1063300377101883,1.3124621496074025,2.6188848349867118,2.933007687167895,0.07436116695410688,-0.13177094494310726,0.1393142651783137,-0.1748085870028695,False,False,0.04950133877950113,0.09900267755900226,0.04947201673421281,0.09894403346842562
940,15.666666666666666,False,False,49.96077101211394,50.0,61.6973684785819,49.681977578532226,53.76878503384831,47.358990653417905,74.0,-0.03922898788606233,2.763510561893208,2.79114566751214,2.775946261077303,1.2683430536825466,2.659965894779266,1.265976888108837,1.2390665412030013,2.79114566751214,1.104738176114568,1.3101712555814855,1.264695100871586,1.1071081913763885,1.3135855348121628,2.6163020715582133,2.9308109393398234,0.07451899360916148,-0.1319583498266128,0.1396652718276834,-0.17484359595392673,False,False,0.04947201673421281,0.09894403346842562,0.04944291065988829,0.09888582131977658
945,15.75,False,False,49.95669577943895,50.0,61.6981946784766,49.67796654229502,53.768255959818994,47.349590484537856,74.0,-0.04330422056104766,2.7609983767649005,2.7886083605325496,2.7735565054490183,1.268987012609141,2.65844351869038,1.2666445532528994,1.2400265107291761,2.7886083605325496,1.1055260192704384,1.3113069602711513,1.2653620900211082,1.107881507411484,1.3147028134937786,2.6137302607399047,2.928622392753661,0.07467630276460246,-0.13214500331769208,0.14001403222111142,-0.1748780997926449,False,False,0.04944291065988829,0.09888582131977658,0.04941401870053086,0.09882803740106172
950,15.833333333333334,False,False,49.952682329990296,50.0,61.699062579371706,49.674017097069736,53.76777474186893,47.34027485489245,74.0,-0.047317670009704216,2.7584965518701883,2.78608151738889,2.771176326746783,1.2696246437272471,2.6569338133396925,1.2673055417544268,1.2409809065655009,2.78608151738889,1.1063090108749862,1.3124365212112017,1.2660224092725458,1.108649995417681,1.3158140060657144,2.611169410355402,2.9264420812198257,0.07483309950021355,-0.13233091114781992,0.14036056383093554,-0.17491210703348825,False,False,0.04941401870053086,0.09882803740106172,0.04938533900006713,0.09877067800013425
955,15.916666666666666,False,False,49.94873004101333,50.0,61.69997175142191,49.67012861840232,53.76734094453815,47.33104296302035,74.0,-0.05126995898667275,2.756005102324358,2.7835651533476016,2.768805745787614,1.2702560388902504,2.6554365382450245,1.2679599517048108,1.2419297445165558,2.7835651533476016,1.1070871593635498,1.3135599580483464,1.2666761566452351,1.1094136655666254,1.3169191333284693,2.6086195272599775,2.924270037325258,0.07498938881191353,-0.13251607894993045,0.14070488397765635,-0.1749456260876241,False,False,0.04938533900006713,0.09877067800013425,0.04935686970338398,0.09871373940676796
960,16.0,False,False,49.94483828946485,50.0,61.70092176288564,49.66630048184009,53.766954127870186,47.321894009895644,74.0,-0.05516171053515251,2.753524042176575,2.781059282598341,2.7664447822926177,1.2708812883436937,2.653951459259451,1.268607879446213,1.2428730408136746,2.781059282598341,1.1078604737392823,1.3146772908064026,1.2673234283720831,1.1101725285074278,1.318018216381363,2.6060806173355364,2.922106292430914,0.0751451755676884,-0.1327005123062468,0.1410470098325729,-0.1749786652628047,False,False,0.04935686970338398,0.09871373940676796,0.04932860895742665,0.0986572179148533
965,16.083333333333332,False,False,49.94100645230669,50.0,61.70191218038101,49.662532062647244,53.76661384811112,47.31282719942749,74.0,-0.05899354769331211,2.751053384406396,2.77856391825046,2.764093454883225,1.271500480760306,2.6524783483759573,1.2692494196110138,1.2438108121296592,2.77856391825046,1.1086289635440532,1.3157885398611529,1.2679643189727814,1.1109265954394245,1.3191112766989805,2.60355268548714,2.919950876670776,0.07530046456932138,-0.13288421669023465,0.14138695842031623,-0.17501123276331976,False,False,0.04932860895742665,0.0986572179148533,0.04930055491211219,0.09860110982422438
970,16.166666666666668,False,False,49.93723390678787,50.0,61.702942569134876,49.65882273674349,53.76631965768438,47.303841738327705,74.0,-0.062766093212133,2.748593140921769,2.7760790723309867,2.7617517810789582,1.272113703273984,2.651016983538706,1.26988466516004,1.244743075534634,2.7760790723309867,1.1093926388607045,1.3168937259464517,1.2685989213416633,1.1116758779991875,1.3201983360217797,2.6010357356409513,2.9178038189522706,0.07545526048714568,-0.1330671975354465,0.14172474662128387,-0.17504333669003547,False,False,0.04930055491211219,0.09860110982422438,0.049272705721235224,0.09854541144247045
975,16.25,False,False,49.933520030715876,50.0,61.70401249322507,49.65517188070765,53.76607110597915,47.29493683669285,74.0,-0.06647996928412425,2.7461433225584417,2.773604755784026,2.759419777296611,1.2727210415127577,2.649567148460693,1.2705137074195998,1.2456698484960453,2.773604755784026,1.1101515102791006,1.3179928701240462,1.2692273267037764,1.1124203883228825,1.3212794164219799,2.5985297707435198,2.915665146957992,0.07560956792593454,-0.13324946017316286,0.14206039117396596,-0.17507498504050645,False,False,0.049272705721235224,0.09854541144247045,0.049245059543370974,0.09849011908674195
980,16.333333333333332,False,False,49.92986420271662,50.0,61.705121515815215,49.6515788717726,53.76586773943575,47.28611170797186,74.0,-0.0701357972833776,2.743703939080677,2.7711409784714838,2.757097458850756,1.2733225796307939,2.6481286324475626,1.2711366361173995,1.2465911488786605,2.7711409784714838,1.1109055888926638,1.3190859937838135,1.269849624702738,1.1131601390074037,1.3223545402681358,2.5960347927623317,2.913534887148677,0.0757633913894753,-0.13343100987125678,0.14239390867719326,-0.17510618570915204,False,False,0.049245059543370974,0.09849011908674195,0.04921761454263492,0.09843522908526985
985,16.416666666666668,False,False,49.92626580248372,50.0,61.70626919938233,49.64804308811987,53.76570910184179,47.27736556912107,74.0,-0.07373419751628063,2.741274999183196,2.768687749175028,2.754784839955504,1.273918400339468,2.6467012302273765,1.27175353941737,1.247506994929854,2.768687749175028,1.1116548862852533,1.3201731186342411,1.2704659033860937,1.113895143107376,1.3234237302255196,2.5935508026875187,2.9114130647672978,0.07591673529566556,-0.13361185182247803,0.14272531559226964,-0.17513694648750944,False,False,0.04921761454263492,0.09843522908526985,0.04919036888945631,0.09838073777891262
990,16.5,False,False,49.922724211017155,50.0,61.70745510593719,49.64456390947391,53.76559473457947,47.26869764071745,74.0,-0.07727578898284548,2.7388565104942706,2.766245075599213,2.7524819337274082,1.2745085849375366,2.645284741786118,1.2723645039534495,1.2484174052501749,2.766245075599213,1.112399414519827,1.321254266694629,1.2710762493371022,1.1146254140888179,1.3244870092130816,2.591077800534685,2.909299703844272,0.07606960396290674,-0.13379199116135698,0.14305462824505888,-0.17516727506452812,False,False,0.04919036888945631,0.09838073777891262,0.04916332076128064,0.09832664152256128
995,16.583333333333332,False,False,49.919238810851695,50.0,61.70867879723726,49.64114071768819,53.7655241771419,47.26010714730967,74.0,-0.08076118914830488,2.736448479579881,2.76381296437568,2.7501887521894783,1.2750932133404527,2.643878972208748,1.2729696148623628,1.249322398763916,2.76381296437568,1.1131391861149138,1.322329460275018,1.2716807475722363,1.1153509658079068,1.3255444003854433,2.5886157853487317,2.9071948272036265,0.07622200162152737,-0.1339714329560091,0.14338186282794663,-0.1751971790269482,False,False,0.04916332076128064,0.09832664152256128,0.04913646834324412,0.09827293668648825
1000,16.666666666666668,False,False,49.91580898627513,50.0,61.709939834992426,49.63777289517029,53.76549696757435,47.251593317704845,74.0,-0.08419101372486892,2.734050911948873,2.761391421068362,2.747905306276179,1.2756723641088494,2.6424837315256,1.2735689558154428,1.2502219947926916,2.761391421068362,1.113874214024047,1.3233987219590064,1.2722794817022534,1.1160718126339562,1.3265959272590389,2.586164755208662,2.9050984564701268,0.07637393246634727,-0.13415018215873542,0.14370703540176466,-0.17522666585970015,False,False,0.04913646834324412,0.09827293668648825,0.04910980982878834,0.09821961965757668
1005,16.75,False,False,49.912434123536634,50.0,61.711237781063,49.63445982730114,53.765512641876334,47.243155384347745,74.0,-0.08756587646336556,2.73166381205905,2.7589804501796404,2.745631605839394,1.2762461144762327,2.6410988345639392,1.274162609049518,1.2511162129377136,2.7589804501796404,1.114604511660672,1.3244620746319693,1.272872533873624,1.1167879691944913,1.3276416134602764,2.583724707233256,2.90301061207726,0.07652540052256285,-0.13432824374322228,0.14403016189761964,-0.17525574294638435,False,False,0.04910980982878834,0.09821961965757668,0.04908334342023938,0.09816668684047876
1010,16.833333333333332,False,False,49.90911361104551,50.0,61.71257219765085,49.631200901155175,53.76557073543491,47.234792584479294,74.0,-0.09088638895448753,2.7292871833241183,2.7565800551573596,2.743367659655258,1.2768145403759001,2.639724100804508,1.274750655396921,1.2520050731386527,2.7565800551573596,1.1153300928332994,1.3255195414194458,1.2734599848271047,1.1174994506106504,1.3286814829639684,2.581295637587586,2.9009313132760197,0.07667640982531565,-0.13450562252800236,0.14435125811866012,-0.17528441756977342,False,False,0.04908334342023938,0.09816668684047876,0.0490570673293534,0.0981141346587068
1015,16.916666666666668,False,False,49.905846839560695,50.0,61.71394264748294,49.6279955069832,53.76567078233041,47.22650415943504,74.0,-0.09415316043930488,2.726921028121446,2.7541902384026606,2.7411134754318027,1.2773777164671283,2.6383593542428696,1.2753331743146274,1.2528885956000615,2.7541902384026606,1.1160509717741052,1.3265711457189118,1.2740419139563075,1.1182062722454245,1.3297155598445305,2.5788775414902863,2.8988605781444385,0.076826964244469,-0.13468232335463703,0.1446703397417779,-0.1753126969123744,False,False,0.0490570673293534,0.0981141346587068,0.049030979777839406,0.09806195955567881
1020,17.0,False,False,49.90263320237083,50.0,61.715348693987835,49.62484303661516,53.765812316563654,47.21828935562618,74.0,-0.09736679762917078,2.724565347800562,2.7518110012785675,2.7388690598173624,1.2779357161606462,2.6370044232553953,1.2759102439125838,1.2537668008649507,2.7518110012785675,1.116767163082612,1.3276169111465637,1.2746183992784155,1.118908449960003,1.330743868535221,2.5764704132215503,2.8967984235978164,0.07697706767027035,-0.1348583509049477,0.14498742231924888,-0.17534058805701713,False,False,0.049030979777839406,0.09806195955567881,0.049005078997795465,0.09801015799559093
1025,17.083333333333332,False,False,49.89947209546568,50.0,61.71678990146488,49.62174288493256,53.76599487107085,47.21014742358739,74.0,-0.10052790453431726,2.7222201426923425,2.749442344119266,2.7366344184096834,1.2784886116434264,2.6356591404697225,1.2764819409812402,1.2546397097412136,2.749442344119266,1.1174786817666498,1.3286568615813055,1.275189517507397,1.1196059998500183,1.3317664335672235,2.5740742461317745,2.894744865399572,0.07712672382600982,-0.13503370989119534,0.14530252128030607,-0.17536809798749164,False,False,0.049005078997795465,0.09801015799559093,0.04897936323217396,0.09795872646434792
1030,17.166666666666668,False,False,49.896362917698994,50.0,61.718265835246704,49.61869445010558,53.76621797891859,47.20207761893273,74.0,-0.10363708230100599,2.7198854121188405,2.7470842662400288,2.7344095557656733,1.2790364739028135,2.6343233426395316,1.2770483410183158,1.2555073432869086,2.7470842662400288,1.118185543186994,1.329691021112363,1.275755344068648,1.120298938372917,1.3327832796997852,2.5716890326508164,2.8926999181727022,0.07727593641287656,-0.13520840491399166,0.14561565193267345,-0.17539523358921238,False,False,0.04897936323217396,0.09795872646434792,0.048953830735201216,0.09790766147040243
1035,17.25,False,False,49.89330507094254,50.0,61.719776061854304,49.61569713290487,53.766481173225024,47.19407920219949,74.0,-0.10669492905746125,2.717561154403698,2.744736765947735,2.7321944754117595,1.2795793727500242,2.6329968705234927,1.2776095182548377,1.2563697228396906,2.744736765947735,1.1188877630579477,1.3307194140427634,1.2763159531136354,1.1209872823174625,1.3337944318924406,2.569314764297822,2.890663595411759,0.07742470905275001,-0.13538244052222814,0.1459268294640239,-0.17542200164991328,False,False,0.048953830735201216,0.09790766147040243,0.048928479772701365,0.09785695954540273
1040,17.333333333333332,False,False,49.89029796023249,50.0,61.72132014914576,49.61275033754514,53.76678398723099,47.18615143882422,74.0,-0.10970203976751236,2.715247366883101,2.742399840551932,2.7299891798547904,1.2801173768430287,2.631679568768223,1.2781655456804681,1.2572268699726648,2.742399840551932,1.1195853574411407,1.331742064885984,1.2768714175784681,1.121671048751138,1.3347999152550605,2.566951431691546,2.8886359094953393,0.07757304528239573,-0.13555582122152665,0.14623606894340746,-0.17544840886038582,False,False,0.048928479772701365,0.09785695954540273,0.048903308622504645,0.09780661724500929
1045,17.416666666666668,False,False,49.887340993907564,50.0,61.722897666457946,49.609853471603465,53.76712595473931,47.178293599442746,74.0,-0.11265900609243573,2.712944045917229,2.740073486376401,2.7277936705934427,1.280650553708847,2.6303712857951296,1.2787164950681587,1.2580788064943864,2.740073486376401,1.1202783427228913,1.332758998346089,1.2774218091253262,1.1223502550483624,1.335799755078675,2.5645990245611814,2.886616871699018,0.07772094858428868,-0.13572855144602403,0.1465433853226168,-0.17547446181521975,False,False,0.048903308622504645,0.09780661724500929,0.04887831557472935,0.0977566311494587
1050,17.5,False,False,49.88443358373967,50.0,61.724508184741865,49.60700594593445,53.767506610176895,47.17050495986153,74.0,-0.11556641626032871,2.710651186902165,2.737757698771187,2.7256079481301,1.2811789697652725,2.6290718736909913,1.2792624369981382,1.2589255544488607,2.737757698771187,1.1209667356080668,1.3337702393143138,1.2779671983035314,1.1230249188720687,1.3367939768195862,2.5622575317575933,2.8846064922087007,0.07786842237072555,-0.135900635576792,0.14684879343751378,-0.1755001670135936,False,False,0.04887831557472935,0.0977566311494587,0.048853498932095306,0.09770699786419061
1055,17.583333333333332,False,False,49.88157514505697,50.0,61.726151276691446,49.60420717488937,53.76792548872247,47.16278480108819,74.0,-0.11842485494302935,2.7083687842822135,2.7354524721250355,2.7234320119831468,1.2817026903420488,2.6277811881021464,1.279803440881282,1.2597671361008271,2.7354524721250355,1.121650553110882,1.3347758128625236,1.278507654417763,1.1236950581595986,1.3377826060877593,2.55992694126496,2.8826047801343435,0.0780154699869322,-0.13607207794122855,0.147152308009308,-0.17552553086007538,False,False,0.048853498932095306,0.09770699786419061,0.04882885701017852,0.09765771402035704
1060,17.666666666666668,False,False,49.87876509685986,50.0,61.72782651686603,49.601456576838565,53.768382126494394,47.155132409415984,74.0,-0.12123490314014163,2.7060968315625966,2.7331577998782226,2.721265860699652,1.2822217797015183,2.626499088132171,1.2803395749818633,1.2606035739063282,2.7331577998782226,1.122329812542917,1.3357757442338407,1.2790432456891268,1.1243606910834871,1.3387656686100295,2.557607240212781,2.880611743524025,0.07816209470370139,-0.13624288282284103,0.14745394364580244,-0.17555055966544142,False,False,0.04882885701017852,0.09765771402035704,0.04880438813767017,0.09760877627534034
1065,17.75,False,False,49.876002861929976,50.0,61.72953348180682,49.59875357438425,53.768876060949985,47.147547076694245,74.0,-0.123997138070024,2.7038353213224955,2.7308736745357205,2.7191094918684033,1.282736301058757,2.6252254362429053,1.2808709064397215,1.2614348904979944,2.7308736745357205,1.1230045314916643,1.336770058823738,1.2795740391819437,1.1250218360494495,1.339743190230487,2.5552984148881945,2.8786273893783023,0.07830829973249265,-0.1364130544485449,0.14775371484258182,-0.17557525964752596,False,False,0.04880438813767017,0.09760877627534034,0.04878009065660149,0.09756018131320297
1070,17.833333333333332,False,False,49.873287866932365,50.0,61.73127175014727,49.596097592732264,53.769406831080666,47.1400281004221,74.0,-0.12671213306763462,2.701584245228397,2.728600087680681,2.7169629021332486,1.2832463166012154,2.623960098158732,1.2813975012918677,1.262261108758621,2.728600087680681,1.1236747278079566,1.3377587821699612,1.280100100862319,1.1256785118089305,1.3407151970253415,2.553000450748604,2.8766517236648728,0.0784540882667204,-0.13658259694969055,0.1480516359841917,-0.17559963693207692,False,False,0.04878009065660149,0.09756018131320297,0.048755962922530274,0.09751192584506055
1075,17.916666666666668,False,False,49.87061954251124,50.0,61.73304090271755,49.59348806204643,53.76997397671392,47.132574783063454,74.0,-0.12938045748875737,2.6993435940477166,2.7263370299881937,2.7148260872067382,1.2837518875078866,2.6227029427739774,1.2819194244935388,1.263082251703445,2.7263370299881937,1.124340419632775,1.3387419399817841,1.2806214956274289,1.12633073721085,1.3416817150569627,2.550713332434564,2.874684751333442,0.07859946335351764,-0.13675151449259504,0.1483477213452482,-0.17562369755362983,False,False,0.048755962922530274,0.09751192584506055,0.04873200330474153,0.09746400660948305
1080,18.0,False,False,49.86799732337949,50.0,61.73484052264354,49.590924416735184,53.770577039843005,47.12518643313433,74.0,-0.1320026766205089,2.697113357662665,2.724084491239292,2.7126990418840027,1.2842530739680105,2.6214538420633238,1.2824367399387278,1.263898342509574,2.724084491239292,1.1250016253343564,1.339719558079498,1.281138287290878,1.1269785313884593,1.3426427705629587,2.5484370437828856,2.872726476330834,0.07874442805338466,-0.13691981112111473,0.14864198509154214,-0.17564744745640626,False,False,0.04873200330474153,0.09746400660948305,0.04870821018641296,0.09741642037282593
1085,18.083333333333332,False,False,49.86542064840182,50.0,61.73667019543999,49.588406095043474,53.77121556415977,47.117862364722136,74.0,-0.1345793515981768,2.6948935250843387,2.721842460335182,2.7105817600568596,1.2847499351993343,2.6202126709951457,1.28294951048021,1.2647094045307041,2.721842460335182,1.1256583635245985,1.3406916624131575,1.281650538655913,1.1276219136722485,1.3435983898712762,2.546171567839976,2.870776901616279,0.0788889853405721,-0.13708749085845562,0.14893444128109712,-0.17567089249520595,False,False,0.04870821018641296,0.09741642037282593,0.04868458196472493,0.09736916392944986
1090,18.166666666666668,False,False,49.862888960672514,50.0,61.73852950909859,49.58593253925633,53.7718890952409,47.11060189757702,74.0,-0.13711103932748614,2.6926840844669933,2.719610925311663,2.7084742347281274,1.285242529465943,2.6189793074476397,1.2834577979490693,1.2655154612824027,2.719610925311663,1.126310653046526,1.3416582790523368,1.2821583115007797,1.1282609036157898,1.3445485994281772,2.5439168868753375,2.8688360291768604,0.0790331381457745,-0.13725455766661288,0.14922510386519727,-0.1756940384363257,False,False,0.04868458196472493,0.09736916392944986,0.0486611170510478,0.0973222341020956
1095,18.25,False,False,49.860401707587094,50.0,61.74041805417057,49.583503196206614,53.77259718052126,47.103404357018874,74.0,-0.13959829241290578,2.690485023122489,2.717389873353714,2.706376458026099,1.285730914095675,2.617753632127677,1.283961663173759,1.266316536412678,2.717389873353714,1.1269585129710935,1.3426194341851667,1.2826616665640813,1.1288955209337241,1.3454934257383182,2.5416729823952293,2.8669038600431063,0.07917688932564015,-0.1374210154789539,0.1495139866893922,-0.17571689095848475,False,False,0.0486611170510478,0.0973222341020956,0.048637813871001426,0.09727562774200285
1100,18.333333333333332,False,False,49.85795834090878,50.0,61.742335423844494,49.58111751778093,53.773339369714435,47.09626907423556,74.0,-0.14204165909121969,2.6882963275348724,2.7151792908102212,2.704288421219168,1.2862151454971322,2.6165355284922556,1.2844611659987015,1.2671126536725479,2.7151792908102212,1.1276019625741505,1.343575154097495,1.2831606636472772,1.1295257854905245,1.3464328953555642,2.539439835156468,2.8649803943046863,0.07932024168301632,-0.13758686818202337,0.14980110349446507,-0.17573945565375304,False,False,0.048637813871001426,0.09727562774200285,0.04861467086457597,0.09722934172915194
1105,18.416666666666668,False,False,49.855558316829594,50.0,61.74428121401888,49.57877495897688,53.774115215096586,47.08919538646319,74.0,-0.14444168317040607,2.686117983375081,2.7129791632088316,2.702210114730577,1.2866952791763058,2.6153248826724864,1.2849563653024467,1.2679038370043327,2.7129791632088316,1.128241021319374,1.3445254651579635,1.2836553615707544,1.1301517174413056,1.3473670350257991,2.537217425180339,2.8630656311262195,0.0794631980214664,-0.13775211956302713,0.1500864679173879,-0.1757617380284926,False,False,0.04861467086457597,0.09722934172915194,0.048591686486205425,0.09718337297241085
1110,18.5,False,False,49.85320109602648,50.0,61.7462550233703,49.5764749802434,53.77492427064892,47.08218263617214,74.0,-0.1467989039735187,2.6839499755157425,2.7107894752709,2.7001415281532792,1.2871713697528202,2.614121583400015,1.2854473190154003,1.2686901104239314,2.7107894752709,1.1288757088916748,1.3454703938535029,1.284145818188472,1.1307733369675073,1.3482958714245736,2.5350057317665944,2.8611595687631364,0.0796057610006422,-0.13791677345642417,0.1503700934922363,-0.1757837435043057,False,False,0.048591686486205425,0.09718337297241085,0.048568859204842225,0.09713771840968445
1115,18.583333333333332,False,False,49.850886143712515,50.0,61.7482564534167,49.57421704675973,53.77576609338287,47.075230172157944,74.0,-0.1491138562874852,2.6817922880460543,2.7086102109265147,2.6980826502648654,1.2876434709758164,2.6129255219357734,1.2859340841371425,1.2694714980502522,2.7086102109265147,1.1295060451339707,1.3464099667281777,1.284632090475816,1.1313906644732865,1.3492194313554127,2.532804733507533,2.8592622045776035,0.0797479333051605,-0.13808083357696566,0.15065199365108883,-0.17580547741898167,False,False,0.048568859204842225,0.09713771840968445,0.048546187504004266,0.09709237500800853
1120,18.666666666666668,False,False,49.84861292968348,50.0,61.750285108576385,49.57200062771488,53.77664024280086,47.068337349007464,74.0,-0.15138707031651677,2.6796449042867203,2.7064413533295877,2.6960334690425682,1.2881116357394806,2.6117365920010207,1.2864167167533413,1.2702480241346439,2.7064413533295877,1.130132050066414,1.3473442104044062,1.2851142344271012,1.1320037205158335,1.3501377416820133,2.530614408302132,2.8573735350544993,0.0798897175473694,-0.13824430361881035,0.15093218172491163,-0.17582694502745566,False,False,0.048546187504004266,0.09709237500800853,0.0485236698818257,0.0970473397636514
1125,18.75,False,False,49.84638092835993,50.0,61.75234059622277,49.569825197115584,53.77754628091745,47.061503527054825,74.0,-0.1536190716400725,2.6775078068049285,2.7042828848729776,2.6939939716783154,1.28857591609823,2.6105546897105496,1.2868952720522846,1.271019713016749,2.7042828848729776,1.1307537438808128,1.3482731515793553,1.285592305201999,1.1326125257760722,1.3510508293007824,2.528434733370208,2.8554935558173744,0.08003111628403325,-0.1384071872406769,0.15121067094439677,-0.17584815150276967,False,False,0.0485236698818257,0.0970473397636514,0.04850130485107899,0.09700260970215797
1130,18.833333333333332,False,False,49.844189618824856,50.0,61.754422526734814,49.567690233676196,53.7784837725176,47.05472807254534,74.0,-0.15581038117514368,2.675380977429352,2.702134787203646,2.691964144593791,1.2890363632815667,2.6093797135080226,1.2873698043410347,1.2717865891245037,2.702134787203646,1.1313711469245142,1.3491968170107513,1.2860663570230373,1.1332171010740693,1.3519587211580448,2.526265685266617,2.8536222616444613,0.08017213203354112,-0.13856948805043445,0.15148747444081545,-0.17586910193702865,False,False,0.04850130485107899,0.09700260970215797,0.048479090939193274,0.09695818187838655
1135,18.916666666666668,False,False,49.8420384848573,50.0,61.75653051354355,49.565595221319306,53.77945228520124,47.0480103576143,74.0,-0.15796151514270207,2.673264397265165,2.6999970412378165,2.6899439734555393,1.2894930277086143,2.6082115641033257,1.287840367061222,1.2725486769447072,2.6999970412378165,1.1319842796937338,1.35011523351209,1.2865364433073865,1.1338174673133188,1.35286144419609,2.524107239895449,2.8517596464846324,0.08031276725138281,-0.1387312096313884,0.15176260524681595,-0.1758898013423673,False,False,0.048479090939193274,0.09695818187838655,0.04845702668826001,0.09691405337652002
1140,19.0,False,False,49.83992701496206,50.0,61.75866417317496,49.563539647843456,53.78045138973331,47.04134976053302,74.0,-0.16007298503794232,2.6711580467090403,2.697869627176131,2.687933443190041,1.2899459590023348,2.607050144411898,1.2883070128044831,1.2733060010818826,2.697869627176131,1.1325931628133343,1.351028427934258,1.2870026165790023,1.1344136456021339,1.3537590254762861,2.521959372524216,2.849905703473363,0.0804530243944035,-0.13889235547974876,0.15203607629723193,-0.17591025465191468,False,False,0.04845702668826001,0.09691405337652002,0.04843511065505679,0.09687022131011358
1145,19.083333333333332,False,False,49.837854702395376,50.0,61.760823125288745,49.56152300634022,53.78148065938319,47.03474566507528,74.0,-0.16214529760462426,2.6690619054641425,2.695752524518784,2.6859325379987897,1.2903952060034516,2.6058953594959555,1.2887697933275641,1.2740585861847014,2.695752524518784,1.133197817061369,1.3519364271918821,1.28746492854184,1.13500565706878,1.3546514919958992,2.519822057798031,2.84806042494864,0.08059290581119782,-0.13905292911592126,0.15230790042985598,-0.1759304667207533,False,False,0.04843511065505679,0.09687022131011358,0.04841334141099742,0.09682668282199484
1150,19.166666666666668,False,False,49.835821045187146,50.0,61.76300699271394,49.55954479477813,53.7825396707846,47.02819746120987,74.0,-0.16417895481285427,2.6669759525550734,2.6936457120806243,2.6839412413733355,1.290840816784073,2.604747116507544,1.2892287595670902,1.274806456960696,2.6936457120806243,1.1337982633262593,1.3528392582222721,1.2879234300798545,1.1355935229895222,1.3555388708177945,2.5176952697537334,2.8462238024668247,0.0807324138570984,-0.13921293397117385,0.1525780903862004,-0.17595044232689094,False,False,0.04841334141099742,0.09682668282199484,0.048391717542141374,0.09678343508428275
1155,19.25,False,False,49.83382554615957,50.0,61.76521540148083,49.55760451589231,53.78362800359288,47.02170454474623,74.0,-0.1661744538404335,2.6649001663427816,2.6915491680062096,2.681959536110279,1.2912828386610344,2.6036053246333593,1.2896839616540188,1.2755496381762623,2.6915491680062096,1.1343945226172465,1.3537369479976022,1.2883781712862856,1.1361772647133064,1.3564211889967313,2.5155789818339938,2.844395826818458,0.08087155082046893,-0.13937237346295595,0.15284665881224857,-0.17597018617221583,False,False,0.048391717542141374,0.09678343508428275,0.04837023764915703,0.09674047529831406
1160,19.333333333333332,False,False,49.831867712942355,50.0,61.767447980849745,49.55570167707459,53.78474524069587,47.01526631746341,74.0,-0.16813228705764516,2.662834524539415,2.6894628697848093,2.679987404326226,1.291721318208962,2.602469895041273,1.2901354489277794,1.2762881546566587,2.6894628697848093,1.1349866160503186,1.3546295235125274,1.2888292014343734,1.1367569037039258,1.3572984736231113,2.5134731669013526,2.842576488043995,0.08101031896645261,-0.1395312509527329,0.1531136182591859,-0.17598970288345672,False,False,0.04837023764915703,0.09674047529831406,0.04834890034727343,0.09669780069454686
1165,19.416666666666668,False,False,49.82994705798492,50.0,61.76970436333654,49.55383579056908,53.78589096805308,47.008882186916345,74.0,-0.17005294201508292,2.6607790042231017,2.6873867942653327,2.678024827472674,1.292156301273068,2.6013407408285043,1.2905832699501145,1.27702203127129,2.6873867942653327,1.135574564850627,1.355517011788259,1.2892765690359285,1.1373324614916918,1.3581707517761974,2.5113777972521856,2.840765775449445,0.08114872050490729,-0.13968956977959834,0.1533789811841122,-0.1760089970131471,False,False,0.04834890034727343,0.09669780069454686,0.04832770426625949,0.09665540853251899
1170,19.5,False,False,49.82806309856536,50.0,61.77198418473526,49.552006373362836,53.78706477489224,47.002551566554494,74.0,-0.17193690143464124,2.6587335818526583,2.6853209176711847,2.676071786350815,1.292587832981686,2.6002177769713812,1.2910274725186295,1.2777512929337083,2.6853209176711847,1.1361583903390624,1.3563994398607546,1.2897203218559754,1.1379039597000677,1.359038050552265,2.5092928446306084,2.8389636776219342,0.08128675761855675,-0.13984733323364051,0.1536427599507495,-0.17602807304057633,False,False,0.04832770426625949,0.09665540853251899,0.04830664805036085,0.0966132961007217
1175,19.583333333333332,False,False,49.82621535679659,50.0,61.77428708413772,49.55021294799184,53.78826625365592,46.99627387562354,74.0,-0.1737846432034118,2.65669823328221,2.683265215615032,2.6741282611262713,1.2930159577585523,2.5991009202766335,1.291468103680055,1.278475964557465,2.683265215615032,1.13673811392993,1.3572768347799893,1.290160506883467,1.138471419961034,1.3599003969814447,2.507218280242294,2.837170182445168,0.08142443242397968,-0.14000454459643108,0.15390496683013577,-0.17604693537273786,False,False,0.04830664805036085,0.0966132961007217,0.04828573035824608,0.09657146071649216
1180,19.666666666666668,False,False,49.82440335962947,50.0,61.77661270395038,49.548455041212534,53.78949500050577,46.99004853955388,74.0,-0.1755966403705287,2.654672933775714,2.681219663113471,2.672194231343731,1.2934407193348378,2.597990089334172,1.2919052097432442,1.279196071114975,2.681219663113471,1.1373137571038987,1.3581492235844463,1.290597170375213,1.1390348640534111,1.360757818167504,2.505154074768185,2.8353852771147645,0.08156174705252894,-0.14016120706156387,0.1541656140012937,-0.17606558834528574,False,False,0.04828573035824608,0.09657146071649216,0.04826494986292256,0.09652989972584512
1185,19.75,False,False,49.822626638853755,50.0,61.77896068990862,49.546732184504286,53.79075061462014,46.98387498929925,74.0,-0.1773733611462447,2.6526576580213868,2.6791842346016006,2.6702696759414746,1.2938621607609453,2.596885204471291,1.292338836291888,1.279911637608084,2.6791842346016006,1.1378853414345043,1.3590166333291471,1.2910303578851654,1.139594313776429,1.361610341162831,2.5031001983781356,2.833608948153512,0.08169870355474718,-0.14031732383165485,0.15442471355191145,-0.17608403622346502,False,False,0.04826494986292256,0.09652989972584512,0.04824430525172799,0.09648861050345597
1190,19.833333333333332,False,False,49.82088473109585,50.0,61.78133069108832,49.54504391457181,53.79203269859848,46.97775266163999,74.0,-0.1791152689041482,2.650652380146014,2.677158903947474,2.668354573265824,1.2942803244180698,2.595786187708261,1.2927690281969832,1.280622689038637,2.677158903947474,1.1384528885655774,1.359879091064565,1.2914601142351332,1.1401497909762428,1.3624579929963465,2.50105662074441,2.8318411814264612,0.08183530395770955,-0.14047289806239416,0.1546822774789871,-0.1761022832030643,False,False,0.04824430525172799,0.09648861050345597,0.04822379522617508,0.09644759045235016
1195,19.916666666666668,False,False,49.81917717781467,50.0,61.78372235991517,49.54338977323831,53.79334085857505,46.97168099923427,74.0,-0.18082282218532697,2.648657073729145,2.6751436444664365,2.6664489010854355,1.294695252029532,2.5946929627152455,1.2931958296290451,1.2813292504084803,2.6751436444664365,1.1390164202015827,1.3607366238284166,1.2918864835294244,1.1407013175294676,1.3633008006583944,2.4990233110550997,2.830081962155914,0.0819715502499141,-0.14062793287901276,0.1549383176894774,-0.17612033341133682,False,False,0.04822379522617508,0.09644759045235016,0.048203418501937066,0.09640683700387413
1200,20.0,False,False,49.81750352529503,50.0,61.78613535217162,49.54176930642573,53.79467470431373,46.96565945065344,74.0,-0.1824964747049691,2.6466717118171665,2.673138428935338,2.6645526366055066,1.2951069846718908,2.593605454770513,1.2936192840700687,1.2820313467636062,2.673138428935338,1.1395759580988223,1.3615892586382932,1.2923095092280619,1.1412489154195564,1.36413879117846,2.497000238027404,2.828331274936277,0.08210744441485374,-0.14078243134404977,0.15519284600093863,-0.17613819090793426,False,False,0.048203418501937066,0.09640683700387413,0.048183173808747405,0.09636634761749481
1205,20.083333333333332,False,False,49.81586332463862,50.0,61.78856932700155,49.54018206557311,53.796033848705584,46.95968746989872,74.0,-0.1841366753613798,2.644696266937245,2.6711432296066175,2.6626657564818403,1.2955155627858421,2.5925235907198894,1.2940394343252617,1.2827290031205758,2.6711432296066175,1.140131524083194,1.3624370225108147,1.2927292340882106,1.1417926065782502,1.3649719914679135,2.4949873699207896,2.8265891037487627,0.08224298834733768,-0.1409363965423256,0.15544587414214517,-0.17615585968582792,False,False,0.048183173808747405,0.09636634761749481,0.04816305989028119,0.09632611978056238
1210,20.166666666666668,False,False,49.81425613175328,50.0,61.79102394691294,49.5386276066185,53.797417908541476,46.953764517028276,74.0,-0.18574386824671762,2.6427307111111324,2.6691580182222436,2.660788236834776,1.2959210261869067,2.591447298937414,1.2944563225345376,1.2834222445106662,2.6691580182222436,1.1406831400113613,1.3632799424241622,1.2931457001934632,1.142332413044073,1.3658004284797944,2.492984674550022,2.824855431975952,0.08237818396912822,-0.14108983146659315,0.15569741375370816,-0.1761733436722217,False,False,0.04816305989028119,0.09632611978056238,0.048143075504113245,0.09628615100822649
1215,20.25,False,False,49.81268150733998,50.0,61.79349887777847,49.53710549020025,53.79882650387706,46.9478900575603,74.0,-0.18731849266001888,2.6407750158688357,2.667182766027524,2.658920053262987,1.2963234140759146,2.5903765092871556,1.294869990183786,1.2841110959651543,2.667182766027524,1.1412308277944636,1.3641180453431268,1.293558949012413,1.1428683568470595,1.3666241290947778,2.490992119298062,2.823130242416214,0.08251303312962355,-0.14124273911809482,0.1559474763886901,-0.17619064672946205,False,False,0.048143075504113245,0.09628615100822649,0.048123219421581064,0.09624643884316213
1220,20.333333333333332,False,False,49.81113901687813,50.0,61.795993788834245,49.53561528216363,53.8002592583719,46.94206356272456,74.0,-0.18886098312187016,2.638829152262139,2.6652174437847607,2.657061180857138,1.2967227650492872,2.589311153086149,1.29528047811592,1.2847955824858854,2.6652174437847607,1.1417746093786088,1.3649513582009045,1.293969021325438,1.143400460028963,1.367443120142615,2.489009671128818,2.8214135172979544,0.0826475376567295,-0.14139512245692254,0.15619607351319376,-0.17620777265594256,False,False,0.048123219421581064,0.09624643884316213,0.048103490427717215,0.09620698085543443
1225,20.416666666666668,False,False,49.80962823060892,50.0,61.79850835267663,49.53415655285024,53.80171579938044,46.9362845094987,74.0,-0.1903717693910778,2.636893090877982,2.663262021786762,2.6552115942133865,1.2971191171091327,2.588251163068419,1.2956878265417164,1.2854757290747056,2.663262021786762,1.1423145067364056,1.3657799078919166,1.294375957327202,1.143928744675907,1.3682574284359756,2.4870372965997682,2.8197052382937295,0.08278169936127,-0.14154698439879865,0.15644321650696735,-0.17622472518699395,False,False,0.048103490427717215,0.09620698085543443,0.04808388732111793,0.09616777464223586
1230,20.5,False,False,49.80814872351721,50.0,61.80104224525753,49.532728877302105,53.803195757711066,46.93055238035667,74.0,-0.19185127648278666,2.634966801851677,2.6613164698701937,2.653371267446749,1.2975125076731429,2.587196473350044,1.296092075050439,1.2861515607187448,2.6613164698701937,1.1428505418733008,1.3666037212793967,1.2947797965387964,1.14445323287586,1.369067080729099,2.4850749618744175,2.8180053865341708,0.08291552001035418,-0.14169832784288472,0.1566889166639771,-0.1762415079957762,False,False,0.04808388732111793,0.09616777464223586,0.048064408913870475,0.09612881782774095
1235,20.583333333333332,False,False,49.806700075311525,50.0,61.80359514587789,49.531331835162234,53.80469876773822,46.924866663325176,74.0,-0.1932999246884748,2.6330502548799797,2.6593807574287793,2.6515401742042943,1.297902973584313,2.5861470193952414,1.2964932626202654,1.2868231023904173,2.6593807574287793,1.143382736818259,1.3674228251872984,1.2951805779102417,1.144973946742225,1.3698721037425314,2.4831226327346205,2.8163139426217736,0.08304900135211413,-0.14184915564819223,0.15693318519299426,-0.1762581246941588,False,False,0.048064408913870475,0.09612881782774095,0.04804505403140728,0.09609010806281457
1240,20.666666666666668,False,False,49.80528187040285,50.0,61.80616673717967,49.529965011792804,53.80622446733376,46.91922685188376,74.0,-0.19471812959714896,2.6311434192339966,2.6574548534263367,2.649718287678197,1.298290551120478,2.5851027379834246,1.2968914276285115,1.2874903789885594,2.6574548534263367,1.1439111136225186,1.3682372464002484,1.2955783397765572,1.1454909083085956,1.3706725240590023,2.481180274592748,2.8146308866444993,0.08318214507044286,-0.14199947067996388,0.15717603321816265,-0.17627457883358888,False,False,0.04804505403140728,0.09609010806281457,0.048025821512437554,0.09605164302487511
1245,20.75,False,False,49.80389369788183,50.0,61.80875670513645,49.52862799574422,53.80777249848348,46.91363244546077,74.0,-0.19610630211816726,2.6292462637719325,2.655538726409652,2.6479055806186236,1.2986752760036735,2.584063567177201,1.2972866078616652,1.2881534154561542,2.655538726409652,1.1444356943279295,1.3690470116330642,1.2959731199016915,1.1460041397699436,1.3714683683657165,2.4792478525036903,2.8129561981892133,0.08331495290956226,-0.1421492756862106,0.15741747177956134,-0.17629087390596165,False,False,0.048025821512437554,0.09605164302487511,0.04800671020880768,0.09601342041761536
1250,20.833333333333332,False,False,49.80253515149456,50.0,61.81136473904251,49.52732038139628,53.80934250596674,46.90808294824708,74.0,-0.19746484850544022,2.6273587569516708,2.6536323445211876,2.646102025346452,1.2990571834093245,2.583029446291297,1.2976788405252322,1.2888122366478911,2.6536323445211876,1.1449565010214542,1.3698521475864067,1.2963649554199492,1.1465136631383934,1.3722596631112034,2.4773253311767123,2.8112898563549558,0.08344742646331227,-0.1422985735094977,0.1576575118337682,-0.1763070133444753,False,False,0.04800671020880768,0.09601342041761536,0.047987718985381185,0.09597543797076237
1255,20.916666666666668,False,False,49.801205829617274,50.0,61.81399053150079,49.526041767342086,53.81093413888849,46.90257787048929,74.0,-0.19879417038272607,2.625480866843192,2.651735675511624,2.6443075937658342,1.2994363079752687,2.5820003158623517,1.298068162253399,1.289466867403744,2.651735675511624,1.1454735557628772,1.3706526808756123,1.2967538829677778,1.1470195005544892,1.3730464348176352,2.4754126749871475,2.809631839766032,0.08357956741389128,-0.14244736684925474,0.1578961642544079,-0.17632300052447647,False,False,0.047987718985381185,0.09597543797076237,0.04796884671994554,0.09593769343989109
1260,21.0,False,False,49.7999053352299,50.0,61.81663377840947,49.52479175690198,53.812547049515615,46.897116727441066,74.0,-0.20009466477009852,2.6236125611408223,2.6498486867522306,2.64252225737659,1.2998126838106132,2.580976117619575,1.2984546091185087,1.2901173325195396,2.6498486867522306,1.1459868806324416,1.3714486380794337,1.2971399385666247,1.147521674061192,1.373828709855863,2.4735098479879225,2.8079821265849336,0.08371137733632339,-0.14259565845834765,0.158133439832703,-0.17633883876430811,False,False,0.04796884671994554,0.09593769343989109,0.047950092303097165,0.09590018460619433
1265,21.083333333333332,False,False,49.79863327588821,50.0,61.8192941789473,49.52356995772668,53.814180893977145,46.89169903993477,74.0,-0.2013667241117929,2.6217538071753115,2.647971345247065,2.640745987286428,1.3001863445044364,2.5799567944562254,1.2988382166403754,1.2907636567616738,2.647971345247065,1.1464964976956291,1.3722400457059052,1.2975231576815078,1.1480202057562305,1.3746065145987714,2.4716168139209325,2.8063406945250775,0.08384285783709755,-0.14274345100544328,0.15836934927801272,-0.17635453132613232,False,False,0.047950092303097165,0.09590018460619433,0.04793145463808583,0.09586290927617167
1270,21.166666666666668,False,False,49.79738926369513,50.0,61.821971435558254,49.52237598231309,53.81583533170952,46.88632433386356,74.0,-0.20261073630486948,2.619904571925741,2.6461036176449984,2.6389787542230048,1.3005573231343255,2.5789422904018915,1.299219019795419,1.2914058648376796,2.6461036176449984,1.1470024290238199,1.3730269302140508,1.2979035752795882,1.148515117657929,1.3753798752880986,2.469733536228234,2.80470752086337,0.08397401045041897,-0.1428907471797507,0.15860390321837148,-0.17637008141676436,False,False,0.04793145463808583,0.09586290927617167,0.04791293264072471,0.09582586528144942
1275,21.25,False,False,49.79617291527115,50.0,61.824665253934604,49.52120944760955,53.81751002596864,46.88099214059074,74.0,-0.20382708472885014,2.6180648220312603,2.644245470251573,2.637220528545802,1.3009256522747699,2.5779325505955417,1.299597053025633,1.2920439814109432,2.644245470251573,1.1475046966675329,1.3738093179881643,1.298281225756955,1.149006431804547,1.376148818134746,2.4678599780630983,2.8030825824525945,0.08410483672380287,-0.14303754960639625,0.15883711220102148,-0.17638549218847466,False,False,0.04791293264072471,0.09582586528144942,0.047894525239269625,0.09578905047853925
1280,21.333333333333332,False,False,49.79498385172359,50.0,61.82737534299948,49.52006997523005,53.81920464347202,46.87570199660413,74.0,-0.2050161482764068,2.616234523802649,2.6423968690406756,2.635471280257846,1.3012913640054005,2.576927521259322,1.299972350247396,1.2926780310859887,2.6423968690406756,1.1480033226684254,1.3745872353508244,1.2986561429971972,1.1494941701734307,1.3769133692388738,2.465996102300864,2.801465855733612,0.08423533815288509,-0.14318386091255797,0.15906898669293623,-0.17640076673981175,False,False,0.047894525239269625,0.09578905047853925,0.04787623137427747,0.09575246274855494
1285,21.416666666666668,False,False,49.79382169861523,50.0,61.830101414888254,49.518957191061915,53.82091885466673,46.87045344371478,74.0,-0.20617830138476734,2.6144136432337057,2.6405577796660427,2.633730979017238,1.3016544899190836,2.575927149673078,1.3003449448601168,1.2933080384231925,2.6405577796660427,1.1484983290434871,1.3753607085480737,1.2990283603567605,1.1499783547495859,1.3776735546594072,2.464141871549659,2.7998573167473917,0.08436551623621469,-0.14332968367360666,0.15929953708134903,-0.17641590811638386,False,False,0.04787623137427747,0.09575246274855494,0.047858049998500664,0.09571609999700133
1290,21.5,False,False,49.792686085931955,50.0,61.832843184929295,49.51787072517882,53.82265233340584,46.86524602874245,74.0,-0.20731391406804534,2.6126021460124598,2.638728167472584,2.6319995941485255,1.3020150611298726,2.574931384149577,1.30071486975473,1.2939340279387852,2.638728167472584,1.1489897377956153,1.376129763760972,1.2993979107088762,1.150459007485301,1.3784294003745614,2.462297248160926,2.798256941146853,0.0844953724357762,-0.14347502045348426,0.159528773674269,-0.17643091931165822,False,False,0.047858049998500664,0.09571609999700133,0.04783998007674478,0.09567996015348956
1295,21.583333333333332,False,False,49.791576648049926,50.0,61.83560037162373,49.51681021236182,53.824404756991974,46.86007930352074,74.0,-0.20842335195007422,2.6107999975322147,2.636907997507537,2.6302770946538896,1.30237310828082,2.573940174010403,1.301082157322035,1.2945560240754186,2.636907997507537,1.149477570907905,1.3768944271008317,1.2997648263996326,1.1509361502773738,1.379180932259969,2.4604621942397995,2.79666470420853,0.08462490818455048,-0.14361987379804475,0.15975670670099307,-0.1764458032677374,False,False,0.04783998007674478,0.09567996015348956,0.04782202058577528,0.09564404117155056
1300,21.666666666666668,False,False,49.79049302370171,50.0,61.838372696624695,49.51577529231787,53.8261758063907,46.85495282504995,74.0,-0.20950697629829307,2.6090071629024107,2.6350972345314347,2.6285634492241647,1.3027286615516531,2.572953469562511,1.3014468394608925,1.2951740511874505,2.6350972345314347,1.14996185033042,1.377654724596927,1.300129139306546,1.1514098049568615,1.379928176079289,2.458636671655303,2.7950805808440564,0.08475412489183842,-0.14376424623058903,0.15998334631262168,-0.17646056287613154,False,False,0.04782202058577528,0.09564404117155056,0.0478041705141412,0.0956083410282824
1305,21.75,False,False,49.789434855942176,50.0,61.84115988471568,49.5147656077749,53.827965166358354,46.849866155576464,74.0,-0.21056514405782423,2.607223606959314,2.6332958430289075,2.62685862624968,1.3030817506663142,2.5719712220754136,1.3018089475862678,1.2957881336292394,2.6332958430289075,1.1504425979708153,1.3784106821880189,1.3004908807946323,1.1518799934302753,1.380671157626263,2.4568206420503906,2.7935045456114693,0.08488302399702352,-0.14390814019896414,0.1602087025825618,-0.17647520097851688,False,False,0.0478041705141412,0.0956083410282824,0.047786428862108626,0.09557285772421725
1310,21.833333333333332,False,False,49.78840179211354,50.0,61.843961663788484,49.51378080682754,53.82977252450408,46.84481886174769,74.0,-0.21159820788646044,2.6054492942765313,2.631503787219297,2.6251625938309298,1.3034324049003725,2.570993383758978,1.3021685126371385,1.2963982956374185,2.631503787219297,1.1509198357325008,1.3791623257614143,1.300850081789622,1.152346737415979,1.3814099024619488,2.4550140668517986,2.7919365727263283,0.08501160682453035,-0.14405155822143945,0.16043278550703155,-0.17648972036749822,False,False,0.047786428862108626,0.09557285772421725,0.04776879464148988,0.09553758928297976
1315,21.916666666666668,False,False,49.78739348380993,50.0,61.84677776482036,49.51282054194489,53.83159757254912,46.83981051567424,74.0,-0.2126065161900712,2.603684189175351,2.6297210310671044,2.6234753197890637,1.3037806530883065,2.570019907741825,1.302525565084263,1.2970045613750427,2.6297210310671044,1.1513935854549646,1.3799096810941713,1.301206772734031,1.1528100586637533,1.382144436135096,2.4532169072797636,2.7903766360726694,0.08513987476005336,-0.14419450271128942,0.16065560500556497,-0.17650412378734082,False,False,0.04776879464148988,0.09553758928297976,0.04775126687553163,0.09550253375106325
1320,22.0,False,False,49.7864095868416,50.0,61.8496079218508,49.51188446867716,53.833440005570836,46.83484069424424,74.0,-0.21359041315839988,2.6019282557349075,2.627947538292257,2.6217967716762165,1.3041265236306583,2.5690507480502953,1.302880134937808,1.2976069549904514,2.627947538292257,1.1518638689439313,1.380652773884096,1.3015609835871602,1.1532699789179583,1.3828747841461186,2.451429124357538,2.7888247092137513,0.08526782915566722,-0.14433697607249307,0.16087717092149445,-0.17651841393471868,False,False,0.04775126687553163,0.09550253375106325,0.04773384459880145,0.0954676891976029
1325,22.083333333333332,False,False,49.78544976119859,50.0,61.852451871957776,49.510972247700295,53.835299521676674,46.829908978810906,74.0,-0.214550238801408,2.600181457802176,2.6261832723801977,2.6201269167856447,1.304470044501072,2.5680858595879763,1.303232251754847,1.2982055005142594,2.6261832723801977,1.1523307079824179,1.381391629761654,1.3019127438836677,1.1537265197794773,1.3836009718098157,2.449650678920768,2.7872807654026617,0.08539547129555625,-0.14447898073478216,0.161097493022464,-0.1765325934594295,False,False,0.04773384459880145,0.0954676891976029,0.047716526857047116,0.09543305371409423
1330,22.166666666666668,False,False,49.78451367101394,50.0,61.85530935523351,49.510083543828024,53.83717582283368,46.825014955883496,74.0,-0.21548632898606002,2.598443759001789,2.624428196591807,2.618465722161715,1.3048112432532002,2.5671251981157717,1.3035819446467316,1.2988002219035026,2.624428196591807,1.1527941242903574,1.382126274250403,1.3022620827189257,1.154179702852805,1.3843230244032303,2.4478815316266838,2.785744777592711,0.08552280249972766,-0.14462051905069773,0.16131658100090407,-0.17654666496512306,False,False,0.047716526857047116,0.09543305371409423,0.04769931270706388,0.09539862541412776
1335,22.25,False,False,49.78360098452673,50.0,61.858180114759826,49.509218025632116,53.83906861432939,46.820158216631356,74.0,-0.21639901547327156,2.596715122745685,2.6226822739731417,2.616813154609697,1.3051501470275066,2.566168720232485,1.3039292422863265,1.299391143056355,2.6226822739731417,1.1532541395452465,1.3828567327884456,1.302609028734378,1.1546295496831156,1.385040967103472,2.446121642963143,2.784216718447664,0.08564982404711707,-0.14476159337323935,0.16153444447452214,-0.17656063100999875,False,False,0.04769931270706388,0.09539862541412776,0.04768220121659501,0.09536440243319003
1340,22.333333333333332,False,False,49.78271137404461,50.0,61.86106389658325,49.50837536627661,53.84097760479437,46.81533835687553,74.0,-0.21728862595539056,2.594995512242583,2.6209454673650088,2.6151691807054034,1.3054867825579393,2.565216383355921,1.304274172915128,1.2999782877679809,2.6209454673650088,1.153710775377831,1.3835830307249035,1.3029536101175383,1.1550760817239851,1.3857548249561698,2.4443709732574908,2.7826965603518032,0.0857765371881889,-0.14490220604399573,0.16175109298679446,-0.17657449410751802,False,False,0.04768220121659501,0.09536440243319003,0.04766519146417678,0.09533038292835357
1345,22.416666666666668,False,False,49.78184451590628,50.0,61.863960449689586,49.50755524192793,53.842902506437646,46.81055497726576,74.0,-0.21815548409372099,2.593284890507289,2.619217739412362,2.6135337668046468,1.3058211761785006,2.5642681457044674,1.3046167643502538,1.3005616798041137,2.619217739412362,1.1541640533583415,1.3843051933069226,1.3032958546898499,1.155519320468757,1.3864646230075648,2.4426294826852812,2.781184275419801,0.08590294320345104,-0.1450423593353567,0.16196653600743893,-0.17658825672708067,False,False,0.04766519146417678,0.09533038292835357,0.04764828253904568,0.09529656507809137
1350,22.5,False,False,49.781000090443406,50.0,61.86686952597842,49.50675733410695,53.84484303427673,46.80580768258616,74.0,-0.21899990955659376,2.5915832203698312,2.6174990525735295,2.6119068790525413,1.3061533538296988,2.563323966279159,1.3049570439913192,1.3011413427833305,2.6174990525735295,1.1546139950276115,1.3850232457115423,1.3036357897895414,1.1559592871927262,1.3871703860473965,2.440897131278808,2.7796798355064265,0.08602904326406602,-0.14518205559060426,0.16218078293289695,-0.17660192129472163,False,False,0.04764828253904568,0.09529656507809137,0.04763147354097216,0.09526294708194433
1355,22.583333333333332,False,False,49.780177781942626,50.0,61.86979088023715,49.5059813271922,53.84679890740838,46.80109608283054,74.0,-0.21982221805737368,2.589890464484428,2.615789369129272,2.610288483392617,1.3064833410648975,2.562383804846199,1.3052950388271916,1.3017173002947766,2.615789369129272,1.1550606218372519,1.3857372129866126,1.3039734424180551,1.1563960032828038,1.38787213893926,2.439173878935502,2.778183212216086,0.08615483864448348,-0.14532129701197283,0.16239384308681393,-0.17661549019377,False,False,0.04763147354097216,0.09526294708194433,0.04761476358017349,0.09522952716034698
1360,22.666666666666668,False,False,49.77937727860727,50.0,61.87272427011485,49.5052269104707,53.84876984753634,46.796419791900384,74.0,-0.2206227213927292,2.5882065853382876,2.6140886511916706,2.6086785455757937,1.3068111630565518,2.5614476219199314,1.3056307754426293,1.3022895757951574,2.6140886511916706,1.1555039552121897,1.3864471201140518,1.3043088390936193,1.1568294898878548,1.3885699062716221,2.4374596854261434,2.776694376912176,0.08628033047646477,-0.14546008590730253,0.16260572572050558,-0.1766289657655271,False,False,0.04761476358017349,0.09522952716034698,0.0475981517771789,0.0951963035543578
1365,22.75,False,False,49.7785982725189,50.0,61.87566945609605,49.504493775947516,53.85075558035402,46.79177842877787,74.0,-0.22140172748110132,2.586531545260245,2.612396860712847,2.60707703116916,1.3071368446023428,2.5605153787462402,1.3059642800248115,1.3028581927117466,2.612396860712847,1.1559440164859458,1.3871529919458352,1.3046420060123183,1.1572597682787693,1.389263712718554,2.435754510402937,2.775213300726282,0.08640552000680746,-0.14559842443297732,0.16281644001343487,-0.17664235030991016,False,False,0.0475981517771789,0.0951963035543578,0.047581637262699386,0.09516327452539877
1370,22.833333333333332,False,False,49.777840459598714,50.0,61.878626201474255,49.50378162039817,53.85275583399482,46.78717161615814,74.0,-0.22215954040128594,2.5848653064292297,2.610713959493522,2.6054839055646095,1.3074604101312095,2.5595870372863745,1.3062955783697539,1.3034231743393776,2.610713959493522,1.1563808269667373,1.3878548532707897,1.3049729689163088,1.1576868594812622,1.389953582673182,2.4340583134074145,2.7737399545672035,0.08653040833380432,-0.14573631485811545,0.16302599507368143,-0.1766556460861075,False,False,0.047581637262699386,0.09516327452539877,0.047565219177505495,0.09513043835501099
1375,22.916666666666668,False,False,49.77710353956898,50.0,61.88159427232523,49.503090144089676,53.85477034051033,46.78259898170573,74.0,-0.2228964604310235,2.5832078308825768,2.6090399091914027,2.603899133987309,1.3077818837092785,2.558662560201179,1.3066246958886174,1.3039845438993054,2.6090399091914027,1.1568144078685894,1.3885527287463824,1.3053017532109608,1.1581107845780962,1.3906395405505436,2.432371053878192,2.7722743091298048,0.08665499665123821,-0.14587375932120916,0.16323439993840205,-0.17666885531321075,False,False,0.047565219177505495,0.09513043835501099,0.04754889667231696,0.09509779334463392
1380,23.0,False,False,49.77638721591432,50.0,61.88457343748028,49.50241905132014,53.85679883477717,46.77806015708327,74.0,-0.22361278408568097,2.581559080524169,2.607374671329411,2.602322681503998,1.3081012890456951,2.5577419108357176,1.306951657613912,1.3045423245097756,2.607374671329411,1.1572447803571806,1.3892466429452388,1.3056283838916443,1.1585315644886514,1.3913216105677861,2.4306926911585602,2.7708163349037123,0.08677928605801055,-0.14601076002112423,0.16344166357430145,-0.17668198017085057,False,False,0.04754889667231696,0.09509779334463392,0.04753266890767801,0.09506533781535602
1385,23.083333333333332,False,False,49.77569119584287,50.0,61.887563468499465,49.50176804944572,53.85884105519199,46.773554778530254,74.0,-0.2243088041571326,2.579919017132426,2.60571820730375,2.600754513031136,1.3084186494983576,2.5568250532042827,1.3072764882055943,1.3050965392301714,2.60571820730375,1.15767196551598,1.3899366203219183,1.3059528856023008,1.1589492201637297,1.3919998169395735,2.4290231845039396,2.769366002181843,0.0869032777094021,-0.14614731906644174,0.16364779487809278,-0.17669502279981053,False,False,0.04753266890767801,0.09506533781535602,0.047516535053814805,0.09503307010762961
1390,23.166666666666668,False,False,49.77501519024773,50.0,61.8905641396446,49.501136850330525,53.86089674283116,46.769082486111884,74.0,-0.22498480975227153,2.578287602368131,2.604070478391812,2.599194593342891,1.3087339880795559,2.555911951975779,1.3075992119570594,1.3056472109874357,2.604070478391812,1.1580959843809258,1.3906226852482446,1.306275282591514,1.1593637723591905,1.392674183652326,2.427362493089167,2.767923281068768,0.08702697266489023,-0.14628343862824522,0.1638528026769559,-0.1767079853026452,False,False,0.047516535053814805,0.09503307010762961,0.04750049429056866,0.09500098858113731
1395,23.25,False,False,49.774358913667996,50.0,61.893575227852374,49.50052516937563,53.86296564244229,46.76464292455514,74.0,-0.2256410863320042,2.576664797782099,2.6024314457599202,2.597642887078967,1.3090473274615158,2.5550025724594634,1.3079198528010447,1.3061943626202175,2.6024314457599202,1.158516857893423,1.3913048619669166,1.3065955988003681,1.159775241834204,1.3933447346630543,2.425710576015635,2.7664881414889138,0.08715037204283682,-0.1464191207860135,0.1640566957289935,-0.17672086974428547,False,False,0.04750049429056866,0.09500098858113731,0.04748454580721046,0.09496909161442092
1400,23.333333333333332,False,False,49.77372208425022,50.0,61.896596512707305,49.499932724549815,53.865047501674276,46.760235742559686,74.0,-0.22627791574978318,2.575050564822698,2.600801070470925,2.5960993587522743,1.3093586899818532,2.5540968805910333,1.3082384343154168,1.3067380169230183,2.600801070470925,1.1589346069319797,1.3919831746237614,1.3069138577453032,1.160183649304249,1.394011493852933,2.4240673923182996,2.7650605531946177,0.08727347692991483,-0.14655436761876928,0.16425948272369295,-0.1767336781526252,False,False,0.04748454580721046,0.09496909161442092,0.04746868880238161,0.09493737760476322
1405,23.416666666666668,False,False,49.77310442370959,50.0,61.899627776414704,49.499359239052744,53.867142070870166,46.7558605925966,74.0,-0.2268955762904099,2.5734448648432062,2.5991793134916383,2.5945639727564584,1.309668097648936,2.553194842919068,1.3085549797288814,1.307278196513753,2.5991793134916383,1.1593492523187956,1.3926576472749244,1.307230082664546,1.1605890152637852,1.394674484850535,2.42243290097252,2.7636404857740153,0.08739628833678204,-0.14668918124996777,0.164461172282377,-0.1767464125191185,False,False,0.04746868880238161,0.09493737760476322,0.047452922483933686,0.09490584496786737
1410,23.5,False,False,49.77250565729153,50.0,61.90266880377379,49.49880443792699,53.86924910419543,46.7515171318637,74.0,-0.2274943427084679,2.5718476591090234,2.5975661357001134,2.593036693373268,1.3099755721471602,2.552296426591782,1.308869511926581,1.3078149239956203,2.5975661357001134,1.1597608147667797,1.3933283038344701,1.3075442964009654,1.1609913603375435,1.3953337313836678,2.4208070609007555,2.762227908658761,0.08751880738804751,-0.1468235636580768,0.16466177295864748,-0.17675907479935793,False,False,0.047452922483933686,0.09490584496786737,0.047437246068853516,0.09487449213770703
1415,23.583333333333332,False,False,49.771925513733,50.0,61.90571938215064,49.498268051327926,53.87136835789545,46.74720502075606,74.0,-0.22807448626699767,2.570258908804733,2.5959614978927807,2.591517484779758,1.3102811348421344,2.5514015993441146,1.309182053455611,1.3083482217952316,2.5959614978927807,1.1601693149547627,1.3939951681501672,1.30785652148993,1.1613907048278265,1.3959892568272179,2.4191898309791475,2.7608227911316345,0.08764103503198628,-0.1469575169674051,0.1648612932388538,-0.17677166691363322,False,False,0.047437246068853516,0.09487449213770703,0.047421658783103386,0.09484331756620677
1420,23.666666666666668,False,False,49.77136372522424,50.0,61.90877930145132,49.49774981174372,53.873499592259236,46.74292392454488,74.0,-0.22863627477575932,2.5686785750410146,2.594365360791425,2.590006311055391,1.310584806785784,2.5505103294851197,1.3094926265304412,1.3088781122950515,2.594365360791425,1.1605747734373033,1.394658263913863,1.308166780100737,1.1617870691795429,1.3966410846687083,2.4175811700439094,2.7594251023339424,0.08776297237365682,-0.14709104311550858,0.16505974154251746,-0.1767841907475156,False,False,0.047421658783103386,0.09484331756620677,0.047406159861548704,0.09481231972309741
1425,23.75,False,False,49.77082002737042,50.0,61.91184835409496,49.497249455451765,53.87564256969711,46.73867351169324,74.0,-0.22917997262958067,2.5671066188614065,2.5927776850500206,2.588503136188926,1.310886608721368,2.549622585885668,1.3098012530382461,1.3094046177598193,2.5927776850500206,1.160977210728039,1.3953176147453865,1.3084750941391121,1.1621804735978256,1.3972892381264368,2.4159810368976307,2.758034811272817,0.08788462036661748,-0.1472241441619937,0.1652571262227962,-0.17679664815238993,False,False,0.047406159861548704,0.09481231972309741,0.04739074854781714,0.09478149709563428
1430,23.833333333333332,False,False,49.77029415915354,50.0,61.91492633498712,49.4967667224634,53.877797056060565,46.734453454978585,74.0,-0.2297058408464565,2.5655430012489298,2.591198431261419,2.5870079240852237,1.3111865610884132,2.5487383379664306,1.3101079545441465,1.30992776033655,2.591198431261419,1.1613766472383245,1.3959732441317183,1.3087814851154236,1.16257093826847,1.397933740370418,2.4143893903154,2.756651886828338,0.08800598003386795,-0.1473568220680801,0.16545345556691915,-0.176809040946019,False,False,0.04739074854781714,0.09478149709563428,0.04737542409420183,0.09475084818840367
1435,23.916666666666668,False,False,49.76978586289442,50.0,61.91801304149292,49.496301354958035,53.879962820025206,46.7302634309388,74.0,-0.2302141371055768,2.563987683132566,2.589627559963892,2.585520638571869,1.3114846840275731,2.5478575556861665,1.3104127522963698,1.3104475621281109,2.589627559963892,1.1617731033023908,1.3966251754526875,1.309085974261825,1.1629584833435165,1.3985746145084625,2.412806189050819,2.75527629776052,0.08812705238035168,-0.14748907878459439,0.16564873779662825,-0.17682137091307304,False,False,0.04737542409420183,0.09475084818840367,0.04736018576153946,0.09472037152307893
1440,24.0,False,False,49.76929488421492,50.0,61.92110827341053,49.495853099951276,53.882139632711606,46.72610311952515,74.0,-0.2307051157850779,2.562440625393594,2.5880650316475298,2.5840412434056694,1.3117809973853978,2.5469802095302656,1.3107156672313174,1.3109640450607822,2.5880650316475298,1.1621665991919499,1.3972734319960878,1.3093885824883273,1.163343128745165,1.3992118833905796,2.411231391841863,2.7539080127161544,0.08824783832979732,-0.14762091631561725,0.1658429810686246,-0.1768336398056669,False,False,0.04736018576153946,0.09472037152307893,0.0473450328191158,0.0946900656382316
1445,24.083333333333332,False,False,49.768820972000306,50.0,61.92421183294478,49.4954217068241,53.88432726885379,46.72197220509383,74.0,-0.23117902799969414,2.560901788871788,2.586510806760506,2.5825697022790086,1.3120755207190329,2.5461062704995783,1.311016719978556,1.3114772310019818,2.586510806760506,1.1625571550616984,1.3979180369036972,1.309689330426727,1.1637248944599663,1.399845569903639,2.4096649574166333,2.752547000235505,0.08836833890165718,-0.14775233654201547,0.16603619347499876,-0.1768458493438727,False,False,0.0473450328191158,0.0946900656382316,0.04732996454454637,0.09465992908909274
1450,24.166666666666668,False,False,49.76836387836172,50.0,61.92732352468066,49.495006928481146,53.88652550546159,46.71787037523048,74.0,-0.23163612163828162,2.559371134371481,2.584964845715196,2.581105978826069,1.3123682733008395,2.545235710099499,1.3113159308657232,1.311987141701402,2.584964845715196,1.1629447910068205,1.3985590132292702,1.3099882383720343,1.1641038002778281,1.4004756967108511,2.4081068444989415,2.751193228758868,0.08848855500944919,-0.14788334142357384,0.16622838304367216,-0.1768580012162544,False,False,0.04732996454454637,0.09465992908909274,0.04731498022365997,0.09462996044731994
1455,24.25,False,False,49.767923358599084,50.0,61.93044315555723,49.4946085206961,53.888734122697116,46.71379732148984,74.0,-0.23207664140091566,2.557848622667489,2.583427108894164,2.579650036628905,1.312659274122939,2.5443685003293086,1.3116133199233522,1.3124937988204421,2.583427108894164,1.1633295270216197,1.3991963838976584,1.3102853263264025,1.1644798659877171,1.401102286447916,2.406557011813809,2.7498466666329957,0.08860848762747375,-0.14801393283272501,0.16641955773883188,-0.17687009708035495,False,False,0.04731498022365997,0.09462996044731994,0.047300079150422884,0.09460015830084577
1460,24.333333333333332,False,False,49.767499171163934,50.0,61.9335705348415,49.494226242667175,53.890952903152275,46.70975273875294,74.0,-0.23250082883606638,2.556334214510902,2.581897556656011,2.5782018392234023,1.3129485419016815,2.543504613671763,1.31190890688962,1.3129972239027758,2.581897556656011,1.16371138302964,1.3998301717354094,1.3105806140137704,1.1648531112189007,1.4017253615647234,2.405015418092798,2.748507282117369,0.08872813766194754,-0.14814411268387517,0.16660972546135788,-0.17688213856321333,False,False,0.047300079150422884,0.09460015830084577,0.04728526062679383,0.09457052125358766
1465,24.416666666666668,False,False,49.76709107762272,50.0,61.93670547410254,49.4938598569688,53.89318163243048,46.705736325712316,74.0,-0.2329089223772769,2.5548278706347483,2.5803761493410957,2.5767613501050834,1.3132360950820454,2.542644023082921,1.3122027112150143,1.313497438374352,2.5803761493410957,1.1640903788555454,1.400460399443123,1.3108741208652193,1.1652235555322787,1.402344944417112,2.4034820220792463,2.7471750433903583,0.08884750604276004,-0.14827388284207332,0.16679889404926262,-0.1768941272618494,False,False,0.04728526062679383,0.09457052125358766,0.047270523962656956,0.09454104792531391
1470,24.5,False,False,49.76669884262019,50.0,61.93984778718573,49.49350912859805,53.895420098889545,46.70174778463258,74.0,-0.23330115737981316,2.5533295517595227,2.578862847277118,2.5753285327348023,1.3135219518419612,2.5417867019822102,1.312494752066928,1.3139944635875418,2.578862847277118,1.164466534234528,1.401087089605297,1.3111658660336163,1.1655912184352635,1.4029610572821882,2.4019567825333654,2.7458499185552285,0.08896659369464643,-0.14840324515227832,0.16698707127811074,-0.17690606474375237,False,False,0.047270523962656956,0.09454104792531391,0.04725586847569106,0.09451173695138212
1475,24.583333333333332,False,False,49.766322233843056,50.0,61.94299729018723,49.493173826136996,53.89766809331883,46.69778682105402,74.0,-0.23367776615694424,2.5518392185985928,2.5773576107845786,2.573903350544297,1.3138061300965673,2.540932624242718,1.312785048334175,1.3144883207622753,2.5773576107845786,1.164839868824701,1.4017102647031847,1.311455868378971,1.16595611928216,1.4035737222591205,2.400439658237217,2.7445318756460333,0.08908540149684518,-0.14853220148011537,0.1671742648614547,-0.17691795254736142,False,False,0.04725586847569106,0.09451173695138212,0.047241293491284905,0.09448258698256981
1480,24.666666666666668,False,False,49.76596102198395,50.0,61.946153801428565,49.492853721103145,53.89992540945101,46.69385314421823,74.0,-0.2340389780160521,2.550356831863474,2.575860400182109,2.5724857669416252,1.3140886475023963,2.5400817641817084,1.3130736186314358,1.3149790310154732,2.575860400182109,1.1652104021822225,1.402329947090357,1.311744146497722,1.1663182773766894,1.4041829613720804,2.398930607999576,2.743220882633363,0.08920393035660723,-0.14866075363878384,0.167360482451254,-0.1769297921825328,False,False,0.047241293491284905,0.09448258698256981,0.04722679834242563,0.09445359668485126
1485,24.75,False,False,49.76561498070562,50.0,61.94931714143143,49.49254858760303,53.90219184355278,46.689946466697876,74.0,-0.23438501929437905,2.5488823522689845,2.5743711757916743,2.5710757453164694,1.3143695214614923,2.539234096551351,1.3133604813036244,1.3154666153757626,2.5743711757916743,1.1655781537776373,1.402946159009469,1.3120307187227356,1.1666777119350977,1.4047887965337493,2.397429590660664,2.7419169074299763,0.08932218115798674,-0.14878890344066487,0.167545731638302,-0.1769415851310101,False,False,0.04722679834242563,0.09445359668485126,0.0472123823696135,0.094424764739227
1490,24.833333333333332,False,False,49.765283886605324,50.0,61.95248713289267,49.492258203194794,53.90446719438224,46.68606650434365,74.0,-0.23471611339467557,2.5474157405382782,2.572889897943661,2.5696732490453202,1.3146487691254625,2.5383895965296595,1.3136456544301938,1.3159510947393303,2.572889897943661,1.1659431429958627,1.4035589225926706,1.3123156031086638,1.1670344420391254,1.4053912494986907,2.395936565096785,2.7406199178963107,0.0894401547593604,-0.14891665270020482,0.16773001995264947,-0.17695333284687598,False,False,0.0472123823696135,0.094424764739227,0.047198044920740805,0.09439608984148161
1495,24.916666666666668,False,False,49.764967519179606,50.0,61.95566360065954,49.49198234824155,53.906751263516284,46.68221297655138,74.0,-0.23503248082039363,2.545956957407754,2.571416526981831,2.568278241496548,1.3149264073994615,2.5375482397116427,1.3139291558293626,1.316432489899353,2.571416526981831,1.1663053891196726,1.4041682598455012,1.3125988174758731,1.1673884867081776,1.4059903419359008,2.394451490224821,2.739329881845849,0.08955785203654787,-0.14904400319117528,0.1679133548640177,-0.17696503675701036,False,False,0.047198044920740805,0.09439608984148161,0.04718378535101939,0.09436757070203879
1500,25.0,True,False,49.76448604689356,50.0,61.96168521338238,49.49154133774634,53.90903780510888,46.67838038023326,74.0,-0.23551395310644097,2.54450596363185,2.5699510232681684,2.566890686035335,1.3150519865806827,2.536710002100642,1.3142197232272081,1.316919571264889,2.5699510232681684,1.1666651819033906,1.404774463220996,1.3128890906702964,1.167753342224317,1.4065995727541891,2.3929743250066453,2.738046767050399,0.08968000148930022,-0.14916622904057197,0.16809574378223058,-0.17697669826152307,False,False,0.0,0.09436757070203879,0.04714435694272091,0.09428871388544181
1505,25.083333333333332,True,False,49.764298026106864,50.0,61.97323175554851,49.49139338960932,53.91125077376652,46.67450312253323,74.0,-0.23570197389313563,2.543061488420335,2.5684921033045383,2.565510546028522,1.3148836064137381,2.5358742851415625,1.314495284391687,1.3173904049772227,2.5684921033045383,1.1670265505901585,1.4053815646373404,1.3131643728366271,1.1680873874889892,1.4071773234592682,2.3915030548725325,2.73676856766435,0.08978691848204545,-0.1493030174882335,0.16827646435981158,-0.1769890484320058,False,False,0.0,0.09428871388544181,0.047167941500449694,0.09433588300089939
1510,25.166666666666668,True,False,49.766392935897755,50.0,61.99005959161922,49.4935263091824,53.91367746319681,46.67082881189834,74.0,-0.23360706410224452,2.5416254482709473,2.5670417027536567,2.564135811268441,1.3144339312004725,2.5350414090887545,1.3146591361480628,1.3177474381021876,2.5670417027536567,1.1673753318774682,1.4059754034437988,1.3133280587000173,1.168264468117477,1.4075974422485815,2.3900418716546343,2.735499484159003,0.08985000414639388,-0.14948296998471067,0.16845778140534629,-0.1769998310990224,False,False,0.0,0.09433588300089939,0.04747366266372772,0.09494732532745544
1515,25.25,True,False,49.772146278389926,50.0,62.011860083621265,49.49931405111999,53.91737858024642,46.66827100968208,74.0,-0.22785372161007444,2.540213334618075,2.565615467964256,2.5627706779068187,1.313715159021467,2.5342194885626728,1.3146419062645351,1.317918680658013,2.565615467964256,1.1676570022777029,1.4065014587816318,1.3133108462614929,1.1682470643734617,1.4078224119462128,2.3886133616597065,2.7342621113961245,0.08990373128819984,-0.14967161628455128,0.16864664343186853,-0.1770021063045495,False,False,0.0,0.09494732532745544,0.04799237760248741,0.09598475520497482
1520,25.333333333333332,True,False,49.78214522713632,50.0,62.03823196988063,49.509342648644704,53.92328609162344,46.66763138234521,74.0,-0.2178547728636815,2.538849548674257,2.5642380441609998,2.5614377365279157,1.3127390383197963,2.533427105287961,1.31440920790275,1.3178677391694238,2.5642380441609998,1.1678215984994285,1.4069097699657676,1.3130783834922568,1.1680013955473338,1.4078184543815557,2.387243898448113,2.7330828314077915,0.08995071521213194,-0.14986634362208995,0.16884478724679175,-0.17699414571288674,False,False,0.0,0.09598475520497482,0.04862526204294951,0.09725052408589901
1525,25.416666666666668,True,False,49.79651686584167,50.0,62.06872707655002,49.52373834458501,53.932123976262154,46.669531531570364,74.0,-0.20348313415833275,2.537561718819995,2.562937336008195,2.560163364927952,1.3115168839001496,2.5326886877193586,1.3139471954991526,1.3175796677862037,2.562937336008195,1.1678278381447755,1.4071590571825376,1.3126168388741009,1.1675242468384515,1.4075823572719104,2.3859618632175694,2.7319900337809444,0.09000268948570667,-0.15005542094775226,0.16905269777274956,-0.17697547279062542,False,False,0.0,0.09725052408589901,0.04931291576631303,0.09862583153262607
1530,25.5,True,False,49.81516174620011,50.0,62.1028902835483,49.54240104696509,53.94427888860984,46.67430181485158,74.0,-0.18483825379988872,2.5363774728510777,2.5617412475795884,2.558975948499257,1.3100595923638807,2.532030483252926,1.3132525093346703,1.317050624906342,2.5617412475795884,1.1676501192588427,1.407223721039452,1.3119228560720786,1.166811585799901,1.4071100906675824,2.3847938345040247,2.731010305359087,0.09005946576124035,-0.15023903910644099,0.1692690577794984,-0.17694741307556372,False,False,0.0,0.09862583153262607,0.05002483694797489,0.10004967389594978
1535,25.583333333333332,True,False,49.837876709271754,50.0,62.14028109216987,49.565127091566495,53.95993399157157,46.682096989102526,74.0,-0.16212329072824616,2.5353229236949857,2.5606761529319355,2.557902069931556,1.3083776569998256,2.5314783752561985,1.312327000479658,1.3162823671044772,2.5606761529319355,1.1672725071591785,1.407087829395026,1.3109982842896444,1.1658683434618975,1.4064065880756123,2.3837647203642796,2.7301685624257113,0.09012422097113504,-0.15041402364257972,0.16949240949377575,-0.17691143256765596,False,False,0.0,0.10004967389594978,0.05074584296300918,0.10149168592601836
1540,25.666666666666668,True,False,49.864414419935635,50.0,62.18048359461242,49.59166874063281,53.97910841286403,46.69293041200174,74.0,-0.13558558006436527,2.5344220463773723,2.5597662668411463,2.5569666413949954,1.3064811821500253,2.5310568607840183,1.3111751565039866,1.3152795388229335,2.5597662668411463,1.1666872330549198,1.4067436159782627,1.3098476065423257,1.1646986638995915,1.4054759960279068,2.3828969376500195,2.729487229979118,0.09019645720497338,-0.15058087492334193,0.16972096313797191,-0.17686932919112675,False,False,0.0,0.10149168592601836,0.05146822001497393,0.10293644002994785
1545,25.75,True,False,49.89451173037629,50.0,62.223110527404124,49.621762528113926,54.00173641143829,46.706742382065386,74.0,-0.10548826962371294,2.5336964800059363,2.5590334448059955,2.556192083814569,1.3043798970688218,2.5307886195522893,1.3098028524167684,1.3140483445220799,2.5590334448059955,1.1658910744156372,1.4061878607578344,1.3084766918952937,1.1633095320469293,1.404325301895414,2.3822106672743453,2.72898649699975,0.09027695737333419,-0.15073881247515053,0.16995305219375467,-0.1768227775316502,False,False,0.0,0.10293644002994785,0.05218784874874994,0.10437569749749988
1550,25.833333333333332,True,False,49.92790336320521,50.0,62.26780448437441,49.65514292988816,54.027692814353905,46.72342210858425,74.0,-0.0720966367947895,2.5331655259641894,2.5584971812238315,2.5555985821370477,1.302083169293142,2.5306943661298575,1.3082167250386028,1.3125958741161141,2.5584971812238315,1.164884245459915,1.4054207804309977,1.3068921704473269,1.161707655929365,1.4029612161211487,2.3817237573262613,2.728684219565448,0.09036534200503454,-0.15088821818674902,0.17018703834161641,-0.17677342389757023,False,False,0.0,0.10437569749749988,0.05290238262643186,0.10580476525286373
1555,25.916666666666668,True,False,49.96432871162881,50.0,62.314237780050966,49.691549153395094,54.056823656202454,46.74283413004012,74.0,-0.03567128837119071,2.532846234990068,2.5581746973399686,2.5552039884458546,1.2996000175411702,2.5307928359776692,1.3064238399773849,1.310929736318567,2.5581746973399686,1.1636689584521964,1.4044445897207585,1.3051011006595674,1.1599007113644682,1.4013914169211008,2.3814519309775246,2.728596128759079,0.09046168060253379,-0.15102902495409887,0.17042143141911037,-0.176722766362444,False,False,0.0,0.10580476525286373,0.05361039744744826,0.10722079489489653
1560,26.0,True,False,50.003535346470755,50.0,62.36211166355357,49.73072863760482,54.088956157201764,46.764826906605514,74.0,0.003535346470755485,2.5327535332035866,2.5580810685356226,2.555024029868302,1.2969391241559856,2.5311008351249793,1.3044314992760995,1.3090578408657803,2.5580810685356226,1.1622489461854861,1.403263023858897,1.3031107771825647,1.1578962904083918,1.3996234987310048,2.381408872446943,2.7287359166336027,0.09056565786522452,-0.15116155045738844,0.17065484809798015,-0.17667219608867946,False,False,0.0,0.10722079489489653,0.05431098693324872,0.10862197386649744
1565,26.083333333333332,True,False,50.045280880327745,50.0,62.41115521263947,49.77243891107684,54.12390979634025,46.78924234754633,74.0,0.04528088032774491,2.5329003635696865,2.5582293672053833,2.555072394540273,1.2941088471101818,2.5316333203823076,1.3022471200924357,1.306988256790728,2.5582293672053833,1.1606289088075312,1.4018807854124524,1.3009286096572852,1.1557022917158888,1.3976653625666458,2.381606398516158,2.729115407728606,0.0906771057759177,-0.15128596507483927,0.17088604052322287,-0.17662296868922533,False,False,0.0,0.10862197386649744,0.055003562291637685,0.11000712458327537
1570,26.166666666666668,True,False,50.08933395985222,50.0,62.4611240673635,49.816448577705415,54.16150030519425,46.81591923417494,74.0,0.08933395985221892,2.5332978314309806,2.5586308097452903,2.555360903122382,1.2911172315868975,2.5324034940805373,1.299878151995773,1.3047291128129566,2.5586308097452903,1.1588142906898335,1.4003033211530498,1.2985620401147118,1.1533265415690968,1.3955248370529347,2.382054586128225,2.72974468666964,0.09079572423997817,-0.1514025712438598,0.17111387692434965,-0.17657622361706515,False,False,0.0,0.11000712458327537,0.055687746198395185,0.11137549239679037
1575,26.25,True,False,50.13547475885169,50.0,62.511799084409255,49.86253780603271,54.20154399015425,46.84469692530209,74.0,0.1354747588516929,2.5339553484165913,2.559294901900757,2.555899636398933,1.2879720211521706,2.533422905234063,1.2973320172759817,1.302288523274847,2.559294901900757,1.1568110365082147,1.3985365781377566,1.2960184833354562,1.1507768983418512,1.393209782888497,2.38276192061983,2.7306322464011745,0.09092125961365016,-0.15151162493299575,0.17133734450041738,-0.1765329812809271,False,False,0.0,0.11137549239679037,0.05636331175922468,0.11272662351844936
1580,26.333333333333332,True,False,50.183495162481,50.0,62.56298495630862,49.910498508402476,54.24385961451864,46.875416960789146,74.0,0.18349516248100173,2.534880771764887,2.560229579482536,2.5566970835105023,1.2846806685329843,2.5347015527699615,1.294616066317862,1.299674531412884,2.560229579482536,1.1546254624645087,1.3965868749310701,1.293305282247593,1.148061104106108,1.3907279444523764,2.3837354249001663,2.7317851173662153,0.09105341303949244,-0.15161342730677596,0.1715555378836795,-0.1764941545823695,False,False,0.0,0.11272662351844936,0.057030143973054656,0.11406028794610931
1585,26.416666666666668,True,False,50.233198747234404,50.0,62.614508821783204,49.96013431677335,54.2882703039601,46.907924686824856,74.0,0.23319874723440392,2.536080537478698,2.561441342853485,2.5577602711331906,1.2812503460148774,2.5362479883132867,1.2917375436607899,1.2968950651813522,2.561441342853485,1.1522641266061917,1.3944607719248363,1.290429674057714,1.145186801585715,1.3880869667580713,2.3849807895048603,2.7332089975609546,0.09119190157671908,-0.15170826359563727,0.17176765470746957,-0.17646055334862476,False,False,0.0,0.11406028794610931,0.057688213279804876,0.11537642655960975
1590,26.5,True,False,50.28440061962144,50.0,62.66621888412194,50.01126041848106,54.33460453310742,46.94207009123794,74.0,0.2844006196214366,2.5375597864758284,2.562935384340587,2.559094893532907,1.2776879554725027,2.538069416989447,1.2887035620878626,1.2939579027294805,2.562935384340587,1.149733744015104,1.3921649865272536,1.2873987643623424,1.1421614704067624,1.3852943317041537,2.3865024913504715,2.7349083712899964,0.0913364289746732,-0.1517964323227181,0.17197298694940955,-0.17643289299011533,False,False,0.0,0.11537642655960975,0.05833755619836211,0.11667511239672422
1595,26.583333333333332,True,False,50.33692715466365,50.0,62.71798304927384,50.06370329130944,54.38269702307354,46.977708563963105,74.0,0.3369271546636483,2.5393224833289976,2.5647157081622876,2.560705431320234,1.2740001380460464,2.540171795256576,1.2855210829747248,1.2908706456631536,2.5647157081622876,1.147041107979785,1.3897063143354802,1.284219507467924,1.1389924219695924,1.3823573529465352,2.388303907413658,2.7368866228462343,0.0914867072833816,-0.1518782236935612,0.17217091468394674,-0.1764118007486295,False,False,0.0,0.11667511239672422,0.058978260528097716,0.11795652105619543
1600,26.666666666666668,True,False,50.39061566308206,50.0,62.769687592111026,50.1173003677426,54.432389240620715,47.014701316082935,74.0,0.390615663082059,2.5413715274572692,2.566785242731842,2.5625952651299464,1.270193283475967,2.5425599251225233,1.2821969016225165,1.2876406986049098,2.566785242731842,1.1441930320118971,1.3870915711523346,1.280898691806533,1.1356867701693496,1.3792831466192754,2.390387419720626,2.739146141501004,0.09164244801436561,-0.15195392843556021,0.17236089876916205,-0.1763978230112162,False,False,0.0,0.11795652105619543,0.05961045373593968,0.11922090747187936
1605,26.75,True,False,50.44531400846163,50.0,62.82123585714675,50.1718996496903,54.483529790246834,47.052915708308255,74.0,0.4453140084616294,2.543708856806576,2.569145945374642,2.5647667806108148,1.266273539108077,2.5452375443293542,1.2787376366031804,1.284275253933838,2.569145945374642,1.141196299089321,1.3843275422296495,1.2774429292612242,1.1322514240791437,1.3760786240179896,2.392754513740073,2.741688419897737,0.09180337008415163,-0.15202382985469431,0.172542474523095,-0.17639143163456872,False,False,0.0,0.11922090747187936,0.06023429370602565,0.1204685874120513
1610,26.833333333333332,True,False,50.500880190573184,50.0,62.87254699842338,50.22735928949887,54.53597460771007,47.0922254099345,74.0,0.5008801905731843,2.546335544175872,2.571798899617631,2.5672214668189053,1.2622468185805604,2.548207412249924,1.2751497223503303,1.280781280822439,2.571798899617631,1.138057622434282,1.381420943046664,1.2738586477274567,1.1286930745981052,1.3727504782481532,2.3954058692754887,2.7445141449449464,0.09196919742571419,-0.15208820622433383,0.17271524532731553,-0.17639303034214215,False,False,0.0,0.1204685874120513,0.0608499613135538,0.1216999226271076
1615,26.916666666666668,True,False,50.557181907352785,50.0,62.92355476208857,50.283547150574165,54.58958706448193,47.13251048245217,74.0,0.5571819073527848,2.549251886426695,2.574744405290962,2.5699600071102173,1.2581188102041263,2.5514713913598777,1.2714394043781643,1.2771655177905177,2.574744405290962,1.134783612665538,1.3783783864624626,1.270152086412736,1.1250181900431333,1.3693051798170859,2.3983414447327602,2.7476232820845183,0.0921396620265682,-0.15214732774738438,0.1728788767935563,-0.17640296055820182,False,False,0.0,0.1216999226271076,0.061457654442035194,0.12291530888407039
1620,27.0,True,False,50.614096105258305,50.0,62.97420631423748,50.34034035492862,54.64423796322698,47.17365737051538,74.0,0.6140961052583052,2.552457486868776,2.5779820617374636,2.5729823634086393,1.2538949850460852,2.5550305242374614,1.2676127366254366,1.2734344682757819,2.5779820617374636,1.131380752178024,1.3752063570958721,1.26632929311304,1.121233011261079,1.365748971746372,2.401560554730156,2.751015152902384,0.09231450347059011,-0.15220145701470278,0.17303309116492027,-0.17642150700730763,False,False,0.0,0.12291530888407039,0.06205758315890589,0.12411516631781178
1625,27.083333333333332,True,False,50.67150852556091,50.0,63.024461115839394,50.39762482858515,54.69980546892355,47.215558838555694,74.0,0.6715085255609097,2.5559513311498097,2.5815108444613077,2.57628785381627,1.2495806047287767,2.5588851061107962,1.2636755805124218,1.2695943985442228,2.5815108444613077,1.1278553745768143,1.3719111907596695,1.2623961233342471,1.117343550663653,1.3620878686069986,2.405061941572926,2.754688506603783,0.09249347006277575,-0.15225084788056975,0.17317766214247543,-0.17644890288838155,False,False,0.0,0.12411516631781178,0.06264996582811289,0.12529993165622577
1630,27.166666666666668,True,False,50.729313252419786,50.0,63.07428984595231,50.455294848108124,54.7561749783138,47.25811385522304,74.0,0.7293132524197858,2.559731856998538,2.5853291755685235,2.5798752240883545,1.2451807289523935,2.5630347530227935,1.2596336053723,1.2656513376312524,2.5853291755685235,1.1242136489333863,1.3684990587170807,1.2583582406435654,1.113355592165121,1.3583276564572753,2.408843840836389,2.758641585597024,0.0926763188260229,-0.15229574546613134,0.17331241002850062,-0.17648533473213446,False,False,0.0,0.12529993165622577,0.06323502598385533,0.12647005196771066
1635,27.25,True,False,50.78741226722529,50.0,63.123673373922,50.51325259343767,54.813238947841455,47.30122744289088,74.0,0.7874122672252923,2.5637970181804417,2.589434988362246,2.5837427132167066,1.240700222751901,2.5674784657215626,1.2554922899784982,1.2616110789162758,2.589434988362246,1.1204615678113303,1.3649759557077346,1.2542211182802476,1.1092746931545838,1.3544738948153392,2.412904041469641,2.7628721855978498,0.09286281589906342,-0.15233638576169195,0.1734371972356037,-0.17653094689260485,False,False,0.0,0.12647005196771066,0.0638129898240228,0.1276259796480456
1640,27.333333333333332,True,False,50.845715012604245,50.0,63.17260178084549,50.57140771078182,54.870896686519814,47.3448104976638,74.0,0.845715012604245,2.5681443430272877,2.5938257864575607,2.5878881135337455,1.2361437634974148,2.5722146894115947,1.2512569249389187,1.2574791830069536,2.5938257864575607,1.1166049386442918,1.361347691325828,1.2499900414984495,1.105106187348746,1.350531919512136,2.417239940740384,2.76737771057492,0.09305273650518231,-0.1523729956582076,0.1735519241173593,-0.1765858457171765,False,False,0.0,0.1276259796480456,0.06438408420866354,0.12876816841732708
1645,27.416666666666668,True,False,50.90413796860611,50.0,63.22107343023494,50.62967688791635,54.929054125127585,47.388779589601434,74.0,0.9041379686061077,2.572770987897601,2.5984986977765767,2.592308825657652,1.2315158476470605,2.5772413695204066,1.2469326157687932,1.2532609816829883,2.5984986977765767,1.1126493778206301,1.3576198841050164,1.2456701106422317,1.1008551888048401,1.3465068467045622,2.421848594384966,2.7721552229004987,0.09324586502157395,-0.15240579287814815,0.17365652512392193,-0.1766501033916108,False,False,0.0,0.12876816841732708,0.06494853507009836,0.12989707014019672
1650,27.5,True,False,50.962604242889334,50.0,63.26909408753275,50.68798344377818,54.987623567405116,47.433056747955334,74.0,0.9626042428893342,2.577673785916451,2.6034505237756154,2.5970019086427323,1.2268207972610286,2.5825560036483726,1.242524286487519,1.248961582678703,2.6034505237756154,1.108600307095842,1.353797957931058,1.2412662447477034,1.0965265965901587,1.3424035775452043,2.4267267622897495,2.7772014890324614,0.09344199486650129,-0.15243498608854433,0.17375096525684608,-0.17672376148586588,False,False,0.0,0.12989707014019672,0.06550656615861193,0.13101313231722386
1655,27.583333333333332,True,False,51.021043176168135,50.0,63.31667608789341,50.74625693222461,55.04652342996494,47.477569237121024,74.0,1.021043176168135,2.582849291331038,2.6086777842443483,2.6019641256611052,1.2220627662852295,2.5881556898774996,1.238036683612682,1.2445858751866854,2.6086777842443483,1.1044629519105857,1.3498871403600567,1.2367831855258828,1.092125100215694,1.3382268036161817,2.431870950032405,2.7825130210562286,0.09364092842949634,-0.15246077497099142,0.1738352368118803,-0.1768068342119431,False,False,0.0,0.13101313231722386,0.06605839806152719,0.13211679612305438
1660,27.666666666666668,True,False,51.079389963734975,50.0,63.363837551453805,50.80443276373294,55.10567797446331,47.52224932629052,74.0,1.0793899637349753,2.588293819804424,2.6141767580024684,2.6071919855443166,1.2172457466126594,2.594037171618963,1.2334743804474966,1.240138535788183,2.6141767580024684,1.1002423413409201,1.3458924625689117,1.2322255016384134,1.0876551853163365,1.3339810126095493,2.4372774465886264,2.7880861143920965,0.09384247682136637,-0.15248335047184636,0.17390935638962812,-0.17689931141384196,False,False,0.0,0.13211679612305438,0.06660424744478134,0.13320849488956268
1665,27.75,True,False,51.13758529352241,50.0,63.410601645152845,50.862451842139954,55.16501703768853,47.567034057616006,74.0,1.137585293522413,2.5940034849541576,2.6199435198036993,2.6126817804903615,1.2123735739303019,2.6001968791802974,1.2288417815768804,1.235624034839684,2.6199435198036993,1.095943309321926,1.3418187605791492,1.2275975932222083,1.0831211399198297,1.329670494596447,2.4429423584986276,2.793916881962374,0.09404645975676296,-0.15250289491985436,0.17397336215867476,-0.1770011613050717,False,False,0.0,0.13320849488956268,0.06714432647547096,0.13428865295094192
1670,27.833333333333332,True,False,51.19557500089079,50.0,63.45699589003107,50.92026021897176,55.2244757605782,47.6118650137036,74.0,1.1955750008907913,2.599974231426079,2.62597397374034,2.6184296202305006,1.2074499333591118,2.606630968231753,1.224143127503135,1.231046643094951,2.62597397374034,1.0915704969969136,1.3376706776063405,1.2229036964726676,1.0785270607647564,1.3252993483452813,2.4488616407689228,2.8000012850937614,0.09425270525033036,-0.15251958233019458,0.17402731135342142,-0.17711233297141726,False,False,0.0,0.13428865295094192,0.06767884239133752,0.13535768478267504
1675,27.916666666666668,True,False,51.253309740112336,50.0,63.503051512833544,50.977808764966966,55.283994320362275,47.65668808800771,74.0,1.2533097401123356,2.606201864776771,2.632263883424539,2.624431462931342,1.2024783648943702,2.613335355348226,1.219382499365159,1.2264104384889198,2.632263883424539,1.0871283559130032,1.3334526672558784,1.218147888417252,1.0738768598639787,1.320871487885354,2.4550311247696976,2.806335161415341,0.09446104939643418,-0.1525335786249411,0.17407127799080202,-0.17723275865484123,False,False,0.0,0.13535768478267504,0.06820799718939505,0.1364159943787901
1680,28.0,True,False,51.31074467235476,50.0,63.548802840653494,51.03505285665454,55.34351766696421,47.701453259062234,74.0,1.3107446723547582,2.6126820784212286,2.638808899205441,2.6306831430925195,1.1974622686534346,2.6203057507986856,1.2145638236958713,1.2217193130981923,2.638808899205441,1.0826211519249764,1.3291689974270273,1.2133340916158433,1.069174271220834,1.3163906492232444,2.4614465433709074,2.8129142499952726,0.09467133612505219,-0.15254504187735818,0.1741053507898318,-0.17736235583453341,False,False,0.0,0.1364159943787901,0.06873198741087197,0.13746397482174394
1685,28.083333333333332,True,False,51.36783916984098,50.0,63.59428673728525,51.09195208101344,55.40299526470863,47.74611436942021,74.0,1.3678391698409769,2.61941047788569,2.645604582664547,2.63718039668309,1.1924049099376701,2.627537688749549,1.2096908771813462,1.2169769800573795,2.645604582664547,1.0780529696795331,1.3248237547973767,1.2084660788903876,1.064422857409816,1.3118603969236722,2.468103553544524,2.8197342139436468,0.09488341686629265,-0.15255412264756352,0.17412963127909986,-0.17750102912002275,False,False,0.0,0.13746397482174394,0.06925100400395176,0.13850200800790352
1690,28.166666666666668,True,False,51.424556535765376,50.0,63.63954207990219,51.148469954156056,55.46238084191144,47.79062891149291,74.0,1.424556535765376,2.6263826025893575,2.652646428615251,2.6439188837440852,1.1873094241150992,2.6350265550423226,1.2047672913924776,1.2121869805490224,2.652646428615251,1.0734277174930789,1.3204208497008145,1.2035474781863287,1.0596260163678517,1.3072841309009566,2.474997756644523,2.826790660693053,0.09509715035193422,-0.1525609641811707,0.17414423207780194,-0.17764867197072798,False,False,0.0,0.13850200800790352,0.06976523224895548,0.13953046449791096
1695,28.25,True,False,51.48086373947811,50.0,63.6846092746338,51.20457365638704,55.521632147271355,47.83495781933561,74.0,1.4808637394781101,2.6335939453630943,2.659929884816725,2.650894208668788,1.1821788213300846,2.6427676126991857,1.199796557465998,1.2073526906905045,2.659929884816725,1.0687491326002947,1.3159640213762878,1.198581777067966,1.0547869879226601,1.3026650929475447,2.4821247165613163,2.834079160153607,0.09531240225704019,-0.15256570276784442,0.17414927533688163,-0.17780516825540893,False,False,0.0,0.13953046449791096,0.07027485173359393,0.14054970346718787
1700,28.333333333333332,True,False,51.536731166399846,50.0,63.729529809587085,51.26023378234316,55.580710715532334,47.879065268488326,74.0,1.5367311663998464,2.641039969898189,2.6674503695971707,2.6581019383574613,1.1770159910461402,2.650756025303319,1.1947820307166057,1.2024773283179548,2.6674503695971707,1.0640207866035691,1.311456843417414,1.1935723274773864,1.0499088603301825,1.2980063732716218,2.4894799759329183,2.8415952609246924,0.09552904495366699,-0.15256846798777235,0.17414489132752164,-0.1779703936642525,False,False,0.0,0.14054970346718787,0.07078003636808497,0.14156007273616994
1705,28.416666666666668,True,False,51.59213238209645,50.0,63.77434584383708,51.31542410470117,55.63958164191267,47.92291848342201,74.0,1.5921323820964517,2.6487161263040617,2.6752032875671024,2.6655376184288055,1.17182370642774,2.6589868783937307,1.189726935166048,1.1975639596818566,2.6752032875671024,1.0592460910871655,1.3069027293868292,1.188522350141966,1.0449945766852502,1.2933109169079402,2.497059070581645,2.8493345047322345,0.09574695722608362,-0.15256938299660638,0.17413121716513213,-0.17814421698545724,False,False,0.0,0.14156007273616994,0.07128095443175936,0.14256190886351872
1710,28.5,True,False,51.64704390992417,50.0,63.819099830899916,51.37012135034716,55.69821336555941,47.96648755280179,74.0,1.6470439099241716,2.656617864940264,2.683184043589667,2.6731967876569396,1.1666046285668006,2.667455199007274,1.1846343679783282,1.1926155060543624,2.683184043589667,1.0544283033320156,1.3023049385311607,1.1834349391283014,1.0400469412826425,1.288581530079052,2.504857542332189,2.857292439247346,0.09596602402468957,-0.15256856477171987,0.17410839565767944,-0.17832650125747795,False,False,0.0,0.14256190886351872,0.07177776864442276,0.14355553728884551
1715,28.583333333333332,True,False,51.70144502164643,50.0,63.863834175197326,51.42430499278013,55.75657746162246,48.00974525221027,74.0,1.7014450216464283,2.6647406486754397,2.6913880551621943,2.6810749907897673,1.161361310559304,2.6761559734935485,1.1795073037929424,1.1876347500275826,2.6913880551621943,1.0495705321000641,1.2976665815655406,1.1783130660300687,1.0350686255427828,1.2838208861211566,2.5128709503549764,2.8654646294302433,0.09618613609357407,-0.15256612448479978,0.174076574268049,-0.17851710480721783,False,False,0.0,0.14355553728884551,0.07227063625688544,0.14454127251377089
1720,28.666666666666668,True,False,51.75531754042239,50.0,63.90859092002329,51.477957052836565,55.814648444245584,48.05266687629726,74.0,1.7553175404223893,2.6730799637139753,2.699810763351115,2.68916778989261,1.1560962014373422,2.6850841637215046,1.174348598950284,1.1826243418265858,2.699810763351115,1.0446757433464509,1.2929906263859572,1.1731595843169544,1.0300621742224223,1.279031531694957,2.521094881167265,2.8738466675319105,0.09640718986837116,-0.15256216760416352,0.1740359041807955,-0.17871588218384993,False,False,0.0,0.14454127251377089,0.07275970915614437,0.14551941831228873
1725,28.75,True,False,51.808645655572555,50.0,63.953411465531254,51.531061914861574,55.87240357653239,48.09523007696426,74.0,1.8086456555725547,2.681631329119926,2.7084476424111252,2.697470774349588,1.1508116499616747,2.694234721789881,1.1691609956051838,1.1775868052692295,2.7084476424111252,1.0397467659874944,1.2882799038374055,1.1679772333614438,1.0250300109265742,1.2742158922977391,2.5295249574140275,2.8824341818755195,0.09662908702850959,-0.15255679434265534,0.17398653946439424,-0.17892268499709774,False,False,0.0,0.14551941831228873,0.07324513398151118,0.14649026796302236
1730,28.833333333333332,True,False,51.861415748536764,50.0,63.99833631527266,51.583606151830594,55.92982269190602,48.13741471137521,74.0,1.8614157485367642,2.6903903051573512,2.7172942082089246,2.7059795696447733,1.145509908279714,2.703602603347086,1.163947125726037,1.1725245436376919,2.7172942082089246,1.0347862975003626,1.2835371133137228,1.1627686424656076,1.0199744438969536,1.2693762780519744,2.538156845540602,2.891222844529648,0.09685173441428252,-0.1525500997407383,0.1739286363207233,-0.1791373626683228,False,False,0.0,0.14649026796302236,0.07372705224870164,0.1474541044974033
1735,28.916666666666668,True,False,51.91361622945396,50.0,64.04340484983462,51.63557836159366,55.986888022567406,48.1792026961021,74.0,1.9136162294539574,2.699352500556551,2.726346025562117,2.714689845035125,1.1401931354536776,2.713182779619911,1.1587095149781528,1.1674398453292725,2.726346025562117,1.0297969095040462,1.278764828338725,1.1575363347414624,1.0148976713087678,1.2645148890022544,2.546986262460211,2.9002083779763166,0.09707504367298192,-0.15254217402050463,0.17386235241419978,-0.17935976310190593,False,False,0.0,0.1474541044974033,0.07420560047948524,0.14841120095897048
1740,29.0,True,False,51.96523738380867,50.0,64.08865512614454,51.68696901458683,56.043584037571236,48.22057786956708,74.0,1.9652373838086703,2.708513578806638,2.7355987145947047,2.7235973202182637,1.1348634008634844,2.7229702482444473,1.1534505864909614,1.162334889242311,2.7355987145947047,1.0247810531849644,1.2739655019919591,1.1522827308595425,1.0098017864507598,1.2596338202954867,2.5560089813106144,2.9093865608681977,0.09729893105317555,-0.1525331027915513,0.17378784627349297,-0.17958973328409034,False,False,0.0,0.14841120095897048,0.07468091033482191,0.14936182066964382
1745,29.083333333333332,True,False,52.01627122860858,50.0,64.13412370103416,51.73777030760175,56.09989728943676,48.261525861848675,74.0,2.0162712286085807,2.7178692635665724,2.7450479562022383,2.732697771089406,1.129522687488806,2.7329600429868437,1.1481726645094543,1.1572117501179582,2.7450479562022383,1.019741064586372,1.2691414721982737,1.1470101527242607,1.0046887829112436,1.2547350673670732,2.5652208363866174,2.918753232961642,0.097523317249115,-0.15252296720671454,0.17370527675940384,-0.17982711981562094,False,False,0.0,0.14936182066964382,0.0751531087500322,0.1503062175000644
1750,29.166666666666668,True,False,52.066711377576254,50.0,64.17984547768191,51.78797603114747,56.15581626743249,48.30203397025736,74.0,2.0667113775762544,2.7274153432790245,2.7546894967118147,2.7419870346741297,1.1241728950745327,2.74314724243608,1.1428779779308782,1.1520724034699106,2.7546894967118147,1.0146791698152828,1.2642949669348904,1.1417208269442654,0.9995605591319237,1.2498205304948737,2.574617727327585,2.9283042993047235,0.09774812702496316,-0.15251184433798692,0.17361480259290873,-0.18007176938422953,False,False,0.0,0.1503062175000644,0.07562231807061283,0.15124463614122566
1755,29.25,True,False,52.11655291485899,50.0,64.2258535735829,51.837581441873326,56.211331261048535,48.34209104369156,74.0,2.1165529148589926,2.737147675064305,2.764519151814948,2.7514610133161543,1.1188158431837605,2.7535269777457163,1.1375686637281888,1.1469187304699973,2.764519151814948,1.0095974899974056,1.2594281091864883,1.136416888361373,0.9944189232641999,1.244892019655649,2.58419562263256,2.9380357337528724,0.09797328918565174,-0.15249980720579737,0.1735165819379243,-0.18032352918238814,False,False,0.0,0.15124463614122566,0.07608865618770899,0.15217731237541798
1760,29.333333333333332,True,False,52.165792276781836,50.0,64.27217920872656,51.88658314510769,56.266434228887015,48.38168737168552,74.0,2.1657922767818363,2.747062187965006,2.774532809844656,2.7611156781927164,1.1134532741422702,2.764094439496661,1.1322467702621386,1.1417525225394547,2.774532809844656,1.004498046160522,1.2545429218287296,1.1311003832573534,0.9892655974021974,1.2399512587582306,2.593950562569301,2.947943581878437,0.09819873621877595,-0.15248692513725726,0.17341077203378097,-0.1805822472753551,False,False,0.0,0.15217731237541798,0.07655223667246205,0.1531044733449241
1765,29.416666666666668,True,False,52.21442714118924,50.0,64.31885161269739,51.93497898291011,56.321118676458426,48.420814581138075,74.0,2.2144271411892404,2.7571548856058894,2.7847264344619482,2.770947072223869,1.1080868558783106,2.7748448837483193,1.126914260484187,1.136575485837193,2.7847264344619482,0.9993827638822714,1.2496413322761832,1.1257732725900043,0.984102222021431,1.2349998900823174,2.603878661537808,2.9580239633347087,0.09842440424512433,-0.15247326381576198,0.1732975288727605,-0.18084777292414023,False,False,0.0,0.1531044733449241,0.07701316890850535,0.1540263378170107
1770,29.5,True,False,52.262456323942736,50.0,64.3658979494492,51.982767931177996,56.37537953917499,48.45946553754523,74.0,2.262456323942736,2.767421848327984,2.7950960668112637,2.780951312436258,1.1027181846613896,2.7857736373410695,1.1215730150326235,1.1313892454684629,2.7950960668112637,0.9942534778411569,1.2447251770334733,1.1204374350827948,0.9789303598718637,1.2300394781716681,2.6139761099436796,2.9682730737297973,0.09865023270320528,-0.15245888559659915,0.17317700691853366,-0.1811199568675841,False,False,0.0,0.1540263378170107,0.07747155822222083,0.15494311644444167
1775,29.583333333333332,True,False,52.30987968216194,50.0,64.41334325854052,52.029950003550454,56.42921307348415,48.49763425325711,74.0,2.3098796821619416,2.777859234850686,2.8056378271991926,2.7911245918367387,1.0973487877436265,2.796876102508848,1.1162248352244735,1.1261953495022228,2.8056378271991926,0.9891119361336073,1.23979620601248,1.1150946702412967,0.9737514998948906,1.2250715137512147,2.6242391756317707,2.97868718606077,0.09887616424899193,-0.15244384960733215,0.17304935886157757,-0.18139865156742196,False,False,0.0,0.15494311644444167,0.07792750601028212,0.15585501202056423
1780,29.666666666666668,True,False,52.356698023816776,50.0,64.46121041165819,52.076526159519595,56.482616753820395,48.535315800770036,74.0,2.356698023816776,2.788463283510902,2.816347916346011,2.8014631808462704,1.0919801259070974,2.808147760856689,1.1108714459458666,1.1209952729002088,2.816347916346011,0.9839598044410144,1.2348560866995115,1.1097467012085418,0.9685670609935777,1.2200974174974295,2.634664204926124,2.989262651754101,0.09910214459722066,-0.15242821190663114,0.17291473540809,-0.18168371141988704,False,False,0.0,0.15585501202056423,0.07838110986422064,0.1567622197284413
1785,29.75,True,False,52.402913023298545,50.0,64.50952008329477,52.12249822106785,56.53558917490647,48.57250623065428,74.0,2.402913023298545,2.7992303131239376,2.827222616255177,2.8119634283401123,1.0866135959204992,2.8195841767543794,1.1055144984436134,1.1157904211516962,2.827222616255177,0.9787986700541479,1.2299064081798499,1.10439517756181,0.9633783954370818,1.215118543442869,2.6452476233181255,2.999995901354293,0.09932812229117283,-0.15241202571461443,0.17277328509911616,-0.18197499293705155,False,False,0.0,0.1567622197284413,0.0788324636918108,0.1576649273836216
1790,29.833333333333332,True,False,52.4485271426168,50.0,64.55829073448766,52.16786879334338,56.58812996088169,48.60920249537934,74.0,2.448527142616797,2.8101567235068226,2.8382582907418907,2.822621762336209,1.0812505329083184,2.831181000193883,1.1001555730208026,1.1105821338052466,2.8382582907418907,0.973630045683561,1.2249486849482898,1.0990416779922727,0.958186792320148,1.2101361824357943,2.655985935841006,3.010883444898887,0.09955404863054773,-0.1523953414850986,0.17262515415699609,-0.1822723549008849,False,False,0.0,0.1576649273836216,0.07928165783513208,0.15856331567026416
1795,29.916666666666668,True,False,52.493543557886966,50.0,64.60753860856704,52.21264119145342,56.64023967891905,48.64540237703764,74.0,2.493543557886966,2.8212389957010924,2.8494513856581034,2.8334346903699466,1.0758922126355972,2.8429339691549447,1.0947961816392269,1.1053716877944408,2.8494513856581034,0.9684553731432477,1.2199843605929204,1.0936877129260665,0.9529934806756478,1.2051515652528324,2.6668757271653933,3.021921872014475,0.09977987745839156,-0.15237820711879302,0.17247048635637174,-0.18257565849271007,False,False,0.0,0.15856331567026416,0.07972877918516007,0.15945755837032013
1800,30.0,True,False,52.53796609079243,50.0,64.65727773790354,52.25681937153951,56.691919758714235,48.6811044201467,74.0,2.5379660907924304,2.8324736919286924,2.8607984288479793,2.8443987995899342,1.070539853711271,2.8548389115201886,1.0894377704314546,1.1001603006311689,2.8607984288479793,0.9632760268422375,1.2150148112868477,1.0883347270575088,0.9477996325854631,1.2001658657099745,2.677913661447451,3.0331078517653283,0.10000556507880565,-0.1523606680457058,0.17230942291734896,-0.1828847674005285,False,False,0.0,0.15945755837032013,0.08017391129293612,0.16034782258587224
1805,30.083333333333332,True,False,52.58179914472075,50.0,64.70751996068762,52.30040786695015,56.743172416206484,48.71630786812874,74.0,2.5817991447207476,2.843857455311575,2.8722960298646907,2.8555107566063898,1.0651946197129498,2.8668917465781636,1.0840817221253423,1.0949491334223331,2.8722960298646907,0.9580933171440967,1.2100413491478164,1.0829841016919546,0.9426063660220476,1.1951802035042574,2.689096481958253,3.0444381322832395,0.10023107008192422,-0.15234276740028552,0.17214210241854877,-0.18319954790643767,False,False,0.0,0.16034782258587224,0.08061713447716481,0.16123426895432963
1810,30.166666666666668,True,False,52.6250476452909,50.0,64.75827494681508,52.34341172903149,56.79400058237632,48.75101260418675,74.0,2.6250476452908984,2.855387009382749,2.883940879476577,2.866767307120746,1.059857621235916,2.879088486150077,1.0787293583837623,1.0897392937246788,2.883940879476577,0.9529084935531115,1.2050652254245198,1.0776371571472283,0.9374147475977435,1.190195646963194,2.700421010520369,3.055909540204569,0.1004563532385152,-0.15232454612693536,0.171968660727992,-0.18351986895620787,False,False,0.0,0.16123426895432963,0.08105852592833736,0.16211705185667472
1815,30.25,True,False,52.66771698500398,50.0,64.80955023199623,52.3858364720684,56.84440783636825,48.78521909593337,74.0,2.6677169850039775,2.8670591574139515,2.895729748988091,2.878165275362469,1.0545299178690108,2.8914252353734127,1.0733819420622552,1.0845318382524693,2.895729748988091,0.9477227477521937,1.2000876335346176,1.0722951550232664,0.9322257951420639,1.1852132156221646,2.7118841467752364,3.067518979938086,0.10068137736969529,-0.1523060431104054,0.1717892309499951,-0.1838456022128545,False,False,0.0,0.16211705185667472,0.08149815980940278,0.16299631961880556
1820,30.333333333333332,True,False,52.70981297176422,50.0,64.86135125924763,52.42768802024305,56.89439834287667,48.818928343717324,74.0,2.7098129717642223,2.878870781582744,2.907659489398571,2.8897015633566614,1.0492125200999873,2.9038981931732963,1.06804067938729,1.0793277755262989,2.907659489398571,0.9425372164899408,1.1951097119519178,1.066959300325334,0.9270404802888691,1.180233882811708,2.7234828673026525,3.0792634327849155,0.10090610728540916,-0.1522872952374298,0.17160394338634433,-0.18417662209591867,False,False,0.0,0.16299631961880556,0.08193610735296719,0.16387221470593438
1825,30.416666666666668,True,False,52.751341781032416,50.0,64.9136814269678,52.46897266218291,56.943976792477585,48.852141831523944,74.0,2.7513417810324157,2.890818841999692,2.919727030419689,2.901373150043784,1.0439063911528268,2.916503652450202,1.0627067220577433,1.0741280682128764,2.919727030419689,0.9373529843655162,1.1901325469913662,1.0616307435579528,0.9218597305828732,1.1752585777641331,2.735214224611711,3.091139955929924,0.10113050955125669,-0.15226833763000325,0.17141292551023524,-0.1845128058079779,False,False,0.0,0.16387221470593438,0.08237243695520541,0.16474487391041082
1830,30.5,True,False,52.79230991138623,50.0,64.96654214284024,52.50969700431106,56.9931483477362,48.88486148285384,74.0,2.7923099113862335,2.9029003756142937,2.9319293793704366,2.9131770902708176,1.0386124487594057,2.9292380000105593,1.0573811692721538,1.0689336355383876,2.9319293793704366,0.9321710863931977,1.1851571753737118,1.0563105828334756,0.9166844319780472,1.1702881881120295,2.747075346020637,3.1031456813220117,0.1013545525736419,-0.15224920356034044,0.1712163019515751,-0.18485403334979944,False,False,0.0,0.16474487391041082,0.08280721426641999,0.16561442853283997
1835,30.583333333333332,True,False,52.83272414327568,50.0,65.01993288284744,52.549867931276516,57.04191859019795,48.917089617415265,74.0,2.8327241432756765,2.915112495016533,2.9442636199666983,2.9251105136713242,1.033331566867846,2.9420977162648567,1.0520650696842542,1.0637453554075456,2.9442636199666983,0.9269925105405803,1.1801845867638192,1.0509998657463713,0.9115154306571344,1.165323561707887,2.759063432441304,3.115277814459061,0.10157820630034142,-0.1522299247504112,0.17101419449236266,-0.18520018752539436,False,False,0.0,0.16561442853283997,0.08324050227842113,0.16648100455684225
1840,30.666666666666668,True,False,52.872591500773844,50.0,65.07385125472096,52.58949256668541,57.09029347323249,48.94882891285138,74.0,2.8725915007738436,2.9274523871492915,2.9567269110207843,2.937170623450182,1.0280645772897732,2.955079374716035,1.046759423289188,1.0585640665226401,2.9567269110207843,0.9218182000372305,1.1752157260794303,1.0456995912475122,0.9063535352439975,1.1603655088365452,2.771175757082654,3.127533633091808,0.10180144231390509,-0.1522105312786426,0.17080672207102365,-0.1855511539381305,False,False,0.0,0.16648100455684225,0.08367236140880165,0.1673447228176033
1845,30.75,True,False,52.91191921613472,50.0,65.12829306519157,52.628578237413606,57.13827927583461,48.98008236733783,74.0,2.91191921613472,2.9399173119453406,2.969316485064794,2.949354695087231,1.0228122712886416,2.968179641259268,1.041465183242793,1.053390570355432,2.969316485064794,0.9166490556480714,1.170251495764655,1.0404107115623902,0.9011995185630152,1.1554148039746908,2.7834096640858457,3.139910485859416,0.10202423361925872,-0.15219105179241688,0.17059400079462161,-0.1859068209789485,False,False,0.0,0.1673447228176033,0.08410284958217445,0.1682056991643489
1850,30.833333333333332,True,False,52.95071469698091,50.0,65.18325239044356,52.66713244247768,57.18588256055037,49.01085326573832,74.0,2.95071469698091,2.952504600901277,2.9820296469102896,2.961660074972631,1.0175754011112101,2.981395273312638,1.0361832576162167,1.0482256329277426,2.9820296469102896,0.9114859377819842,1.1652927578986765,1.035134133831116,0.8960541193659656,1.15047218751784,2.795762567102658,3.152405790868321,0.10224655459009746,-0.15217151356177705,0.17037614395803136,-0.18626707980763157,False,False,0.0,0.1682056991643489,0.08453202230850486,0.16906404461700972
1855,30.916666666666668,True,False,52.98898549595414,50.0,65.238721649214,52.70516282098908,57.233110134519016,49.04114514845376,74.0,2.9889854959541395,2.9652116555995245,2.9948637721555196,2.9740841789854895,1.0123546814641753,2.994723118796753,1.0309145110881175,1.043069986636192,2.9948637721555196,0.906329668474715,1.1603403361787694,1.0298707218509209,0.8909180441461556,1.1455383675945652,2.8082319478275597,3.1650170342247153,0.10246838095837307,-0.1521519424900365,0.17015326206919568,-0.18663182432795988,False,False,0.0,0.16906404461700972,0.08495993275856392,0.16991986551712784
1860,31.0,True,False,53.02673928267225,50.0,65.29469167801639,52.74267712490263,57.279969011760144,49.07096178137658,74.0,3.026739282672253,2.978035946188369,3.0078163056502527,2.9866244910261375,1.007150790937894,3.0081601149799724,1.0256597665765694,1.0379243318709177,3.0078163056502527,0.9011810333186216,1.1553950178501355,1.0246212977015148,0.8857919685852126,1.1406140215133818,2.820815354492676,3.1777417685299456,0.10268968964246405,-0.15213236328570512,0.1699254628796929,-0.18700095115757653,False,False,0.0,0.16991986551712784,0.08538663183674618,0.17077326367349235
1865,31.083333333333332,True,False,53.06398381784441,50.0,65.35115180800273,52.77968319279387,57.32646637921408,49.10030712906944,74.0,3.0639838178444094,2.9909750098289964,3.0208847599272866,2.9992785615113107,1.0019643733790733,3.021703287204609,1.020419806812792,1.0327893385901463,3.0208847599272866,0.8960407832383389,1.1504575554816758,1.0193866433411587,0.8806765391443935,1.1356997973541503,2.8335104003340916,3.1905776113472317,0.10291045876400395,-0.15211279944575284,0.16969285141994517,-0.18737435959319493,False,False,0.0,0.17077326367349235,0.0858121682511693,0.1716243365023386
1870,31.166666666666668,True,False,53.10072692940625,50.0,65.40808994301415,52.816188927020896,57.372609564203245,49.12918532918803,74.0,3.1007269294062496,3.0040264491175215,3.0340667136086967,3.0120440058406617,0.9967960392142203,3.0353497475083087,1.0151953758587045,1.027665647747608,3.0340667136086967,0.8909096362038411,1.1455286686791477,1.014167502056307,0.8755723743460335,1.1307963152496197,2.846314762036842,3.203522243647071,0.10313066750201161,-0.15209327340157452,0.1694555300383742,-0.18775195157185465,False,False,0.0,0.1716243365023386,0.08623658858132403,0.17247317716264807
1875,31.25,True,False,53.136976490544065,50.0,65.46549263840328,52.85220227013004,57.41840600514545,49.15760066969075,74.0,3.1369764905440647,3.017187930489185,3.047359809794077,3.0249185028419565,0.9916463667256031,3.0490966931536745,1.0099871805702627,1.022553872749386,3.047359809794077,0.8857882788078768,1.1406090456626936,1.0089645800137532,0.8704800662795553,1.1259041688915237,2.8592261781653554,3.216573408238094,0.10335029614213775,-0.1520738064698306,0.16921359844401707,-0.18813363162872143,False,False,0.0,0.17247317716264807,0.08665993734323042,0.17331987468646085
1880,31.333333333333332,True,False,53.17274039948593,50.0,65.52334518024472,52.88773118596733,57.46386322265573,49.18555756641002,74.0,3.1727403994859316,3.0304571826110913,3.0607617544372023,3.0378997932017247,0.98651590328139,3.062941405078165,1.0047958920084845,1.0174546007047411,3.0607617544372023,0.8806773678195796,1.1356993448205501,1.003778547578486,0.8654001816606284,1.1210239265898325,2.872242447585197,3.2297289081892053,0.10356932588509138,-0.15205441904411277,0.168967153752003,-0.18851930685200546,False,False,0.0,0.17331987468646085,0.08708225705234157,0.17416451410468314
1885,31.416666666666668,True,False,53.20802656094418,50.0,65.58163166458088,52.92278364067807,57.50898879442425,49.213060543840164,74.0,3.2080265609441767,3.043831994769167,3.0742703147168586,3.0509856778872013,0.9814051665215953,3.0768812462753514,0.9996221467999685,1.012368393676943,3.0742703147168586,0.8755775315809996,1.1308001961056686,0.9986100407194045,0.8603332631486025,1.1161561325902705,2.885361427881434,3.242986605248363,0.10378773891332749,-0.1520351305283405,0.1687162905315045,-0.18890888683542473,False,False,0.0,0.17416451410468314,0.08750358828415288,0.17500717656830575
1890,31.5,True,False,53.24284286910125,50.0,65.64033507638064,52.95736758598074,57.55379033055409,49.24011421633602,74.0,3.2428428691012527,3.057310215254387,3.0878833174069307,3.0641740165648983,0.9763146455013869,3.0909136601176934,0.9944665484486993,1.007295789831087,3.0878833174069307,0.870489371376143,1.1259122024048491,0.9934596623564631,0.8552798303562278,1.1113013080841248,2.8985810337782967,3.2563444182626338,0.10400551825303772,-0.15201595947485924,0.1684611008557031,-0.189302283628634,False,False,0.0,0.17500717656830575,0.08792396973270702,0.17584793946541405
1895,31.583333333333332,True,False,53.27719719203761,50.0,65.69943736791762,52.99149094367223,57.59827545152877,49.266723271546496,74.0,3.2771971920376117,3.0708897497527254,3.1015986472502526,3.0774627260204652,0.9712448017932703,3.1050361686301877,0.989329668600824,1.0022373045230506,3.1015986472502526,0.8654134626875989,1.1210359407954504,0.988327983546742,0.8502403809465469,1.106459952305219,2.9118992355642517,3.2698003216036504,0.10422264778216839,-0.15199692357650374,0.16820167435339783,-0.1896994116860009,False,False,0.0,0.17584793946541405,0.08834343826707358,0.17668687653414716
1900,31.666666666666668,True,False,53.31109735750589,50.0,65.75891953630153,53.025161590652424,57.64245176723166,49.292892454746074,74.0,3.3110973575058935,3.084568559742783,3.115414245340211,3.090849778583951,0.9661960705495967,3.1192463707234404,0.9842120482640745,0.9971934313590192,3.115414245340211,0.8603503564021919,1.1161719637511347,0.9832155447290917,0.8452153916341927,1.1016325435312988,2.9253140575261627,3.2833523436021768,0.10443911217227964,-0.15197803972482649,0.1679380982619656,-0.19010018781404847,False,False,0.0,0.17668687653414716,0.08876202898582439,0.17752405797164877
1905,31.75,True,False,53.344551139962306,50.0,65.8187616999229,53.05838734690148,57.68632685734905,49.318626554339,74.0,3.344551139962306,3.0983446609045417,3.129328107513587,3.1043332005641697,0.9611688615268025,3.133541940394019,0.9791141989834086,0.9921646431225691,3.129328107513587,0.8553005799525825,1.1113208002835515,0.9781228569687755,0.8402053190379561,1.096819539936674,2.9388235763957047,3.2969985649949036,0.10465489681410489,-0.151959324084613,0.1676704574813166,-0.19050453111788235,False,False,0.0,0.17752405797164877,0.08917977526968494,0.1783595505393699
1910,31.833333333333332,True,False,53.377566248771274,50.0,65.8789431735967,53.091175963274715,57.729908253910885,49.34393038916233,74.0,3.3775662487712736,3.1122161215423034,3.1433382827577265,3.117911070695304,0.9561635600727321,3.1479206248992506,0.9740366039744215,0.9871513927017532,3.1433382827577265,0.8502646383661153,1.1064829569912744,0.9730504029678287,0.8352106006193081,1.0920213805308274,2.952425919810894,3.310737117386355,0.1048699878290742,-0.15194079208244515,0.16739883462862837,-0.19091236294683256,False,False,0.0,0.1783595505393699,0.08959670883240285,0.1791934176648057
1915,31.916666666666668,True,False,53.410150317504446,50.0,65.93944254221259,53.12353511155593,57.77320342449478,49.3688087963417,74.0,3.4101503175044456,3.1261810610244547,3.157442871634699,3.131581518598624,0.9511805280783517,3.1623802429130303,0.968979719216015,0.9821541139131751,3.157442871634699,0.8452430152779533,1.1016589190730137,0.9679986382511289,0.8302316554126337,1.087238485888724,2.9661192647950987,3.324566181728285,0.10508437197554898,-0.15192245850054142,0.16712331009358605,-0.19132360683960048,False,False,0.0,0.1791934176648057,0.09001285976988627,0.18002571953977253
1920,32.0,True,False,53.44231089426067,50.0,66.00023773272419,53.15547237360979,57.81621975745685,49.39326662083771,74.0,3.4423108942606717,3.140237648242366,3.17164002472479,3.1453427232616917,0.9462201048951124,3.1769186826686115,0.9639439745037518,0.9771732223554955,3.17164002472479,0.8402361738565225,1.0968491512531449,0.9629679921767548,0.8252688849211202,1.0824712590467778,2.979901836255726,3.338483986818741,0.10529803669128224,-0.15190433743437537,0.16684396209395125,-0.19173818846906387,False,False,0.0,0.18002571953977253,0.09042825660777731,0.18085651321555463
1925,32.083333333333336,True,False,53.4740554329373,50.0,66.06130608432812,53.18699523385359,57.85896454715185,49.41730870496844,74.0,3.4740554329372983,3.1543841000904154,3.1859279410913195,3.1591929115372333,0.9412826082191792,3.1915339000938308,0.9589297744652894,0.9722091161157824,3.1859279410913195,0.8352445577193817,1.092054098697658,0.9579588689463435,0.8203226736902967,1.0777200860764666,2.9937719055043486,3.3524888078225525,0.10551096996068421,-0.15188644242548577,0.16656086673123305,-0.19215603558697092,False,False,0.0,0.18085651321555463,0.09084292634741542,0.18168585269483084
1930,32.166666666666664,True,False,53.50539128538842,50.0,66.1226244167062,53.21811107011917,57.90144498171261,49.44093988005401,74.0,3.50539128538842,3.1686186799688407,3.200304866768529,3.1731303566634503,0.9363683349436995,3.2062239169437152,0.9539374995392286,0.9672621765347231,3.200304866768529,0.8302685917421225,1.0872741878231404,0.9529716486447343,0.8153933901584222,1.072985336934795,3.00772778879986,3.3665789648148645,0.1057231604000719,-0.15186878637630097,0.16627409804633553,-0.19257707796866885,False,False,0.0,0.18168585269483084,0.09125689451039311,0.18251378902078622
1935,32.25,True,False,53.536325694408994,50.0,66.18416909622026,53.24882714928186,57.943668130312616,49.46416495760185,74.0,3.536325694408994,3.182939696310884,3.2147690932739925,3.1871533768073625,0.9314775619802412,3.220986818934966,0.9489675069186672,0.9623327687658184,3.2147690932739925,0.8253086828775359,1.0825098271160156,0.9480066880892537,0.8104813870296127,1.0682673658374973,3.021767845915984,3.380752821349003,0.10593459707167885,-0.15185138173620572,0.16598372807501027,-0.1930012473580085,False,False,0.0,0.18251378902078622,0.09167018518166424,0.18334037036332848
1940,32.333333333333336,True,False,53.566865787488254,50.0,66.24591609996838,53.27915061736424,57.98564093384792,49.48698872331574,74.0,3.566865787488254,3.1973455011354375,3.229318956146792,3.2012603336324936,0.9266105470504948,3.2358207538863906,0.9440201314607042,0.9574212425553106,3.229318956146792,0.8203652208369892,1.0777614078139959,0.9430643217961461,0.8055870022626123,1.0635665122478764,3.0358904787342165,3.395008783049782,0.10614526969256577,-0.15183424029269832,0.16568982690299006,-0.19342847741257563,False,False,0.0,0.18334037036332848,0.09208282105136509,0.18416564210273018
1945,32.416666666666664,True,False,53.59701857127886,50.0,66.30784107762663,53.30908849727326,58.02737019281643,49.50941592872577,74.0,3.597018571278859,3.2118344886262293,3.2439528335124916,3.2154496308919995,0.9217675294492897,3.250723929868959,0.9390956865631039,0.9525279326983673,3.2439528335124916,0.8154385788686209,1.0730293046843589,0.9381448628445015,0.8007105592052643,1.0588831010113513,3.050094129863155,3.40934529623319,0.10635516831298397,-0.15181737349310298,0.1653924627206984,-0.19385870364933666,False,False,0.0,0.18416564210273018,0.0924948234553313,0.1849896469106626
1950,32.5,True,False,53.626790926732035,50.0,66.36991941101542,53.33864768280024,58.06886256039448,49.53145128711117,74.0,3.626790926732035,3.2264050937383693,3.258669144675753,3.2297197130481727,0.9169487307799432,3.2656946133688054,0.934194465009273,0.9476531596424229,3.258669144675753,0.8105291143324986,1.0683138765991729,0.9332486037108993,0.7958523674490621,1.054217443210073,3.064377281284947,3.423760846553189,0.10656428356765013,-0.15180079219336085,0.16509170187743605,-0.19429186339080617,False,False,0.0,0.1849896469106626,0.09290621241442971,0.18581242482885943
1955,32.583333333333336,True,False,53.65618960485208,50.0,66.43212627134457,53.367834933494656,58.11012453299093,49.553099467266755,74.0,3.6561896048520808,3.241055790832947,3.2734663487412763,3.244069063919068,0.9121543556629219,3.280731127466146,0.929316739782675,0.9427972300463717,3.2734663487412763,0.8056371693629133,1.0636154671976659,0.9283758171333375,0.7910127231997377,1.0495698365335864,3.078738453029448,3.438253957676222,0.10677260648721465,-0.15178450684663403,0.1647876089349456,-0.19472789571182814,False,False,0.0,0.18581242482885943,0.09331700667275597,0.18663401334551194
1960,32.666666666666664,True,False,53.68522122302638,50.0,66.4944366741029,53.396656872961096,58.151162442968776,49.574365089021,74.0,3.6852212230263817,3.255785092340188,3.2883429432635896,3.2584962053528352,0.9073845924187627,3.2958318500327985,0.9244627648517633,0.9379604371926054,3.2883429432635896,0.8007630714424437,1.058934405460363,0.9235267567994471,0.7861919097006738,1.0449405657023043,3.0931762018765423,3.4528231899838877,0.10698012850969896,-0.1517685274919316,0.16448024672029815,-0.19516674138704726,False,False,0.0,0.18663401334551194,0.09372722373472318,0.18745444746944637
1965,32.75,True,False,53.71389226189009,50.0,66.55682553157109,53.42511998483523,58.191982452587546,49.595252719706416,74.0,3.713892261890088,3.2705915474515903,3.303297462926106,3.2729996959302152,0.9026396137261629,3.3109952119506767,0.9196327759264792,0.9331430614873444,3.303297462926106,0.7959071339244532,1.0542710062316492,0.918701658181135,0.7813901977617612,1.0403299029964395,3.1076891200870134,3.4674671393041416,0.10718684150909508,-0.15175286372558316,0.1641696763780356,-0.19560834283909267,False,False,0.0,0.18745444746944637,0.09413687990112486,0.18827375980224972
1970,32.833333333333336,True,False,53.74220906268726,50.0,66.61926770294696,53.4532306089376,58.23259054761797,49.615766870289185,74.0,3.742209062687259,3.2854737408413053,3.318328478249718,3.2875781296955777,0.897919577256124,3.326219695353395,0.9148269911873126,0.9283453709462538,3.318328478249718,0.7910696565617691,1.0496255707485203,0.9139007392374424,0.7766078462046324,1.0357381087012931,3.122275834162113,3.4821844356712157,0.10739273775503932,-0.1517375247416214,0.1638559574214975,-0.19605264408760537,False,False,0.0,0.18827375980224972,0.09454599030422271,0.18909198060844543
1975,32.916666666666664,True,False,53.77017782509277,50.0,66.68173804208286,53.480994941995945,58.272992531519535,49.63591199189667,74.0,3.770177825092773,3.3004302914169474,3.3334345943311168,3.3022301349166643,0.8932246262829958,3.34150383189285,0.9100456119879082,0.9235676214887554,3.3334345943311168,0.7862509260087159,1.0449983871426842,0.9091242011320446,0.771845102061476,1.0311654313061445,3.1369350036320434,3.4969737421144336,0.10759780981738909,-0.15172251942727932,0.1635391477833168,-0.1964995906990734,False,False,0.0,0.18909198060844543,0.09495456894191372,0.18990913788382743
1980,33.0,True,False,53.79780460546118,50.0,66.74421144284328,53.50841903349788,58.313194022137964,49.65569247435515,74.0,3.797804605461181,3.31545985109993,3.348614449610929,3.3169543728732385,0.888554890273241,3.356846201032462,0.9052888235321455,0.9188100574236433,3.348614449610929,0.7814512162259354,1.0403897308454448,0.9043722288775371,0.7671022012108019,1.0266121081400696,3.1516653198733615,3.511833753475943,0.10780205071642635,-0.15170785621284144,0.16321930386501426,-0.1969491297375674,False,False,0.0,0.18990913788382743,0.09536262871096116,0.1907252574219223
1985,33.083333333333336,True,False,53.825095315471756,50.0,66.80666288209977,53.53550878576597,58.3532004462428,49.675112642855616,74.0,3.8250953154717564,3.330561103635326,3.3638667146716794,3.3317495366746526,0.8839104854527118,3.3722454283684975,0.9005567955266014,0.9140729117581123,3.3638667146716794,0.7766707889597331,1.0357998650671203,0.8996449919943643,0.7623793684887625,1.022078365483334,3.1664655049553,3.5267631952573755,0.10800545372522175,-0.1516935432693498,0.16289648058569606,-0.19740120971637953,False,False,0.0,0.1907252574219223,0.09577018143945681,0.19154036287891363
1990,33.166666666666664,True,False,53.85205572114011,50.0,66.86906746038763,53.5622699517052,58.39301703705693,49.694176757010425,74.0,3.852055721140111,3.3457327634311995,3.3791900910655115,3.3466143501063375,0.8792915153532008,3.3877001839807632,0.8958496828092699,0.9093564065950795,3.3791900910655115,0.7719098941082043,1.0312290411632254,0.8949426451697491,0.7576768182393474,1.0175644191176385,3.1813343105148975,3.541760822495294,0.10820801252255896,-0.15167958835573214,0.16257073142978262,-0.19785578055061404,False,False,0.0,0.19154036287891363,0.09617723791843023,0.19235447583686047
1995,33.25,True,False,53.8786914421691,50.0,66.93140044025486,53.58870813646643,58.432648830185485,49.712889008495225,74.0,3.8786914421690994,3.360973574427287,3.39458331017156,3.361547566505096,0.8746980713390017,3.4032091808137555,0.8911676259553747,0.9046607533686347,3.39458331017156,0.7671687701419453,1.0266774990552512,0.8902653288434067,0.7529947543616875,1.013070474373494,3.196270516660847,3.5568254186653716,0.10840972100485924,-0.15166599900694722,0.1622421084938117,-0.19831279351071274,False,False,0.0,0.19235447583686047,0.09658380793270499,0.19316761586540998
2000,33.333333333333336,True,False,53.9050079516137,50.0,66.99363728234097,53.61482879494327,58.4721006626548,49.73125352116306,74.0,3.9050079516136975,3.376282308992844,3.4100451320827725,3.376547967663109,0.8701302331141905,3.4187711730891888,0.8865107518610936,0.8999861532413616,3.4100451320827725,0.7624476444093621,1.0221454675360335,0.8856131697932597,0.7483333708971165,1.0085967267173337,3.2112729309057926,3.5719557946150022,0.10861057347597214,-0.15165278234424506,0.16191066253222974,-0.1987722011769799,False,False,0.0,0.19316761586540998,0.09698990029106234,0.1939798005821247
2005,33.416666666666664,True,False,53.93101057583571,50.0,67.05575367922759,53.6406372324632,58.51137716938917,49.74927434894583,74.0,3.931010575835707,3.391657766853452,3.4255743445219866,3.3916143627603974,0.8655880692113121,3.434384954750697,0.8818791743059752,0.8953327973692194,3.4255743445219866,0.7577467335317296,1.0176331646648769,0.8809862816479381,0.7436928521004071,1.0041433618228124,3.2263403871269167,3.587150787524213,0.10881056445359294,-0.1516399452688123,0.16157644300222618,-0.19923395739506988,False,False,0.0,0.1939798005821247,0.09739552285567826,0.19479104571135653
2010,33.5,True,False,53.95670449472629,50.0,67.11772558710786,53.66613860613025,58.550482782435125,49.76695547591919,74.0,3.9567044947262886,3.4070987740464997,3.441169761786965,3.406745587325565,0.8610716374621327,3.4500493579413636,0.8772729944948027,0.8907008671369931,3.441169761786965,0.7530662436971216,1.0131407980615432,0.8763847655457084,0.7390733727635646,0.9997105558946561,3.24147174455449,3.6024092598945177,0.10900968875766293,-0.1516274943734286,0.16123949810755267,-0.19969801723247516,False,False,0.0,0.19479104571135653,0.09780068257094655,0.1956013651418931
2015,33.583333333333336,True,False,53.982094742175164,50.0,67.17952925532578,53.691337924585795,58.58942172997045,49.78430081608196,74.0,3.982094742175164,3.4226041819050668,3.4568302237241175,3.421940502224504,0.8565809854510964,3.4657632515146095,0.8726923015796396,0.8860905344526054,3.4568302237241175,0.7484063709606606,1.00866856520656,0.871808710529831,0.7344750984843565,0.995298475937248,3.25666588678811,3.617730098565475,0.10920794148464252,-0.1516154359682489,0.16089987484135726,-0.20016433693600755,False,False,0.0,0.1956013651418931,0.09820538549163181,0.19641077098326362
2020,33.666666666666664,True,False,54.00718620676744,50.0,67.24114125383977,53.716240047658864,58.628198035415195,49.80131421311077,74.0,4.007186206767443,3.438172866069862,3.4725545947305605,3.4371979926767926,0.8521161509520998,3.4815255395788496,0.8681371731627574,0.8815019620414296,3.4725545947305605,0.7437673015397639,1.004216653736524,0.8672581941342742,0.7298981859667093,0.9909072800550804,3.271921720840287,3.6331122137585763,0.10940531801365083,-0.1516037760747203,0.1605576190280158,-0.20063287389027362,False,False,0.0,0.19641077098326362,0.09860963681048458,0.19721927362096917
2025,33.75,True,False,54.03198363268966,50.0,67.30253849866821,53.74084968968131,58.66681551648489,49.81799943995824,74.0,4.031983632689659,3.453803725528881,3.48834176278417,3.452516967299432,0.8476771623491796,3.4973351600762483,0.86360767578112,0.8769353035934455,3.48834176278417,0.739149212110142,0.9997852417401589,0.8627332828083581,0.7253427830759792,0.9865371175080816,3.2872381762070293,3.648554538148139,0.10960181391463608,-0.1515925205174663,0.1602127753639686,-0.2011035865771409,False,False,0.0,0.19721927362096917,0.09901344088525477,0.19802688177050953
2030,33.833333333333336,True,False,54.05649162082795,50.0,67.36369827537649,53.76517141860002,58.70527778640196,49.83436020010567,74.0,4.0564916208279485,3.4694956816843994,3.5041906385012433,3.467896357177584,0.8432640390416847,3.5131910833957933,0.8591038653730955,0.8723907040722679,3.5041906385012433,0.734552270025069,0.9953744979776445,0.8582340324585402,0.7208090292850942,0.9821881291578094,3.302614203965038,3.6640560259588004,0.10979742508554147,-0.15158167478717377,0.15986538745755707,-0.20157643453620544,False,False,0.0,0.19802688177050953,0.09941680126514948,0.19883360253029897
2035,33.916666666666664,True,False,54.080714630043026,50.0,67.42459826066789,53.78920965915229,58.74358825306046,49.850400127024066,74.0,4.080714630043026,3.485247677446917,3.520100154221386,3.4833351149619194,0.8388767918344852,3.529092311020822,0.8546257877280068,0.8678682998623026,3.520100154221386,0.7299766336064344,0.990984582171718,0.853760488814487,0.7162970556455391,0.9778604474384924,3.3180487758951642,3.679615652089275,0.1099921475761898,-0.1515712442167635,0.159515497867889,-0.2020513783262219,False,False,0.0,0.19883360253029897,0.0998197207168412,0.1996394414336824
2040,34.0,True,False,54.104656978606656,50.0,67.48521654214154,53.81296869295669,58.78175012101018,49.86612278582396,74.0,4.104656978606656,3.5010586763556484,3.536069263119205,3.4988322139922197,0.8345154233137502,3.545037874211076,0.8501734789191483,0.8633682190336277,3.536069263119205,0.7254224523368832,0.9866156451998771,0.8493126879269313,0.7118069852140828,0.9735541967838058,3.3335408836316676,3.6952324112619097,0.11018597775017813,-0.1515612338195449,0.1591631481427047,-0.20252837948753744,False,False,0.0,0.1996394414336824,0.10022220124991077,0.20044440249982154
2045,34.083333333333336,True,False,54.1283228457861,50.0,67.54553163628219,53.836452660039974,58.819766391324414,49.8815316730575,74.0,4.128322845786101,3.516927661725144,3.5520969383423955,3.5143866474467886,0.8301799282088121,3.561026832719274,0.8457469657208454,0.8588905815480121,3.5520969383423955,0.7208898671262435,0.9822678293608504,0.844890656519101,0.7073389331255489,0.9692694936996952,3.349089537836928,3.710905317197684,0.11037891215168305,-0.15155164842246327,0.15880837885528853,-0.2030074005054674,False,False,0.0,0.20044440249982154,0.10062424414185651,0.20124848828371303
2050,34.166666666666664,True,False,54.15171627356366,50.0,67.60552250474763,53.859665562220194,58.85763986319958,49.8966302178164,74.0,4.1517162735636575,3.5328536358176175,3.568182172175794,3.529997427517306,0.8258702937406078,3.577058273542119,0.8413462660101347,0.8544354993913567,3.568182172175794,0.716379010517821,0.9779412685809572,0.8404944124699342,0.702893006756652,0.9650064469282651,3.364693767401146,3.726633401816206,0.11057094753690844,-0.15154249263470465,0.15845122964041236,-0.2034884047746477,False,False,0.0,0.20124848828371303,0.1010258499626462,0.2020516999252924
2055,34.25,True,False,54.17484116847908,50.0,67.66516856901947,53.88261126376973,58.89537313604561,49.911421783107876,74.0,4.174841168479077,3.5488356190405463,3.584323975230952,3.5456635846086764,0.8215864999571795,3.593131309705641,0.8369713891536023,0.8500030768091438,3.584323975230952,0.7118900068787369,0.9736360886044908,0.8361239651215784,0.6984693059958595,0.9607651577176852,3.380352618666629,3.74241571446028,0.11076208090854145,-0.15153377081328423,0.15809173922932818,-0.20397135656432308,False,False,0.0,0.2020516999252924,0.10142701859881277,0.20285403719762554
2060,34.333333333333336,True,False,54.19770130358407,50.0,67.7244497234838,53.90529349393328,58.932968610802014,49.9259096664798,74.0,4.1977013035840685,3.5648726491691147,3.600521375660806,3.5613841665634545,0.8173285200566955,3.60924507908467,0.8326223363799136,0.8455934104683093,3.600521375660806,0.707422972617922,0.9693524072117617,0.831779315718677,0.6940679233386284,0.9565457199174826,3.396065154676231,3.7582513211446362,0.11095230944917334,-0.15152548712968084,0.15772994548383013,-0.20445622098457505,False,False,0.0,0.20285403719762554,0.10182774927718485,0.2036554985543697
2065,34.416666666666664,True,False,54.22030032049775,50.0,67.78334634700798,53.9277158482444,58.97042849236148,49.94009710142638,74.0,4.220300320497749,3.5809637805930543,3.616773418398985,3.5771582379104334,0.8130963206984358,3.6253987432562327,0.8282991011385487,0.8412065896632612,3.616773418398985,0.7029780163670225,0.9650903344000609,0.827460457701227,0.6896889441514666,0.9523482202426464,3.4118304544455187,3.7741393038283735,0.1111416305793852,-0.15151764551179459,0.15736588542938845,-0.20494296395346634,False,False,0.0,0.2036554985543697,0.1022280405881267,0.2044560811762534
2070,34.5,True,False,54.24264173155402,50.0,67.84183931307943,53.949881792503945,59.007754791313815,49.95398725812305,74.0,4.2426417315540235,3.5971080835874445,3.633079164423319,3.592984879136946,0.8088898623021709,3.6415914863865977,0.8240016694452234,0.8368426964188894,3.633079164423319,0.6985552391857274,0.9608499725890313,0.823167377099935,0.6853324466797681,0.9481727382815135,3.4276476122582125,3.7900787597106818,0.11133004186262407,-0.1515102497391213,0.15699959528736285,-0.20543155216510645,False,False,0.0,0.2044560811762534,0.10262789050849172,0.20525578101698344
2075,34.583333333333336,True,False,54.26472892203091,50.0,67.8999099985718,53.97179466323955,59.04494932753412,49.96758324553639,74.0,4.264728922030912,3.613304643607033,3.6494376900431034,3.608863185984447,0.8047090993363515,3.6578225141516745,0.8197300202144848,0.832501805726015,3.6494376900431034,0.6941547347056829,0.9566314167646364,0.8189000528730048,0.680998502407606,0.9440193468556065,3.443515736984517,3.8060688005494434,0.11151754112959156,-0.151503303318409,0.15663111050634004,-0.2059219530585863,False,False,0.0,0.20525578101698344,0.10302729642408312,0.20605459284816624
2080,34.666666666666664,True,False,54.28656515245429,50.0,67.95754029120337,53.99345767122148,59.082013731791314,49.98088811181251,74.0,4.286565152454287,3.629552560603631,3.6658480862096674,3.6247922687669805,0.8005539805955055,3.6740910526904136,0.8154841255799257,0.828183985659116,3.6658480862096674,0.6897765893431154,0.9524347546918259,0.8146584571550648,0.6766871760328572,0.9398881119948034,3.4594339514218344,3.822108552002233,0.11170412633568738,-0.15149680962625878,0.15626046579256547,-0.206414134787833,False,False,0.0,0.20605459284816624,0.10342625515188415,0.2068525103037683
2085,34.75,True,False,54.30815356096697,50.0,68.0147125957514,54.014873903393124,59.11894944957342,49.99390484634309,74.0,4.308153560966971,3.64585094836615,3.6823094578498115,3.6407712517120334,0.796424449467231,3.69039634759086,0.8112639512024696,0.8238892975529143,3.6823094578498115,0.685420882437786,0.9482600670535403,0.8104425556525258,0.6723985257551394,0.9357790932253249,3.4754013916575266,3.8381971529893266,0.11188979567241064,-0.15149077179777493,0.15588769513951517,-0.20690806619228486,False,False,0.0,0.2068525103037683,0.10382476296178644,0.2076495259235729
2090,34.833333333333336,True,False,54.329497165756806,50.0,68.07140983908516,54.03604632593882,59.15575774362402,50.00663638067356,74.0,4.3294971657568055,3.66219893388284,3.6988209232216684,3.6567992723234264,0.7923204441891534,3.7067376629084503,0.8070694565671424,0.8196177961348168,3.6988209232216684,0.6810876864370806,0.9441074276348511,0.8062523079071525,0.668132603315029,0.9316923436089908,3.491417206453207,3.854333755078292,0.112074547474174,-0.15148519281978778,0.15551283185662346,-0.20740371676846125,False,False,0.0,0.2076495259235729,0.1042228155981148,0.2084456311962296
2095,34.916666666666664,True,False,54.35059886753572,50.0,68.12761547407922,54.056977786142866,59.19243969782168,50.01908559038263,74.0,4.350598867535723,3.6785956567252978,3.715381613292551,3.6728754807657493,0.78824189809621,3.723114280216148,0.8029005952687561,0.815369529701502,3.715381613292551,0.6767770670365576,0.939976903463548,0.8020876675303499,0.6638894542449,0.9276279099941065,3.507480556650219,3.870517521889699,0.11225838029260449,-0.15148007545660203,0.1551359085971482,-0.20790105664233183,False,False,0.0,0.2084456311962296,0.10462040830067791,0.20924081660135582
2100,35.0,True,False,54.37146145206425,50.0,68.18331348246744,54.07767101539305,59.22899622007847,50.03125529605945,74.0,4.371461452064253,3.6950402684538104,3.7319906711383486,3.6889990392699588,0.7841887398586046,3.7395254976859733,0.7987573152868829,0.8111445402513618,3.7319906711383486,0.672489083354884,0.9358685549851267,0.7979485825692336,0.6596691179294945,0.923585833076076,3.5235906145958067,3.886747628523582,0.11244129282471416,-0.1514754223218674,0.1547569573852332,-0.2084000565425419,False,False,0.0,0.20924081660135582,0.10501753582561292,0.21003507165122584
2105,35.083333333333336,True,False,54.39208759271472,50.0,68.23848837669614,54.09812863216109,59.26542804635574,50.04314826507294,74.0,4.3920875927147165,3.7115319320436178,3.748647251364054,3.7051691215596945,0.7801608937107678,3.755970629201476,0.794639559250517,0.8069428636169415,3.748647251364054,0.6682237880730293,0.9317824362020218,0.7938349957116316,0.6554716277763537,0.9195661475678765,3.539746563589639,3.903023261006204,0.11262328395093502,-0.15147123584058775,0.15437600964214981,-0.20890068777441506,False,False,0.0,0.21003507165122584,0.10541419246581823,0.21082838493163647
2110,35.166666666666664,True,False,54.41247985306766,50.0,68.2931252008341,54.118353143759954,59.30173574443837,50.05476721303962,74.0,4.4124798530676586,3.7280698213316565,3.765350519544973,3.7213849122979212,0.7761582796716473,3.7724490035006695,0.7905472646927872,0.8027645296415268,3.765350519544973,0.6639812275831538,0.9277185948225455,0.7897468445642972,0.6512970113907603,0.9155688823750396,3.5559475973502024,3.9193436157567194,0.11280435273351286,-0.15146751825076643,0.1539930962117464,-0.20940292219477064,False,False,0.0,0.21082838493163647,0.10581037207109678,0.21162074414219356
2115,35.25,True,False,54.43264068953642,50.0,68.34720953059508,54.13834695005732,59.33791971746787,50.06611480499634,74.0,4.43264068953642,3.7446531204833895,3.7820996516882235,3.737645606553461,0.7721808137566328,3.7889599633489612,0.7864803642960719,0.7986095622821541,3.7820996516882235,0.6597614421467783,0.9236770724190952,0.78568406185791,0.6471452906347032,0.9115940606546629,3.5721929195007185,3.935707899073333,0.11298449837250879,-0.1514642716474509,0.15360824738510948,-0.209906732187505,False,False,0.0,0.21162074414219356,0.10620606806801777,0.21241213613603555
2120,35.333333333333336,True,False,54.45257245401443,50.0,68.40072747252692,54.15811234597169,59.37398020849946,50.07719365729445,74.0,4.45257245401443,3.7612810234792864,3.798893833714079,3.7539504092870257,0.7682284081814232,3.805502864741563,0.7824387861278695,0.7944779797567663,3.798893833714079,0.6555644660207014,0.9196579045541166,0.7816465757399329,0.6430164818208011,0.9076417000093674,3.588481743074134,3.9521153266385634,0.11316372025260113,-0.1514614979359652,0.15322149292448417,-0.21041209063994515,False,False,0.0,0.21241213613603555,0.10660127347940741,0.21320254695881483
2125,35.416666666666664,True,False,54.47227739654092,50.0,68.45366566241978,54.177651523124744,59.409917304409184,50.08800633887649,74.0,4.4722773965409175,3.777952733620567,3.8157322609567728,3.770298534856349,0.7643009715581196,3.8220770761348857,0.7784224538677487,0.7903697947208003,3.8157322609567728,0.6513903276056282,0.915661120928773,0.7776343099649694,0.6389105958735696,0.9037118126486132,3.6048132900368337,3.968565123043176,0.11334201792781295,-0.1514591988472307,0.15283286208640323,-0.21091897091993905,False,False,0.0,0.21320254695881483,0.10699598094358281,0.21399196188716563
2130,35.5,True,False,54.4917576679806,50.0,68.50601126298423,54.19696657468202,59.44573093970425,50.09855537238491,74.0,4.4917576679806,3.7946674630537878,3.8326141376843257,3.7866892065400046,0.760398409083825,3.8386819777063974,0.7744312870256967,0.7862850143260494,3.8326141376843257,0.6472390495988822,0.9116867455357003,0.7736471841436924,0.6348276383281855,0.8998044053874947,3.6211867908306266,3.9850565213284503,0.11351939106144537,-0.1514573759978639,0.15244238364412466,-0.21142734685369913,False,False,0.0,0.21399196188716563,0.10739018273327074,0.21478036546654147
2135,35.583333333333336,True,False,54.51101532271315,50.0,68.55775196084811,54.216059496136964,59.48142090189162,50.108843236426466,74.0,4.511015322713149,3.811424432313893,3.8495386766370316,3.8031216560795382,0.7565206227220208,3.8553169606424307,0.770465201152183,0.7822236404266824,3.8495386766370316,0.6431106490977476,0.907734796762387,0.7696851138746297,0.6307676096497496,0.8959194799660504,3.637601483932693,4.0015887625463415,0.11369583953936802,-0.1514560307769327,0.1520500859093099,-0.21193719270433853,False,False,0.0,0.21478036546654147,0.1077838707742117,0.2155677415484234
2140,35.666666666666664,True,False,54.53005232132873,50.0,68.60887596291954,54.234932188468896,59.51698683471682,50.11887236605221,74.0,4.530052321328732,3.8282228698853182,3.8665050985841716,3.8195951232395173,0.7526675113769773,3.871981426453406,0.7665241080402229,0.7781856696969681,3.8665050985841716,0.6390051377726357,0.9038052875643864,0.7657480110809503,0.6267305052313938,0.8920570330474006,3.654056615433025,4.0181610953371845,0.11387136335043246,-0.15145516446557428,0.1516559967530129,-0.2124484831511464,False,False,0.0,0.2155677415484234,0.10817703666348108,0.21635407332696216
2145,35.75,True,False,54.54887053332604,50.0,68.65937199216143,54.25358646291211,59.552428243163725,50.128645154563934,74.0,4.548870533326038,3.8450620117807772,3.883512631898585,3.836108855385105,0.7488389710614529,3.8886747863159346,0.7626079159197379,0.7741710936901381,3.883512631898585,0.6349225219839705,0.8998982255822354,0.7618357840543922,0.6227163154871913,0.8882170563107039,3.670551438629064,4.034772775524561,0.11404596262056577,-0.15145477820294684,0.15126014362597617,-0.21296119326952123,False,False,0.0,0.21635407332696216,0.10856967168751193,0.21713934337502386
2150,35.833333333333336,True,False,54.5674717398094,50.0,68.70922928282113,54.272024040387514,59.58774449874596,50.13816395547308,74.0,4.567471739809399,3.861941101137337,3.9005605121487106,3.852662107076813,0.7450348950579183,3.9053964604412816,0.7587165296444873,0.7701798990885528,3.9005605121487106,0.630862802890807,0.8960136132501173,0.7579483377627639,0.6187250261849484,0.8843995367839788,3.687085213637103,4.051423065726943,0.11421963769542598,-0.15145487290360438,0.1508625535782322,-0.21347529851160774,False,False,0.0,0.21713934337502386,0.10896176683981869,0.21792353367963738
2155,35.916666666666664,True,False,54.58585763618171,50.0,68.75843757515744,54.29024655742437,59.6229348425274,50.147431082585335,74.0,4.585857636181707,3.8788593878294146,3.917647981707709,3.869254139682023,0.7412551740735424,3.9221458774696383,0.754849850871834,0.7662120677184158,3.917647981707709,0.6268259766321757,0.8921514479772411,0.7540855739670861,0.6147566182777348,0.8806044566756773,3.7036572070201204,4.068111234985762,0.11439238895726156,-0.151455449440681,0.15046325327805343,-0.21399077468758865,False,False,0.0,0.21792353367963738,0.10935331283840484,0.21870662567680968
2160,36.0,True,False,54.60402983483051,50.0,68.80698710970472,54.30825556672826,59.65799839163488,50.156448812791886,74.0,4.604029834830513,3.89581612809831,3.9347742893792934,3.885884221002941,0.7374996963891651,3.9389224738896655,0.7510077782356057,0.7622675767557939,3.9347742893792934,0.6228120343975528,0.8883117222183518,0.7502473913826635,0.6108110683195915,0.8768317937904234,3.7202666914316684,4.084836558409531,0.11456421703462949,-0.1514565084362024,0.15006226903023778,-0.21450759794762497,False,False,0.0,0.21870662567680968,0.10974430014292012,0.21948860028584025
2165,36.083333333333336,True,False,54.621989867804125,50.0,68.85486862111287,54.32605254139811,59.69293414238989,50.165219386115666,74.0,4.621989867804125,3.912810584197925,3.9519386900399045,3.9025516249205996,0.7337683480024704,3.9557256934827776,0.7471902075123005,0.7583463988001949,3.9519386900399045,0.6188209626047595,0.8844944236516675,0.746433685913371,0.6068883483397781,0.8730815214033008,3.7369129452754652,4.101598316833662,0.11473512260310581,-0.15145805046041683,0.1496596267937571,-0.21502574476443925,False,False,0.0,0.21948860028584025,0.11013471897146895,0.2202694379429379
2170,36.166666666666664,True,False,54.63973918947543,50.0,68.90207333159992,54.34363887579632,59.727740976353175,50.17374500800989,74.0,4.639739189475428,3.9298420240562897,3.9691404442968525,3.9192556310545634,0.7300610127655722,3.9725549867916183,0.743397031780873,0.7544485020658704,3.9691404442968525,0.6148527429856083,0.8806995352645608,0.7426443507248678,0.6029884262110785,0.8693536086281903,3.7535952523803253,4.118395796495636,0.11490510656231989,-0.15146007585479193,0.1492553521987836,-0.2155451919165272,False,False,0.0,0.2202694379429379,0.11052455931716515,0.2210491186343303
2175,36.25,True,False,54.657279179190695,50.0,68.94859294405188,54.36101589093239,59.7624176636379,50.1820278494428,74.0,4.657279179190695,3.946909720952546,3.986378818162071,3.9359955244379807,0.7263775725172139,3.9894098106122007,0.7396281415763348,0.7505738504112469,3.986378818162071,0.6109073527571216,0.876927035524815,0.7388792764788832,0.599111265483373,0.8656480202513803,3.7703129016900965,4.135228288725152,0.11507416984013341,-0.1514625849278739,0.14884947056308073,-0.2160659164719747,False,False,0.0,0.2210491186343303,0.11091381096435164,0.22182762192870328
2180,36.333333333333336,True,False,54.67461114390129,50.0,68.99441963480378,54.37818483481857,59.796962869559636,50.19007004957225,74.0,4.674611143901288,3.964012953209036,4.003653082741127,3.952770595207624,0.7227179072097757,4.0062896275091555,0.7358834250373919,0.7467224035449453,4.003653082741127,0.6069847646878133,0.8731768984469402,0.7351383514210739,0.5952568257980496,0.8619647171460096,3.78706518696825,4.152095089648954,0.1152423136010643,-0.15146557774689573,0.14844200690782738,-0.21658789577287685,False,False,0.0,0.22182762192870328,0.11130246350454895,0.2226049270090979
2185,36.416666666666664,True,False,54.69173632077595,50.0,69.03954604613324,54.39514688609315,59.83137515776121,50.19787371559367,74.0,4.691736320775952,3.981151003898138,4.0209625139371195,3.969580138308602,0.7190818950312774,4.023193905353575,0.7321627680483344,0.7428941171140742,4.0209625139371195,0.6030849472733527,0.8694490937678759,0.731421461556738,0.5914250627855556,0.8583036561696539,3.8038514065167606,4.16899549990993,0.11540953905557971,-0.15146905432851854,0.14803298597281067,-0.21711110742035888,False,False,0.0,0.2226049270090979,0.11169050635208566,0.22338101270417132
2190,36.5,True,False,54.708655879791856,50.0,69.08396527849698,54.4119031571869,59.86565299607982,50.205440924715674,74.0,4.708655879791856,3.998323160563512,4.038306392169147,3.9864234532133453,0.7154694125225591,4.040122116882901,0.7284660543753816,0.7390889428072388,4.038306392169147,0.599207864825814,0.8657435870362715,0.7277284907679586,0.5876159282841315,0.8546647903830926,3.8206708629090045,4.185928824400218,0.11557584757585382,-0.15147301452310735,0.14762243223107063,-0.21763552926014285,False,False,0.0,0.22338101270417132,0.11207792875945245,0.2241558575189049
2195,36.583333333333336,True,False,54.72537092630199,50.0,69.12767088253878,54.42845469617192,59.89979476115859,50.212773725111425,74.0,4.725370926301991,4.015528714955414,4.055684002104968,4.003299843654611,0.7118803346898126,4.057073739282336,0.7247931657976919,0.735306828501698,4.055684002104968,0.5953534776009998,0.8620603397398456,0.7240593209453892,0.5838293704410011,0.8510480691515339,3.837522862736252,4.202894372007935,0.11574124064983582,-0.1514774580606969,0.1472103699029672,-0.21816113936871595,False,False,0.0,0.2241558575189049,0.11246471983228963,0.22492943966457926
2200,36.666666666666664,True,False,54.74188250357781,50.0,69.17065685089621,54.44480248853511,59.93379874315166,50.219874136917205,74.0,4.741882503577813,4.032766962779729,4.073094632407527,4.020208617372093,0.7083145351126336,4.074048253787248,0.7211439822332195,0.7315477184105202,4.073094632407527,0.5915217419214257,0.8583993094284059,0.7204138321346818,0.5800653338814297,0.8474534383137017,3.854406716367509,4.219891455377216,0.11590571990318144,-0.15148238452909057,0.14679682296968988,-0.2186879160400177,False,False,0.0,0.22492943966457926,0.11285086854416032,0.22570173708832064
2205,36.75,True,False,54.75819159532486,50.0,69.21291760983141,54.46094746228689,59.96766314998056,50.22674415285731,74.0,4.75819159532486,4.050037203460408,4.090537575495012,4.037149085872363,0.7047718860477571,4.091045145306046,0.717518381859614,0.7278115531120147,4.090537575495012,0.5877126103113204,0.8547604498488803,0.7167919026389882,0.5763237596572206,0.8438808401303676,3.8713217377223144,4.2369193906812415,0.11606928701835284,-0.15148779345479413,0.1463818151862295,-0.2192158377726976,False,False,0.0,0.22570173708832064,0.1132363637509432,0.2264727275018864
2210,36.833333333333336,True,False,54.77429912816986,50.0,69.25444801071082,54.47689048834722,60.00138611350164,50.233385740349256,74.0,4.774299128169858,4.067338739914962,4.108012127314112,4.054120564201778,0.7012522585286302,4.108063902062992,0.7139162412303359,0.7240982697410345,4.108012127314112,0.5839260315717338,0.8511437110204606,0.7131934091361019,0.5726045855719166,0.8403302136095832,3.8882672440562414,4.253977497407933,0.11623194386854863,-0.1514936841691179,0.1459653700938217,-0.21974488325787034,False,False,0.0,0.2264727275018864,0.113621194204925,0.22724238840985
2215,36.916666666666664,True,False,54.79020597411831,50.0,69.29524332135603,54.49263238339819,60.034965692965685,50.23980084147242,74.0,4.790205974118308,4.0846708783426955,4.125517587126122,4.071122370732088,0.6977555224609786,4.125104015260461,0.7103374353861602,0.7204078020919861,4.125517587126122,0.5801619509362502,0.847549039390346,0.709618226795601,0.5689077461523923,0.8368014944783011,3.9052425557587,4.271065098157976,0.11639369238631503,-0.15150005593959381,0.14554751103185382,-0.22027503136742244,False,False,0.0,0.22724238840985,0.11400534856865428,0.22801069713730857
2220,37.0,True,False,54.80591295298015,50.0,69.33529921728788,54.508173913536076,60.06839988029911,50.24599137435706,74.0,4.805912952980151,4.102032928025357,4.143053257305611,4.088153826958338,0.6942815467145069,4.142164978760111,0.7067818379622465,0.716740080692407,4.143053257305611,0.5764203101690154,0.8439763779318034,0.7060662293667065,0.5652331727793287,0.833294615312885,3.9222469961628086,4.288181518454898,0.11655453462047793,-0.1515069079130783,0.14512826114928767,-0.2208062611428021,False,False,0.0,0.22801069713730857,0.11438881542834416,0.2287776308566883
2225,37.083333333333336,True,False,54.82142083476334,50.0,69.37461177288377,54.523515794847036,60.10168660503918,50.25195923429699,74.0,4.821420834763337,4.119424201139878,4.160618443151276,4.1052142573088535,0.6908301992108791,4.159246288782465,0.7032493212909201,0.7130950329795542,4.160618443151276,0.5727010476711885,0.8404256662506515,0.7025372893393524,0.5615807938845652,0.8298095057364864,3.939279891366963,4.305326086566835,0.11671447275693214,-0.15151423909498907,0.14470764341555853,-0.22133855178431316,False,False,0.0,0.2287776308566883,0.11477158330711748,0.22954316661423496
2230,37.166666666666664,True,False,54.83673034203328,50.0,69.41317745246734,54.53865869734228,60.13482373817158,50.25770629400694,74.0,4.8367303420332775,4.1368440125828885,4.178212452708717,4.122302988966899,0.6874013470081084,4.176347443624393,0.6997397565003315,0.7094725833592657,4.178212452708717,0.5690040986177234,0.83689684072207,0.6990312779441865,0.557950534928459,0.8263460923964386,3.956340570067816,4.322498133339717,0.11687350903717297,-0.15152204843080663,0.14428568063100045,-0.22187188264090096,False,False,0.0,0.22954316661423496,0.11515364067783038,0.23030728135566075
2235,37.25,True,False,54.85184215223699,50.0,69.45099310134847,54.55360324710477,60.16780909760675,50.263234405163914,74.0,4.851842152236991,4.154291679806704,4.195834596604771,4.139419351703767,0.6839948563814944,4.1934679433940305,0.6962530136091436,0.7058726533236859,4.195834596604771,0.565329395042339,0.8333898345756067,0.6955480653282848,0.5543423185949583,0.822904299159358,3.973428363404369,4.339696992041572,0.11703164583567216,-0.15153033472872757,0.14386239543680102,-0.22240623320040243,False,False,0.0,0.23030728135566075,0.1155349759755736,0.2310699519511472
2240,37.333333333333336,True,False,54.86675689999167,50.0,69.48805593683024,54.56835002791474,60.20064045241102,50.268545398986525,74.0,4.866756899991671,4.171766522666459,4.2134841878931235,4.15656267772297,0.6806105929012278,4.210607289762573,0.6927889616173841,0.7022951615837065,4.2134841878931235,0.5616768659569975,0.8299045780146798,0.6920875206576511,0.5507560648835673,0.8194840472031358,3.9905426048128607,4.356921998217594,0.1171888856194293,-0.1515390967001392,0.14343781032447023,-0.2229415830802628,False,False,0.0,0.2310699519511472,0.1159155776099656,0.2318311552199312
2245,37.416666666666664,True,False,54.88147517933552,50.0,69.5243635391983,54.58289958365561,60.23331552714865,50.273641086915134,74.0,4.881475179335517,4.189267863278087,4.231160541910868,4.173732301515227,0.6772484215067882,4.227764985732528,0.6893474685936071,0.6987400241719752,4.231160541910868,0.5580464374648846,0.8264409983295937,0.6886495121025746,0.5471916912155048,0.8160852551231306,4.00768262989215,4.374172489555736,0.11734523095115534,-0.1515483329564704,0.1430119476448679,-0.22347791201871825,False,False,0.0,0.2318311552199312,0.11629543397696993,0.23259086795393985
2250,37.5,True,False,54.89599754594086,50.0,69.55991384270791,54.59725242151732,60.26583200625532,50.27852326133528,74.0,4.895997545940858,4.206795025886841,4.248862976145709,4.190927559723943,0.6739082065782508,4.2449405354218905,0.6859284017585031,0.6952071545164745,4.248862976145709,0.5544380328691755,0.8229990200063303,0.6852339070426297,0.5436491124863133,0.8127078389847995,4.024847776279304,4.391447805762492,0.11750068446832496,-0.1515580420301612,0.14258482961678265,-0.22401519986640483,False,False,0.0,0.23259086795393985,0.11667453347052427,0.23334906694104854
2255,37.583333333333336,True,False,54.910324519288075,50.0,69.59470512658123,54.61140901336709,60.298187538921844,50.283193696718506,74.0,4.910324519288075,4.22434733674605,4.26659081011351,4.208147791020898,0.6705898120046153,4.262133443863797,0.6825316275650763,0.6916964635729619,4.26659081011351,0.5508515727635264,0.8195785648170704,0.6818405720373903,0.5401282412400387,0.8093517124979117,4.0420373835351,4.408747288448583,0.11765524892494983,-0.15156822233292322,0.14215647833507283,-0.22455342657841015,False,False,0.0,0.23334906694104854,0.11705286449376226,0.23410572898752452
2260,37.666666666666664,True,False,54.92445658479974,50.0,69.62873600602849,54.62536979745701,60.33037974291014,50.28765414995937,74.0,4.924456584799742,4.241924124005828,4.284343365245886,4.225392335991842,0.6672931012492673,4.279343216821159,0.6791570117755253,0.6882078599426951,4.284343365245886,0.5472869751504696,0.8161795519386204,0.6784693730021445,0.536628987750501,0.8060167870978433,4.059250793039135,4.426070281024272,0.11780892715514824,-0.15157887219219401,0.1417269157783858,-0.2250925722067505,False,False,0.0,0.23410572898752452,0.1174304154699449,0.2348608309398898
2265,37.75,True,False,54.938394195934286,50.0,69.66200542330411,54.639135182253135,60.36240620865989,50.291906360969016,74.0,4.938394195934286,4.259524717611411,4.302119964787525,4.242660537031703,0.6640179374126751,4.296569360615827,0.6758044195349394,0.6847412499165785,4.302119964787525,0.5437441555474359,0.8128018980584615,0.6751201752371799,0.5331512600428746,0.8027029719671855,4.076487347894272,4.443416128603986,0.11796172205060707,-0.15158998987370387,0.14129616381646137,-0.22563261689325298,False,False,0.0,0.2348608309398898,0.11780717485307447,0.23561434970614895
2270,37.833333333333336,True,False,54.952137776238196,50.0,69.69451263880894,54.65270554708569,60.39426450423622,50.295952053951666,74.0,4.952137776238196,4.277148449210854,4.319919933702963,4.2599517382491285,0.6607641832924276,4.313811381971815,0.6724737154419342,0.6812965376223201,4.319919933702963,0.5402230270646661,0.8094455174526857,0.6717928434424266,0.5296949641083897,0.7994101742504744,4.093746392840109,4.460784177919983,0.11811363662815433,-0.15160157351393044,0.14086424421702048,-0.22617354086285335,False,False,0.0,0.23561434970614895,0.11818313113814766,0.2363662622762953
2275,37.916666666666664,True,False,54.96568772135659,50.0,69.72625722224846,54.66608124357057,60.42595217857881,50.29979293740199,74.0,4.965687721356588,4.294794652071785,4.337742598592502,4.277265285380047,0.6575317014407065,4.331068787872129,0.6691647636163297,0.6778736251421561,4.337742598592502,0.5367235005285897,0.8061103221094105,0.6684872418931719,0.5262600039621306,0.7961382991120146,4.111027274175227,4.478173777244781,0.11826467396985851,-0.15161362118002553,0.14043117865227916,-0.22671532441727482,False,False,0.0,0.2363662622762953,0.11855827287114364,0.23711654574228727
2280,38.0,True,False,54.97904440100097,50.0,69.75723904385646,54.679262600063026,60.45746676534748,50.303430704605844,74.0,4.979044401000969,4.3124626610069345,4.355587287617004,4.294600525710004,0.6543203542192902,4.348341085428747,0.6658774277639937,0.6744724125275662,4.355587287617004,0.533245484583584,0.8027962218305564,0.6652032344254167,0.5228462816327738,0.7928872497256422,4.128329339687908,4.495584276322052,0.118414837198076,-0.15162613089479238,0.1399969887050485,-0.22725794792909593,False,False,0.0,0.23711654574228727,0.11893258865860908,0.23786517731721815
2285,38.083333333333336,True,False,54.99220816087414,50.0,69.78745826569218,54.69224992156116,60.488805787940066,50.306867035086306,74.0,4.992208160874142,4.330151812308153,4.373453330431235,4.311956808004981,0.651130003852182,4.365627781765329,0.6626115712389354,0.6710927979611461,4.373453330431235,0.529788885756077,0.7995031242959826,0.6619406845383765,0.5194536974182826,0.7896569275304508,4.1456519385950354,4.513015026305726,0.11856412956930473,-0.15163910054286345,0.13956169587449097,-0.2278013918361994,False,False,0.0,0.23786517731721815,0.11930606717698176,0.23861213435396353
2290,38.166666666666664,True,False,55.00517932455164,50.0,69.81691533301934,54.705043491275966,60.519966762161864,50.31010359428244,74.0,5.005179324551641,4.34786144368863,4.391340058125516,4.32933348245038,0.6479605124759449,4.382928383912156,0.659367057102769,0.6677346778596166,4.391340058125516,0.5263536085819268,0.7962309351908913,0.6586994554384091,0.5160821498972972,0.786447232242199,4.1629944214889445,4.53046537970699,0.11871255438258244,-0.15165252796231943,0.1391253215814734,-0.22834563663657192,False,False,0.0,0.23861213435396353,0.11967869718157322,0.23935739436314643
2295,38.25,True,False,55.01795819531901,50.0,69.84561096577363,54.7176435748125,60.550947200031416,50.313142034154325,74.0,5.017958195319011,4.365590894233043,4.409246803175374,4.346729900597968,0.6448117421878341,4.400242398712962,0.6561437481816323,0.6643979468885391,4.409246803175374,0.5229395556965855,0.7929795582960163,0.6554794100829441,0.5127315359456132,0.7832580618698223,4.180356140291899,4.5479346903489795,0.11886011498128313,-0.151666410942926,0.1386878871736057,-0.22889066288347504,False,False,0.0,0.23935739436314643,0.12005046751518975,0.2401009350303795
2300,38.333333333333336,True,False,55.03054505796512,50.0,69.87354615012542,54.73005041975001,60.581744614344146,50.31598399442001,74.0,5.030545057965121,4.383339504355359,4.427172899398912,4.364145415320439,0.6416835550918055,4.417569332743126,0.6529415071206556,0.6610824981241876,4.427172899398912,0.5195466278995439,0.7897488955520979,0.6522804112536961,0.5094017509763692,0.7800893129556399,4.197736448217965,4.565422313328796,0.11900681483145226,-0.15168074714781843,0.13824941392988332,-0.22943645118094746,False,False,0.0,0.2401009350303795,0.1204213671165083,0.2408427342330166
2305,38.416666666666664,True,False,55.04294018053032,50.0,69.90072213014336,54.742264258267014,60.612356521050955,50.31863110216359,74.0,5.042940180530323,4.401106615764006,4.445117681921647,4.38157938077338,0.6385758133424785,4.434908692238899,0.6497601964360805,0.6577882231124114,4.445117681921647,0.5161747242763559,0.7865388471819277,0.6491023216152372,0.506092688892331,0.7769408805276667,4.215134699741996,4.582927604986687,0.11915265741525538,-0.1516955342200803,0.13780992306504025,-0.22998298217965107,False,False,0.0,0.2408427342330166,0.1207913850280132,0.2415827700560264
2310,38.5,True,False,55.0551438160103,50.0,69.9271403995645,54.754285309222,60.64278044336731,50.321084972829695,74.0,5.0551438160103,4.4188915714341634,4.463080487148505,4.3990311523643415,0.6354883791871315,4.452259983037166,0.6465996785651001,0.6545150119422124,4.463080487148505,0.5128237422669398,0.7833493117586782,0.6459450037296393,0.5028042422271157,0.7738126582408609,4.232550250575456,4.600449922882036,0.11929764629864847,-0.15171076971509667,0.13736943573353066,-0.23053023657304905,False,False,0.0,0.2415827700560264,0.12116051040376394,0.24232102080752788
2315,38.583333333333336,True,False,55.06715620401423,50.0,69.95280269367512,54.76611377875991,60.67301391495552,50.32334721056143,74.0,5.067156204014232,4.436693715586877,4.4810606527427455,4.416500086728746,0.6324211150058021,4.4696227105254085,0.6434598159135181,0.6512627533634714,4.4810606527427455,0.5094935777555872,0.7801801862959393,0.6428083201589744,0.49953630224526646,0.7707045384772218,4.2499824576488585,4.61798862577597,0.11944178511375036,-0.15172645111820493,0.13692797303322468,-0.23107819509388694,False,False,0.0,0.24232102080752788,0.12152873251669014,0.24305746503338027
2320,38.666666666666664,True,False,55.078977572377916,50.0,69.97771098130727,54.77774986263394,60.703054482767605,50.32541940833738,74.0,5.078977572377916,4.45451239367476,4.499057517611507,4.433985541712414,0.629373883349562,4.486996379601408,0.6403404709013032,0.6480313348458094,4.499057517611507,0.5061841251657134,0.7770313663424865,0.6396921334360286,0.4962887589754057,0.767616412378969,4.2674306791005066,4.635543073620279,0.11958507753315961,-0.15174257587040374,0.13648555600877188,-0.23162683851100052,False,False,0.0,0.24305746503338027,0.12189604076568047,0.24379208153136095
2325,38.75,True,False,55.09060813873127,50.0,70.00186745695399,54.78919374843452,60.73289971048388,50.32730314862544,74.0,5.09060813873127,4.472346952374004,4.517070421897744,4.451486876360393,0.6263465469770367,4.504380494642336,0.6372415060061138,0.6448206426374509,4.517070421897744,0.5028952775331805,0.7739027460556352,0.6365963062107313,0.49306150128202536,0.7645481699203543,4.284894274271335,4.653112627552417,0.11972752728290348,-0.1517591413554255,0.1360422056546735,-0.2321761476264088,False,False,0.0,0.24379208153136095,0.12226242468229745,0.2445248493645949
2330,38.833333333333336,True,False,55.1020481120203,50.0,70.02527453300718,54.80044561587189,60.76254718180624,50.329000003985996,74.0,5.102048112020299,4.490196739582446,4.53509870697827,4.469003450911876,0.6233389688892332,4.521774559482818,0.6341627838048751,0.6416305618829483,4.53509870697827,0.49962692657912405,0.7707942182740875,0.6335207011769399,0.4898544170056085,0.7614997000478074,4.302372603705564,4.67069664989632,0.11986913816485911,-0.1517761448773398,0.13559794291805005,-0.23272610327270637,False,False,0.0,0.2445248493645949,0.12262787393720452,0.24525574787440904
2335,38.916666666666664,True,False,55.11329769398346,50.0,70.04793483212086,54.811505638786365,60.79199450276176,50.33051153698046,74.0,5.113297693983462,4.508061104423437,4.553141715467671,4.4865346268009425,0.6203510123627409,4.539178077401582,0.6311041670134716,0.6384609766820449,4.553141715467671,0.49637896280547067,0.7677056746134749,0.6304651812042267,0.4866673929725963,0.7584708906899251,4.319865029156937,4.688294504168822,0.12000991400788019,-0.15179358370944862,0.13515278870115122,-0.23327668631073362,False,False,0.0,0.24525574787440904,0.12299237834628117,0.24598475669256234
2340,39.0,True,False,55.124357080582314,50.0,70.06985117970197,54.82237398659575,60.82123930482202,50.33183930076848,74.0,5.124357080582314,4.525939397255256,4.571198791227809,4.50407976666288,0.6173825409813676,4.5565905511163445,0.6280655185246379,0.6353117701632528,4.571198791227809,0.4931512755629681,0.7646370055344119,0.6274296093085923,0.48350031510318126,0.7554616288652882,4.337370913600289,4.705905555091371,0.12014985870203543,-0.15181145506007154,0.13470676386356129,-0.23382787762752066,False,False,0.0,0.24598475669256234,0.1233559278764158,0.2467118557528316
2345,39.083333333333336,True,False,55.13522646338659,50.0,70.09102659653142,54.83305082563576,60.850279247436305,50.33298483932162,74.0,5.135226463386587,4.5438309696858346,4.589269279382693,4.521638234345829,0.6144334186662662,4.574011482786531,0.6250467014441029,0.6321828245574307,4.589269279382693,0.48994375313068006,0.7615881004220143,0.6244138487549663,0.4803530684625788,0.7524718007337551,4.354889621248191,4.723529168606848,0.12028897617632439,-0.1518297560948519,0.13425988922415488,-0.23437965813450212,False,False,0.0,0.2467118557528316,0.12371851265101244,0.24743702530202488
2350,39.166666666666664,True,False,55.14590603091367,50.0,70.11146429151682,54.84353632086119,60.87911202070736,50.33394968781191,74.0,5.145906030913672,4.561735174592527,4.6073525263384525,4.53920939492752,0.6115035097046122,4.591440374023496,0.622047579125062,0.629074021256647,4.6073525263384525,0.48675628278673533,0.7585588476566707,0.6214177630132781,0.4772255373222619,0.749501291657718,4.37242051757249,4.741164711901253,0.12042727040107093,-0.1518484839343851,0.1338121855628005,-0.23493200876596276,False,False,0.0,0.24743702530202488,0.1240801229551813,0.2481602459103626
2355,39.25,True,False,55.156395969922805,50.0,70.13116765457842,54.85383063603648,60.90773534799039,50.334735373007554,74.0,5.156395969922805,4.5796513661467015,4.625447879808169,4.556792614736871,0.6085926787768859,4.608876725907855,0.6190680152010325,0.625985240917189,4.625447879808169,0.4835887508764724,0.7555491346822093,0.6184412158609576,0.4741176052834233,0.7465499863255876,4.389962969330392,4.7588115534299655,0.12056474540839857,-0.1518676356337657,0.13336367362179669,-0.2354849104777772,False,False,0.0,0.2481602459103626,0.12444074924065994,0.24888149848131988
2360,39.333333333333336,True,False,55.16669646666373,50.0,70.15014024966956,54.863933936628456,60.93614698768887,50.335343413123844,74.0,5.16669646666373,4.597578899842917,4.643554688841347,4.574387261380179,0.6057007909828105,4.626320039013615,0.6161078736171606,0.6229163634742781,4.643554688841347,0.4804410428976454,0.7525588480911292,0.6154840713829345,0.4710291552284778,0.7436177687033166,4.4075163445950265,4.776469062948443,0.1207014052290385,-0.15188720824580032,0.13291437410709683,-0.2360383442463201,False,False,0.0,0.24888149848131988,0.12480038213038745,0.2496007642607749
2365,39.416666666666664,True,False,55.17680770808055,50.0,70.16838580793237,54.873846389785264,60.96434473644906,50.3357753188067,74.0,5.176807708080553,4.615517132532426,4.66167230385775,4.591992703771735,0.6028277118659995,4.643769813438723,0.6131670186600293,0.6198672682450798,4.66167230385775,0.4773130435428488,0.7495878736670422,0.6125461940155674,0.4679600695078748,0.7407045222212348,4.4250800127900645,4.794136611547014,0.12083725397615508,-0.15190719873720498,0.13246430768926398,-0.23659229106768542,False,False,0.0,0.2496007642607749,0.1251590124228636,0.2503180248457272
2370,39.5,True,False,55.18672988297052,50.0,70.18590822098953,54.8835681660841,60.99232643050534,50.33603259277505,74.0,5.186729882970518,4.63346542246081,4.679800076685417,4.60960831216854,0.5999733074373609,4.661225548841717,0.6102453149860352,0.6168378339728497,4.679800076685417,0.47420463678748503,0.7466360964726682,0.609627448532001,0.4649102299003096,0.7378101297342797,4.442653344728368,4.8118135716896715,0.12097229576142998,-0.15192760407254013,0.1320134950042542,-0.23714673195704972,False,False,0.0,0.2503180248457272,0.1255166310961539,0.2510332621923078
2375,39.583333333333336,True,False,55.196463183098274,50.0,70.20271153437236,54.89309943928198,61.02008994826498,50.33611673047463,74.0,5.196463183098274,4.6514231293094905,4.697937360602586,4.6272334582090195,0.5971374441973052,4.678686744484149,0.6073426276483754,0.6138279389299441,4.697937360602586,0.47111570593939556,0.7437034008994832,0.6067277001300226,0.46187951779447467,0.7349344737037695,4.460235712654279,4.829499317256514,0.12110653477382538,-0.15194842113546947,0.1315619566539281,-0.23770164794830695,False,False,0.0,0.2510332621923078,0.1258732293116564,0.2517464586233128
2380,39.666666666666664,True,False,55.20600780426583,50.0,70.21879994108525,54.90244038975405,61.04763321126038,50.336029219558334,74.0,5.20600780426583,4.669389614240915,4.716083510383324,4.644867514955396,0.594319989156806,4.696152899278454,0.6044588221227072,0.6108374609031034,4.716083510383324,0.4680461337277851,0.7407896707566664,0.6038468144320632,0.45886781406149657,0.7320774360698616,4.47782649028945,4.847193223589729,0.12123997516675822,-0.15196964684160685,0.13110971320640452,-0.23825702009387406,False,False,0.0,0.2517464586233128,0.12622879841757956,0.2524575968351591
2385,39.75,True,False,55.21536394733855,50.0,70.2341777753069,54.91159120356385,61.074954187472976,50.33577154123533,74.0,5.2153639473385525,4.687364239947179,4.734237882346651,4.6625098569395895,0.591520809857352,4.71362351184094,0.6015937643315271,0.6078662773111774,4.734237882346651,0.4649958023238243,0.7378947892917262,0.6009846574705535,0.4558749993100221,0.7292388985066576,4.49542505288195,4.86489466754285,0.1213726211954802,-0.15199127800115525,0.13065678519619883,-0.23881282946470073,False,False,0.0,0.2524575968351591,0.1265833299521515,0.253166659904303
2390,39.833333333333336,True,False,55.224531819227536,50.0,70.24884950622751,54.92055207475504,61.10205089174707,50.33534516947738,74.0,5.224531819227536,4.705346370701894,4.752399834408912,4.680159860212401,0.5887397743898368,4.731098080549603,0.5987473206673158,0.6049142652198407,4.752399834408912,0.4619645934347908,0.7350186392846585,0.5981410958050675,0.4529009537616017,0.7264187422976078,4.51303077725843,4.8826030275330625,0.12150447707776713,-0.152013311458239,0.1302031931241503,-0.2393690571504825,False,False,0.0,0.253166659904303,0.12693681564656,0.25387363129312
2395,39.916666666666664,True,False,55.23351163382871,50.0,70.26281973202202,54.92932320419549,61.128921388511145,50.334751572042826,74.0,5.233511633828712,4.723335372415065,4.770568726139215,4.697816902395746,0.5859767514124266,4.748576103606459,0.5959193580145016,0.6019813014593183,4.770568726139215,0.45895238833191915,0.732161103075819,0.595315996434465,0.4499455575040454,0.7236168485888865,4.53064304187919,4.900317683596433,0.12163554712956826,-0.15203574395527286,0.1297489574572177,-0.23992568426002503,False,False,0.0,0.25387363129312,0.12728924742762454,0.2545784948552491
