time_s,time_min,falla_prop_inyectada,falla_remi_inyectada,BIS,BIS_ref,BIS_desde_Ce_real,BIS_desde_Ce_bis,BIS_mas,BIS_menos,age_patient,error,Ce_remi_pred,Ce_remi_corr,Ce_remi_prom,Ce_prop,Ce_remi,Ce_bis,Ce_prop_obs,Ce_remi_obs,Ce_bis_menos,Ce_bis_mas,Ce_bis_inv,Ce_prop_menos,Ce_prop_mas,Ce_remi_menos,Ce_remi_mas,r_prop_sup,r_prop_inf,r_remi_sup,r_remi_inf,fallo_prop,fallo_remi,u_prop_app,u_remi_app,u_prop_cmd,u_remi_cmd
0,0.0,False,False,93.0,50.0,98.8,93.0,93.0,92.98617050583682,74.0,43.0,0.0,0.0,0.06,0.0,0.0,0.0,7.35781213734299e-12,0.0,0.0,0.0008516696527757772,7.321432349272073e-12,-0.05324687867621981,0.042423949740375944,-0.053049077232834634,0.11085276830149611,0.042423949733018135,-0.053246878683577616,0.11085276830149611,-0.053049077232834634,False,False,0.0,0.0,6.043972499999999,12.087944999999998
5,0.08333333333333333,False,False,92.9820329973238,50.0,98.78309264597125,92.92279960579083,92.83181320933852,92.6081764910726,74.0,42.9820329973238,0.29484020376562414,0.29778860580328037,0.02890184553433074,0.01927387911056376,0.13764640790836807,0.0,7.35781213734299e-12,0.29778860580328037,0.0,0.015999683059970925,7.321432349272073e-12,-0.011617768820023161,0.03712299549076285,0.4498423727680889,0.5373608255872309,0.037122995483405044,-0.011617768827380973,0.2395722197839505,0.15205376696480855,False,False,6.043972499999999,12.087944999999998,0.36791960302133986,0.7358392060426797
10,0.16666666666666666,False,False,92.85717671042218,50.0,98.60512954413085,92.723633867251,92.68826303481438,92.21482091774602,74.0,42.85717671042218,0.5796023880389035,0.5853984119192925,0.4936015991776599,0.057905539168809854,0.4069413492768468,0.0005272052246289467,7.35781213734299e-12,0.5853984119192925,0.0,0.024801247251724015,0.0005266714312256226,-0.03092608206379566,0.04942770470740157,0.6240408384892164,0.7613502772596665,0.04942770470004376,-0.030926082071153473,0.175951865340374,0.03864242656992389,False,False,0.36791960302133986,0.7358392060426797,0.3552132267257703,0.7104264534515407
15,0.25,False,False,92.4727209211322,50.0,98.19303891853278,92.41946473232407,92.3234756939553,91.5628105640896,74.0,42.47272092113219,0.8543431173460283,0.8628865485194885,0.6926955578744415,0.09716799083833001,0.6710799308490847,0.014667814453724837,0.0005292884321261227,0.8628865485194885,0.0,0.03362843981013063,0.014652963465005088,-0.021607933589836502,0.04428737867356146,0.942234244554764,1.0588538419812146,0.043758090241435336,-0.022137222021962624,0.19596729346172603,0.07934769603527547,False,False,0.3552132267257703,0.7104264534515407,0.32012039965450584,0.6402407993090117
20,0.3333333333333333,False,False,91.71308284729794,50.0,97.52579142331182,91.6912976530562,91.995228458661,90.97703555582403,74.0,41.71308284729794,1.1180311358695514,1.1292114472282468,1.0005440432679893,0.13687230066426503,0.9290964046515493,0.038562330718174886,0.020106993301369586,1.1292114472282468,0.0,0.037948704240696934,0.03852328678954109,-5.5925238048384895e-05,0.07813676905725053,1.1637730174669578,1.2983946558941917,0.05802977575588095,-0.02016291853941797,0.16918320866594483,0.03456157023871098,False,False,0.32012039965450584,0.6402407993090117,0.2665379167307912,0.5330758334615824
25,0.4166666666666667,False,False,90.56121308714083,50.0,96.60479429036499,90.5233522403392,91.54507015946841,90.00765604137843,74.0,40.56121308714083,1.3688408117752215,1.3825292198929737,1.2310838366805748,0.17670809862421377,1.1791896169074187,0.0682406979635484,0.048905716022736676,1.3825292198929737,0.0,0.05249386965331605,0.06817160502801016,0.029021882933893225,0.10374605424945157,1.4192582919627472,1.5500282525460372,0.0548403382267149,-0.01988383308884345,0.16749903265306343,0.036729072069773494,False,False,0.2665379167307912,0.5330758334615824,0.207304710927349,0.414609421854698
30,0.5,False,False,89.06247456015042,50.0,95.451400226762,89.00510018560828,91.01176686115947,88.82860633457257,74.0,39.06247456015042,1.604854946978402,1.6209034964481859,1.484643272254392,0.21630202613972493,1.419168874004047,0.10123686995259437,0.0814064684591449,1.6209034964481859,0.004375962901034147,0.07191297162076674,0.10113436876922606,0.059250419240639216,0.1395682115892932,1.6332117902611338,1.7719095879902333,0.0581617431301483,-0.022156049218505683,0.15100609154204747,0.012308293812947957,False,False,0.207304710927349,0.414609421854698,0.1510248485131441,0.3020496970262882
35,0.5833333333333334,False,False,87.2884579282704,50.0,94.1025225800016,87.20940622801966,89.94937518762839,87.3384992246149,74.0,37.288457928270404,1.8244949523716802,1.8427399018953972,1.7025606891256837,0.25528833347709756,1.646967521178439,0.1361286404598579,0.11630932711900642,1.8427399018953972,0.026039224980777168,0.09721678412763385,0.1359908117625764,0.09262937464152256,0.17312692106075125,1.845120556122843,1.9848926278790036,0.056817593941744834,-0.023679952477483862,0.1421527259836064,0.002380654227445822,False,False,0.1510248485131441,0.3020496970262882,0.10175308362761126,0.20350616725522253
40,0.6666666666666666,False,False,85.31875175495489,50.0,92.60445690205273,85.2171224696663,88.66097782881045,85.67245364771615,74.0,35.31875175495489,2.026688293238129,2.0469551761705103,1.9150065920009234,0.29334864339810535,1.8609187959880629,0.17202856690236354,0.1527614199789332,2.0469551761705103,0.05169895785861696,0.12550672739794877,0.1718543899356064,0.12653807638409906,0.2102502041117217,2.0314914785824594,2.1758525728817,0.05748878413278852,-0.026223343594834136,0.12889739671118994,-0.015463697588050884,False,False,0.10175308362761126,0.20350616725522253,0.061210389910853424,0.12242077982170685
45,0.75,False,False,83.23103137755598,50.0,91.00656426863328,83.10701466437814,87.16603242780954,83.83729052523513,74.0,33.23103137755598,2.2109058470826803,2.233014905553507,2.10367202573208,0.33022825911029385,2.0598556465957407,0.20831650039275135,0.19012876003772364,2.233014905553507,0.07998244047056535,0.156625956143791,0.20810558229400158,0.161637812824364,0.24668234163817734,2.204625706964478,2.351362348554359,0.056553581600453706,-0.028490947213359624,0.11834744300085198,-0.028389198589028997,False,False,0.061210389910853424,0.12242077982170685,0.029797676068164136,0.05959535213632827
50,0.8333333333333334,False,False,81.09484633248685,50.0,89.35599082610617,80.94946725422021,85.53305948481574,81.92284837800261,74.0,31.094846332486853,2.377130831068691,2.4009021393793777,2.2779940277594184,0.3657402115762465,2.2431203721147805,0.2445219908037911,0.22790053469006127,2.4009021393793777,0.1102569563505992,0.18932496740477892,0.24427441506918515,0.196732785413326,0.2840988312857758,2.3577426328447664,2.5078432144711704,0.056198296595714514,-0.031167749276735268,0.10694107509179274,-0.043159506534611314,False,False,0.029797676068164136,0.05959535213632827,0.007030720716725891,0.014061441433451782
55,0.9166666666666666,False,False,78.96802274232327,50.0,87.69403897099306,78.8028672970366,83.80471266318017,79.961942330751,74.0,28.96802274232327,2.525786985260703,2.55104485511331,2.4327929236579684,0.39976214229862034,2.4105235011102115,0.28027588722911595,0.26565258588817414,2.55104485511331,0.14180180992251112,0.22329585730991824,0.2799921110669402,0.23191298256191392,0.3209238325868875,2.4953145946486566,2.6480115751656155,0.05527124669871336,-0.03373960332626022,0.09696672005230544,-0.05573026046465346,False,False,0.007030720716725891,0.014061441433451782,0.0,0.0
60,1.0,False,False,76.89438567246734,50.0,86.05266405104426,76.71134020936763,82.03186463123895,78.00666240678434,74.0,26.894385672467337,2.658042605991029,2.6846230320509394,2.571663084907136,0.43225467319809424,2.5624582252597206,0.31528832898303666,0.3030037144794824,2.6846230320509394,0.17418584213669924,0.25790205644659253,0.31496910312785076,0.26655253913329485,0.3575070531656916,2.6167228999023973,2.772242075937683,0.05450333868620921,-0.036451175346187525,0.08761904388674369,-0.06790013214854218,False,False,0.0,0.0,0.0,0.0
65,1.0833333333333333,False,False,74.90383623329815,50.0,84.45372093811993,74.70488363028834,80.25065491803255,76.08397254203174,74.0,24.90383623329815,2.7753146904470953,2.8030678373515663,2.69448248792004,0.46325242484296103,2.6998136582048957,0.349343051168463,0.3396651782543177,2.8030678373515663,0.20694865391720957,0.29282786728790466,0.3489893453011519,0.30059842900969364,0.3932332250909028,2.7245376398294887,2.8825706901731896,0.053568046836585115,-0.039066749244624055,0.07950285282162328,-0.07853019752207757,False,False,0.0,0.0,0.0,0.0
70,1.1666666666666667,False,False,73.01502690955914,50.0,82.91225530197916,72.80211277473093,78.49528912098494,74.22339396950309,74.0,23.01502690955914,2.8789012044713718,2.9076902165160856,2.803554165001339,0.49281105616972637,2.823581883769268,0.3823031643524864,0.37544907880695066,2.9076902165160856,0.23977331507019062,0.32769174249585775,0.3819160867312803,0.33378347930986507,0.4281673336524977,2.819311849307546,2.9798623519129515,0.05271825484554704,-0.04166559949708559,0.07217213539686584,-0.08837836720853964,False,False,0.0,0.0,0.0,0.0
75,1.25,False,False,71.23830275443552,50.0,81.43878480844474,71.01325549114547,76.7892663658518,72.44097234069375,74.0,21.238302754435523,2.9699910439557535,2.999690954395311,2.8995871006102485,0.5209842408034043,2.9346927819440687,0.4140966511632044,0.41023372778409795,2.999690954395311,0.2723755312939872,0.3622629760430633,0.41367738299718443,0.36606457507274215,0.462077857802975,2.9025253240673297,3.0654378075120485,0.051844130018877055,-0.0441691527113558,0.06574685311673756,-0.09716563032798131,False,False,0.0,0.0,0.0,0.0
80,1.3333333333333333,False,False,69.5781323915366,50.0,80.04019288249677,69.34262176669797,75.15083358868823,70.74972361109846,74.0,19.5781323915366,3.049673163021952,3.080169894652171,2.983981565789689,0.547823737098145,3.0340178241453337,0.44469150983318684,0.443940234017673,3.080169894652171,0.3045558691497524,0.39632448825199146,0.4442412647277252,0.3973318691459578,0.49496891441718793,2.9749936302718623,3.1402135942592575,0.051028680399514914,-0.04660836487171521,0.06004369960708633,-0.10517626438030891,False,False,0.0,0.0,0.0,0.0
85,1.4166666666666667,False,False,68.03500637697825,50.0,78.72050977935935,67.7905277670924,73.59138803421037,69.15563084977575,74.0,18.035006376978245,3.1189449386766435,3.15013438806341,3.05760361226556,0.5733794557142634,3.1223736392207293,0.47407877433413703,0.4765161843830811,3.15013438806341,0.3361500735947286,0.42973389652431115,0.4735987749557808,0.4275583274421591,0.5267513744512062,3.0377635225941177,3.2051919456494713,0.05023519006812516,-0.04895785694092197,0.055057557586061456,-0.11237086546929209,False,False,0.0,0.0,0.0,0.0
90,1.5,False,False,66.60677778472913,50.0,77.48157155625609,66.35465202485318,72.11828344076189,67.66196186392713,74.0,16.606777784729132,3.1787198358015005,3.2105070341595154,3.1214777341217945,0.5976995248182504,3.2005253640011473,0.50226316248551,0.5079265067798133,3.2105070341595154,0.36703935284562483,0.46236980322903154,0.5017546267362832,0.45669539590892444,0.5574166241185619,3.0916275245885583,3.26120051916289,0.04949011733874853,-0.051231110870888885,0.05069348500337467,-0.11887950957095716,False,False,0.0,0.0,0.0,0.0
95,1.5833333333333333,False,False,65.28959758542399,50.0,76.32356163852648,65.03097973398317,70.73508207410336,66.26863815747625,74.0,15.28959758542399,3.229834430997144,3.2621327753071157,3.176414021875724,0.6208303529893076,3.2691897913631727,0.5292580390513915,0.5381484453785288,3.2621327753071157,0.39712768078450134,0.49414655169201493,0.5287221712868359,0.48472753954347625,0.5869295333681113,3.137403825021317,3.309047454271195,0.04878108798958247,-0.053420905835052546,0.046914678964079304,-0.12472895028579867,False,False,0.0,0.0,0.0,0.0
100,1.6666666666666667,False,False,64.07856959036368,50.0,75.24544683678702,63.81446233602597,69.44295418290005,64.97402311031723,74.0,14.078569590363685,3.2730548489056357,3.305785397394692,3.223225639646256,0.6428166899130081,3.32903832798945,0.5550825700614115,0.567168638318808,3.305785397394692,0.4263431649407314,0.5249940334971631,0.55452055526589,0.5116349947054305,0.6152850828403506,3.1757905963667463,3.3494450616444356,0.04811644452154251,-0.05553364361337754,0.043659664249743546,-0.1299948010279457,False,False,0.0,0.0,0.0,0.0
105,1.75,False,False,62.96820952443138,50.0,74.24532249142922,62.699478564716614,68.24112639782685,63.77500702346366,74.0,12.96820952443138,3.3090826601511014,3.3421734867526123,3.262617829005591,0.663701684939859,3.3806997732816275,0.5797599811445595,0.5949812578749789,3.3421734867526123,0.4546287061877316,0.5548610265884044,0.579172980746489,0.5374129946863456,0.6424730875300151,3.207455676189313,3.383061093087181,0.04749182965503618,-0.057568263188633284,0.04088760633456889,-0.13471781056329935,False,False,0.0,0.0,0.0011038174793336908,0.0022076349586673816
110,1.8333333333333333,False,False,61.9526263811033,50.0,73.3204290049615,61.6800150474224,67.12709434400004,62.66727213763916,74.0,11.9526263811033,3.33861413292539,3.3720002742546438,3.295258384638247,0.6835304635939703,3.4247880687101455,0.6033161921946693,0.6215810391792821,3.3720002742546438,0.4819415015354751,0.5837074631112029,0.6027053413944942,0.5620511835244485,0.6684892707112531,3.2330811894032907,3.410584756213229,0.04690823153197099,-0.0595298556548336,0.038584481958585215,-0.13891908485135307,False,False,0.0011038174793336908,0.0022076349586673816,0.00566919056171622,0.01133838112343244
115,1.9166666666666667,False,False,61.025300199769006,50.0,72.4665854897067,60.74944100434319,66.096290187655,61.64479144531222,74.0,11.025300199769006,3.3624550834611497,3.396079634295761,3.32183297280826,0.7023610218313991,3.461980959036124,0.6257790660539253,0.6469549709563308,3.396079634295761,0.5082464275183094,0.6115021180313381,0.6251454718460536,0.5855359018193204,0.6933191859307373,3.2535221642912324,3.432873528351633,0.04636421497440646,-0.06141906913701045,0.036793894055871856,-0.14255747000452867,False,False,0.00566919056171622,0.01133838112343244,0.010070791765041123,0.020141583530082247
120,2.0,False,False,60.17932860928027,50.0,71.67871243219702,59.900756869618874,65.14468451380763,60.702435869042006,74.0,10.179328609280269,3.381332945433345,3.4151462748876784,3.3431978463214325,0.7202595175631457,3.4929840304582225,0.6471818173873679,0.671114511114929,3.4151462748876784,0.5335129636352515,0.6382171220507664,0.6465265531400747,0.6078901915791094,0.7169888928359694,3.2694124548481143,3.450565690913562,0.045874381721040414,-0.06322431953581964,0.03541941602588361,-0.14573382003956414,False,False,0.010070791765041123,0.020141583530082247,0.014204150632533927,0.028408301265067853
125,2.0833333333333335,False,False,59.40789618491067,50.0,70.95183562983485,59.127063639315665,64.26741516017816,59.83452158113814,74.0,9.407896184910669,3.3958983547858965,3.4298573383337554,3.359989072880838,0.7372881700467226,3.5184449196742285,0.6675673040323543,0.6940850585135468,3.4298573383337554,0.5577265861542422,0.6638408286794211,0.6668913997097207,0.6291328848607138,0.7395178666246038,3.2813777130088524,3.4642896890162462,0.04543280811105699,-0.06495217365283301,0.03443235068249084,-0.148479625324903,False,False,0.014204150632533927,0.028408301265067853,0.01802709898375085,0.0360541979675017
130,2.1666666666666665,False,False,58.70445574769804,50.0,70.28119724685806,58.421742919348105,63.459715545929754,59.03568880716892,74.0,8.704455747698042,3.4067296980247863,3.440796995005034,3.3728337010125493,0.7535049479405471,3.538953827621087,0.6869844429158327,0.7159019540041391,3.440796995005034,0.5808830865519523,0.6883713412030373,0.6862888789677073,0.6493007578487694,0.7609447484674139,3.2899388285639866,3.4745696273631443,0.04504279446327475,-0.06660119615536975,0.03377263235811023,-0.15085816644104755,False,False,0.01802709898375085,0.0360541979675017,0.021523303777656516,0.04304660755531303
135,2.25,False,False,58.06286738947586,50.0,69.66231676191131,57.77859457488537,62.7166151719661,58.30055317881574,74.0,8.062867389475862,3.414338561812828,3.4484819474309565,3.3822542279635655,0.7689635501041454,3.555046028550123,0.7054843847917118,0.7366062746478657,3.4484819474309565,0.6029907345240919,0.7118191886862134,0.7047700898554012,0.6684297752886447,0.781306514880619,3.295574077186755,3.481886323650838,0.04470024023275332,-0.06817649935922099,0.03340437621988146,-0.1529078702442015,False,False,0.021523303777656516,0.04304660755531303,0.024697892034401994,0.04939578406880399
140,2.3333333333333335,False,False,57.47746162661086,50.0,69.09102017351867,57.191898409604384,62.033320635781436,57.624044134285484,74.0,7.477461626610861,3.419175780422108,3.453367538226329,3.3887302004187965,0.7837135380392378,3.567205307194984,0.7231181485305167,0.7562420648526587,3.453367538226329,0.6240659466929344,0.7342027432645187,0.7223859996162446,0.6865614349289054,0.8006460356351248,3.298693928630035,3.4866527660776883,0.04440397078246616,-0.06968062992375323,0.033285227851359345,-0.15467360959629373,False,False,0.024697892034401994,0.04939578406880399,0.02756799968072715,0.0551359993614543
145,2.4166666666666665,False,False,56.94305256950368,50.0,68.56344726023882,56.65642592058939,61.40517600792005,57.00133156674165,74.0,6.943052569503678,3.421637557959543,3.4558539335391387,3.3926733473538615,0.7978005695824665,3.575867935527932,0.7399353134611928,0.77485465830644,3.4558539335391387,0.6441320965313239,0.7555472153779278,0.7391861373593657,0.7037366444076527,0.8190052564862197,3.299664375665734,3.4892371198185277,0.04415059817977973,-0.07111801389878725,0.033383186279388966,-0.15618955787340472,False,False,0.02756799968072715,0.0551359993614543,0.030156313378094532,0.060312626756189064
150,2.5,False,False,56.45492372843101,50.0,68.076045363486,56.16742483498793,60.82780118818977,56.42793684478891,74.0,6.454923728431012,3.4220713374371603,3.456292050811532,3.394450747742131,0.8112666791575903,3.58142678578283,0.7559833370470498,0.7924896593616086,3.456292050811532,0.663216992140979,0.7758820581222488,0.7552179124927989,0.719997584496427,0.8364274736007883,3.2988028890709056,3.4899588951923297,0.04393781423917964,-0.07249207486518161,0.03366684438079792,-0.15748916174062622,False,False,0.030156313378094532,0.060312626756189064,0.03248736485991799,0.06497472971983598
155,2.5833333333333335,False,False,56.00880016173434,50.0,67.62555540195449,55.720590154429615,60.29708141132435,55.89970222971848,74.0,6.008800161734342,3.420781254132898,3.4549890666742273,3.3943808921316174,0.8241505704017407,3.5842353368038857,0.771307229977529,0.8091923111461348,3.4549890666742273,0.6813517861280183,0.795239949027716,0.7705262901643892,0.7353856581137186,0.8529550523978632,3.2963888953747547,3.489099338064399,0.04376274125172841,-0.07380665303241618,0.034110271390171754,-0.15860017129947268,False,False,0.03248736485991799,0.06497472971983598,0.0345855167699274,0.0691710335398548
160,2.6666666666666665,False,False,55.60081471310709,50.0,67.20899375933834,55.31202945723972,59.809202529937174,55.412810479805145,74.0,5.600814713107091,3.4180331088967786,3.4522134399857465,3.3927441167195767,0.836487902483473,3.5846114494351746,0.7859494355949052,0.8250070933561165,3.4522134399857465,0.6985697055297238,0.8136555037075938,0.7851536707070864,0.7499419857708477,0.8686300639768417,3.2926654495624024,3.486903179013523,0.04362297062072518,-0.07506510758526885,0.0346897390277765,-0.1595479904233441,False,False,0.0345855167699274,0.0691710335398548,0.036473918887762746,0.07294783777552549
165,2.75,False,False,55.22747262242751,50.0,66.82363233555185,54.93822672059534,59.36063587248815,54.96375830657838,74.0,5.227472622427513,3.414058850908517,3.448199439417602,3.3897843142879625,0.8483115606418545,3.582840856246661,0.7999498266436502,0.8399774606708434,3.448199439417602,0.7149053696284174,0.8311646251514769,0.7991398865200154,0.7637066823318392,0.8834934872387222,3.287845043603487,3.483584424741097,0.043516026567878785,-0.0762707783390042,0.03538498532349488,-0.16035439581411515,False,False,0.036473918887762746,0.07294783777552549,0.038174014041868674,0.07634802808373735
170,2.8333333333333335,False,False,54.885616827238856,50.0,66.46697818438481,54.59600696443805,58.94813544884439,54.54934484914508,74.0,4.885616827238856,3.409060587663723,3.4431511935403605,3.385714734172292,0.8596519066881089,3.5791803495285794,0.813345769196427,0.8541456700502295,3.4431511935403605,0.7303941327908814,0.8478038475257225,0.8125222658381518,0.7767189572453962,0.8975853589186258,3.282112402607151,3.4793291866155722,0.04343968886839633,-0.07742671280483326,0.036177993075211745,-0.1610387909332096,False,False,0.038174014041868674,0.07634802808373735,0.03970535375513297,0.07941070751026594
175,2.9166666666666665,False,False,54.57239515278153,50.0,66.1367536024579,54.28250289556364,58.56871904251614,54.16664639596643,74.0,4.572395152781532,3.403214153854005,3.437246295392545,3.3807207946113618,0.8705370081145004,3.573860672328666,0.8261722242904418,0.8675526664091285,3.437246295392545,0.7450716686910673,0.8636099366137852,0.8253357342952313,0.7890168433590972,0.9109444796421289,3.275628286593559,3.4742994851679976,0.04339181323300034,-0.07853582305003137,0.037053189775452466,-0.16161800879898625,False,False,0.03970535375513297,0.07941070751026594,0.04108558618006658,0.08217117236013316
180,3.0,False,False,54.28522994969973,50.0,65.8308771738086,53.99512409057675,58.21965332145053,53.81299668742072,74.0,4.285229949699733,3.3966722766525215,3.4306389994190467,3.3749638858807782,0.8809928460420777,3.5670891280646866,0.8384618696040138,0.8802380082151376,3.4306389994190467,0.7589736029912002,0.8786195278047526,0.8376129364741701,0.8006371994686583,0.9236084353151073,3.2685321265683878,3.4686359033715757,0.04337042709996963,-0.07960080874647935,0.03799690395252897,-0.16210687285065895,False,False,0.04108558618006658,0.08217117236013316,0.04233053689754843,0.08466107379509687
185,3.0833333333333335,False,False,54.021790374761636,50.0,65.54744604148027,53.73152889801994,57.89843453324074,53.48596410284025,74.0,4.021790374761636,3.3895673763022183,3.4234630500652403,3.368584014969982,0.8910435030726507,3.5590519292880214,0.8502452303826149,0.8922398213403995,3.4234630500652403,0.7721352543337929,0.8928688769370626,0.8493843667410602,0.8116156054346495,0.9356134865833112,3.2609447594121135,3.4624603289084668,0.04337366524291175,-0.08062421590574997,0.03899727884322646,-0.16251829065312684,False,False,0.04233053689754843,0.08466107379509687,0.04345433637209197,0.08690867274418394
190,3.1666666666666665,False,False,53.77996730555486,50.0,65.28471952780998,53.48959903971398,57.60277122005366,53.18333177162468,74.0,3.7799673055548624,3.382014039868036,3.415834180266716,3.3617025441602904,0.9007113325112086,3.5499163079863703,0.8615508129380821,0.903594773500563,3.415834180266716,0.7845914164376852,0.906393648089268,0.8606785025245245,0.8219863528261802,0.9469945676306074,3.2529706173550355,3.4558781548560584,0.043399794130044356,-0.0816084206743829,0.04004397458934239,-0.16286356291168058,False,False,0.04345433637209197,0.08690867274418394,0.04446956716043848,0.08893913432087697
195,3.25,False,False,53.557850769139755,50.0,65.04110413024114,53.267416777891185,57.33056643766519,52.903077911316565,74.0,3.5578507691397547,3.3741112037273386,3.407852315764612,3.354424386105547,0.9100171105772303,3.539832409821638,0.8724052365714331,0.9143380642628746,3.407852315764612,0.7963761958393444,0.9192287581093327,0.8715219361747132,0.8317824087759202,0.957785249840528,3.2446997832910944,3.448980342619829,0.04344718557765348,-0.08255565548695432,0.041128026855217215,-0.16315253247351746,False,False,0.04446956716043848,0.08893913432087697,0.045387415348635524,0.09077483069727105
200,3.3333333333333335,False,False,53.35370970875946,50.0,64.81513986084764,53.063244465437215,57.079901502868644,52.64335821377272,74.0,3.3537097087594603,3.3659440775096856,3.3996035182847826,3.3468400629554615,0.9189801732345652,3.5289349937306533,0.882833361361733,0.9245034269592088,3.3996035182847826,0.8075228804831605,0.9314082502243896,0.8819395026051553,0.8410354161452613,0.9680177462758909,3.2362097329805524,3.441845172424084,0.04351431931668204,-0.0834680108139475,0.04224165413930159,-0.1633937853042302,False,False,0.045387415348635524,0.09077483069727105,0.04621781748025203,0.09243563496050405
205,3.4166666666666665,False,False,53.16597388931378,50.0,64.60548786308442,52.875506267392616,56.84902048202517,52.40248937674081,74.0,3.1659738893137828,3.3575858391458975,3.3911616975373566,3.339027452702318,0.9276185392031823,3.51734495685601,0.892858410289686,0.9341231401201094,3.3911616975373566,0.8180638409238852,0.9429652003023821,0.8919544012824645,0.8497756904713772,0.977722910027463,3.22756690802893,3.434539823010136,0.04359976990735359,-0.0843474496487322,0.043378125472779416,-0.16359478950842643,False,False,0.04621781748025203,0.09243563496050405,0.04696959831696874,0.09393919663393747
210,3.5,False,False,52.99321773788445,50.0,64.41091922039953,52.70277185031636,56.63631601270462,52.178934264403054,74.0,2.99321773788445,3.3490991276667152,3.3825901189433822,3.331053365519533,0.935949020609779,3.505170703105369,0.9025020848383137,0.9432280462372092,3.3825901189433822,0.8280304540003529,0.9539316447062816,0.9015883117146132,0.8580322323604489,0.9869302494133524,3.218828079782602,3.4271217420388815,0.04370220317614315,-0.08519581387676034,0.044531623095499295,-0.16376203916078014,False,False,0.04696959831696874,0.09393919663393747,0.047650597227905274,0.09530119445581055
215,3.5833333333333335,False,False,52.834145921966844,50.0,64.23030486277517,52.54374183361074,56.440316170026875,51.971288337943726,74.0,2.8341459219668437,3.340537357522906,3.373942731098135,3.322974910910742,0.9439873226104047,3.4925093719245974,0.9117846736605942,0.951847576500195,3.373942731098135,0.8374530474555021,0.9643385288569344,0.9108615020277739,0.8658327424609519,0.995667944683635,3.2100415619097697,3.4196398643174324,0.04382036818343993,-0.08601483403924315,0.04569713321929747,-0.16390116918836517,False,False,0.047650597227905274,0.09530119445581055,0.0482677824706666,0.0965355649413332
220,3.6666666666666665,False,False,52.68758048023511,50.0,64.06260647532127,52.39723481162683,56.259672504440566,51.77826742322096,74.0,2.6875804802351126,3.3319458755415026,3.3652653342969177,3.3148407131136013,0.9517481331900376,3.479447942206384,0.9207251542025795,0.9600097804046437,3.3652653342969177,0.846360860670696,0.974215671394818,0.9197929304267292,0.8732036443430548,1.0039628730099666,3.2012482712529593,3.4121356778899155,0.043953092605322874,-0.08680613606158893,0.0468703435929978,-0.16401706304395836,False,False,0.0482677824706666,0.0965355649413332,0.04882735348609595,0.0976547069721919
225,3.75,False,False,52.552449335608436,50.0,63.90686831524101,52.26217577827837,56.09314910196321,51.59869662485907,74.0,2.5524493356084363,3.3233629792115265,3.356596609003642,3.3066919745714376,0.9592452042190703,3.4660642246915985,0.9293412873688061,0.9677413590534798,3.356596609003642,0.854782019659782,0.9835917423267292,0.9284003398609912,0.8801701102504648,1.0118406359024774,3.1924826651853935,3.404644166057672,0.044099276848997615,-0.08757124880301503,0.048047557054029966,-0.1641139438182484,False,False,0.04882735348609595,0.0976547069721919,0.049334831811433916,0.09866966362286783
230,3.8333333333333335,False,False,52.42777603625965,50.0,63.76220984815694,52.13758579025822,55.93961265038854,51.43150033648061,74.0,2.427776036259651,3.3148208128106758,3.3479690209387827,3.2985634156215324,0.9664914247289978,3.452427754779679,0.9376497054463695,0.9750677016370083,3.3479690209387827,0.8627435234740561,0.9924942522378686,0.9367003457648481,0.8867560915867352,1.0193255914090225,3.1837735645309104,3.3971946345579482,0.04425788977201417,-0.0883116100502731,0.049225613619165554,-0.16419545640787225,False,False,0.049334831811433916,0.09866966362286783,0.049795141465735784,0.09959028293147157
235,3.9166666666666665,False,False,52.31267058593146,50.0,63.62781912081808,52.02257273323739,55.79802340502418,51.27569321658666,74.0,2.312670585931457,3.3063461559338276,3.339409617493166,3.2904840995444293,0.9734988872613424,3.4386005963551773,0.9456659935857576,0.9820129242085841,3.339409617493166,0.8702712405226867,1.0009495511737245,0.9447085175009762,0.8929843515439599,1.026440888234464,3.1751448788212313,3.3898114406501922,0.044427964025879896,-0.08902857266462416,0.05040182315702646,-0.16426473867193447,False,False,0.049795141465735784,0.09959028293147157,0.05021267976735523,0.10042535953471046
240,4.0,False,False,52.206321239882215,50.0,63.502946793868254,51.91632306385701,55.66742699754905,51.13037205438702,74.0,2.2063212398822145,3.297961117250029,3.3309407284225294,3.282478159735712,0.9802789480456965,3.4246380660593814,0.953404765184863,0.9885999102555889,3.3309407284225294,0.8773899129146195,1.0089828352908796,0.952439453683337,0.8988765004239944,1.0332085025005355,3.1666162437848233,3.3825146340805983,0.04460859224494662,-0.08972340983159455,0.05157390565806885,-0.1643244846377061,False,False,0.05021267976735523,0.10042535953471046,0.05059137956205152,0.10118275912410304
245,4.083333333333333,False,False,52.107987156650225,50.0,63.38690076516888,51.818094414744024,55.54694700391693,50.99470842764537,74.0,2.107987156650225,3.2896837447791305,3.3225805822269217,3.2745654389327106,0.986842281674754,3.4105893863824948,0.9608797315474568,0.9948503526389596,3.3225805822269217,0.884123167606156,1.0166181601089648,0.9599068517307843,0.9044530325421223,1.0396492759506972,3.1582035824795485,3.3753205213513833,0.044798923311737626,-0.09039732009683732,0.05273993912446162,-0.1643769997473732,False,False,0.05059137956205152,0.10118275912410304,0.05093476380796436,0.10186952761592873
250,4.166666666666667,False,False,52.01699180846431,50.0,63.279041320837365,51.727208965681456,55.43577820653641,50.86794207704855,74.0,2.0169918084643115,3.2815285626235973,3.314343848249833,3.2667620519154656,0.9931989308658279,3.3964982750144674,0.9681037661959201,1.0007847964156553,3.314343848249833,0.8904935331225248,1.0238784591425163,0.9671235721199537,0.9097333644758907,1.0457829554243414,3.149919598609479,3.368242161878474,0.04499815900868609,-0.09105143193976462,0.05389831362864106,-0.16442424964035407,False,False,0.05093476380796436,0.10186952761592873,0.05124599340345286,0.10249198680690572
255,4.25,False,False,51.93271706450784,50.0,63.17877675750212,51.64304749347174,55.333180482870574,50.74937492129565,74.0,1.932717064507841,3.273507042896705,3.306242113325672,3.2590808802439764,0.9993583518289845,3.382403477060988,0.9750889642152539,1.0064226822056026,3.306242113325672,0.8965224608663412,1.0307855669529036,0.9741016977035089,0.9147358741664979,1.0516282330833984,3.1417742103723416,3.36128980440643,0.045205550877795764,-0.09168680803910467,0.05504769108075802,-0.16446790295333047,False,False,0.05124599340345286,0.10249198680690572,0.05152790906931854,0.10305581813863708
260,4.333333333333333,False,False,51.85459787140433,50.0,63.08555942518942,51.565044022106036,55.23847326140809,50.638365647936006,74.0,1.85459787140433,3.265628020537595,3.298284300742971,3.251532007389386,1.0053294557007275,3.3683392459951356,0.9818466969949365,1.011782389867667,3.298284300742971,0.9022303501386315,1.0373602457593054,0.9808525883573112,0.9194779406958971,1.0572027872391212,3.1337749317194246,3.3544712705918776,0.0454203973714542,-0.09230444917176994,0.056186969848906365,-0.16450936902354663,False,False,0.05152790906931854,0.10305581813863708,0.05178306801813509,0.10356613603627018
265,4.416666666666667,False,False,51.78211746430675,50.0,62.99888214569439,51.49268101259221,55.151030488077794,50.53432481873451,74.0,1.7821174643067508,3.2578980577802596,3.290477038358062,3.244123101155651,1.011120646448361,3.354335778564658,0.9883876627197973,1.0168812819254618,3.290477038358062,0.907636576167119,1.0436222149212595,0.9873869314250897,0.9239759838958046,1.0625233229307847,3.1259272073408626,3.3477922920899656,0.045642041005322875,-0.09290529802965719,0.05731525373190349,-0.16454983101719955,False,False,0.05178306801813509,0.10356613603627018,0.052013776064786285,0.10402755212957257
270,4.5,False,False,51.71480304993462,50.0,62.91827496624025,51.42548502208922,55.07027605662973,50.43671043957724,74.0,1.7148030499346234,3.2503217642324063,3.28282498187473,3.236859749715414,1.016739855602902,3.3404196083002535,0.994721932942541,1.0217357469784385,3.28282498187473,0.9127595203613017,1.0495901825244285,0.9937147882681076,0.9282455045633597,1.067605613042704,3.118234706791411,3.341256806581203,0.045869866064265574,-0.09349024241507875,0.05843182470647301,-0.16459027508331925,False,False,0.052013776064786285,0.10402755212957257,0.052222115757754095,0.10444423151550819
275,4.583333333333333,False,False,51.65222190991118,50.0,62.84330221270032,51.36302279027416,54.995679651344226,50.34502394151697,74.0,1.6522219099111766,3.2429020778079916,3.2753310985860713,3.229745756686307,1.0221945741370135,3.3266139617629755,1.000858995550378,1.0263612424654913,3.2753310985860713,0.9176166024741271,1.055281878762142,0.9998456371833983,0.9323011237958735,1.0724645384737386,3.1106995826045187,3.3348672176051335,0.04610329600824725,-0.09406011866961783,0.059536119019062195,-0.16463151598155257,False,False,0.052222115757754095,0.10444423151550819,0.05240997104140052,0.10481994208280104
280,4.666666666666667,False,False,51.593977878908575,50.0,62.77355981067351,51.304897702910424,54.92675296721991,50.25880653591811,74.0,1.593977878908575,3.2356405111319013,3.2679969162432205,3.2227834001048263,1.027491881768119,3.3129390812209456,1.006807794417262,1.0307723367810742,3.2679969162432205,0.922224313951328,1.0607140904039225,1.0057884129541435,0.9361566222462526,1.0771141281676815,3.103322696621792,3.3286246224455938,0.04634179138660732,-0.09461571453482154,0.06062770620237323,-0.16467421962142836,False,False,0.05240997104140052,0.10481994208280104,0.05257904889666724,0.10515809779333447
285,4.75,False,False,51.53970815750596,50.0,62.70867284629246,51.25074658977826,54.86304626696263,50.177635902242265,74.0,1.539708157505963,3.228537367486257,3.2608227411611197,3.215973659533693,1.032638473935081,3.299412517049921,1.0125767660123273,1.0349827506996827,3.2608227411611197,0.9265982522035838,1.0659026960958136,1.0115515435300495,0.9398249787177649,1.081567598426559,3.0961038182879013,3.322529011833149,0.04658484772687621,-0.09515777198191777,0.06170627067202927,-0.16471892287321843,False,False,0.05257904889666724,0.10515809779333447,0.05273089835100025,0.1054617967020005
290,4.833333333333333,False,False,51.48908042439154,50.0,62.64829334183978,51.200236826617555,54.804145242218205,50.10112317512962,74.0,1.4890804243915383,3.2215919298856113,3.2538078491844673,3.209316415060525,1.037640686668976,3.286049392802585,1.0181738732146381,1.0390053977555271,3.2538078491844673,0.9307531554274093,1.0708627021266426,1.0171429837205779,0.943318407845737,1.0858373912592276,3.0890417982041947,3.3165794447722337,0.046831993503700486,-0.09568698990979019,0.06277159558776635,-0.16476605098027264,False,False,0.05273089835100025,0.1054617967020005,0.05286692719797088,0.10573385439594175
295,4.916666666666667,False,False,51.44179021667913,50.0,62.59209822408697,51.1530637061789,54.749668150893605,50.02891020201734,74.0,1.4417902166791308,3.2148026264446807,3.2469506527091276,3.202810621488214,1.0425045195540923,3.272862645582103,1.0236066365646783,1.0428524236215435,3.2469506527091276,0.934702937609878,1.075608278302913,1.0225702464574624,0.9466483970412979,1.0899352119438768,3.0821347198537685,3.3107742014185435,0.04708278832233326,-0.09620402658024563,0.06382354870941587,-0.16481593285535912,False,False,0.05286692719797088,0.10573385439594175,0.052988416722940725,0.10597683344588145
300,5.0,False,False,51.39755855072939,50.0,62.539787465784656,51.108948048660025,54.699263202495096,49.960667043118626,74.0,1.3975585507293928,3.2081671748299416,3.240248846578241,3.196454460636156,1.0472356569538717,3.259863244081626,1.0288821631643525,1.046535244487741,3.240248846578241,0.9384607235188291,1.0801527937406135,1.0278404316557954,0.9498257425620938,1.0938720656731384,3.075380032064674,3.3051109165849866,0.047336821185397504,-0.09670950192564709,0.06486207000674549,-0.16486881451356705,False,False,0.052988416722940725,0.10597683344588145,0.05309653469170729,0.10619306938341458
305,5.083333333333333,False,False,51.35612975903759,50.0,62.491082382958574,51.06763403350657,54.65260616706331,49.896089689310976,74.0,1.356129759037593,3.2016827082589594,3.233699535341549,3.19024547432483,1.0518394876577337,3.247060386408668,1.0340071734196783,1.0500645840857123,3.233699535341549,0.9420388834849629,1.0845088523864108,1.0329602528933266,0.9528605842142629,1.0976582927893013,3.068774664479834,3.29958669615523,0.04759370870358892,-0.09720399987144945,0.06588716081368107,-0.1649248708617148,False,False,0.05309653469170729,0.10619306938341458,0.05319234682551946,0.10638469365103892
310,5.166666666666667,False,False,51.31726952152344,50.0,62.44572407262911,51.028887222822505,54.609398189310326,49.83489797928355,74.0,1.3172695215234427,3.1953458852232917,3.2272993440755244,3.184180680317532,1.0563211230882066,3.234461679597866,1.0389880258039998,1.0534505096536213,3.2272993440755244,0.9454490676738613,1.0886883279716593,1.0379360622154763,0.955762439399263,1.1013036033263393,3.062315128036442,3.294198218417136,0.04785309367271795,-0.09768807025435833,0.06689887434161168,-0.16498421603908264,False,False,0.05319234682551946,0.10638469365103892,0.05327682695558654,0.10655365391117308
315,5.25,False,False,51.28076307199187,50.0,62.403471977307085,50.992492763276715,54.56936378474989,49.776833693228646,74.0,1.2807630719918706,3.189152984857146,3.2210445147057176,3.178256673226789,1.0606854141932707,3.2220733025241883,1.0438307398043296,1.0567024665326334,3.2210445147057176,0.9487022398609353,1.0927023984171376,1.0427738730221336,0.9585402355944972,1.104817109950528,3.055997602225323,3.2889418220951065,0.04811464341789451,-0.09816223093813625,0.06789730738938893,-0.1650469124803946,False,False,0.05327682695558654,0.10655365391117308,0.05335086602490802,0.10670173204981603
320,5.333333333333333,False,False,51.24641356266515,50.0,62.36410256414519,50.958253745683244,54.53224900461884,49.72165880966157,74.0,1.246413562665147,3.1830999896506027,3.2149309895471085,3.172469712160215,1.0649369671360194,3.2099001537583627,1.0485410171994038,1.0598293115272372,3.2149309895471085,0.9518087104245754,1.0965615794081962,1.0474793813144516,0.9612023419779193,1.1082073600124605,3.0498180106951405,3.283813582654001,0.0483780484852232,-0.09862696954931793,0.06888259310689238,-0.16511297885196807,False,False,0.05335086602490802,0.10670173204981603,0.053415280082524115,0.10683056016504823
325,5.416666666666667,False,False,51.21404057155839,50.0,62.327408107971486,50.92598970829567,54.49781975127302,49.669153907531864,74.0,1.2140405715583924,3.1771826570092694,3.208954483579362,3.1668157966745705,1.0690801578824551,3.1979459857545107,1.0531242618051537,1.0628393449558735,3.208954483579362,0.954778168575007,1.1002757571618158,1.052057985448073,0.9637565996554659,1.111482366171757,3.0437720865854296,3.2788093782656227,0.048643021215883486,-0.09908274530040762,0.0698548946862605,-0.16518239699393256,False,False,0.053415280082524115,0.10683056016504823,0.05347081739601724,0.10694163479203447
330,5.5,False,False,51.18347873911521,50.0,62.29319556861665,50.89553527004024,54.46586023212967,49.61911670174084,74.0,1.183478739115209,3.171396580988547,3.2031105467984324,3.161290732425526,1.073119145778259,3.186213526624581,1.0575855978114588,1.0657403413918747,3.2031105467984324,0.9576197136616367,1.1038542202320174,1.0565148043927821,0.9662103507884421,1.1146496358938425,3.0378554288126565,3.273924946668284,0.04890929450196779,-0.0995299906034326,0.07081439986985139,-0.16525511798577597,False,False,0.05347081739601724,0.10694163479203447,0.05351816479134069,0.10703632958268137
335,5.583333333333333,False,False,51.15457652196669,50.0,62.261285553990476,50.866738881892054,54.43617153883933,49.571360699071775,74.0,1.154576521966689,3.1657372453774117,3.197394617831186,3.15589018774047,1.0770578861965296,3.1747045906332043,1.0619298868232452,1.0685395790799976,3.197394617831186,0.9603418855329257,1.1073056903309204,1.0608546948646562,0.9685704664129984,1.1177161996130238,3.0320635503925075,3.269155934008439,0.04917662053302618,-0.09996911266699926,0.07176131617725323,-0.16533106743867831,False,False,0.05351816479134069,0.10703632958268137,0.053557953314486914,0.10711590662897383
340,5.666666666666667,False,False,51.12719505295203,50.0,62.2315113612819,50.839461682712944,54.408570341318025,49.52571396432835,74.0,1.1271950529520325,3.1602000691712044,3.1918020698629164,3.1506097422004733,1.0809001423306677,3.1634201784382863,1.0661617437091342,1.071243868160991,3.1918020698629164,0.9629526938691498,1.1106383520888587,1.0650822670378604,0.9708433732638547,1.1206886378759449,3.026391919756937,3.2644979366280333,0.04944476971495382,-0.10040049489713632,0.07269586676511697,-0.16541015010597926,False,False,0.053557953314486914,0.10711590662897383,0.05359076329707705,0.1071815265941541
345,5.75,False,False,51.101207097663526,50.0,62.20371808946685,50.8135764551434,54.38288768492061,49.482017985367484,74.0,1.1012070976635258,3.1547804453533317,3.186328249806865,3.145444928192485,1.0846494961995956,3.1523605680056885,1.0702855513518394,1.0738595774834632,3.186328249806865,0.9654596465227281,1.1138598817909322,1.0692018993778676,0.9730350790714922,1.1235731069364423,3.0208359959144584,3.259946536650807,0.04971352945297913,-0.10082449841197094,0.07361828684394212,-0.16549225389240663,False,False,0.05359076329707705,0.1071815265941541,0.05361712889709217,0.10723425779418434
350,5.833333333333333,False,False,51.076496098771855,50.0,62.177761817019956,50.788966668247504,54.35896788474798,49.44012663095853,74.0,1.0764960987718553,3.1494737737999694,3.1809685115379693,3.1403912662826325,1.0883093589263275,3.1415253970392665,1.0743054743863683,1.0763926602237825,3.1809685115379693,0.967869776718859,1.1169774749452592,1.0732177522886104,0.97515119697021,1.1263753634408318,3.015391258204597,3.2554973321226615,0.04998270321704923,-0.10124146325357253,0.07452882058469212,-0.16557725333337237,False,False,0.05361712889709217,0.10723425779418434,0.05363754217657474,0.10727508435314947
355,5.916666666666667,False,False,51.05295530026832,50.0,62.15350883935584,50.76552559762516,54.3366675060883,49.39990519097602,74.0,1.052955300268323,3.144275489028303,3.175718243918586,3.135444295163629,1.091882980345354,3.13091373768931,1.0782254720045985,1.07884867840231,3.175718243918586,0.9701896692200621,1.1199978727887874,1.077133780954273,0.9771969687768017,1.1291007879649262,3.010053231311304,3.2511459623747405,0.050252109562616276,-0.10165170962550818,0.07542771845615448,-0.16566501260728206,False,False,0.05363754217657474,0.10727508435314947,0.05365245677029438,0.10730491354058876
360,6.0,False,False,51.03048694453918,50.0,62.130834961078364,50.743155524510456,54.31585442380057,49.36122949193939,74.0,1.0304869445391773,3.1391810834259952,3.170572894260255,3.1305995968430222,1.0953734579893717,3.1205241642320543,1.082049309898101,1.0812328259427797,3.170572894260255,0.9724254854434431,1.1229273877215922,1.0809537472585817,0.9791772867275148,1.1317544069918473,3.004817506123701,3.2468881292010656,0.050521581049067565,-0.10205553921526489,0.0763152349408105,-0.16575538813655433,False,False,0.05365245677029438,0.10730491354058876,0.05366229119212669,0.10732458238425338
365,6.083333333333333,False,False,51.0090015358807,50.0,62.10962483860659,50.72176699523271,54.29640695751041,49.32398508463135,74.0,1.0090015358806994,3.1341861265262043,3.1655279877914664,3.125852817662383,1.098783745501462,3.110354814349503,1.0857805714048707,1.0835499508487465,3.1655279877914664,0.9745829873877665,1.1257719275286278,1.084681230898741,0.9810967147892324,1.1343409144478822,2.9996797569648592,3.2427196143745456,0.05079096359913571,-0.10245323605951406,0.07719162658307921,-0.16584823082660716,False,False,0.05366229119212669,0.10732458238425338,0.0536674318201709,0.1073348636403418
370,6.166666666666667,False,False,50.98841716467952,50.0,62.08977136917741,50.701278145983366,54.2782130705411,49.28806649251556,74.0,0.9884171646795181,3.1292862808274946,3.1605791436357697,3.121199685669702,1.1021166605148431,3.100403444581594,1.0894226679201158,1.0858045760556252,3.1605791436357697,0.9766675606285105,1.1285370186488826,1.088319639825795,0.9829595082148156,1.136864691467532,2.994635755649449,3.2386362939650577,0.051060115411906803,-0.1028450678408096,0.07805715032928795,-0.1659433879863208,False,False,0.0536674318201709,0.1073348636403418,0.053668235596293086,0.10733647119258617
375,6.25,False,False,50.968658887031474,50.0,62.07117512260755,50.68161408084871,54.26116963339243,49.25337652133462,74.0,0.9686588870314736,3.124477314600335,3.155722087746338,3.1166360248072533,1.1053748920387583,3.090667480471052,1.0929788486261527,1.0880009192967828,3.155722087746338,0.9786842361358222,1.1312278282484411,1.0918722199528474,0.9847696326273752,1.1393298256736295,2.989681382777778,3.234634149869647,0.05132890637684673,-0.10323128666940762,0.07891206212330903,-0.16604070496856016,False,False,0.053668235596293086,0.10733647119258617,0.05366503247130308,0.10733006494260616
380,6.333333333333333,False,False,50.94965815506327,50.0,62.05374381253617,50.66270630219178,54.245181741718426,49.21982562052277,74.0,0.9496581550632683,3.119755112070806,3.150952663191514,3.1121577663237128,1.1085610073858267,3.0811440618745825,1.0964522095918559,1.0901429118512442,3.150952663191514,0.9806377111435906,1.1338491853271584,1.0953420641750655,0.9865307816831519,1.141740129023244,2.9848126366267183,3.230709278917682,0.05159721717199983,-0.10361213016809234,0.07975661572616799,-0.16614002656479565,False,False,0.05366503247130308,0.10733006494260616,0.05365812762322825,0.1073162552464565
385,6.416666666666667,False,False,50.93135229365931,50.0,62.037391804169964,50.644492185657384,54.23016208799599,49.18733129542561,74.0,0.9313522936593088,3.1151156813268184,3.1462668381400865,3.1077609577722,1.1116774586732967,3.071830083871688,1.0998457022879455,1.0922342163643135,3.1462668381400865,0.9825323689382555,1.1364056007288996,1.0987321209943275,0.9882463941528639,1.144099155060171,2.9800256399560667,3.226857899871614,0.0518649386958574,-0.10398782221144964,0.08059106173152752,-0.16624119818401972,False,False,0.05365812762322825,0.1073162552464565,0.053647803472660446,0.10729560694532089
390,6.5,False,False,50.91368401968922,50.0,62.022039655819235,50.62691449908154,54.216030379447766,49.15581756338206,74.0,0.9136840196892209,3.110555160251898,3.141660711854417,3.1034417699138404,1.1147265889280016,3.06272223366413,1.1031621415605732,1.0942782436381004,3.141660711854417,0.9843722977298953,1.1389012862191394,1.1020452024117278,0.9899196697744765,1.1464102149278632,2.9753166450117945,3.2230763586066575,0.05213197128976277,-0.1043585738636239,0.08141564675224044,-0.1663440668426226,False,False,0.053647803472660446,0.10729560694532089,0.05363432151631787,0.10726864303263574
395,6.583333333333333,False,False,50.89660100018444,50.0,62.00761369175181,50.60992096163711,54.2027128012991,49.12521445261459,74.0,0.8966010001844396,3.1060698207559425,3.137130518963502,3.0991965018092262,1.1177106378224384,3.0538170238242226,1.106404213102217,1.0962781684361016,3.137130518963502,0.9861613085154811,1.1413401725409567,1.105283991395436,0.991553584316269,1.148676392582463,2.9706820369746665,3.219361131719622,0.052398224146361416,-0.10472458411983254,0.08223061275612009,-0.16644848198883544,False,False,0.05363432151631787,0.10726864303263574,0.05361792399745831,0.10723584799491662
400,6.666666666666667,False,False,50.88005544622919,50.0,61.994045604103064,50.593463834618326,54.19014152079633,49.09545753961105,74.0,0.8800554462291927,3.1016560715406447,3.132672632256051,3.095021584347144,1.1206317470672358,3.045110822218592,1.1095744804557637,1.098236944581431,3.132672632256051,0.987902952010792,1.1437259265269428,1.108451048879988,0.9931509040248472,1.1509005593813595,2.9661183360734173,3.215708828787605,0.05266361479992843,-0.10508604055658388,0.08303619653155403,-0.16655429618263362,False,False,0.05361792399745831,0.10723584799491662,0.053598835429535446,0.10719767085907089
405,6.75,False,False,50.864003739617395,50.0,61.98127208177103,50.57749955098829,54.17825422700845,49.066487520339834,74.0,0.8640037396173952,3.0973104596091487,3.1282835642052405,3.0909135824305114,1.1234919654833047,3.036599878905343,1.112675391584747,1.1001573189366627,3.1282835642052405,0.9896005347583526,1.1460619673753802,1.11154882038486,0.9947141987203434,1.1530853873101876,2.9616221985556774,3.2121161934711577,0.05292806837352493,-0.1054431202163193,0.08383262926591728,-0.16666136564956302,False,False,0.053598835429535446,0.10719767085907089,0.053577263987698465,0.10715452797539693
410,6.833333333333333,False,False,50.84840608958418,50.0,61.96923446439442,50.56198836905217,54.16699370819718,49.038249816736965,74.0,0.8484060895841807,3.0930296707045692,3.123959967411615,3.0868691960134176,1.1262932537751777,3.0282803502764684,1.1157092850401473,1.1020418448391958,3.123959967411615,0.9912571342491191,1.1483514819292844,1.114579642047329,0.9962458548470101,1.1552333621571271,2.9571904166868297,3.208580103633348,0.05319151731793137,-0.10579598999218565,0.08462013622173314,-0.16676955072478528,False,False,0.053577263987698465,0.10715452797539693,0.053553402780940194,0.10710680556188039
415,6.916666666666667,False,False,50.833226217154376,50.0,61.95787841966522,50.54689405849297,54.15630745765563,49.010694210139405,74.0,0.8332262171543761,3.0888105288397765,3.119698634128174,3.082885260160089,1.1290374890254176,3.0201483206935733,1.1186783957517354,1.1038928945506723,3.119698634128174,0.9928756133595059,1.1505974392607254,1.1175457465674754,0.9977480870418676,1.1573467951977465,2.9528199179263432,3.2050975706254423,0.053453900647074226,-0.10614480750880473,0.08539893649726826,-0.1668787162018308,False,False,0.053553402780940194,0.10710680556188039,0.05352743101642332,0.10705486203284664
420,7.0,False,False,50.81843106486026,50.0,61.94715364236419,50.53218360915039,54.146147312242434,48.98377450532688,74.0,0.8184310648602633,3.084649995061236,3.115496495011848,3.0789587442758926,1.1317264689284745,3.012199821843379,1.1215848604697876,1.1057126710883405,3.115496495011848,0.9944586338595325,1.1528026043169577,1.1204492685235437,0.9992229496168124,1.1594278347863487,2.9485077634131294,3.2016657378717612,0.05371516369800822,-0.10648972147152813,0.08616924285991301,-0.16698873159871885,False,False,0.05352743101642332,0.10705486203284664,0.053499515066064166,0.10699903013212833
425,7.083333333333333,False,False,50.80399052977301,50.0,61.93701357363241,50.51782696359445,54.136469115810236,48.95744821804342,74.0,0.8039905297730101,3.0805451655721723,3.111350617227894,3.0750867506424453,1.1343619157810159,3.0044308500197103,1.1244307228809993,1.1075032193353491,3.111350617227894,0.9960086692575136,1.1549695508944893,1.123292249540873,1.0006723469882122,1.1614784768883415,2.9442511458751253,3.198281878869862,0.05397525755299237,-0.10683087234713695,0.08693126164196796,-0.1670994713527687,False,False,0.053499515066064166,0.10699903013212833,0.05346980944458993,0.10693961888917985
430,7.166666666666667,False,False,50.789877217964474,50.0,61.92741513910425,50.50379677239051,54.127232409006204,48.93167628721626,74.0,0.7898772179644737,3.0764932693248515,3.1072582020181,3.0712665123724934,1.1369454802444954,2.9968373815207356,1.1272179384206182,1.10926643642998,3.1072582020181,0.9975280168670836,1.1571006738274863,1.1260766430508284,1.0020980436108076,1.163500575110929,2.940047387064131,3.1949433947079187,0.05423413868094906,-0.10716839281917245,0.08768519268981878,-0.16721081495396906,False,False,0.05346980944458993,0.10693961888917985,0.053438457707040955,0.10687691541408191
435,7.25,False,False,50.77606621867494,50.0,61.91831850462881,50.49006816782287,54.11840014227288,48.90642280892337,74.0,0.7760662186749414,3.0724916651780294,3.10321658182981,3.067495390886025,1.1394787448945973,2.989415386333784,1.129948378801129,1.111004081580968,3.10321658182981,0.9990188091826961,1.1591982004772863,1.1288043188886605,1.0035016733199655,1.165495850136592,2.93589393480414,3.1916478111883095,0.054491768555623876,-0.10750240826100255,0.08843122935849967,-0.1673226470256699,False,False,0.053438457707040955,0.10687691541408191,0.053405593273162265,0.10681118654632453
440,7.333333333333333,False,False,50.76253489660443,50.0,61.90968684840037,50.476618554909386,54.10993841010604,48.881654790275824,74.0,0.7625348966044285,3.068537838703398,3.099223217090432,3.0637708729962245,1.1419632275711153,2.9821608402651165,1.132623836276336,1.1127177853236299,3.099223217090432,1.0004830246043284,1.1612642015642518,1.1314770674960073,1.00488474815951,1.1674658986369761,2.931788359730117,3.1883927756350463,0.05474811331334628,-0.10783303716411985,0.08916955854461417,-0.16743485736031527,False,False,0.053405593273162265,0.10681118654632453,0.053371340185028225,0.10674268037005645
445,7.416666666666667,False,False,50.74926270087685,50.0,61.90148614840271,50.46342742286975,54.10181620474782,48.85734192149891,74.0,0.749262700876848,3.064629398714083,3.095275692701224,3.0600905676825816,1.1444003845408823,2.97506973565834,1.1352460276582503,1.11440905804021,3.095275692701224,1.0019224975520815,1.163300601383183,1.1340966039330398,1.006248666377762,1.1694122013502,2.927728351784284,3.185176053452751,0.05500314330999001,-0.10816039166244806,0.08990036075152696,-0.1675473409169399,False,False,0.053371340185028225,0.10674268037005645,0.05333581380391128,0.10667162760782256
450,7.5,False,False,50.73623098934526,50.0,61.89368498414921,50.45047616727127,54.09400519018553,48.83345636691568,74.0,0.736230989345259,3.0607640735786497,3.091371714314436,3.0564522026185177,1.1467916134854643,2.968138090832659,1.137816598102934,1.1160792981564829,3.091371714314436,1.0033389279028941,1.1653091873349464,1.1366645717148913,1.007594720409115,1.171336131139233,2.9237117165279924,3.181995524495795,0.05525683298275008,-0.10848457774736797,0.09062381018135879,-0.1676599977864437,False,False,0.05333581380391128,0.10667162760782256,0.053299121451651006,0.10659824290330201
455,7.583333333333333,False,False,50.723422867014754,50.0,61.886254351772415,50.43774792912587,54.08647949069978,48.80997256960532,74.0,0.7234228670147544,3.0569397073756077,3.0875091044493637,3.0528536205118937,1.149138256324512,2.961361958360766,1.1403371246802607,1.1177297997055848,3.0875091044493637,1.0047338899633917,1.1672916189887927,1.139182546282018,1.0089241038924792,1.173238960082999,2.9197363713195514,3.178849179298523,0.05550916037741427,-0.10880569581310562,0.09134007484915951,-0.16777273312981222,False,False,0.053299121451651006,0.10659824290330201,0.05326136300123822,0.10652272600247643
460,7.666666666666667,False,False,50.71082303745953,50.0,61.87916749158144,50.425227446203216,54.079215497103775,48.78686707249047,74.0,0.7108230374595266,3.0531542559359113,3.0836857984952704,3.0492927753090373,1.1514416018849094,2.954737432295705,1.1428091197414822,1.1193617594503757,3.0836857984952704,1.0061088408232786,1.1692494365201311,1.1416520384705564,1.010237918568721,1.1751218664426144,2.915800341401377,3.1757351152103563,0.055760106992238656,-0.10912384088165483,0.09204931671508598,-0.16788545709389346,False,False,0.05326136300123822,0.10652272600247643,0.05322263142100922,0.10644526284201844
465,7.75,False,False,50.69841766620126,50.0,61.87239972726562,50.41290091677453,54.07219168652322,48.76411835207746,74.0,0.6984176662012587,3.0494057828143144,3.0798998406424576,3.045767728305867,1.153702888425165,2.9482606544465373,1.1452340340974791,1.120976283534901,3.0798998406424576,1.0074651282425557,1.1711840686774297,1.1440744976312545,1.0115371805249103,1.176985940970851,2.9119017559337474,3.172651532473477,0.05600965743594988,-0.10943910300999082,0.09275169183101939,-0.16799808470871014,False,False,0.05322263142100922,0.10644526284201844,0.05318301327631923,0.10636602655263847
470,7.833333333333333,False,False,50.686194255099416,50.0,61.865928315978266,50.40075587410737,54.06538845655375,48.74170666554742,74.0,0.6861942550994158,3.0456924552246054,3.0761493797768513,3.0422766442036124,1.1559233060238359,2.941927819793898,1.1476132600196618,1.1225743937238168,3.0761493797768513,1.008803998019252,1.1730968402252573,1.1464513146166155,1.0128228261830756,1.178832192962751,2.908038844007043,3.169596730275399,0.05625779923893415,-0.10975156754074122,0.0934473504985478,-0.1681105357698085,False,False,0.05318301327631923,0.10636602655263847,0.05314258919226989,0.10628517838453978
475,7.916666666666667,False,False,50.674141526879815,50.0,61.85973230858571,50.38878107008467,54.0587879714283,48.719613909032326,74.0,0.674141526879815,3.0420125399685602,3.072432665368246,3.038817787141221,1.1581039988401893,2.935735181128556,1.149948134074665,1.1241570332886386,3.072432665368246,1.010126600921336,1.1749889789474297,1.1487838246362572,1.0140957178940921,1.1806615559082698,2.904209930659559,3.1665691028037726,0.05650452261963124,-0.11006131539454644,0.09413643743552669,-0.16822273470868687,False,False,0.05314258919226989,0.10628517838453978,0.05310143428065483,0.10620286856130966
480,8.0,False,False,50.66224931899841,50.0,61.85379241941414,50.37696637057692,54.0523740195418,48.697823486448705,74.0,0.6622493189984127,3.0383643993839344,3.0687480433777736,3.035389516731666,1.1602460672547494,2.9296790529887957,1.1522399398031506,1.125725072408377,3.0687480433777736,1.0114339991965877,1.1768616222243395,1.1510733099365553,1.0153566490129313,1.1824748926233704,2.9004134329238287,3.1635671353267703,0.05674982021499342,-0.11036842339544561,0.09481909194899663,-0.16833461045394493,False,False,0.05310143428065483,0.10620286856130966,0.05305961853414752,0.10611923706829504
485,8.083333333333334,False,False,50.65050848610098,50.0,61.8480909048703,50.36530265648469,54.046131882779335,48.67632018924909,74.0,0.650508486100982,3.0347464873327947,3.065093952206123,3.0319902841252997,1.1623505698968688,2.923755814965768,1.1544899102523731,1.127279313349436,3.065093952206123,1.0127271726296168,1.1787158231539159,1.1533210023192169,1.0166063489345318,1.1842730003390236,2.8966478559206927,3.16058940031847,0.05699368698958751,-0.11067296441490426,0.09549544811234689,-0.16844609628543017,False,False,0.05305961853414752,0.10611923706829504,0.053017207190354416,0.10603441438070883
490,8.166666666666666,False,False,50.63891081039795,50.0,61.8426114503539,50.3537817347728,54.04004821425879,48.65509008402501,74.0,0.6389108103979524,3.0311573452479834,3.0614689187004633,3.028618628119581,1.1644185255659856,2.91796191443985,1.1566992303714514,1.1288204952187608,3.0614689187004633,1.0140070242785362,1.1805525563489487,1.1555280855280672,1.0178454874959244,1.1860566151539402,2.89291178901707,3.157634553645529,0.05723611993517941,-0.11097500772283642,0.09616563494506547,-0.1685571296833932,False,False,0.053017207190354416,0.10603441438070883,0.05297426106813749,0.10594852213627498
495,8.25,False,False,50.62744891932822,50.0,61.83733906491635,50.34239625639363,54.034110926625296,48.63412040983991,74.0,0.6274489193282164,3.0275955982524283,3.0578715542349526,3.0252731713312997,1.1664509150528033,2.912293868805463,1.1588690392777057,1.1303492984226706,3.0578715542349526,1.015274385792278,1.1823727233120136,1.1576956975333361,1.0190746792917624,1.1878264163983345,2.8892039020606504,3.154701330828533,0.057477117975663905,-0.11127461913090819,0.09682977659358061,-0.16866765217430224,False,False,0.05297426106813749,0.10594852213627498,0.052930836878500864,0.10586167375700173
500,8.333333333333334,False,False,50.61611620993531,50.0,61.832259983156824,50.331139640617806,54.02830908827123,48.613399482914836,74.0,0.6161162099353135,3.0240599513633213,3.0543005508769547,3.021952616444592,1.1684486828662013,2.906748267236692,1.1610004324018386,1.1318663488460972,3.0543005508769547,1.0165300224115934,1.1841771574912259,1.1598249326402312,1.0202944876097264,1.1895830306153585,2.885522941702121,3.1517885433888937,0.05771668176926137,-0.11157186123637075,0.09748799251193896,-0.16877760917483364,False,False,0.052930836878500864,0.10586167375700173,0.05288698751207442,0.10577397502414884
505,8.416666666666666,False,False,50.60490677942426,50.0,61.82736157387923,50.3200060053147,54.022632827694515,48.592916608830436,74.0,0.6049067794242617,3.0205491857908155,3.0507546776487238,3.0186557425455076,1.1704127388713297,2.9013217720413844,1.1630944635192222,1.1333722217669402,3.0507546776487238,1.0177746376382124,1.1859666290014954,1.1619168435682241,1.021505428177905,1.1913270353524348,2.8818677278134963,3.1488950752899934,0.05795481358549459,-0.11186679358903517,0.09814039764126958,-0.16888694983522745,False,False,0.05288698751207442,0.10577397502414884,0.052842762304951746,0.10568552460990349
510,8.5,False,False,50.59381536141048,50.0,61.82263225506393,50.30899010403229,54.01707324485103,48.57266200119807,74.0,0.5938153614104777,3.0170621553388624,3.047232776892251,3.015381401551745,1.1723439598439755,2.8960111196471074,1.1651521466740558,1.1348674454613956,3.047232776892251,1.019008877614872,1.1877418490541811,1.1639724433546235,1.0227079725450818,1.1930589625835681,2.8782371500091406,3.146019879479405,0.05819151712217252,-0.11215947291631378,0.09878710258715406,-0.16899562688311054,False,False,0.052842762304951746,0.10568552460990349,0.052798207284755025,0.10559641456951005
515,8.583333333333334,False,False,50.58283726740971,50.0,61.81806141473797,50.298087265908975,54.011622329909976,48.55262670714402,74.0,0.5828372674097082,3.013597782914011,3.043733760743151,3.0121285147442727,1.174243190945972,2.8908131212584625,1.1671744580027281,1.1363525046768428,3.043733760743151,1.020233335194101,1.1895034740731634,1.1659927071117182,1.0239025514692794,1.194779302138091,2.8746301642745227,3.143161974537302,0.05842679746124824,-0.11244995320756335,0.0994282137941509,-0.1691035964686285,False,False,0.052798207284755025,0.10559641456951005,0.052753365398342446,0.10550673079668489
520,8.666666666666666,False,False,50.57196833315419,50.0,61.81363933735306,50.28729334413557,54.00627288698681,48.53280253741983,74.0,0.5719683331541887,3.010155057146453,3.0402566077179176,3.008896069405912,1.1761112471261093,2.8857246632216524,1.1691623374622804,1.1378278437074096,3.0402566077179176,1.0214485537943598,1.191252109596129,1.1679785738717783,1.0250895576896835,1.1964885045110845,2.8710457897062334,3.1403204414348127,0.058660660803674824,-0.11273828601772617,0.10006383371689509,-0.16921081801168425,False,False,0.052753365398342446,0.10550673079668489,0.05270827672269991,0.10541655344539982
525,8.75,False,False,50.56120486935233,50.0,61.80935713530683,50.27660466516375,54.00101846576297,48.51318200371822,74.0,0.5612048693523306,3.006733029126268,3.036800359417531,3.0056831155705233,1.177948914450734,2.8807427071289364,1.1711166904694972,1.1392938694253918,3.036800359417531,1.0226550309169176,1.1929883138345445,1.1699309481099136,1.0262693489868202,1.1981869839604684,2.867483105365691,3.1374944204047757,0.05889311453507662,-0.11302452043857159,0.10069406098724487,-0.16931725405183995,False,False,0.05270827672269991,0.10541655344539982,0.052662978660255176,0.10532595732051035
530,8.833333333333334,False,False,50.55054361653953,50.0,61.80520668526531,50.26601798472434,53.995853296262645,48.49375825895588,74.0,0.5505436165395281,3.0033308092566706,3.033364117349237,3.0024887628852333,1.179756951367964,2.8758642896926294,1.1730383894557854,1.1407509539889271,3.033364117349237,1.0238532215209124,1.194712601089927,1.1718507013987165,1.027442250577621,1.199875120937452,2.8639412472478014,3.1346831079263775,0.05912416694852496,-0.11330870341130606,0.10131899057714033,-0.16942287010143575,False,False,0.052662978660255176,0.10532595732051035,0.05261750611985272,0.10523501223970544
535,8.916666666666666,False,False,50.539981703695936,50.0,61.80118056896763,50.25553044513707,53.99077223053616,48.474525043854,74.0,0.5399817036959362,2.9999475642250832,3.0299470398673343,2.9993121775870897,1.1815360899091825,2.8710865224155446,1.17492827534266,1.1421994374760926,3.0299470398673343,1.0250435410953878,1.1964254448653096,1.1737386737993347,1.0286085577813302,1.2015532647864442,2.860419405365033,3.1318857538241343,0.05935382731035155,-0.11359087969476245,0.10193871395679999,-0.16952763450230135,False,False,0.05261750611985272,0.10523501223970544,0.052571891684580506,0.10514378336916101
540,9.0,False,False,50.529516610331065,50.0,61.797272018213434,50.245139539017565,53.98577068706644,48.45547663607128,74.0,0.5295166103310649,2.9965825140920312,3.0265483392329515,2.9961525795945834,1.1832870368312758,2.8664065910823084,1.1767871589423737,1.143639630209973,3.0265483392329515,1.0262263686037043,1.1981272808474093,1.1755956752964722,1.0297685380529535,1.2032217358111503,2.856916820946565,3.129101658481064,0.05958210560117738,-0.1138710921570194,0.10255331924811228,-0.16963151828638656,False,False,0.052571891684580506,0.10514378336916101,0.05252616576726424,0.10505233153452848
545,9.083333333333334,False,False,50.5191461317605,50.0,61.793474863753694,50.234843073245514,53.98084460151942,48.4366078051049,74.0,0.5191461317605004,2.993234929497128,3.023167278792099,2.9930092397138144,1.1850104747028498,2.8618217550936595,1.1786158222879093,1.145071815054298,3.023167278792099,1.0274020491451734,1.1998185096044502,1.1774224871455319,1.0309224333366487,1.2048808276593737,2.8534327837515274,3.1263301701650623,0.05980901260507565,-0.11414938171764932,0.1031628913729632,-0.1697344950405717,False,False,0.05252616576726424,0.10505233153452848,0.052480356754839176,0.10496071350967835
550,9.166666666666666,False,False,50.508868347320096,50.0,61.7897834878231,50.22463913830979,53.975990379401715,48.41791376899332,74.0,0.5088683473200959,2.9899041289808563,3.019803170270665,2.9898814769582946,1.1867070629374592,2.8573293466637963,1.1804150198962975,1.1464962494441988,3.019803170270665,1.028570896520932,1.2014994991867607,1.179219863087974,1.0320704618262506,1.2065308091137665,2.8499666294948485,3.123570682467158,0.06003455966956772,-0.1144257876179482,0.10376751219649272,-0.16983654077581667,False,False,0.052480356754839176,0.10496071350967835,0.05243449114224777,0.10486898228449554
555,9.25,False,False,50.49868159128337,50.0,61.78619278006929,50.21452607851843,53.971204854214626,48.399390156009,74.0,0.49868159128337197,2.9865894764203293,3.0164553711845326,2.9867686559810034,1.1883774387767203,2.8529267698989087,1.1821854799689921,1.1479131673581016,3.0164553711845326,1.02973319555072,1.2031705874768845,1.1809885305813168,1.0332128199775106,1.2081719261331787,2.846517737383726,3.12082263184966,0.06025875877507714,-0.11470034738059098,0.10436726066512758,-0.1699376338008065,False,False,0.05243449114224777,0.10486898228449554,0.052388593656720245,0.10477718731344049
560,9.333333333333334,False,False,50.48858442626694,50.0,61.782698096649995,50.204502465948714,53.966485247455374,48.38103296808019,74.0,0.48858442626693943,2.983290378576817,3.013123282362585,2.983670184616693,1.190022218225987,2.8486114997732894,1.1839279055327747,1.1493227810983173,3.013123282362585,1.0308892042948237,1.2048320844435605,1.1827291919705658,1.034349684080198,1.2098044034528206,2.843085527762444,3.118085495302034,0.06048162235450327,-0.11497309701811931,0.10496221293944874,-0.17003775460014126,False,False,0.052388593656720245,0.10477718731344049,0.05234268737326937,0.10468537474653875
565,9.416666666666666,False,False,50.47857561892458,50.0,61.779295222284084,50.19456707556437,53.961829132925224,48.36283854812463,74.0,0.4785756189245802,2.9800062827525036,3.009806345580029,2.980585511532239,1.191641996945114,2.84438108101785,1.1856429755244562,1.1507252829980554,3.009806345580029,1.0320391560761426,1.2064842741945883,1.1844425254692852,1.035481211971021,1.2114284463242435,2.8396694598628835,3.115358788101878,0.06070316332618808,-0.11524407102703438,0.10555244252184925,-0.17013688571714525,False,False,0.05234268737326937,0.10468537474653875,0.05229679382192517,0.10459358764385034
570,9.5,False,False,50.46865411774673,50.0,61.77598033505618,50.18471886373739,53.95723440290123,48.344803549111,74.0,0.4686541177467305,2.976736674553663,3.0065040412991997,2.977514123982381,1.1932373510966923,2.8402331269344057,1.1873313458224632,1.152120846951848,3.0065040412991997,1.033183261405921,1.2081274169322105,1.1861291863163843,1.0366075443931284,1.2130442419009637,2.8362690296579394,3.1126420616782804,0.060923394949115695,-0.11551330255871961,0.10613802037908071,-0.17023501164126031,False,False,0.05229679382192517,0.10459358764385034,0.052250933087399136,0.10450186617479827
575,9.583333333333334,False,False,50.45881903279695,50.0,61.772749973788144,50.17495694761151,53.952699238020024,48.32692490648692,74.0,0.4588190327969528,2.9734810757572316,3.003215886514804,2.9744555456681097,1.1948088381539874,2.83616531814777,1.1889936502281693,1.1535096298871121,3.003215886514804,1.0343217097342987,1.209761750732223,1.18778980765469,1.0377288064690053,1.2146519607365862,2.832883767814751,3.1099349015745155,0.06114233084947407,-0.1157808234181068,0.10671901505971126,-0.17033211870005305,False,False,0.052250933087399136,0.10450186617479827,0.052205123901817356,0.10441024780363471
580,9.666666666666666,False,False,50.44906961722909,50.0,61.76960100780189,50.16528058690923,53.948222078771416,48.30919981209624,74.0,0.44906961722909244,2.970239042277616,2.999941432700392,2.9714093346946333,1.1963569976706883,2.832175401306511,1.1906305013996952,1.1548917731032726,2.999941432700392,1.035454671115093,1.2113874932362712,1.1894250015266608,1.0388451089038044,1.216251758012511,2.829513237744669,3.107236925507005,0.06135998490923833,-0.11604666419946819,0.10729549280661299,-0.17042819495572337,False,False,0.052205123901817356,0.10441024780363471,0.0521593837308943,0.1043187674617886
585,9.75,False,False,50.439405250442206,50.0,61.766530608910486,50.155689166587315,53.94380159990815,48.29162569074152,74.0,0.43940525044220635,2.967010162230448,2.9966802638527525,2.9683750816258367,1.1978823520144553,2.8282611877421013,1.1922424917407202,1.1562674035520195,2.9966802638527525,1.036582297729226,1.2130048432018283,1.1910353597529593,1.0399565492536385,1.2178437748298125,2.8261570337466444,3.104547781517343,0.06157637127779303,-0.11631085429838106,0.10786751766459046,-0.17052323010610815,False,False,0.0521593837308943,0.1043187674617886,0.052113728854194796,0.10422745770838959
590,9.833333333333334,False,False,50.42982542274077,50.0,61.76353622548474,50.14618218226261,53.93943668631469,48.27420017809104,74.0,0.4298254227407696,2.9637940540899224,2.9934319946308214,2.9653524076319937,1.1993854070661318,2.824420552095219,1.1938301942466922,1.1576366349704132,2.9934319946308214,1.0377047253290266,1.2146139819721222,1.1926214547231666,1.0410632129296347,1.2194281392360904,2.8228147792407734,3.1018671462140515,0.061791504265677144,-0.11657342204077858,0.10843515158323003,-0.17061721539004804,False,False,0.052113728854194796,0.10422745770838959,0.052068174439819495,0.10413634887963899
595,9.916666666666666,False,False,50.42032972137848,50.0,61.760615558452194,50.1367592255413,53.93512641167354,48.256921101115424,74.0,0.42032972137847935,2.960590364936327,2.9901962685856907,2.9623409627274127,1.200866652886391,2.820651430917016,1.1953941633106986,1.1589995689992703,2.9901962685856907,1.038822074546513,1.2162150748091605,1.1941838402889973,1.0421651743318852,1.221004967381524,2.819486125088645,3.099194723100851,0.06200539838225372,-0.1168343946673851,0.10899845451516033,-0.1707101434970455,False,False,0.052068174439819495,0.10413634887963899,0.052022734613986626,0.10404546922797325
600,10.0,False,False,50.41091781787336,50.0,61.757766539095606,50.12741997276909,53.93087001802253,48.23978645935432,74.0,0.41091781787336146,2.957398768790328,2.986972756478231,2.959340424094748,1.202326564351471,2.8169518212523745,1.1969349354911147,1.1603562961249645,2.986972756478231,1.0399344521472955,1.2178082721715515,1.195723052452513,1.0432624976363358,1.2225743643271345,2.816170747997136,3.0965302409880304,0.06221806820217002,-0.11709379848862866,0.10955748450979952,-0.17080200848109506,False,False,0.052022734613986626,0.10404546922797325,0.051977422525867595,0.10395484505173519
605,10.083333333333334,False,False,50.401589456490896,50.0,61.754987308526196,50.11816417115488,53.926666898278455,48.22279440885405,74.0,0.40158945649089617,2.954218965030617,2.9837611546809235,2.9563504944925834,1.203765601759577,2.813319779211379,1.1984530302430219,1.1617068967242359,2.9837611546809235,1.041041952141747,1.2193937108488053,1.1972396101568394,1.0443552379407637,1.2241364252115137,2.8128683490023643,3.0938734524837095,0.062429528487277786,-0.1173516587834722,0.11011229780278597,-0.17089280567855925,False,False,0.051977422525867595,0.10395484505173519,0.05193225040805501,0.10386450081611003
610,10.166666666666666,False,False,50.39234444379936,50.0,61.75227619871509,50.10899163088214,53.92251657811074,48.205943245559524,74.0,0.3923444437993595,2.9510506768915317,2.980561183660447,2.953370900743037,1.2051842114094302,2.8097534185345987,1.1999489506152834,1.163051441814687,2.980561183660447,1.0421446569083872,1.2209715151070917,1.1987340159158066,1.045443441749987,1.2256912357561232,2.8095786520304578,3.0912241325616456,0.06263979394143626,-0.11760800006469996,0.11066294890119854,-0.17098253162998933,False,False,0.05193225040805501,0.10386450081611003,0.051887229632898,0.103774459265796
615,10.25,False,False,50.38318263921047,50.0,61.74963171497493,50.09990221397865,53.91841870212092,48.18923139255928,74.0,0.38318263921046736,2.9478936500372925,2.9773725865376655,2.950401392296052,1.206582826152358,2.8062509091570877,1.2014231839150435,1.1643899939377207,2.9773725865376655,1.0432426381179774,1.2225417976350053,1.2002067565753807,1.0465271480467204,1.2272388733556656,2.8063014025319375,3.0885820772024135,0.06284887941794493,-0.11786284589100027,0.11120949066474806,-0.17107118400572796,False,False,0.051887229632898,0.103774459265796,0.051842370765196086,0.10368474153039217
620,10.333333333333334,False,False,50.37410394642335,50.0,61.74705251978975,50.09089582664527,53.91437301858476,48.172657386079955,74.0,0.37410394642334666,2.9447476512096067,2.974195127721703,2.9474417398671755,1.207961865919256,2.8028104757754964,1.2028762023413324,1.165722607864891,2.974195127721703,1.0443359577043312,1.2241046605353647,1.2016583038408044,1.0476063887521554,1.2287794075575804,2.8030363661865136,3.0859471021047815,0.0630567996926894,-0.11811621911273562,0.1117519743830786,-0.17115876153518927,False,False,0.051842370765196086,0.10368474153039217,0.051797683611258735,0.10359536722251747
625,10.416666666666666,False,False,50.365108305698136,50.0,61.74453741789864,50.08197241059865,53.91037936749528,48.15621986443546,74.0,0.36510830569813635,2.9416124669453922,2.971028591614846,2.9444917341456476,1.2093217382236638,2.799430396422154,1.204308463589339,1.167049331333683,2.971028591614846,1.0454246686796043,1.2256601961608355,1.2030891149355285,1.0486811895843642,1.2303129009388407,2.7997833276751756,3.083319041464164,0.06326356960515778,-0.11836814174931876,0.11229044984931802,-0.17124526393967043,False,False,0.051797683611258735,0.10359536722251747,0.05175317726484426,0.10350635452968852
630,10.5,False,False,50.356195686890096,50.0,61.74208534254522,50.07313193789015,53.90643766802268,48.139917556479716,74.0,0.3561956868900964,2.9384879023615076,2.9678727813851227,2.94155118456967,1.210662838642142,2.796109001049506,1.2057204114268525,1.168370205606707,2.9678727813851227,1.0465088159607319,1.2272084879600946,1.2044996332015672,1.0497515704149385,1.2318394094804321,2.796542089516571,3.0806977468151877,0.06346920387372523,-0.1186186351917684,0.11282496543006504,-0.17133069186855154,False,False,0.05175317726484426,0.10350635452968852,0.05170886015003859,0.10341772030007718
635,10.583333333333334,False,False,50.34736608318123,50.0,61.73969534280986,50.06437440222347,53.902547909017954,48.12374927278019,74.0,0.3473660831812282,2.935373780003424,2.9647275178034582,2.9386199181658794,1.2119855512730662,2.792844670127895,1.207112476244269,1.1696852661780486,2.9647275178034582,1.0475884370521267,1.2287496111796632,1.205890288568071,1.0508175461421294,1.2333589834578507,2.793312470964685,3.0780830859353623,0.06367371727980209,-0.11886772003591917,0.11335556813190406,-0.1714150468387734,False,False,0.05170886015003859,0.10341772030007718,0.051664740061386806,0.10332948012277361
640,10.666666666666666,False,False,50.33861950545076,50.0,61.73736657194854,50.055699816309144,53.898710137832104,48.107713895314404,74.0,0.33861950545075814,2.932269938754887,2.961592638142436,2.9356977784500238,1.2132902491748927,2.7896358332592563,1.2084850755794998,1.1709945431853066,2.961592638142436,1.0486635627877285,1.2302836336245269,1.2072614981516836,1.0518791268123506,1.2348716675794664,2.7900943069650177,3.0754749418071117,0.06387712439415982,-0.11911541637295597,0.11388230366467589,-0.17149833117741808,False,False,0.051664740061386806,0.10332948012277361,0.05162082420138979,0.10324164840277958
645,10.75,False,False,50.3299559772314,50.0,61.73509827666596,50.04710820352429,53.89492445331441,48.091810370890194,74.0,0.3299559772313998,2.929176232805692,2.958467995133749,2.9327846243860645,1.2145772947849036,2.7864809678089917,1.2098386146190216,1.1722980620717955,2.958467995133749,1.0497342178814586,1.2318106162266171,1.2086136667543999,1.0529363185611995,1.2363775019439442,2.78688744716643,3.072873211635296,0.0640794398721487,-0.11936174351059603,0.114405216501547,-0.1715805479673187,False,False,0.05162082420138979,0.10324164840277958,0.051577119215682796,0.10315423843136559
650,10.833333333333334,False,False,50.32137553020132,50.0,61.732889787256646,50.03859959626204,53.89119099567895,48.07603770180292,74.0,0.3213755302013226,2.926092530674814,2.955353455981562,2.929880329400863,1.2158470403193715,2.7833785975579364,1.2111734866762647,1.1735958439250045,2.955353455981562,1.0508004216001359,1.2333306137352433,1.209947187273565,1.053989123582491,1.2378765220252341,2.783691754986072,3.070277805917687,0.06428067810022964,-0.11960672034251352,0.11492434993612521,-0.17166170099548994,False,False,0.051577119215682796,0.10315423843136559,0.051533631225898824,0.10306726245179765
655,10.916666666666666,False,False,50.31287820016694,50.0,61.730740508551136,50.03017403019881,53.88750994120233,48.06039494079012,74.0,0.3128782001669421,2.923018714286215,2.952248901429077,2.9269847804518796,1.2170998281560514,2.7803272913760826,1.2124900736484538,1.1748879059916455,2.952248901429077,1.0518621882176173,1.234843675188258,1.211262441214376,1.0550375409307744,1.2393687594906113,2.7805071067247273,3.067688647565739,0.06448085349896582,-0.1198503650608711,0.11543974613666164,-0.1717417947043498,False,False,0.051533631225898824,0.10306726245179765,0.05149036586054816,0.10298073172109631
660,11.0,False,False,50.30446402349399,50.0,61.72864991160968,50.021831541782475,53.883881494160335,48.04488118355081,74.0,0.30446402349399193,2.9199546780947583,2.949154224875706,2.924097877145233,1.218335991199838,2.7773256619194444,1.213788746452969,1.1761742620308269,2.949154224875706,1.0529195275764844,1.2363498444902856,1.212559799129167,1.0560815665931402,1.240854242287595,2.777333390730208,3.065105671073253,0.06467998025676813,-0.12009269543768664,0.11595144619754683,-0.1718208341454983,False,False,0.05149036586054816,0.10298073172109631,0.05144732828388778,0.10289465656777556
665,11.083333333333334,False,False,50.29613303394882,50.0,61.72661752610877,50.01357216451602,53.88030588199783,48.02949556414173,74.0,0.29613303394881996,2.916900328259765,2.946069331542363,2.9212195309017304,1.219555853232409,2.7743723643512364,1.2150698654442182,1.1774549227113766,2.946069331542363,1.053972445500346,1.2378491608411113,1.213839620998124,1.057121194051158,1.2423329952206004,2.7741705066063167,3.0625288217305426,0.06487807250922373,-0.12033372866021863,0.11645949018817969,-0.17189882493604625,False,False,0.05144732828388778,0.10289465656777556,0.0514045232230726,0.1028090464461452
670,11.166666666666666,False,False,50.28788525991425,50.0,61.724642933370475,50.0053959259493,53.87678334919281,48.01423724922677,74.0,0.2878852599142476,2.9138555818638356,2.942994137682474,2.9183496641684297,1.2207597292466086,2.7714660950883196,1.2163337808119792,1.178729895965016,2.942994137682474,1.0550209442521434,1.2393416592096467,1.2151022566685699,1.0581564144917766,1.2438050401761689,2.7710183644652115,3.0599580548818395,0.06507514421115279,-0.12057348147323954,0.1169639171993655,-0.17197577321726243,False,False,0.0514045232230726,0.1028090464461452,0.05136195499362296,0.10272390998724593
675,11.25,False,False,50.27972072194697,50.0,61.7227257599871,49.99730284570363,53.87331415263321,47.9991054336763,74.0,0.2797207219469726,2.9108203661746717,2.9399285698364186,2.9154882096735255,1.221947925766302,2.7686055905736917,1.2175808329621096,1.1799991872806732,2.9399285698364186,1.056065022917815,1.2408273707328188,1.2163480461917517,1.0591872171303929,1.2452703964599994,2.7678768842208807,3.057393335223757,0.06527120917932616,-0.12081197015028033,0.11746476538733841,-0.17205168561553785,False,False,0.05136195499362296,0.10272390998724593,0.05131962752329632,0.10263925504659265
680,11.333333333333334,False,False,50.27163943064697,50.0,61.72086567199784,49.989292933589674,53.869898557273565,47.98409933642346,74.0,0.27163943064697094,2.9077946179477148,2.9368725641271918,2.912635109722319,1.223120741152387,2.7657896260756285,1.2188113528804734,1.1812627999840788,2.9368725641271918,1.0571046777686581,1.2423063230927625,1.2175773202181972,1.060213589446544,1.2467290810462412,2.7647459949217286,3.0548346361427337,0.06546628106216246,-0.1210492105375347,0.11796207201554187,-0.1721265692054632,False,False,0.05131962752329632,0.10263925504659265,0.05127754437458858,0.10255508874917715
685,11.416666666666666,False,False,50.26364138481082,50.0,61.71906236957606,49.98136618751383,53.8665368324763,47.96921819693441,74.0,0.26364138481081767,2.904778282767534,2.9338260655952095,2.909790315532231,1.2242784658956174,2.7630170145139434,1.2200256624808925,1.1825207355173644,2.9338260655952095,1.0581399025853935,1.2437785408553172,1.218790400349144,1.0612355174701527,1.2481811088770025,2.7616256341202403,3.052281939089485,0.06566037335963815,-0.12128521804721171,0.11845587349427555,-0.17220043147496922,False,False,0.05127754437458858,0.10255508874917715,0.0512357087658359,0.1024714175316718
690,11.5,False,False,50.25572656984368,50.0,61.71731558218968,49.9735225911843,53.863229248375056,47.95446127170576,74.0,0.2557265698436808,2.901771314425962,2.9307890275702215,2.9069537866048627,1.2254213828968565,2.7602866053136683,1.2212240749378904,1.1837729937186579,2.9307890275702215,1.0591706889728492,1.2452440457987721,1.2199875994147533,1.062252986038658,1.2496264931324021,2.7585157472778006,3.049735232988516,0.0658534994137443,-0.12152000767999982,0.11894620541829459,-0.17227328029242095,False,False,0.0512357087658359,0.1024714175316718,0.051194123591091406,0.10238824718218281
695,11.583333333333334,False,False,50.24789495640623,50.0,61.7156250641991,49.965762114148525,53.85997607246438,47.9398278309697,74.0,0.2478949564062276,2.898773674335097,2.927761411078448,2.9041254901331586,1.226549767735352,2.757597283286391,1.2224068950049551,1.185019572983956,2.927761411078448,1.0601970266568574,1.246702857224461,1.2211692218987538,1.063265978889722,1.2510652453358848,2.755416287202908,3.047194513680953,0.06604567235192871,-0.12175359409423403,0.11943310260250506,-0.17234512387554002,False,False,0.051194123591091406,0.10238824718218281,0.051152791438784664,0.10230558287756933
700,11.666666666666666,False,False,50.24014649927555,50.0,61.71399059085962,49.95808470943862,53.856777567511216,47.925317156575275,74.0,0.24014649927555354,2.8957853309733537,2.9247431842830873,2.9013054004419305,1.2276638889255886,2.754947967539332,1.2235744193189955,1.1862604705320063,2.9247431842830873,1.0612189037164794,1.2481549922023323,1.2223355640995124,1.0642744790076692,1.2524973757129498,2.752327213520982,3.0446597833988847,0.0662369051809435,-0.12198599152433709,0.11991659911579733,-0.17241597076210535,False,False,0.051152791438784664,0.10230558287756933,0.05111171460937712,0.10222342921875424
705,11.75,False,False,50.23248113639956,50.0,61.71241195469777,49.95049031324991,53.85363398843084,47.910928538959524,74.0,0.23248113639955648,2.8928062593628443,2.921734321956473,2.898493498459933,1.2287640081632534,2.7523376104121726,1.2247269366916704,1.1874956825661775,2.921734321956473,1.0622363068535534,1.2496004658535067,1.223486914569321,1.0652784686648016,1.2539228932444555,2.7492484921741704,3.042131050269639,0.06642721067827795,-0.12221721390137597,0.12039672831316617,-0.17248582978230242,False,False,0.05111171460937712,0.10222342921875424,0.05107089513189148,0.10214179026378296
710,11.833333333333334,False,False,50.22489878812718,50.0,61.71088896223328,49.942978844766195,53.850545580662526,47.8966612754512,74.0,0.22489878812717734,2.889836440576449,2.9187348049822135,2.895689771221905,1.2298503805608154,2.7497651964415626,1.225864728388182,1.1887252044216166,2.9187348049822135,1.0632492215905511,1.2510392915608135,1.2246235542608248,1.0662779296163816,1.2553418058733048,2.746180094949554,3.039608327848381,0.06661660145168824,-0.12244727480523498,0.1208735228661677,-0.17255471003265965,False,False,0.05107089513189148,0.10214179026378296,0.05103033477957113,0.10206066955914227
715,11.916666666666666,False,False,50.2173993565974,50.0,61.709421431019614,49.93555020330899,53.847512578378165,47.88251466843178,74.0,0.2173993565973973,2.886875861273016,2.915744619885746,2.8928942113989677,1.230923254873203,2.747229741353152,1.2269880683941419,1.1899490308301301,2.915744619885746,1.0642576324689481,1.252471481179528,1.2257457568930932,1.0672728433883036,1.256754120803522,2.74312199903426,3.037091634677562,0.06680508997339185,-0.12267618744182651,0.12134701479181587,-0.17262262085148583,False,False,0.05103033477957113,0.10206066955914227,0.05099003508459544,0.10198007016919088
720,12.0,False,False,50.20998272527181,50.0,61.708009186979005,49.92820427131564,53.84453520188113,47.8684880227861,74.0,0.20998272527180717,2.883924513259203,2.912763758391795,2.890106816855911,1.2319828737140317,2.7447302910809497,1.2280972236710592,1.1911671559054686,2.912763758391795,1.0652615232762432,1.2538970452764495,1.226853789171264,1.0682631910806526,1.2581598443149629,2.740074186596074,3.034580993871786,0.06699268840949424,-0.12290396482481603,0.12181723547999068,-0.1726895717957211,False,False,0.05099003508459544,0.10198007016919088,0.050949997351984126,0.10189999470396825
725,12.083333333333334,False,False,50.20264875859664,50.0,61.70665206200865,49.92094091056567,53.84161365795934,47.85458064596909,74.0,0.2026487585966379,2.8809823930765552,2.909792217007321,2.88732759023393,1.2330294737628207,2.742265920813714,1.2291924544009831,1.1923795734376381,2.909792217007321,1.0662608771392676,1.255315993234977,1.227947910991543,1.0692489539270045,1.2595589823334787,2.7370366443881817,3.0320764327267713,0.06717940889584062,-0.12313061951063364,0.12228421571945036,-0.1727555726191392,False,False,0.050949997351984126,0.10189999470396825,0.05091022267272004,0.10182044534544007
730,12.166666666666666,False,False,50.19539730178126,50.0,61.70534989183679,49.913759964247795,53.83874813668278,47.8407918449345,74.0,0.1953973017812629,2.878049501612474,2.906829996628599,2.8845565385574767,1.234063285963608,2.7398357340680843,1.230274014220807,1.1935862769076175,2.906829996628599,1.067255676765389,1.2567283335077861,1.2290283757487033,1.0702301129866447,1.2609515401337532,2.7340093633767784,3.029577982351094,0.06736526322613567,-0.12335616392097282,0.12274798572249512,-0.1728206332518205,False,False,0.05091022267272004,0.10182044534544007,0.05087071193613463,0.10174142387226925
735,12.25,False,False,50.188228180681115,50.0,61.704102514108996,49.90666125606562,53.835938812038926,47.82712092645987,74.0,0.18822818068111502,2.8751258437338083,2.9038771021711463,2.881793672863936,1.2350845357153588,2.737438861788079,1.2313421504467108,1.1947872596345133,2.9038771021711463,1.0682459045123085,1.2581340736978286,1.2300954304971583,1.0712066495417236,1.2623375227468228,2.7309923383903083,3.027085677319527,0.0675502631123095,-0.12358061009278964,0.1232085751483809,-0.17288476378083795,False,False,0.05087071193613463,0.10174142387226925,0.050831465841582504,0.10166293168316501
740,12.333333333333334,False,False,50.181141201774615,50.0,61.702909766686226,49.89964459047691,53.83318584013665,47.813567195326875,74.0,0.181141201774615,2.8722114279418567,2.900933542221275,2.8790390078549177,1.2360934430545383,2.7350744614705627,1.2323971042891946,1.1959825148638539,2.900933542221275,1.0692315425577512,1.2595332207389498,1.2311493162145326,1.0721785449966856,1.2637169348696202,2.727985567789197,3.024599555346803,0.06773442000576635,-0.12380396986716824,0.12366601312552783,-0.17294797443207832,False,False,0.050831465841582504,0.10166293168316501,0.05079248490954082,0.10158496981908165
745,12.416666666666666,False,False,50.17413615222351,50.0,61.70177148613736,49.892709752188026,53.83048935914796,47.80012995404103,74.0,0.17413615222351098,2.8693062660476367,2.897999328708113,2.876292561568,1.2370902228302099,2.7327417163162604,1.2334391110591434,1.1971720358853146,2.897999328708113,1.070212572989002,1.2609257809960899,1.232190267962733,1.0731457811106258,1.265089781107219,2.724989053154958,3.022119656980708,0.06791774522190441,-0.12402625477468887,0.1241203282725949,-0.17301027555315507,False,False,0.05079248490954082,0.10158496981908165,0.05075376949202156,0.10150753898404312
750,12.5,False,False,50.16721280000789,50.0,61.70068750641047,49.88585650647848,53.82784948813191,47.786808501567855,74.0,0.16721280000788852,2.866410372866334,2.8950744765949974,2.8735543550678333,1.2380750848719937,2.73043983440586,1.2344684003653297,1.1983558161062957,2.8950744765949974,1.0711889779360728,1.2623117604088758,1.2332185151222348,1.074108339969461,1.266456065954652,2.7220027989976643,3.019646025313485,0.06810024984835628,-0.12424747613683462,0.12457154871848752,-0.1730716775973331,False,False,0.05075376949202156,0.10150753898404312,0.050715319782472776,0.10143063956494555
755,12.583333333333334,False,False,50.16037089412724,50.0,61.699657657668276,49.87908460067236,53.82526632693752,47.773602133025996,74.0,0.16037089412724015,2.863523765929896,2.892159003589195,2.8708244121555744,1.2390482341512068,2.7281680479007364,1.2354851963037499,1.1995338490666383,2.892159003589195,1.0721607396536563,1.263691164583725,1.2342342815677967,1.075066204017831,1.2678157938382415,2.7190268124807577,3.0171787057105273,0.06828194477160321,-0.12446764504880736,0.12501970212133218,-0.17313219110843736,False,False,0.050715319782472776,0.10143063956494555,0.05067713582511616,0.10135427165023232
760,12.666666666666666,False,False,50.15361016486021,50.0,61.698681765273605,49.872393762060604,53.8227399563628,47.76051013960909,74.0,0.15361016486021128,2.860646465216804,2.8892529298689724,2.8681027590956427,1.2400098709354976,2.7259256122677864,1.2364897176391578,1.2007061286152112,2.8892529298689724,1.0731278405876308,1.2650639988702956,1.2352377858295314,1.076019356305938,1.2691689693716501,2.7160611031623145,3.014717745555484,0.06846284075643894,-0.12468677230927327,0.1254648156865117,-0.1731918267066579,False,False,0.05067713582511616,0.10135427165023232,0.05063921752382366,0.10127843504764732
765,12.75,False,False,50.14693032407546,50.0,61.697759648912744,49.8657837004294,53.820270436862245,47.74753180723066,74.0,0.1469303240754627,2.857778492898084,2.8863562778270646,2.8653894243588995,1.2409601909372616,2.723711805527882,1.2374821779791696,1.201872648865765,2.8863562778270646,1.0740902635004383,1.2664302684965512,1.2362292413125489,1.0769677802723574,1.2705155971476858,2.7131056827518174,3.012263194010814,0.06864294828192086,-0.12490486859340755,0.12590691618374938,-0.1732505950752472,False,False,0.05063921752382366,0.10127843504764732,0.05060156465044863,0.10120312930089725
770,12.833333333333334,False,False,50.14033106558785,50.0,61.69689112184444,49.85925410704984,53.81785780966921,47.73466641730315,74.0,0.14033106558785136,2.8549198730986833,2.88346907182967,2.862684438381316,1.2418993854561204,2.7215259275274155,1.238462785941253,1.203033404314656,2.88346907182967,1.0750479914878421,1.2677899785949893,1.2372088564287425,1.077911460044311,1.2718556820473674,2.710160564881659,3.009815101793047,0.06882227773271143,-0.12512194427034506,0.12634602996337696,-0.17330850694801114,False,False,0.05060156465044863,0.10120312930089725,0.050564176852797356,0.10112835370559471
775,12.916666666666666,False,False,50.13381206555365,50.0,61.69607599026397,49.8528046557741,53.8155020957922,47.72191324564438,74.0,0.13381206555364855,2.8520706316733953,2.880591337990129,2.859987833337353,1.2428276415157287,2.7193672992324105,1.2394317453129433,1.2041883898555625,2.880591337990129,1.0760010080842028,1.2691431343171677,1.2381768347432172,1.0788503802804996,1.2731892290913487,2.707225764892538,3.0073735209618686,0.06900083923578615,-0.12533800957506291,0.1267821829717395,-0.17336557309759115,False,False,0.050564176852797356,0.10112835370559471,0.05052705366212589,0.10105410732425178
780,13.0,False,False,50.12737298289954,50.0,61.695314052772005,49.84643500248466,53.813203296755376,47.70927156292573,74.0,0.12737298289953713,2.8492307959965157,2.877723103956481,2.8572996429272033,1.243745141995162,2.717235262044662,1.2403892552055822,1.2053376008677787,2.877723103956481,1.0769492972885653,1.270489740868824,1.2391333751646472,1.0797845263915993,1.2745162436688053,2.7043012996319984,3.00493850472233,0.06917864280102659,-0.12555307447617947,0.12721540076584903,-0.1734218043244824,False,False,0.05052705366212589,0.10105410732425178,0.050490194500254736,0.10098038900050947
785,13.083333333333334,False,False,50.12101345978066,50.0,61.694605099938904,49.8401447875927,53.81096139393473,47.69674063388507,74.0,0.12101345978066291,2.8464003947645184,2.874864398712164,2.854619902177164,1.2446520657551272,2.7151291771393677,1.2413355102018677,1.206481033157352,2.874864398712164,1.0778928436483566,1.2718298036024087,1.240078672091704,1.0807138843160602,1.2758367313214387,2.701387187265443,3.0025101072394693,0.06935569816408682,-0.1257671488412917,0.1276457085273055,-0.17347721144672068,False,False,0.050490194500254736,0.10098038900050947,0.05045359868633301,0.10090719737266601
790,13.166666666666666,False,False,50.11473312206297,50.0,61.69394891395582,49.8339336337725,53.8087763499939,47.68431971839398,74.0,0.11473312206297237,2.8435794578110185,2.872015252389129,2.8519486472524562,1.2455485877592252,2.7130484248237208,1.2422707004975067,1.2076186831189535,2.872015252389129,1.0788316322487042,1.2731633280150205,1.2410129155155574,1.0816384408928728,1.2771506981242597,2.6984834470988694,3.00008838346463,0.06953201500530626,-0.12598024222608073,0.12807313107550122,-0.17353180529025947,False,False,0.05045359868633301,0.10090719737266601,0.05041726544320751,0.10083453088641502
795,13.25,False,False,50.1085315798262,50.0,61.69334526836458,49.827801148939656,53.80664810747988,47.672008070024205,74.0,0.10853157982619877,2.840768015933364,2.869175696092698,2.84928591528175,1.246434879190484,2.7109924039159066,1.2431950120372197,1.2087505476475873,2.869175696092698,1.0797656488221292,1.274490319866529,1.2419362911955887,1.0825581835043014,1.2784581503361587,2.6955900994127666,2.9976733889728893,0.06970760268857146,-0.12619236414328583,0.1284976928801913,-0.17358559667993134,False,False,0.05041726544320751,0.10083453088641502,0.050381193903515975,0.10076238780703195
800,13.333333333333334,False,False,50.10240842788337,50.0,61.69279392785908,49.82174692541158,53.804576590721155,47.65980493752762,74.0,0.10240842788336835,2.837966100730232,2.8663457617375343,2.8466317441928277,1.2473111075633738,2.7089605311439864,1.2441086266453616,1.2098766242268812,2.8663457617375343,1.0806948797118412,1.2758107851511087,1.2428489807765346,1.083473100412393,1.2797590947440716,2.6927071653065164,2.995265179810963,0.06988247051719032,-0.12640352381448827,0.12891941807342855,-0.17363859643101787,False,False,0.050381193903515975,0.10076238780703195,0.05034538311540572,0.10069076623081144
805,13.416666666666666,False,False,50.09636324631405,50.0,61.69229464815081,49.81577054087982,53.80256170499883,47.6477095639162,74.0,0.09636324631404847,2.835173744449611,2.863525481894107,2.84398617255874,1.2481774368315004,2.70695224056412,1.2450117221513797,1.2109969109290888,2.863525481894107,1.0816193119508317,1.2771247301843778,1.2437511619056296,1.0843831805588662,1.2810535384703579,2.689834666552744,2.992863812355009,0.07005662754126907,-0.1266137303702226,0.12933833046090193,-0.173690815341363,False,False,0.05034538311540572,0.10069076623081144,0.05030983204803295,0.1006196640960659
810,13.5,False,False,50.090395601007515,50.0,61.69184717589306,49.809871558385574,53.80060333758427,47.63572118718913,74.0,0.09039560100751487,2.832390979846619,2.8607148896450854,2.8413492394538764,1.2490340274911673,2.704966982997596,1.2459044725103752,1.2121114064592349,2.8607148896450854,1.082538933257217,1.2784321616066068,1.2446430083790347,1.0852884137430594,1.2823414891580696,2.6869726254610793,2.9904693431778173,0.07023008269883468,-0.12682299271617548,0.12975445353273196,-0.17374226418400607,False,False,0.05030983204803295,0.1006196640960659,0.050274539596673135,0.10054907919334627
815,13.583333333333334,False,False,50.084505044214076,50.0,61.69145124865689,49.80404952810956,53.79870135748227,47.623839039922544,74.0,0.08450504421407601,2.8296178400506156,2.8579140184511216,2.8387209843194485,1.2498810366809914,2.703004225486159,1.2467870479189382,1.2132201101109696,2.8579140184511216,1.0834537320834237,1.2797330864395937,1.2455246901857664,1.086188790445616,1.2836229548017875,2.684121064750809,2.9880818289248365,0.07040284469081781,-0.12703131966535364,0.13016781047371495,-0.17379295370031267,False,False,0.050274539596673135,0.10054907919334627,0.05023950458769972,0.10047900917539944
820,13.666666666666666,False,False,50.07869111510114,50.0,61.69110659495442,49.79830398661234,53.79685561671266,47.612062350216775,74.0,0.07869111510113669,2.8268543584410923,2.8551229020255033,2.836101446837823,1.250718618277739,2.7010634507651003,1.2476596149265042,1.214323021840146,2.8551229020255033,1.0843636975960584,1.281027512074048,1.246396373727339,1.0870843020382284,1.2848979439643669,2.6812800074319307,2.9857013261985923,0.0705749221242209,-0.1272387198019176,0.13057842417308896,-0.1738428945935726,False,False,0.05023950458769972,0.10047900917539944,0.05020472578318399,0.10040945156636798
825,13.75,False,False,50.07295334031249,50.0,61.69081293430389,49.79263445820638,53.79506594988065,47.60039034113957,74.0,0.07295334031248757,2.8241005685318736,2.8523415742171925,2.8334906668152615,1.2515469229885527,2.6991441567536096,1.2485223365424079,1.215420142235389,2.8523415742171925,1.0852688197280533,1.282315446329082,1.2472582218470507,1.0879749406118309,1.2861664656119638,2.6784494766941633,2.983327891450993,0.07074632337657483,-0.1274452016235581,0.1309863172338006,-0.17389209752302914,False,False,0.05020472578318399,0.10040945156636798,0.05017020188535476,0.10034040377070952
830,13.833333333333334,False,False,50.067291234528334,50.0,61.69056997733209,49.787040455032134,53.79333217528575,47.58882223152639,74.0,0.06729123452833363,2.821356503863162,2.8495700689017935,2.830888684072578,1.252366098439722,2.6972458560618735,1.2493753723388343,1.216511472547527,2.8495700689017935,1.086169089161689,1.2835968974424163,1.248110393947127,1.088860699115944,1.287428529260074,2.675629495803454,2.980961580883132,0.070917056712547,-0.12765077343158304,0.13139151198133847,-0.17394057309833943,False,False,0.05017020188535476,0.10034040377070952,0.05013593154076818,0.10027186308153636
835,13.916666666666666,False,False,50.0617043010246,50.0,61.69037742590984,49.781521477711365,53.79165409488397,47.577357235774116,74.0,0.061704301024597896,2.818622197901007,2.846808419880017,2.8282955383432933,1.253176289262151,2.6953680755144447,1.2502188785498383,1.2175970146895907,2.846808419880017,1.0870644973595536,1.2848718741083567,1.248953046120505,1.0897415712730611,1.2886841448944522,2.672820088005613,2.978602450352153,0.07108713020486146,-0.12785544341652955,0.13179403047213567,-0.173988331874404,False,False,0.05013593154076818,0.10027186308153636,0.05010191334431055,0.1002038266886211
840,14.0,False,False,50.05619203222956,50.0,61.69023497331689,49.77607701688936,53.79003149504808,47.565994564339704,74.0,0.056192032229560596,2.815897683943773,2.8440566607832105,2.825711269178883,1.2539776371736637,2.6935103556893734,1.2510530081666156,1.2186767711926678,2.8440566607832105,1.0879550365588235,1.286140385478942,1.2497863311947641,1.0906175515550753,1.2899333229539378,2.670021276436609,2.9762505552847616,0.07125655176126999,-0.12805921963759248,0.13219389450155106,-0.1740353843466016,False,False,0.05010191334431055,0.1002038266886211,0.05006814584295412,0.10013629168590824
845,14.083333333333334,False,False,50.05075391027674,50.0,61.690142304432214,49.770706551934964,53.7884641474115,47.55473342431458,74.0,0.05075391027673959,2.8131829950352443,2.841314824985597,2.8231359158606852,1.2547702810582868,2.691672250472639,1.2518779110291784,1.2197507452941956,2.841314824985597,1.0888406997600428,1.2874024411594343,1.250610398849267,1.091488635327963,1.2911760744813905,2.6672330840392657,2.9739059505971026,0.07142532918719491,-0.12826210996623266,0.13259112561150577,-0.1740817409463311,False,False,0.05006814584295412,0.10013629168590824,0.050034627539368604,0.10006925507873721
850,14.166666666666666,False,False,50.045389407552335,50.0,61.690099095946934,49.76540955302421,53.78695180850488,47.54357301894,74.0,0.045389407552335115,2.8104781638839804,2.83858294552282,2.820569517318184,1.2555543570426353,2.6898533266274103,1.252693733914601,1.220818940864383,2.83858294552282,1.0897214807668614,1.2886580512546157,1.2514253957323036,1.092354818650047,1.2924124109280635,2.6644555334858926,2.971568690620523,0.07159347006368044,-0.12846412221433612,0.13298574509770278,-0.1741274120369276,False,False,0.050034627539368604,0.10006925507873721,0.05000135689529641,0.10000271379059282
855,14.25,False,False,50.040097987236514,50.0,61.69010501659637,49.7601854810081,53.78549422112288,47.53251254864646,74.0,0.04009798723651414,2.807783222788587,2.8358610550164727,2.818012112053208,1.2563299985695318,2.688053163377672,1.2535006206219768,1.2218813624356426,2.8358610550164727,1.0905973741486372,1.289907226337809,1.2522314654757338,1.0932160984291133,1.293642344316708,2.661688647106619,2.9692388290330323,0.07176098188106539,-0.12866526400652933,0.1333777740165596,-0.1741724079098539,False,False,0.05000135689529641,0.10000271379059282,0.04996833233481105,0.0999366646696221
860,14.333333333333334,False,False,50.03487910383716,50.0,61.69015972740891,49.75503378817806,53.78409111427471,47.52155121085012,74.0,0.03487910383716297,2.80509820356857,2.8331491856042557,2.8154637380698255,1.2570973364689717,2.6862713520057766,1.2542987120542373,1.2229380151878742,2.8331491856042557,1.0914683752632943,1.2911499774800088,1.253028748841416,1.0940724723043465,1.2948658871293481,2.6589324468230418,2.9669164187960155,0.07192787194147399,-0.1288655428835277,0.13376723319175987,-0.1742167387812139,False,False,0.04996833233481105,0.0999366646696221,0.04993555224736122,0.09987110449472245
865,14.416666666666666,False,False,50.0297322037155,50.0,61.69026288196885,49.749953918686856,53.78274220407112,47.510688200575245,74.0,0.029732203715497008,2.802423137500469,2.8304473688754737,2.8129244328095284,1.2578564990265522,2.6845074954634836,1.255088146296961,1.2239889049484647,2.8304473688754737,1.0923344802378014,1.2923863162364932,1.2538173837944215,1.0949239387099674,1.2960830523766438,2.656186954086947,2.9646015120960136,0.0720941474281791,-0.12906496623849728,0.13415414322053998,-0.1742604147885265,False,False,0.04993555224736122,0.09987110449472245,0.049903014990695146,0.09980602998139029
870,14.5,False,False,50.02465672560258,50.0,61.69041412669091,49.74494530893762,53.781447194001366,47.4999227105424,74.0,0.024656725602582696,2.799758055258969,2.8277556358115588,2.8103942330914804,1.2586076120494707,2.6827612079960534,1.2558690586943064,1.2250340381922888,2.8277556358115588,1.0931956859739078,1.2936162546585648,1.2545975055323197,1.0957704968340098,1.2972938535622573,2.6534521898237866,2.962294160291211,0.0722598153699685,-0.129263541358279,0.1345385244796522,-0.17430344598777214,False,False,0.049903014990695146,0.09980602998139029,0.04987071889361275,0.0997414377872255
875,14.583333333333334,False,False,50.01965210110619,50.0,61.69061310110461,49.74000738856346,53.78020577550682,47.48925393152032,74.0,0.01965210110618898,2.7971029868627166,2.8250740167313437,2.807873175057499,1.2593507989301995,2.6810321147789864,1.256641581922194,1.2260734220122778,2.8250740167313437,1.094051990139578,1.2948398052908416,1.2553692465876793,1.0966121465924197,1.2984983046624259,2.6507281743806597,2.959994413862408,0.07242488265014813,-0.12946127541985808,0.13492039713106418,-0.17434584235068407,False,False,0.04987071889361275,0.0997414377872255,0.049838662258587726,0.09967732451717545
880,14.666666666666666,False,False,50.01471775520731,50.0,61.69085943814623,49.73513958013687,53.77901762865389,47.47868105276691,74.0,0.014717755207307448,2.7944579616245795,2.8224025412408253,2.805361294121534,1.260086180707929,2.679319851566994,1.257405846058851,1.2271070641488495,2.8224025412408253,1.0949033911548147,1.2960569811628304,1.2561327369159245,1.0974488886850589,1.2996964201873131,2.648014927478558,2.957702322368217,0.07258935603846361,-0.12965817546379066,0.1352997811273915,-0.17438761376226752,False,False,0.049838662258587726,0.09967732451717545,0.049806843364243264,0.09961368672848653
885,14.75,False,False,50.009853106746085,50.0,61.691152764456774,49.73034130102351,53.77788242228312,47.468203262012636,74.0,0.009853106746085416,2.791823008106094,2.819741238187155,2.8028586249233873,1.2608138761278802,2.677624064354815,1.2581619786528324,1.2281349729163322,2.819741238187155,1.0957498881991963,1.2972677958020689,1.256888103924621,1.0982807244458184,1.3008882150363583,2.645312468168601,2.955417934404228,0.0727532421200261,-0.12985424847051386,0.135676696217073,-0.17442877001855406,False,False,0.049806843364243264,0.09961368672848653,0.04977526046773183,0.09955052093546365
890,14.833333333333334,False,False,50.00505756889638,50.0,61.69149270068441,49.72561196148911,53.77679981522778,47.4578197463857,74.0,0.005057568896383202,2.789198154075871,2.81709013561663,2.8003652012864144,1.261534001698572,2.6759444090494875,1.2589101047886315,1.2291571573059719,2.81709013561663,1.0965914811714792,1.2984722631992145,1.2576354725906187,1.0991076560837392,1.3020737047445137,2.6426208147920836,2.953141297565952,0.07291654743854181,-0.1300495012222327,0.1360511619493221,-0.17446932082454625,False,False,0.04977526046773183,0.09955052093546365,0.04974391180694153,0.09948782361388306
895,14.916666666666666,False,False,50.000330549628856,50.0,61.69187886178971,49.720950968052385,53.775769455505284,47.44752969155895,74.0,0.00033054962885614714,2.7865834264717346,2.814449260736452,2.7978810561790177,1.2622466717471301,2.6742805511536982,1.2596503471499767,1.2301736268387777,2.814449260736452,1.0974281707368407,1.2996703978606576,1.2583749654746954,1.0999296863130335,1.3032529051172776,2.6399399849440774,2.950872458415287,0.07307927827849992,-0.13024394052574428,0.13642319767883482,-0.17450927579237474,False,False,0.04974391180694153,0.09948782361388306,0.049712795602618334,0.09942559120523667
900,15.0,False,False,49.99567145216245,50.0,61.69231085735271,49.71635772154548,53.774790982485136,47.43733228351312,74.0,-0.004328547837552321,2.7839788513663746,2.8118186398800384,2.7954062216796824,1.262951998472722,2.67263216545985,1.2603828260809102,1.2311843916685303,2.8118186398800384,1.098259958242809,1.3008622147297035,1.2591067027801275,1.1007468187214975,1.304425832603998,2.637269995440409,2.94861146245034,0.07324144093546758,-0.13043757294703284,0.13679282257030145,-0.17454864443962936,False,False,0.049712795602618334,0.09942559120523667,0.04968191006040086,0.09936382012080172
905,15.083333333333334,False,False,49.99107967540368,50.0,61.69278829188031,49.711831619490354,53.77386402581252,47.42722670745341,74.0,-0.008920324596317641,2.781384453936329,2.8091982984756925,2.7929407289453745,1.2636500919981912,2.6709989357544908,1.261107659644752,1.2321894624787728,2.8091982984756925,1.0990868457762557,1.3020477292486952,1.2598308024551899,1.1015590573951677,1.3055925039273248,2.6346108622878237,2.9463583540783964,0.07340304144855203,-0.13063040508360513,0.13716005560270395,-0.17458743618786876,False,False,0.04968191006040086,0.09936382012080172,0.04965125337269596,0.09930250674539191
910,15.166666666666666,False,False,49.9865546143738,50.0,61.69331076511306,49.707372054737895,53.772988207343204,47.417212149372055,74.0,-0.013445385626198458,2.778800258434088,2.8065882610184287,2.7904846081831103,1.2643410604199727,2.6693805545327667,1.2618249636810268,1.2331888505563893,2.8065882610184287,1.0999088360875993,1.3032269572882438,1.2605473802224425,1.1023664072446588,1.3067529364142336,2.6319626006571313,2.94411317659185,0.07356408585784435,-0.13082244331173043,0.13752491557342106,-0.17462566036129745,False,False,0.04965125337269596,0.09930250674539191,0.049620823720481225,0.09924164744096245
915,15.25,False,False,49.98209566062374,50.0,61.6938778723306,49.7029784165654,53.77216314020351,47.407287795089566,74.0,-0.01790433937625835,2.7762262881631528,2.8039885510447844,2.7880378886244905,1.2650250098563482,2.66777672272255,1.2625348518604518,1.2341825677474572,2.8039885510447844,1.1007259326400651,1.3043999152013985,1.261256549651944,1.1031688737449445,1.3079071477403867,2.6293252248591967,2.941875972146945,0.07372457999292958,-0.13101369400251262,0.1378874211021608,-0.17466332618558766,False,False,0.049620823720481225,0.09924164744096245,0.04959061927502793,0.09918123855005587
920,15.333333333333334,False,False,49.97770220263665,50.0,61.6944892046544,49.6986500920634,53.77138843004343,47.397452831222985,74.0,-0.02229779736335047,2.773662565455872,2.801399191110431,2.7856005985030707,1.26570204449413,2.6661871494179303,1.2632374357380536,1.2351706263983853,2.801399191110431,1.101538139562059,1.3055666197808258,1.2619584221758942,1.1039664629913482,1.3090551559906138,2.6266987483235624,2.9396467817451324,0.07388452959222858,-0.1312041634070371,0.13824759063470138,-0.17470044278686858,False,False,0.04959061927502793,0.09918123855005587,0.04956063819950101,0.09912127639900202
925,15.416666666666666,False,False,49.97337362621811,50.0,61.695144349347615,49.694386465339285,53.770663675598676,47.38770644554982,74.0,-0.02662637378188748,2.771109111653895,2.798820202770434,2.7831727650343474,1.2663722666338137,2.6646115516217526,1.2639328248045008,1.2361530394000602,2.798820202770434,1.1023454616289898,1.3067270882453375,1.2626531071618503,1.1047591817316302,1.310196979695383,2.6240831835796126,2.937425645216922,0.0740439402953228,-0.13139385766842993,0.13860544244648798,-0.1747370191908213,False,False,0.04956063819950101,0.09912127639900202,0.049530878650500265,0.09906175730100053
930,15.5,False,False,49.969109314873975,50.0,61.69584289011091,49.690186917633945,53.76998846876385,47.37804782694493,74.0,-0.030890685126024664,2.768565947091092,2.7962516065620027,2.780754414398267,1.2670357767332838,2.663049653996894,1.2646211265357248,1.2371298201878471,2.7962516065620027,1.10314790426582,1.3078813382470327,1.2633407120005815,1.1055470373439553,1.3113326378130596,2.6214785422400673,2.935212601208058,0.07420281762521252,-0.1315827828438918,0.13896099464605527,-0.1747730643219354,False,False,0.049530878650500265,0.09906175730100053,0.04950133877950113,0.09900267755900226
935,15.583333333333334,False,False,49.96490865017576,50.0,61.69658440737393,49.68605082927625,53.76936239487182,47.368476165500944,74.0,-0.035091349824242,2.766033091078793,2.7936934219895813,2.7783455717240626,1.267692673450117,2.6615011886259814,1.2653024464408977,1.2381009826532956,2.7936934219895813,1.103945473539873,1.3090293878686063,1.2640213420767852,1.1063300377101883,1.3124621496074025,2.6188848349867118,2.933007687167895,0.07436116695410688,-0.13177094494310726,0.1393142651783137,-0.1748085870028695,False,False,0.04950133877950113,0.09900267755900226,0.04947201673421281,0.09894403346842562
940,15.666666666666666,False,False,49.96077101211394,50.0,61.6973684785819,49.681977578532226,53.76878503384831,47.358990653417905,74.0,-0.03922898788606233,2.763510561893208,2.79114566751214,2.775946261077303,1.2683430536825466,2.659965894779266,1.265976888108837,1.2390665412030013,2.79114566751214,1.104738176114568,1.3101712555814855,1.264695100871586,1.1071081913763885,1.3135855348121628,2.6163020715582133,2.9308109393398234,0.07451899360916148,-0.1319583498266128,0.1396652718276834,-0.17484359595392673,False,False,0.04947201673421281,0.09894403346842562,0.04944291065988829,0.09888582131977658
945,15.75,False,False,49.95669577943895,50.0,61.6981946784766,49.67796654229502,53.768255959818994,47.349590484537856,74.0,-0.04330422056104766,2.7609983767649005,2.7886083605325496,2.7735565054490183,1.268987012609141,2.65844351869038,1.2666445532528994,1.2400265107291761,2.7886083605325496,1.1055260192704384,1.3113069602711513,1.2653620900211082,1.107881507411484,1.3147028134937786,2.6137302607399047,2.928622392753661,0.07467630276460246,-0.13214500331769208,0.14001403222111142,-0.1748780997926449,False,False,0.04944291065988829,0.09888582131977658,0.04941401870053086,0.09882803740106172
950,15.833333333333334,False,False,49.952682329990296,50.0,61.699062579371706,49.674017097069736,53.76777474186893,47.34027485489245,74.0,-0.047317670009704216,2.7584965518701883,2.78608151738889,2.771176326746783,1.2696246437272471,2.6569338133396925,1.2673055417544268,1.2409809065655009,2.78608151738889,1.1063090108749862,1.3124365212112017,1.2660224092725458,1.108649995417681,1.3158140060657144,2.611169410355402,2.9264420812198257,0.07483309950021355,-0.13233091114781992,0.14036056383093554,-0.17491210703348825,False,False,0.04941401870053086,0.09882803740106172,0.04938533900006713,0.09877067800013425
955,15.916666666666666,False,False,49.94873004101333,50.0,61.69997175142191,49.67012861840232,53.76734094453815,47.33104296302035,74.0,-0.05126995898667275,2.756005102324358,2.7835651533476016,2.768805745787614,1.2702560388902504,2.6554365382450245,1.2679599517048108,1.2419297445165558,2.7835651533476016,1.1070871593635498,1.3135599580483464,1.2666761566452351,1.1094136655666254,1.3169191333284693,2.6086195272599775,2.924270037325258,0.07498938881191353,-0.13251607894993045,0.14070488397765635,-0.1749456260876241,False,False,0.04938533900006713,0.09877067800013425,0.04935686970338398,0.09871373940676796
960,16.0,False,False,49.94483828946485,50.0,61.70092176288564,49.66630048184009,53.766954127870186,47.321894009895644,74.0,-0.05516171053515251,2.753524042176575,2.781059282598341,2.7664447822926177,1.2708812883436937,2.653951459259451,1.268607879446213,1.2428730408136746,2.781059282598341,1.1078604737392823,1.3146772908064026,1.2673234283720831,1.1101725285074278,1.318018216381363,2.6060806173355364,2.922106292430914,0.0751451755676884,-0.1327005123062468,0.1410470098325729,-0.1749786652628047,False,False,0.04935686970338398,0.09871373940676796,0.04932860895742665,0.0986572179148533
965,16.083333333333332,False,False,49.94100645230669,50.0,61.70191218038101,49.662532062647244,53.76661384811112,47.31282719942749,74.0,-0.05899354769331211,2.751053384406396,2.77856391825046,2.764093454883225,1.271500480760306,2.6524783483759573,1.2692494196110138,1.2438108121296592,2.77856391825046,1.1086289635440532,1.3157885398611529,1.2679643189727814,1.1109265954394245,1.3191112766989805,2.60355268548714,2.919950876670776,0.07530046456932138,-0.13288421669023465,0.14138695842031623,-0.17501123276331976,False,False,0.04932860895742665,0.0986572179148533,0.04930055491211219,0.09860110982422438
970,16.166666666666668,False,False,49.93723390678787,50.0,61.702942569134876,49.65882273674349,53.76631965768438,47.303841738327705,74.0,-0.062766093212133,2.748593140921769,2.7760790723309867,2.7617517810789582,1.272113703273984,2.651016983538706,1.26988466516004,1.244743075534634,2.7760790723309867,1.1093926388607045,1.3168937259464517,1.2685989213416633,1.1116758779991875,1.3201983360217797,2.6010357356409513,2.9178038189522706,0.07545526048714568,-0.1330671975354465,0.14172474662128387,-0.17504333669003547,False,False,0.04930055491211219,0.09860110982422438,0.049272705721235224,0.09854541144247045
975,16.25,False,False,49.933520030715876,50.0,61.70401249322507,49.65517188070765,53.76607110597915,47.29493683669285,74.0,-0.06647996928412425,2.7461433225584417,2.773604755784026,2.759419777296611,1.2727210415127577,2.649567148460693,1.2705137074195998,1.2456698484960453,2.773604755784026,1.1101515102791006,1.3179928701240462,1.2692273267037764,1.1124203883228825,1.3212794164219799,2.5985297707435198,2.915665146957992,0.07560956792593454,-0.13324946017316286,0.14206039117396596,-0.17507498504050645,False,False,0.049272705721235224,0.09854541144247045,0.049245059543370974,0.09849011908674195
980,16.333333333333332,False,False,49.92986420271662,50.0,61.705121515815215,49.6515788717726,53.76586773943575,47.28611170797186,74.0,-0.0701357972833776,2.743703939080677,2.7711409784714838,2.757097458850756,1.2733225796307939,2.6481286324475626,1.2711366361173995,1.2465911488786605,2.7711409784714838,1.1109055888926638,1.3190859937838135,1.269849624702738,1.1131601390074037,1.3223545402681358,2.5960347927623317,2.913534887148677,0.0757633913894753,-0.13343100987125678,0.14239390867719326,-0.17510618570915204,False,False,0.049245059543370974,0.09849011908674195,0.04921761454263492,0.09843522908526985
985,16.416666666666668,False,False,49.92626580248372,50.0,61.70626919938233,49.64804308811987,53.76570910184179,47.27736556912107,74.0,-0.07373419751628063,2.741274999183196,2.768687749175028,2.754784839955504,1.273918400339468,2.6467012302273765,1.27175353941737,1.247506994929854,2.768687749175028,1.1116548862852533,1.3201731186342411,1.2704659033860937,1.113895143107376,1.3234237302255196,2.5935508026875187,2.9114130647672978,0.07591673529566556,-0.13361185182247803,0.14272531559226964,-0.17513694648750944,False,False,0.04921761454263492,0.09843522908526985,0.04919036888945631,0.09838073777891262
990,16.5,False,False,49.922724211017155,50.0,61.70745510593719,49.64456390947391,53.76559473457947,47.26869764071745,74.0,-0.07727578898284548,2.7388565104942706,2.766245075599213,2.7524819337274082,1.2745085849375366,2.645284741786118,1.2723645039534495,1.2484174052501749,2.766245075599213,1.112399414519827,1.321254266694629,1.2710762493371022,1.1146254140888179,1.3244870092130816,2.591077800534685,2.909299703844272,0.07606960396290674,-0.13379199116135698,0.14305462824505888,-0.17516727506452812,False,False,0.04919036888945631,0.09838073777891262,0.04916332076128064,0.09832664152256128
995,16.583333333333332,False,False,49.919238810851695,50.0,61.70867879723726,49.64114071768819,53.7655241771419,47.26010714730967,74.0,-0.08076118914830488,2.736448479579881,2.76381296437568,2.7501887521894783,1.2750932133404527,2.643878972208748,1.2729696148623628,1.249322398763916,2.76381296437568,1.1131391861149138,1.322329460275018,1.2716807475722363,1.1153509658079068,1.3255444003854433,2.5886157853487317,2.9071948272036265,0.07622200162152737,-0.1339714329560091,0.14338186282794663,-0.1751971790269482,False,False,0.04916332076128064,0.09832664152256128,0.04913646834324412,0.09827293668648825
1000,16.666666666666668,False,False,49.91580898627513,50.0,61.709939834992426,49.63777289517029,53.76549696757435,47.251593317704845,74.0,-0.08419101372486892,2.734050911948873,2.761391421068362,2.747905306276179,1.2756723641088494,2.6424837315256,1.2735689558154428,1.2502219947926916,2.761391421068362,1.113874214024047,1.3233987219590064,1.2722794817022534,1.1160718126339562,1.3265959272590389,2.586164755208662,2.9050984564701268,0.07637393246634727,-0.13415018215873542,0.14370703540176466,-0.17522666585970015,False,False,0.04913646834324412,0.09827293668648825,0.04910980982878834,0.09821961965757668
1005,16.75,False,False,49.912434123536634,50.0,61.711237781063,49.63445982730114,53.765512641876334,47.243155384347745,74.0,-0.08756587646336556,2.73166381205905,2.7589804501796404,2.745631605839394,1.2762461144762327,2.6410988345639392,1.274162609049518,1.2511162129377136,2.7589804501796404,1.114604511660672,1.3244620746319693,1.272872533873624,1.1167879691944913,1.3276416134602764,2.583724707233256,2.90301061207726,0.07652540052256285,-0.13432824374322228,0.14403016189761964,-0.17525574294638435,False,False,0.04910980982878834,0.09821961965757668,0.04908334342023938,0.09816668684047876
1010,16.833333333333332,False,False,49.90911361104551,50.0,61.71257219765085,49.631200901155175,53.76557073543491,47.234792584479294,74.0,-0.09088638895448753,2.7292871833241183,2.7565800551573596,2.743367659655258,1.2768145403759001,2.639724100804508,1.274750655396921,1.2520050731386527,2.7565800551573596,1.1153300928332994,1.3255195414194458,1.2734599848271047,1.1174994506106504,1.3286814829639684,2.581295637587586,2.9009313132760197,0.07667640982531565,-0.13450562252800236,0.14435125811866012,-0.17528441756977342,False,False,0.04908334342023938,0.09816668684047876,0.0490570673293534,0.0981141346587068
1015,16.916666666666668,False,False,49.905846839560695,50.0,61.71394264748294,49.6279955069832,53.76567078233041,47.22650415943504,74.0,-0.09415316043930488,2.726921028121446,2.7541902384026606,2.7411134754318027,1.2773777164671283,2.6383593542428696,1.2753331743146274,1.2528885956000615,2.7541902384026606,1.1160509717741052,1.3265711457189118,1.2740419139563075,1.1182062722454245,1.3297155598445305,2.5788775414902863,2.8988605781444385,0.076826964244469,-0.13468232335463703,0.1446703397417779,-0.1753126969123744,False,False,0.0490570673293534,0.0981141346587068,0.049030979777839406,0.09806195955567881
1020,17.0,False,False,49.90263320237083,50.0,61.715348693987835,49.62484303661516,53.765812316563654,47.21828935562618,74.0,-0.09736679762917078,2.724565347800562,2.7518110012785675,2.7388690598173624,1.2779357161606462,2.6370044232553953,1.2759102439125838,1.2537668008649507,2.7518110012785675,1.116767163082612,1.3276169111465637,1.2746183992784155,1.118908449960003,1.330743868535221,2.5764704132215503,2.8967984235978164,0.07697706767027035,-0.1348583509049477,0.14498742231924888,-0.17534058805701713,False,False,0.049030979777839406,0.09806195955567881,0.049005078997795465,0.09801015799559093
1025,17.083333333333332,False,False,49.89947209546568,50.0,61.71678990146488,49.62174288493256,53.76599487107085,47.21014742358739,74.0,-0.10052790453431726,2.7222201426923425,2.749442344119266,2.7366344184096834,1.2784886116434264,2.6356591404697225,1.2764819409812402,1.2546397097412136,2.749442344119266,1.1174786817666498,1.3286568615813055,1.275189517507397,1.1196059998500183,1.3317664335672235,2.5740742461317745,2.894744865399572,0.07712672382600982,-0.13503370989119534,0.14530252128030607,-0.17536809798749164,False,False,0.049005078997795465,0.09801015799559093,0.04897936323217396,0.09795872646434792
1030,17.166666666666668,False,False,49.896362917698994,50.0,61.718265835246704,49.61869445010558,53.76621797891859,47.20207761893273,74.0,-0.10363708230100599,2.7198854121188405,2.7470842662400288,2.7344095557656733,1.2790364739028135,2.6343233426395316,1.2770483410183158,1.2555073432869086,2.7470842662400288,1.118185543186994,1.329691021112363,1.275755344068648,1.120298938372917,1.3327832796997852,2.5716890326508164,2.8926999181727022,0.07727593641287656,-0.13520840491399166,0.14561565193267345,-0.17539523358921238,False,False,0.04897936323217396,0.09795872646434792,0.048953830735201216,0.09790766147040243
1035,17.25,False,False,49.89330507094254,50.0,61.719776061854304,49.61569713290487,53.766481173225024,47.19407920219949,74.0,-0.10669492905746125,2.717561154403698,2.744736765947735,2.7321944754117595,1.2795793727500242,2.6329968705234927,1.2776095182548377,1.2563697228396906,2.744736765947735,1.1188877630579477,1.3307194140427634,1.2763159531136354,1.1209872823174625,1.3337944318924406,2.569314764297822,2.890663595411759,0.07742470905275001,-0.13538244052222814,0.1459268294640239,-0.17542200164991328,False,False,0.048953830735201216,0.09790766147040243,0.048928479772701365,0.09785695954540273
1040,17.333333333333332,False,False,49.89029796023249,50.0,61.72132014914576,49.61275033754514,53.76678398723099,47.18615143882422,74.0,-0.10970203976751236,2.715247366883101,2.742399840551932,2.7299891798547904,1.2801173768430287,2.631679568768223,1.2781655456804681,1.2572268699726648,2.742399840551932,1.1195853574411407,1.331742064885984,1.2768714175784681,1.121671048751138,1.3347999152550605,2.566951431691546,2.8886359094953393,0.07757304528239573,-0.13555582122152665,0.14623606894340746,-0.17544840886038582,False,False,0.048928479772701365,0.09785695954540273,0.048903308622504645,0.09780661724500929
1045,17.416666666666668,False,False,49.887340993907564,50.0,61.722897666457946,49.609853471603465,53.76712595473931,47.178293599442746,74.0,-0.11265900609243573,2.712944045917229,2.740073486376401,2.7277936705934427,1.280650553708847,2.6303712857951296,1.2787164950681587,1.2580788064943864,2.740073486376401,1.1202783427228913,1.332758998346089,1.2774218091253262,1.1223502550483624,1.335799755078675,2.5645990245611814,2.886616871699018,0.07772094858428868,-0.13572855144602403,0.1465433853226168,-0.17547446181521975,False,False,0.048903308622504645,0.09780661724500929,0.04887831557472935,0.0977566311494587
1050,17.5,False,False,49.88443358373967,50.0,61.724508184741865,49.60700594593445,53.767506610176895,47.17050495986153,74.0,-0.11556641626032871,2.710651186902165,2.737757698771187,2.7256079481301,1.2811789697652725,2.6290718736909913,1.2792624369981382,1.2589255544488607,2.737757698771187,1.1209667356080668,1.3337702393143138,1.2779671983035314,1.1230249188720687,1.3367939768195862,2.5622575317575933,2.8846064922087007,0.07786842237072555,-0.135900635576792,0.14684879343751378,-0.1755001670135936,False,False,0.04887831557472935,0.0977566311494587,0.048853498932095306,0.09770699786419061
1055,17.583333333333332,False,False,49.88157514505697,50.0,61.726151276691446,49.60420717488937,53.76792548872247,47.16278480108819,74.0,-0.11842485494302935,2.7083687842822135,2.7354524721250355,2.7234320119831468,1.2817026903420488,2.6277811881021464,1.279803440881282,1.2597671361008271,2.7354524721250355,1.121650553110882,1.3347758128625236,1.278507654417763,1.1236950581595986,1.3377826060877593,2.55992694126496,2.8826047801343435,0.0780154699869322,-0.13607207794122855,0.147152308009308,-0.17552553086007538,False,False,0.048853498932095306,0.09770699786419061,0.04882885701017852,0.09765771402035704
1060,17.666666666666668,False,False,49.87876509685986,50.0,61.72782651686603,49.601456576838565,53.768382126494394,47.155132409415984,74.0,-0.12123490314014163,2.7060968315625966,2.7331577998782226,2.721265860699652,1.2822217797015183,2.626499088132171,1.2803395749818633,1.2606035739063282,2.7331577998782226,1.122329812542917,1.3357757442338407,1.2790432456891268,1.1243606910834871,1.3387656686100295,2.557607240212781,2.880611743524025,0.07816209470370139,-0.13624288282284103,0.14745394364580244,-0.17555055966544142,False,False,0.04882885701017852,0.09765771402035704,0.04880438813767017,0.09760877627534034
1065,17.75,False,False,49.876002861929976,50.0,61.72953348180682,49.59875357438425,53.768876060949985,47.147547076694245,74.0,-0.123997138070024,2.7038353213224955,2.7308736745357205,2.7191094918684033,1.282736301058757,2.6252254362429053,1.2808709064397215,1.2614348904979944,2.7308736745357205,1.1230045314916643,1.336770058823738,1.2795740391819437,1.1250218360494495,1.339743190230487,2.5552984148881945,2.8786273893783023,0.07830829973249265,-0.1364130544485449,0.14775371484258182,-0.17557525964752596,False,False,0.04880438813767017,0.09760877627534034,0.04878009065660149,0.09756018131320297
1070,17.833333333333332,False,False,49.873287866932365,50.0,61.73127175014727,49.596097592732264,53.769406831080666,47.1400281004221,74.0,-0.12671213306763462,2.701584245228397,2.728600087680681,2.7169629021332486,1.2832463166012154,2.623960098158732,1.2813975012918677,1.262261108758621,2.728600087680681,1.1236747278079566,1.3377587821699612,1.280100100862319,1.1256785118089305,1.3407151970253415,2.553000450748604,2.8766517236648728,0.0784540882667204,-0.13658259694969055,0.1480516359841917,-0.17559963693207692,False,False,0.04878009065660149,0.09756018131320297,0.048755962922530274,0.09751192584506055
1075,17.916666666666668,False,False,49.87061954251124,50.0,61.73304090271755,49.59348806204643,53.76997397671392,47.132574783063454,74.0,-0.12938045748875737,2.6993435940477166,2.7263370299881937,2.7148260872067382,1.2837518875078866,2.6227029427739774,1.2819194244935388,1.263082251703445,2.7263370299881937,1.124340419632775,1.3387419399817841,1.2806214956274289,1.12633073721085,1.3416817150569627,2.550713332434564,2.874684751333442,0.07859946335351764,-0.13675151449259504,0.1483477213452482,-0.17562369755362983,False,False,0.048755962922530274,0.09751192584506055,0.04873200330474153,0.09746400660948305
1080,18.0,False,False,49.86799732337949,50.0,61.73484052264354,49.590924416735184,53.770577039843005,47.12518643313433,74.0,-0.1320026766205089,2.697113357662665,2.724084491239292,2.7126990418840027,1.2842530739680105,2.6214538420633238,1.2824367399387278,1.263898342509574,2.724084491239292,1.1250016253343564,1.339719558079498,1.281138287290878,1.1269785313884593,1.3426427705629587,2.5484370437828856,2.872726476330834,0.07874442805338466,-0.13691981112111473,0.14864198509154214,-0.17564744745640626,False,False,0.04873200330474153,0.09746400660948305,0.04870821018641296,0.09741642037282593
1085,18.083333333333332,False,False,49.86542064840182,50.0,61.73667019543999,49.588406095043474,53.77121556415977,47.117862364722136,74.0,-0.1345793515981768,2.6948935250843387,2.721842460335182,2.7105817600568596,1.2847499351993343,2.6202126709951457,1.28294951048021,1.2647094045307041,2.721842460335182,1.1256583635245985,1.3406916624131575,1.281650538655913,1.1276219136722485,1.3435983898712762,2.546171567839976,2.870776901616279,0.0788889853405721,-0.13708749085845562,0.14893444128109712,-0.17567089249520595,False,False,0.04870821018641296,0.09741642037282593,0.04868458196472493,0.09736916392944986
1090,18.166666666666668,False,False,49.862888960672514,50.0,61.73852950909859,49.58593253925633,53.7718890952409,47.11060189757702,74.0,-0.13711103932748614,2.6926840844669933,2.719610925311663,2.7084742347281274,1.285242529465943,2.6189793074476397,1.2834577979490693,1.2655154612824027,2.719610925311663,1.126310653046526,1.3416582790523368,1.2821583115007797,1.1282609036157898,1.3445485994281772,2.5439168868753375,2.8688360291768604,0.0790331381457745,-0.13725455766661288,0.14922510386519727,-0.1756940384363257,False,False,0.04868458196472493,0.09736916392944986,0.0486611170510478,0.0973222341020956
1095,18.25,False,False,49.860401707587094,50.0,61.74041805417057,49.583503196206614,53.77259718052126,47.103404357018874,74.0,-0.13959829241290578,2.690485023122489,2.717389873353714,2.706376458026099,1.285730914095675,2.617753632127677,1.283961663173759,1.266316536412678,2.717389873353714,1.1269585129710935,1.3426194341851667,1.2826616665640813,1.1288955209337241,1.3454934257383182,2.5416729823952293,2.8669038600431063,0.07917688932564015,-0.1374210154789539,0.1495139866893922,-0.17571689095848475,False,False,0.0486611170510478,0.0973222341020956,0.048637813871001426,0.09727562774200285
1100,18.333333333333332,False,False,49.85795834090878,50.0,61.742335423844494,49.58111751778093,53.773339369714435,47.09626907423556,74.0,-0.14204165909121969,2.6882963275348724,2.7151792908102212,2.704288421219168,1.2862151454971322,2.6165355284922556,1.2844611659987015,1.2671126536725479,2.7151792908102212,1.1276019625741505,1.343575154097495,1.2831606636472772,1.1295257854905245,1.3464328953555642,2.539439835156468,2.8649803943046863,0.07932024168301632,-0.13758686818202337,0.14980110349446507,-0.17573945565375304,False,False,0.048637813871001426,0.09727562774200285,0.04861467086457597,0.09722934172915194
1105,18.416666666666668,False,False,49.855558316829594,50.0,61.74428121401888,49.57877495897688,53.774115215096586,47.08919538646319,74.0,-0.14444168317040607,2.686117983375081,2.7129791632088316,2.702210114730577,1.2866952791763058,2.6153248826724864,1.2849563653024467,1.2679038370043327,2.7129791632088316,1.128241021319374,1.3445254651579635,1.2836553615707544,1.1301517174413056,1.3473670350257991,2.537217425180339,2.8630656311262195,0.0794631980214664,-0.13775211956302713,0.1500864679173879,-0.1757617380284926,False,False,0.04861467086457597,0.09722934172915194,0.048591686486205425,0.09718337297241085
1110,18.5,False,False,49.85320109602648,50.0,61.7462550233703,49.5764749802434,53.77492427064892,47.08218263617214,74.0,-0.1467989039735187,2.6839499755157425,2.7107894752709,2.7001415281532792,1.2871713697528202,2.614121583400015,1.2854473190154003,1.2686901104239314,2.7107894752709,1.1288757088916748,1.3454703938535029,1.284145818188472,1.1307733369675073,1.3482958714245736,2.5350057317665944,2.8611595687631364,0.0796057610006422,-0.13791677345642417,0.1503700934922363,-0.1757837435043057,False,False,0.048591686486205425,0.09718337297241085,0.048568859204842225,0.09713771840968445
1115,18.583333333333332,False,False,49.850886143712515,50.0,61.7482564534167,49.57421704675973,53.77576609338287,47.075230172157944,74.0,-0.1491138562874852,2.6817922880460543,2.7086102109265147,2.6980826502648654,1.2876434709758164,2.6129255219357734,1.2859340841371425,1.2694714980502522,2.7086102109265147,1.1295060451339707,1.3464099667281777,1.284632090475816,1.1313906644732865,1.3492194313554127,2.532804733507533,2.8592622045776035,0.0797479333051605,-0.13808083357696566,0.15065199365108883,-0.17580547741898167,False,False,0.048568859204842225,0.09713771840968445,0.048546187504004266,0.09709237500800853
1120,18.666666666666668,False,False,49.84861292968348,50.0,61.750285108576385,49.57200062771488,53.77664024280086,47.068337349007464,74.0,-0.15138707031651677,2.6796449042867203,2.7064413533295877,2.6960334690425682,1.2881116357394806,2.6117365920010207,1.2864167167533413,1.2702480241346439,2.7064413533295877,1.130132050066414,1.3473442104044062,1.2851142344271012,1.1320037205158335,1.3501377416820133,2.530614408302132,2.8573735350544993,0.0798897175473694,-0.13824430361881035,0.15093218172491163,-0.17582694502745566,False,False,0.048546187504004266,0.09709237500800853,0.0485236698818257,0.0970473397636514
1125,18.75,False,False,49.84638092835993,50.0,61.75234059622277,49.569825197115584,53.77754628091745,47.061503527054825,74.0,-0.1536190716400725,2.6775078068049285,2.7042828848729776,2.6939939716783154,1.28857591609823,2.6105546897105496,1.2868952720522846,1.271019713016749,2.7042828848729776,1.1307537438808128,1.3482731515793553,1.285592305201999,1.1326125257760722,1.3510508293007824,2.528434733370208,2.8554935558173744,0.08003111628403325,-0.1384071872406769,0.15121067094439677,-0.17584815150276967,False,False,0.0485236698818257,0.0970473397636514,0.04850130485107899,0.09700260970215797
1130,18.833333333333332,False,False,49.844189618824856,50.0,61.754422526734814,49.567690233676196,53.7784837725176,47.05472807254534,74.0,-0.15581038117514368,2.675380977429352,2.702134787203646,2.691964144593791,1.2890363632815667,2.6093797135080226,1.2873698043410347,1.2717865891245037,2.702134787203646,1.1313711469245142,1.3491968170107513,1.2860663570230373,1.1332171010740693,1.3519587211580448,2.526265685266617,2.8536222616444613,0.08017213203354112,-0.13856948805043445,0.15148747444081545,-0.17586910193702865,False,False,0.04850130485107899,0.09700260970215797,0.048479090939193274,0.09695818187838655
1135,18.916666666666668,False,False,49.8420384848573,50.0,61.75653051354355,49.565595221319306,53.77945228520124,47.0480103576143,74.0,-0.15796151514270207,2.673264397265165,2.6999970412378165,2.6899439734555393,1.2894930277086143,2.6082115641033257,1.287840367061222,1.2725486769447072,2.6999970412378165,1.1319842796937338,1.35011523351209,1.2865364433073865,1.1338174673133188,1.35286144419609,2.524107239895449,2.8517596464846324,0.08031276725138281,-0.1387312096313884,0.15176260524681595,-0.1758898013423673,False,False,0.048479090939193274,0.09695818187838655,0.04845702668826001,0.09691405337652002
1140,19.0,False,False,49.83992701496206,50.0,61.75866417317496,49.563539647843456,53.78045138973331,47.04134976053302,74.0,-0.16007298503794232,2.6711580467090403,2.697869627176131,2.687933443190041,1.2899459590023348,2.607050144411898,1.2883070128044831,1.2733060010818826,2.697869627176131,1.1325931628133343,1.351028427934258,1.2870026165790023,1.1344136456021339,1.3537590254762861,2.521959372524216,2.849905703473363,0.0804530243944035,-0.13889235547974876,0.15203607629723193,-0.17591025465191468,False,False,0.04845702668826001,0.09691405337652002,0.04843511065505679,0.09687022131011358
1145,19.083333333333332,False,False,49.837854702395376,50.0,61.760823125288745,49.56152300634022,53.78148065938319,47.03474566507528,74.0,-0.16214529760462426,2.6690619054641425,2.695752524518784,2.6859325379987897,1.2903952060034516,2.6058953594959555,1.2887697933275641,1.2740585861847014,2.695752524518784,1.133197817061369,1.3519364271918821,1.28746492854184,1.13500565706878,1.3546514919958992,2.519822057798031,2.84806042494864,0.08059290581119782,-0.13905292911592126,0.15230790042985598,-0.1759304667207533,False,False,0.04843511065505679,0.09687022131011358,0.04841334141099742,0.09682668282199484
1150,19.166666666666668,False,False,49.835821045187146,50.0,61.76300699271394,49.55954479477813,53.7825396707846,47.02819746120987,74.0,-0.16417895481285427,2.6669759525550734,2.6936457120806243,2.6839412413733355,1.290840816784073,2.604747116507544,1.2892287595670902,1.274806456960696,2.6936457120806243,1.1337982633262593,1.3528392582222721,1.2879234300798545,1.1355935229895222,1.3555388708177945,2.5176952697537334,2.8462238024668247,0.0807324138570984,-0.13921293397117385,0.1525780903862004,-0.17595044232689094,False,False,0.04841334141099742,0.09682668282199484,0.048391717542141374,0.09678343508428275
1155,19.25,False,False,49.83382554615957,50.0,61.76521540148083,49.55760451589231,53.78362800359288,47.02170454474623,74.0,-0.1661744538404335,2.6649001663427816,2.6915491680062096,2.681959536110279,1.2912828386610344,2.6036053246333593,1.2896839616540188,1.2755496381762623,2.6915491680062096,1.1343945226172465,1.3537369479976022,1.2883781712862856,1.1361772647133064,1.3564211889967313,2.5155789818339938,2.844395826818458,0.08087155082046893,-0.13937237346295595,0.15284665881224857,-0.17597018617221583,False,False,0.048391717542141374,0.09678343508428275,0.04837023764915703,0.09674047529831406
1160,19.333333333333332,False,False,49.831867712942355,50.0,61.767447980849745,49.55570167707459,53.78474524069587,47.01526631746341,74.0,-0.16813228705764516,2.662834524539415,2.6894628697848093,2.679987404326226,1.291721318208962,2.602469895041273,1.2901354489277794,1.2762881546566587,2.6894628697848093,1.1349866160503186,1.3546295235125274,1.2888292014343734,1.1367569037039258,1.3572984736231113,2.5134731669013526,2.842576488043995,0.08101031896645261,-0.1395312509527329,0.1531136182591859,-0.17598970288345672,False,False,0.04837023764915703,0.09674047529831406,0.04834890034727343,0.09669780069454686
1165,19.416666666666668,False,False,49.82994705798492,50.0,61.76970436333654,49.55383579056908,53.78589096805308,47.008882186916345,74.0,-0.17005294201508292,2.6607790042231017,2.6873867942653327,2.678024827472674,1.292156301273068,2.6013407408285043,1.2905832699501145,1.27702203127129,2.6873867942653327,1.135574564850627,1.355517011788259,1.2892765690359285,1.1373324614916918,1.3581707517761974,2.5113777972521856,2.840765775449445,0.08114872050490729,-0.13968956977959834,0.1533789811841122,-0.1760089970131471,False,False,0.04834890034727343,0.09669780069454686,0.04832770426625949,0.09665540853251899
1170,19.5,False,False,49.82806309856536,50.0,61.77198418473526,49.552006373362836,53.78706477489224,47.002551566554494,74.0,-0.17193690143464124,2.6587335818526583,2.6853209176711847,2.676071786350815,1.292587832981686,2.6002177769713812,1.2910274725186295,1.2777512929337083,2.6853209176711847,1.1361583903390624,1.3563994398607546,1.2897203218559754,1.1379039597000677,1.359038050552265,2.5092928446306084,2.8389636776219342,0.08128675761855675,-0.13984733323364051,0.1536427599507495,-0.17602807304057633,False,False,0.04832770426625949,0.09665540853251899,0.04830664805036085,0.0966132961007217
1175,19.583333333333332,False,False,49.82621535679659,50.0,61.77428708413772,49.55021294799184,53.78826625365592,46.99627387562354,74.0,-0.1737846432034118,2.65669823328221,2.683265215615032,2.6741282611262713,1.2930159577585523,2.5991009202766335,1.291468103680055,1.278475964557465,2.683265215615032,1.13673811392993,1.3572768347799893,1.290160506883467,1.138471419961034,1.3599003969814447,2.507218280242294,2.837170182445168,0.08142443242397968,-0.14000454459643108,0.15390496683013577,-0.17604693537273786,False,False,0.04830664805036085,0.0966132961007217,0.04828573035824608,0.09657146071649216
1180,19.666666666666668,False,False,49.82440335962947,50.0,61.77661270395038,49.548455041212534,53.78949500050577,46.99004853955388,74.0,-0.1755966403705287,2.654672933775714,2.681219663113471,2.672194231343731,1.2934407193348378,2.597990089334172,1.2919052097432442,1.279196071114975,2.681219663113471,1.1373137571038987,1.3581492235844463,1.290597170375213,1.1390348640534111,1.360757818167504,2.505154074768185,2.8353852771147645,0.08156174705252894,-0.14016120706156387,0.1541656140012937,-0.17606558834528574,False,False,0.04828573035824608,0.09657146071649216,0.04826494986292256,0.09652989972584512
1185,19.75,False,False,49.822626638853755,50.0,61.77896068990862,49.546732184504286,53.79075061462014,46.98387498929925,74.0,-0.1773733611462447,2.6526576580213868,2.6791842346016006,2.6702696759414746,1.2938621607609453,2.596885204471291,1.292338836291888,1.279911637608084,2.6791842346016006,1.1378853414345043,1.3590166333291471,1.2910303578851654,1.139594313776429,1.361610341162831,2.5031001983781356,2.833608948153512,0.08169870355474718,-0.14031732383165485,0.15442471355191145,-0.17608403622346502,False,False,0.04826494986292256,0.09652989972584512,0.04824430525172799,0.09648861050345597
1190,19.833333333333332,False,False,49.82088473109585,50.0,61.78133069108832,49.54504391457181,53.79203269859848,46.97775266163999,74.0,-0.1791152689041482,2.650652380146014,2.677158903947474,2.668354573265824,1.2942803244180698,2.595786187708261,1.2927690281969832,1.280622689038637,2.677158903947474,1.1384528885655774,1.359879091064565,1.2914601142351332,1.1401497909762428,1.3624579929963465,2.50105662074441,2.8318411814264612,0.08183530395770955,-0.14047289806239416,0.1546822774789871,-0.1761022832030643,False,False,0.04824430525172799,0.09648861050345597,0.04822379522617508,0.09644759045235016
1195,19.916666666666668,False,False,49.81917717781467,50.0,61.78372235991517,49.54338977323831,53.79334085857505,46.97168099923427,74.0,-0.18082282218532697,2.648657073729145,2.6751436444664365,2.6664489010854355,1.294695252029532,2.5946929627152455,1.2931958296290451,1.2813292504084803,2.6751436444664365,1.1390164202015827,1.3607366238284166,1.2918864835294244,1.1407013175294676,1.3633008006583944,2.4990233110550997,2.830081962155914,0.0819715502499141,-0.14062793287901276,0.1549383176894774,-0.17612033341133682,False,False,0.04822379522617508,0.09644759045235016,0.048203418501937066,0.09640683700387413
1200,20.0,False,False,49.81750352529503,50.0,61.78613535217162,49.54176930642573,53.79467470431373,46.96565945065344,74.0,-0.1824964747049691,2.6466717118171665,2.673138428935338,2.6645526366055066,1.2951069846718908,2.593605454770513,1.2936192840700687,1.2820313467636062,2.673138428935338,1.1395759580988223,1.3615892586382932,1.2923095092280619,1.1412489154195564,1.36413879117846,2.497000238027404,2.828331274936277,0.08210744441485374,-0.14078243134404977,0.15519284600093863,-0.17613819090793426,False,False,0.048203418501937066,0.09640683700387413,0.048183173808747405,0.09636634761749481
1205,20.083333333333332,False,False,49.81586332463862,50.0,61.78856932700155,49.54018206557311,53.796033848705584,46.95968746989872,74.0,-0.1841366753613798,2.644696266937245,2.6711432296066175,2.6626657564818403,1.2955155627858421,2.5925235907198894,1.2940394343252617,1.2827290031205758,2.6711432296066175,1.140131524083194,1.3624370225108147,1.2927292340882106,1.1417926065782502,1.3649719914679135,2.4949873699207896,2.8265891037487627,0.08224298834733768,-0.1409363965423256,0.15544587414214517,-0.17615585968582792,False,False,0.048183173808747405,0.09636634761749481,0.04816305989028119,0.09632611978056238
1210,20.166666666666668,False,False,49.81425613175328,50.0,61.79102394691294,49.5386276066185,53.797417908541476,46.953764517028276,74.0,-0.18574386824671762,2.6427307111111324,2.6691580182222436,2.660788236834776,1.2959210261869067,2.591447298937414,1.2944563225345376,1.2834222445106662,2.6691580182222436,1.1406831400113613,1.3632799424241622,1.2931457001934632,1.142332413044073,1.3658004284797944,2.492984674550022,2.824855431975952,0.08237818396912822,-0.14108983146659315,0.15569741375370816,-0.1761733436722217,False,False,0.04816305989028119,0.09632611978056238,0.048143075504113245,0.09628615100822649
1215,20.25,False,False,49.81268150733998,50.0,61.79349887777847,49.53710549020025,53.79882650387706,46.9478900575603,74.0,-0.18731849266001888,2.6407750158688357,2.667182766027524,2.658920053262987,1.2963234140759146,2.5903765092871556,1.294869990183786,1.2841110959651543,2.667182766027524,1.1412308277944636,1.3641180453431268,1.293558949012413,1.1428683568470595,1.3666241290947778,2.490992119298062,2.823130242416214,0.08251303312962355,-0.14124273911809482,0.1559474763886901,-0.17619064672946205,False,False,0.048143075504113245,0.09628615100822649,0.048123219421581064,0.09624643884316213
1220,20.333333333333332,False,False,49.81113901687813,50.0,61.795993788834245,49.53561528216363,53.8002592583719,46.94206356272456,74.0,-0.18886098312187016,2.638829152262139,2.6652174437847607,2.657061180857138,1.2967227650492872,2.589311153086149,1.29528047811592,1.2847955824858854,2.6652174437847607,1.1417746093786088,1.3649513582009045,1.293969021325438,1.143400460028963,1.367443120142615,2.489009671128818,2.8214135172979544,0.0826475376567295,-0.14139512245692254,0.15619607351319376,-0.17620777265594256,False,False,0.048123219421581064,0.09624643884316213,0.048103490427717215,0.09620698085543443
1225,20.416666666666668,False,False,49.80962823060892,50.0,61.79850835267663,49.53415655285024,53.80171579938044,46.9362845094987,74.0,-0.1903717693910778,2.636893090877982,2.663262021786762,2.6552115942133865,1.2971191171091327,2.588251163068419,1.2956878265417164,1.2854757290747056,2.663262021786762,1.1423145067364056,1.3657799078919166,1.294375957327202,1.143928744675907,1.3682574284359756,2.4870372965997682,2.8197052382937295,0.08278169936127,-0.14154698439879865,0.15644321650696735,-0.17622472518699395,False,False,0.048103490427717215,0.09620698085543443,0.04808388732111793,0.09616777464223586
1230,20.5,False,False,49.80814872351721,50.0,61.80104224525753,49.532728877302105,53.803195757711066,46.93055238035667,74.0,-0.19185127648278666,2.634966801851677,2.6613164698701937,2.653371267446749,1.2975125076731429,2.587196473350044,1.296092075050439,1.2861515607187448,2.6613164698701937,1.1428505418733008,1.3666037212793967,1.2947797965387964,1.14445323287586,1.369067080729099,2.4850749618744175,2.8180053865341708,0.08291552001035418,-0.14169832784288472,0.1566889166639771,-0.1762415079957762,False,False,0.04808388732111793,0.09616777464223586,0.048064408913870475,0.09612881782774095
1235,20.583333333333332,False,False,49.806700075311525,50.0,61.80359514587789,49.531331835162234,53.80469876773822,46.924866663325176,74.0,-0.1932999246884748,2.6330502548799797,2.6593807574287793,2.6515401742042943,1.297902973584313,2.5861470193952414,1.2964932626202654,1.2868231023904173,2.6593807574287793,1.143382736818259,1.3674228251872984,1.2951805779102417,1.144973946742225,1.3698721037425314,2.4831226327346205,2.8163139426217736,0.08304900135211413,-0.14184915564819223,0.15693318519299426,-0.1762581246941588,False,False,0.048064408913870475,0.09612881782774095,0.04804505403140728,0.09609010806281457
1240,20.666666666666668,False,False,49.80528187040285,50.0,61.80616673717967,49.529965011792804,53.80622446733376,46.91922685188376,74.0,-0.19471812959714896,2.6311434192339966,2.6574548534263367,2.649718287678197,1.298290551120478,2.5851027379834246,1.2968914276285115,1.2874903789885594,2.6574548534263367,1.1439111136225186,1.3682372464002484,1.2955783397765572,1.1454909083085956,1.3706725240590023,2.481180274592748,2.8146308866444993,0.08318214507044286,-0.14199947067996388,0.15717603321816265,-0.17627457883358888,False,False,0.04804505403140728,0.09609010806281457,0.048025821512437554,0.09605164302487511
1245,20.75,False,False,49.80389369788183,50.0,61.80875670513645,49.52862799574422,53.80777249848348,46.91363244546077,74.0,-0.19610630211816726,2.6292462637719325,2.655538726409652,2.6479055806186236,1.2986752760036735,2.584063567177201,1.2972866078616652,1.2881534154561542,2.655538726409652,1.1444356943279295,1.3690470116330642,1.2959731199016915,1.1460041397699436,1.3714683683657165,2.4792478525036903,2.8129561981892133,0.08331495290956226,-0.1421492756862106,0.15741747177956134,-0.17629087390596165,False,False,0.048025821512437554,0.09605164302487511,0.04800671020880768,0.09601342041761536
1250,20.833333333333332,False,False,49.80253515149456,50.0,61.81136473904251,49.52732038139628,53.80934250596674,46.90808294824708,74.0,-0.19746484850544022,2.6273587569516708,2.6536323445211876,2.646102025346452,1.2990571834093245,2.583029446291297,1.2976788405252322,1.2888122366478911,2.6536323445211876,1.1449565010214542,1.3698521475864067,1.2963649554199492,1.1465136631383934,1.3722596631112034,2.4773253311767123,2.8112898563549558,0.08344742646331227,-0.1422985735094977,0.1576575118337682,-0.1763070133444753,False,False,0.04800671020880768,0.09601342041761536,0.047987718985381185,0.09597543797076237
1255,20.916666666666668,False,False,49.801205829617274,50.0,61.81399053150079,49.526041767342086,53.81093413888849,46.90257787048929,74.0,-0.19879417038272607,2.625480866843192,2.651735675511624,2.6443075937658342,1.2994363079752687,2.5820003158623517,1.298068162253399,1.289466867403744,2.651735675511624,1.1454735557628772,1.3706526808756123,1.2967538829677778,1.1470195005544892,1.3730464348176352,2.4754126749871475,2.809631839766032,0.08357956741389128,-0.14244736684925474,0.1578961642544079,-0.17632300052447647,False,False,0.047987718985381185,0.09597543797076237,0.04796884671994554,0.09593769343989109
1260,21.0,False,False,49.7999053352299,50.0,61.81663377840947,49.52479175690198,53.812547049515615,46.897116727441066,74.0,-0.20009466477009852,2.6236125611408223,2.6498486867522306,2.64252225737659,1.2998126838106132,2.580976117619575,1.2984546091185087,1.2901173325195396,2.6498486867522306,1.1459868806324416,1.3714486380794337,1.2971399385666247,1.147521674061192,1.373828709855863,2.4735098479879225,2.8079821265849336,0.08371137733632339,-0.14259565845834765,0.158133439832703,-0.17633883876430811,False,False,0.04796884671994554,0.09593769343989109,0.047950092303097165,0.09590018460619433
1265,21.083333333333332,False,False,49.79863327588821,50.0,61.8192941789473,49.52356995772668,53.814180893977145,46.89169903993477,74.0,-0.2013667241117929,2.6217538071753115,2.647971345247065,2.640745987286428,1.3001863445044364,2.5799567944562254,1.2988382166403754,1.2907636567616738,2.647971345247065,1.1464964976956291,1.3722400457059052,1.2975231576815078,1.1480202057562305,1.3746065145987714,2.4716168139209325,2.8063406945250775,0.08384285783709755,-0.14274345100544328,0.15836934927801272,-0.17635453132613232,False,False,0.047950092303097165,0.09590018460619433,0.04793145463808583,0.09586290927617167
1270,21.166666666666668,False,False,49.79738926369513,50.0,61.821971435558254,49.52237598231309,53.81583533170952,46.88632433386356,74.0,-0.20261073630486948,2.619904571925741,2.6461036176449984,2.6389787542230048,1.3005573231343255,2.5789422904018915,1.299219019795419,1.2914058648376796,2.6461036176449984,1.1470024290238199,1.3730269302140508,1.2979035752795882,1.148515117657929,1.3753798752880986,2.469733536228234,2.80470752086337,0.08397401045041897,-0.1428907471797507,0.15860390321837148,-0.17637008141676436,False,False,0.04793145463808583,0.09586290927617167,0.04791293264072471,0.09582586528144942
1275,21.25,False,False,49.79617291527115,50.0,61.824665253934604,49.52120944760955,53.81751002596864,46.88099214059074,74.0,-0.20382708472885014,2.6180648220312603,2.644245470251573,2.637220528545802,1.3009256522747699,2.5779325505955417,1.299597053025633,1.2920439814109432,2.644245470251573,1.1475046966675329,1.3738093179881643,1.298281225756955,1.149006431804547,1.376148818134746,2.4678599780630983,2.8030825824525945,0.08410483672380287,-0.14303754960639625,0.15883711220102148,-0.17638549218847466,False,False,0.04791293264072471,0.09582586528144942,0.047894525239269625,0.09578905047853925
1280,21.333333333333332,False,False,49.79498385172359,50.0,61.82737534299948,49.52006997523005,53.81920464347202,46.87570199660413,74.0,-0.2050161482764068,2.616234523802649,2.6423968690406756,2.635471280257846,1.3012913640054005,2.576927521259322,1.299972350247396,1.2926780310859887,2.6423968690406756,1.1480033226684254,1.3745872353508244,1.2986561429971972,1.1494941701734307,1.3769133692388738,2.465996102300864,2.801465855733612,0.08423533815288509,-0.14318386091255797,0.15906898669293623,-0.17640076673981175,False,False,0.047894525239269625,0.09578905047853925,0.04787623137427747,0.09575246274855494
1285,21.416666666666668,False,False,49.79382169861523,50.0,61.830101414888254,49.518957191061915,53.82091885466673,46.87045344371478,74.0,-0.20617830138476734,2.6144136432337057,2.6405577796660427,2.633730979017238,1.3016544899190836,2.575927149673078,1.3003449448601168,1.2933080384231925,2.6405577796660427,1.1484983290434871,1.3753607085480737,1.2990283603567605,1.1499783547495859,1.3776735546594072,2.464141871549659,2.7998573167473917,0.08436551623621469,-0.14332968367360666,0.15929953708134903,-0.17641590811638386,False,False,0.04787623137427747,0.09575246274855494,0.047858049998500664,0.09571609999700133
1290,21.5,False,False,49.792686085931955,50.0,61.832843184929295,49.51787072517882,53.82265233340584,46.86524602874245,74.0,-0.20731391406804534,2.6126021460124598,2.638728167472584,2.6319995941485255,1.3020150611298726,2.574931384149577,1.30071486975473,1.2939340279387852,2.638728167472584,1.1489897377956153,1.376129763760972,1.2993979107088762,1.150459007485301,1.3784294003745614,2.462297248160926,2.798256941146853,0.0844953724357762,-0.14347502045348426,0.159528773674269,-0.17643091931165822,False,False,0.047858049998500664,0.09571609999700133,0.04783998007674478,0.09567996015348956
1295,21.583333333333332,False,False,49.791576648049926,50.0,61.83560037162373,49.51681021236182,53.824404756991974,46.86007930352074,74.0,-0.20842335195007422,2.6107999975322147,2.636907997507537,2.6302770946538896,1.30237310828082,2.573940174010403,1.301082157322035,1.2945560240754186,2.636907997507537,1.149477570907905,1.3768944271008317,1.2997648263996326,1.1509361502773738,1.379180932259969,2.4604621942397995,2.79666470420853,0.08462490818455048,-0.14361987379804475,0.15975670670099307,-0.1764458032677374,False,False,0.04783998007674478,0.09567996015348956,0.04782202058577528,0.09564404117155056
1300,21.666666666666668,False,False,49.79049302370171,50.0,61.838372696624695,49.51577529231787,53.8261758063907,46.85495282504995,74.0,-0.20950697629829307,2.6090071629024107,2.6350972345314347,2.6285634492241647,1.3027286615516531,2.572953469562511,1.3014468394608925,1.2951740511874505,2.6350972345314347,1.14996185033042,1.377654724596927,1.300129139306546,1.1514098049568615,1.379928176079289,2.458636671655303,2.7950805808440564,0.08475412489183842,-0.14376424623058903,0.15998334631262168,-0.17646056287613154,False,False,0.04782202058577528,0.09564404117155056,0.0478041705141412,0.0956083410282824
1305,21.75,False,False,49.789434855942176,50.0,61.84115988471568,49.5147656077749,53.827965166358354,46.849866155576464,74.0,-0.21056514405782423,2.607223606959314,2.6332958430289075,2.62685862624968,1.3030817506663142,2.5719712220754136,1.3018089475862678,1.2957881336292394,2.6332958430289075,1.1504425979708153,1.3784106821880189,1.3004908807946323,1.1518799934302753,1.380671157626263,2.4568206420503906,2.7935045456114693,0.08488302399702352,-0.14390814019896414,0.1602087025825618,-0.17647520097851688,False,False,0.0478041705141412,0.0956083410282824,0.047786428862108626,0.09557285772421725
1310,21.833333333333332,False,False,49.78840179211354,50.0,61.843961663788484,49.51378080682754,53.82977252450408,46.84481886174769,74.0,-0.21159820788646044,2.6054492942765313,2.631503787219297,2.6251625938309298,1.3034324049003725,2.570993383758978,1.3021685126371385,1.2963982956374185,2.631503787219297,1.1509198357325008,1.3791623257614143,1.300850081789622,1.152346737415979,1.3814099024619488,2.4550140668517986,2.7919365727263283,0.08501160682453035,-0.14405155822143945,0.16043278550703155,-0.17648972036749822,False,False,0.047786428862108626,0.09557285772421725,0.04776879464148988,0.09553758928297976
1315,21.916666666666668,False,False,49.78739348380993,50.0,61.84677776482036,49.51282054194489,53.83159757254912,46.83981051567424,74.0,-0.2126065161900712,2.603684189175351,2.6297210310671044,2.6234753197890637,1.3037806530883065,2.570019907741825,1.302525565084263,1.2970045613750427,2.6297210310671044,1.1513935854549646,1.3799096810941713,1.301206772734031,1.1528100586637533,1.382144436135096,2.4532169072797636,2.7903766360726694,0.08513987476005336,-0.14419450271128942,0.16065560500556497,-0.17650412378734082,False,False,0.04776879464148988,0.09553758928297976,0.04775126687553163,0.09550253375106325
1320,22.0,False,False,49.7864095868416,50.0,61.8496079218508,49.51188446867716,53.833440005570836,46.83484069424424,74.0,-0.21359041315839988,2.6019282557349075,2.627947538292257,2.6217967716762165,1.3041265236306583,2.5690507480502953,1.302880134937808,1.2976069549904514,2.627947538292257,1.1518638689439313,1.380652773884096,1.3015609835871602,1.1532699789179583,1.3828747841461186,2.451429124357538,2.7888247092137513,0.08526782915566722,-0.14433697607249307,0.16087717092149445,-0.17651841393471868,False,False,0.04775126687553163,0.09550253375106325,0.04773384459880145,0.0954676891976029
1325,22.083333333333332,False,False,49.78544976119859,50.0,61.852451871957776,49.510972247700295,53.835299521676674,46.829908978810906,74.0,-0.214550238801408,2.600181457802176,2.6261832723801977,2.6201269167856447,1.304470044501072,2.5680858595879763,1.303232251754847,1.2982055005142594,2.6261832723801977,1.1523307079824179,1.381391629761654,1.3019127438836677,1.1537265197794773,1.3836009718098157,2.449650678920768,2.7872807654026617,0.08539547129555625,-0.14447898073478216,0.161097493022464,-0.1765325934594295,False,False,0.04773384459880145,0.0954676891976029,0.047716526857047116,0.09543305371409423
1330,22.166666666666668,False,False,49.78451367101394,50.0,61.85530935523351,49.510083543828024,53.83717582283368,46.825014955883496,74.0,-0.21548632898606002,2.598443759001789,2.624428196591807,2.618465722161715,1.3048112432532002,2.5671251981157717,1.3035819446467316,1.2988002219035026,2.624428196591807,1.1527941242903574,1.382126274250403,1.3022620827189257,1.154179702852805,1.3843230244032303,2.4478815316266838,2.785744777592711,0.08552280249972766,-0.14462051905069773,0.16131658100090407,-0.17654666496512306,False,False,0.047716526857047116,0.09543305371409423,0.04769931270706388,0.09539862541412776
1335,22.25,False,False,49.78360098452673,50.0,61.858180114759826,49.509218025632116,53.83906861432939,46.820158216631356,74.0,-0.21639901547327156,2.596715122745685,2.6226822739731417,2.616813154609697,1.3051501470275066,2.566168720232485,1.3039292422863265,1.299391143056355,2.6226822739731417,1.1532541395452465,1.3828567327884456,1.302609028734378,1.1546295496831156,1.385040967103472,2.446121642963143,2.784216718447664,0.08564982404711707,-0.14476159337323935,0.16153444447452214,-0.17656063100999875,False,False,0.04769931270706388,0.09539862541412776,0.04768220121659501,0.09536440243319003
1340,22.333333333333332,False,False,49.78271137404461,50.0,61.86106389658325,49.50837536627661,53.84097760479437,46.81533835687553,74.0,-0.21728862595539056,2.594995512242583,2.6209454673650088,2.6151691807054034,1.3054867825579393,2.565216383355921,1.304274172915128,1.2999782877679809,2.6209454673650088,1.153710775377831,1.3835830307249035,1.3029536101175383,1.1550760817239851,1.3857548249561698,2.4443709732574908,2.7826965603518032,0.0857765371881889,-0.14490220604399573,0.16175109298679446,-0.17657449410751802,False,False,0.04768220121659501,0.09536440243319003,0.04766519146417678,0.09533038292835357
1345,22.416666666666668,False,False,49.78184451590628,50.0,61.863960449689586,49.50755524192793,53.842902506437646,46.81055497726576,74.0,-0.21815548409372099,2.593284890507289,2.619217739412362,2.6135337668046468,1.3058211761785006,2.5642681457044674,1.3046167643502538,1.3005616798041137,2.619217739412362,1.1541640533583415,1.3843051933069226,1.3032958546898499,1.155519320468757,1.3864646230075648,2.4426294826852812,2.781184275419801,0.08590294320345104,-0.1450423593353567,0.16196653600743893,-0.17658825672708067,False,False,0.04766519146417678,0.09533038292835357,0.04764828253904568,0.09529656507809137
1350,22.5,False,False,49.781000090443406,50.0,61.86686952597842,49.50675733410695,53.84484303427673,46.80580768258616,74.0,-0.21899990955659376,2.5915832203698312,2.6174990525735295,2.6119068790525413,1.3061533538296988,2.563323966279159,1.3049570439913192,1.3011413427833305,2.6174990525735295,1.1546139950276115,1.3850232457115423,1.3036357897895414,1.1559592871927262,1.3871703860473965,2.440897131278808,2.7796798355064265,0.08602904326406602,-0.14518205559060426,0.16218078293289695,-0.17660192129472163,False,False,0.04764828253904568,0.09529656507809137,0.04763147354097216,0.09526294708194433
1355,22.583333333333332,False,False,49.780177781942626,50.0,61.86979088023715,49.5059813271922,53.84679890740838,46.80109608283054,74.0,-0.21982221805737368,2.589890464484428,2.615789369129272,2.610288483392617,1.3064833410648975,2.562383804846199,1.3052950388271916,1.3017173002947766,2.615789369129272,1.1550606218372519,1.3857372129866126,1.3039734424180551,1.1563960032828038,1.38787213893926,2.439173878935502,2.778183212216086,0.08615483864448348,-0.14532129701197283,0.16239384308681393,-0.17661549019377,False,False,0.04763147354097216,0.09526294708194433,0.04761476358017349,0.09522952716034698
1360,22.666666666666668,False,False,49.77937727860727,50.0,61.87272427011485,49.5052269104707,53.84876984753634,46.796419791900384,74.0,-0.2206227213927292,2.5882065853382876,2.6140886511916706,2.6086785455757937,1.3068111630565518,2.5614476219199314,1.3056307754426293,1.3022895757951574,2.6140886511916706,1.1555039552121897,1.3864471201140518,1.3043088390936193,1.1568294898878548,1.3885699062716221,2.4374596854261434,2.776694376912176,0.08628033047646477,-0.14546008590730253,0.16260572572050558,-0.1766289657655271,False,False,0.04761476358017349,0.09522952716034698,0.0475981517771789,0.0951963035543578
1365,22.75,False,False,49.7785982725189,50.0,61.87566945609605,49.504493775947516,53.85075558035402,46.79177842877787,74.0,-0.22140172748110132,2.586531545260245,2.612396860712847,2.60707703116916,1.3071368446023428,2.5605153787462402,1.3059642800248115,1.3028581927117466,2.612396860712847,1.1559440164859458,1.3871529919458352,1.3046420060123183,1.1572597682787693,1.389263712718554,2.435754510402937,2.775213300726282,0.08640552000680746,-0.14559842443297732,0.16281644001343487,-0.17664235030991016,False,False,0.0475981517771789,0.0951963035543578,0.047581637262699386,0.09516327452539877
1370,22.833333333333332,False,False,49.777840459598714,50.0,61.878626201474255,49.50378162039817,53.85275583399482,46.78717161615814,74.0,-0.22215954040128594,2.5848653064292297,2.610713959493522,2.6054839055646095,1.3074604101312095,2.5595870372863745,1.3062955783697539,1.3034231743393776,2.610713959493522,1.1563808269667373,1.3878548532707897,1.3049729689163088,1.1576868594812622,1.389953582673182,2.4340583134074145,2.7737399545672035,0.08653040833380432,-0.14573631485811545,0.16302599507368143,-0.1766556460861075,False,False,0.047581637262699386,0.09516327452539877,0.047565219177505495,0.09513043835501099
1375,22.916666666666668,False,False,49.77710353956898,50.0,61.88159427232523,49.503090144089676,53.85477034051033,46.78259898170573,74.0,-0.2228964604310235,2.5832078308825768,2.6090399091914027,2.603899133987309,1.3077818837092785,2.558662560201179,1.3066246958886174,1.3039845438993054,2.6090399091914027,1.1568144078685894,1.3885527287463824,1.3053017532109608,1.1581107845780962,1.3906395405505436,2.432371053878192,2.7722743091298048,0.08665499665123821,-0.14587375932120916,0.16323439993840205,-0.17666885531321075,False,False,0.047565219177505495,0.09513043835501099,0.04754889667231696,0.09509779334463392
1380,23.0,False,False,49.77638721591432,50.0,61.88457343748028,49.50241905132014,53.85679883477717,46.77806015708327,74.0,-0.22361278408568097,2.581559080524169,2.607374671329411,2.602322681503998,1.3081012890456951,2.5577419108357176,1.306951657613912,1.3045423245097756,2.607374671329411,1.1572447803571806,1.3892466429452388,1.3056283838916443,1.1585315644886514,1.3913216105677861,2.4306926911585602,2.7708163349037123,0.08677928605801055,-0.14601076002112423,0.16344166357430145,-0.17668198017085057,False,False,0.04754889667231696,0.09509779334463392,0.04753266890767801,0.09506533781535602
1385,23.083333333333332,False,False,49.77569119584287,50.0,61.887563468499465,49.50176804944572,53.85884105519199,46.773554778530254,74.0,-0.2243088041571326,2.579919017132426,2.60571820730375,2.600754513031136,1.3084186494983576,2.5568250532042827,1.3072764882055943,1.3050965392301714,2.60571820730375,1.15767196551598,1.3899366203219183,1.3059528856023008,1.1589492201637297,1.3919998169395735,2.4290231845039396,2.769366002181843,0.0869032777094021,-0.14614731906644174,0.16364779487809278,-0.17669502279981053,False,False,0.04753266890767801,0.09506533781535602,0.047516535053814805,0.09503307010762961
1390,23.166666666666668,False,False,49.77501519024773,50.0,61.8905641396446,49.501136850330525,53.86089674283116,46.769082486111884,74.0,-0.22498480975227153,2.578287602368131,2.604070478391812,2.599194593342891,1.3087339880795559,2.555911951975779,1.3075992119570594,1.3056472109874357,2.604070478391812,1.1580959843809258,1.3906226852482446,1.306275282591514,1.1593637723591905,1.392674183652326,2.427362493089167,2.767923281068768,0.08702697266489023,-0.14628343862824522,0.1638528026769559,-0.1767079853026452,False,False,0.047516535053814805,0.09503307010762961,0.04750049429056866,0.09500098858113731
1395,23.25,False,False,49.774358913667996,50.0,61.893575227852374,49.50052516937563,53.86296564244229,46.76464292455514,74.0,-0.2256410863320042,2.576664797782099,2.6024314457599202,2.597642887078967,1.3090473274615158,2.5550025724594634,1.3079198528010447,1.3061943626202175,2.6024314457599202,1.158516857893423,1.3913048619669166,1.3065955988003681,1.159775241834204,1.3933447346630543,2.425710576015635,2.7664881414889138,0.08715037204283682,-0.1464191207860135,0.1640566957289935,-0.17672086974428547,False,False,0.04750049429056866,0.09500098858113731,0.04748454580721046,0.09496909161442092
1400,23.333333333333332,False,False,49.77372208425022,50.0,61.896596512707305,49.499932724549815,53.865047501674276,46.760235742559686,74.0,-0.22627791574978318,2.575050564822698,2.600801070470925,2.5960993587522743,1.3093586899818532,2.5540968805910333,1.3082384343154168,1.3067380169230183,2.600801070470925,1.1589346069319797,1.3919831746237614,1.3069138577453032,1.160183649304249,1.394011493852933,2.4240673923182996,2.7650605531946177,0.08727347692991483,-0.14655436761876928,0.16425948272369295,-0.1767336781526252,False,False,0.04748454580721046,0.09496909161442092,0.04746868880238161,0.09493737760476322
1405,23.416666666666668,False,False,49.77310442370959,50.0,61.899627776414704,49.499359239052744,53.867142070870166,46.7558605925966,74.0,-0.2268955762904099,2.5734448648432062,2.5991793134916383,2.5945639727564584,1.309668097648936,2.553194842919068,1.3085549797288814,1.307278196513753,2.5991793134916383,1.1593492523187956,1.3926576472749244,1.307230082664546,1.1605890152637852,1.394674484850535,2.42243290097252,2.7636404857740153,0.08739628833678204,-0.14668918124996777,0.164461172282377,-0.1767464125191185,False,False,0.04746868880238161,0.09493737760476322,0.047452922483933686,0.09490584496786737
1410,23.5,False,False,49.77250565729153,50.0,61.90266880377379,49.49880443792699,53.86924910419543,46.7515171318637,74.0,-0.2274943427084679,2.5718476591090234,2.5975661357001134,2.593036693373268,1.3099755721471602,2.552296426591782,1.308869511926581,1.3078149239956203,2.5975661357001134,1.1597608147667797,1.3933283038344701,1.3075442964009654,1.1609913603375435,1.3953337313836678,2.4208070609007555,2.762227908658761,0.08751880738804751,-0.1468235636580768,0.16466177295864748,-0.17675907479935793,False,False,0.047452922483933686,0.09490584496786737,0.047437246068853516,0.09487449213770703
1415,23.583333333333332,False,False,49.771925513733,50.0,61.90571938215064,49.498268051327926,53.87136835789545,46.74720502075606,74.0,-0.22807448626699767,2.570258908804733,2.5959614978927807,2.591517484779758,1.3102811348421344,2.5514015993441146,1.309182053455611,1.3083482217952316,2.5959614978927807,1.1601693149547627,1.3939951681501672,1.30785652148993,1.1613907048278265,1.3959892568272179,2.4191898309791475,2.7608227911316345,0.08764103503198628,-0.1469575169674051,0.1648612932388538,-0.17677166691363322,False,False,0.047437246068853516,0.09487449213770703,0.047421658783103386,0.09484331756620677
1420,23.666666666666668,False,False,49.77136372522424,50.0,61.90877930145132,49.49774981174372,53.873499592259236,46.74292392454488,74.0,-0.22863627477575932,2.5686785750410146,2.594365360791425,2.590006311055391,1.310584806785784,2.5505103294851197,1.3094926265304412,1.3088781122950515,2.594365360791425,1.1605747734373033,1.394658263913863,1.308166780100737,1.1617870691795429,1.3966410846687083,2.4175811700439094,2.7594251023339424,0.08776297237365682,-0.14709104311550858,0.16505974154251746,-0.1767841907475156,False,False,0.047421658783103386,0.09484331756620677,0.047406159861548704,0.09481231972309741
1425,23.75,False,False,49.77082002737042,50.0,61.91184835409496,49.497249455451765,53.87564256969711,46.73867351169324,74.0,-0.22917997262958067,2.5671066188614065,2.5927776850500206,2.588503136188926,1.310886608721368,2.549622585885668,1.3098012530382461,1.3094046177598193,2.5927776850500206,1.160977210728039,1.3953176147453865,1.3084750941391121,1.1621804735978256,1.3972892381264368,2.4159810368976307,2.758034811272817,0.08788462036661748,-0.1472241441619937,0.1652571262227962,-0.17679664815238993,False,False,0.047406159861548704,0.09481231972309741,0.04739074854781714,0.09478149709563428
1430,23.833333333333332,False,False,49.77029415915354,50.0,61.91492633498712,49.4967667224634,53.877797056060565,46.734453454978585,74.0,-0.2297058408464565,2.5655430012489298,2.591198431261419,2.5870079240852237,1.3111865610884132,2.5487383379664306,1.3101079545441465,1.30992776033655,2.591198431261419,1.1613766472383245,1.3959732441317183,1.3087814851154236,1.16257093826847,1.397933740370418,2.4143893903154,2.756651886828338,0.08800598003386795,-0.1473568220680801,0.16545345556691915,-0.176809040946019,False,False,0.04739074854781714,0.09478149709563428,0.04737542409420183,0.09475084818840367
1435,23.916666666666668,False,False,49.76978586289442,50.0,61.91801304149292,49.496301354958035,53.879962820025206,46.7302634309388,74.0,-0.2302141371055768,2.563987683132566,2.589627559963892,2.585520638571869,1.3114846840275731,2.5478575556861665,1.3104127522963698,1.3104475621281109,2.589627559963892,1.1617731033023908,1.3966251754526875,1.309085974261825,1.1629584833435165,1.3985746145084625,2.412806189050819,2.75527629776052,0.08812705238035168,-0.14748907878459439,0.16564873779662825,-0.17682137091307304,False,False,0.04737542409420183,0.09475084818840367,0.04736018576153946,0.09472037152307893
1440,24.0,False,False,49.76929488421492,50.0,61.92110827341053,49.495853099951276,53.882139632711606,46.72610311952515,74.0,-0.2307051157850779,2.562440625393594,2.5880650316475298,2.5840412434056694,1.3117809973853978,2.5469802095302656,1.3107156672313174,1.3109640450607822,2.5880650316475298,1.1621665991919499,1.3972734319960878,1.3093885824883273,1.163343128745165,1.3992118833905796,2.411231391841863,2.7539080127161544,0.08824783832979732,-0.14762091631561725,0.1658429810686246,-0.1768336398056669,False,False,0.04736018576153946,0.09472037152307893,0.0473450328191158,0.0946900656382316
1445,24.083333333333332,False,False,49.768820972000306,50.0,61.92421183294478,49.4954217068241,53.88432726885379,46.72197220509383,74.0,-0.23117902799969414,2.560901788871788,2.586510806760506,2.5825697022790086,1.3120755207190329,2.5461062704995783,1.311016719978556,1.3114772310019818,2.586510806760506,1.1625571550616984,1.3979180369036972,1.309689330426727,1.1637248944599663,1.399845569903639,2.4096649574166333,2.752547000235505,0.08836833890165718,-0.14775233654201547,0.16603619347499876,-0.1768458493438727,False,False,0.0473450328191158,0.0946900656382316,0.04732996454454637,0.09465992908909274
1450,24.166666666666668,False,False,49.76836387836172,50.0,61.92732352468066,49.495006928481146,53.88652550546159,46.71787037523048,74.0,-0.23163612163828162,2.559371134371481,2.584964845715196,2.581105978826069,1.3123682733008395,2.545235710099499,1.3113159308657232,1.311987141701402,2.584964845715196,1.1629447910068205,1.3985590132292702,1.3099882383720343,1.1641038002778281,1.4004756967108511,2.4081068444989415,2.751193228758868,0.08848855500944919,-0.14788334142357384,0.16622838304367216,-0.1768580012162544,False,False,0.04732996454454637,0.09465992908909274,0.04731498022365997,0.09462996044731994
1455,24.25,False,False,49.767923358599084,50.0,61.93044315555723,49.4946085206961,53.888734122697116,46.71379732148984,74.0,-0.23207664140091566,2.557848622667489,2.583427108894164,2.579650036628905,1.312659274122939,2.5443685003293086,1.3116133199233522,1.3124937988204421,2.583427108894164,1.1633295270216197,1.3991963838976584,1.3102853263264025,1.1644798659877171,1.401102286447916,2.406557011813809,2.7498466666329957,0.08860848762747375,-0.14801393283272501,0.16641955773883188,-0.17687009708035495,False,False,0.04731498022365997,0.09462996044731994,0.047300079150422884,0.09460015830084577
1460,24.333333333333332,False,False,49.767499171163934,50.0,61.9335705348415,49.494226242667175,53.890952903152275,46.70975273875294,74.0,-0.23250082883606638,2.556334214510902,2.581897556656011,2.5782018392234023,1.3129485419016815,2.543504613671763,1.31190890688962,1.3129972239027758,2.581897556656011,1.16371138302964,1.3998301717354094,1.3105806140137704,1.1648531112189007,1.4017253615647234,2.405015418092798,2.748507282117369,0.08872813766194754,-0.14814411268387517,0.16660972546135788,-0.17688213856321333,False,False,0.047300079150422884,0.09460015830084577,0.04728526062679383,0.09457052125358766
1465,24.416666666666668,False,False,49.76709107762272,50.0,61.93670547410254,49.4938598569688,53.89318163243048,46.705736325712316,74.0,-0.2329089223772769,2.5548278706347483,2.5803761493410957,2.5767613501050834,1.3132360950820454,2.542644023082921,1.3122027112150143,1.313497438374352,2.5803761493410957,1.1640903788555454,1.400460399443123,1.3108741208652193,1.1652235555322787,1.402344944417112,2.4034820220792463,2.7471750433903583,0.08884750604276004,-0.14827388284207332,0.16679889404926262,-0.1768941272618494,False,False,0.04728526062679383,0.09457052125358766,0.047270523962656956,0.09454104792531391
1470,24.5,False,False,49.76669884262019,50.0,61.93984778718573,49.49350912859805,53.895420098889545,46.70174778463258,74.0,-0.23330115737981316,2.5533295517595227,2.578862847277118,2.5753285327348023,1.3135219518419612,2.5417867019822102,1.312494752066928,1.3139944635875418,2.578862847277118,1.164466534234528,1.401087089605297,1.3111658660336163,1.1655912184352635,1.4029610572821882,2.4019567825333654,2.7458499185552285,0.08896659369464643,-0.14840324515227832,0.16698707127811074,-0.17690606474375237,False,False,0.047270523962656956,0.09454104792531391,0.04725586847569106,0.09451173695138212
1475,24.583333333333332,False,False,49.766322233843056,50.0,61.94299729018723,49.493173826136996,53.89766809331883,46.69778682105402,74.0,-0.23367776615694424,2.5518392185985928,2.5773576107845786,2.573903350544297,1.3138061300965673,2.540932624242718,1.312785048334175,1.3144883207622753,2.5773576107845786,1.164839868824701,1.4017102647031847,1.311455868378971,1.16595611928216,1.4035737222591205,2.400439658237217,2.7445318756460333,0.08908540149684518,-0.14853220148011537,0.1671742648614547,-0.17691795254736142,False,False,0.04725586847569106,0.09451173695138212,0.047241293491284905,0.09448258698256981
1480,24.666666666666668,False,False,49.76596102198395,50.0,61.946153801428565,49.492853721103145,53.89992540945101,46.69385314421823,74.0,-0.2340389780160521,2.550356831863474,2.575860400182109,2.5724857669416252,1.3140886475023963,2.5400817641817084,1.3130736186314358,1.3149790310154732,2.575860400182109,1.1652104021822225,1.402329947090357,1.311744146497722,1.1663182773766894,1.4041829613720804,2.398930607999576,2.743220882633363,0.08920393035660723,-0.14866075363878384,0.167360482451254,-0.1769297921825328,False,False,0.047241293491284905,0.09448258698256981,0.04722679834242563,0.09445359668485126
1485,24.75,False,False,49.76561498070562,50.0,61.94931714143143,49.49254858760303,53.90219184355278,46.689946466697876,74.0,-0.23438501929437905,2.5488823522689845,2.5743711757916743,2.5710757453164694,1.3143695214614923,2.539234096551351,1.3133604813036244,1.3154666153757626,2.5743711757916743,1.1655781537776373,1.402946159009469,1.3120307187227356,1.1666777119350977,1.4047887965337493,2.397429590660664,2.7419169074299763,0.08932218115798674,-0.14878890344066487,0.167545731638302,-0.1769415851310101,False,False,0.04722679834242563,0.09445359668485126,0.0472123823696135,0.094424764739227
1490,24.833333333333332,False,False,49.765283886605324,50.0,61.95248713289267,49.492258203194794,53.90446719438224,46.68606650434365,74.0,-0.23471611339467557,2.5474157405382782,2.572889897943661,2.5696732490453202,1.3146487691254625,2.5383895965296595,1.3136456544301938,1.3159510947393303,2.572889897943661,1.1659431429958627,1.4035589225926706,1.3123156031086638,1.1670344420391254,1.4053912494986907,2.395936565096785,2.7406199178963107,0.0894401547593604,-0.14891665270020482,0.16773001995264947,-0.17695333284687598,False,False,0.0472123823696135,0.094424764739227,0.047198044920740805,0.09439608984148161
1495,24.916666666666668,False,False,49.764967519179606,50.0,61.95566360065954,49.49198234824155,53.906751263516284,46.68221297655138,74.0,-0.23503248082039363,2.545956957407754,2.571416526981831,2.568278241496548,1.3149264073994615,2.5375482397116427,1.3139291558293626,1.316432489899353,2.571416526981831,1.1663053891196726,1.4041682598455012,1.3125988174758731,1.1673884867081776,1.4059903419359008,2.394451490224821,2.739329881845849,0.08955785203654787,-0.14904400319117528,0.1679133548640177,-0.17696503675701036,False,False,0.047198044920740805,0.09439608984148161,0.04718378535101939,0.09436757070203879
1500,25.0,False,True,49.77172218956479,50.0,61.96961014297168,49.49877159711992,53.909281518680736,46.678590892567854,74.0,-0.228277810435209,2.54450596363185,2.5699510232681684,2.566890686035335,1.315202452946113,2.535635430936546,1.314211003062277,1.3165671002630461,2.5699510232681684,1.1666542827084518,1.4047635640260572,1.31288037933723,1.1672104240907584,1.4060566546206306,2.3929743250066453,2.738046767050399,0.08948955435758443,-0.14935667617228776,0.16809574378223058,-0.17697669826152307,False,False,0.04718378535101939,0.0,0.04816145106623259,0.09632290213246518
1505,25.083333333333332,False,True,49.79188006596425,50.0,62.00395905966816,49.518951696906,53.9158578282523,46.678474435582984,74.0,-0.20811993403575002,2.543111104833815,2.5685422158821534,2.565510546028522,1.3154800851354698,2.5316891355789304,1.314491030130941,1.3160312160453123,2.5685422158821534,1.1667956302230995,1.4051506442702808,1.3131601228769343,1.1663089435332472,1.4053988795035266,2.3915825649383327,2.7368480777301505,0.08936766345821434,-0.14972227251206505,0.16830586184799712,-0.1769596509438207,False,False,0.04816145106623259,0.0,0.05009004931330515,0.1001800986266103
1510,25.166666666666668,False,True,49.824397971150695,50.0,62.05702881515039,49.55147801188587,53.93016247023945,46.685032632559746,74.0,-0.17560202884930476,2.541862512584966,2.5672811377108156,2.564215321334242,1.3157684995015797,2.525871930422964,1.3147693593461627,1.3148475396724917,2.5672811377108156,1.1665330777843728,1.4051331493507022,1.3134381702896918,1.1648319908194356,1.4041649649505399,2.390377499371655,2.735835111876024,0.0893174252780482,-0.15001554885305612,0.16855397416520823,-0.17690363833916045,False,False,0.05009004931330515,0.0,0.05198787819061329,0.10397575638122658
1515,25.25,False,True,49.86826175850974,50.0,62.12723654840311,49.59533528919931,53.95323224009709,46.699152185095905,74.0,-0.13173824149026103,2.540840196378565,2.5662485983423506,2.5631063056238395,1.3160793897916996,2.51833575672312,1.3150485968098988,1.313041067309996,2.5662485983423506,1.1657991825338838,1.4046436390378123,1.3137171250329176,1.1627332599475437,1.402308607520295,2.389427176852343,2.7350759265887605,0.08926754021029915,-0.1503078073624522,0.1688273282464099,-0.17682142149000768,False,False,0.05198787819061329,0.0,0.05385080188106246,0.10770160376212493
1520,25.333333333333332,False,True,49.92245965789313,50.0,62.21314166117691,49.64951098070901,53.98560097835463,46.72128525259207,74.0,-0.07754034210687166,2.5401147179594723,2.565515865139067,2.5622515517205517,1.3164237377230135,2.509222578575765,1.315334748932586,1.310640062418579,2.565515865139067,1.1645492580014853,1.4036374294678224,1.314002987430422,1.1600823175745905,1.3998993764088126,2.388799797340596,2.7346387303002757,0.08925931399023357,-0.15055774484398854,0.16912286516120867,-0.17671606779847115,False,False,0.05385080188106246,0.0,0.05567112824336376,0.11134225648672752
1525,25.416666666666668,False,True,49.98600308534131,50.0,62.31343133287073,49.71301599980975,54.026980192806356,46.75117512193337,74.0,-0.013996914658690685,2.5397476377348154,2.5651451141121635,2.561719263820436,1.3168118028941929,2.4986650013082228,1.3156358734975298,1.3076747992166111,2.5651451141121635,1.162779997476036,1.4021112165137966,1.3143038071042157,1.156884917759418,1.3969430281928772,2.3885498643752054,2.7345780349385795,0.08926822897626607,-0.15078988145719308,0.16943292082641603,-0.17659524973695806,False,False,0.05567112824336376,0.0,0.05744405225863291,0.11488810451726582
1530,25.5,False,True,50.05794502056136,50.0,62.42690801025176,49.78490304912893,54.07700294167415,46.78849772016735,74.0,0.057945020561362526,2.539792068614146,2.5651899893002876,2.5615639496568923,1.3172531113389772,2.486786852296183,1.3159608868817887,1.3041764048400455,2.5651899893002876,1.1604935323229963,1.4000671341036046,1.3146284914260378,1.153185061520166,1.3934835663878473,2.388726701926952,2.734943172782015,0.08930716154780183,-0.1509913433198795,0.1697531834817272,-0.17646328737333583,False,False,0.05744405225863291,0.0,0.059167493572572775,0.11833498714514555
1535,25.583333333333332,False,True,50.137388549066245,50.0,62.55247818989905,49.864275123659056,54.13508164435365,46.83273909508679,74.0,0.13738854906624454,2.5402933187159733,2.565696251903133,2.561834937354483,1.317756462530484,2.473703726475315,1.3163188837184088,1.300176167222462,2.565696251903133,1.157704904155658,1.3975202263915056,1.3149861257809334,1.1490049500790338,1.3895431946927486,2.389370720180942,2.7357745622423733,0.08936702747028646,-0.1511712171434283,0.17007831033924026,-0.176325531722191,False,False,0.059167493572572775,0.0,0.06084087372003299,0.12168174744006598
1540,25.666666666666668,False,True,50.22348934004335,50.0,62.689142338568374,49.95028795688939,54.20063769920184,46.883393255083384,74.0,0.22348934004335064,2.5412895543145186,2.566702449857664,2.5625726412116574,1.3183299496386378,2.459523498676726,1.3167187819780803,1.295705145469483,2.566702449857664,1.1544308022757337,1.3944871851990763,1.3153856191513569,1.144379087679222,1.3851564198075368,2.3905165040820044,2.7371067964111035,0.08945127433805378,-0.1513260577902611,0.17040434655343972,-0.17618594577565938,False,False,0.06084087372003299,0.0,0.06246433972672446,0.12492867945344892
1545,25.75,False,True,50.31545510507275,50.0,62.83598587162052,50.042149454166626,54.273042987137245,46.939911631784376,74.0,0.31545510507275054,2.542812442614352,2.5682405670404953,2.5638116502465538,1.3189809861493762,2.4443468047877888,1.317169141809066,1.2907939452983466,2.5682405670404953,1.1506923548011185,1.3909891411433155,1.3158355229995777,1.1393342250022547,1.3803499948507394,2.3921920767903933,2.738967906515798,0.08955604955239282,-0.1514597202960919,0.17072733947530283,-0.17604849025010205,False,False,0.06246433972672446,0.0,0.06403836397291883,0.12807672794583766
1550,25.833333333333332,False,True,50.41254370005802,50.0,62.99217109000827,50.13911777348932,54.351692735620524,47.001765769093325,74.0,0.41254370005802343,2.544887756117642,2.5703366336788185,2.5655799916530957,1.3197163348497587,2.4282674936195057,1.3176780739932508,1.2854725825799234,2.5703366336788185,1.146511427961103,1.387047962932185,1.3163439398962056,1.1339007357918243,1.3751542959836078,2.3944202230149885,2.741380685254174,0.08968171340368447,-0.1515718467880991,0.17104405157535574,-0.17591641066383001,False,False,0.06403836397291883,0.0,0.06556355184722222,0.13112710369444444
1555,25.916666666666668,False,True,50.514060694591485,50.0,63.15692996718611,50.24049887540122,54.43598389065083,47.06842857630805,74.0,0.5140606945914854,2.5475359322378943,2.5730112915602734,2.5679004541345813,1.320542137198617,2.4113730512483924,1.3182531949865424,1.2797703953098518,2.5730112915602734,1.1419115144709286,1.3826871457394907,1.3169184785812378,1.128105902546444,1.3695966081030764,2.3972185994115485,2.744362797193104,0.08982621279322456,-0.15166449276340788,0.17135150563283075,-0.17579269214872495,False,False,0.06556355184722222,0.0,0.06704055353105662,0.13408110706211324
1560,26.0,False,True,50.61935680072014,50.0,63.329557681112874,50.345643939565065,54.52533902520768,47.13939485140591,74.0,0.6193568007201407,2.550772587533726,2.5762803134090633,2.5707906983023263,1.3214639421721952,2.39374499949455,1.318901606882227,1.273715983406919,2.5762803134090633,1.1369164150899325,1.3779304927633422,1.3175662339765495,1.121977699499653,1.3637049078222658,2.4006004486198895,2.747927492806549,0.0899889244153469,-0.15173828390726585,0.17164717939748586,-0.17567986478917375,False,False,0.06704055353105662,0.0,0.0684700261797571,0.1369400523595142
1565,26.083333333333332,False,True,50.72782534046174,50.0,63.5094067965405,50.453946816474804,54.6191988060842,47.21417472206581,74.0,0.7278253404617416,2.5546089884969647,2.5801550783819343,2.5742639707132193,1.322486734201358,2.375459270097587,1.3196298912962676,1.2673371662732007,2.5801550783819343,1.1315504442343531,1.372802320839275,1.318293781006605,1.1155425371115217,1.3575056079622791,2.4045749124255433,2.752083921637992,0.09016844168907845,-0.15179462916167896,0.17192884325605773,-0.17558016595639092,False,False,0.0684700261797571,0.0,0.0698526199615461,0.1397052399230922
1570,26.166666666666668,False,True,50.838899828780015,50.0,63.69588201469067,50.56484160084096,54.71702995059395,47.29230045806932,74.0,0.8388998287800149,2.559052481852705,2.5846430066712323,2.5783294170317674,1.32361496006809,2.35658655605812,1.3204441114509469,1.2606609519059657,2.5846430066712323,1.1258379036415795,1.3673269341047958,1.3191071767802443,1.1088265140718152,1.3510248095556532,2.409147506242754,2.7568376067841696,0.09036385764968746,-0.15183443783415052,0.1721946001129373,-0.1754955004284784,False,False,0.0698526199615461,0.0,0.07118897506452701,0.14237795012905402
1575,26.25,False,True,50.952051699835806,50.0,63.888435419132165,50.6778003476968,54.81832255174757,47.373324137647934,74.0,0.9520516998358062,2.5641068876243294,2.5897479565005725,2.582992556513462,1.324852554744944,2.337192641524265,1.3213498193632032,1.2537135145887897,2.5897479565005725,1.1198030746782623,1.3615286163078049,1.3200119676631858,1.1018546560361264,1.3442875405827726,2.414320447973311,2.762190773754655,0.0905740259939829,-0.15185885855266323,0.1724428172540824,-0.17542750852726163,False,False,0.07118897506452701,0.0,0.07247972346259418,0.14495944692518836
1580,26.333333333333332,False,True,51.06678818148633,50.0,64.08656215733043,50.792330938522966,54.92259256238625,47.45681977730095,74.0,1.0667881814863307,2.5697728581781094,2.5954705867598906,2.5882556108639827,1.3262029662117414,2.317338711519514,1.3223520663766772,1.2465201790133962,2.5954705867598906,1.113469977318433,1.3554313897849943,1.321013199923391,1.0946513279410262,1.3373181682872943,2.4200930164728542,2.7681427089389037,0.09079798927389815,-0.15186885107237003,0.17267212217901307,-0.17537757028703638,False,False,0.07247972346259418,0.0,0.07372549247556388,0.14745098495112777
1585,26.416666666666668,False,True,51.182650312736314,50.0,64.28979650668472,50.90797509137203,55.0293806105992,47.54238231450349,74.0,1.182650312736314,2.5760482062795265,2.601808688342322,2.594117862705879,1.3276691793033397,2.2970816427303746,1.3234554159705239,1.2391054095078198,2.601808688342322,1.1068623129065698,1.3490589582252142,1.3221154323824977,1.0872399763579774,1.3301401415303338,2.4264618469678316,2.7746900550239255,0.091034732022514,-0.15186543314984235,0.1728813666816036,-0.1753468413744903,False,False,0.07372549247556388,0.0,0.07492690873129963,0.14985381746259926
1590,26.5,False,True,51.29921109461392,50.0,64.49770828190016,51.02430650514614,55.13825248333347,47.6296280419035,74.0,1.2992110946139235,2.5829282049573234,2.608757487006897,2.6005759509958786,1.3292537386471712,2.2764742764988335,1.324663958154309,1.231492803414376,2.608757487006897,1.1000033385871535,1.3424345810993024,1.3233227509269,1.0796432656364339,1.3227761269338247,2.433421219053329,2.7818270989928537,0.09128332351944879,-0.15184953777794208,0.17306961198595694,-0.17533626795356794,False,False,0.07492690873129963,0.0,0.07608460189804629,0.15216920379609258
1595,26.583333333333332,False,True,51.4160737635939,50.0,64.70989954736194,51.1409291262607,55.248798309885984,47.718193933256636,74.0,1.4160737635939,2.5904058617238994,2.6163099203411386,2.607624159023091,1.3309587707475372,2.2555656750957453,1.3259813249734516,1.2237050879258005,2.6163099203411386,1.092915811462144,1.3355810178178391,1.3246387839266847,1.0718829920887942,1.3152479230657372,2.4409633102327377,2.789546025665313,0.09154283513993677,-0.15182209583700623,0.17323610532417444,-0.1753466101084009,False,False,0.07608460189804629,0.0,0.07719920792329518,0.15439841584659036
1600,26.666666666666668,False,True,51.532870176680106,50.0,64.92600160393262,51.2574755299611,55.36063225965904,47.807737423499454,74.0,1.532870176680106,2.5984721694612682,2.624456891155881,2.615254667949025,1.3327860052691531,2.2344013622865124,1.3274107067808214,1.2157641196584974,2.624456891155881,1.0856219171362904,1.3285204562767265,1.3260667185038528,1.0639801308671013,1.307576507317027,2.4490784334727365,2.7978371552531156,0.0918123876585295,-0.1517839887913961,0.17338026409723462,-0.17537845768314453,False,False,0.07719920792329518,0.0,0.07827137169170933,0.15654274338341867
1605,26.75,False,True,51.64925929785485,50.0,65.14567222441235,51.37360540030365,55.473391765854245,47.89793578999103,74.0,1.6492592978548473,2.607116336058422,2.633187499419006,2.623457794362926,1.3347367955670129,2.213023549139479,1.3289548690154642,1.2076908867715883,2.633187499419006,1.0781432276058807,1.3212744707462072,1.327609317298402,1.0559548102958216,1.2997820102346676,2.457755251653814,2.8066891578114777,0.09209112346307924,-0.1517360764757667,0.17350165839247156,-0.17543224776519217,False,False,0.07827137169170933,0.0,0.07930174909900793,0.15860349819801586
1610,26.833333333333332,False,True,51.764925776435526,50.0,65.36859311592183,51.489004105276194,55.58673689526191,47.98848566809984,74.0,1.7649257764355255,2.6163259946814876,2.6424892546283028,2.6322222047326456,1.3368121385041534,2.1914713459702826,1.3306161692886698,1.1995055129842787,2.6424892546283028,1.070500659192005,1.3138639798043845,1.3292689355126186,1.0478263312265927,1.2918837348766405,2.466980975691576,2.816089251361033,0.09237822189236189,-0.1516791817576859,0.1735999967327304,-0.17550827893672682,False,False,0.07930174909900793,0.0,0.08029100857667242,0.16058201715334483
1615,26.916666666666668,False,True,51.87957860878314,50.0,65.59446759079616,51.60338135431418,55.70034954226214,48.07910242262723,74.0,1.8795786087831416,2.626087396372712,2.6523482703364394,2.6415351135263045,1.339012693593735,2.169780961261575,1.3323965746206972,1.1912272633885277,2.6523482703364394,1.0627144446027794,1.3063092183997027,1.3310475382043023,1.0396131633089876,1.2839001530829404,2.4767415451150487,2.8260233824668064,0.09267288969441267,-0.15161410007954013,0.17367511213036702,-0.17560672522139065,False,False,0.08029100857667242,0.0,0.08123983211886798,0.16247966423773597
1620,27.0,False,True,51.992949875697626,50.0,65.82301843031743,51.71646993199092,55.81393266169949,48.16951955883493,74.0,1.9929498756976258,2.6363855865073114,2.6627494423723843,2.6513824637909273,1.3413388014971703,2.147985888346992,1.334297678704096,1.1828745517480002,2.6627494423723843,1.0548041087540796,1.2986297136719263,1.3329467174482035,1.0313329570346768,1.2758489175199694,2.487021794071058,2.8364763922432856,0.09297436577196927,-0.1515415947133234,0.17372694987090131,-0.17572764830132614,False,False,0.08123983211886798,0.0,0.0821489158683203,0.1642978317366406
1625,27.083333333333332,False,True,52.104793548672696,50.0,66.05398592784859,51.82802449972701,55.92720943840544,48.25948808388129,74.0,2.1047935486726956,2.6472045664872437,2.673676612152116,2.661749093157172,1.3437905019058836,2.126117080600714,1.3363207190948807,1.1744649491508519,2.673676612152116,1.046788452462784,1.2908442686456378,1.3349677095267454,1.0230025488848558,1.267746866828201,2.497805603177678,2.847432168208535,0.09328191767734917,-0.1514624002659961,0.173755556056419,-0.17587100897443797,False,False,0.0821489158683203,0.0,0.08301897031765437,0.16603794063530875
1630,27.166666666666668,False,True,52.21488435895607,50.0,66.28712609973388,51.93782046479033,56.03992247013818,48.34877588363794,74.0,2.21488435895607,2.65852744191652,2.685112716335685,2.6726188856931063,1.3463675508306663,2.104203115829322,1.3384665942527483,1.1660151936190324,2.685112716335685,1.0386855400992911,1.282970949882984,1.3371114120182483,1.0146379720534418,1.2596100363455962,2.509076038861163,2.858873783621798,0.09359484272656382,-0.15137722156559064,0.17376106728611296,-0.17603667747452212,False,False,0.08301897031765437,0.0,0.0838507201803992,0.1677014403607984
1635,27.25,False,True,52.323016724061006,50.0,66.52220905376817,52.04565290056964,56.15183293595575,48.43716708965604,74.0,2.323016724061006,2.670336558382357,2.6970399239661806,2.6839749112414806,1.3490694373194723,2.082270350520641,1.340735880367433,1.157541201041995,2.6970399239661806,1.0305126920679402,1.2750270799643433,1.3393784005044382,1.0062544660943318,1.2514536677550867,2.520815480958193,2.8707836250864025,0.09391246671309172,-0.1512867349476632,0.17374370112022186,-0.17622444300798756,False,False,0.0838507201803992,0.0,0.08464490398187081,0.16928980796374163
1640,27.333333333333332,False,True,52.42900372700515,50.0,66.75901750616256,52.15133552581354,56.262719773637556,48.52446145547155,74.0,2.4290037270051528,2.6826136258588424,2.709439762117431,2.695799553022298,1.3518953996218204,2.060343064564841,1.3431288479210646,1.149058076772608,2.709439762117431,1.0222864807132466,1.2670292333947824,1.3417689452047399,0.9978664883050931,1.243292220468483,2.5330057396771,2.8831435095116356,0.09423414369587513,-0.1511915884675149,0.17370374739420447,-0.1764340224403309,False,False,0.08464490398187081,0.0,0.08540227341597473,0.17080454683194946
1645,27.416666666666668,False,True,52.53267614411432,50.0,66.9973454387982,52.25469972971133,56.37237886536188,48.61047374044375,74.0,2.532676144114319,2.695339832653563,2.7222932309800987,2.708074624594368,1.3548444408157374,2.0384435970259704,1.3456454779466522,1.140580128223728,2.7222932309800987,1.0140227294121993,1.258993235696586,1.3442830271712864,0.9894877257337074,1.2351393836334297,2.5456281626944683,2.895934791210001,0.09455925540970167,-0.15109240249002065,0.1736415602299024,-0.17666506828563033,False,False,0.08540227341597473,0.0,0.08612359250947176,0.1722471850189435
1650,27.5,False,True,52.63388151772854,50.0,67.23699688920479,52.35559364244502,56.48062223739076,48.69503310495114,74.0,2.6338815177285397,2.708495949731621,2.735580909228937,2.7207814769522347,1.3579153439112759,2.0165924735072327,1.3482854779511333,1.1321208782594203,2.735580909228937,1.0057365143417172,1.250934165176935,1.346920354205713,0.9811311081258836,1.2270080890809292,2.558663733210678,2.9091384599533896,0.09488721082150886,-0.15098977013353676,0.17355755072445245,-0.17691717601825907,False,False,0.08612359250947176,0.0,0.0868096366311292,0.1736192732622584
1655,27.583333333333332,False,True,52.73248327058771,50.0,67.47778486616718,52.453881247390456,56.58727727632687,48.777982518056824,74.0,2.732483270587707,2.722062426174572,2.7492830504363175,2.733901096582034,1.3611066864431014,1.9948085256205823,1.351048297478166,1.1236930793661033,2.7492830504363175,0.9974421686047339,1.2428663570542067,1.3496803764098786,0.9728088215990094,1.2189105249994971,2.572093159646497,2.92273523067032,0.09521744563339385,-0.1508842577670939,0.17345218023400255,-0.1771898907898204,False,False,0.0868096366311292,0.0,0.0874611913788239,0.1749223827576478
1660,27.666666666666668,False,True,52.828359859062104,50.0,67.71953038418275,52.54944153437123,56.69218596507948,48.859178179269335,74.0,2.828359859062104,2.7360194764630394,2.76337967122767,2.7474141951584086,1.3644168545633513,1.973109003040414,1.3539331432913246,1.115308728471182,2.76337967122767,0.9891532883955304,1.2348034096235225,1.3525623013558743,0.9645323229555911,1.2108581502488038,2.585896957638252,2.936705625441722,0.09554942177762182,-0.1507764055155909,0.17332595421405195,-0.17748271358941814,False,False,0.0874611913788239,0.0,0.08807905137396262,0.17615810274792523
1665,27.75,False,True,52.92140396273263,50.0,67.9620616101983,52.64216768727628,56.79520414149027,48.93848895590766,74.0,2.921403962732633,2.7503471602102456,2.777850631812348,2.761301291539987,1.3678440566449672,1.9515096785921817,1.356938994162814,1.1069790825710426,2.777850631812348,0.980882740927008,1.2267581921842319,1.355565108831388,0.9563123549297083,1.2028617096063257,2.600055524910506,2.9510300483742533,0.09588262703528305,-0.15066672764133426,0.17317941656190516,-0.1777951069018422,False,False,0.08807905137396262,0.0,0.08866401898890867,0.17732803797781735
1670,27.833333333333332,False,True,53.01152170812229,50.0,68.20521311617271,52.731966306596824,56.89620077920113,49.0157958347356,74.0,3.011521708122288,2.765025454918592,2.7926757094677783,2.7755427866423794,1.3713863364048848,1.9300249467996018,1.3600646152564781,1.0987146750212469,2.7926757094677783,0.972642674000201,1.2187428546096284,1.358687565262926,0.9481589619648683,1.194931249545393,2.6145492095661815,2.9656888538910198,0.09621657452414611,-0.1505557130563786,0.17301314442324145,-0.1781264999015968,False,False,0.08866401898890867,0.0,0.08921690302986245,0.1784338060597249
1675,27.916666666666668,False,True,53.0986319246379,50.0,68.448825231065,52.81875666680135,56.995057293636286,49.090991389424616,74.0,3.0986319246378997,2.780034322282121,2.8078346655049424,2.790119031728601,1.3750415855558427,1.9086679162885185,1.3633085720969018,1.0905253323859234,2.8078346655049424,0.9644445269786025,1.210768838321478,1.3619282376411777,0.9400815065917123,1.1870761346130876,2.6293583722817178,2.980662408927361,0.09655080222716417,-0.15044382579421112,0.17282774342241858,-0.17847629322322467,False,False,0.08921690302986245,0.0,0.08973851739453809,0.17947703478907617
1680,28.0,False,True,53.18266543100424,50.0,68.69274348585941,52.90246999965881,57.09166687434097,49.16397926408061,74.0,3.1826654310042386,2.7953537685133614,2.823307306198495,2.805010390604539,1.3788075559951054,1.8874504964214984,1.3666692441188824,1.0824201921406622,2.823307306198495,0.9562990430100164,1.202846888512068,1.3652855070217358,0.9320886868150461,1.1793050648174561,2.6444634428574694,2.995931149481834,0.09688487267679391,-0.15033150532561612,0.17262384328333935,-0.17884386334102542,False,False,0.08973851739453809,0.0,0.0902296797212307,0.1804593594424614
1685,28.083333333333332,False,True,53.26356435066705,50.0,68.93681814522554,52.98304881173028,57.18593384111497,49.23467366989973,74.0,3.2635643506670533,2.8109638991333776,2.8390735381247114,2.8201972961696518,1.3826818715380653,1.8663834785146323,1.3701448377935928,1.0744077207727334,2.8390735381247114,0.9482162825025509,1.1949870676203942,1.3687575816890332,0.924188553567149,1.1716260930810054,2.6598449715346866,3.0114756319338087,0.09721837230827202,-0.15021916720558437,0.17240209380909732,-0.17922856659002484,False,False,0.0902296797212307,0.0,0.09069121004366279,0.18138242008732558
1690,28.166666666666668,False,True,53.341281454805845,50.0,69.1809038193913,53.060446227706926,57.27777302933334,49.30299889894337,74.0,3.341281454805845,2.8268449686280923,2.855113418314373,2.8356603017342477,1.3866620392044577,1.8454766119668207,1.3737333993295395,1.0664957325582236,2.855113418314373,0.9402056375421078,1.1871987697498443,1.3723425098517055,0.916388529199277,1.164046643732382,2.6754836754583784,3.0272765795069083,0.09755091117415837,-0.15010720335894656,0.17216316119253516,-0.17962974285599476,False,False,0.09069121004366279,0.0,0.0911239294633228,0.1822478589266456
1695,28.25,False,True,53.41577953174131,50.0,69.42485914978928,53.134625357886975,57.36710920014194,49.36888885081197,74.0,3.4157795317413076,2.8429774253417683,2.871407199595186,2.8513801274826434,1.390745460064788,1.8247386756118553,1.377432826947832,1.0586914090013761,2.871407199595186,0.9322758473377428,1.179490736113736,1.3760381918400981,0.9086954264242194,1.1565735314491037,2.6913604806348084,3.0433149242271,0.09788212244772754,-0.14999598257715674,0.17190772463191362,-0.18004671896037783,False,False,0.0911239294633228,0.0,0.09152865884950993,0.18305731769901987
1700,28.333333333333332,False,True,53.4870307816443,50.0,69.66854656203857,53.20555869727991,57.45387647666199,49.43228657279273,74.0,3.4870307816443002,2.859341951949564,2.8879353714690597,2.8673377024309543,1.3949294396545147,1.804177544584878,1.3812408827325307,1.0510013185240952,2.8879353714690597,0.9244350145581703,1.1718710713720146,1.3798423920109144,0.9011154674115964,1.149212980353036,2.7074565597058093,3.059571844697583,0.09821166182894081,-0.14988585111249875,0.17163647322852338,-0.1804788117632503,False,False,0.09152865884950993,0.0,0.0919062175753439,0.1838124351506878
1705,28.416666666666668,False,True,53.55501623555668,50.0,69.91183207984787,53.273227541468465,57.53801780896282,49.49314381556627,74.0,3.5550162355566783,2.8759195018248556,2.904678696843104,2.883514202201696,1.3992111979635196,1.7838002529771853,1.3851552040579311,1.043431436964811,2.904678696843104,0.9166906223585423,1.1643472606582062,1.3837527501393652,0.8936543040670639,1.1419706442897544,2.72375336583746,3.0760287999880496,0.09853920732494337,-0.14977713289774708,0.17135010314494536,-0.180925331005644,False,False,0.0919062175753439,0.0,0.0922574222963825,0.184514844592765
1710,28.5,False,True,53.61972519782412,50.0,70.15458519348307,53.337621433448234,57.61948446084512,49.55142059838142,74.0,3.619725197824117,2.892691331593314,2.921618244909247,2.899891082912755,1.4035878790084455,1.7636130525367792,1.3891733145955125,1.0359871681803543,2.921618244909247,0.9090495522826072,1.1569261874817531,1.3877667923866739,0.8863170378095733,1.1348516266059827,2.7402326629987277,3.092667559913885,0.09886445842562841,-0.14967013037078103,0.17104931500463794,-0.18138558191051946,False,False,0.0922574222963825,0.0,0.09258308577739859,0.18516617155479717
1715,28.583333333333332,False,True,53.68115471111604,50.0,70.39667877653464,53.39873762779144,57.69823552630311,49.60708479041089,74.0,3.6811547111160365,2.909639030144258,2.938735420445701,2.9164501114563066,1.4080565599955557,1.743621467656526,1.3932926349041042,1.0286733652511704,2.938735420445701,0.9015181026286213,1.1496141520940986,1.3918819419307966,0.8791082405891071,1.127860501167481,2.7568765528855774,3.1094702319608447,0.09918713591631056,-0.1495651246620633,0.1707348115151439,-0.18185886756012337,False,False,0.09258308577739859,0.0,0.09288401577150057,0.18576803154300114
1720,28.666666666666668,False,True,53.73930904327115,50.0,70.63798904485157,53.45658057985298,57.77423746667278,49.66011170072584,74.0,3.739309043271149,2.9267445443502544,2.956011989793757,2.9331733924232113,1.4126142600818747,1.7238303468771357,1.3975104926075261,1.0214943518631208,2.956011989793757,0.8941020075363714,1.1424168905758774,1.3960955290992842,0.8720319754793138,1.121001332951848,2.773667498727786,3.126419285092431,0.09950698108872724,-0.149462376383807,0.17040729529867393,-0.18234449106597106,False,False,0.09288401577150057,0.0,0.09316101395474853,0.18632202790949706
1725,28.75,False,True,53.794199195262465,50.0,70.87839555168067,53.511161454047276,57.84746367439722,49.71048368219638,74.0,3.7941991952624647,2.9439902017281985,2.9734301037454807,2.9500433919101083,1.4172579487424783,1.7042439111184586,1.4018241321645446,1.0144539440277458,2.9734301037454807,0.886806456454081,1.135339594303992,1.400404801136074,0.8650918180547938,1.114277699425959,2.790588346199201,3.1434975706606934,0.09982375539821309,-0.14936212597295195,0.17006746691521268,-0.18284175754627974,False,False,0.09316101395474853,0.0,0.09341487491878118,0.18682974983756237
1730,28.833333333333332,False,True,53.84584242961966,50.0,71.11778121326014,53.56249765514401,57.91789405742052,49.758189744573244,74.0,3.8458424296196583,2.9613587302588953,2.9909723175614844,2.967042958429947,1.421984553751951,1.6848657988396682,1.4062307242365568,1.0075554718761033,2.9909723175614844,0.8796361141127634,1.1283869299261253,1.4048069315875638,0.8582908774447986,1.1076927115998194,2.807622341636865,3.1606883406259105,0.10013723972371613,-0.1492645944313047,0.16971602306442612,-0.18334997592461955,False,False,0.09341487491878118,0.0,0.09364638522281632,0.18729277044563264
1735,28.916666666666668,False,True,53.89426181868721,50.0,71.35603235936566,53.61061237754242,57.98551464771603,49.80322518020771,74.0,3.8942618186872124,2.9788332755673563,3.00862160832303,2.9841553411313875,1.4267909687881386,1.6656991083167583,1.4107273746588855,1.000801801643911,3.00862160832303,0.8725951407573469,1.1215630595920263,1.4092990292054766,0.8516318178834714,1.1012490355769577,2.824753147760715,3.177975263276821,0.10044723393304666,-0.14916998376043966,0.16935365495379084,-0.18386846056231487,False,False,0.09364638522281632,0.0,0.09385632250623263,0.18771264501246526
1740,29.0,False,True,53.93948581212686,50.0,71.59303880359042,53.65553417366954,58.050317229021395,49.845591198783076,74.0,3.939485812126861,2.9963974156524698,3.0263613898089945,3.001364205518768,1.4316740606664786,1.646746437214383,1.4153111330220034,0.9941953577008372,3.0263613898089945,0.8656872127123341,1.1148716615193284,1.4138781465568628,0.8451168800550443,1.0949489138997714,2.841964857072682,3.195342436630266,0.10075355619893422,-0.14907847764579296,0.16898104682127135,-0.1843965327363124,False,False,0.09385632250623263,0.0,0.09404545466178345,0.1880909093235669
1745,29.083333333333332,False,True,53.981547823102794,50.0,71.82869392845538,53.697296543062585,58.11229898500952,49.88529457275904,74.0,3.981547823102794,3.0140351733422563,3.044175525075679,3.018653646851474,1.4366306762133045,1.6280099196183524,1.4199790008693847,0.9877381444620642,3.044175525075679,0.8589155431160734,1.1083159507279745,1.4185412882533912,0.8387479023888007,1.0887941868446303,2.8592420031024774,3.2127743996775027,0.10105604238256605,-0.1489902420732635,0.16859887460182366,-0.18493352197320156,False,False,0.09404545466178345,0.0,0.09421453906969673,0.18842907813939347
1750,29.166666666666668,False,True,54.02048583260923,50.0,72.06289478078703,53.735937537063506,58.1714621667202,49.922347293249416,74.0,4.020485832609232,3.0317310266394686,3.062048336905863,3.03600820138999,1.441657648786665,1.6094912606850116,1.4247279395190282,0.9814317682998536,3.062048336905863,0.8522829027518207,1.101898699871428,1.4232854186534951,0.8325263423947228,1.0827863137576728,2.8765695696564415,3.2302561416335793,0.10135454545781919,-0.14890542590513078,0.16820780472771624,-0.18547876724942158,False,False,0.09421453906969673,0.0,0.09436432189190323,0.18872864378380647
1755,29.25,False,True,54.05634201142063,50.0,72.29554217316249,53.77149938391418,58.22781377661073,49.956766234871196,74.0,4.056342011420632,3.0494699171117485,3.079964616282866,3.0534128556450106,1.4467518044532819,1.5911917690542683,1.4295548775160076,0.9752774591607978,3.079964616282866,0.8457916409595538,1.0956222601486367,1.4281074694327345,0.8264532975330672,1.0769263939245168,2.8939329982160182,3.2477731093363302,0.10164893476371906,-0.1488241616277306,0.16780849305346424,-0.18603161806684776,False,False,0.09436432189190323,0.0,0.09449553742571183,0.18899107485142366
1760,29.333333333333332,False,True,54.08916235916079,50.0,72.52654078760054,53.80402812750274,58.28136527067605,49.988572831608636,74.0,4.089162359160788,3.0672372564708117,3.0979096290355197,3.0708530537761742,1.4519099678304082,1.5731123871641486,1.4344567177236671,0.9692760920800629,3.0979096290355197,0.8394437064566539,1.089488582124861,1.4330043465830842,0.8205295262044141,1.0712151875604472,2.9113181936231394,3.2653112129322746,0.10193909548038427,-0.14874656587564883,0.16740158389675486,-0.18659143541238032,False,False,0.09449553742571183,0.0,0.09460890751575063,0.18921781503150126
1765,29.416666666666668,False,True,54.11899636000198,50.0,72.75579927806682,53.83357328614887,58.332132273987924,50.01779276059723,74.0,4.118996360001979,3.0850189314760956,3.1158691207908564,3.0883147032777067,1.4571289676014094,1.5552537195963763,1.4394303440613225,0.9634282082394475,3.1158691207908564,0.8332406681315734,1.0834992365254839,1.4379729371779377,0.814755467976642,1.0656531360375288,2.9287115281813425,3.2828568299782446,0.10222492779808123,-0.14867274026280553,0.16698770918738814,-0.18715759260951392,False,False,0.09460890751575063,0.0,0.09470514102293753,0.18941028204587507
1770,29.5,False,True,54.145896654516044,50.0,72.98323036875531,53.86018752555531,58.380134312872,50.04445563739579,74.0,4.145896654516044,3.102801307289956,3.1338293203628558,3.1057841790797935,1.4624056417139832,1.5376160595746418,1.444472627896552,0.9577340357311278,3.1338293203628558,0.8271837355776771,1.0776554347699923,1.4430101157563968,0.8091312638078121,1.0602403821076163,2.946099844293506,3.300396808079623,0.10250634637648848,-0.14860277192331572,0.1665674877167671,-0.18772947606934975,False,False,0.09470514102293753,0.0,0.09478493334876098,0.18956986669752196
1775,29.583333333333332,False,True,54.169918727211495,50.0,73.2087509455029,53.88392634721693,58.42539455888379,50.06859471949855,74.0,4.1699187272114955,3.120571229403713,3.15177694169775,3.1232483261865642,1.467736842269985,1.5201994137298211,1.449580434100317,0.9521935098946506,3.15177694169775,0.8212737794460251,1.0719580493248968,1.448112750356131,0.8036567756219318,1.0549767894782562,2.9634704557497655,3.317918466178766,0.10278327958360567,-0.14853673427271874,0.16614152448101605,-0.18830648594798438,False,False,0.09478493334876098,0.0,0.09484896601343017,0.18969793202686033
1780,29.666666666666668,False,True,54.19112060929783,50.0,73.43228213808241,53.90484779303496,58.4679395857374,50.09024661988572,74.0,4.191120609297833,3.1383160242466,3.169699184489066,3.1406944609642657,1.4731194401158805,1.5030035252394829,1.4547506267733505,0.9468062931241639,3.169699184489066,0.8155113514729722,1.066407633731469,1.4532777082680242,0.7983316054497713,1.0498619619536234,2.9808111477722723,3.335409594600249,0.10305566882945949,-0.14847468767439254,0.16571041011118304,-0.18888803671679355,False,False,0.09484896601343017,0.0,0.0948979062857956,0.1897958125715912
1785,29.75,False,True,54.209562596228366,50.0,73.65374939149928,53.923012163429696,58.50779913773894,50.10945103017844,74.0,4.209562596228366,3.156023498582942,3.187583733568771,3.1581103711862606,1.4785503291428683,1.4860278954424875,1.459980074652336,0.9415717941900312,3.187583733568771,0.8098967041439373,1.06100444226964,1.4585018613954617,0.7931551140796377,1.044895262085425,2.998110175917105,3.3528584539532735,0.10332346789539382,-0.14841668011039355,0.16527472038450242,-0.18947355765166618,False,False,0.0948979062857956,0.0,0.09493240686342203,0.18986481372684405
1790,29.833333333333332,False,True,54.22530697957787,50.0,73.87308252478071,53.93848175141802,58.54500590844521,50.126250453069495,74.0,4.225306979577873,3.1736819377965313,3.2054187571744968,3.175484314935189,1.4840264303057351,1.4692718040233714,1.4652656562045558,0.9364891869129588,3.2054187571744968,0.8044298099545573,1.0557484492192866,1.463782091364692,0.788126439000106,1.0400758291157524,3.015356263927595,3.3702537729854765,0.10358664220279357,-0.14836274791285275,0.1648350158109797,-0.19006249324690172,False,False,0.09493240686342203,0.0,0.09495310560052307,0.18990621120104614
1795,29.916666666666668,False,True,54.23841779281956,50.0,74.09021577609474,53.951320588420494,58.579595329992294,50.14068994509563,74.0,4.238417792819561,3.191280103155307,3.22319290418686,3.1928050184565357,1.4895446953695044,1.4527343278554428,1.4706042644197435,0.9315574283083606,3.22319290418686,0.7991103801737544,1.0506393676234278,1.4691152942983992,0.7832445119415048,1.0354025965186893,3.03253860062777,3.3875847454768513,0.10384516821032863,-0.14831291636685584,0.16439184128999118,-0.1906543035590902,False,False,0.09495310560052307,0.0,0.09496062528193254,0.18992125056386508
1800,30.0,False,True,54.248960570570915,50.0,74.30508783336192,53.96159420456289,58.61160537029779,50.15281686804098,74.0,4.248960570570915,3.2088072281438653,3.240895300425304,3.2100616730523104,1.4951021103929245,1.4364143585860993,1.4759928113079528,0.9267752760390886,3.240895300425304,0.7939378831412798,1.04567666758589,1.4744983853403484,0.7785080755891867,1.0308743087136978,3.049646835939319,3.404841026257197,0.10409903267460918,-0.14826720044990194,0.16394572583189326,-0.19124846448598465,False,False,0.09496062528193254,0.0,0.09495557344090275,0.1899111468818055
1805,30.083333333333332,False,True,54.25700212088393,50.0,74.51764184982645,53.96936940206786,58.6410763394763,50.16268065066652,74.0,4.257002120883932,3.226253013946128,3.2585155440855895,3.227243931098258,1.500695698957806,1.4203106190428183,1.4814282321122978,0.9221413051912442,3.2585155440855895,0.7889115619865845,1.040859593990305,1.4799283028432457,0.7739156997374861,1.0264895372196963,3.0666710761004947,3.4220127264254807,0.10434823202845211,-0.14822560545375807,0.1634971823398912,-0.1918444679850948,False,False,0.09495557344090275,0.0,0.09493854221865371,0.18987708443730741
1810,30.166666666666668,False,True,54.26261031016005,50.0,74.72782544433016,53.97471404082261,58.66805070381707,50.17033255988405,74.0,4.262610310160049,3.2436076241556164,3.2760437003971727,3.2443419012629877,1.5063225251531818,1.4044216785334616,1.4869074892454657,0.9176539243730714,3.2760437003971727,0.7840304517749844,1.0361871836463925,1.4854020122930252,0.769465796728676,1.0222466960941263,3.083601878160804,3.4390904078450037,0.10459277172105497,-0.14818812764439537,0.163046707447831,-0.19244182223636885,False,False,0.09493854221865371,0.0,0.09491010826346413,0.18982021652692826
1815,30.25,False,True,54.265853860276614,50.0,74.93559068628575,53.977696836077726,58.692572907123576,50.175825481639286,74.0,4.265853860276614,3.260861678786126,3.2934702955739876,3.261346143002904,1.5119796963231964,1.3887459671100735,1.492427575958862,0.9133113911074998,3.2934702955739876,0.7792933960411681,1.0316582818235918,1.4909165099695656,0.7651566362211873,1.018144056701288,3.1004302438207993,3.4560650769836485,0.10483266559378823,-0.14815475488631247,0.16259478140966088,-0.19304005175318828,False,False,0.09491010826346413,0.0,0.09487083266735997,0.18974166533471995
1820,30.333333333333332,False,True,54.26680215751483,50.0,75.14089406556842,53.978387168377395,58.71468919879298,50.17921371134605,74.0,4.266802157514832,3.2780062476512772,3.31078631012779,3.278247660402224,1.5176643655875575,1.3732817888611282,1.4979855197533092,0.9091118264889065,3.31078631012779,0.7746990626933699,1.0272715581553462,1.4964688264170491,0.7609863592158675,1.0141797617387067,3.1171476126822535,3.4729281781645165,0.10506793524980018,-0.148125467273039,0.1621418680367266,-0.1936386974455364,False,False,0.09487083266735997,0.0,0.09482126093800002,0.18964252187600003
1825,30.416666666666668,False,True,54.26552507288611,50.0,75.34369644774257,53.97685490262742,58.73444746858892,50.18055275412217,74.0,4.265525072886113,3.29503284317727,3.327983171609043,3.295037895423385,1.5233737341433076,1.3580273342932077,1.5035783855401306,0.9050532292071057,3.327983171609043,0.7702459592580986,1.0230255218839488,1.502056029489677,0.7569529915398013,1.010351838721061,3.1337458549699946,3.489671586288208,0.10529860951395531,-0.1481002376673044,0.16168841467916506,-0.19423731663904853,False,False,0.09482126093800002,0.0,0.09476192300391137,0.18952384600782274
1830,30.5,False,True,54.26209279345783,50.0,75.54396301520917,53.97317022181594,58.75189708635881,50.17989913359552,74.0,4.262092793457832,3.3119334127093145,3.3450527468364077,3.3117087206291016,1.529105053356562,1.3429806918593847,1.5092032785614442,0.9011334887031172,3.3450527468364077,0.7659324475038483,1.0189185364843625,1.5076752273680996,0.7530544563095003,1.0066582124434829,3.1502172637829813,3.5062875990843554,0.1055247237403657,-0.14807903239361686,0.16123485224794765,-0.19483548305342646,False,False,0.09476192300391137,0.0,0.09469333325085245,0.1893866665017049
1835,30.583333333333332,False,True,54.25657566428497,50.0,75.74166319500225,53.967403468101914,58.76708874961115,50.177310211860075,74.0,4.2565756642849735,3.3287003303684783,3.3619873336721633,3.3282524314336683,1.5348556266527604,1.3281398586880755,1.5148573470784283,0.897350397736309,3.3619873336721633,0.7617567573205648,1.0149488335438037,1.513323571209776,0.7492885860800885,1.003096717130841,3.1665545469287135,3.52276892894647,0.10574631939453194,-0.14806181165622045,0.1607815952743068,-0.19543278674344977,False,False,0.09469333325085245,0.0,0.09461599058729539,0.18923198117459078
1840,30.666666666666668,False,True,54.249044040559355,50.0,75.93677057407969,53.95962499552003,58.78007433473508,50.172844017170966,74.0,4.249044040559355,3.345326388512253,3.3787796523973754,3.344661737937592,1.5406228112138585,1.313502750562848,1.5205377848362513,0.8937016641863283,3.3787796523973754,0.7577169999953801,1.0111145260375782,1.5189982575796876,0.7456531340000844,0.9996651075926322,3.1827508183916606,3.539108694400814,0.10596344340630381,-0.14804853018624398,0.16032904200343845,-0.1960288340057148,False,False,0.09461599058729539,0.0,0.09453037853699539,0.18906075707399078
1845,30.75,False,True,54.23956814959405,50.0,76.12926280304654,53.94990503162659,58.79090675491837,50.16655908195586,74.0,4.239568149594049,3.3618047888487843,3.3954228367372723,3.3609297563962373,1.5464040194907485,1.2990672112005748,1.5262418333142624,0.8901849221928296,3.3954228367372723,0.7538111807683069,1.0074136208848878,1.5246965307785558,0.7421457845232364,0.9963610699349119,3.198799589483306,3.555300411256877,0.10617614774208228,-0.1480391376695932,0.1598775745196046,-0.1966232472539664,False,False,0.09453037853699539,0.0,0.09443696535675337,0.18887393071350675
1850,30.833333333333332,False,True,54.22821796226585,50.0,76.31912148931832,53.93831354994873,58.7996398223205,50.158514289101625,74.0,4.228217962265852,3.3781291332515866,3.4119104245841023,3.377050000370091,1.55219672053907,1.2848310208724254,1.5319667837699613,0.88679774255942,3.4119104245841023,0.7500372107546865,1.0038440308713776,1.5304156847903414,0.7387641632453339,0.9931822313972084,3.2146947597183115,3.5713379834839736,0.1063844888377884,-0.14803357931408612,0.15942755889987126,-0.19721566486579079,False,False,0.09443696535675337,0.0,0.09433620417739219,0.18867240835478438
1855,30.916666666666668,False,True,54.21506307354457,50.0,76.50633208078038,53.92492014882234,58.80632811650892,50.14876872811799,74.0,4.21506307354457,3.3942934143185846,3.4282363484617706,3.3930163716011426,1.5579984411864172,1.2707919044094678,1.5377099790851465,0.8835376425984124,3.4282363484617706,0.7463929181663319,1.000403585870386,1.5361530651858175,0.7355058463873759,0.9901261698357855,3.230430607458546,3.5872156938557014,0.10658852723737311,-0.14803179621103646,0.15897934539393077,-0.1978057410032248,False,False,0.09433620417739219,0.0,0.09422853316610302,0.18845706633220605
1860,31.0,False,True,54.200172591743964,50.0,76.69088374102881,53.90979394236468,58.81102685624807,50.13738155867009,74.0,4.200172591743964,3.4102920057164674,3.444394925773632,3.4088231506571236,1.5638067670387927,1.256947538632074,1.5434688154225311,0.88040209519565,3.444394925773632,0.7428760589424444,0.9970900434739584,1.5419060707625705,0.7323683692837568,0.9871904222119258,3.2460017803638967,3.6029281944011657,0.10678832701627572,-0.14803372591189323,0.1585332686275338,-0.19839314540973518,False,False,0.09422853316610302,0.0,0.09411437570835235,0.1882287514167047
1865,31.083333333333332,False,True,54.183615036136025,50.0,76.87276921728986,53.89300345778525,58.81379177845113,50.124411884488524,74.0,4.183615036136025,3.4261196523486546,3.4603808488721413,3.4244649873825312,1.5696193433340024,1.243295559239943,1.5492407437009699,0.8773885373308531,3.4603808488721413,0.739484326666374,0.9939010989097113,1.5476721550239292,0.7293492346084041,0.984372492818161,3.2614032856862902,3.6184704966994303,0.10698395548730788,-0.14803930272244903,0.15808964782728907,-0.19897756318585103,False,False,0.09411437570835235,0.0,0.09399414060769472,0.18798828121538944
1870,31.166666666666668,False,True,54.16545824257555,50.0,77.0519847021109,53.874616539617726,58.814679020523485,50.109918634374154,74.0,4.1654582425755535,3.4417714603826055,3.4761891749864318,3.4399368911928603,1.5754338756495105,1.2298335671972673,1.555023270897328,0.8744943780387713,3.4761891749864318,0.7362153619159281,0.9908343943912332,1.5534488274821798,0.7264459198926947,0.9816698607962806,3.276630480440831,3.6338379620510612,0.10717548275750932,-0.1480484581460766,0.15764878706462948,-0.1995586945456007,False,False,0.09399414060769472,0.0,0.09386822230164445,0.1877364446032889
1875,31.25,False,True,54.14576927678988,50.0,77.22852968989909,53.85470026416279,58.81374500764259,50.09396045138203,74.0,4.145769276789878,3.4572428871697727,3.49181531604147,3.455234221245946,1.5812481304721033,1.2165591346454654,1.5608139611828598,0.8717170056934175,3.49181531604147,0.7330667610086286,0.9878875278634442,1.559233654756781,0.7236558844113717,0.9790799870233404,3.291679061485679,3.649026291558416,0.10736298132992295,-0.14806112128204574,0.15721097551694596,-0.2001362545557912,False,False,0.09386822230164445,0.0,0.09373700109215471,0.18747400218430943
1880,31.333333333333332,False,True,54.12461435499486,50.0,77.40240682935462,53.83332085916276,58.811046345776056,50.07659559062929,74.0,4.124614354994861,3.472529731089154,3.507255028400045,3.4703526765220474,1.5870599356365291,1.2034698103738977,1.5666104369018052,0.8690537948214024,3.507255028400045,0.7300360841324394,0.9850580611334097,1.5650242616140078,0.7209765757096297,0.9766003206388336,3.3065450555399987,3.6640315161440067,0.10754652581743118,-0.14807721911177274,0.15677648774396147,-0.20070997286004655,False,False,0.09373700109215471,0.0,0.09360084338907632,0.18720168677815263
1885,31.416666666666668,False,True,54.10205877150536,50.0,77.57362177280648,53.81054363204552,58.80663971856535,50.057881823957636,74.0,4.102058771505362,3.4876281213432208,3.522504402556653,3.4852882858420027,1.5928671806400945,1.1905631248771167,1.5724103793997817,0.8665021123266434,3.522504402556653,0.7271208629474525,0.9823435274721226,1.5708183317430213,0.7184054354321114,0.9742283048737793,3.3212248091672736,3.6788499865342033,0.10772619254713589,-0.148096676894532,0.15634558397755027,-0.2012795933893794,False,False,0.09360084338907632,0.0,0.09346010196510543,0.18692020393021086
1890,31.5,False,True,54.07816683301598,50.0,77.74218302341227,53.786432902523806,58.80058179004358,50.037876352828555,74.0,4.0781668330159775,3.5025345077328836,3.5375598528102126,3.5000373978507384,1.598667816840023,1.1778365950254284,1.5782115297093458,0.8640593233030359,3.5375598528102126,0.7243186076106682,0.9797414386393754,1.576613608444086,0.7159399049216516,0.9719613826495483,3.3357149787492055,3.693478363233542,0.10790205934651242,-0.14811941838138432,0.1559185104233296,-0.20184487406100704,False,False,0.09346010196510543,0.0,0.09331511622085915,0.1866302324417183
1895,31.583333333333332,False,True,54.053001799235346,50.0,77.90810178113009,53.76105194559564,58.7929291106936,50.01663572715915,74.0,4.053001799235346,3.5172456504361533,3.552418106940515,3.5145966709913736,1.6044598575401738,1.1652877283739078,1.5840116890999376,0.8617227962143534,3.552418106940515,0.7216268133323619,0.9772492914402139,1.5824078952435685,0.7135774299774182,0.9697970013360904,3.3500125204735336,3.707913606512932,0.10807420512173693,-0.1481453662369352,0.15549549957241693,-0.20240558646698137,False,False,0.09331511622085915,0.0,0.09316621245873533,0.18633242491747065
1900,31.666666666666668,False,True,54.02662582956414,50.0,78.07139178831227,53.73446293464127,58.78373803067937,49.99421577298881,74.0,4.026625829564139,3.5317586098132843,3.567076195911417,3.528963063493233,1.6102413779735365,1.1529140271334417,1.589808719499281,0.8594899078534127,3.567076195911417,0.7190429663530709,0.9748645737020133,1.588199056216081,0.711315465759551,0.9677326176566572,3.3641146803573063,3.722152966433321,0.10824270980324446,-0.14817444209386177,0.15507677052190383,-0.20296151555411068,False,False,0.09316621245873533,0.0,0.09301370416417395,0.1860274083283479
1905,31.75,False,True,53.99909993551603,50.0,78.23206917570938,53.70672689677258,58.77306461427833,49.9706715238385,74.0,3.9990999355160284,3.5460707362593538,3.581531443621947,3.543133823395314,1.6160105151867246,1.140712991825918,1.5956005437930516,0.8573580476243206,3.581531443621947,0.7165645495702085,0.9725847699011777,1.5939850163505527,0.7091514805673699,0.9657657014660875,3.3780189843253616,3.7361939729245597,0.10840765384176698,-0.14820656705695068,0.15466252930261248,-0.20351245929658557,False,False,0.09301370416417395,0.0,0.09285789229330588,0.18571578458661175
1910,31.833333333333332,False,True,53.970483938587606,50.0,78.39015230960842,53.677903668969364,58.76096456313514,49.94605716174844,74.0,3.9704839385876056,3.5601796601235396,3.595781456724775,3.5571064786249607,1.6217654678324878,1.1286821246443164,1.6013851460095339,0.8553246216039861,3.595781456724775,0.7141890475727933,0.970407366197952,1.5997637617259444,0.7070829599289679,0.9638937398404874,3.391723228362198,3.750034425937659,0.10856911823650128,-0.1482416616750183,0.15425296921288378,-0.20405822836257714,False,False,0.09285789229330588,0.0,0.09269906556568192,0.18539813113136383
1915,31.916666666666668,False,True,53.94083643329187,50.0,78.54566164076515,53.64805186028751,58.747493140684654,49.92042596149557,74.0,3.940836433291871,3.574083281712727,3.609824114529854,3.5708788271499285,1.6275044958760734,1.1168189325371574,1.6071605713957196,0.8533870561915956,3.609824114529854,0.7119139513702816,0.968329855165342,1.6055333395551772,0.7051074098769441,0.9621142403530345,3.405225468753805,3.763672385686992,0.1087271841614389,-0.14827964631465151,0.15384827115713762,-0.20459864577604936,False,False,0.09269906556568192,0.0,0.09253750076109726,0.18507500152219453
1920,32.0,False,True,53.91021475507794,50.0,78.69861955572354,53.61722882125345,58.732705102836505,49.89383024191824,74.0,3.910214755077938,3.5877797613955296,3.623657559009485,3.5844489272203983,1.633225920221065,1.1051209300355682,1.6129249263911674,0.8515428013166184,3.623657559009485,0.7097367626607483,0.96634974005737,1.6112918582144176,0.7032223600148003,0.9604247341404579,3.4185240124345864,3.7771061629976006,0.10888193282383951,-0.1483204413018181,0.15344860398811555,-0.20513354657489868,False,False,0.09253750076109726,0.0,0.09237346301949365,0.1847469260389873
1925,32.083333333333336,False,True,53.878674952867776,50.0,78.84905023105291,53.58549061501379,58.71665463336777,49.866321322848776,74.0,3.878674952867776,3.6012675098213682,3.637280184919582,3.5978150877160937,1.6389281222601342,1.0935856418400798,1.6186763785057239,0.849789333426079,3.637280184919582,0.7076549977127247,0.9644645386910008,1.6170374870380784,0.7014253663647436,0.9588227787509133,3.4316174074530967,3.7903343097713016,0.10903344532483428,-0.14836396706133537,0.15305412485171965,-0.2056627774664852,False,False,0.09237346301949365,0.0,0.09220720614299498,0.18441441228598995
1930,32.166666666666664,False,True,53.846271765949226,50.0,78.99697949096814,53.55289199437846,58.69939528283092,49.837949486467274,74.0,3.8462717659492256,3.614545178267839,3.650690630050517,3.610975858612199,1.6446095433559447,1.082210605183211,1.6244131561070116,0.8481241581039376,3.650690630050517,0.7056661909210137,0.9626717870020315,1.6227684562163178,0.6997140137755007,0.9573059605518737,3.4445044335689916,3.8033556095839955,0.10918180244793607,-0.1484101443284369,0.15266497953347846,-0.20618619648152547,False,False,0.09220720614299498,0.0,0.09203897289922208,0.18407794579844416
1935,32.25,False,True,53.813058604972724,50.0,79.14243466873856,53.51948638313773,58.68097991260624,49.808763944196116,74.0,3.813058604972724,3.6276116491283212,3.6638877656196045,3.6239300215764936,1.650268684257251,1.0709933719828844,1.6301335481234134,0.8465448123961596,3.6638877656196045,0.703767897999465,0.9609690422379443,1.6284830563996822,0.698085918131284,0.9558718969391682,3.457184092992336,3.816169068425355,0.10932708454300855,-0.14845889426487568,0.15228130280575058,-0.20670367262726863,False,False,0.09203897289922208,0.0,0.09186899532505821,0.18373799065011642
1940,32.333333333333336,False,True,53.77908753680741,50.0,79.28544447223177,53.48532585961624,58.66146064307214,49.778812808104995,74.0,3.7790875368074097,3.6404660265505355,3.676870686816041,3.6366765807088455,1.6559041044550544,1.0599315108007914,1.6358359036680812,0.8450488669297648,3.676870686816041,0.7019576988636679,0.9593538858406743,1.6341796383769633,0.6965387283585578,0.9545182383438222,3.469655601275264,3.8287739055908303,0.10946937141405744,-0.14851013857120698,0.1519032187747893,-0.20721508554077683,False,False,0.09186899532505821,0.0,0.09169749503009615,0.1833949900601923
1945,32.416666666666664,False,True,53.74440927302096,50.0,79.42603885388338,53.45046114619706,58.64088880532743,49.74814306618472,74.0,3.7444092730209633,3.6531076272355762,3.689638703507932,3.6492147534330472,1.6615144214834614,1.0490226086189274,1.6415186315893011,0.8436339276934177,3.689638703507932,0.7002332002394633,0.957823926055201,1.6398566126066272,0.6950701280284795,0.9532426698345661,3.4819183783648264,3.8411695447348606,0.10960874214114835,-0.14856379966493827,0.15153084122692873,-0.20772032514310546,False,False,0.09169749503009615,0.0,0.09152468349912063,0.18304936699824126
1950,32.5,False,True,53.70907316175584,50.0,79.5642488853301,53.41494160043703,58.61931489815905,49.71680056269344,74.0,3.709073161755839,3.6655359714058755,3.702191331119934,3.6615439615498433,1.6670983101697296,1.0382642724467002,1.6471801999523503,0.8422976376561474,3.702191331119934,0.6985920379555586,0.9563768002222333,1.6455124486896695,0.6936778369437065,0.9520429127047179,3.493972039824841,3.853355605093083,0.10974527504857046,-0.14861980071244085,0.1511642739731487,-0.2082192912950931,False,False,0.09152468349912063,0.0,0.09135076239298257,0.18270152478596513
1955,32.583333333333336,False,True,53.673127182782345,50.0,79.70010663689546,53.378815210317036,58.59678854786633,49.68482998147916,74.0,3.673127182782345,3.6777507739494895,3.714528281688984,3.6736638224589617,1.6726545018377874,1.0276541307702227,1.6528191354578154,0.8410376781358991,3.714528281688984,0.6970318790160668,0.9550101768508206,1.6511456748424735,0.6923596123490059,0.9509167256828539,3.5058163882335833,3.8653318928803575,0.10987904754695477,-0.14867806578689324,0.1508036111913733,-0.20871189345540087,False,False,0.09135076239298257,0.0,0.09117592384721301,0.18235184769442603
1960,32.666666666666664,False,True,53.636617945518054,50.0,79.83364506207096,53.34212859113611,58.5733584727073,49.652274833563595,74.0,3.6366179455180543,3.689751935747154,3.7266494551046256,3.6855741405569704,1.6781817834693282,1.01718983485469,1.6584340228011152,0.8398517700209323,3.7266494551046256,0.6955504234067625,0.9537217574246826,1.65675487717931,0.691113250132545,0.9498619061341762,3.5174514047631944,3.87709839287054,0.11001013611324395,-0.14873851988838727,0.15044893776591417,-0.20919805034143124,False,False,0.09117592384721301,0.0,0.09100035076794873,0.18200070153589745
1965,32.75,False,True,53.59959068981083,50.0,79.96489788709341,53.304926988510914,58.54907245006359,49.61917744731389,74.0,3.5995906898108316,3.7015395351876177,3.738554930539494,3.6972748988168673,1.6836789968264072,1.006869059910029,1.6640235039778162,0.8387376746821884,3.738554930539494,0.6941454057120795,0.9525092780192767,1.6623386990680502,0.6899365855565742,0.9488762907912521,3.5288772409458415,3.888655260162969,0.11013861610906373,-0.14880108912561418,0.15010032962347486,-0.20967768959365252,False,False,0.09100035076794873,0.0,0.09082421712463443,0.18164843424926885
1970,32.833333333333336,False,True,53.56208928929072,50.0,80.09389950568034,53.267254278751956,58.52397728918916,49.58557896339454,74.0,3.562089289290718,3.7131138198759164,3.7502449580746755,3.7087662505544055,1.6891450375392898,0.9966895061293888,1.6695862775391257,0.8376931949150913,3.7502449580746755,0.6928145964579133,0.951370510644665,1.6678958403833803,0.6888274943052362,0.947957756801897,3.5400942106308375,3.9000028121399404,0.11026456188680567,-0.14886570060985516,0.14975785406526487,-0.210150747443838,False,False,0.09082421712463443,0.0,0.09064768823904605,0.1812953764780921
1975,32.916666666666664,False,True,53.5241562571044,50.0,80.22068487895129,53.2291529772525,58.49811880435699,49.55151933020053,74.0,3.5241562571044014,3.724475198538464,3.7617199505238483,3.720048511385389,1.6945788541631246,0.9866488996094168,1.67512109780178,0.8367161755134567,3.7617199505238483,0.6915558033656414,0.9503032644996098,1.6734250567014444,0.6877838927824611,0.9471042220271293,3.5511027821361862,3.911141520618576,0.11038804651367262,-0.14893228273099557,0.14942157009472767,-0.2106171683876621,False,False,0.09064768823904605,0.0,0.09047092107030709,0.18094184214061418
1980,33.0,False,True,53.48583275385356,50.0,80.34528944052946,53.19066424418589,58.47154179483323,49.5170373048626,74.0,3.4858327538535576,3.7356242331280574,3.772980475459338,3.731122151377381,1.6999794472068552,0.9767449931607081,1.6806267740163416,0.835804503887548,3.772980475459338,0.6903668723106949,0.9493053869302064,1.6789251584798421,0.6868037389109088,0.9463136458401767,3.5619035705972633,3.9220720041998467,0.11050914195262873,-0.14900076497663917,0.14909152874050857,-0.21107690486207487,False,False,0.09047092107030709,0.0,0.0902940644955039,0.1805881289910078
1985,33.083333333333336,False,True,53.4471585975665,50.0,80.46774900679175,53.15182789619143,58.44429002457392,49.48217045400245,74.0,3.4471585975664993,3.7465616311312173,3.7840272474425296,3.741987787398555,1.705345868137604,0.9669755670162783,1.6861021694977716,0.8349561104025361,3.7840272474425296,0.6892456882335148,0.948374764340904,1.6843950101937026,0.6858850322106953,0.9455840292052663,3.572497330514723,3.9327950208167977,0.11062791880273015,-0.14907107819184084,0.14876777337426805,-0.21152991692780665,False,False,0.0902940644955039,0.0,0.09011725958564365,0.1802345191712873
1990,33.166666666666664,False,True,53.408172275539584,50.0,80.58809969220903,53.11268241640917,58.41640620803567,49.44695515931165,74.0,3.4081722755395845,3.7572882380796355,3.794861120460432,3.7526461756657605,1.71067721836362,0.9573384294454093,1.69154620072195,0.8341689687316739,3.794861120460432,0.6881901757962202,0.9475093228512425,1.6898335293985385,0.6850258143166154,0.9449134151949068,3.5828849485031005,3.9433114604834976,0.11074444646323289,-0.14914315441505854,0.14845034002306567,-0.21197617195733143,False,False,0.09011725958564365,0.0,0.08994063987659734,0.17988127975319468
1995,33.25,False,True,53.36891095789338,50.0,80.7063778296968,53.07326496997904,58.3879319959878,49.41142662295947,74.0,3.3689109578933767,3.7678050302668935,3.8054830805695623,3.763098204493299,1.715972648198709,0.9478314172797498,1.6969578363916618,0.833441095959306,3.8054830805695623,0.6871982999973221,0.9467070289106279,1.6952396858370322,0.684224168856557,0.9442998888683634,3.593067436240996,3.9536223382455185,0.11085879290905731,-0.14921692710274903,0.14813925767595615,-0.21241564432856652,False,False,0.08994063987659734,0.0,0.08976433163493677,0.17952866326987355
2000,33.333333333333336,False,True,53.3294105126947,50.0,80.82261989587775,53.03361141771995,58.35890796699381,49.37561887733011,74.0,3.3294105126947002,3.7781131076710457,3.8158942387477564,3.7733448872432573,1.7212313558109218,0.9384523963581108,1.7023360964753886,0.8327705527133095,3.8158942387477564,0.6862680665611062,0.9459658896877776,1.700612500501893,0.683478221744003,0.9437415775642204,3.603045923623165,3.9637287873323754,0.11097102485091093,-0.1492923309693065,0.14783454858461909,-0.21284831512459146,False,False,0.08976433163493677,0.0,0.0895884541183021,0.1791769082366042
2005,33.416666666666664,False,True,53.28970552250413,50.0,80.93686244114078,52.993756332751346,58.32937361878505,49.339564794388444,74.0,3.2897055225041285,3.788213687083174,3.826095823954006,3.78338735547777,1.7264525861581275,0.9291992618959787,1.7076800512220938,0.8321554431503774,3.826095823954006,0.6853975223008494,0.9452839534339978,1.7059510445522847,0.6827861410044453,0.9432366507268506,3.6128216521144565,3.973632052511752,0.11108120757647322,-0.14936930214593203,0.14753622855774617,-0.21327417183954944,False,False,0.0895884541183021,0.0,0.08941311983029607,0.17882623966059213
2010,33.5,False,True,53.24982930221464,50.0,81.04914202436775,52.95373301975894,58.29936736378379,49.30329609805154,74.0,3.2498293022146427,3.7981080954415116,3.8360891763959266,3.7932268523131043,1.7316356299129523,0.920069938785389,1.7129888201550172,0.8315939148088638,3.8360891763959266,0.6845847553186266,0.9446593096830498,1.7112544384206103,0.6821461366667465,0.9427833197978379,3.6223959683049514,3.983333483644979,0.11118940498897412,-0.1494477781421173,0.14724430724905258,-0.21369320809097525,False,False,0.08941311983029607,0.0,0.08923843476965614,0.17847686953931227
2015,33.583333333333336,False,True,53.20981391805427,50.0,81.15949515218767,52.91357353191297,58.26892652684188,49.26684337797023,74.0,3.209813918054273,3.8077977633703237,3.845875741004027,3.802864725974965,1.736779822379426,0.91106238183043,1.7182615710473732,0.831084158520489,3.845875741004027,0.6838278951110438,0.944090089356944,1.7165218507142983,0.6815564607073727,0.9423798381602642,3.631770317665364,3.992834529442728,0.11129567963977516,-0.14952769781311626,0.14695878843870114,-0.21410542333866278,False,False,0.08923843476965614,0.0,0.08906449867362443,0.17812899734724885
2020,33.666666666666664,False,True,53.16969020763244,50.0,81.26795822260856,52.87330869252352,58.23808734381141,49.23023610358034,74.0,3.169690207632442,3.817284218922314,3.855457061111537,3.812302423554046,1.7418845424035478,0.902174575923309,1.7234975188826511,0.8306244081160276,3.855457061111537,0.6831251126309117,0.9435744648276723,1.7217524972054434,0.6810154066464567,0.9420245007348278,3.6409462385013027,4.0021367314195935,0.11140009261880024,-0.1496090014695709,0.1466796703080564,-0.21451082261023435,False,False,0.08906449867362443,0.0,0.08889140525546482,0.17778281051092965
2025,33.75,False,True,53.12948780091572,50.0,81.37456747287014,52.832968116038316,58.206884964049394,49.193502640882784,74.0,3.1294878009157188,3.826569081522968,3.864834772338198,3.821541484960448,1.7469492112798515,0.8934045361655912,1.728695924802119,0.8302129401309958,3.864834772338198,0.6824746202050718,0.943110649835089,1.7269456397911656,0.6805213093446545,0.9417156437767565,3.649925356104715,4.011241718045825,0.11150270364576076,-0.1496916307863413,0.1464069457076267,-0.2149094162334828,False,False,0.08889140525546482,0.0,0.08871924243599957,0.17743848487199915
2030,33.833333333333336,False,True,53.0892351420256,50.0,81.47935893135502,52.79258022843286,58.17535345363519,49.15667026934732,74.0,3.0892351420256006,3.8356540561149135,3.8740105966760625,3.83058353707527,1.751973291655917,0.8847503079389236,1.733856095041949,0.829848073511339,3.8740105966760625,0.6818746714187598,0.9426968993713356,1.7321005854246778,0.6800725446836973,0.9414516445564128,3.658709377100462,4.020151199094226,0.11160357104507379,-0.14977552882764178,0.1461406024181633,-0.21530121957560056,False,False,0.08871924243599957,0.0,0.08854809256921191,0.17709618513842382
2035,33.916666666666664,False,True,53.04895951175645,50.0,81.58236837339206,52.7521722909447,58.14352580010067,49.119765199566494,74.0,3.0489595117564505,3.844540927500063,3.8829863367750637,3.839430288097344,1.7569562864366735,0.8762099669292658,1.7389773798622843,0.8295281691719629,3.8829863367750637,0.6813235609424106,0.9423315095076955,1.7372166850024315,0.6796675290871235,0.9412309208800768,3.6673000839857366,4.0288669601798475,0.11170275170811383,-0.14986064008483946,0.1458806234047838,-0.21568625278932707,False,False,0.08854809256921191,0.0,0.08837803266181792,0.17675606532363583
2040,34.0,False,True,53.0086870507177,50.0,81.68363128078302,52.71177042446362,58.1114339199046,49.082812592630304,74.0,3.008687050717697,3.8532315548770564,3.891763870425827,3.848083522082792,1.7618977376901988,0.8677816191083966,1.7440591724704075,0.8292516295111182,3.891763870425827,0.6808196242622968,0.9420128171252908,1.7422933323537564,0.6793047190649802,0.9410519306347033,3.6756993298597553,4.037390857489998,0.11180030112358508,-0.14994691044613795,0.14562698706417132,-0.21606454056607172,False,False,0.08837803266181792,0.0,0.08820913458681709,0.17641826917363418
2045,34.083333333333336,False,True,52.96844278301072,50.0,81.78318280488304,52.67139962953674,58.079108667393875,49.04583658020548,74.0,2.9684427830107225,3.8617278665712433,3.900345145236956,3.856545093674877,1.766797225556627,0.8594634006762056,1.7491009079400501,0.8290168980719409,3.900345145236956,0.6803612373587793,0.9417391995933867,1.7473299631280044,0.6789826109709995,0.9409131715451463,3.683909033340952,4.045724812701708,0.11189627347320541,-0.15003428710094135,0.14537966746475162,-0.21643611189600387,False,False,0.08820913458681709,0.0,0.0880414652911258,0.1760829305822516
2050,34.166666666666664,False,True,52.92825064035507,50.0,81.88105773306472,52.631083814907775,58.04657984282128,49.00886028337399,74.0,2.928250640355067,3.870031854954262,3.9087321735038048,3.86481692302133,1.7716543671616598,0.8512534779670538,1.7541020621287813,0.828822458865534,3.9087321735038048,0.6799468164143018,0.9415090744774388,1.7523260536963337,0.678699740115356,0.9408131802869688,3.691931173668653,4.053870808083714,0.11199072142143485,-0.1501227187501779,0.14513863457990883,-0.21680099983515166,False,False,0.0880414652911258,0.0,0.08787508699714724,0.1757501739942945
2055,34.25,False,True,52.88813348658521,50.0,81.97729045839722,52.59084581938944,58.013876205971656,48.971905835460575,74.0,2.888133486585211,3.8781455715500504,3.916927027265551,3.8729009908761833,1.7764688155360795,0.8431500473232635,1.7590621505952553,0.8286668359294982,3.916927027265551,0.679574817335208,0.9413208990609617,1.7572811201267087,0.6784546806119551,0.9407505323337808,3.6997677859861047,4.0618308817797555,0.11208369640428262,-0.15021215531754306,0.1449038545142045,-0.2171592412794463,False,False,0.08787508699714724,0.0,0.08771005739850765,0.1754201147970153
2060,34.333333333333336,False,True,52.84811314244341,50.0,82.0719149523735,52.55070743646554,57.98102548658345,48.934994401811025,74.0,2.8481131424434096,3.8860711223239712,3.9249318335472108,3.88079933388293,1.7812402585425497,0.8351513349385992,1.76398072751802,0.8285485927687387,3.9249318335472108,0.6792437353807277,0.9411731699745678,1.7621947170564,0.6782460446197561,0.9407238411986104,3.707420956801489,4.069607123269893,0.1121752484298717,-0.15030254814898258,0.14467528972268262,-0.21751087674572167,False,False,0.08771005739850765,0.0,0.08754642984989604,0.17509285969979207
2065,34.416666666666664,False,True,52.80821041059907,50.0,82.16496474052123,52.51068944203625,57.94805439836246,48.89814620195168,74.0,2.8082104105990666,3.8938106631515788,3.9327487697830947,3.888514040035691,1.7859684178109185,0.8272555966744001,1.7688573846174591,0.8284663316638308,3.9327487697830947,0.6789521046746259,0.9410644227076642,1.7670664365937683,0.6780724817297376,0.9407317578209172,3.714892819623492,4.077201669006348,0.11226542615708646,-0.15039384993409322,0.144452899223253,-0.21785595015960268,False,False,0.08754642984989604,0.0,0.08738425355109307,0.17476850710218614
2070,34.5,False,True,52.768445100830114,50.0,82.2564728807366,52.47081161673138,57.914988654277174,48.861380532286795,74.0,2.768445100830114,3.90136639546343,3.940380059418064,3.8960472443149197,1.7906530476831217,0.8194611178508547,1.7736917500823417,0.8284186931706882,3.940380059418064,0.6786984976769072,0.9409932310802113,1.7718959073225506,0.677932678562042,0.9407729701637877,3.722185550767837,4.084616698220306,0.11235427699309952,-0.1504860146086462,0.14423663880224202,-0.21819450865022683,False,False,0.08738425355109307,0.0,0.08722357372530623,0.17444714745061246
2075,34.583333333333336,False,True,52.72883605530577,50.0,82.34647194418386,52.43109277218263,57.881852980520996,48.824715787258434,74.0,2.72883605530577,3.908740562062222,3.9478279676828443,3.9034011244940716,1.7952939341687142,0.8117662130157308,1.7784834875023507,0.8284043554583604,3.9478279676828443,0.6784815247025658,0.940958206761519,1.7766827931597164,0.6778253579920206,0.9408462024400205,3.729301365331095,4.091854428896022,0.11244184698166004,-0.15057899746633985,0.14402646121317808,-0.21852660235174914,False,False,0.08722357372530623,0.0,0.08706443179181776,0.17412886358363552
2080,34.666666666666664,False,True,52.68940117391507,50.0,82.43499399860761,52.39155077814391,57.8486711333398,48.78816948232239,74.0,2.6894011739150727,3.9159354431084763,3.955094797539561,3.9105778971135585,1.7998908939119742,0.8041692256927226,1.7832322948078614,0.828422033602683,3.955094797539561,0.6782998333487968,0.9409579986975071,1.78142679234511,0.6777492785222602,0.9409502144842068,3.7362425133280337,4.098917113908432,0.11252818088152383,-0.15067275508042277,0.14382231636887122,-0.21885228421152725,False,False,0.08706443179181776,0.0,0.0869068655331383,0.1738137310662766
2085,34.75,False,True,52.65015743958887,50.0,82.5220705939096,52.352202585394046,57.81546591646397,48.75175827694549,74.0,2.6501574395888667,3.922953352270878,3.962182885793587,3.917579813618233,1.8044437731714364,0.7966685281114233,1.7879379032181577,0.8284704790270826,3.962182885793587,0.6781521079057963,0.9409912925215508,1.7861276363871639,0.6777032337965959,0.9410838012667814,3.7430112759886693,4.105807037320471,0.11261332223969878,-0.15076724523048668,0.1436241515268839,-0.21917160980491746,False,False,0.0869068655331383,0.0,0.08675090925665475,0.1735018185133095
2090,34.833333333333336,False,True,52.61112094356748,50.0,82.60773274984706,52.31306425224449,57.78225919747493,48.715497996307924,74.0,2.611120943567478,3.929796633037346,3.9690945993677196,3.92440915665457,1.8089524468126439,0.7892625209207949,1.7926000761991638,0.8285484787962287,3.9690945993677196,0.6780370688064445,0.9410568100042143,1.7907850889646852,0.6776860518050827,0.9412457920990444,3.749609962211133,4.112526510836217,0.11269731330281563,-0.15086242699114605,0.1434319114684972,-0.21948463715658661,False,False,0.08675090925665475,0.0,0.08659659395096397,0.17319318790192795
2095,34.916666666666664,False,True,52.5723069105693,50.0,82.69201094571383,52.27415096958337,57.749071926562216,48.67940365447079,74.0,2.572306910569303,3.93646765518286,3.9758323317346886,3.931068236523675,1.8134168173148342,0.7819496328878783,1.7972186084317254,0.8286548549538293,3.9758323317346886,0.6779534720006628,0.9411533084276527,1.795398944989711,0.6776965943351106,0.9414350500843172,3.7560409051664685,4.119077870405949,0.11278019513048787,-0.15095826061871864,0.14324553867126033,-0.21979142656822015,False,False,0.08659659395096397,0.0,0.0864439474369014,0.1728878948738028
2100,35.0,False,True,52.5337297238201,50.0,82.77493511187204,52.2354770864163,57.715924154660264,48.64348947662573,74.0,2.5337297238201018,3.942968811390029,3.982398499503929,3.9375593877862087,1.8178368137922056,0.7747283205833617,1.801793324791333,0.828788463830997,3.982398499503929,0.6779001083539511,0.9412795799841932,1.7999690294946504,0.6777337562346621,0.9416504713812439,3.762306459051387,4.1254634729791615,0.11286200755024689,-0.15105470759633488,0.14306497347523228,-0.22009204045254238,False,False,0.0864439474369014,0.0,0.08629299451351742,0.17258598902703484
2105,35.083333333333336,False,True,52.495402949905106,50.0,82.85653462300645,52.197056134349374,57.68283505287109,48.60776892195409,74.0,2.495402949905106,3.9493025140183833,3.988795539158567,3.943884966015274,1.8222123910303483,0.767597068055511,1.8063240793401565,0.828948195384046,3.988795539158567,0.6778758030069949,0.941434451135988,1.804495196709786,0.6777964648290533,0.9418909846205759,3.7684089959850584,4.131685693401624,0.1129427892365299,-0.15115173055499265,0.14289015424305695,-0.2203865431735088,False,False,0.08629299451351742,0.0,0.08614375709897464,0.17228751419794927
2110,35.166666666666664,False,True,52.45733936340949,50.0,82.93683829297964,52.15890085180166,57.649822931362394,48.572254705669984,74.0,2.4573393634094884,3.9554711920183454,3.995025903938529,3.950047344693341,1.8265435285383593,0.7605543864938658,1.8108107543321685,0.8291329725322886,3.995025903938529,0.6778794147560283,0.9416167819954206,1.8089773289943425,0.67788367924868,0.9421555502329596,3.774350903045949,4.1377469214524645,0.11302257770067103,-0.1512492932836086,0.1427210175139355,-0.2206750008925802,False,False,0.08614375709897464,0.0,0.08599625436651584,0.17199250873303168
2115,35.25,False,True,52.41955097131664,50.0,83.0158743711715,52.121023209903136,57.61690525881007,48.536958821110424,74.0,2.4195509713166388,3.9614772879858497,4.001092060865708,3.956048912249207,1.8308302296171077,0.753598813883993,1.8152532592320387,0.8293417504222544,4.001092060865708,0.6779098354184017,0.9418254656907195,1.8134153359139873,0.6779943896944904,0.9424431597144498,3.78013457944479,4.1436495590174065,0.11310140929219537,-0.151347360727764,0.1425574981516986,-0.2209574814209181,False,False,0.08599625436651584,0.0,0.08585050287574268,0.17170100575148536
2120,35.333333333333336,False,True,52.38204903713478,50.0,83.09367054019202,52.08343443540048,57.584098682863,48.50189256226351,74.0,2.3820490371347773,3.9673232553535964,4.0069964879071325,3.961892069231098,1.8350725204440586,0.7467289146545056,1.8196515297484657,0.8295735157949184,4.0069964879071325,0.67796598916737,0.942059427700786,1.8178091532304734,0.6781276168977581,0.9427528350863248,3.7857624338297247,4.149396017394152,0.11317931929140634,-0.1514458988971603,0.14239952948701973,-0.22123405407740782,False,False,0.08585050287574268,0.0,0.08570651669908257,0.17141303339816513
2125,35.416666666666664,False,True,52.34484410472716,50.0,83.17025391486156,52.04614503447791,57.55141904938442,48.46706654496714,74.0,2.3448441047271587,3.973011555714925,4.0127416712720745,3.9675792256119387,1.8392704491750054,0.7399432793174638,1.8240055268824933,0.8298272863087823,4.0127416712720745,0.678046831910004,0.9423176252331493,1.8221587419937806,0.6782824113992938,0.9430836281743376,3.7912368817196995,4.154988714726043,0.11325634186555522,-0.15154487490948854,0.14224704345396866,-0.22150478955237496,False,False,0.08570651669908257,0.0,0.08556430754383966,0.17112861508767932
2130,35.5,False,True,52.307946021822126,50.0,83.24565104235847,52.00916481788471,57.51888142267728,48.43249072854342,74.0,2.3079460218221257,3.9785446562763433,4.018330102839107,3.9731127982228713,1.8434240850630323,0.7332405241031908,1.8283152359913446,0.8301021098040929,4.018330102839107,0.6781513506350194,0.9425990465718384,1.826464087561044,0.6784578528419587,0.9434346199012683,3.7965603430622865,4.16043007356011,0.11333251009717538,-0.15164425696213424,0.1420999707210031,-0.22176975977682023,False,False,0.08556430754383966,0.0,0.08542388486974296,0.17084776973948593
2135,35.583333333333336,False,True,52.27136396318222,50.0,83.31988790343897,51.972502922305594,57.486500106289625,48.39817443755974,74.0,2.2713639631822176,3.983925027434776,4.023764277709124,3.978495208311198,1.847533517594951,0.7266192905904624,1.8325806658682182,0.8303970636995018,4.023764277709124,0.6782785627436078,0.9429027104082475,1.8307251987472684,0.678653049459176,0.9438049197754765,3.8017352399120092,4.165722518525658,0.1134078560759747,-0.1517440142403258,0.14195824081653363,-0.2220290377971148,False,False,0.08542388486974296,0.0,0.08528525600218322,0.17057051200436643
2140,35.666666666666664,False,True,52.235106453414176,50.0,83.39298991463886,51.936167833826076,57.45428866225008,48.36412638202797,74.0,2.2351064534141756,3.9891551404756207,4.029046691880377,3.9837288792188335,1.8515988556454466,0.7200782453329556,1.836801847838454,0.8307112543004315,4.029046691880377,0.6784275154339318,0.9432276652256829,1.8349421068149696,0.6788671373139197,0.9441936651299268,3.8067639942254328,4.170868474129592,0.11348241082949528,-0.1518441169865118,0.14182178224921493,-0.22228269765494435,False,False,0.08528525600218322,0.0,0.0851484262413125,0.170296852482625
2145,35.75,False,True,52.19918138940292,50.0,83.46498193137282,51.90016741154458,57.422259931731055,48.330354678429906,74.0,2.1991813894029235,3.994237465387782,4.03417984004166,3.9888162341775124,1.85562022664909,0.7136160794827755,1.84097883487242,0.8310438160927243,4.03417984004166,0.6785972850400078,0.9435729886382732,1.839114864698104,0.6790992796588533,0.9446000204823657,3.8116490257692472,4.175870362664746,0.11355620438964142,-0.15194453643387096,0.1416905226230858,-0.22253081427241295,False,False,0.0851484262413125,0.0,0.0850133989670038,0.1700267979340076
2150,35.833333333333336,False,True,52.16359606235565,50.0,83.53588825185021,51.86450890783108,57.39042605553298,48.29686687030751,74.0,2.1635960623556514,3.999174468791866,4.039166213479785,3.9937596942169966,1.8595977757903748,0.7072315084118143,1.8451117007154239,0.8313939111540185,4.039166213479785,0.6787869763777162,0.9439377867370268,1.8432435460649232,0.6793486664075291,0.94502317700656,3.816392750137627,4.180730602227467,0.11362926585254152,-0.1520452447464894,0.14156438874768185,-0.22277346334215764,False,False,0.0850133989670038,0.0,0.08488017573993277,0.16976035147986554
2155,35.916666666666664,False,True,52.12835717944288,50.0,83.6057326217326,51.82919899146681,57.358798493301094,48.26366994757162,74.0,2.1283571794428795,4.0039686119778075,4.0440082980975856,3.998561676182547,1.863531665211865,0.7009232713316411,1.8492005390349024,0.831760728447398,4.0440082980975856,0.6789957221335886,0.9443211934786538,1.8473282444833332,0.6796145133598082,0.9454623517577505,3.8209975768752633,4.185451604840907,0.1137016233103525,-0.15214621508758985,0.14144330674332117,-0.22301072122232224,False,False,0.08488017573993277,0.0,0.08474875639874621,0.16949751279749242
2160,36.0,False,True,52.09347088502636,50.0,83.67453823946147,51.79424376821632,57.32738804430211,48.230770366777506,74.0,2.0934708850263632,4.00862234904824,4.048708572538723,4.0032245908580855,1.8674220732405284,0.6946901309125637,1.853245462585103,0.8321434832033356,4.048708572538723,0.6792226822027101,0.944722370023509,1.851369072586249,0.6798960617049579,0.94591678717579,3.825465907702444,4.190035774680306,0.11377330397245433,-0.15224742149837778,0.141327202141583,-0.22324266483627841,False,False,0.08474875639874621,0.0,0.08461913915360059,0.16923827830720117
2165,36.083333333333336,False,True,52.05894278146398,50.0,83.74232776218963,51.75964880156194,57.296204866605756,48.198174069884345,74.0,2.0589427814639834,4.013138125163998,4.053269506415638,4.007750841191375,1.8712691936322916,0.6885308729024513,1.8572466023894458,0.832541416286922,4.053269506415638,0.6794670430796297,0.945140504126538,1.8553661612808812,0.6801925773414164,0.9463857504049388,3.8298001348387043,4.1944855063969015,0.11384433411801675,-0.15234883894550566,0.14121599998126388,-0.22346937157693336,False,False,0.08461913915360059,0.0,0.08449132067600054,0.16898264135200108
2170,36.166666666666664,False,True,52.02477794948466,50.0,83.80912331225379,51.72541913360219,57.26525849687771,48.16588650325562,74.0,2.0247779494846583,4.0175183748881995,4.057693558637082,4.012142820617803,1.8750732348348182,0.6824443057458646,1.8612041069406713,0.8329537935503777,4.057693558637082,0.6797280172291504,0.9455748095081039,1.859319658899449,0.6805033502795095,0.9468685326966215,3.834002639421578,4.198803183536887,0.11391473914624384,-0.1524504432708682,0.14110962489980494,-0.2236909192155041,False,False,0.08449132067600054,0.0,0.08436529618523486,0.16873059237046972
2175,36.25,False,True,51.99098096812652,50.0,83.87494648412968,51.69155930495148,57.23455786987986,48.13391263619679,74.0,1.9909809681265216,4.02176552062542,4.061983175831674,4.016402911479233,1.8788344192684945,0.6764292602039856,1.8651181414189113,0.833379905214997,4.061983175831674,0.6800048424665799,0.9460245252342737,1.8632297304670375,0.6808276940413229,0.9473644488093305,3.8380757900170472,4.202991177052104,0.11398454359433341,-0.15255221117367412,0.14100800122042934,-0.223907385814627,False,False,0.08436529618523486,0.0,0.08424105953135486,0.1684821190627097
2180,36.333333333333336,False,True,51.957555934233696,50.0,83.93981835181498,51.65807337364606,57.20411133769502,48.10225697905533,74.0,1.957555934233696,4.025881971152566,4.066140790864092,4.020533483534575,1.882552982625572,0.6704845889758093,1.8689888869277251,0.8338190652825234,4.066140790864092,0.6802967813466211,0.9464889151057484,1.8670965568962403,0.681164945107291,0.9478728364552512,3.842021941218456,4.207051843899161,0.11405377117272786,-0.1526541201752324,0.1409110530350688,-0.22411884964563633,False,False,0.08424105953135486,0.0,0.08411860327490533,0.16823720654981067
2185,36.416666666666664,False,True,51.92450648150825,50.0,84.00375947658908,51.62496493616547,57.17392668838832,48.07092360066712,74.0,1.9245064815082529,4.029870120238098,4.07016882144048,4.0245368925588085,1.8862291731873946,0.6646091663210077,1.8728165397481358,0.8342706108582297,4.07016882144048,0.6806031205702076,0.9469672670647312,1.8709203342550156,0.6815144621995474,0.9483930555836455,3.8458434323305406,4.210987525723709,0.11412244472541577,-0.15275614865868237,0.1408187042832294,-0.22432538910993927,False,False,0.08411860327490533,0.0,0.08399791876352031,0.16799583752704061
2190,36.5,False,True,51.891835799114425,50.0,84.0667899151019,51.59223714242218,57.14401116573049,48.03991614644179,74.0,1.8918357991144248,4.033732345346344,4.074069668799807,4.0284154790271245,1.88986325115962,0.6588018876848518,1.876601310610687,0.8347339016947354,4.074069668799807,0.6809231703552966,0.9474588925657541,1.874701273078472,0.6818756259993223,0.9489244880982838,3.8495425861355144,4.214800547626727,0.1141905864035484,-0.1528582756954131,0.14073087882692015,-0.2245270826642929,False,False,0.08399791876352031,0.0,0.08387899620539502,0.16775799241079004
2195,36.583333333333336,False,True,51.8595466498337,50.0,84.12892922774734,51.55989271830672,57.11437148557704,48.00923785362176,74.0,1.8595466498337032,4.037471006423727,4.077845716487965,4.032171566881121,1.8934554880253194,0.6530616693255353,1.8803434239854953,0.8352083194415082,4.077845716487965,0.6812562639171361,0.9479631260559822,1.8784395976074395,0.6822478381600543,0.949466536870587,3.853121707738062,4.218493217009746,0.11425821742907882,-0.1529604812814539,0.14064750052178088,-0.22472400874990273,False,False,0.08387899620539502,0.0,0.08376182473980437,0.16752364947960874
2200,36.666666666666664,False,True,51.827641387770726,50.0,84.19019648728059,51.527933979495785,57.08501385662343,47.978891569813996,74.0,1.8276413877707256,4.041088444763791,4.08149932921143,4.035807462373904,1.897006165915817,0.6473874479442159,1.8840431173902334,0.835693267218112,4.08149932921143,0.68160175680249,0.94847932430947,1.8821355451148976,0.6826305212257406,0.9500186256580124,3.8565830834862376,4.222067822495946,0.11432535843990044,-0.15306274599237135,0.14056849328451637,-0.2249162457251921,False,False,0.08376182473980437,0.0,0.08364639250480808,0.16729278500961617
2205,36.75,False,True,51.7961219756099,50.0,84.25061028764048,51.496362851655654,57.055943995569564,47.94887976694357,74.0,1.7961219756098998,4.044586981948003,4.085032851767483,4.039325452991092,1.9005155769991304,0.6417781803180582,1.8877006407159993,0.8361881689372876,4.085032851767483,0.6819590264073085,0.9490068659448674,1.8857893652470468,0.6830231176408545,0.9505801981140019,3.8599289799653635,4.225526632924291,0.1143920291767142,-0.1531650512964331,0.14049378115680788,-0.22510387180211966,False,False,0.08364639250480808,0.0,0.08353268670212267,0.16706537340424535
2210,36.833333333333336,False,True,51.76499000142397,50.0,84.31018875294187,51.46518088618632,57.02716714698699,47.91920455875468,74.0,1.7649900014239677,4.0479689188593575,4.088448608047951,4.0427278064448275,1.9039840228858305,0.6362328429365395,1.8913162555709682,0.8366924687899064,4.088448608047951,0.6823274713371662,0.9495451507858922,1.8894013193204502,0.6834250895340952,0.9511507175717618,3.8631616430619995,4.228871896413692,0.1144582487818554,-0.15326737925581124,0.14042328836574125,-0.2252869649859517,False,False,0.08353268670212267,0.0,0.08342069365931008,0.16684138731862017
2215,36.916666666666664,False,True,51.73424669503717,50.0,84.36894954660514,51.434389275779,56.99868809914042,47.88986771497096,74.0,1.7342466950371715,4.051236534765946,4.091748900113605,4.046016769737846,1.9074118140521479,0.6307504316412443,1.894890234641701,0.8372056307299227,4.091748900113605,0.6827065108997711,0.9500935993538665,1.8929716797802485,0.6838359180549545,0.9517296663808636,3.8662832970953014,4.232105839494579,0.11452403565094094,-0.15336971267496824,0.1403569393809745,-0.22546560301830354,False,False,0.08342069365931008,0.0,0.0833103988894729,0.1666207977789458
2220,37.0,False,True,51.70389294394474,50.0,84.42690988059242,51.403988872110546,56.970511201111115,47.860870676338656,74.0,1.7038929439447372,4.054392086471653,4.094936007336369,4.04919456829494,1.9107992692801299,0.6253299612693637,1.898422861072005,0.8377271378710339,4.094936007336369,0.6830955845524956,0.950651652315283,1.8965007294680165,0.6842551028323731,0.9523165453659295,3.869296144012943,4.235230666305032,0.11458940749489555,-0.1534720350386608,0.14029465896866267,-0.22563986332342623,False,False,0.0833103988894729,0.0,0.0832017871483198,0.1664035742966396
2225,37.083333333333336,False,True,51.67392930879281,50.0,84.48408652472305,51.37398019910113,56.94264037980504,47.83221456944331,74.0,1.6739293087928075,4.057437807531285,4.098012185606597,4.052263405158987,1.914146715114633,0.6199704653010791,1.901914427859175,0.8382564920452115,4.098012185606597,0.6834941513516575,0.9512187699311193,1.8999887610799762,0.6846821616120116,0.9529108734639329,3.8722023626490616,4.238248557848932,0.11465438141872142,-0.1535743304331999,0.14023637224233454,-0.22580982295753582,False,False,0.0832017871483198,0.0,0.08309484248893059,0.16618968497786119
2230,37.166666666666664,False,True,51.64435603842241,50.0,84.54049581604203,51.344363470636985,56.91507915507131,47.803900219910794,74.0,1.6443560384224085,4.060375907527479,4.100979666602753,4.055225460248996,1.9174544853369377,0.614670995511001,1.9053652372674512,0.8387932131846447,4.100979666602753,0.6839016894622906,0.9517944315666361,1.9034360765959264,0.6851166295181572,0.953512186986137,3.875004108041627,4.241161671313528,0.11471897380149232,-0.1536765836664875,0.14018200471077513,-0.22597555856112628,False,False,0.08309484248893059,0.0,0.08298954831415355,0.1659790966283071
2235,37.25,False,True,51.61517308448156,50.0,84.59615366821834,51.315138603481046,56.887830657113305,47.77592816729255,74.0,1.6151730844815617,4.0632085714068245,4.103840657120893,4.058082889677578,1.9207229204547578,0.6094306216238052,1.9087756002585323,0.839336838880272,4.103840657120893,0.6843176955896974,0.9523781351229642,1.9068429866203134,0.6855580588042572,0.9541200393686567,3.8777035108067506,4.2439721394439545,0.11478320048838475,-0.15377878007601475,0.14013148232306172,-0.22613714631414217,False,False,0.08298954831415355,0.0,0.08288588742671492,0.16577177485342984
2240,37.333333333333336,False,True,51.58638011561103,50.0,84.65107558095137,51.28630523079328,56.8608976407283,47.748298677340706,74.0,1.5863801156110284,4.065937958872714,4.106597338461441,4.060837825125352,1.9239523672083962,0.6042484309741977,1.9121458359389294,0.8398869239108808,4.106597338461441,0.6847416845138249,0.9529693965715077,1.9102098099868727,0.6860060182757042,0.9547340005952731,3.880302676567546,4.246682069972279,0.11484707668439231,-0.15388090563517665,0.14008473151083844,-0.22629466189389502,False,False,0.08288588742671492,0.0,0.08278384207724442,0.16556768415448883
2245,37.416666666666664,False,True,51.55797653120845,50.0,84.70527664936571,51.25786271819006,56.83428250049316,47.721011754921506,74.0,1.5579765312084533,4.068566203832488,4.109251865870814,4.063492373269913,1.9271431780928108,0.5991235281713183,1.9154762710239681,0.8404430396691988,4.109251865870814,0.685173188589954,0.9535677494546628,1.9135368730411302,0.6864600927430857,0.9553536566507111,3.8828036854351766,4.249293545098764,0.11491061698151239,-0.15398294692611303,0.1400416792279504,-0.22644818043563708,False,False,0.08278384207724442,0.0,0.08268339401013748,0.16536678802027496
2250,37.5,False,True,51.52996147477708,50.0,84.75877157337624,51.22981017501358,56.80798728640349,47.69406715718388,74.0,1.5299614747770818,4.071095413896554,4.11180636803552,4.06604861526697,1.9302957108953305,0.5940550347676834,1.9187672393182087,0.841004773764571,4.11180636803552,0.6856117572319088,0.9541727443690631,1.9168245092596863,0.6869198827296694,0.9559786092281558,3.8852085915398433,4.25180862102303,0.11497383546358486,-0.15408489103490153,0.14000225298751,-0.22659777649567658,False,False,0.08268339401013748,0.0,0.08258452450746939,0.16516904901493878
2255,37.583333333333336,False,True,51.50233384686436,50.0,84.81157466700716,51.20214646892173,56.78201371724711,47.667464404851785,74.0,1.5023338468643601,4.073527669927186,4.114262946626458,4.068508606281437,1.9334103282487611,0.5890420889327455,1.9220190812120808,0.8415717294931984,4.114262946626458,0.6860569564680038,0.9547839485215486,1.920073058708431,0.6873850038278762,0.9566084750857489,3.8875194226095244,4.254229327523008,0.1150367455925505,-0.1541867256653222,0.1399663808965501,-0.22674352401693376,False,False,0.08258452450746939,0.0,0.08248721443086775,0.1649744288617355
2260,37.666666666666664,False,True,51.47509231759746,50.0,84.86369986765015,51.1748702372445,56.756363195757295,47.64120279482725,74.0,1.4750923175974577,4.075865025634822,4.11662367589117,4.070874375066266,1.936487397199618,0.5840838451311423,1.9252321431944734,0.8421435254260996,4.11662367589117,0.6865083684354454,0.955400945223597,1.923282867500757,0.6878550864396703,0.9572428857870127,3.889738179594304,4.25655766757944,0.11509936036091306,-0.1542884389864293,0.13993399168826937,-0.2268854962968665,False,False,0.08248721443086775,0.0,0.08239144426160908,0.16478288852321815
2265,37.75,False,True,51.44823533882199,50.0,84.91516074524823,51.14797989897007,56.73103682133854,47.61528141080063,74.0,1.4482353388219877,4.078109507219722,4.118890602291919,4.0731479235868715,1.9395272887912096,0.579179473805692,1.9284067773810445,0.8427197949676429,4.118890602291919,0.6869655909528445,0.95602333346387,1.9264542874022028,0.6883297752497155,0.9578814871740265,3.8918668363342945,4.258795617044009,0.11516169220638361,-0.15439001971792743,0.13990501475208994,-0.2270237659576244,False,False,0.08239144426160908,0.0,0.0822971941388689,0.1645943882777378
2270,37.833333333333336,False,True,51.421761155850575,50.0,84.96597051139277,51.12147366774648,56.70603540362777,47.58969913444052,74.0,1.4217611558505752,4.080263113056926,4.121065744187495,4.075331226689151,1.9425303776613017,0.5743281610651806,1.9315433410580043,0.8433001858699299,4.121065744187495,0.6874282370625133,0.956650727450533,1.9295876753472385,0.6888087287847333,0.958523938926818,3.8939073392690915,4.260945124348966,0.11522375305688803,-0.15449145708519663,0.13987938016147083,-0.2271584049184039,False,False,0.0822971941388689,0.0,0.08220444389620889,0.16440888779241777
2275,37.916666666666664,False,True,51.395667818828485,50.0,85.01614202832356,51.095349562823245,56.68135947589471,47.564454656382864,74.0,1.3956678188284855,4.0823278134225225,4.123151091556748,4.077426231809029,1.945497041654081,0.5695291083769758,1.934642196241107,0.8438843598207587,4.123151091556748,0.6878959345755814,0.957282756156402,1.9326833929706937,0.6892916190362616,0.9591699141861452,3.8958616071869008,4.263008110256454,0.11528555436538646,-0.15459274078449714,0.1398570186997059,-0.2272894843698472,False,False,0.08220444389620889,0.0,0.08211317309641439,0.16422634619282878
2280,38.0,False,True,51.36995319372345,50.0,85.06568781782131,51.06960541871262,56.65700930752374,47.5395464864299,74.0,1.3699531937234468,4.084305550259298,4.125148605761892,4.079434858721678,1.9484276614461382,0.5647815322644948,1.937703709249591,0.8444719920757325,4.125148605761892,0.6883683256451609,0.9579190628921335,1.9357418062416856,0.689778131114655,0.9598190992075238,3.897731531011431,4.264986467645577,0.1153471071317913,-0.1546938609610775,0.1398378618836853,-0.22741707475046047,False,False,0.08211317309641439,0.0,0.08202336106471138,0.16404672212942276
2285,38.083333333333336,False,True,51.34461497294666,50.0,85.11462006998472,51.04423889780202,56.63298491563804,47.514972963011246,74.0,1.3446149729466583,4.0861982369799055,4.127060219349705,4.081358999328504,1.9513226201861844,0.5600846640095434,1.9407282502948113,0.845062770972645,4.127060219349705,0.6888450663655962,0.9585593049055017,1.9387632849657621,0.6902679627035724,0.9604711928157401,3.899518973624782,4.2668820613354725,0.11540842184309508,-0.15479480826907266,0.13982184198576775,-0.22754124572492263,False,False,0.08202336106471138,0.0,0.08193498692038215,0.1638699738407643
2290,38.166666666666664,False,True,51.31965068561301,50.0,85.16295065188379,51.01924749938636,56.60928607806013,47.490732263634165,74.0,1.3196506856130128,4.088007758305752,4.1288878358888095,4.083200517480128,1.954182303148217,0.5554377493595334,1.943716193083261,0.8456563975783047,4.1288878358888095,0.6893258263247961,0.9592031529337601,1.9417482024920447,0.6907608238335725,0.9611259061784747,3.9012257697245754,4.268696727942623,0.11546950860017002,-0.15489557374473217,0.13980889205381342,-0.22766206616423412,False,False,0.08193498692038215,0.0,0.08184802960696377,0.16369605921392755
2295,38.25,False,True,51.295057707447405,50.0,85.210691116083,50.99462856973959,56.58591234407212,47.46682241355007,74.0,1.2950577074474054,4.089735970139879,4.130633329841277,4.084961248833599,1.9570070973978515,0.5508400482395821,1.9466679144337409,0.8462525852912132,4.130633329841277,0.6898102882273757,0.9598502908268067,1.9446969352592989,0.6912564364032696,0.9617829623274783,3.9028537257136726,4.2704322757707525,0.11553037703626512,-0.15499614888794355,0.13979894592947506,-0.22777960412760478,False,False,0.08184802960696377,0.0,0.08176246792091538,0.16352493584183075
2300,38.333333333333336,False,True,51.27083327034505,50.0,85.25785270902847,50.97037931245811,56.56286304603552,47.44324129504354,74.0,1.270833270345051,4.091384699472139,4.13229854646686,4.086643000742212,1.959797391471526,0.5462908344694862,1.949583793908382,0.8468510594295277,4.13229854646686,0.6902981474868282,0.9605004151393817,1.947609862444506,0.6917545338235087,0.9624420958027795,3.904404619620829,4.27209048473166,0.11559103637325185,-0.15509652560601894,0.13979193826479985,-0.22789392684603094,False,False,0.08176246792091538,0.0,0.08167828053893958,0.16335656107787916
2305,38.416666666666664,False,True,51.24697447159329,50.0,85.30444637929386,50.946496796013825,56.5401373104521,47.419986656233554,74.0,1.2469744715932904,4.092955744315069,4.1338853017582196,4.088247552176244,1.9625535750682968,0.5417893954855614,1.952464213457238,0.847451556922033,4.1338853017582196,0.69078911183395,0.9611532347395211,1.9504873655967914,0.6922548607490394,0.9631030523843749,3.905880201050767,4.273673106295457,0.11565149546234188,-0.1551966961729936,0.13978780453723783,-0.2280051007074526,False,False,0.08167828053893958,0.0,0.08159544604394464,0.16319089208788928
2310,38.5,False,True,51.223478282762535,50.0,85.3504827856807,50.92297796465635,56.51773406775962,47.39705611883662,74.0,1.2234782827625352,4.0944508736689,4.135395382405589,4.089776653673113,1.965276038753933,0.5373350320673267,1.9553095570761811,0.848053825866673,4.135395382405589,0.6912829009651803,0.9618084704569186,1.9533298283445675,0.6927571725555326,0.9637655885692779,3.90728219116213,4.275181863468709,0.11571176270260486,-0.1552966533111404,0.13978648106311997,-0.22811319124345886,False,False,0.08159544604394464,0.0,0.08151394294971477,0.16302788589942954
2315,38.583333333333336,False,True,51.20034155827414,50.0,85.39597230516955,50.89981964576761,56.49565206370208,47.37444718712319,74.0,1.2003415582741397,4.095871827514176,4.1368305457893175,4.091232027315419,1.9679651736770287,0.5329270580690131,1.9581202104777975,0.8486576252215219,4.1368305457893175,0.6917792461361818,0.9624658546765336,1.9561376359855331,0.6932612351675849,0.96442947139954,3.908612282671869,4.2766184507989795,0.11577184617801817,-0.15539639005393702,0.13978790500966198,-0.2282182631174483,False,False,0.08151394294971477,0.0,0.08143374972435564,0.1628674994487113
2320,38.666666666666664,False,True,51.17756104365267,50.0,85.44092504071897,50.87701855789184,56.47388986838304,47.35215725501658,74.0,1.1775610436526733,4.09722031683057,4.138192519998875,4.092615366735425,1.970621371296843,0.5285648001558692,1.9608965607750097,0.8492627244663254,4.138192519998875,0.6922778898305215,0.9631251310072947,1.9589111752670307,0.6937668246385508,0.9650944780421142,3.9098721398847016,4.277984534404475,0.11583175357578879,-0.15549589982777468,0.13979201440560018,-0.22832038011417355,False,False,0.08143374972435564,0.0,0.08135484481251785,0.1627096896250357
2325,38.75,False,True,51.155133383470385,50.0,85.48535082890965,50.85457131982424,56.45244588605627,47.33018361373479,74.0,1.1551333834703854,4.098498023640462,4.139483003876867,4.093928337144589,1.973245023122584,0.5242475975452285,1.9636389961771485,0.8498689032198945,4.139483003876867,0.6927785854016506,0.9637860539241048,1.961650833976046,0.6942737268056213,0.9657603954439501,3.9110633987462307,4.279281752027311,0.11589149222405559,-0.15559517641427323,0.13979874815044369,-0.22841960513063642,False,False,0.08135484481251785,0.0,0.0812772066564895,0.162554413312979
2330,38.833333333333336,False,True,51.13305512899128,50.0,85.52925924743202,50.83247445693708,56.4313183647706,47.308523459283194,74.0,1.1330551289912805,4.099706601075969,4.140703667086728,4.095172575386771,1.9758365204638568,0.519974801752307,1.9663479056981745,0.8504759509605083,4.140703667086728,0.6932810967176699,0.964448388412633,1.9643570007634936,0.694781737060009,0.9664270201022078,3.9121876669184976,4.280511713109254,0.1159510691416995,-0.1556942139004993,0.13980804602252572,-0.2285160001682307,False,False,0.0812772066564895,0.0,0.08120081371615426,0.16240162743230852
2335,38.916666666666664,False,True,51.111322745522486,50.0,85.57265962241573,50.810724409720116,56.41050540473265,47.28717389891173,74.0,1.1113227455224859,4.100847673468102,4.141856150202782,4.096349690013875,1.9783962541919924,0.5157457763406893,1.9690236788767819,0.8510836666580236,4.141856150202782,0.6937851978469265,0.9651119096549303,1.9670300647488603,0.6952906599145545,0.9670941576318832,3.9132465238766763,4.281675998888561,0.11601049097385963,-0.15579300674346908,0.13981984868577868,-0.22860962632610615,False,False,0.08120081371615426,0.0,0.08112564448789802,0.16225128897579605
2340,39.0,False,True,51.08993261948068,50.0,85.61556103560004,50.78931753995119,56.39000496771405,47.266131958361264,74.0,1.0899326194806775,4.101922836456821,4.14294206482139,4.097461261382619,1.980924614511978,0.5115598966774586,1.9716667055080803,0.8516918584942779,4.14294206482139,0.694290672706788,0.9657764026782317,1.96967041534449,0.6958003088242543,0.9677616225863612,3.9142415210257084,4.282776162516791,0.11606976409208336,-0.1558915496700236,0.13983409769540156,-0.22870054379568128,False,False,0.08112564448789802,0.0,0.08105167752252497,0.16210335504504994
2345,39.083333333333336,False,True,51.06888106518031,50.0,85.65797233134471,50.768250137559676,56.36981488476978,47.2453945877602,74.0,1.0688810651803067,4.102933657120794,4.143962993692003,4.09850884177125,1.9834219907447148,0.5074165496929279,1.9742773753866107,0.8523003435540614,4.143962993692003,0.6947973147669965,0.9664416620583306,1.9722784419480832,0.6963105058152784,0.9684292380864546,3.91517418183576,4.283813729194417,0.11612889453239328,-0.15598983773878294,0.13985073550241456,-0.22878881185624245,False,False,0.08105167752252497,0.0,0.08097889144208943,0.16195778288417886
2350,39.166666666666664,False,True,51.04816433135194,50.0,85.69990212348081,50.74751842856436,56.34993286461217,47.224958668010224,74.0,1.0481643313519413,4.103881674125682,4.144920490866939,4.099493955515088,1.9858887711193283,0.5033151336449239,1.976856078060363,0.8529089474719422,4.144920490866939,0.695304926729333,0.9671074915992679,1.9748545337230554,0.6968210811565254,0.9690968354919816,3.9160460019953445,4.284790196324108,0.11618788802003932,-0.15608786631541682,0.13986970545716915,-0.22887448887159456,False,False,0.08097889144208943,0.0,0.0809072649559058,0.1618145299118116
2355,39.25,False,True,51.02777860739724,50.0,85.7413588020021,50.727118578751146,56.33035650199743,47.20482101715931,74.0,1.027778607397238,4.1047683978898695,4.145816081868769,4.100418099159726,1.9883253425752596,0.49925505788756847,1.979403202595573,0.8535175042409628,4.145816081868769,0.6958133202050941,0.9677737040108312,1.9773990793203213,0.6973318732558583,0.9697642542980224,3.9168584495810754,4.285707033680649,0.11624675005705953,-0.15618563098510452,0.13989095181188027,-0.22895763228769317,False,False,0.0809072649559058,0.0,0.08083677687553954,0.16167355375107909
2360,39.333333333333336,False,True,51.00772002938789,50.0,85.78235053959699,50.70704670148591,56.311083283933826,47.1849783950478,74.0,1.0077200293878903,4.105595310766561,4.146651263874227,4.101282741630862,1.9907320905738732,0.4952357426445115,1.9819191373519909,0.8541258558594655,4.146651263874227,0.696322315463882,0.9684401206573656,1.9799124667172239,0.6978427281771551,0.9704313416519941,3.9176129652430087,4.286565683596425,0.11630548579252853,-0.15628312768231045,0.13991441972219842,-0.22903829863121805,False,False,0.08083677687553954,0.0,0.08076740612893686,0.16153481225787372
2365,39.416666666666664,False,True,50.98798468581656,50.0,85.82288529802217,50.687298863941415,56.292110598088996,47.165427509658244,74.0,0.9879846858165635,4.106363867241216,4.147427505913628,4.102089324419717,1.9931093989193116,0.49125661878655563,1.9844042697683333,0.8547338520367794,4.147427505913628,0.6968317411071748,0.9691065712313683,1.9823950829686057,0.6983534994669708,0.9710979521803305,3.9183109624045906,4.287367561161542,0.11636410014355103,-0.15638035256980864,0.13994005524791397,-0.2291165435090372,False,False,0.08076740612893686,0.0,0.08069913177383378,0.16139826354766756
2370,39.5,False,True,50.96856862310516,50.0,85.8629708343186,50.66787109060604,56.27343573971389,47.14616502228611,74.0,0.9685686231051633,4.107075494143353,4.148146249084786,4.102839261783066,1.9954576495883376,0.48731712761361795,1.9868589861577064,0.8553413500019179,4.148146249084786,0.6973414337900468,0.9697728934752295,1.9848473139871659,0.6988640479609629,0.9717639477949331,3.918953827476278,4.288114054437581,0.11642259779301523,-0.156477302040955,0.13996780535279463,-0.2291924216085084,False,False,0.08069913177383378,0.0,0.08063193301012574,0.16126386602025147
2375,39.583333333333336,False,True,50.949467850879174,50.0,85.9026147068713,50.6487593697891,56.25505591761175,47.12718755194718,74.0,0.9494678508791736,4.107731590871766,4.148808906780483,4.103533940956929,1.997777222568913,0.48341672064097185,1.9892836715126607,0.85594821419455,4.148808906780483,0.6978512379735137,0.970438932933601,1.987269544367746,0.6993742414206037,0.9724291973298982,3.9195429200818857,4.288806524684122,0.11648098313534816,-0.15657397277394636,0.13999761790363863,-0.22926598669859777,False,False,0.08063193301012574,0.0,0.08056578919170455,0.1611315783834091
2380,39.666666666666664,False,True,50.93067834701345,50.0,85.94182428131442,50.629959659314416,56.236968261238204,47.108491680656755,74.0,0.9306783470134476,4.10833352963225,4.149416864928573,4.104174722383004,2.0000684957072443,0.47955485938970854,1.9916787093196688,0.8565543159854042,4.149416864928573,0.6983610056375905,0.971104542666472,1.9896621572262576,0.699883954313187,0.973093576321552,3.9200795732968494,4.289446306597128,0.11653926033614781,-0.15667036167221726,0.14002944166855524,-0.22933729163172334,False,False,0.08056578919170455,0.0,0.08050067983735396,0.1610013596747079
2385,39.75,False,True,50.912196062457014,50.0,85.98060673628301,50.611467889889305,56.21916982713639,47.090073958175005,74.0,0.9121960624570136,4.10888265568698,4.149971482243849,4.104762939946989,2.002331844563065,0.47573101518136046,1.9940444813827312,0.8571595334849644,4.149971482243849,0.6988705960153491,0.9717695829832512,1.9920255339800408,0.7003930676450055,0.973756966841641,3.920565093897501,4.2900347085584,0.1165974333566766,-0.1567664658399589,0.1400632263145507,-0.22940638834634797,False,False,0.08050067983735396,0.0,0.08043658464104209,0.16087316928208417
2390,39.833333333333336,False,True,50.89401692584316,50.0,86.01896906901354,50.593279970334294,56.20165760431814,47.07193090591617,74.0,0.894016925843161,4.109380287614682,4.150474090490829,4.1052999012279505,2.004567642272886,0.4719446689366239,1.9963813676558717,0.8577637512785896,4.150474090490829,0.699379875361156,0.9724339212110238,1.9943600541721482,0.7009014686504228,0.9744192571864284,3.9210007626206114,4.290573012895244,0.1166555059078388,-0.15686228262816682,0.14009892240441513,-0.22947332787021768,False,False,0.08043658464104209,0.0,0.08037348348148107,0.16074696696296215
2395,39.916666666666664,False,True,50.87613684789127,50.0,86.05691810079477,50.57539179239314,56.18442852038648,47.054059021427726,74.0,0.8761368478912672,4.109827717580835,4.150925994756643,4.105786887757928,2.0067762594209944,0.46819531097811995,1.9986897460842519,0.8583668601763476,4.150925994756643,0.6998887166928983,0.9730974314367989,1.996666095398132,0.7014090505867883,0.9750803416716296,3.9213878344323874,4.291062476149629,0.11671348149528205,-0.1569578095895593,0.14013648139298596,-0.2295381603242559,False,False,0.08037348348148107,0.0,0.08031135643102229,0.16062271286204458
