time_s,time_min,falla_prop_inyectada,falla_remi_inyectada,BIS,BIS_ref,BIS_desde_Ce_real,BIS_desde_Ce_bis,BIS_mas,BIS_menos,age_patient,error,Ce_remi_pred,Ce_remi_corr,Ce_remi_prom,Ce_prop,Ce_remi,Ce_bis,Ce_prop_obs,Ce_remi_obs,Ce_bis_menos,Ce_bis_mas,Ce_bis_inv,Ce_prop_menos,Ce_prop_mas,Ce_remi_menos,Ce_remi_mas,r_prop_sup,r_prop_inf,r_remi_sup,r_remi_inf,fallo_prop,fallo_remi,u_prop_app,u_remi_app,u_prop_cmd,u_remi_cmd
0,0.0,False,False,93.0,50.0,98.8,93.0,93.0,92.7994449250051,74.0,43.0,0.0,0.0,0.06,0.0,0.0,0.0,7.35781213734299e-12,0.0,-0.049781158680469825,0.050510629736125925,7.321432349272073e-12,-0.049781158680469825,0.050510629736125925,-0.04965931723283463,0.12102204830149611,0.05051062972876812,-0.049781158687827634,0.12102204830149611,-0.04965931723283463,False,False,0.0,0.0,6.043972499999999,12.087944999999998
5,0.08333333333333333,False,False,92.9820329973238,50.0,98.78309264597125,92.92279960579083,92.94381848421766,92.23946907279284,74.0,42.9820329973238,0.29484020376562414,0.29778860580328037,0.03568136553433074,0.01927387911056376,0.13764640790836807,0.0,7.35781213734299e-12,0.29778860580328037,-0.04238837461034649,0.06158545631772779,7.321432349272073e-12,-0.04238837461034649,0.06158545631772779,0.25166709800032866,0.4318515035494165,0.06158545631036998,-0.0423883746177043,0.1340628977461361,-0.04612150780295171,False,False,6.043972499999999,12.087944999999998,0.36791960302133986,0.7358392060426797
10,0.16666666666666666,False,False,92.85717671042218,50.0,98.60512954413085,92.723633867251,92.75808646974083,91.52338335559449,74.0,42.85717671042218,0.5796023880389035,0.5853984119192925,0.3417593007748726,0.057905539168809854,0.4069413492768468,0.0005272052246289467,7.35781213734299e-12,0.5853984119192925,-0.03680723916467347,0.07131382122692173,0.0005266714312256226,-0.03680723916467347,0.07131382122692173,0.5454703100100913,0.7331531634412813,0.07131382121956392,-0.03680723917203128,0.1477547515219888,-0.03992810190920126,False,False,0.36791960302133986,0.7358392060426797,0.3552132267257703,0.7104264534515407
15,0.25,False,False,92.4727209211322,50.0,98.19303891853278,92.41946473232407,92.49485113887863,90.89576915285988,74.0,42.47272092113219,0.8543431173460283,0.8628865485194885,0.6393117367256863,0.09716799083833001,0.6710799308490847,0.014667814453724837,0.0005292884321261227,0.8628865485194885,-0.03947115940396038,0.07263914405544587,0.014652963465005088,-0.03947115940396038,0.07263914405544587,0.8065084406742149,1.0012072680440052,0.07210985562331974,-0.0400004478360865,0.13832071952451663,-0.05637810784527364,False,False,0.3552132267257703,0.7104264534515407,0.32012039965450584,0.6402407993090117
20,0.3333333333333333,False,False,91.71308284729794,50.0,97.52579142331182,91.6912976530562,92.16114276714418,89.77278263660267,74.0,41.71308284729794,1.1180311358695514,1.1292114472282468,0.90385785435911,0.13687230066426503,0.9290964046515493,0.038562330718174886,0.020106993301369586,1.1292114472282468,-0.02361313506298226,0.09233206389446823,0.03852328678954109,-0.02361313506298226,0.09233206389446823,1.0567778992537233,1.2580675398060315,0.07222507059309864,-0.043720128364351844,0.12885609257778463,-0.0724335479745235,False,False,0.32012039965450584,0.6402407993090117,0.2665379167307912,0.5330758334615824
25,0.4166666666666667,False,False,90.56121308714083,50.0,96.60479429036499,90.5233522403392,91.75261202636196,88.24963405410314,74.0,40.56121308714083,1.3688408117752215,1.3825292198929737,1.1574227195298774,0.17670809862421377,1.1791896169074187,0.0682406979635484,0.048905716022736676,1.3825292198929737,0.0011455895487314655,0.12078063654775918,0.06817160502801016,0.0011455895487314655,0.12078063654775918,1.2945974560945963,1.5020913691778524,0.0718749205250225,-0.04776012647400521,0.11956214928487863,-0.08793176379837742,False,False,0.2665379167307912,0.5330758334615824,0.207304710927349,0.414609421854698
30,0.5,False,False,89.06247456015042,50.0,95.451400226762,89.00510018560828,90.67536705363155,86.45998054160704,74.0,39.06247456015042,1.604854946978402,1.6209034964481859,1.3983444126362243,0.21630202613972493,1.419168874004047,0.10123686995259437,0.0814064684591449,1.6209034964481859,0.02946259600684329,0.1526511961609473,0.10113436876922606,0.02946259600684329,0.1526511961609473,1.5180409611318133,1.7313874156526745,0.0712447277018024,-0.05194387245230161,0.11048391920448863,-0.10286253531637257,False,False,0.207304710927349,0.414609421854698,0.1510248485131441,0.3020496970262882
35,0.5833333333333334,False,False,87.2884579282704,50.0,94.1025225800016,87.20940622801966,89.3135780632963,84.47850926054376,74.0,37.288457928270404,1.8244949523716802,1.8427399018953972,1.624714188392244,0.25528833347709756,1.646967521178439,0.1361286404598579,0.11630932711900642,1.8427399018953972,0.06009235794974234,0.18670639622052157,0.1359908117625764,0.06009235794974234,0.18670639622052157,1.7255914373249048,1.9444701973044365,0.07039706910151515,-0.05621696916926408,0.10173029540903933,-0.11714846457049233,False,False,0.1510248485131441,0.3020496970262882,0.10175308362761126,0.20350616725522253
40,0.6666666666666666,False,False,85.31875175495489,50.0,92.60445690205273,85.2171224696663,87.73426161487608,82.37790611811957,74.0,35.31875175495489,2.026688293238129,2.0469551761705103,1.8350308173146708,0.29334864339810535,1.8609187959880629,0.17202856690236354,0.1527614199789332,2.0469551761705103,0.0922367845497217,0.22215578800792715,0.1718543899356064,0.0922367845497217,0.22215578800792715,1.9162652669718914,2.140384595733757,0.06939436802899396,-0.06052463542921149,0.0934294195632468,-0.1306899091986189,False,False,0.10175308362761126,0.20350616725522253,0.061210389910853424,0.12242077982170685
45,0.75,False,False,83.23103137755598,50.0,91.00656426863328,83.10701466437814,86.00595785985384,80.22393432432206,74.0,33.23103137755598,2.2109058470826803,2.233014905553507,2.028324931352824,0.33022825911029385,2.0598556465957407,0.20831650039275135,0.19012876003772364,2.233014905553507,0.12531360959667073,0.25842424346265663,0.20810558229400158,0.12531360959667073,0.25842424346265663,2.089618532825566,2.3187124839900664,0.068295483424933,-0.0648151504410529,0.08569757843655923,-0.14339637272794103,False,False,0.061210389910853424,0.12242077982170685,0.029797676068164136,0.05959535213632827
50,0.8333333333333334,False,False,81.09484633248685,50.0,89.35599082610617,80.94946725422021,84.19240725693099,78.0723649354749,74.0,31.094846332486853,2.377130831068691,2.4009021393793777,2.204165508407816,0.3657402115762465,2.2431203721147805,0.2445219908037911,0.22790053469006127,2.4009021393793777,0.15885838574525118,0.29505398142982875,0.24427441506918515,0.15885838574525118,0.29505398142982875,2.245702078383016,2.4795280461795626,0.06715344673976748,-0.06904214894481009,0.07862590680018489,-0.15520006099636152,False,False,0.029797676068164136,0.05959535213632827,0.007030720716725891,0.014061441433451782
55,0.9166666666666666,False,False,78.96802274232327,50.0,87.69403897099306,78.8028672970366,82.3488023233815,75.96749230737376,74.0,28.96802274232327,2.525786985260703,2.55104485511331,2.3626150622812894,0.39976214229862034,2.4105235011102115,0.28027588722911595,0.26565258588817414,2.55104485511331,0.19248620808394407,0.3316663214922693,0.2799921110669402,0.19248620808394407,0.3316663214922693,2.384984171232447,2.6233206752893024,0.06601373560409518,-0.07316637780423008,0.07227582017599232,-0.16606068388086292,False,False,0.007030720716725891,0.014061441433451782,0.0,0.0
60,1.0,False,False,76.89438567246734,50.0,86.05266405104426,76.71134020936763,80.5186626446204,73.94042555406054,74.0,26.894385672467337,2.658042605991029,2.6846230320509394,2.5041524232608747,0.43225467319809424,2.5624582252597206,0.31528832898303666,0.3030037144794824,2.6846230320509394,0.22586039318656134,0.3679303916014092,0.31496910312785076,0.22586039318656134,0.3679303916014092,2.508666025457452,2.7513107076074785,0.06492667712192685,-0.07714332129292104,0.0666876755565391,-0.17595700659348745,False,False,0.0,0.0,0.0,0.0
65,1.0833333333333333,False,False,74.90383623329815,50.0,84.45372093811993,74.70488363028834,78.73359750210162,72.01070927852544,74.0,24.90383623329815,2.7753146904470953,2.8030678373515663,2.6299883665324653,0.46325242484296103,2.6998136582048957,0.349343051168463,0.3396651782543177,2.8030678373515663,0.25872533931912856,0.40359601523818933,0.3489893453011519,0.25872533931912856,0.40359601523818933,2.6181778901507062,2.864945702943673,0.06393083698387164,-0.08093983893518913,0.06187786559210684,-0.18488994720086005,False,False,0.0,0.0,0.0,0.0
70,1.1666666666666667,False,False,73.01502690955914,50.0,82.91225530197916,72.80211277473093,77.01603586824783,70.1901119796682,74.0,23.01502690955914,2.8789012044713718,2.9076902165160856,2.74156179654719,0.49281105616972637,2.823581883769268,0.3823031643524864,0.37544907880695066,2.9076902165160856,0.2908965483506925,0.4384837587140535,0.3819160867312803,0.2908965483506925,0.4384837587140535,2.714772739418019,2.965494307975665,0.06303467990710282,-0.08455253045625816,0.05780409145957943,-0.1929174770980664,False,False,0.0,0.0,0.0,0.0
75,1.25,False,False,71.23830275443552,50.0,81.43878480844474,71.01325549114547,75.38085510590165,68.48442208524128,74.0,21.238302754435523,2.9699910439557535,2.999690954395311,2.840133523696842,0.5209842408034043,2.9346927819440687,0.4140966511632044,0.41023372778409795,2.999690954395311,0.3222438094201989,0.47246813872787535,0.41367738299718443,0.3222438094201989,0.47246813872787535,2.799571433980246,3.054091574589542,0.06223441094377741,-0.08798991836389902,0.054400620194230864,-0.20011952041506476,False,False,0.0,0.0,0.0,0.0
80,1.3333333333333333,False,False,69.5781323915366,50.0,80.04019288249677,69.34262176669797,73.83689395130042,66.89492605557757,74.0,19.5781323915366,3.049673163021952,3.080169894652171,2.926831504284894,0.547823737098145,3.0340178241453337,0.44469150983318684,0.443940234017673,3.080169894652171,0.35267940317766905,0.5054658490620194,0.4442412647277252,0.35267940317766905,0.5054658490620194,2.873600599268892,3.1317769796996937,0.06152561504434639,-0.09126083084000397,0.05160708504752254,-0.20656929538327917,False,False,0.0,0.0,0.0,0.0
85,1.4166666666666667,False,False,68.03500637697825,50.0,78.72050977935935,67.7905277670924,72.38865798024823,65.41996058077244,74.0,18.035006376978245,3.1189449386766435,3.15013438806341,3.002688789484293,0.5733794557142634,3.1223736392207293,0.47407877433413703,0.4765161843830811,3.15013438806341,0.3821421601393915,0.53741984002274,0.4735987749557808,0.3821421601393915,0.53741984002274,2.9378007556052195,3.199502683576787,0.06090365563965894,-0.09437402424368957,0.04936829551337718,-0.21233363245819037,False,False,0.0,0.0,0.0,0.0
90,1.5,False,False,66.60677778472913,50.0,77.48157155625609,66.35465202485318,71.03757636451238,64.0559767013765,74.0,16.606777784729132,3.1787198358015005,3.2105070341595154,3.0686517195910032,0.5976995248182504,3.2005253640011473,0.50226316248551,0.5079265067798133,3.2105070341595154,0.41058856783911835,0.5682904453722852,0.5017546267362832,0.41058856783911835,0.5682904453722852,2.993033504323374,3.2581408318448104,0.06036393859247191,-0.09733793894069498,0.047633797685294965,-0.21747352983614165,False,False,0.0,0.0,0.0,0.0
95,1.5833333333333333,False,False,65.28959758542399,50.0,76.32356163852648,65.03097973398317,69.78291823282649,62.798264860317744,74.0,15.28959758542399,3.229834430997144,3.2621327753071157,3.125587168084092,0.6208303529893076,3.2691897913631727,0.5292580390513915,0.5381484453785288,3.2621327753071157,0.43798784668161517,0.5980504767237979,0.5287221712868359,0.43798784668161517,0.5980504767237979,3.040088112407666,3.3084902448932243,0.05990203134526906,-0.10016059869691363,0.046357469586108646,-0.22204466289944946,False,False,0.0,0.0,0.0,0.0
100,1.6666666666666667,False,False,64.07856959036368,50.0,75.24544683678702,63.81446233602597,68.62246470836234,61.64145286989988,74.0,14.078569590363685,3.2730548489056357,3.305785397394692,3.1742891786504455,0.6428166899130081,3.32903832798945,0.5550825700614115,0.567168638318808,3.305785397394692,0.46431905761961867,0.626682348583762,0.55452055526589,0.46431905761961867,0.626682348583762,3.0796875483759143,3.3512825484994453,0.059513710264954,-0.10284958069918937,0.045497151104753275,-0.22609784901877772,False,False,0.0,0.0,0.0,0.0
105,1.75,False,False,62.96820952443138,50.0,74.24532249142922,62.699478564716614,67.55300380274406,60.57984922285242,74.0,12.96820952443138,3.3090826601511014,3.3421734867526123,3.21548504843768,0.663701684939859,3.3806997732816275,0.5797599811445595,0.5949812578749789,3.3421734867526123,0.4895692397447593,0.6541762321948461,0.579172980746489,0.4895692397447593,0.6541762321948461,3.1124940151338554,3.387187792348073,0.0591949743198672,-0.10541201813021961,0.0450143055954606,-0.2296794716187569,False,False,0.0,0.0,0.0011038174793336908,0.0022076349586673816
110,1.8333333333333333,False,False,61.9526263811033,50.0,73.3204290049615,61.6800150474224,66.57049841373968,59.60746565994073,74.0,11.9526263811033,3.33861413292539,3.3720002742546438,3.249840903740964,0.6835304635939703,3.4247880687101455,0.6033161921946693,0.6215810391792821,3.3720002742546438,0.5137283141548921,0.6805249746022164,0.6027053413944942,0.5137283141548921,0.6805249746022164,3.139169585434301,3.4168751629498475,0.0589439354229343,-0.10785272502439003,0.04487488869520373,-0.23283068882034286,False,False,0.0011038174793336908,0.0022076349586673816,0.00566919056171622,0.01133838112343244
115,1.9166666666666667,False,False,61.025300199769006,50.0,72.4665854897067,60.74944100434319,65.66979030148707,58.717612237568474,74.0,11.025300199769006,3.3624550834611497,3.396079634295761,3.278022374192074,0.7023610218313991,3.461980959036124,0.6257790660539253,0.6469549709563308,3.396079634295761,0.5367842073951172,0.7057192362993604,0.6251454718460536,0.5367842073951172,0.7057192362993604,3.160494653469585,3.4411315052749316,0.05876426534302959,-0.11017076356121358,0.045051870979170516,-0.23558498082617607,False,False,0.00566919056171622,0.01133838112343244,0.010070791765041123,0.020141583530082247
120,2.0,False,False,60.17932860928027,50.0,71.67871243219702,59.900756869618874,64.84516043173895,57.90348660593458,74.0,10.179328609280269,3.381332945433345,3.4151462748876784,3.3008130793722583,0.7202595175631457,3.4929840304582225,0.6471818173873679,0.671114511114929,3.4151462748876784,0.5587457344058243,0.7297703874434699,0.6465265531400747,0.5587457344058243,0.7297703874434699,3.177170301267811,3.4606637524817585,0.05865587632854086,-0.11236877670910472,0.04551747759408009,-0.23797597361986744,False,False,0.010070791765041123,0.020141583530082247,0.014204150632533927,0.028408301265067853
125,2.0833333333333335,False,False,59.40789618491067,50.0,70.95183562983485,59.127063639315665,64.09098232131085,57.15869386331799,74.0,9.407896184910669,3.3958983547858965,3.4298573383337554,3.318917026874785,0.7372881700467226,3.5184449196742285,0.6675673040323543,0.6940850585135468,3.4298573383337554,0.579630047216527,0.7526979689337339,0.6668913997097207,0.579630047216527,0.7526979689337339,3.1898096979765267,3.4760903824676914,0.058612910420187014,-0.11445501129701985,0.04623304413393603,-0.2400476403572287,False,False,0.014204150632533927,0.028408301265067853,0.01802709898375085,0.0360541979675017
130,2.1666666666666665,False,False,58.70445574769804,50.0,70.28119724685806,58.421742919348105,63.4016700135744,56.47713440855375,74.0,8.704455747698042,3.4067296980247863,3.440796995005034,3.332950040222109,0.7535049479405471,3.538953827621087,0.6869844429158327,0.7159019540041391,3.440796995005034,0.5994644126480511,0.7745314816674431,0.6862888789677073,0.5994644126480511,0.7745314816674431,3.198957043789716,3.4879604135784983,0.05862952766330398,-0.11643754135608808,0.04716341857346418,-0.2418399512153182,False,False,0.01802709898375085,0.0360541979675017,0.021523303777656516,0.04304660755531303
135,2.25,False,False,58.06286738947586,50.0,69.66231676191131,57.77859457488537,62.77185577356815,55.853113409833334,74.0,8.062867389475862,3.414338561812828,3.4484819474309565,3.343458728684107,0.7689635501041454,3.555046028550123,0.7054843847917118,0.7366062746478657,3.4484819474309565,0.6182821886293267,0.795306373630249,0.7047700898554012,0.6182821886293267,0.795306373630249,3.205093213841644,3.496759095325554,0.058700098982383375,-0.11832408601853894,0.04827714789459758,-0.24338873358931234,False,False,0.021523303777656516,0.04304660755531303,0.024697892034401994,0.04939578406880399
140,2.3333333333333335,False,False,57.47746162661086,50.0,69.09102017351867,57.191898409604384,62.19648717113263,55.28138681124308,74.0,7.477461626610861,3.419175780422108,3.453367538226329,3.350926154583599,0.7837135380392378,3.567205307194984,0.7231181485305167,0.7562420648526587,3.453367538226329,0.636120175211699,0.8150614009512834,0.7223859996162446,0.636120175211699,0.8150614009512834,3.208641660312297,3.502913852830611,0.058819336098624775,-0.12012188964095971,0.04954631460428205,-0.244725877914032,False,False,0.024697892034401994,0.04939578406880399,0.02756799968072715,0.0551359993614543
145,2.4166666666666665,False,False,56.94305256950368,50.0,68.56344726023882,56.65642592058939,61.670868639590786,54.75716541585091,74.0,6.943052569503678,3.421637557959543,3.4558539335391387,3.355777756571454,0.7978005695824665,3.575867935527932,0.7399353134611928,0.77485465830644,3.4558539335391387,0.6530169922652099,0.833837014953101,0.7391861373593657,0.6530169922652099,0.833837014953101,3.2099743273513655,3.5068002400346336,0.05898235664666107,-0.12183766604123003,0.05094630649549492,-0.24587960618777327,False,False,0.02756799968072715,0.0551359993614543,0.030156313378094532,0.060312626756189064
150,2.5,False,False,56.45492372843101,50.0,68.076045363486,56.16742483498793,61.19067110580795,54.27609695549495,74.0,6.454923728431012,3.4220713374371603,3.456292050811532,3.3583872836929993,0.8112666791575903,3.58142678578283,0.7559833370470498,0.7924896593616086,3.456292050811532,0.6690120682308967,0.8516743596137443,0.7552179124927989,0.6690120682308967,0.8516743596137443,3.209417262443363,3.508747585681691,0.059184700252135625,-0.123477591130712,0.052455534870159415,-0.246874788368169,False,False,0.030156313378094532,0.060312626756189064,0.03248736485991799,0.06497472971983598
155,2.5833333333333335,False,False,56.00880016173434,50.0,67.62555540195449,55.720590154429615,60.75192387287907,53.83423762333537,74.0,6.008800161734342,3.420781254132898,3.4549890666742273,3.359082424062527,0.8241505704017407,3.5842353368038857,0.771307229977529,0.8091923111461348,3.4549890666742273,0.6841449888031396,0.8686146283559896,0.7705262901643892,0.6841449888031396,0.8686146283559896,3.207255793958893,3.509044202174154,0.0594223172098548,-0.1250473223429952,0.0540551354999268,-0.24773327271533452,False,False,0.03248736485991799,0.06497472971983598,0.0345855167699274,0.0691710335398548
160,2.6666666666666665,False,False,55.60081471310709,50.0,67.20899375933834,55.31202945723972,60.350997036325275,53.42801941942323,74.0,5.600814713107091,3.4180331088967786,3.4522134399857465,3.3581499980665237,0.836487902483473,3.5846114494351746,0.7859494355949052,0.8250070933561165,3.4522134399857465,0.6984550623298397,0.8846986369904026,0.7851536707070864,0.6984550623298397,0.8846986369904026,3.203739232411794,3.507942115136439,0.05969154363428608,-0.12655203102627688,0.055728675150692464,-0.24847420757395255,False,False,0.0345855167699274,0.0691710335398548,0.036473918887762746,0.07294783777552549
165,2.75,False,False,55.22747262242751,50.0,66.82363233555185,54.93822672059534,59.984579260362466,53.05421675318507,74.0,5.227472622427513,3.414058850908517,3.448199439417602,3.355840673774116,0.8483115606418545,3.582840856246661,0.7999498266436502,0.8399774606708434,3.448199439417602,0.7119810206463967,0.8999665315649075,0.7991398865200154,0.7119810206463967,0.8999665315649075,3.1990850964590263,3.5056613150113174,0.05998907089406402,-0.12799644002444677,0.057461875593715295,-0.24911434295857582,False,False,0.036473918887762746,0.07294783777552549,0.038174014041868674,0.07634802808373735
170,2.8333333333333335,False,False,54.885616827238856,50.0,66.46697818438481,54.59600696443805,59.64965374912492,52.70991413455602,74.0,4.885616827238856,3.409060587663723,3.4431511935403605,3.352373205735172,0.8596519066881089,3.5791803495285794,0.813345769196427,0.8541456700502295,3.4431511935403605,0.7247608078237711,0.9144575836358316,0.8125222658381518,0.7247608078237711,0.9144575836358316,3.1934828866399645,3.502393553945078,0.06031191358560217,-0.1293848622264584,0.05924236040471742,-0.249668306900396,False,False,0.038174014041868674,0.07634802808373735,0.03970535375513297,0.07941070751026594
175,2.9166666666666665,False,False,54.57239515278153,50.0,66.1367536024579,54.28250289556364,59.34347406126707,52.39247586816222,74.0,4.572395152781532,3.403214153854005,3.437246295392545,3.347938220292521,0.8705370081145004,3.573860672328666,0.8261722242904418,0.8675526664091285,3.437246295392545,0.7368314285322576,0.9282100446947517,0.8253357342952313,0.7368314285322576,0.9282100446947517,3.1870974402284213,3.498305721569616,0.06065737828562312,-0.13072123787687095,0.06105942617707072,-0.2501488551641238,False,False,0.03970535375513297,0.07941070751026594,0.04108558618006658,0.08217117236013316
180,3.0,False,False,54.28522994969973,50.0,65.8308771738086,53.99512409057675,59.063540705851445,52.09951814671009,74.0,4.285229949699733,3.3966722766525215,3.4306389994190467,3.3427015808990186,0.8809928460420777,3.5670891280646866,0.8384618696040138,0.8802380082151376,3.4306389994190467,0.7482288386501473,0.9412610424111129,0.8376129364741701,0.7482288386501473,0.9412610424111129,3.180071904533619,3.4935428372299246,0.06102303419597521,-0.13200916956499031,0.06290383781087794,-0.2505670948854277,False,False,0.04108558618006658,0.08217117236013316,0.04233053689754843,0.08466107379509687
185,3.0833333333333335,False,False,54.021790374761636,50.0,65.54744604148027,53.73152889801994,58.807579031916305,51.828883652671195,74.0,4.021790374761636,3.3895673763022183,3.4234630500652403,3.336807370881772,0.8910435030726507,3.5590519292880214,0.8502452303826149,0.8922398213403995,3.4234630500652403,0.7589878669103409,0.9536465075126361,0.8493843667410602,0.7589878669103409,0.9536465075126361,3.1725303664052684,3.4882306966040857,0.06140668617223666,-0.13325195443005855,0.06476764653884537,-0.2509326836599719,False,False,0.04233053689754843,0.08466107379509687,0.04345433637209197,0.08690867274418394
190,3.1666666666666665,False,False,53.77996730555486,50.0,65.28471952780998,53.48959903971398,58.57351866436516,51.57861861895274,74.0,3.7799673055548624,3.382014039868036,3.415834180266716,3.330380531504677,0.9007113325112086,3.5499163079863703,0.8615508129380821,0.903594773500563,3.415834180266716,0.769142160038018,0.9654011237838465,0.8606785025245245,0.769142160038018,0.9654011237838465,3.1645801742088984,3.482478209155434,0.06180635028328341,-0.134452613462545,0.06664402888871779,-0.25125400605781767,False,False,0.04345433637209197,0.08690867274418394,0.04446956716043848,0.08893913432087697
195,3.25,False,False,53.557850769139755,50.0,65.04110413024114,53.267416777891185,58.359474574358444,51.34695221045796,74.0,3.5578507691397547,3.3741112037273386,3.407852315764612,3.323529191682166,0.9100171105772303,3.539832409821638,0.8724052365714331,0.9143380642628746,3.407852315764612,0.778724146287667,0.9765582961165545,0.8715219361747132,0.778724146287667,0.9765582961165545,3.156313986084456,3.4763794603868337,0.062220231853679975,-0.1356139179752076,0.06852714462222176,-0.2515383296801561,False,False,0.04446956716043848,0.08893913432087697,0.045387415348635524,0.09077483069727105
200,3.3333333333333335,False,False,53.35370970875946,50.0,64.81513986084764,53.063244465437215,58.16372978121352,51.132278052383114,74.0,3.3537097087594603,3.3659440775096856,3.3996035182847826,3.316346723235645,0.9189801732345652,3.5289349937306533,0.882833361361733,0.9245034269592088,3.3996035182847826,0.7877650135521392,0.9871501328089183,0.8819395026051553,0.7877650135521392,0.9871501328089183,3.147811575430296,3.470015529981081,0.06264670584970944,-0.1367384134070696,0.0704120116962983,-0.25179194285448636,False,False,0.045387415348635524,0.09077483069727105,0.04621781748025203,0.09243563496050405
205,3.4166666666666665,False,False,53.16597388931378,50.0,64.60548786308442,52.875506267392616,57.984719618579526,50.933137709651646,74.0,3.1659738893137828,3.3575858391458975,3.3911616975373566,3.3089135527056888,0.9276185392031823,3.51734495685601,0.892858410289686,0.9341231401201094,3.3911616975373566,0.7962946994413892,0.9972074395331847,0.8919544012824645,0.7962946994413892,0.9972074395331847,3.1391414215805398,3.4634560939236754,0.06308429941307525,-0.13782844067872024,0.07229439638631874,-0.25202027595681686,False,False,0.04621781748025203,0.09243563496050405,0.04696959831696874,0.09393919663393747
210,3.5,False,False,52.99321773788445,50.0,64.41091922039953,52.70277185031636,57.82101747869266,50.74820593262206,74.0,2.99321773788445,3.3490991276667152,3.3825901189433822,3.3012987577521073,0.935949020609779,3.505170703105369,0.9025020848383137,0.9432280462372092,3.3825901189433822,0.8043418909225211,1.0067597225847422,0.9015883117146132,0.8043418909225211,1.0067597225847422,3.130362110743394,3.45676083579158,0.06353167634753298,-0.13888615531468818,0.07417071684819776,-0.25222800819998836,False,False,0.04696959831696874,0.09393919663393747,0.047650597227905274,0.09530119445581055
215,3.5833333333333335,False,False,52.834145921966844,50.0,64.23030486277517,52.54374183361074,57.67132192264678,50.57627748342211,74.0,2.8341459219668437,3.340537357522906,3.373942731098135,3.293561473267487,0.9439873226104047,3.4925093719245974,0.9117846736605942,0.951847576500195,3.373942731098135,0.8119340319390724,1.0158351998500628,0.9108615020277739,0.8119340319390724,1.0158351998500628,3.1215235695366084,3.4499806896490215,0.06398762334986774,-0.1399135445611226,0.07603795855088658,-0.25241916156152655,False,False,0.047650597227905274,0.09530119445581055,0.0482677824706666,0.0965355649413332
220,3.6666666666666665,False,False,52.68758048023511,50.0,64.06260647532127,52.39723481162683,57.53444504110441,50.41625537142438,74.0,2.6875804802351126,3.3319458755415026,3.3652653342969177,3.285752129592815,0.9517481331900376,3.479447942206384,0.9207251542025795,0.9600097804046437,3.3652653342969177,0.8190973376912498,1.024460818193624,0.9197929304267292,0.8190973376912498,1.024460818193624,3.1126681509397494,3.443158934464841,0.0644510377889802,-0.14091244271339387,0.07789360016792335,-0.2525971833571683,False,False,0.0482677824706666,0.0965355649413332,0.04882735348609595,0.0976547069721919
225,3.75,False,False,52.552449335608436,50.0,63.90686831524101,52.26217577827837,57.409301958528566,50.26714034754562,74.0,2.5524493356084363,3.3233629792115265,3.356596609003642,3.2779135427022954,0.9592452042190703,3.4660642246915985,0.9293412873688061,0.9677413590534798,3.356596609003642,0.82585681421227,1.0326622759161141,0.9284003398609912,0.82585681421227,1.0326622759161141,3.103831590198071,3.4363321576719454,0.06492091686263435,-0.14188454484120983,0.07973554866830357,-0.252765018805571,False,False,0.04882735348609595,0.0976547069721919,0.049334831811433916,0.09866966362286783
230,3.8333333333333335,False,False,52.42777603625965,50.0,63.76220984815694,52.13758579025822,57.29490136576848,50.12802151089655,74.0,2.427776036259651,3.3148208128106758,3.3479690209387827,3.270081873935008,0.9664914247289978,3.452427754779679,0.9376497054463695,0.9750677016370083,3.3479690209387827,0.832236282537371,1.040464049596507,0.9367003457648481,0.832236282537371,1.040464049596507,3.0950438461589647,3.4295311034273728,0.06539634795949867,-0.14283141909963726,0.08156208248859009,-0.252925174779818,False,False,0.049334831811433916,0.09866966362286783,0.049795141465735784,0.09959028293147157
235,3.9166666666666665,False,False,52.31267058593146,50.0,63.62781912081808,52.02257273323739,57.19033698541113,49.99806790697104,74.0,2.312670585931457,3.3063461559338276,3.339409617493166,3.262287474793169,0.9734988872613424,3.4386005963551773,0.9456659935857576,0.9820129242085841,3.339409617493166,0.8382584064306003,1.0478894242980454,0.9447085175009762,0.8382584064306003,1.0478894242980454,3.086329841688957,3.4227814192910384,0.06587650008946133,-0.14375451777798376,0.08337180179787262,-0.25307977580420893,False,False,0.049795141465735784,0.09959028293147157,0.05021267976735523,0.10042535953471046
240,4.0,False,False,52.206321239882215,50.0,63.502946793868254,51.91632306385701,57.094779874669285,49.87652100392065,74.0,2.2063212398822145,3.297961117250029,3.3309407284225294,3.254555630489998,0.9802789480456965,3.4246380660593814,0.953404765184863,0.9885999102555889,3.3309407284225294,0.8439447230238093,1.0549605265064987,0.952439453683337,0.8439447230238093,1.0549605265064987,3.07771011519167,3.416104313406993,0.06636061625090983,-0.14465518723177961,0.08516358498446364,-0.25323061323085927,False,False,0.05021267976735523,0.10042535953471046,0.05059137956205152,0.10118275912410304
245,4.083333333333333,False,False,52.107987156650225,50.0,63.38690076516888,51.818094414744024,57.00747147888389,49.76268794630793,74.0,2.107987156650225,3.2896837447791305,3.3225805822269217,3.2469072142993314,0.986842281674754,3.4105893863824948,0.9608797315474568,0.9948503526389596,3.3225805822269217,0.8493156758122529,1.061698359258066,0.9599068517307843,0.8493156758122529,1.061698359258066,3.0692013938072704,3.409517132825019,0.06684800661910639,-0.14553467682670673,0.08693655059809746,-0.25337918841965124,False,False,0.05059137956205152,0.10118275912410304,0.05093476380796436,0.10186952761592873
250,4.166666666666667,False,False,52.01699180846431,50.0,63.279041320837365,51.727208965681456,56.92771735989267,49.65593549994435,74.0,2.0169918084643115,3.2815285626235973,3.314343848249833,3.2393592633161448,0.9931989308658279,3.3964982750144674,0.9681037661959201,1.0007847964156553,3.314343848249833,0.8543906494117381,1.0681228388739565,0.9671235721199537,0.8543906494117381,1.0681228388739565,3.0608170976035596,3.4030338723245532,0.06733804245830122,-0.14639414700391717,0.08869002407472015,-0.2535267506462735,False,False,0.05093476380796436,0.10186952761592873,0.05124599340345286,0.10249198680690572
255,4.25,False,False,51.93271706450784,50.0,63.17877675750212,51.64304749347174,56.85488152881376,49.55568460970055,74.0,1.932717064507841,3.273507042896705,3.306242113325672,3.2319254849640564,0.9993583518289845,3.382403477060988,0.9750889642152539,1.0064226822056026,3.306242113325672,0.8591880056393224,1.0742528328748937,0.9741016977035089,0.8591880056393224,1.0742528328748937,3.0525677829500637,3.396665621979168,0.0678301506692911,-0.1472346765662802,0.09042350865349613,-0.2536743303756084,False,False,0.05124599340345286,0.10249198680690572,0.05152790906931854,0.10305581813863708
260,4.333333333333333,False,False,51.85459787140433,50.0,63.08555942518942,51.565044022106036,56.7883813185829,49.46140550019064,74.0,1.85459787140433,3.265628020537595,3.298284300742971,3.224616702464616,1.0053294557007275,3.3683392459951356,0.9818466969949365,1.011782389867667,3.298284300742971,0.8637251205923713,1.080106198760826,0.9808525883573112,0.8637251205923713,1.080106198760826,3.0444615322825443,3.3904209607113893,0.06832380889315903,-0.14805726927529572,0.09213665996841813,-0.25382276846042684,False,False,0.05152790906931854,0.10305581813863708,0.05178306801813509,0.10356613603627018
265,4.416666666666667,False,False,51.78211746430675,50.0,62.99888214569439,51.49268101259221,56.72768274732484,49.37261326521958,74.0,1.7821174643067508,3.2578980577802596,3.290477038358062,3.217441246496967,1.011120646448361,3.354335778564658,0.9883876627197973,1.0168812819254618,3.290477038358062,0.8680184221012177,1.0856998230408086,0.9873869314250897,0.8680184221012177,1.0856998230408086,3.0365042966007345,3.384306302218977,0.0688185411153468,-0.14886285982424408,0.09382926386091484,-0.25397274175732765,False,False,0.05178306801813509,0.10356613603627018,0.052013776064786285,0.10402755212957257
270,4.5,False,False,51.71480304993462,50.0,62.91827496624025,51.42548502208922,56.67229631063619,49.28886388275333,74.0,1.7148030499346234,3.2503217642324063,3.28282498187473,3.2104052994098558,1.016739855602902,3.3404196083002535,0.994721932942541,1.0217357469784385,3.28282498187473,0.8720834277062876,1.0910496606729756,0.9937147882681076,0.8720834277062876,1.0910496606729756,3.028700196282707,3.378326198890734,0.0693139136945371,-0.14965231927215095,0.09550121701600389,-0.254124785592023,False,False,0.052013776064786285,0.10402755212957257,0.052222115757754095,0.10444423151550819
275,4.583333333333333,False,False,51.65222190991118,50.0,62.84330221270032,51.36302279027416,56.62177316888426,49.20975061788489,74.0,1.6522219099111766,3.2429020778079916,3.2753310985860713,3.2035131975867204,1.0221945741370135,3.3266139617629755,1.000858995550378,1.0263612424654913,3.2753310985860713,0.8759347824841053,1.0961707742474163,0.9998456371833983,0.8759347824841053,1.0961707742474163,3.021051785132574,3.3724836086598415,0.06980953178192495,-0.15042645998138604,0.09715251007377024,-0.2542793134534973,False,False,0.052222115757754095,0.10444423151550819,0.05240997104140052,0.10481994208280104
280,4.666666666666667,False,False,51.593977878908575,50.0,62.77355981067351,51.304897702910424,56.575701685332824,49.13490076879938,74.0,1.593977878908575,3.2356405111319013,3.2679969162432205,3.1967676968962078,1.027491881768119,3.3129390812209456,1.006807794417262,1.0307723367810742,3.2679969162432205,0.879586296663965,1.1010773728615473,1.0057884129541435,0.879586296663965,1.1010773728615473,3.013560281992744,3.3667801291542903,0.07030503608047312,-0.15118604011710912,0.09878321291106973,-0.2544366342504767,False,False,0.05240997104140052,0.10481994208280104,0.05257904889666724,0.10515809779333447
285,4.75,False,False,51.53970815750596,50.0,62.70867284629246,51.25074658977826,56.53370427709429,49.063972717190936,74.0,1.539708157505963,3.228537367486257,3.2608227411611197,3.190170205573517,1.032638473935081,3.299412517049921,1.0125767660123273,1.0349827506996827,3.2608227411611197,0.883050982941763,1.1057828506017267,1.0115515435300495,0.883050982941763,1.1057828506017267,3.006225773737899,3.361216202987183,0.07080009990204394,-0.15193176775791972,0.10039346182606312,-0.2545969674232209,False,False,0.05257904889666724,0.10515809779333447,0.05273089835100025,0.1054617967020005
290,4.833333333333333,False,False,51.48908042439154,50.0,62.64829334183978,51.200236826617555,56.49543455302292,48.99665325589324,74.0,1.4890804243915383,3.2215919298856113,3.2538078491844673,3.183720988362541,1.037640686668976,3.286049392802585,1.0181738732146381,1.0390053977555271,3.2538078491844673,0.886341093106306,1.1102998242531466,1.0171429837205779,0.886341093106306,1.1102998242531466,2.9990473930163333,3.355791297575688,0.07129442649761941,-0.1526643046492211,0.10198344839122075,-0.25476045616813403,False,False,0.05273089835100025,0.1054617967020005,0.05286692719797088,0.10573385439594175
295,4.916666666666667,False,False,51.44179021667913,50.0,62.59209822408697,51.1530637061789,56.46057470676693,48.93265516221379,74.0,1.4417902166791308,3.2148026264446807,3.2469506527091276,3.177419345296011,1.0425045195540923,3.272862645582103,1.0236066365646783,1.0428524236215435,3.2469506527091276,0.8894681539814335,1.1146401702475797,1.0225702464574624,0.8894681539814335,1.1146401702475797,2.9920234737074773,3.35050406247843,0.07178774662603615,-0.15338426964010998,0.10355340976930227,-0.2549271790016503,False,False,0.05286692719797088,0.10573385439594175,0.052988416722940725,0.10597683344588145
300,5.0,False,False,51.39755855072939,50.0,62.539787465784656,51.108948048660025,56.42883313787242,48.871714990123444,74.0,1.3975585507293928,3.2081671748299416,3.240248846578241,3.1712637680929534,1.0472356569538717,3.259863244081626,1.0288821631643525,1.046535244487741,3.240248846578241,0.8924430026496282,1.1188150608204521,1.0278404316557954,0.8924430026496282,1.1188150608204521,2.985151686715689,3.3453524668903154,0.07227981633271119,-0.15409224183811276,0.10510362031207432,-0.2550971598625522,False,False,0.052988416722940725,0.10597683344588145,0.05309653469170729,0.10619306938341458
305,5.083333333333333,False,False,51.35612975903759,50.0,62.491082382958574,51.06763403350657,56.39994228563926,48.81359106508405,74.0,1.356129759037593,3.2016827082589594,3.233699535341549,3.165252076803002,1.0518394876577337,3.247060386408668,1.0340071734196783,1.0500645840857123,3.233699535341549,0.8952758205870364,1.1228349990125124,1.0329602528933266,0.8952758205870364,1.1228349990125124,2.978429158413571,3.3403339196251896,0.07277041492680003,-0.15478876349867599,0.10663438428364058,-0.25527037692797805,False,False,0.05309653469170729,0.10619306938341458,0.05319234682551946,0.10638469365103892
310,5.166666666666667,False,False,51.31726952152344,50.0,62.44572407262911,51.028887222822505,56.373656647267886,48.75806165450847,74.0,1.3172695215234427,3.1953458852232917,3.2272993440755244,3.15938153901938,1.0563211230882066,3.234461679597866,1.0389880258039998,1.0534505096536213,3.2272993440755244,0.8979761669668439,1.1267098527780297,1.0379360622154763,0.8979761669668439,1.1267098527780297,2.9718525737781523,3.3354453736451117,0.0732593431244084,-0.1554743426867774,0.1081460295695873,-0.25544677029737217,False,False,0.05319234682551946,0.10638469365103892,0.05327682695558654,0.10655365391117308
315,5.25,False,False,51.28076307199187,50.0,62.403471977307085,50.992492763276715,56.34975096914251,48.704923302018315,74.0,1.2807630719918706,3.189152984857146,3.2210445147057176,3.1536489737116318,1.0606854141932707,3.2220733025241883,1.0438307398043296,1.0567024665326334,3.2210445147057176,0.900553010810375,1.1304488878834897,1.0427738730221336,0.900553010810375,1.1304488878834897,2.9654182660254764,3.3306834169558273,0.0737464213508563,-0.15614945572225847,0.10963890225010964,-0.2556262486802412,False,False,0.05327682695558654,0.10655365391117308,0.05335086602490802,0.10670173204981603
320,5.333333333333333,False,False,51.24641356266515,50.0,62.36410256414519,50.958253745683244,56.328018591419294,48.653989306575866,74.0,1.246413562665147,3.1830999896506027,3.2149309895471085,3.148050841490652,1.0649369671360194,3.2099001537583627,1.0485410171994038,1.0598293115272372,3.2149309895471085,0.9030147620931162,1.1340607997082588,1.0474793813144516,0.9030147620931162,1.1340607997082588,2.9591222943397204,3.3260443514771914,0.07423148818102154,-0.1568145494341211,0.11111336193008281,-0.25580869520738814,False,False,0.05335086602490802,0.10670173204981603,0.053415280082524115,0.10683056016504823
325,5.416666666666667,False,False,51.21404057155839,50.0,62.327408107971486,50.92598970829567,56.308269933076446,48.60508833381038,74.0,1.2140405715583924,3.1771826570092694,3.208954483579362,3.1425833229084557,1.0690801578824551,3.1979459857545107,1.0531242618051537,1.0628393449558735,3.208954483579362,0.9053693017170229,1.137553743862528,1.052057985448073,0.9053693017170229,1.137553743862528,2.9529605111082913,3.3215242613114238,0.07471439890665454,-0.1574700432388506,0.11256977773206156,-0.2559939724710709,False,False,0.053415280082524115,0.10683056016504823,0.05347081739601724,0.10694163479203447
330,5.5,False,False,51.18347873911521,50.0,62.29319556861665,50.89553527004024,56.290331104479485,48.558063147000595,74.0,1.183478739115209,3.171396580988547,3.2031105467984324,3.1372423862098575,1.073119145778259,3.186213526624581,1.0575855978114588,1.0657403413918747,3.2031105467984324,0.9076240103334761,1.140935365610566,1.0565148043927821,0.9076240103334761,1.140935365610566,2.9469286199113354,3.3171190716680248,0.0751950242186914,-0.15811633105839862,0.11400852486959234,-0.25618192688709707,False,False,0.05347081739601724,0.10694163479203447,0.05351816479134069,0.10703632958268137
335,5.583333333333333,False,False,51.15457652196669,50.0,62.261285553990476,50.866738881892054,56.27404263637809,48.512769446962416,74.0,1.154576521966689,3.1657372453774117,3.197394617831186,3.1320238457896803,1.0770578861965296,3.1747045906332043,1.0619298868232452,1.0685395790799976,3.197394617831186,0.9097857959889968,1.1442128280747719,1.0608546948646562,0.9097857959889968,1.1442128280747719,2.9410222253703884,3.312824599559376,0.07567324899477423,-0.15875378309100086,0.11542998172819008,-0.25637239246079746,False,False,0.05351816479134069,0.10703632958268137,0.053557953314486914,0.10711590662897383
340,5.666666666666667,False,False,51.12719505295203,50.0,62.2315113612819,50.839461682712944,56.25925831201042,48.4690748083576,74.0,1.1271950529520325,3.1602000691712044,3.1918020698629164,3.1269234124648824,1.0809001423306677,3.1634201784382863,1.0661617437091342,1.071243868160991,3.1918020698629164,0.9118611207091696,1.147392839339121,1.0650822670378604,0.9118611207091696,1.147392839339121,2.9352368758336778,3.308636597253044,0.07614897117813002,-0.15938274745182146,0.11683452739012745,-0.2565651940292386,False,False,0.053557953314486914,0.10711590662897383,0.05359076329707705,0.1071815265941541
345,5.75,False,False,51.101207097663526,50.0,62.20371808946685,50.8135764551434,56.24584409874853,48.42685770838693,74.0,1.1012070976635258,3.1547804453533317,3.186328249806865,3.121936736543361,1.0846494961995956,3.1523605680056885,1.0702855513518394,1.0738595774834632,3.186328249806865,0.9138560257976884,1.150481678231814,1.0692018993778676,0.9138560257976884,1.150481678231814,2.929568099763416,3.3045507893537422,0.07662210074835074,-0.16000355168577474,0.11822253954687723,-0.2567601500434491,False,False,0.05359076329707705,0.1071815265941541,0.05361712889709217,0.10723425779418434
350,5.833333333333333,False,False,51.076496098771855,50.0,62.177761817019956,50.788966668247504,56.23367716602519,48.38600663570759,74.0,1.0764960987718553,3.1494737737999694,3.1809685115379693,3.117059444558579,1.0883093589263275,3.1415253970392665,1.0743054743863683,1.0763926602237825,3.1809685115379693,0.9157761560537244,1.1534852189930112,1.0732177522886104,0.9157761560537244,1.1534852189930112,2.9240114365909697,3.3005629042877973,0.0770925587692286,-0.16061650417005813,0.11959439274982797,-0.2569570749469996,False,False,0.05361712889709217,0.10723425779418434,0.05363754217657474,0.10727508435314947
355,5.916666666666667,False,False,51.05295530026832,50.0,62.15350883935584,50.76552559762516,56.22264498044793,48.34641927107768,74.0,1.052955300268323,3.144275489028303,3.175718243918586,3.1122871704393837,1.091882980345354,3.13091373768931,1.0782254720045985,1.07884867840231,3.175718243918586,0.917626782984452,1.1564089549069754,1.077133780954273,0.917626782984452,1.1564089549069754,2.9185624627179942,3.296668700874393,0.07756027650466546,-0.16122189541785792,0.12095045695580708,-0.2571557812005918,False,False,0.05363754217657474,0.10727508435314947,0.05365245677029438,0.10730491354058876
360,6.0,False,False,51.03048694453918,50.0,62.130834961078364,50.743155524510456,56.21264448048667,48.3080017410672,74.0,1.0304869445391773,3.1391810834259952,3.170572894260255,3.1076155817961935,1.0953734579893717,3.1205241642320543,1.082049309898101,1.0812328259427797,3.170572894260255,0.9194128266655488,1.1592580205537342,1.0809537472585817,0.9194128266655488,1.1592580205537342,2.91321681326369,3.292863990589485,0.07802519461095447,-0.1618199992772309,0.12229109632923008,-0.25735608099656515,False,False,0.05365245677029438,0.10730491354058876,0.05366229119212669,0.10732458238425338
365,6.083333333333333,False,False,51.0090015358807,50.0,62.10962483860659,50.72176699523271,56.203581311407405,48.27066792781883,74.0,1.0090015358806994,3.1341861265262043,3.1655279877914664,3.1030404019265876,1.098783745501462,3.110354814349503,1.0857805714048707,1.0835499508487465,3.1655279877914664,0.9211388767958635,1.1620372132285715,1.084681230898741,0.9211388767958635,1.1620372132285715,2.907970200089461,3.2891446560587143,0.07848726237982495,-0.16241107405288302,0.12361666826724793,-0.2575577877020052,False,False,0.05366229119212669,0.10732458238425338,0.0536674318201709,0.1073348636403418
370,6.166666666666667,False,False,50.98841716467952,50.0,62.08977136917741,50.701278145983366,56.19536912632836,48.234338839313594,74.0,0.9884171646795181,3.1292862808274946,3.1605791436357697,3.0985574280740877,1.1021166605148431,3.100403444581594,1.0894226679201158,1.0858045760556252,3.1605791436357697,0.9228092125157139,1.1647510131007788,1.088319639825795,0.9228092125157139,1.1647510131007788,2.902818426571124,3.2855066662541224,0.07894643704515358,-0.1629953635399113,0.1249275226183526,-0.25776071706464565,False,False,0.0536674318201709,0.1073348636403418,0.053668235596293086,0.10733647119258617
375,6.25,False,False,50.968658887031474,50.0,62.07117512260755,50.68161408084871,56.18792894097457,48.198942029121945,74.0,0.9686588870314736,3.124477314600335,3.155722087746338,3.0941625464126234,1.1053748920387583,3.090667480471052,1.0929788486261527,1.0880009192967828,3.155722087746338,0.9244278213097673,1.167403602434435,1.0918722199528474,0.9244278213097673,1.167403602434435,2.897757399534609,3.2819460888147978,0.0794026831376522,-0.16357309798701547,0.12622400106845966,-0.25796468821172924,False,False,0.053668235596293086,0.10733647119258617,0.05366503247130308,0.10733006494260616
380,6.333333333333333,False,False,50.94965815506327,50.0,62.05374381253617,50.66270630219178,56.18118854158328,48.16441106475364,74.0,0.9496581550632683,3.119755112070806,3.150952663191514,3.0898517441747035,1.1085610073858267,3.0811440618745825,1.0964522095918559,1.0901429118512442,3.150952663191514,0.9259984168627343,1.1699988837411155,1.0953420641750655,0.9259984168627343,1.1699988837411155,2.892783138723079,3.2784590998631375,0.07985597188987126,-0.16414449498850991,0.12750643667162365,-0.258169524468435,False,False,0.05366503247130308,0.10733006494260616,0.05365812762322825,0.1073162552464565
385,6.416666666666667,False,False,50.93135229365931,50.0,62.037391804169964,50.644492185657384,56.17508193804471,48.13068503752064,74.0,0.9313522936593088,3.1151156813268184,3.1462668381400865,3.0856211192931084,1.1116774586732967,3.071830083871688,1.0998457022879455,1.0922342163643135,3.1462668381400865,0.9275244560482777,1.1725404970464774,1.0987321209943275,0.9275244560482777,1.1725404970464774,2.8878917841207317,3.275041991645411,0.08030628068216394,-0.1647097603160358,0.12877515350532454,-0.2583750540193548,False,False,0.05365812762322825,0.1073162552464565,0.053647803472660446,0.10729560694532089
390,6.5,False,False,50.91368401968922,50.0,62.022039655819235,50.62691449908154,56.16954886184221,48.09770811320653,74.0,0.9136840196892209,3.110555160251898,3.141660711854417,3.0814668878830713,1.1147265889280016,3.06272223366413,1.1031621415605732,1.0942782436381004,3.141660711854417,0.9290091549486686,1.1750318361697036,1.1020452024117278,0.9290091549486686,1.1750318361697036,2.8830796014206768,3.271691178287134,0.08075359253160319,-0.1652690886894318,0.13003046643271698,-0.2585811104337403,False,False,0.053647803472660446,0.10729560694532089,0.05363432151631787,0.10726864303263574
395,6.583333333333333,False,False,50.89660100018444,50.0,62.00761369175181,50.60992096163711,56.16453430514654,48.065429120149766,74.0,0.8966010001844396,3.1060698207559425,3.137130518963502,3.077385389853905,1.1177106378224384,3.0538170238242226,1.106404213102217,1.0962781684361016,3.137130518963502,0.9304555039447906,1.177476064056706,1.105283991395436,0.9304555039447906,1.177476064056706,2.878342985890741,3.268403199919869,0.08119789562060431,-0.165822664491311,0.1312726809563669,-0.2587875330727609,False,False,0.05363432151631787,0.10726864303263574,0.05361792399745831,0.10723584799491662
400,6.666666666666667,False,False,50.88005544622919,50.0,61.994045604103064,50.593463834618326,56.159988092083225,48.03380116687494,74.0,0.8800554462291927,3.1016560715406447,3.132672632256051,3.073373092905305,1.1206317470672358,3.045110822218592,1.1095744804557637,1.098236944581431,3.132672632256051,0.9318662821431127,1.1798761274349419,1.108451048879988,0.9318662821431127,1.1798761274349419,2.873678464861187,3.26517472540598,0.0816391828535108,-0.16637066243831833,0.13250209314992922,-0.25899416739486414,False,False,0.05361792399745831,0.10723584799491662,0.053598835429535446,0.10719767085907089
405,6.75,False,False,50.864003739617395,50.0,61.98127208177103,50.57749955098829,56.15586449005932,48.00278129569487,74.0,0.8640037396173952,3.0973104596091487,3.1282835642052405,3.0694265951335833,1.1234919654833047,3.036599878905343,1.112675391584747,1.1001573189366627,3.1282835642052405,0.9332440707407342,1.1822347703920797,1.11154882038486,0.9332440707407342,1.1822347703920797,2.869082699031826,3.2620025538611106,0.082077451455417,-0.16691324819592845,0.13371898965587015,-0.25920086517341456,False,False,0.053598835429535446,0.10719767085907089,0.053577263987698465,0.10715452797539693
410,6.833333333333333,False,False,50.84840608958418,50.0,61.96923446439442,50.56198836905217,56.15212184561533,47.9723301589338,74.0,0.8484060895841807,3.0930296707045692,3.123959967411615,3.0655426264464682,1.1262932537751777,3.0282803502764684,1.1157092850401473,1.1020418448391958,3.123959967411615,0.934591265879037,1.184554547430079,1.114579642047329,0.934591265879037,1.184554547430079,2.8645524827725586,3.258883615150478,0.08251270259088317,-0.1674505789601588,0.13492364773886312,-0.2594074846390564,False,False,0.053577263987698465,0.10715452797539693,0.053553402780940194,0.10710680556188039
415,6.916666666666667,False,False,50.833226217154376,50.0,61.95787841966522,50.54689405849297,56.148722253835295,47.94241172520811,74.0,0.8332262171543761,3.0888105288397765,3.119698634128174,3.0617180489615183,1.1290374890254176,3.0201483206935733,1.1186783957517354,1.1038928945506723,3.119698634128174,0.9359100905592354,1.1868378355689488,1.1175457465674754,0.9359100905592354,1.1868378355689488,2.860084743570396,3.255814969513904,0.08294494101827654,-0.16798280399143695,0.13611633538572976,-0.25961389055777806,False,False,0.053553402780940194,0.10710680556188039,0.05352743101642332,0.10705486203284664
420,7.0,False,False,50.81843106486026,50.0,61.94715364236419,50.53218360915039,56.14563125112773,47.91299300698124,74.0,0.8184310648602633,3.084649995061236,3.115496495011848,3.05794985654215,1.1317264689284745,3.012199821843379,1.1215848604697876,1.1057126710883405,3.115496495011848,0.9372026059724822,1.18908684585373,1.1204492685235437,0.9372026059724822,1.18908684585373,2.8556765407575573,3.2527938064558772,0.08337417476538955,-0.1685100651158583,0.137297311444029,-0.25981995425429094,False,False,0.05352743101642332,0.10705486203284664,0.053499515066064166,0.10699903013212833
425,7.083333333333333,False,False,50.80399052977301,50.0,61.93701357363241,50.51782696359445,56.14281753264575,47.88404381030632,74.0,0.8039905297730101,3.0805451655721723,3.111350617227894,3.0542351736067173,1.1343619157810159,3.0044308500197103,1.1244307228809993,1.1075032193353491,3.111350617227894,0.9384707221440507,1.1913036341650374,1.123292249540873,0.9384707221440507,1.1913036341650374,2.8513250636387104,3.2498174430202322,0.08380041482968825,-0.16903249719129843,0.13846682579233827,-0.26002555358918356,False,False,0.053499515066064166,0.10699903013212833,0.05346980944458993,0.10693961888917985
430,7.166666666666667,False,False,50.789877217964474,50.0,61.92741513910425,50.50379677239051,56.14025269328266,47.855536505712166,74.0,0.7898772179644737,3.0764932693248515,3.1072582020181,3.0505712533294713,1.1369454802444954,2.9968373815207356,1.1272179384206182,1.10926643642998,3.1072582020181,0.9397162078904393,1.1934901113327745,1.1260766430508284,0.9397162078904393,1.1934901113327745,2.8470276291208614,3.246883321554332,0.08422367490279448,-0.16955022853954071,0.13962511953623213,-0.2602305728972385,False,False,0.05346980944458993,0.10693961888917985,0.053438457707040955,0.10687691541408191
435,7.25,False,False,50.77606621867494,50.0,61.91831850462881,50.49006816782287,56.13791098779605,47.82744581635254,74.0,0.7760662186749414,3.0724916651780294,3.10321658182981,3.0469554753375965,1.1394787448945973,2.989415386333784,1.129948378801129,1.111004081580968,3.10321658182981,0.9409407002300635,1.1956480526943793,1.1288043188886605,0.9409407002300635,1.1956480526943793,2.842781678936409,3.2439890070545343,0.08464397111341126,-0.1700633813509046,0.14077242522472444,-0.260434902893401,False,False,0.053438457707040955,0.10687691541408191,0.053405593273162265,0.10681118654632453
440,7.333333333333333,False,False,50.76253489660443,50.0,61.90968684840037,50.476618554909386,56.13576910889861,47.799748622323925,74.0,0.7625348966044285,3.068537838703398,3.099223217090432,3.043385342995472,1.1419632275711153,2.9821608402651165,1.132623836276336,1.1127177853236299,3.099223217090432,0.9421457132608214,1.1977791071115444,1.1314770674960073,0.9421457132608214,1.1977791071115444,2.838584776538371,3.241132184173055,0.08506132178791459,-0.17057207206280844,0.1419089670826228,-0.2606384405520612,False,False,0.053405593273162265,0.10681118654632453,0.053371340185028225,0.10674268037005645
445,7.416666666666667,False,False,50.74926270087685,50.0,61.90148614840271,50.46342742286975,56.133805986806365,47.772423783982745,74.0,0.749262700876848,3.064629398714083,3.095275692701224,3.039858480355713,1.1444003845408823,2.97506973565834,1.1352460276582503,1.11440905804021,3.095275692701224,0.9433326463337721,1.1998848052752333,1.1340966039330398,0.9433326463337721,1.1998848052752333,2.8344346037366557,3.238310653956143,0.08547574723502338,-0.17107641170643784,0.14303496125491888,-0.26084108896456826,False,False,0.053371340185028225,0.10674268037005645,0.05333581380391128,0.10667162760782256
450,7.5,False,False,50.73623098934526,50.0,61.89368498414921,50.45047616727127,56.13200259979301,47.745451975365235,74.0,0.736230989345259,3.0607640735786497,3.091371714314436,3.036372628846399,1.1467916134854643,2.968138090832659,1.137816598102934,1.1160792981564829,3.091371714314436,0.9445027919189206,1.2019665676955555,1.1366645717148913,0.9445027919189206,1.2019665676955555,2.8303289571351358,3.23552233037424,0.08588726953907266,-0.17157650623756227,0.14415061605980384,-0.26104275717930037,False,False,0.05333581380391128,0.10667162760782256,0.053299121451651006,0.10659824290330201
455,7.583333333333333,False,False,50.723422867014754,50.0,61.886254351772415,50.43774792912587,56.1303418025717,47.71881553336753,74.0,0.7234228670147544,3.0569397073756077,3.0875091044493637,3.032925643754688,1.149138256324512,2.961361958360766,1.1403371246802607,1.1177297997055848,3.0875091044493637,0.945657342865043,1.2040257120789288,1.139182546282018,0.945657342865043,1.2040257120789288,2.826265744421366,3.232765236696797,0.086295912373344,-0.17207245684054184,0.14525613224743328,-0.26124336002799753,False,False,0.053299121451651006,0.10659824290330201,0.05326136300123822,0.10652272600247643
460,7.666666666666667,False,False,50.71082303745953,50.0,61.87916749158144,50.425227446203216,56.12880816746388,47.692498318363064,74.0,0.7108230374595266,3.0531542559359113,3.0836857984952704,3.0295154905590813,1.1514416018849094,2.954737432295705,1.1428091197414822,1.1193617594503757,3.0836857984952704,0.9467973992372049,1.2060634602766669,1.1416520384705564,0.9467973992372049,1.2060634602766669,2.822242980553667,3.230037501757242,0.08670170082629114,-0.1725643602131709,0.14635170326197144,-0.2614428179416035,False,False,0.05326136300123822,0.10652272600247643,0.05322263142100922,0.10644526284201844
465,7.75,False,False,50.69841766620126,50.0,61.87239972726562,50.41290091677453,56.127387838638484,47.666485586424955,74.0,0.6984176662012587,3.0494057828143144,3.0798998406424576,3.0261402411554545,1.153702888425165,2.9482606544465373,1.1452340340974791,1.120976283534901,3.0798998406424576,0.9479239747032129,1.2080809447766545,1.1440744976312545,0.9479239747032129,1.2080809447766545,2.8182587838840623,3.227337356147241,0.08710466124175342,-0.1730523088316882,0.14743751550478335,-0.26164105675839533,False,False,0.05322263142100922,0.10644526284201844,0.05318301327631923,0.10636602655263847
470,7.833333333333333,False,False,50.686194255099416,50.0,61.865928315978266,50.40075587410737,56.12606839765732,47.64076387160516,74.0,0.6861942550994158,3.0456924552246054,3.0761493797768513,3.022798070015652,1.1559233060238359,2.941927819793898,1.1476132600196618,1.1225743937238168,3.0761493797768513,0.9490380025252867,1.2100792147948085,1.1464513146166155,0.9490380025252867,1.2100792147948085,2.8143113722500326,3.2246631283738703,0.08750482107099167,-0.17353639119853015,0.14851374859701894,-0.26183800752681874,False,False,0.05318301327631923,0.10636602655263847,0.05314258919226989,0.10628517838453978
475,7.916666666666667,False,False,50.674141526879815,50.0,61.85973230858571,50.38878107008467,56.12483873861374,47.61532087677483,74.0,0.674141526879815,3.0420125399685602,3.072432665368246,3.0194872503119514,1.1581039988401893,2.935735181128556,1.149948134074665,1.1241570332886386,3.072432665368246,0.9501403412132978,1.2120592420230394,1.1487838246362572,0.9501403412132978,1.2120592420230394,2.8103990590631818,3.2220132410083195,0.0879022087344008,-0.17401669207534076,0.14958057564007365,-0.2620336063050641,False,False,0.05314258919226989,0.10628517838453978,0.05310143428065483,0.10620286856130966
480,8.0,False,False,50.66224931899841,50.0,61.85379241941414,50.37696637057692,56.1236889557346,47.590145375380985,74.0,0.6622493189984127,3.0383643993839344,3.0687480433777736,3.0162061500357504,1.1602460672547494,2.9296790529887957,1.1522399398031506,1.125725072408377,3.0687480433777736,0.951231779711797,1.2140219259062763,1.1510733099365553,0.951231779711797,1.2140219259062763,2.8065202494186057,3.2193862068504417,0.0882968534978994,-0.17449329269657998,0.15063816347266812,-0.26222779395916795,False,False,0.05310143428065483,0.10620286856130966,0.05305961853414752,0.10611923706829504
485,8.083333333333334,False,False,50.65050848610098,50.0,61.8480909048703,50.36530265648469,56.12261023691936,47.56522711859372,74.0,0.650508486100982,3.0347464873327947,3.065093952206123,3.0129532281345237,1.1623505698968688,2.923755814965768,1.1544899102523731,1.127279313349436,3.065093952206123,0.9523130423755879,1.2159680987036359,1.1533210023192169,0.9523130423755879,1.2159680987036359,2.8026734362450236,3.2167806251296582,0.08868878535419977,-0.1749662709738482,0.15168667292353533,-0.2624205159610993,False,False,0.05305961853414752,0.10611923706829504,0.053017207190354416,0.10603441438070883
490,8.166666666666666,False,False,50.63891081039795,50.0,61.8426114503539,50.3537817347728,56.12159476790363,47.540556751735004,74.0,0.6389108103979524,3.0311573452479834,3.0614689187004633,3.009727030687341,1.1644185255659856,2.91796191443985,1.1566992303714514,1.1288204952187608,3.0614689187004633,0.9533847935353152,1.2178985301354899,1.1555280855280672,0.9533847935353152,1.2178985301354899,2.7988571965123366,3.214195177759311,0.08907803491672905,-0.17543570168344558,0.15272625905884762,-0.2626117221881268,False,False,0.053017207190354416,0.10603441438070883,0.05297426106813749,0.10594852213627498
495,8.25,False,False,50.62744891932822,50.0,61.83733906491635,50.34239625639363,56.12063564372604,47.51612573716158,74.0,0.6274489193282164,3.0275955982524283,3.0578715542349526,3.0065261871358238,1.1664509150528033,2.912293868805463,1.1588690392777057,1.1303492984226706,3.0578715542349526,0.9544476417803934,1.2198139317440344,1.1576956975333361,0.9544476417803934,1.2198139317440344,2.7950701875104746,3.211628625658668,0.08946463332136378,-0.1759016566422772,0.15375707142371553,-0.26280136672447796,False,False,0.05297426106813749,0.10594852213627498,0.052930836878500864,0.10586167375700173
500,8.333333333333334,False,False,50.61611620993531,50.0,61.832259983156824,50.331139640617806,56.119726787001056,47.49192628315076,74.0,0.6161162099353135,3.0240599513633213,3.0543005508769547,3.0033494065845714,1.1684486828662013,2.906748267236692,1.1610004324018386,1.1318663488460972,3.0543005508769547,0.955502143973292,1.2217149609816262,1.1598249326402312,0.955502143973292,1.2217149609816262,2.7913111432107516,3.209079805154172,0.08984861213552908,-0.17636420487280513,0.15477925427721706,-0.26298940766620316,False,False,0.052930836878500864,0.10586167375700173,0.05288698751207442,0.10577397502414884
505,8.416666666666666,False,False,50.60490677942426,50.0,61.82736157387923,50.3200060053147,56.11886287252193,47.46795127835854,74.0,0.6049067794242617,3.0205491857908155,3.0507546776487238,3.000195474182462,1.1704127388713297,2.9013217720413844,1.1630944635192222,1.1333722217669402,3.0507546776487238,0.9565488090092273,1.2236022250411633,1.1619168435682241,0.9565488090092273,1.2236022250411633,2.787578870718783,3.2065476244692745,0.09023000327422315,-0.17682341275771285,0.15579294682055078,-0.2631758069299406,False,False,0.05288698751207442,0.10577397502414884,0.052842762304951746,0.10568552460990349
510,8.5,False,False,50.59381536141048,50.0,61.82263225506393,50.30899010403229,56.11803925912833,47.4441942326026,74.0,0.5938153614104777,3.0170621553388624,3.047232776892251,2.9970632475940286,1.1723439598439755,2.8960111196471074,1.1651521466740558,1.1348674454613956,3.047232776892251,0.9575881012786517,1.2254762843861218,1.1639724433546235,0.9575881012786517,1.2254762843861218,2.7838722468260837,3.204031060310248,0.09060883892472615,-0.17727934418274394,0.15679828341799684,-0.26336053006616744,False,False,0.052842762304951746,0.10568552460990349,0.052798207284755025,0.10559641456951005
515,8.583333333333334,False,False,50.58283726740971,50.0,61.81806141473797,50.298087265908975,56.11725192457067,47.42064922037223,74.0,0.5828372674097082,3.013597782914011,3.043733760743151,2.993951653568166,1.174243190945972,2.8908131212584625,1.1671744580027281,1.1363525046768428,3.043733760743151,0.9586204440024569,1.2273376561503628,1.1659927071117182,0.9586204440024569,1.2273376561503628,2.7801902146657436,3.201529154553637,0.09098515147352004,-0.17773206067438585,0.15779539381048568,-0.2635435460774076,False,False,0.052798207284755025,0.10559641456951005,0.052753365398342446,0.10550673079668489
520,8.666666666666666,False,False,50.57196833315419,50.0,61.81363933735306,50.28729334413557,56.116497409556565,47.39731083221617,74.0,0.5719683331541887,3.010155057146453,3.0402566077179176,2.99085968460969,1.1761112471261093,2.8857246632216524,1.1691623374622804,1.1378278437074096,3.0402566077179176,0.9596462221848219,1.2291868171528177,1.1679785738717783,0.9596462221848219,1.2291868171528177,2.7765317804761724,3.199041011039551,0.09135897344540811,-0.17818162152258776,0.15878440332163324,-0.2637248272417452,False,False,0.052753365398342446,0.10550673079668489,0.05270827672269991,0.10541655344539982
525,8.75,False,False,50.56120486935233,50.0,61.80935713530683,50.27660466516375,56.115772762566664,47.3741741269488,74.0,0.5612048693523306,3.006733029126268,3.036800359417531,2.987786395757862,1.177948914450734,2.8807427071289364,1.1711166904694972,1.1392938694253918,3.036800359417531,0.9606657855236422,1.231024206867169,1.1699309481099136,0.9606657855236422,1.231024206867169,2.772896010475607,3.196565792473703,0.09173033744177728,-0.17862808390174956,0.1597654330561724,-0.26390434894192394,False,False,0.05270827672269991,0.10541655344539982,0.052662978660255176,0.10532595732051035
530,8.833333333333334,False,False,50.55054361653953,50.0,61.80520668526531,50.26601798472434,56.115075491995164,47.35123459013852,74.0,0.5505436165395281,3.0033308092566706,3.033364117349237,2.984730901474655,1.179756951367964,2.8758642896926294,1.1730383894557854,1.1407509539889271,3.033364117349237,0.9616794510093357,1.2328502300774693,1.1718507013987165,0.9616794510093357,1.2328502300774693,2.7692820278490125,3.194102717440027,0.09209927608854218,-0.1790715029795914,0.16073860009078977,-0.2640820895002247,False,False,0.052662978660255176,0.10532595732051035,0.05261750611985272,0.10523501223970544
535,8.916666666666666,False,False,50.539981703695936,50.0,61.80118056896763,50.25553044513707,56.11440351966468,47.328488093886406,74.0,0.5399817036959362,2.9999475642250832,3.0299470398673343,2.9816923726445195,1.1815360899091825,2.8710865224155446,1.17492827534266,1.1421994374760926,3.0299470398673343,0.9626875054528135,1.2346652594606407,1.1737386737993347,0.9626875054528135,1.2346652594606407,2.7656890098480984,3.1916510575247177,0.092465821984548,-0.1795119320232792,0.1617040176573834,-0.26425803001923587,False,False,0.05261750611985272,0.10523501223970544,0.052571891684580506,0.10514378336916101
540,9.0,False,False,50.529516610331065,50.0,61.797272018213434,50.245139539017565,56.113755141237334,47.30593086249238,74.0,0.5295166103310649,2.9965825140920312,3.0265483392329515,2.978670033686408,1.1832870368312758,2.8664065910823084,1.1767871589423737,1.143639630209973,3.0265483392329515,0.9636902077159235,1.2364696378692932,1.1755956752964722,0.9636902077159235,1.2364696378692932,2.7621161850043423,3.189210134551793,0.09283000765932026,-0.17994942249404944,0.1626617953188414,-0.2644321542286092,False,False,0.052571891684580506,0.10514378336916101,0.05252616576726424,0.10505233153452848
545,9.083333333333334,False,False,50.5191461317605,50.0,61.793474863753694,50.234843073245514,56.11312898690014,47.28355943846419,74.0,0.5191461317605004,2.993234929497128,3.023167278792099,2.9756631597780676,1.1850104747028498,2.8618217550936595,1.1786158222879093,1.145071815054298,3.023167278792099,0.9646877909135155,1.2382636805841372,1.1774224871455319,0.9646877909135155,1.2382636805841372,2.7585628304542915,3.1867793179295494,0.09319186552983916,-0.18038402414078247,0.16361203913745026,-0.2646044483378076,False,False,0.05252616576726424,0.10505233153452848,0.052480356754839176,0.10496071350967835
550,9.166666666666666,False,False,50.508868347320096,50.0,61.7897834878231,50.22463913830979,56.1125239878566,47.261370653474984,74.0,0.5088683473200959,2.9899041289808563,3.019803170270665,2.9726710741919202,1.1867070629374592,2.8573293466637963,1.1804150198962975,1.1464962494441988,3.019803170270665,0.9656804643604371,1.2400476773094185,1.179219863087974,0.9656804643604371,1.2400476773094185,2.75502826937584,3.1843580221067342,0.09355142786521964,-0.18081578508376173,0.1645548518360691,-0.264774900894825,False,False,0.052480356754839176,0.10496071350967835,0.05243449114224777,0.10486898228449554
555,9.25,False,False,50.49868159128337,50.0,61.78619278006929,50.21452607851843,56.11193934375413,47.23936160019286,74.0,0.49868159128337197,2.9865894764203293,3.0164553711845326,2.969693145741287,1.1883774387767203,2.8529267698989087,1.1821854799689921,1.1479131673581016,3.0164553711845326,0.9666684154617906,1.2418218941098103,1.1809885305813168,0.9666684154617906,1.2418218941098103,2.751511868533689,3.1819457041367762,0.0939087267517087,-0.18124475189631095,0.1654903329522437,-0.26494350265084377,False,False,0.05243449114224777,0.10486898228449554,0.052388593656720245,0.10477718731344049
560,9.333333333333334,False,False,50.48858442626694,50.0,61.782698096649995,50.204502465948714,56.11137449415777,47.217529607567286,74.0,0.48858442626693943,2.983290378576817,3.013123282362585,2.9667287863352323,1.190022218225987,2.8486114997732894,1.1839279055327747,1.1493227810983173,3.013123282362585,0.967651811418941,1.2435865751613546,1.1827291919705658,0.967651811418941,1.2435865751613546,2.7480130359318573,3.1795418613480226,0.09426379406303731,-0.18167096967937635,0.16641857898543755,-0.2651102464307278,False,False,0.052388593656720245,0.10477718731344049,0.05234268737326937,0.10468537474653875
565,9.416666666666666,False,False,50.47857561892458,50.0,61.779295222284084,50.19456707556437,56.11082909129298,47.19587221724685,74.0,0.4785756189245802,2.9800062827525036,3.009806345580029,2.9637774486399397,1.191641996945114,2.84438108101785,1.1856429755244562,1.1507252829980554,3.009806345580029,0.968630800864607,1.2453419444298777,1.1844425254692852,0.968630800864607,1.2453419444298777,2.744531218570773,3.1771460291176052,0.09461666143182224,-0.18209448213344848,0.16733968353757644,-0.26527512700925593,False,False,0.05234268737326937,0.10468537474653875,0.05229679382192517,0.10459358764385034
570,9.5,False,False,50.46865411774673,50.0,61.77598033505618,50.18471886373739,56.110302976478536,47.174387163137794,74.0,0.4686541177467305,2.976736674553663,3.0065040412991997,2.960838623844189,1.1932373510966923,2.8402331269344057,1.1873313458224632,1.152120846951848,3.0065040412991997,0.9696055153278661,1.247088207177798,1.1861291863163843,0.9696055153278661,1.247088207177798,2.741065900306225,3.1747577787463186,0.09496736022594998,-0.18251533162398192,0.1682537374471189,-0.2654381409929747,False,False,0.05229679382192517,0.10459358764385034,0.052250933087399136,0.10450186617479827
575,9.583333333333334,False,False,50.45881903279695,50.0,61.772749973788144,50.17495694761151,56.10979615748132,47.15307235178882,74.0,0.4588190327969528,2.9734810757572316,3.003215886514804,2.957911839526272,1.1948088381539874,2.83616531814777,1.1889936502281693,1.1535096298871121,3.003215886514804,0.9705760706424124,1.2488255514127442,1.18778980765469,0.9705760706424124,1.2488255514127442,2.7376165998072786,3.1723767154316658,0.09531592152563206,-0.18293355924469978,0.16916082891686157,-0.26559928670752564,False,False,0.052250933087399136,0.10450186617479827,0.052205123901817356,0.10441024780363471
580,9.666666666666666,False,False,50.44906961722909,50.0,61.76960100780189,50.16528058690923,56.10930878852634,47.13192584503971,74.0,0.44906961722909244,2.970239042277616,2.999941432700392,2.954996657619472,1.1963569976706883,2.832175401306511,1.1906305013996952,1.1548917731032726,2.999941432700392,0.9715425682272363,1.2505541492072294,1.1894250015266608,0.9715425682272363,1.2505541492072294,2.734182868610101,3.1700024763360926,0.09566237610395678,-0.18334920487603634,0.1700610436357004,-0.2657585640902913,False,False,0.052205123901817356,0.10441024780363471,0.0521593837308943,0.1043187674617886
585,9.75,False,False,50.439405250442206,50.0,61.766530608910486,50.155689166587315,56.108841151239005,47.11094584349282,74.0,0.43940525044220635,2.967010162230448,2.9966802638527525,2.9520926724730967,1.1978823520144553,2.8282611877421013,1.1922424917407202,1.1562674035520195,2.9966802638527525,0.9725050963105638,1.2522741579602874,1.1910353597529593,0.9725050963105638,1.2522741579602874,2.7307642892645405,3.1676347287473305,0.09600675440826789,-0.1837623072414557,0.170954464894578,-0.26591597458821203,False,False,0.0521593837308943,0.1043187674617886,0.052113728854194796,0.10422745770838959
590,9.833333333333334,False,False,50.42982542274077,50.0,61.76353622548474,50.14618218226261,56.10839363859878,47.09013067253224,74.0,0.4298254227407696,2.9637940540899224,2.9934319946308214,2.9491995090059353,1.1993854070661318,2.824420552095219,1.1938301942466922,1.1576366349704132,2.9934319946308214,0.973463731012068,1.2539857215161476,1.1926214547231666,0.973463731012068,1.2539857215161476,2.7273604735702293,3.1652731683276474,0.09634908654573437,-0.1841729039583453,0.17184117369682594,-0.2660715210605922,False,False,0.052113728854194796,0.10422745770838959,0.052068174439819495,0.10413634887963899
595,9.916666666666666,False,False,50.42032972137848,50.0,61.760615558452194,50.1367592255413,56.107966738804706,47.06947876830677,74.0,0.42032972137847935,2.960590364936327,2.9901962685856907,2.9463168209489385,1.200866652886391,2.820651430917016,1.1953941633106986,1.1589995689992703,2.9901962685856907,0.9744185374108523,1.2556889712675154,1.1941838402889973,0.9744185374108523,1.2556889712675154,2.7239710608989594,3.1629175174488298,0.09668940226824518,-0.184581031588418,0.1727212488631391,-0.2662252076867313,False,False,0.052068174439819495,0.10413634887963899,0.052022734613986626,0.10404546922797325
600,10.0,False,False,50.41091781787336,50.0,61.757766539095606,50.12741997276909,56.107561022858384,47.048988666836884,74.0,0.41091781787336146,2.957398768790328,2.986972756478231,2.9434442891738946,1.202326564351471,2.8169518212523745,1.1969349354911147,1.1603562961249645,2.986972756478231,0.9753695704433908,1.2573840270876866,1.195723052452513,0.9753695704433908,1.2573840270876866,2.720595716600031,3.1605675236096347,0.0970277309627221,-0.1849867256815737,0.17359476713140376,-0.2663770398781997,False,False,0.052022734613986626,0.10404546922797325,0.051977422525867595,0.10395484505173519
605,10.083333333333334,False,False,50.401589456490896,50.0,61.754987308526196,50.11816417115488,56.10717712932142,47.0286589908038,74.0,0.40158945649089617,2.954218965030617,2.9837611546809235,2.940581620104833,1.203765601759577,2.813319779211379,1.1984530302430219,1.1617068967242359,2.9837611546809235,0.9763168759005895,1.259070998360729,1.1972396101568394,0.9763168759005895,1.259070998360729,2.7172341304853402,3.158222957932503,0.09736410163649323,-0.18539002082364642,0.17446180325157945,-0.2665270241955833,False,False,0.051977422525867595,0.10395484505173519,0.05193225040805501,0.10386450081611003
610,10.166666666666666,False,False,50.39234444379936,50.0,61.75227619871509,50.10899163088214,56.10681575556925,47.008488441762616,74.0,0.3923444437993595,2.9510506768915317,2.980561183660447,2.9377285442089214,1.2051842114094302,2.8097534185345987,1.1999489506152834,1.163051441814687,2.980561183660447,0.977260491141489,1.260749984727288,1.1987340159158066,0.977260491141489,1.260749984727288,2.713886015390919,3.1558836137363206,0.09769854291260116,-0.18579095067319784,0.17532243007587356,-0.2666751682695283,False,False,0.05193225040805501,0.10386450081611003,0.051887229632898,0.103774459265796
615,10.25,False,False,50.38318263921047,50.0,61.74963171497493,50.09990221397865,56.10647764555352,46.98847578947885,74.0,0.38318263921046736,2.9478936500372925,2.9773725865376655,2.9348848145636195,1.206582826152358,2.8062509091570877,1.2014231839150435,1.1643899939377207,2.9773725865376655,0.9782004459344444,1.2624210769569013,1.2002067565753807,0.9782004459344444,1.2624210769569013,2.710551105811777,3.153549305182067,0.09803108301918062,-0.18618954800327625,0.17617671864440165,-0.2668214807258886,False,False,0.051887229632898,0.103774459265796,0.051842370765196086,0.10368474153039217
620,10.333333333333334,False,False,50.37410394642335,50.0,61.74705251978975,50.09089582664527,56.10616358132481,46.96861986440878,74.0,0.37410394642334666,2.9447476512096067,2.974195127721703,2.932050205496922,1.207961865919256,2.8028104757754964,1.2028762023413324,1.165722607864891,2.974195127721703,0.9791367631282936,1.2640843576493832,1.2016583038408044,0.9791367631282936,1.2640843576493832,2.707229156606869,3.1512198659882475,0.09836174978449219,-0.18658584473659745,0.17702473826654463,-0.2669659711148338,False,False,0.051842370765196086,0.10368474153039217,0.051797683611258735,0.10359536722251747
625,10.416666666666666,False,False,50.365108305698136,50.0,61.74453741789864,50.08197241059865,56.105874373504115,46.948919549326796,74.0,0.36510830569813635,2.9416124669453922,2.971028591614846,2.9292245112975586,1.2093217382236638,2.799430396422154,1.204308463589339,1.167049331333683,2.971028591614846,0.9800694593518566,1.2657399019636522,1.2030891149355285,0.9800694593518566,1.2657399019636522,2.7039199417711313,3.1488951482130463,0.09869057062996922,-0.1869798719818263,0.17786655659820028,-0.26710864984371474,False,False,0.051797683611258735,0.10359536722251747,0.05175317726484426,0.10350635452968852
630,10.5,False,False,50.356195686890096,50.0,61.74208534254522,50.07313193789015,56.1056108555343,46.92937377410466,74.0,0.3561956868900964,2.9384879023615076,2.9678727813851227,2.926407544992089,1.210662838642142,2.796109001049506,1.2057204114268525,1.168370205606707,2.9678727813851227,0.9809985455434429,1.2673877781757248,1.2044996332015672,0.9809985455434429,1.2673877781757248,2.7006232532715826,3.146575021100247,0.09901757256901789,-0.187371660063264,0.1787022397151241,-0.2672495281135401,False,False,0.05175317726484426,0.10350635452968852,0.05170886015003859,0.10341772030007718
635,10.583333333333334,False,False,50.34736608318123,50.0,61.73969534280986,50.06437440222347,56.10537387415506,46.90998150737521,74.0,0.3473660831812282,2.935373780003424,2.9647275178034582,2.9235991371859145,1.2119855512730662,2.792844670127895,1.207112476244269,1.1696852661780486,2.9647275178034582,0.9819240276220385,1.2690280483775747,1.205890288568071,0.9819240276220385,1.2690280483775747,2.697338899944559,3.1442593699859946,0.09934278219952608,-0.18776123855601012,0.17953185218253642,-0.2673886178588991,False,False,0.05170886015003859,0.10341772030007718,0.051664740061386806,0.10332948012277361
640,10.666666666666666,False,False,50.33861950545076,50.0,61.73736657194854,50.055699816309144,56.10516428643158,46.89074175364206,74.0,0.33861950545075814,2.932269938754887,2.961592638142436,2.920799134965277,1.2132902491748927,2.7896358332592563,1.2084850755794998,1.1709945431853066,2.961592638142436,0.9828459068751858,1.2706607688919143,1.2072614981516836,0.9828459068751858,1.2706607688919143,2.6940667064512787,3.1419480952636296,0.09966622570660766,-0.1881486363101208,0.18035545712119383,-0.2675259316911571,False,False,0.051664740061386806,0.10332948012277361,0.05162082420138979,0.10324164840277958
645,10.75,False,False,50.3299559772314,50.0,61.73509827666596,50.04710820352429,56.10498295062847,46.871653545301875,74.0,0.3299559772313998,2.929176232805692,2.958467995133749,2.918007400857454,1.2145772947849036,2.7864809678089917,1.2098386146190216,1.1722980620717955,2.958467995133749,0.9837641805877283,1.2722859909270874,1.2086136667543999,0.9837641805877283,1.2722859909270874,2.6908065122889626,3.1396411114038276,0.09998792885529184,-0.18853388148406725,0.1811731162700787,-0.2676614828447863,False,False,0.05162082420138979,0.10324164840277958,0.051577119215682796,0.10315423843136559
650,10.833333333333334,False,False,50.32137553020132,50.0,61.732889787256646,50.03859959626204,56.104830724345256,46.85271594069356,74.0,0.3213755302013226,2.926092530674814,2.955353455981562,2.915223811846395,1.2158470403193715,2.7833785975579364,1.2111734866762647,1.1735958439250045,2.955353455981562,0.9846788423589269,1.2739037609196269,1.209947187273565,0.9846788423589269,1.2739037609196269,2.687558170854891,3.13733834602745,0.10030791699462238,-0.1889170015660776,0.18198489004588803,-0.26779528512667117,False,False,0.051577119215682796,0.10315423843136559,0.051533631225898824,0.10306726245179765
655,10.916666666666666,False,False,50.31287820016694,50.0,61.730740508551136,50.03017403019881,56.104708458242136,46.83392801850488,74.0,0.3128782001669421,2.923018714286215,2.952248901429077,2.91244825844117,1.2170998281560514,2.7803272913760826,1.2124900736484538,1.1748879059916455,2.952248901429077,0.9855898825896245,1.275514121046166,1.211262441214376,0.9855898825896245,1.275514121046166,2.684321548560828,3.1350397390285476,0.10062621505452052,-0.18929802340202095,0.18279083759947046,-0.2679273528682491,False,False,0.051533631225898824,0.10306726245179765,0.05149036586054816,0.10298073172109631
660,11.0,False,False,50.30446402349399,50.0,61.72864991160968,50.021831541782475,56.10461699326874,46.81528887508879,74.0,0.30446402349399193,2.9199546780947583,2.949154224875706,2.9096806437946876,1.218335991199838,2.7773256619194444,1.213788746452969,1.1761742620308269,2.949154224875706,0.9864972888136321,1.277117109578911,1.212559799129167,0.9864972888136321,1.277117109578911,2.681096523995357,3.13274524174508,0.10094284754808402,-0.1896769732171948,0.18359101686937374,-0.2680577008803491,False,False,0.05149036586054816,0.10298073172109631,0.05144732828388778,0.10289465656777556
665,11.083333333333334,False,False,50.29613303394882,50.0,61.72661752610877,50.01357216451602,56.10455715660003,46.79679762071756,74.0,0.29613303394881996,2.916900328259765,2.946069331542363,2.906920882870218,1.219555853232409,2.7743723643512364,1.2150698654442182,1.1774549227113766,2.946069331542363,0.9874010460716709,1.2787127612830336,1.213839620998124,0.9874010460716709,1.2787127612830336,2.6778829871317797,3.1304548161750096,0.10125783857165693,-0.19005387663970574,0.1843854846326467,-0.2681863444105832,False,False,0.05144732828388778,0.10289465656777556,0.0514045232230726,0.1028090464461452
670,11.166666666666666,False,False,50.28788525991425,50.0,61.724642933370475,50.0053959259493,56.104529758350665,46.77845337648948,74.0,0.2878852599142476,2.9138555818638356,2.942994137682474,2.904168901653395,1.2207597292466086,2.7714660950883196,1.2163337808119792,1.178729895965016,2.942994137682474,0.9883011372428858,1.2803011077710182,1.2151022566685699,0.9883011372428858,1.2803011077710182,2.674680838579293,3.128168434235505,0.10157121180600215,-0.19042875872213028,0.18517429655303097,-0.2683132991031809,False,False,0.0514045232230726,0.1028090464461452,0.05136195499362296,0.10272390998724593
675,11.25,False,False,50.27972072194697,50.0,61.7227257599871,49.99730284570363,56.10453558942025,46.76025527217733,74.0,0.2797207219469726,2.9108203661746717,2.9399285698364186,2.9014246364073992,1.221947925766302,2.7686055905736917,1.2175808329621096,1.1799991872806732,2.9399285698364186,0.9891975433197596,1.281882177799823,1.2163480461917517,0.9891975433197596,1.281882177799823,2.671489988875293,3.125886077063101,0.10188299051914984,-0.1908016439609136,0.18595750722668258,-0.2684385809611256,False,False,0.05136195499362296,0.10272390998724593,0.05131962752329632,0.10263925504659265
680,11.333333333333334,False,False,50.27163943064697,50.0,61.72086567199784,49.989292933589674,56.104575419450605,46.74220244417547,74.0,0.27163943064697094,2.9077946179477148,2.9368725641271918,2.898688032969197,1.223120741152387,2.7657896260756285,1.2188113528804734,1.1812627999840788,2.9368725641271918,0.99009024366894,1.283455997553374,1.2175773202181972,0.99009024366894,1.283455997553374,2.6683103578167087,3.12360773435274,0.10219319756929512,-0.19117255631513874,0.18673517022554842,-0.2685622063104831,False,False,0.05131962752329632,0.10263925504659265,0.05127754437458858,0.10255508874917715
685,11.416666666666666,False,False,50.26364138481082,50.0,61.71906236957606,49.98136618751383,56.104649994563324,46.72429403327098,74.0,0.26364138481081767,2.904778282767534,2.9338260655952095,2.8959590460847244,1.2242784658956174,2.7630170145139434,1.2200256624808925,1.1825207355173644,2.9338260655952095,0.9909792162921467,1.2850225909245943,1.218790400349144,0.9909792162921467,1.2850225909245943,2.6651418738283983,3.1213334037337312,0.10250185540722989,-0.19154151922521767,0.18750733813852172,-0.26868419176681124,False,False,0.05127754437458858,0.10255508874917715,0.0512357087658359,0.1024714175316718
690,11.5,False,False,50.25572656984368,50.0,61.71731558218968,49.9735225911843,56.10476003488918,46.706529182249525,74.0,0.2557265698436808,2.901771314425962,2.9307890275702215,2.8932376387810645,1.2254213828968565,2.7602866053136683,1.2212240749378904,1.1837729937186579,2.9307890275702215,0.9918644380871641,1.2865819797969866,1.2199875994147533,0.9918644380871641,1.2865819797969866,2.661984473366688,3.119063090180714,0.10280898607832878,-0.19190855563149378,0.18827406261049262,-0.26880455420353355,False,False,0.0512357087658359,0.1024714175316718,0.051194123591091406,0.10238824718218281
695,11.583333333333334,False,False,50.24789495640623,50.0,61.7156250641991,49.965762114148525,56.10490623463503,46.68890703560125,74.0,0.2478949564062276,2.898773674335097,2.927761411078448,2.890523781773701,1.226549767735352,2.757597283286391,1.2224068950049551,1.185019572983956,2.927761411078448,0.992745884995591,1.2881341842124514,1.2211692218987538,0.992745884995591,1.2881341842124514,2.6588381003562636,3.116796805457841,0.1031146112284953,-0.19227368798836508,0.1890353943793932,-0.26892331072218445,False,False,0.051194123591091406,0.10238824718218281,0.051152791438784664,0.10230558287756933
700,11.666666666666666,False,False,50.24014649927555,50.0,61.71399059085962,49.95808470943862,56.105089259564444,46.67142673709609,74.0,0.24014649927555354,2.8957853309733537,2.9247431842830873,2.8878174529070524,1.2276638889255886,2.754947967539332,1.2235744193189955,1.1862604705320063,2.9247431842830873,0.99362353224985,1.2896792226378722,1.2223355640995124,0.99362353224985,1.2896792226378722,2.655702705658665,3.1145345675944545,0.10341875210586582,-0.19263693828215633,0.18979138331136713,-0.26904047862442226,False,False,0.051152791438784664,0.10230558287756933,0.05111171460937712,0.10222342921875424
705,11.75,False,False,50.23248113639956,50.0,61.71241195469777,49.95049031324991,56.1053097466914,46.654087429190845,74.0,0.23248113639955648,2.8928062593628443,2.921734321956473,2.8851186366265598,1.2287640081632534,2.7523376104121726,1.2247269366916704,1.1874956825661775,2.921734321956473,0.9944973545211254,1.291217112132144,1.223486914569321,0.9944973545211254,1.291217112132144,2.6525782465707577,3.1122764003906034,0.10372142956596653,-0.19299832804505213,0.1905420784341305,-0.2691560753857152,False,False,0.05111171460937712,0.10222342921875424,0.05107089513189148,0.10214179026378296
710,11.833333333333334,False,False,50.22489878812718,50.0,61.71088896223328,49.942978844766195,56.10556830414073,46.636888252577,74.0,0.22489878812717734,2.889836440576449,2.9187348049822135,2.8824273234806803,1.2298503805608154,2.7497651964415626,1.225864728388182,1.1887252044216166,2.9187348049822135,0.9953673260532335,1.2927478684986693,1.2246235542608248,0.9953673260532335,1.2927478684986693,2.6494646863516014,3.1100223329508645,0.10402266407705274,-0.19335787836838303,0.191287527968651,-0.2692701186306121,False,False,0.05107089513189148,0.10214179026378296,0.05103033477957113,0.10206066955914227
715,11.916666666666666,False,False,50.2173993565974,50.0,61.709421431019614,49.93555020330899,56.105865508111144,46.6198283433443,74.0,0.2173993565973973,2.886875861273016,2.915744619885746,2.8797435096512327,1.230923254873203,2.747229741353152,1.2269880683941419,1.1899490308301301,2.915744619885746,0.9962334209099293,1.294271506550834,1.2257457568930932,0.9962334209099293,1.294271506550834,2.6463619937762273,3.107772399244957,0.10432247572070374,-0.19371560992020087,0.1920277793592109,-0.2693826261095187,False,False,0.05103033477957113,0.10206066955914227,0.05099003508459544,0.10198007016919088
720,12.0,False,False,50.20998272527181,50.0,61.708009186979005,49.92820427131564,56.106201906170135,46.60290683536841,74.0,0.20998272527180717,2.883924513259203,2.912763758391795,2.877067196510592,1.2319828737140317,2.7447302910809497,1.2280972236710592,1.1911671559054686,2.912763758391795,0.997095612953149,1.2957880401079838,1.226853789171264,0.997095612953149,1.2957880401079838,2.643270142714909,3.105526637693748,0.10462088420251514,-0.19407154295231965,0.19276287930195268,-0.2694936156768861,False,False,0.05099003508459544,0.10198007016919088,0.050949997351984126,0.10189999470396825
725,12.083333333333334,False,False,50.20264875859664,50.0,61.70665206200865,49.92094091056567,56.10657801322737,46.5861228566669,74.0,0.2026487585966379,2.8809823930765552,2.909792217007321,2.8743983902043286,1.2330294737628207,2.742265920813714,1.2291924544009831,1.1923795734376381,2.909792217007321,0.9979538761188547,1.2972974822885783,1.227947910991543,0.9979538761188547,1.2972974822885783,2.640189111736571,3.103285090779308,0.10491790885094021,-0.19442569731878345,0.1934928737719872,-0.26960310527074993,False,False,0.050949997351984126,0.10189999470396825,0.05091022267272004,0.10182044534544007
730,12.166666666666666,False,False,50.19539730178126,50.0,61.70534989183679,49.913759964247795,56.10699431385222,46.56947553098831,74.0,0.1953973017812629,2.878049501612474,2.906829996628599,2.8717371012579394,1.234063285963608,2.7398357340680843,1.230274014220807,1.1935862769076175,2.906829996628599,0.998808184423827,1.2987998455338745,1.2290283757487033,0.998808184423827,1.2987998455338745,2.637118883735065,3.101047804677725,0.10521356862625697,-0.19477809248379052,0.19421780804912592,-0.26971111289353367,False,False,0.05091022267272004,0.10182044534544007,0.05087071193613463,0.10174142387226925
735,12.25,False,False,50.188228180681115,50.0,61.704102514108996,49.90666125606562,56.107451261382344,46.55296397675965,74.0,0.18822818068111502,2.8751258437338083,2.9038771021711463,2.8690833442063948,1.2350845357153588,2.737438861788079,1.2313421504467108,1.1947872596345133,2.9038771021711463,0.9996585121000571,1.3002951417588131,1.2300954304971583,0.9996585121000571,1.3002951417588131,2.634059445577086,3.0988148289134867,0.10550788212429985,-0.1951287475344562,0.19493772674234044,-0.2698176565940602,False,False,0.05087071193613463,0.10174142387226925,0.050831465841582504,0.10166293168316501
740,12.333333333333334,False,False,50.181141201774615,50.0,61.702909766686226,49.89964459047691,56.10794927826745,46.53658730705524,74.0,0.181141201774615,2.8722114279418567,2.900933542221275,2.8664371372452866,1.2360934430545383,2.7350744614705627,1.2323971042891946,1.1959825148638539,2.900933542221275,1.0005048336725861,1.3017833824459644,1.2311493162145326,1.0005048336725861,1.3017833824459644,2.631010787770583,3.0965862160342597,0.10580086758211049,-0.19547768119126774,0.19565267381298446,-0.26992275445069236,False,False,0.050831465841582504,0.10166293168316501,0.05079248490954082,0.10158496981908165
745,12.416666666666666,False,False,50.17413615222351,50.0,61.70177148613736,49.892709752188026,56.10848875560818,46.5203446289067,74.0,0.17413615222351098,2.8693062660476367,2.897999328708113,2.863798501902421,1.2370902228302099,2.7327417163162604,1.2334391110591434,1.1971720358853146,2.897999328708113,1.0013471240657883,1.3032645787675334,1.232190267962733,1.0013471240657883,1.3032645787675334,2.6279729041525624,3.094362021304979,0.10609254288221881,-0.19582491181952633,0.19636269259686578,-0.2700264245555508,False,False,0.05079248490954082,0.10158496981908165,0.05075376949202156,0.10150753898404312
750,12.5,False,False,50.16721280000789,50.0,61.70068750641047,49.88585650647848,56.10907005360033,46.50423504336164,74.0,0.16721280000788852,2.866410372866334,2.8950744765949974,2.861167462728771,1.2380750848719937,2.73043983440586,1.2344684003653297,1.1983558161062957,2.8950744765949974,1.002185358667261,1.3047387416646121,1.2332185151222348,1.002185358667261,1.3047387416646121,2.624945791595251,3.0921423024202204,0.10638292555831641,-0.1961704574390346,0.19706782582522298,-0.2701286849997464,False,False,0.05075376949202156,0.10150753898404312,0.050715319782472776,0.10143063956494555
755,12.583333333333334,False,False,50.16037089412724,50.0,61.699657657668276,49.87908460067236,56.10969350322832,46.48825764657268,74.0,0.16037089412724015,2.863523765929896,2.892159003589195,2.8585440470077357,1.2390482341512068,2.7281680479007364,1.2354851963037499,1.1995338490666383,2.892159003589195,1.003019513335164,1.3062058818695153,1.2342342815677967,1.003019513335164,1.3062058818695153,2.6219294497296257,3.089927119233858,0.10667203280287696,-0.19651433573147425,0.19776811564466312,-0.27022955385956937,False,False,0.050715319782472776,0.10143063956494555,0.05067713582511616,0.10135427165023232
760,12.666666666666666,False,False,50.15361016486021,50.0,61.698681765273605,49.872393762060604,56.11035940410712,46.472411527722265,74.0,0.15361016486021128,2.860646465216804,2.8892529298689724,2.8559282844817417,1.2400098709354976,2.7259256122677864,1.2364897176391578,1.2007061286152112,2.8892529298689724,1.0038495645614969,1.307666010083714,1.2352377858295314,1.0038495645614969,1.307666010083714,2.618923880685385,3.0877165335050893,0.10695988146850288,-0.19685656405371432,0.19846360363611693,-0.27032904918358724,False,False,0.05067713582511616,0.10135427165023232,0.05063921752382366,0.10127843504764732
765,12.75,False,False,50.14693032407546,50.0,61.697759648912744,49.8657837004294,56.111068027329814,46.456695771067416,74.0,0.1469303240754627,2.857778492898084,2.8863562778270646,2.853320207095237,1.2409601909372616,2.723711805527882,1.2374821779791696,1.201872648865765,2.8863562778270646,1.0046754894229948,1.3091191369430466,1.2362292413125489,1.0046754894229948,1.3091191369430466,2.6159290888464635,3.085510608659934,0.10724648807728165,-0.19719715944277016,0.1991543308328696,-0.27042718898060114,False,False,0.05063921752382366,0.10127843504764732,0.05060156465044863,0.10120312930089725
770,12.833333333333334,False,False,50.14033106558785,50.0,61.69689112184444,49.85925410704984,56.111819614473994,46.441109454829224,74.0,0.14033106558785136,2.8549198730986833,2.88346907182967,2.850719848753199,1.2418993854561204,2.7215259275274155,1.238462785941253,1.203033404314656,2.88346907182967,1.0054972656879617,1.310565273138532,1.2372088564287425,1.0054972656879617,1.310565273138532,2.612945080621272,3.083309409567377,0.107531868823876,-0.19753613862669428,0.19984033773770715,-0.2705239912083979,False,False,0.05060156465044863,0.10120312930089725,0.050564176852797356,0.10112835370559471
775,12.916666666666666,False,False,50.13381206555365,50.0,61.69607599026397,49.8528046557741,56.11261437889897,46.42565165196873,74.0,0.13381206555364855,2.8520706316733953,2.880591337990129,2.8481272450943247,1.2428276415157287,2.7193672992324105,1.2394317453129433,1.2041883898555625,2.880591337990129,1.0063148718240527,1.3120044294378248,1.2381768347432172,1.0063148718240527,1.3120044294378248,2.6099718642268446,3.081113002329357,0.10781603958226227,-0.19787351803150988,0.2005216643392278,-0.27061947376328455,False,False,0.050564176852797356,0.10112835370559471,0.05052705366212589,0.10105410732425178
780,13.0,False,False,50.12737298289954,50.0,61.695314052772005,49.84643500248466,56.113452505255125,46.41032142949779,74.0,0.12737298289953713,2.8492307959965157,2.877723103956481,2.8455424332781005,1.243745141995162,2.717235262044662,1.2403892552055822,1.2053376008677787,2.877723103956481,1.007128287076997,1.313436616777286,1.2391333751646472,1.007128287076997,1.313436616777286,2.6070094494861515,3.078921454083854,0.10809901590950721,-0.19820931379078166,0.20119835012737308,-0.27071365447032925,False,False,0.05052705366212589,0.10105410732425178,0.050490194500254736,0.10098038900050947
785,13.083333333333334,False,False,50.12101345978066,50.0,61.694605099938904,49.8401447875927,56.11433415230919,46.39511785051546,74.0,0.12101345978066291,2.8464003947645184,2.874864398712164,2.8429654517850027,1.2446520657551272,2.7151291771393677,1.2413355102018677,1.206481033157352,2.874864398712164,1.0079374914077663,1.3148618462122008,1.240078672091704,1.0079374914077663,1.3148618462122008,2.6040578476378746,3.0767348328203674,0.10838081305484892,-0.19854354174958555,0.2018704341082036,-0.2708065510742892,False,False,0.050490194500254736,0.10098038900050947,0.05045359868633301,0.10090719737266601
790,13.166666666666666,False,False,50.11473312206297,50.0,61.69394891395582,49.8339336337725,56.11525945059312,46.38003997199824,74.0,0.11473312206297237,2.8435794578110185,2.872015252389129,2.840396340229121,1.2455485877592252,2.7130484248237208,1.2422707004975067,1.2076186831189535,2.872015252389129,1.0087424656423476,1.3162801290793067,1.2410129155155574,1.0087424656423476,1.3162801290793067,2.6011170711579457,3.074553207207097,0.10866144596035321,-0.1988762174766059,0.2025379548179682,-0.27089818123118325,False,False,0.05045359868633301,0.10090719737266601,0.05041726544320751,0.10083453088641502
795,13.25,False,False,50.1085315798262,50.0,61.69334526836458,49.827801148939656,56.11622850575392,46.36508684727317,74.0,0.10853157982619877,2.840768015933364,2.869175696092698,2.8378351391825216,1.246434879190484,2.7109924039159066,1.2431950120372197,1.2087505476475873,2.869175696092698,1.009543191380798,1.3176914769183106,1.2419362911955887,1.009543191380798,1.3176914769183106,2.598187133592233,3.0723766464292055,0.1089409292707233,-0.19920735626678931,0.20320095033650754,-0.2709885625004649,False,False,0.05041726544320751,0.10083453088641502,0.050381193903515975,0.10076238780703195
800,13.333333333333334,False,False,50.10240842788337,50.0,61.69279392785908,49.82174692541158,56.117241397755045,46.350257525089454,74.0,0.10240842788336835,2.837966100730232,2.8663457617375343,2.8352818900107195,1.2473111075633738,2.7089605311439864,1.2441086266453616,1.2098766242268812,2.8663457617375343,1.0103396510764002,1.3190959015632266,1.2428489807765346,1.0103396510764002,1.3190959015632266,2.5952680493997593,3.0702052200375523,0.1092192773363454,-0.19953697315048102,0.20385945830001795,-0.271077712337775,False,False,0.050381193903515975,0.10076238780703195,0.05034538311540572,0.10069076623081144
805,13.416666666666666,False,False,50.09636324631405,50.0,61.69229464815081,49.81577054087982,56.11829818204807,46.335551050309896,74.0,0.09636324631404847,2.835173744449611,2.863525481894107,2.832736634718656,1.2481774368315004,2.70695224056412,1.2450117221513797,1.2109969109290888,2.863525481894107,1.011131828029929,1.3204934151485537,1.2437511619056296,1.011131828029929,1.3204934151485537,2.592359833805874,3.0680389978073253,0.10949650421946489,-0.19986508289915972,0.2045135159132183,-0.27116564808823274,False,False,0.05034538311540572,0.10069076623081144,0.05030983204803295,0.1006196640960659
810,13.5,False,False,50.090395601007515,50.0,61.69184717589306,49.809871558385574,56.11939888966137,46.32096646371808,74.0,0.09039560100751487,2.832390979846619,2.8607148896450854,2.8301994158065997,1.2490340274911673,2.704966982997596,1.2459044725103752,1.2121114064592349,2.8607148896450854,1.0119197064265206,1.3218840301577817,1.2446430083790347,1.0119197064265206,1.3218840301577817,2.589462502664847,3.065878049606027,0.10977262369854679,-0.20019170003271425,0.2051631599609416,-0.27125238698023857,False,False,0.05030983204803295,0.1006196640960659,0.050274539596673135,0.10054907919334627
815,13.583333333333334,False,False,50.084505044214076,50.0,61.69145124865689,49.80404952810956,56.1205435292624,46.30650280344604,74.0,0.08450504421407601,2.8296178400506156,2.8579140184511216,2.8276702761354366,1.2498810366809914,2.703004225486159,1.2467870479189382,1.2132201101109696,2.8579140184511216,1.012703271287648,1.3232677593867521,1.2455246901857664,1.012703271287648,1.3232677593867521,2.586576072331365,3.0637224452703133,0.11004764927578248,-0.2005168388233216,0.20580842681919176,-0.2713379461197567,False,False,0.050274539596673135,0.10054907919334627,0.05023950458769972,0.10047900917539944
820,13.666666666666666,False,False,50.07869111510114,50.0,61.69110659495442,49.79830398661234,56.12173208644799,46.29215910413345,74.0,0.07869111510113669,2.8268543584410923,2.8551229020255033,2.825149258800839,1.250718618277739,2.7010634507651003,1.2476596149265042,1.214323021840146,2.8551229020255033,1.0134825085365307,1.3246446160201906,1.246396373727339,1.0134825085365307,1.3246446160201906,2.5837005595404547,3.0615722544911894,0.11032159418004461,-0.2008405133036153,0.20644935246568608,-0.2714223424850486,False,False,0.05023950458769972,0.10047900917539944,0.05020472578318399,0.10040945156636798
825,13.75,False,False,50.07295334031249,50.0,61.69081293430389,49.79263445820638,56.12296452535308,46.27793439799002,74.0,0.07295334031248757,2.8241005685318736,2.8523415742171925,2.822636407015822,1.2515469229885527,2.6991441567536096,1.2485223365424079,1.215420142235389,2.8523415742171925,1.0142574049644835,1.3260146136089337,1.2472582218470507,1.0142574049644835,1.3260146136089337,2.5808359812953463,3.0594275467071053,0.11059447137354472,-0.2011627372709055,0.20708597248991278,-0.2715055929218462,False,False,0.05020472578318399,0.10040945156636798,0.05017020188535476,0.10034040377070952
830,13.833333333333334,False,False,50.067291234528334,50.0,61.69056997733209,49.787040455032134,56.12424078885019,46.263827714706764,74.0,0.06729123452833363,2.821356503863162,2.8495700689017935,2.820131764001226,1.252366098439722,2.6972458560618735,1.2493753723388343,1.216511472547527,2.8495700689017935,1.0150279482540296,1.3273777661036763,1.248110393947127,1.0150279482540296,1.3273777661036763,2.57798235476287,3.0572883910045237,0.1108662935561493,-0.20148352429349736,0.2077183221027301,-0.27158771413892335,False,False,0.05017020188535476,0.10034040377070952,0.05013593154076818,0.10027186308153636
835,13.916666666666666,False,False,50.0617043010246,50.0,61.69037742590984,49.781521477711365,56.125560799376544,46.24983808188457,74.0,0.061704301024597896,2.818622197901007,2.846808419880017,2.817635372883697,1.253176289262151,2.6953680755144447,1.2502188785498383,1.2175970146895907,2.846808419880017,1.0157941269737791,1.3287340878602525,1.248953046120505,1.0157941269737791,1.3287340878602525,2.5751396971759757,3.055154856025544,0.1111370731706618,-0.20180288771581156,0.20834643614552695,-0.2716687227040415,False,False,0.05013593154076818,0.10027186308153636,0.05010191334431055,0.1002038266886211
840,14.0,False,False,50.05619203222956,50.0,61.69023497331689,49.77607701688936,56.1269244607286,46.23596452625747,74.0,0.056192032229560596,2.815897683943773,2.8440566607832105,2.8151472766007597,1.2539776371736637,2.6935103556893734,1.2510530081666156,1.2186767711926678,2.8440566607832105,1.0165559305309104,1.3300835936022806,1.2497863311947641,1.0165559305309104,1.3300835936022806,2.5723080257429425,3.0530270098821837,0.11140682240961275,-0.2021208406617574,0.20897034909897316,-0.271748635040268,False,False,0.05010191334431055,0.1002038266886211,0.05006814584295412,0.10013629168590824
845,14.083333333333334,False,False,50.05075391027674,50.0,61.690142304432214,49.770706551934964,56.12833165676406,46.222206072388445,74.0,0.05075391027673959,2.8131829950352443,2.841314824985597,2.812667517812563,1.2547702810582868,2.691672250472639,1.2518779110291784,1.2197507452941956,2.841314824985597,1.0173133492512425,1.3314262985111824,1.250610398849267,1.0173133492512425,1.3314262985111824,2.569487357562966,3.0509049200769733,0.11167555321698686,-0.20243739604295308,0.2095900950913765,-0.27182746742263086,False,False,0.05006814584295412,0.10013629168590824,0.050034627539368604,0.10006925507873721
850,14.166666666666666,False,False,50.045389407552335,50.0,61.690099095946934,49.76540955302421,56.1297822537845,46.20856174438065,74.0,0.045389407552335115,2.8104781638839804,2.83858294552282,2.8101961388199697,1.2555543570426353,2.6898533266274103,1.252693733914601,1.220818940864383,2.83858294552282,1.0180663743035745,1.332762218160242,1.2514253957323036,1.0180663743035745,1.332762218160242,2.5666777095477378,3.0487886534294883,0.11194327729585907,-0.20275256656080853,0.21020570790666815,-0.2719052359750824,False,False,0.050034627539368604,0.10006925507873721,0.05000135689529641,0.10000271379059282
855,14.25,False,False,50.040097987236514,50.0,61.69010501659637,49.7601854810081,56.13127610050728,46.19503056561902,74.0,0.04009798723651414,2.807783222788587,2.8358610550164727,2.8077331814886133,1.2563299985695318,2.688053163377672,1.2535006206219768,1.2218813624356426,2.8358610550164727,1.0188149977232823,1.334091368547715,1.2522314654757338,1.0188149977232823,1.334091368547715,2.563879098348694,3.046678276008506,0.11221000611207232,-0.20306636471236028,0.21081722099203315,-0.2719819566677786,False,False,0.05000135689529641,0.10000271379059282,0.04996833233481105,0.0999366646696221
860,14.333333333333334,False,False,50.03487910383716,50.0,61.69015972740891,49.75503378817806,56.132813029013406,46.181611559313744,74.0,0.03487910383716297,2.80509820356857,2.8331491856042557,2.8052786871785997,1.2570973364689717,2.6862713520057766,1.2542987120542373,1.2229380151878742,2.8331491856042557,1.01955921239351,1.335413766087313,1.253028748841416,1.01955921239351,1.335413766087313,2.5610915402896204,3.0445738530694664,0.11247575089943895,-0.20337880279436416,0.2114246674652107,-0.2720576453146353,False,False,0.04996833233481105,0.0999366646696221,0.04993555224736122,0.09987110449472245
865,14.416666666666666,False,False,50.0297322037155,50.0,61.69026288196885,49.749953918686856,56.134392855319824,46.16830374873962,74.0,0.029732203715497008,2.802423137500469,2.8304473688754737,2.8028326966795434,1.2578564990265522,2.6845074954634836,1.255088146296961,1.2239889049484647,2.8304473688754737,1.020299012040618,1.3367294276127502,1.2538173837944215,1.020299012040618,1.3367294276127502,2.5583150513043207,3.0424754489969503,0.11274052266428547,-0.20368989290784678,0.21202808012147667,-0.27213231757115297,False,False,0.04993555224736122,0.09987110449472245,0.049903014990695146,0.09980602998139029
870,14.5,False,False,50.02465672560258,50.0,61.69041412669091,49.74494530893762,56.136015379916564,46.15510615745029,74.0,0.024656725602582696,2.799758055258969,2.8277556358115588,2.8003952501506353,1.2586076120494707,2.6827612079960534,1.2558690586943064,1.2250340381922888,2.8277556358115588,1.0210343912297204,1.3380383703821739,1.2545975055323197,1.0210343912297204,1.3380383703821739,2.5555496468790637,3.040383127251875,0.11300433218988504,-0.20399964696256845,0.21262749144031634,-0.27220598893249504,False,False,0.049903014990695146,0.09980602998139029,0.04987071889361275,0.0997414377872255
875,14.583333333333334,False,False,50.01965210110619,50.0,61.69061310110461,49.74000738856346,56.13768038894577,46.14201781001988,74.0,0.01965210110618898,2.7971029868627166,2.8250740167313437,2.797966387065469,1.2593507989301995,2.6810321147789864,1.256641581922194,1.2260734220122778,2.8250740167313437,1.0217653453319815,1.3393406120541542,1.2553692465876793,1.0217653453319815,1.3393406120541542,2.5527953419995426,3.03829695032317,0.11326719004187646,-0.20430807668029627,0.2132229335918261,-0.2722786747318011,False,False,0.04987071889361275,0.0997414377872255,0.049838662258587726,0.09967732451717545
880,14.666666666666666,False,False,50.01471775520731,50.0,61.69085943814623,49.73513958013687,56.13938765399745,46.12903773165787,74.0,0.014717755207307448,2.7944579616245795,2.8224025412408253,2.795546146161356,1.260086180707929,2.679319851566994,1.257405846058851,1.2271070641488495,2.8224025412408253,1.0224918705486585,1.3406361707202423,1.2561327369159245,1.0224918705486585,1.3406361707202423,2.5500521511020984,3.0362169796836547,0.11352910657139281,-0.20461519360019098,0.21381443844282932,-0.27235039013872697,False,False,0.049838662258587726,0.09967732451717545,0.049806843364243264,0.09961368672848653
885,14.75,False,False,50.009853106746085,50.0,61.691152764456774,49.73034130102351,56.14113693423878,46.11616494973299,74.0,0.009853106746085416,2.791823008106094,2.819741238187155,2.7931345653928767,1.2608138761278802,2.677624064354815,1.2581619786528324,1.2281349729163322,2.819741238187155,1.0232139638360707,1.3419250648382521,1.256888103924621,1.0232139638360707,1.3419250648382521,2.547320088028962,3.0341432757498987,0.11379009192191991,-0.20492100908026156,0.21440203756274379,-0.272421150158193,False,False,0.049806843364243264,0.09961368672848653,0.04977526046773183,0.09955052093546365
890,14.833333333333334,False,False,50.00505756889638,50.0,61.69149270068441,49.72561196148911,56.14292797446302,46.103398491968655,74.0,0.005057568896383202,2.789198154075871,2.81709013561663,2.7907316818894303,1.261534001698572,2.6759444090494875,1.2589101047886315,1.2291571573059719,2.81709013561663,1.0239316230006459,1.343207313335453,1.2576354725906187,1.0239316230006459,1.343207313335453,2.544599165987299,3.0320758978458313,0.1140501560294811,-0.20522553430532597,0.21498576222920152,-0.27249096962933095,False,False,0.04977526046773183,0.09955052093546365,0.04974391180694153,0.09948782361388306
895,14.916666666666666,False,False,50.000330549628856,50.0,61.69187886178971,49.720950968052385,56.1447605088496,46.090737389304024,74.0,0.00033054962885614714,2.7865834264717346,2.814449260736452,2.7883375319165653,1.2622466717471301,2.6742805511536982,1.2596503471499767,1.2301736268387777,2.814449260736452,1.0246448465532234,1.344482935470827,1.2583749654746954,1.0246448465532234,1.344482935470827,2.5418893975118326,3.030014904169887,0.11430930863204924,-0.20552878028555432,0.21556564343343476,-0.27255986322461956,False,False,0.04974391180694153,0.09948782361388306,0.049712795602618334,0.09942559120523667
900,15.0,False,False,49.99567145216245,50.0,61.69231085735271,49.71635772154548,56.14663425896016,46.07818067405308,74.0,-0.004328547837552321,2.7839788513663746,2.8118186398800384,2.78595215084086,1.262951998472722,2.67263216545985,1.2603828260809102,1.2311843916685303,2.8118186398800384,1.0253536338042621,1.3457519509380689,1.2591067027801275,1.0253536338042621,1.3457519509380689,2.5391907944308505,3.0279603517654836,0.11456755926953854,-0.2058307578642682,0.21614171188544518,-0.27262784544918794,False,False,0.049712795602618334,0.09942559120523667,0.04968191006040086,0.09936382012080172
905,15.083333333333334,False,False,49.99107967540368,50.0,61.69278829188031,49.711831619490354,56.14854893643363,46.06572738190166,74.0,-0.008920324596317641,2.781384453936329,2.8091982984756925,2.783575573098167,1.2636500919981912,2.6709989357544908,1.261107659644752,1.2321894624787728,2.8091982984756925,1.026057984760805,1.3470143797701626,1.2598308024551899,1.026057984760805,1.3470143797701626,2.5365033678353983,3.0259122964946505,0.11482491729138977,-0.20613147771796791,0.21671399801895808,-0.27269493064029415,False,False,0.04968191006040086,0.09936382012080172,0.04965125337269596,0.09930250674539191
910,15.166666666666666,False,False,49.9865546143738,50.0,61.69331076511306,49.707372054737895,56.15050424161007,46.053376550586115,74.0,-0.013445385626198458,2.778800258434088,2.8065882610184287,2.781207832165024,1.2643410604199727,2.6693805545327667,1.2618249636810268,1.2331888505563893,2.8065882610184287,1.026757900193513,1.3482702424138702,1.2605473802224425,1.026757900193513,1.3482702424138702,2.5338271280514784,3.0238707930146123,0.1150813918574809,-0.2064309503628763,0.21728253199618353,-0.27276113296695037,False,False,0.04965125337269596,0.09930250674539191,0.049620823720481225,0.09924164744096245
915,15.25,False,False,49.98209566062374,50.0,61.6938778723306,49.7029784165654,56.152499864830624,46.041127220758405,74.0,-0.01790433937625835,2.7762262881631528,2.8039885510447844,2.778848960533045,1.2650250098563482,2.66777672272255,1.2625348518604518,1.2341825677474572,2.8039885510447844,1.0274533815904503,1.3495195596908005,1.261256549651944,1.0274533815904503,1.3495195596908005,2.5311620846150915,3.021835894757169,0.11533699194334335,-0.20672918615700686,0.21784734371238468,-0.2728264664296929,False,False,0.049620823720481225,0.09924164744096245,0.04959061927502793,0.09918123855005587
920,15.333333333333334,False,False,49.97770220263665,50.0,61.6944892046544,49.6986500920634,56.15453548805192,46.02897843710952,74.0,-0.02229779736335047,2.773662565455872,2.801399191110431,2.7764989896861305,1.26570204449413,2.6661871494179303,1.2632374357380536,1.2351706263983853,2.801399191110431,1.0281444310967716,1.3507623527442287,1.2619584221758942,1.0281444310967716,1.3507623527442287,2.528508246249933,3.019807653910696,0.11559172634584347,-0.2070261953016137,0.21840846280026494,-0.27289094486049814,False,False,0.04959061927502793,0.09918123855005587,0.04956063819950101,0.09912127639900202
925,15.416666666666666,False,False,49.97337362621811,50.0,61.695144349347615,49.694386465339285,56.156610784081145,46.0169292475564,74.0,-0.02662637378188748,2.771109111653895,2.798820202770434,2.7741579500803146,1.2663722666338137,2.6646115516217526,1.2639328248045008,1.2361530394000602,2.798820202770434,1.028831051553653,1.3519986430850017,1.2626531071618503,1.028831051553653,1.3519986430850017,2.525865620847619,3.0177861214046247,0.11584560368494157,-0.2073219878464072,0.2189659186341908,-0.27295458192281474,False,False,0.04956063819950101,0.09912127639900202,0.049530878650500265,0.09906175730100053
930,15.5,False,False,49.969109314873975,50.0,61.69584289011091,49.690186917633945,56.15872541680404,46.00497870324219,74.0,-0.030890685126024664,2.768565947091092,2.7962516065620027,2.771825871126122,1.2670357767332838,2.663049653996894,1.2646211265357248,1.2371298201878471,2.7962516065620027,1.0295132464947976,1.3532284525948641,1.2633407120005815,1.0295132464947976,1.3532284525948641,2.523234215450281,3.0157713468962455,0.11609863240701701,-0.20761657369304953,0.21951974033424282,-0.2730173911117215,False,False,0.049530878650500265,0.09906175730100053,0.04950133877950113,0.09900267755900226
935,15.583333333333334,False,False,49.96490865017576,50.0,61.69658440737393,49.68605082927625,56.16087904341451,45.99312586016918,74.0,-0.035091349824242,2.766033091078793,2.7936934219895813,2.769502781173263,1.267692673450117,2.6615011886259814,1.2653024464408977,1.2381009826532956,2.7936934219895813,1.0301910200580093,1.354451803444707,1.2640213420767852,1.0301910200580093,1.354451803444707,2.520614036235384,3.0137633787597036,0.11635082079141146,-0.20790996259528627,0.2200699567701223,-0.2730793857541971,False,False,0.04950133877950113,0.09900267755900226,0.04947201673421281,0.09894403346842562
940,15.666666666666666,False,False,49.96077101211394,50.0,61.6973684785819,49.681977578532226,56.16307131325938,45.981369778077884,74.0,-0.03922898788606233,2.763510561893208,2.79114566751214,2.767188707497544,1.2683430536825466,2.659965894779266,1.265976888108837,1.2390665412030013,2.79114566751214,1.0308643770385035,1.355668718154409,1.264695100871586,1.0308643770385035,1.355668718154409,2.518005088502645,3.011762264077043,0.11660217695140762,-0.20820216416449777,0.22061659656490296,-0.2731405790094952,False,False,0.04947201673421281,0.09894403346842562,0.04944291065988829,0.09888582131977658
945,15.75,False,False,49.95669577943895,50.0,61.6981946784766,49.67796654229502,56.16530186868766,45.969709520961516,74.0,-0.04330422056104766,2.7609983767649005,2.7886083605325496,2.764883676289844,1.268987012609141,2.65844351869038,1.2666445532528994,1.2400265107291761,2.7886083605325496,1.0315333228572885,1.3568792195676036,1.2653620900211082,1.0315333228572885,1.3568792195676036,2.5154073766629343,3.0097680486311984,0.11685270883842747,-0.20849318787188764,0.22115968809864883,-0.2732009838696152,False,False,0.04944291065988829,0.09888582131977658,0.04941401870053086,0.09882803740106172
950,15.833333333333334,False,False,49.952682329990296,50.0,61.699062579371706,49.674017097069736,56.16757034621999,45.95814415784403,74.0,-0.047317670009704216,2.7584965518701883,2.78608151738889,2.7625877126470666,1.2696246437272471,2.6569338133396925,1.2673055417544268,1.2409809065655009,2.78608151738889,1.0321978635154463,1.35808333081221,1.2660224092725458,1.0321978635154463,1.35808333081221,2.5128209042290184,3.0077807769007845,0.11710242424670914,-0.20878304305005457,0.2216992595118943,-0.2732606131598718,False,False,0.04941401870053086,0.09882803740106172,0.04938533900006713,0.09877067800013425
955,15.916666666666666,False,False,49.94873004101333,50.0,61.69997175142191,49.67012861840232,56.16987637602098,45.94667276217939,74.0,-0.05126995898667275,2.756005102324358,2.7835651533476016,2.760300840564901,1.2702560388902504,2.6554365382450245,1.2679599517048108,1.2419297445165558,2.7835651533476016,1.0328580056193117,1.359281075331726,1.2666761566452351,1.0328580056193117,1.359281075331726,2.510245673808063,3.005800492056609,0.11735133081517013,-0.20907173889724406,0.22223533870900747,-0.2733194795395386,False,False,0.04938533900006713,0.09877067800013425,0.04935686970338398,0.09871373940676796
960,16.0,False,False,49.94483828946485,50.0,61.70092176288564,49.66630048184009,56.17221958303989,45.93529441261156,74.0,-0.05516171053515251,2.753524042176575,2.781059282598341,2.7580230829323362,1.2708812883436937,2.653951459259451,1.268607879446213,1.2428730408136746,2.781059282598341,1.0335137563348855,1.3604724768456211,1.2673234283720831,1.0335137563348855,1.3604724768456211,2.507681687095756,3.0038272359597604,0.11759943603194656,-0.20935928447878904,0.2227679533614193,-0.273377595502585,False,False,0.04935686970338398,0.09871373940676796,0.04932860895742665,0.0986572179148533
965,16.083333333333332,False,False,49.94100645230669,50.0,61.70191218038101,49.662532062647244,56.17459958679249,45.92400819263185,74.0,-0.05899354769331211,2.751053384406396,2.77856391825046,2.7557544615277583,1.271500480760306,2.6524783483759573,1.2692494196110138,1.2438108121296592,2.77856391825046,1.034165123398975,1.3616575593663294,1.2679643189727814,1.034165123398975,1.3616575593663294,2.5051289448719807,3.001861049161211,0.11784674723667021,-0.20964568873068412,0.2232971309107512,-0.2734349733784791,False,False,0.04932860895742665,0.0986572179148533,0.04930055491211219,0.09860110982422438
970,16.166666666666668,False,False,49.93723390678787,50.0,61.702942569134876,49.65882273674349,56.1770160024755,45.9128131913225,74.0,-0.062766093212133,2.748593140921769,2.7760790723309867,2.753494997016596,1.272113703273984,2.651016983538706,1.26988466516004,1.244743075534634,2.7760790723309867,1.0348121150737324,1.3628363471595137,1.2685989213416633,1.0348121150737324,1.3628363471595137,2.5025874469979215,2.9999019709028145,0.1180932716248797,-0.20993096046090165,0.2238228985718278,-0.27349162533306526,False,False,0.04930055491211219,0.09860110982422438,0.049272705721235224,0.09854541144247045
975,16.25,False,False,49.933520030715876,50.0,61.70401249322507,49.65517188070765,56.17946844106004,45.901708503273056,74.0,-0.06647996928412425,2.7461433225584417,2.773604755784026,2.751244708950368,1.2727210415127577,2.649567148460693,1.2705137074195998,1.2456698484960453,2.773604755784026,1.0354547401437528,1.3640088647467634,1.2692273267037764,1.0354547401437528,1.3640088647467634,2.500057192414528,2.9979500391196163,0.11833901625071808,-0.2102151083522925,0.22434528333559012,-0.27354756336949837,False,False,0.049272705721235224,0.09854541144247045,0.049245059543370974,0.09849011908674195
980,16.333333333333332,False,False,49.92986420271662,50.0,61.705121515815215,49.6515788717726,56.18195650937444,45.890693228490555,74.0,-0.0701357972833776,2.743703939080677,2.7711409784714838,2.749003615767072,1.2733225796307939,2.6481286324475626,1.2711366361173995,1.2465911488786605,2.7711409784714838,1.0360930079132324,1.3651751369082332,1.269849624702738,1.0360930079132324,1.3651751369082332,2.497538179142234,2.9960052904433896,0.1185839880295727,-0.21049814096542807,0.22486431197190582,-0.2736027993292498,False,False,0.049245059543370974,0.09849011908674195,0.04921761454263492,0.09843522908526985
985,16.416666666666668,False,False,49.92626580248372,50.0,61.70626919938233,49.64804308811987,56.184479810512364,45.879766472577394,74.0,-0.07373419751628063,2.741274999183196,2.768687749175028,2.746771734792812,1.273918400339468,2.6467012302273765,1.27175353941737,1.247506994929854,2.768687749175028,1.0367269281890195,1.366335188671057,1.2704659033860937,1.0367269281890195,1.366335188671057,2.495030404281868,2.994067760207319,0.11882819374120301,-0.2107800667408346,0.225380011032291,-0.2736573448931603,False,False,0.04921761454263492,0.09843522908526985,0.04919036888945631,0.09838073777891262
990,16.5,False,False,49.922724211017155,50.0,61.70745510593719,49.64456390947391,56.1870379445667,45.86892734717586,74.0,-0.07727578898284548,2.7388565104942706,2.766245075599213,2.7445490822445935,1.2745085849375366,2.645284741786118,1.2723645039534495,1.2484174052501749,2.766245075599213,1.037356511249555,1.367489045283533,1.2710762493371022,1.037356511249555,1.367489045283533,2.492533864016667,2.992137482451752,0.11907164003335824,-0.21106089400061978,0.22589240685253875,-0.2737112115825462,False,False,0.04919036888945631,0.09838073777891262,0.04916332076128064,0.09832664152256128
995,16.583333333333332,False,False,49.919238810851695,50.0,61.70867879723726,49.64114071768819,56.18963050935299,45.85817497040673,74.0,-0.08076118914830488,2.736448479579881,2.76381296437568,2.7423356732342095,1.2750932133404527,2.643878972208748,1.2729696148623628,1.249322398763916,2.76381296437568,1.0379817678138705,1.368636732189256,1.2716807475722363,1.0379817678138705,1.368636732189256,2.4900485536153223,2.9902144899309486,0.11931433342534015,-0.2113406309500454,0.2264015255552687,-0.2737644107603576,False,False,0.04916332076128064,0.09832664152256128,0.04913646834324412,0.09827293668648825
1000,16.666666666666668,False,False,49.91580898627513,50.0,61.709939834992426,49.63777289517029,56.19225709877488,45.847508465395876,74.0,-0.08419101372486892,2.734050911948873,2.761391421068362,2.7401315217731357,1.2756723641088494,2.6424837315256,1.2735689558154428,1.2502219947926916,2.761391421068362,1.0386027091098065,1.3697782751003553,1.2722794817022534,1.0386027091098065,1.3697782751003553,2.4875744674359903,2.9882988141207476,0.11955628030766374,-0.21161928568288513,0.2269073930523855,-0.2738169536323718,False,False,0.04913646834324412,0.09827293668648825,0.04910980982878834,0.09821961965757668
1005,16.75,False,False,49.912434123536634,50.0,61.711237781063,49.63445982730114,56.194917305544536,45.83692696233951,74.0,-0.08756587646336556,2.73166381205905,2.7589804501796404,2.737936640778369,1.2762461144762327,2.6410988345639392,1.274162609049518,1.2511162129377136,2.7589804501796404,1.0392193467581214,1.3709136998865203,1.272872533873624,1.0392193467581214,1.3709136998865203,2.485111598931205,2.9863904852271177,0.11979748694880676,-0.21189686617959214,0.22741003504747725,-0.2738688512484355,False,False,0.04910980982878834,0.09821961965757668,0.04908334342023938,0.09816668684047876
1010,16.833333333333332,False,False,49.90911361104551,50.0,61.71257219765085,49.631200901155175,56.19761071986707,45.82642959729504,74.0,-0.09088638895448753,2.7292871833241183,2.7565800551573596,2.735751042079161,1.2768145403759001,2.639724100804508,1.274750655396921,1.2520050731386527,2.7565800551573596,1.0398316928266493,1.3720430326339652,1.2734599848271047,1.0398316928266493,1.3720430326339652,2.482659940653619,2.9844895321954827,0.12003795949531249,-0.2121733803120034,0.22790947703812314,-0.27392011450374065,False,False,0.04908334342023938,0.09816668684047876,0.0490570673293534,0.0981141346587068
1015,16.916666666666668,False,False,49.905846839560695,50.0,61.71394264748294,49.6279955069832,56.20033693113752,45.8160155134194,74.0,-0.09415316043930488,2.726921028121446,2.7541902384026606,2.7335747364245506,1.2773777164671283,2.6383593542428696,1.2753331743146274,1.2528885956000615,2.7541902384026606,1.0404397597570132,1.3731662995768459,1.2740419139563075,1.0404397597570132,1.3731662995768459,2.480219484262525,2.982595982720805,0.12027770397678439,-0.2124488358430483,0.22840574431814442,-0.2739707541401355,False,False,0.0490570673293534,0.0981141346587068,0.049030979777839406,0.09806195955567881
1020,17.0,False,False,49.90263320237083,50.0,61.715348693987835,49.62484303661516,56.203095526276165,45.80568385948259,74.0,-0.09736679762917078,2.724565347800562,2.7518110012785675,2.731407733491665,1.2779357161606462,2.6370044232553953,1.2759102439125838,1.2537668008649507,2.7518110012785675,1.041043560433053,1.374283527170292,1.2746183992784155,1.041043560433053,1.374283527170292,2.477790220531106,2.9807098632583506,0.12051672630534127,-0.21272324043189772,0.22889886197978315,-0.2740207807474615,False,False,0.049030979777839406,0.09806195955567881,0.049005078997795465,0.09801015799559093
1025,17.083333333333332,False,False,49.89947209546568,50.0,61.71678990146488,49.62174288493256,56.205886091411465,45.79543379109931,74.0,-0.10052790453431726,2.7222201426923425,2.749442344119266,2.729250041894728,1.2784886116434264,2.6356591404697225,1.2764819409812402,1.2546397097412136,2.749442344119266,1.0416431081076407,1.3753947420217254,1.275189517507397,1.0416431081076407,1.3753947420217254,2.4753721393543384,2.9788311990350853,0.12075503228051176,-0.21299660163357292,0.22938885491581917,-0.2740702047649277,False,False,0.049005078997795465,0.09801015799559093,0.04897936323217396,0.09795872646434792
1030,17.166666666666668,False,False,49.896362917698994,50.0,61.718265835246704,49.61869445010558,56.2087082122144,45.78526447086871,74.0,-0.10363708230100599,2.7198854121188405,2.7470842662400288,2.727101669194712,1.2790364739028135,2.6343233426395316,1.2770483410183158,1.2555073432869086,2.7470842662400288,1.042238416386206,1.3764999708787946,1.275755344068648,1.042238416386206,1.3764999708787946,2.4729652297575258,2.976960014061656,0.120992627591886,-0.21326892690070265,0.22987574782162712,-0.274119036482503,False,False,0.04897936323217396,0.09795872646434792,0.048953830735201216,0.09790766147040243
1035,17.25,False,False,49.89330507094254,50.0,61.719776061854304,49.61569713290487,56.211561473221515,45.77517506769654,74.0,-0.10669492905746125,2.717561154403698,2.744736765947735,2.724962621909591,1.2795793727500242,2.6329968705234927,1.2776095182548377,1.2563697228396906,2.744736765947735,1.042829499252813,1.3775992406597624,1.2763159531136354,1.042829499252813,1.3775992406597624,2.470569479905404,2.975096331144915,0.12122951782007174,-0.21354022358687752,0.2303595651971797,-0.274167286042331,False,False,0.048953830735201216,0.09790766147040243,0.048928479772701365,0.09785695954540273
1040,17.333333333333332,False,False,49.89029796023249,50.0,61.72132014914576,49.61275033754514,56.214445458828465,45.76516475747414,74.0,-0.10970203976751236,2.715247366883101,2.742399840551932,2.722832905525159,1.2801173768430287,2.631679568768223,1.2781655456804681,1.2572268699726648,2.742399840551932,1.0434163710254512,1.3786925784130157,1.2768714175784681,1.0434163710254512,1.3786925784130157,2.4681848771117587,2.973240171900923,0.12146570844035098,-0.2138104989472136,0.23084033134899107,-0.27421496344017315,False,False,0.048928479772701365,0.09785695954540273,0.048903308622504645,0.09780661724500929
1045,17.416666666666668,False,False,49.887340993907564,50.0,61.722897666457946,49.609853471603465,56.21735975327255,45.755232722939915,74.0,-0.11265900609243573,2.712944045917229,2.740073486376401,2.720712524506341,1.280650553708847,2.6303712857951296,1.2787164950681587,1.2580788064943864,2.740073486376401,1.0439990463538693,1.3797800113190328,1.2774218091253262,1.0439990463538693,1.3797800113190328,2.46581140784954,2.9713915567684124,0.12170120482464641,-0.2140797601405171,0.23131807039201124,-0.27426207852686124,False,False,0.048903308622504645,0.09780661724500929,0.04887831557472935,0.0977566311494587
1050,17.5,False,False,49.88443358373967,50.0,61.724508184741865,49.60700594593445,56.22030394061058,45.74537815353956,74.0,-0.11556641626032871,2.710651186902165,2.737757698771187,2.7186014823089764,1.2811789697652725,2.6290718736909913,1.2792624369981382,1.2589255544488607,2.737757698771187,1.0445775402174575,1.3808615666923,1.2779671983035314,1.0445775402174575,1.3808615666923,2.463449057761413,2.9695505050226574,0.12193601224343942,-0.21434801423140315,0.23179280625147047,-0.2743086410097737,False,False,0.04887831557472935,0.0977566311494587,0.048853498932095306,0.09770699786419061
1055,17.583333333333332,False,False,49.88157514505697,50.0,61.726151276691446,49.60420717488937,56.2232776050271,45.73560024555603,74.0,-0.11842485494302935,2.7083687842822135,2.7354524721250355,2.7164997813920353,1.2817026903420488,2.6277811881021464,1.279803440881282,1.2597671361008271,2.7354524721250355,1.0451518679090033,1.3819372719690282,1.278507654417763,1.0451518679090033,1.3819372719690282,2.4610978116707174,2.9677170347897155,0.12217013586820102,-0.21461526819182386,0.23226456266467999,-0.2743546604543181,False,False,0.048853498932095306,0.09770699786419061,0.04882885701017852,0.09765771402035704
1060,17.666666666666668,False,False,49.87876509685986,50.0,61.72782651686603,49.601456576838565,56.22628033147307,45.72589820250917,74.0,-0.12123490314014163,2.7060968315625966,2.7331577998782226,2.7144074232302167,1.2822217797015183,2.626499088132171,1.2803395749818633,1.2606035739063282,2.7331577998782226,1.045722045004329,1.383007154680652,1.2790432456891268,1.045722045004329,1.383007154680652,2.458757653592787,2.9658911630610048,0.12240358077432378,-0.21488152890199919,0.23273336318278215,-0.27440014628543574,False,False,0.04882885701017852,0.09765771402035704,0.04880438813767017,0.09760877627534034
1065,17.75,False,False,49.876002861929976,50.0,61.72953348180682,49.59875357438425,56.22931170596493,45.716271235282115,74.0,-0.123997138070024,2.7038353213224955,2.7308736745357205,2.7123244083268956,1.282736301058757,2.6252254362429053,1.2808709064397215,1.2614348904979944,2.7308736745357205,1.0462880873461318,1.3840712424414634,1.2795740391819437,1.0462880873461318,1.3840712424414634,2.4564285667466144,2.964072905708183,0.122636351943469,-0.21514680315186263,0.23319923117246244,-0.27444510778910614,False,False,0.04880438813767017,0.09760877627534034,0.04878009065660149,0.09756018131320297
1070,17.833333333333332,False,False,49.873287866932365,50.0,61.73127175014727,49.596097592732264,56.23237131387264,45.706718560622576,74.0,-0.12671213306763462,2.701584245228397,2.728600087680681,2.7102507362273984,1.2832463166012154,2.623960098158732,1.2813975012918677,1.262261108758621,2.728600087680681,1.0468500111128711,1.3851295630211982,1.280100100862319,1.0468500111128711,1.3851295630211982,2.4541105335668125,2.9622622774983007,0.12286845426257709,-0.21541109764574995,0.23366218981761966,-0.27448955411386855,False,False,0.04878009065660149,0.09756018131320297,0.048755962922530274,0.09751192584506055
1075,17.916666666666668,False,False,49.87061954251124,50.0,61.73304090271755,49.59348806204643,56.23545874255475,45.69723940316443,74.0,-0.12938045748875737,2.6993435940477166,2.7263370299881937,2.7081864055325564,1.2837518875078866,2.6227029427739774,1.2819194244935388,1.263082251703445,2.7263370299881937,1.0474078327035272,1.3861821442334226,1.2806214956274289,1.0474078327035272,1.3861821442334226,2.451803535715846,2.960459292109188,0.12309989252997755,-0.2156744189999178,0.2341222621209944,-0.27453349427234786,False,False,0.048755962922530274,0.09751192584506055,0.04873200330474153,0.09746400660948305
1080,18.0,False,False,49.86799732337949,50.0,61.73484052264354,49.590924416735184,56.23857358064303,45.687832994739324,74.0,-0.1320026766205089,2.697113357662665,2.724084491239292,2.7061314139125168,1.2842530739680105,2.6214538420633238,1.2824367399387278,1.263898342509574,2.724084491239292,1.0479615687640642,1.3872290139655454,1.281138287290878,1.0479615687640642,1.3872290139655454,2.4495075540965066,2.9586639621450614,0.12333067145597143,-0.2159367737455098,0.23457947090576958,-0.2745769371427853,False,False,0.04873200330474153,0.09746400660948305,0.04870821018641296,0.09741642037282593
1085,18.083333333333332,False,False,49.86542064840182,50.0,61.73667019543999,49.588406095043474,56.24171541765923,45.678498573959395,74.0,-0.1345793515981768,2.6948935250843387,2.721842460335182,2.704085758120784,1.2847499351993343,2.6202126709951457,1.28294951048021,1.2647094045307041,2.721842460335182,1.048511236199771,1.3882702001946283,1.281650538655913,1.048511236199771,1.3882702001946283,2.4472225688646083,2.956876299152305,0.1235607956639242,-0.21619816833093308,0.23503383881712292,-0.27461989147057375,False,False,0.04870821018641296,0.09741642037282593,0.04868458196472493,0.09736916392944986
1090,18.166666666666668,False,False,49.862888960672514,50.0,61.73852950909859,49.58593253925633,56.24488384429849,45.66923538634181,74.0,-0.13711103932748614,2.6926840844669933,2.719610925311663,2.7020494340084564,1.285242529465943,2.6189793074476397,1.2834577979490693,1.2655154612824027,2.719610925311663,1.0490568521593,1.3893057309748236,1.2821583115007797,1.0490568521593,1.3893057309748236,2.4449485594418663,2.9550963136354205,0.1237902696924209,-0.21645860912310266,0.23548538832375732,-0.27466236586979687,False,False,0.04868458196472493,0.09736916392944986,0.0486611170510478,0.0973222341020956
1095,18.25,False,False,49.860401707587094,50.0,61.74041805417057,49.583503196206614,56.24807845304389,45.66004268470239,74.0,-0.13959829241290578,2.690485023122489,2.717389873353714,2.700022436538643,1.285730914095675,2.617753632127677,1.283961663173759,1.266316536412678,2.717389873353714,1.0495984340045825,1.3903356344106166,1.2826616665640813,1.0495984340045825,1.3903356344106166,2.4426855045289417,2.9533240150731057,0.12401909799793853,-0.21671810240809553,0.23593414171939164,-0.27470436882477234,False,False,0.0486611170510478,0.0973222341020956,0.048637813871001426,0.09727562774200285
1100,18.333333333333332,False,False,49.85795834090878,50.0,61.742335423844494,49.58111751778093,56.25129883877837,45.65091972954863,74.0,-0.14204165909121969,2.6882963275348724,2.7151792908102212,2.698004759801024,1.2862151454971322,2.6165355284922556,1.2844611659987015,1.2671126536725479,2.7151792908102212,1.050135999280777,1.3913599386300237,1.2831606636472772,1.050135999280777,1.3913599386300237,2.440433382118634,2.9515594119344475,0.12424728495747583,-0.21697665439177083,0.23638012112422624,-0.2747459086915871,False,False,0.048637813871001426,0.09727562774200285,0.04861467086457597,0.09722934172915194
1105,18.416666666666668,False,False,49.855558316829594,50.0,61.74428121401888,49.57877495897688,56.25454459672039,45.641865787312135,74.0,-0.14444168317040607,2.686117983375081,2.7129791632088316,2.6959963970265406,1.2866952791763058,2.6153248826724864,1.2849563653024467,1.2679038370043327,2.7129791632088316,1.0506695657995875,1.3923786718710998,1.2836553615707544,1.0506695657995875,1.3923786718710998,2.4381921695091893,2.949802511695207,0.12447483486676703,-0.21723427120474526,0.23682334848637554,-0.2747869936996423,False,False,0.04861467086457597,0.09722934172915194,0.048591686486205425,0.09718337297241085
1110,18.5,False,False,49.85320109602648,50.0,61.7462550233703,49.5764749802434,56.25781532503741,45.63288013236306,74.0,-0.1467989039735187,2.6839499755157425,2.7107894752709,2.6939973406021984,1.2871713697528202,2.614121583400015,1.2854473190154003,1.2686901104239314,2.7107894752709,1.051199151524285,1.3933918623700736,1.284145818188472,1.051199151524285,1.3933918623700736,2.435961843317708,2.948053320854177,0.12470175194614219,-0.21749095889964654,0.23726384558327673,-0.27482763195319215,False,False,0.048591686486205425,0.09718337297241085,0.048568859204842225,0.09713771840968445
1115,18.583333333333332,False,False,49.850886143712515,50.0,61.7482564534167,49.57421704675973,56.26111062411431,45.623962046322916,74.0,-0.1491138562874852,2.6817922880460543,2.7086102109265147,2.6920075820859424,1.2876434709758164,2.6129255219357734,1.2859340841371425,1.2694714980502522,2.7086102109265147,1.0517247745964269,1.3943995383911172,1.284632090475816,1.0517247745964269,1.3943995383911172,2.4337423794936375,2.946311844949582,0.12492804034086502,-0.21774672345382529,0.23770163402306732,-0.2748678314328772,False,False,0.048568859204842225,0.09713771840968445,0.048546187504004266,0.09709237500800853
1120,18.666666666666668,False,False,49.84861292968348,50.0,61.750285108576385,49.57200062771488,56.26443009582095,45.615110817379176,74.0,-0.15138707031651677,2.6796449042867203,2.7064413533295877,2.6900271122216095,1.2881116357394806,2.6117365920010207,1.2864167167533413,1.2702480241346439,2.7064413533295877,1.052246453362613,1.3954017282560884,1.2851142344271012,1.052246453362613,1.3954017282560884,2.431533753332329,2.94457808857553,0.12515370412144455,-0.21800157077203086,0.23813673524594225,-0.2749075999972588,False,False,0.048546187504004266,0.09709237500800853,0.0485236698818257,0.0970473397636514
1125,18.75,False,False,49.84638092835993,50.0,61.75234059622277,49.569825197115584,56.267773344448784,45.60632574094955,74.0,-0.1536190716400725,2.6775078068049285,2.7042828848729776,2.6880559209539294,1.28857591609823,2.6105546897105496,1.2868952720522846,1.271019713016749,2.7042828848729776,1.0527642063304405,1.3963984603034068,1.285592305201999,1.0527642063304405,1.3963984603034068,2.42933593948863,2.9428520553984603,0.12537874728665765,-0.21825550668630855,0.23856917052548265,-0.2749469453843476,False,False,0.0485236698818257,0.0970473397636514,0.04850130485107899,0.09700260970215797
1130,18.833333333333332,False,False,49.844189618824856,50.0,61.754422526734814,49.567690233676196,56.27113997664337,45.59760611953706,74.0,-0.15581038117514368,2.675380977429352,2.702134787203646,2.686093997443545,1.2890363632815667,2.6093797135080226,1.2873698043410347,1.2717865891245037,2.702134787203646,1.0532780521669889,1.397389762889395,1.2860663570230373,1.0532780521669889,1.397389762889395,2.427148911990524,2.9411337481736117,0.12560317376489127,-0.21850853695751482,0.23899896096996587,-0.274985875213122,False,False,0.04850130485107899,0.09700260970215797,0.048479090939193274,0.09695818187838655
1135,18.916666666666668,False,False,49.8420384848573,50.0,61.75653051354355,49.565595221319306,56.274529602003554,45.588951263124606,74.0,-0.15796151514270207,2.673264397265165,2.6999970412378165,2.684141330082068,1.2894930277086143,2.6082115641033257,1.287840367061222,1.2725486769447072,2.6999970412378165,1.053788009669007,1.3983756643612686,1.2865364433073865,1.053788009669007,1.3983756643612686,2.424972644252761,2.939423168761468,0.1258269874165614,-0.2187606672757001,0.23942612752365156,-0.27502439698505565,False,False,0.048479090939193274,0.09695818187838655,0.04845702668826001,0.09691405337652002
1140,19.0,False,False,49.83992701496206,50.0,61.75866417317496,49.563539647843456,56.277941831676436,45.580360487954124,74.0,-0.16007298503794232,2.6711580467090403,2.697869627176131,2.682197906507114,1.2899459590023348,2.607050144411898,1.2883070128044831,1.2733060010818826,2.697869627176131,1.0542940978181257,1.399356193115084,1.2870026165790023,1.0542940978181257,1.399356193115084,2.4228071090905177,2.9377203181441742,0.12605019203320134,-0.21901190326375697,0.23985069096804335,-0.2750625180856132,False,False,0.04845702668826001,0.09691405337652002,0.04843511065505679,0.09687022131011358
1145,19.083333333333332,False,False,49.837854702395376,50.0,61.760823125288745,49.56152300634022,56.281376279955914,45.57183311773102,74.0,-0.16214529760462426,2.6690619054641425,2.695752524518784,2.6802637136173457,1.2903952060034516,2.6058953594959555,1.2887697933275641,1.2740585861847014,2.695752524518784,1.0547963357086079,1.4003313775261694,1.28746492854184,1.0547963357086079,1.4003313775261694,2.420652278733018,2.936025196441923,0.12627279134146807,-0.2192622504760935,0.24027267192313895,-0.2751002457857661,False,False,0.04843511065505679,0.09687022131011358,0.04841334141099742,0.09682668282199484
1150,19.166666666666668,False,False,49.835821045187146,50.0,61.76300699271394,49.55954479477813,56.2848325638771,45.563368483212955,74.0,-0.16417895481285427,2.6669759525550734,2.6936457120806243,2.6783387375874703,1.290840816784073,2.604747116507544,1.2892287595670902,1.274806456960696,2.6936457120806243,1.0552947425601205,1.40130124596452,1.2879234300798545,1.0552947425601205,1.40130124596452,2.4185081248371456,2.9343378029292735,0.12649478900382394,-0.2195117144005756,0.24069209084864918,-0.2751375872434787,False,False,0.04841334141099742,0.09682668282199484,0.048391717542141374,0.09678343508428275
1155,19.25,False,False,49.83382554615957,50.0,61.76521540148083,49.55760451589231,56.288310303144094,45.55496592206904,74.0,-0.1661744538404335,2.6649001663427816,2.6915491680062096,2.6764229638832093,1.2912828386610344,2.6036053246333593,1.2896839616540188,1.2755496381762623,2.6915491680062096,1.055789337716374,1.4022658267960069,1.2883781712862856,1.055789337716374,1.4022658267960069,2.4163746185010098,2.932658136051425,0.12671618861974454,-0.21976030045988826,0.2411089680452152,-0.2751745495051998,False,False,0.048391717542141374,0.09678343508428275,0.04837023764915703,0.09674047529831406
1160,19.333333333333332,False,False,49.831867712942355,50.0,61.767447980849745,49.55570167707459,56.29180912005684,45.546624778740345,74.0,-0.16813228705764516,2.662834524539415,2.6894628697848093,2.674516377276217,1.291721318208962,2.602469895041273,1.2901354489277794,1.2762881546566587,2.6894628697848093,1.0562801406437896,1.4032251483835545,1.2888292014343734,1.0562801406437896,1.4032251483835545,2.414251730277474,2.9309861934404005,0.12693699372689582,-0.22000801401286907,0.24152332365559115,-0.2752111395073351,False,False,0.04837023764915703,0.09674047529831406,0.04834890034727343,0.09669780069454686
1165,19.416666666666668,False,False,49.82994705798492,50.0,61.76970436333654,49.55383579056908,56.295328639771434,45.53834440457055,74.0,-0.17005294201508292,2.6607790042231017,2.6873867942653327,2.6726189618589373,1.292156301273068,2.6013407408285043,1.2905832699501145,1.27702203127129,2.6873867942653327,1.056767170916026,1.4041792390741274,1.2892765690359285,1.056767170916026,1.4041792390741274,2.4121394301876142,2.929321971931151,0.12715720780283735,-0.2202548603552641,0.2419351776658183,-0.27524736407771844,False,False,0.04834890034727343,0.09669780069454686,0.04832770426625949,0.09665540853251899
1170,19.5,False,False,49.82806309856536,50.0,61.77198418473526,49.552006373362836,56.29886849022609,45.53012415766836,74.0,-0.17193690143464124,2.6587335818526583,2.6853209176711847,2.670730701059383,1.292587832981686,2.6002177769713812,1.2910274725186295,1.2777512929337083,2.6853209176711847,1.0572504482126994,1.4051281271998606,1.2897203218559754,1.0572504482126994,1.4051281271998606,2.4100376877341154,2.9276654675775715,0.12737683426615232,-0.22050084472100884,0.24234454990638676,-0.27528322993706933,False,False,0.04832770426625949,0.09665540853251899,0.04830664805036085,0.0966132961007217
1175,19.583333333333332,False,False,49.82621535679659,50.0,61.77428708413772,49.55021294799184,56.302428303066975,45.521963403577274,74.0,-0.1737846432034118,2.65669823328221,2.683265215615032,2.6688515776558432,1.2930159577585523,2.5991009202766335,1.291468103680055,1.278475964557465,2.683265215615032,1.0577299922756334,1.4060718410366622,1.290160506883467,1.0577299922756334,1.4060718410366622,2.4079464719145967,2.9260166756684067,0.12759587647919712,-0.22074597228183168,0.24275146005337467,-0.2753187437004354,False,False,0.04830664805036085,0.0966132961007217,0.04828573035824608,0.09657146071649216
1180,19.666666666666668,False,False,49.82440335962947,50.0,61.77661270395038,49.548455041212534,56.30600771223963,45.51386151406562,74.0,-0.1755966403705287,2.654672933775714,2.681219663113471,2.6669815737915017,1.2934407193348378,2.597990089334172,1.2919052097432442,1.279196071114975,2.681219663113471,1.0582058229643,1.407010408861961,1.290597170375213,1.0582058229643,1.407010408861961,2.4058657512348374,2.924375590743048,0.12781433774698603,-0.22099024815067492,0.24315592762957738,-0.27535391187863345,False,False,0.04828573035824608,0.09657146071649216,0.04826494986292256,0.09652989972584512
1185,19.75,False,False,49.822626638853755,50.0,61.77896068990862,49.546732184504286,56.309606354581234,45.50581786753048,74.0,-0.1773733611462447,2.6526576580213868,2.6791842346016006,2.6651206709889426,1.2938621607609453,2.596885204471291,1.292338836291888,1.279911637608084,2.6791842346016006,1.0586779602262841,1.4079438589274322,1.2910303578851654,1.0586779602262841,1.4079438589274322,2.4037954937219306,2.922742206607218,0.12803222131934833,-0.22123367738179978,0.24355797200561735,-0.27538874087967,False,False,0.04826494986292256,0.09652989972584512,0.04824430525172799,0.09648861050345597
1190,19.833333333333332,False,False,49.82088473109585,50.0,61.78133069108832,49.54504391457181,56.3132238704122,45.49783184940207,74.0,-0.1791152689041482,2.650652380146014,2.677158903947474,2.6632688501645743,1.2942803244180698,2.595786187708261,1.2927690281969832,1.280622689038637,2.677158903947474,1.0591464240677775,1.4088722194316954,1.2914601142351332,1.0591464240677775,1.4088722194316954,2.401735666937316,2.9211165163485275,0.12824953039305842,-0.22147626497085948,0.2439576124010534,-0.27542323701015814,False,False,0.04824430525172799,0.09648861050345597,0.04822379522617508,0.09644759045235016
1195,19.916666666666668,False,False,49.81917717781467,50.0,61.78372235991517,49.54338977323831,56.31685990346079,45.48990285201183,74.0,-0.18082282218532697,2.648657073729145,2.6751436444664365,2.6614260916429218,1.294695252029532,2.5946929627152455,1.2931958296290451,1.2813292504084803,2.6751436444664365,1.0596112345524245,1.4097955185213285,1.2918864835294244,1.0596112345524245,1.4097955185213285,2.399686237989722,2.9194985123518924,0.12846626811284811,-0.22171801585605588,0.2443548678854559,-0.27545740647671435,False,False,0.04822379522617508,0.09644759045235016,0.048203418501937066,0.09640683700387413
1200,20.0,False,False,49.81750352529503,50.0,61.78613535217162,49.54176930642573,56.320514099788355,45.48203027365814,74.0,-0.1824964747049691,2.6466717118171665,2.673138428935338,2.6595923751708073,1.2951069846718908,2.593605454770513,1.2936192840700687,1.2820313467636062,2.673138428935338,1.060072411842699,1.4107137843343576,1.2923095092280619,1.060072411842699,1.4107137843343576,2.3976471735479867,2.9178881863148307,0.12868243757075137,-0.22195893492090724,0.24474975737949256,-0.2754912553873514,False,False,0.048203418501937066,0.09640683700387413,0.048183173808747405,0.09636634761749481
1205,20.083333333333332,False,False,49.81586332463862,50.0,61.78856932700155,49.54018206557311,56.324186109380555,45.47421351981887,74.0,-0.1841366753613798,2.644696266937245,2.6711432296066175,2.6577676799314087,1.2955155627858421,2.5925235907198894,1.2940394343252617,1.2827290031205758,2.6711432296066175,1.0605299761279658,1.4116270449303925,1.2927292340882106,1.0605299761279658,1.4116270449303925,2.395618439853765,2.9162855292626024,0.12889804180981668,-0.22219902699260996,0.24514229965598489,-0.27552478975285233,False,False,0.048183173808747405,0.09636634761749481,0.04816305989028119,0.09632611978056238
1210,20.166666666666668,False,False,49.81425613175328,50.0,61.79102394691294,49.5386276066185,56.32787558507274,45.466452002219555,74.0,-0.18574386824671762,2.6427307111111324,2.6691580182222436,2.655951984558184,1.2959210261869067,2.591447298937414,1.2944563225345376,1.2834222445106662,2.6691580182222436,1.0609839476658998,1.4125353283340747,1.2931457001934632,1.0609839476658998,1.4125353283340747,2.393600002734108,2.914690531563209,0.12911308382340847,-0.22243829684476646,0.24553251334096515,-0.27555801548813585,False,False,0.04816305989028119,0.09632611978056238,0.048143075504113245,0.09628615100822649
1215,20.25,False,False,49.81268150733998,50.0,61.79349887777847,49.53710549020025,56.33158218280849,45.45874513897619,74.0,-0.18731849266001888,2.6407750158688357,2.667182766027524,2.6541452671486585,1.2963234140759146,2.5903765092871556,1.294869990183786,1.2841110959651543,2.667182766027524,1.0614343467672631,1.4134386625218387,1.293558949012413,1.0614343467672631,1.4134386625218387,2.3915918276139214,2.9131031829422374,0.12932756655668443,-0.22267674919789116,0.24592041691471334,-0.2755909384136026,False,False,0.048143075504113245,0.09628615100822649,0.048123219421581064,0.09624643884316213
1220,20.333333333333332,False,False,49.81113901687813,50.0,61.795993788834245,49.53561528216363,56.335305562231326,45.451092355006516,74.0,-0.18886098312187016,2.638829152262139,2.6652174437847607,2.6523475052780796,1.2967227650492872,2.589311153086149,1.29528047811592,1.2847955824858854,2.6652174437847607,1.0618811937665347,1.4143370753944866,1.293969021325438,1.0618811937665347,1.4143370753944866,2.3895938795282805,2.9115234724975494,0.12954149290860117,-0.22291438871935076,0.24630602871278873,-0.27562356425648016,False,False,0.048123219421581064,0.09624643884316213,0.048103490427717215,0.09620698085543443
1225,20.416666666666668,False,False,49.80962823060892,50.0,61.79850835267663,49.53415655285024,56.33904538594434,45.44349308137141,74.0,-0.1903717693910778,2.636893090877982,2.663262021786762,2.650558676012915,1.2971191171091327,2.588251163068419,1.2956878265417164,1.2854757290747056,2.663262021786762,1.0623245090492306,1.415230594806411,1.294375957327202,1.0623245090492306,1.415230594806411,2.3876061231346215,2.9099513887138153,0.12975486573170536,-0.22315122002547505,0.24668936692705312,-0.2756558986521407,False,False,0.048103490427717215,0.09620698085543443,0.04808388732111793,0.09616777464223586
1230,20.5,False,False,49.80814872351721,50.0,61.80104224525753,49.532728877302105,56.34280131976954,45.43594675542169,74.0,-0.19185127648278666,2.634966801851677,2.6613164698701937,2.6487787559242184,1.2975125076731429,2.587196473350044,1.296092075050439,1.2861515607187448,2.6613164698701937,1.0627643130367426,1.4161192485522942,1.2947797965387964,1.0627643130367426,1.4161192485522942,2.3856285227247778,2.908386919476871,0.1299676878335494,-0.22338724768200224,0.24707044960667712,-0.2756879471454159,False,False,0.04808388732111793,0.09616777464223586,0.048064408913870475,0.09612881782774095
1235,20.583333333333332,False,False,49.806700075311525,50.0,61.80359514587789,49.531331835162234,56.3465730326745,45.428452820678196,74.0,-0.1932999246884748,2.6330502548799797,2.6593807574287793,2.6470077211008243,1.297902973584313,2.5861470193952414,1.2964932626202654,1.2868231023904173,2.6593807574287793,1.0632006261853666,1.4170030643679643,1.2951805779102417,1.0632006261853666,1.4170030643679643,2.3836610422368874,2.9068300520879253,0.130179961977547,-0.2236224762050507,0.247449294659146,-0.275719715191892,False,False,0.048064408913870475,0.09612881782774095,0.04804505403140728,0.09609010806281457
1240,20.666666666666668,False,False,49.80528187040285,50.0,61.80616673717967,49.529965011792804,56.35036019803059,45.42101072778334,74.0,-0.19471812959714896,2.6311434192339966,2.6574548534263367,2.645245547162406,1.298290551120478,2.5851027379834246,1.2968914276285115,1.2874903789885594,2.6574548534263367,1.0636334689286855,1.4178820698745558,1.2955783397765572,1.0636334689286855,1.4178820698745558,2.3817036452671423,2.905280773277585,0.13039169088599634,-0.22385691005987396,0.24782591985124824,-0.2757512081591944,False,False,0.04804505403140728,0.09609010806281457,0.048025821512437554,0.09605164302487511
1245,20.75,False,False,49.80389369788183,50.0,61.80875670513645,49.52862799574422,56.35416249087788,45.41361993224452,74.0,-0.19610630211816726,2.6292462637719325,2.655538726409652,2.6434922092723636,1.2986752760036735,2.584063567177201,1.2972866078616652,1.2881534154561542,2.655538726409652,1.0640628617899666,1.4187562926926618,1.2959731199016915,1.0640628617899666,1.4187562926926618,2.3797562950813926,2.903739069219715,0.13060287723650754,-0.2240905536661877,0.2482003428100632,-0.2757824313282593,False,False,0.048025821512437554,0.09605164302487511,0.04800671020880768,0.09601342041761536
1250,20.833333333333332,False,False,49.80253515149456,50.0,61.81136473904251,49.52732038139628,56.35797959084845,45.406279896725735,74.0,-0.19746484850544022,2.6273587569516708,2.6536323445211876,2.641747682150554,1.2990571834093245,2.583029446291297,1.2976788405252322,1.2888122366478911,2.6536323445211876,1.0644888252537514,1.4196257603156304,1.2963649554199492,1.0644888252537514,1.4196257603156304,2.3778189546266018,2.9022049255451203,0.13081352366773924,-0.2243234113941397,0.24857258102393276,-0.2758133898945858,False,False,0.04800671020880768,0.09601342041761536,0.047987718985381185,0.09597543797076237
1255,20.916666666666668,False,False,49.801205829617274,50.0,61.81399053150079,49.526041767342086,56.36181118043087,45.398990089596644,74.0,-0.19879417038272607,2.625480866843192,2.651735675511624,2.640011940085861,1.2994363079752687,2.5820003158623517,1.298068162253399,1.289466867403744,2.651735675511624,1.0649113798357948,1.4204905001811774,1.2967538829677778,1.0649113798357948,1.4204905001811774,2.375891586542144,2.9006783273550556,0.13102363277743345,-0.22455548756794919,0.24894265184343167,-0.27584408896948,False,False,0.047987718985381185,0.09597543797076237,0.04796884671994554,0.09593769343989109
1260,21.0,False,False,49.7999053352299,50.0,61.81663377840947,49.52479175690198,56.36565694556479,45.391749985354906,74.0,-0.20009466477009852,2.6236125611408223,2.6498486867522306,2.6382849569486,1.2998126838106132,2.580976117619575,1.2984546091185087,1.2901173325195396,2.6498486867522306,1.0653305460538554,1.421350539643819,1.2971399385666247,1.0653305460538554,1.421350539643819,2.373974153170945,2.8991592592345556,0.13123320712427944,-0.22478678646568429,0.24931057248232502,-0.2758745335812858,False,False,0.04796884671994554,0.09593769343989109,0.047950092303097165,0.09590018460619433
1265,21.083333333333332,False,False,49.79863327588821,50.0,61.8192941789473,49.52356995772668,56.36951657523808,45.38455906424837,74.0,-0.2013667241117929,2.6217538071753115,2.647971345247065,2.6365667062027502,1.3001863445044364,2.5799567944562254,1.2988382166403754,1.2907636567616738,2.647971345247065,1.0657463444410045,1.4222059059897854,1.2975231576815078,1.0657463444410045,1.4222059059897854,2.3720666165704714,2.897647705265588,0.13144224922811154,-0.22501731232066935,0.249676360018523,-0.27590472867659344,False,False,0.047950092303097165,0.09590018460619433,0.04793145463808583,0.09586290927617167
1270,21.166666666666668,False,False,49.79738926369513,50.0,61.821971435558254,49.52237598231309,56.37338976208232,45.37741681269997,74.0,-0.20261073630486948,2.619904571925741,2.6461036176449984,2.6348571609180294,1.3005573231343255,2.5789422904018915,1.299219019795419,1.2914058648376796,2.6461036176449984,1.066158795516456,1.423056626409418,1.2979035752795882,1.066158795516456,1.423056626409418,2.370168938523555,2.89614364904002,0.13165076157173838,-0.22524706932122363,0.2500400313950215,-0.2759346791214434,False,False,0.04793145463808583,0.09586290927617167,0.04791293264072471,0.09582586528144942
1275,21.25,False,False,49.79617291527115,50.0,61.824665253934604,49.52120944760955,56.37727620197114,45.37032272293277,74.0,-0.20382708472885014,2.6180648220312603,2.644245470251573,2.6331562937817874,1.3009256522747699,2.5779325505955417,1.299597053025633,1.2920439814109432,2.644245470251573,1.0665679197989086,1.4239027280120546,1.298281225756955,1.0665679197989086,1.4239027280120546,2.368281080549062,2.8946470736724166,0.1318587466011114,-0.2254760616120346,0.2504016034208436,-0.2759643897025108,False,False,0.04791293264072471,0.09582586528144942,0.047894525239269625,0.09578905047853925
1280,21.333333333333332,False,False,49.79498385172359,50.0,61.82737534299948,49.52006997523005,56.381175594284436,45.36327629313068,74.0,-0.2050161482764068,2.616234523802649,2.6423968690406756,2.6314640771107394,1.3012913640054005,2.576927521259322,1.299972350247396,1.2926780310859887,2.6423968690406756,1.0669737377915756,1.4247442378125628,1.2986561429971972,1.0669737377915756,1.4247442378125628,2.3664030039123958,2.8931579618126446,0.1320662067265741,-0.2257042932944131,0.250761092771969,-0.27599386512827984,False,False,0.047894525239269625,0.09578905047853925,0.04787623137427747,0.09575246274855494
1285,21.416666666666668,False,False,49.79382169861523,50.0,61.830101414888254,49.518957191061915,56.385087641508086,45.3562770270669,74.0,-0.20617830138476734,2.6144136432337057,2.6405577796660427,2.62978048286252,1.3016544899190836,2.575927149673078,1.3003449448601168,1.2933080384231925,2.6405577796660427,1.0673762699955627,1.4255811827461935,1.2990283603567605,1.0673762699955627,1.4255811827461935,2.3645346696358454,2.8916762956582995,0.13227314432300097,-0.22593176842762985,0.2511185159922569,-0.2760231100301973,False,False,0.04787623137427747,0.09575246274855494,0.047858049998500664,0.09571609999700133
1290,21.5,False,False,49.792686085931955,50.0,61.832843184929295,49.51787072517882,56.389012049167235,45.349324434001055,74.0,-0.20731391406804534,2.6126021460124598,2.638728167472584,2.628105482647072,1.3020150611298726,2.574931384149577,1.30071486975473,1.2939340279387852,2.638728167472584,1.0677755369090973,1.4264135896692518,1.2993979107088762,1.0677755369090973,1.4264135896692518,2.3626760385087664,2.8902020569669507,0.1324795617304666,-0.22615849102968788,0.25147388949436644,-0.2760521289638178,False,False,0.047858049998500664,0.09571609999700133,0.04783998007674478,0.09567996015348956
1295,21.583333333333332,False,False,49.791576648049926,50.0,61.83560037162373,49.51681021236182,56.39294852642488,45.34241802911083,74.0,-0.20842335195007422,2.6107999975322147,2.636907997507537,2.6264390477378585,1.30237310828082,2.573940174010403,1.301082157322035,1.2945560240754186,2.636907997507537,1.0681715589984395,1.4272414853314241,1.2997648263996326,1.0681715589984395,1.4272414853314241,2.360827071097602,2.888735227068201,0.13268546125600555,-0.22638446507697907,0.2518272295606643,-0.27608092640993487,False,False,0.04783998007674478,0.09567996015348956,0.04782202058577528,0.09564404117155056
1300,21.666666666666668,False,False,49.79049302370171,50.0,61.838372696624695,49.51577529231787,56.39689678634867,45.335557333657846,74.0,-0.20950697629829307,2.6090071629024107,2.6350972345314347,2.6247811490829016,1.3027286615516531,2.572953469562511,1.3014468394608925,1.2951740511874505,2.6350972345314347,1.068564356682974,1.4280648963622513,1.300129139306546,1.068564356682974,1.4280648963622513,2.3589877277557383,2.887275786875568,0.13289084517480076,-0.22660969450447666,0.25217855234413333,-0.27610950677569646,False,False,0.04782202058577528,0.09564404117155056,0.0478041705141412,0.0956083410282824
1305,21.75,False,False,49.789434855942176,50.0,61.84115988471568,49.5147656077749,56.40085654385203,45.328741873290426,74.0,-0.21056514405782423,2.607223606959314,2.6332958430289075,2.623131757315653,1.3030817506663142,2.5719712220754136,1.3018089475862678,1.2957881336292394,2.6332958430289075,1.0689539504194863,1.4288838493567626,1.3004908807946323,1.0689539504194863,1.4288838493567626,2.3571579686332025,2.885823716898179,0.1330957157275232,-0.22683418320975313,0.25252787386927134,-0.27613787439570503,False,False,0.0478041705141412,0.0956083410282824,0.047786428862108626,0.09557285772421725
1310,21.833333333333332,False,False,49.78840179211354,50.0,61.843961663788484,49.51378080682754,56.40482751828917,45.321971180078044,74.0,-0.21159820788646044,2.6054492942765313,2.631503787219297,2.6214908427656907,1.3034324049003725,2.570993383758978,1.3021685126371385,1.2963982956374185,2.631503787219297,1.0693403605881207,1.429698370762758,1.300850081789622,1.0693403605881207,1.429698370762758,2.3553377536861926,2.8843789972522798,0.13330007512533948,-0.22705793504929783,0.25287521003298297,-0.2761660335331042,False,False,0.047786428862108626,0.09557285772421725,0.04776879464148988,0.09553758928297976
1315,21.916666666666668,False,False,49.78739348380993,50.0,61.84677776482036,49.51282054194489,56.408809432394555,45.31524479161588,74.0,-0.2126065161900712,2.603684189175351,2.6297210310671044,2.619858375469236,1.3037806530883065,2.570019907741825,1.302525565084263,1.2970045613750427,2.6297210310671044,1.069723607534185,1.4305084869239113,1.301206772734031,1.069723607534185,1.4305084869239113,2.3535270426864487,2.882941607672574,0.13350392554886858,-0.22728095384085778,0.25322057660546937,-0.2761939883806557,False,False,0.04776879464148988,0.09553758928297976,0.04775126687553163,0.09550253375106325
1320,22.0,False,False,49.7864095868416,50.0,61.8496079218508,49.51188446867716,56.412802010892,45.308562249866156,74.0,-0.21359041315839988,2.6019282557349075,2.627947538292257,2.618234325179511,1.3041265236306583,2.5690507480502953,1.302880134937808,1.2976069549904514,2.627947538292257,1.070103711624134,1.4313142241370302,1.3015609835871602,1.070103711624134,1.4313142241370302,2.351725795230459,2.8815115275233647,0.13370726914657882,-0.22750324336631733,0.2535639892311079,-0.2762217430617979,False,False,0.04775126687553163,0.09550253375106325,0.04773384459880145,0.0954676891976029
1325,22.083333333333332,False,False,49.78544976119859,50.0,61.852451871957776,49.510972247700295,56.416804982758585,45.30192310292899,74.0,-0.214550238801408,2.600181457802176,2.6261832723801977,2.616618661376912,1.304470044501072,2.5680858595879763,1.303232251754847,1.2982055005142594,2.6261832723801977,1.0704806931457427,1.432115608553468,1.3019127438836677,1.0704806931457427,1.432115608553468,2.349933970748505,2.880088735809532,0.13391010803920866,-0.22772480736851675,0.2539054634293345,-0.2762493016316925,False,False,0.04773384459880145,0.0954676891976029,0.047716526857047116,0.09543305371409423
1330,22.166666666666668,False,False,49.78451367101394,50.0,61.85530935523351,49.510083543828024,56.42081808016741,45.29532690415211,74.0,-0.21548632898606002,2.598443759001789,2.624428196591807,2.6150113532790185,1.3048112432532002,2.5671251981157717,1.3035819446467316,1.2988002219035026,2.624428196591807,1.070854572349946,1.4329126662221898,1.3022620827189257,1.070854572349946,1.4329126662221898,2.348151528513552,2.878673211187316,0.13411244431868719,-0.22794564955355656,0.2542450145955093,-0.2762766680782547,False,False,0.047716526857047116,0.09543305371409423,0.04769931270706388,0.09539862541412776
1335,22.25,False,False,49.78360098452673,50.0,61.858180114759826,49.509218025632116,56.42484103809535,45.28877321177531,74.0,-0.21639901547327156,2.596715122745685,2.6226822739731417,2.613412369850434,1.3051501470275066,2.566168720232485,1.3039292422863265,1.299391143056355,2.6226822739731417,1.071225369464373,1.4337054231044948,1.302609028734378,1.071225369464373,1.4337054231044948,2.3463784276499657,2.877264931974926,0.13431428004813983,-0.22816577359198198,0.25458265800178426,-0.27630384632317595,False,False,0.04769931270706388,0.09539862541412776,0.04768220121659501,0.09536440243319003
1340,22.333333333333332,False,False,49.78271137404461,50.0,61.86106389658325,49.50837536627661,56.428873595260654,45.282261589639916,74.0,-0.21728862595539056,2.594995512242583,2.6209454673650088,2.611821679812446,1.3054867825579393,2.565216383355921,1.304274172915128,1.2999782877679809,2.6209454673650088,1.0715931046502172,1.43449390503206,1.3029536101175383,1.0715931046502172,1.43449390503206,2.344614627142083,2.875863876162977,0.13451561726407912,-0.22838518311776368,0.25491840879796834,-0.27633084022292564,False,False,0.04768220121659501,0.09536440243319003,0.04766519146417678,0.09533038292835357
1345,22.416666666666668,False,False,49.78184451590628,50.0,61.863960449689586,49.50755524192793,56.43291549240419,45.27579160577269,74.0,-0.21815548409372099,2.593284890507289,2.619217739412362,2.61023925165253,1.3058211761785006,2.5642681457044674,1.3046167643502538,1.3005616798041137,2.619217739412362,1.0719577980724584,1.4352781377783064,1.3032958546898499,1.0719577980724584,1.4352781377783064,2.3428600858426143,2.8744700214247434,0.13471645797419263,-0.22860388173165536,0.2552522820123815,-0.2763576535697476,False,False,0.04766519146417678,0.09533038292835357,0.04764828253904568,0.09529656507809137
1350,22.5,False,False,49.781000090443406,50.0,61.86686952597842,49.50675733410695,56.43696647488862,45.269362834426666,74.0,-0.21899990955659376,2.5915832203698312,2.6174990525735295,2.608665053633679,1.3061533538296988,2.563323966279159,1.3049570439913192,1.3011413427833305,2.6174990525735295,1.0723194697859297,1.4360581469455846,1.3036357897895414,1.0723194697859297,1.4360581469455846,2.3411147624808972,2.8730833451262336,0.13491680416225416,-0.22882187299740075,0.2555842925527041,-0.2763842900926323,False,False,0.04764828253904568,0.09529656507809137,0.04763147354097216,0.09526294708194433
1355,22.583333333333332,False,False,49.780177781942626,50.0,61.86979088023715,49.5059813271922,56.441026289985565,45.262974853870936,74.0,-0.21982221805737368,2.589890464484428,2.615789369129272,2.6070990538035654,1.3064833410648975,2.562383804846199,1.3052950388271916,1.3017173002947766,2.615789369129272,1.0726781398480623,1.4368339580790213,1.3039734424180551,1.0726781398480623,1.4368339580790213,2.3393786156709826,2.8717038243360995,0.13511665778424464,-0.22903916044671435,0.25591445520682754,-0.27641075345828936,False,False,0.04763147354097216,0.09526294708194433,0.04761476358017349,0.09522952716034698
1360,22.666666666666668,False,False,49.77937727860727,50.0,61.87272427011485,49.5052269104707,56.44509468914396,45.25662724816773,74.0,-0.2206227213927292,2.5882065853382876,2.6140886511916706,2.6055412200035413,1.3068111630565518,2.5614476219199314,1.3056307754426293,1.3022895757951574,2.6140886511916706,1.0730338282191432,1.437605596567849,1.3043088390936193,1.0730338282191432,1.437605596567849,2.337651603919576,2.8703314358353644,0.13531602077269156,-0.2292557475760142,0.2562427846436939,-0.2764370472720947,False,False,0.04761476358017349,0.09522952716034698,0.0475981517771789,0.0951963035543578
1365,22.75,False,False,49.7785982725189,50.0,61.87566945609605,49.504493775947516,56.44917142561148,45.25031960523203,74.0,-0.22140172748110132,2.586531545260245,2.612396860712847,2.60399151987747,1.3071368446023428,2.5605153787462402,1.3059642800248115,1.3028581927117466,2.612396860712847,1.0733865548609192,1.4383730877450662,1.3046420060123183,1.0733865548609192,1.4383730877450662,2.3359336856338158,2.8689661561269797,0.1355148950333196,-0.22947163785082747,0.25656929541413254,-0.2764631750790314,False,False,0.0475981517771789,0.0951963035543578,0.047581637262699386,0.09516327452539877
1370,22.833333333333332,False,False,49.777840459598714,50.0,61.878626201474255,49.50378162039817,56.453256256704336,45.24405151861035,74.0,-0.22215954040128594,2.5848653064292297,2.610713959493522,2.6024499208803977,1.3074604101312095,2.5595870372863745,1.3062955783697539,1.3034231743393776,2.610713959493522,1.0737363396368766,1.4391364567887464,1.3049729689163088,1.0737363396368766,1.4391364567887464,2.3342248191289054,2.86760796144522,0.13571328244936876,-0.22968683470250095,0.25689400195169787,-0.2764891403646166,False,False,0.047581637262699386,0.09516327452539877,0.047565219177505495,0.09513043835501099
1375,22.916666666666668,False,False,49.77710353956898,50.0,61.88159427232523,49.503090144089676,56.45734894242621,45.23782258634005,74.0,-0.2228964604310235,2.5832078308825768,2.6090399091914027,2.600916390287063,1.3077818837092785,2.558662560201179,1.3066246958886174,1.3039845438993054,2.6090399091914027,1.0740832023683695,1.439895728779175,1.3053017532109608,1.0740832023683695,1.439895728779175,2.332524962635588,2.866256827764892,0.13591118487986953,-0.2299013415309359,0.2572169185734894,-0.27651494655581477,False,False,0.047565219177505495,0.09513043835501099,0.04754889667231696,0.09509779334463392
1380,23.0,False,False,49.77638721591432,50.0,61.88457343748028,49.50241905132014,56.461449246079866,45.231632411402835,74.0,-0.22361278408568097,2.581559080524169,2.607374671329411,2.59939089520024,1.3081012890456951,2.5577419108357176,1.306951657613912,1.3045423245097756,2.607374671329411,1.074427162805755,1.440650928670976,1.3056283838916443,1.074427162805755,1.440650928670976,2.330834074307474,2.864912730810392,0.13610860416120052,-0.2301151617040207,0.2575380594809813,-0.276540597021937,False,False,0.04754889667231696,0.09509779334463392,0.04753266890767801,0.09506533781535602
1385,23.083333333333332,False,False,49.77569119584287,50.0,61.887563468499465,49.50176804944572,56.46555693322036,45.225480600853054,74.0,-0.2243088041571326,2.579919017132426,2.60571820730375,2.5978734025589327,1.3084186494983576,2.5568250532042827,1.3072764882055943,1.3050965392301714,2.60571820730375,1.074768240670375,1.4414020813360633,1.3059528856023008,1.074768240670375,1.4414020813360633,2.3291521122282175,2.863575646064592,0.13630554210589185,-0.23032829855979653,0.2578574387608419,-0.27656609507553265,False,False,0.04753266890767801,0.09506533781535602,0.047516535053814805,0.09503307010762961
1390,23.166666666666668,False,False,49.77501519024773,50.0,61.8905641396446,49.501136850330525,56.469671773263386,45.21936676706927,74.0,-0.22498480975227153,2.578287602368131,2.604070478391812,2.5963638791464048,1.3087339880795559,2.555911951975779,1.3075992119570594,1.3056472109874357,2.604070478391812,1.075106455583216,1.4421492114932444,1.306275282591514,1.075106455583216,1.4421492114932444,2.3274790344185536,2.862245548777559,0.13650200050580863,-0.2305407554042198,0.25817507038574705,-0.2765914439732584,False,False,0.047516535053814805,0.09503307010762961,0.04750049429056866,0.09500098858113731
1395,23.25,False,False,49.774358913667996,50.0,61.893575227852374,49.50052516937563,56.473793538440184,45.213290526884975,74.0,-0.2256410863320042,2.576664797782099,2.6024314457599202,2.5948622915980564,1.3090473274615158,2.5550025724594634,1.3079198528010447,1.3061943626202175,2.6024314457599202,1.075441827106912,1.4428923437511572,1.3065955988003681,1.075441827106912,1.4428923437511572,2.32581479884317,2.860922413975109,0.13669798113093967,-0.23075253551330555,0.2584909682151886,-0.27661664691675014,False,False,0.04750049429056866,0.09500098858113731,0.04748454580721046,0.09496909161442092
1400,23.333333333333332,False,False,49.77372208425022,50.0,61.896596512707305,49.499932724549815,56.47792200275354,45.20725150072194,74.0,-0.22627791574978318,2.575050564822698,2.600801070470925,2.5933686064091397,1.3093586899818532,2.5540968805910333,1.3082384343154168,1.3067380169230183,2.600801070470925,1.0757743747877553,1.4436315026511894,1.3069138577453032,1.0757743747877553,1.4436315026511894,2.3241593634174564,2.8596062164672094,0.13689348572817117,-0.230963642135263,0.25880514599628457,-0.27664170705346836,False,False,0.04748454580721046,0.09496909161442092,0.04746868880238161,0.09493737760476322
1405,23.416666666666668,False,False,49.77310442370959,50.0,61.899627776414704,49.499359239052744,56.48205694491528,45.20124931490425,74.0,-0.2268955762904099,2.5734448648432062,2.5991793134916383,2.591882789942333,1.309668097648936,2.553194842919068,1.3085549797288814,1.307278196513753,2.5991793134916383,1.076104118027722,1.4443667125403936,1.307230082664546,1.076104118027722,1.4443667125403936,2.3225126860141025,2.858296930856219,0.13708851602664063,-0.231174078486031,0.2591176173645806,-0.2766666274775358,False,False,0.04746868880238161,0.09493737760476322,0.047452922483933686,0.09490584496786737
1410,23.5,False,False,49.77250565729153,50.0,61.90266880377379,49.49880443792699,56.486198144650345,45.1952835986744,74.0,-0.2274943427084679,2.5718476591090234,2.5975661357001134,2.590404808435161,1.3099755721471602,2.552296426591782,1.308869511926581,1.3078149239956203,2.5975661357001134,1.0764310762398357,1.4450979977277276,1.3075442964009654,1.0764310762398357,1.4450979977277276,2.3208747244695425,2.85699453154496,0.13728307373210735,-0.23138384775578458,0.25942839584484645,-0.27669141123057095,False,False,0.047452922483933686,0.09490584496786737,0.047437246068853516,0.09487449213770703
1415,23.583333333333332,False,False,49.771925513733,50.0,61.90571938215064,49.498268051327926,56.49034538629889,45.18935398703868,74.0,-0.22807448626699767,2.570258908804733,2.5959614978927807,2.588934628007251,1.3102811348421344,2.5514015993441146,1.309182053455611,1.3083482217952316,2.5959614978927807,1.0767552686918795,1.445825382328616,1.30785652148993,1.0767552686918795,1.445825382328616,2.3192454365902835,2.8556989927446526,0.13747716053338443,-0.23159295310335204,0.2597374948518718,-0.27671606130249726,False,False,0.047437246068853516,0.09487449213770703,0.047421658783103386,0.09484331756620677
1420,23.666666666666668,False,False,49.77136372522424,50.0,61.90877930145132,49.49774981174372,56.494498455785724,45.18346011831652,74.0,-0.22863627477575932,2.5686785750410146,2.594365360791425,2.587472214667468,1.310584806785784,2.5505103294851197,1.3094926265304412,1.3088781122950515,2.594365360791425,1.0770767146334443,1.4465488903928423,1.308166780100737,1.0770767146334443,1.4465488903928423,2.3176247801590777,2.854410288482677,0.13767077809779082,-0.23180139766160712,0.260044927691252,-0.2767405806323473,False,False,0.047421658783103386,0.09484331756620677,0.047406159861548704,0.09481231972309741
1425,23.75,False,False,49.77082002737042,50.0,61.91184835409496,49.497249455451765,56.49865714223398,45.17760163539883,74.0,-0.22917997262958067,2.5671066188614065,2.5927776850500206,2.5860175343208773,1.310886608721368,2.549622585885668,1.3098012530382461,1.3094046177598193,2.5927776850500206,1.0773954332246591,1.4472685458340953,1.3084750941391121,1.0773954332246591,1.4472685458340953,2.3160127129409624,2.8531283926102007,0.13786392807427594,-0.23200918453516017,0.2603507075601801,-0.27676497210905815,False,False,0.047406159861548704,0.09481231972309741,0.04739074854781714,0.09478149709563428
1430,23.833333333333332,False,False,49.77029415915354,50.0,61.91492633498712,49.4967667224634,56.50282123792103,45.171778185682825,74.0,-0.2297058408464565,2.5655430012489298,2.591198431261419,2.5845705527755816,1.3111865610884132,2.5487383379664306,1.3101079545441465,1.30992776033655,2.591198431261419,1.077711443535761,1.4479843724303443,1.3087814851154236,1.077711443535761,1.4479843724303443,2.314409192689172,2.851853278809641,0.13805661209379427,-0.2322163168007889,0.260654847548222,-0.2767892385722468,False,False,0.04739074854781714,0.09478149709563428,0.04737542409420183,0.09475084818840367
1435,23.916666666666668,False,False,49.76978586289442,50.0,61.91801304149292,49.496301354958035,56.50699053657768,45.16598941968605,74.0,-0.2302141371055768,2.563987683132566,2.589627559963892,2.5831312357494065,1.3114846840275731,2.5478575556861665,1.3104127522963698,1.3104475621281109,2.589627559963892,1.0780247646175054,1.4486963938950357,1.309085974261825,1.0780247646175054,1.4486963938950357,2.3128141771509094,2.850584920601991,0.13824883176692482,-0.23242279751060546,0.26095736063809927,-0.2768133828129824,False,False,0.04737542409420183,0.09475084818840367,0.04736018576153946,0.09472037152307893
1440,24.0,False,False,49.76929488421492,50.0,61.92110827341053,49.495853099951276,56.51116483632985,45.160234993364675,74.0,-0.2307051157850779,2.562440625393594,2.5880650316475298,2.5816995488764505,1.3117809973853978,2.5469802095302656,1.3107156672313174,1.3109640450607822,2.5880650316475298,1.0783354153732558,1.4494046337499553,1.3093885824883273,1.0783354153732558,1.4494046337499553,2.311227624072987,2.849323291353988,0.13844058868917308,-0.2326286296875264,0.26125825970645833,-0.27683740757454256,False,False,0.04736018576153946,0.09472037152307893,0.0473450328191158,0.0946900656382316
1445,24.083333333333332,False,False,49.768820972000306,50.0,61.92421183294478,49.4954217068241,56.515343937004694,45.154514565936175,74.0,-0.23117902799969414,2.560901788871788,2.586510806760506,2.580275457713488,1.3120755207190329,2.5461062704995783,1.311016719978556,1.3114772310019818,2.586510806760506,1.0786434146719113,1.4501091154389092,1.309689330426727,1.0786434146719113,1.4501091154389092,2.309649491207346,2.8480683642851474,0.13863188443692742,-0.2328338163300705,0.2615575575246414,-0.27686131555315985,False,False,0.0473450328191158,0.0946900656382316,0.04732996454454637,0.09465992908909274
1450,24.166666666666668,False,False,49.76836387836172,50.0,61.92732352468066,49.495006928481146,56.51952764141605,45.14882780087724,74.0,-0.23163612163828162,2.559371134371481,2.584964845715196,2.578858927746247,1.3123682733008395,2.545235710099499,1.3113159308657232,1.311987141701402,2.584964845715196,1.0789487812908458,1.4508098622714043,1.3099882383720343,1.0789487812908458,1.4508098622714043,2.308079736316439,2.8468201124746506,0.13882272057000233,-0.23303836041055614,0.2618552667594547,-0.27688510939875677,False,False,0.04732996454454637,0.09465992908909274,0.04731498022365997,0.09462996044731994
1455,24.25,False,False,49.767923358599084,50.0,61.93044315555723,49.4946085206961,56.52371575466165,45.143174365336165,74.0,-0.23207664140091566,2.557848622667489,2.583427108894164,2.5774499243955447,1.312659274122939,2.5443685003293086,1.3116133199233522,1.3124937988204421,2.583427108894164,1.0792515339438529,1.4515068974513177,1.3102853263264025,1.0792515339438529,1.4515068974513177,2.30651831717849,2.84557850886809,0.13901309863087552,-0.23324226487658928,0.2621513999739262,-0.2769087917156736,False,False,0.04731498022365997,0.09462996044731994,0.047300079150422884,0.09460015830084577
1460,24.333333333333332,False,False,49.767499171163934,50.0,61.9335705348415,49.494226242667175,56.52790808474687,45.13755393060355,74.0,-0.23250082883606638,2.556334214510902,2.581897556656011,2.5760484130232904,1.3129485419016815,2.543504613671763,1.31190890688962,1.3129972239027758,2.581897556656011,1.0795516912524328,1.452200244048895,1.3105806140137704,1.0795516912524328,1.452200244048895,2.304965191592635,2.844343526284076,0.13920302014611918,-0.23344553265034307,0.262445969628065,-0.2769323650633764,False,False,0.047300079150422884,0.09460015830084577,0.04728526062679383,0.09457052125358766
1465,24.416666666666668,False,False,49.76709107762272,50.0,61.93670547410254,49.4938598569688,56.53210444254631,45.13196617205539,74.0,-0.2329089223772769,2.5548278706347483,2.5803761493410957,2.5746543589383553,1.3132360950820454,2.542644023082921,1.3122027112150143,1.313497438374352,2.5803761493410957,1.0798492717454204,1.452889925001072,1.3108741208652193,1.0798492717454204,1.452889925001072,2.3034203173839276,2.8431151374207095,0.13939248662672,-0.23364816662893162,0.2627389880796138,-0.2769558319571681,False,False,0.04728526062679383,0.09457052125358766,0.047270523962656956,0.09454104792531391
1470,24.5,False,False,49.76669884262019,50.0,61.93984778718573,49.49350912859805,56.53630464077204,45.12641076830501,74.0,-0.23330115737981316,2.5533295517595227,2.578862847277118,2.5732677274023184,1.3135219518419612,2.5417867019822102,1.312494752066928,1.3139944635875418,2.578862847277118,1.0801442939011219,1.453575963154293,1.3111658660336163,1.0801442939011219,1.453575963154293,2.3018836524082436,2.8418933148619208,0.13958149956675125,-0.23385016968641992,0.263030467584803,-0.27697919486887423,False,False,0.047270523962656956,0.09454104792531391,0.04725586847569106,0.09451173695138212
1475,24.583333333333332,False,False,49.766322233843056,50.0,61.94299729018723,49.493173826136996,56.54050849526239,45.1208874022049,74.0,-0.23367776615694424,2.5518392185985928,2.5773576107845786,2.571888483635082,1.3138061300965673,2.540932624242718,1.312785048334175,1.3144883207622753,2.5773576107845786,1.0804367760902907,1.4542583812081569,1.311455868378971,1.0804367760902907,1.4542583812081569,2.300355154557048,2.8406780310836677,0.13977006044588158,-0.23405154467198463,0.2633204202990891,-0.2770024562275304,False,False,0.04725586847569106,0.09451173695138212,0.047241293491284905,0.09448258698256981
1480,24.666666666666668,False,False,49.76596102198395,50.0,61.946153801428565,49.492853721103145,56.544715824282996,45.11539576026491,74.0,-0.2340389780160521,2.550356831863474,2.575860400182109,2.5705165928203577,1.3140886475023963,2.5400817641817084,1.3130736186314358,1.3149790310154732,2.575860400182109,1.0807267366041102,1.454937201744052,1.311744146497722,1.0807267366041102,1.454937201744052,2.2988347817620562,2.839469258460011,0.13995817072857886,-0.23425229441136297,0.26360885827790215,-0.2770256184200526,False,False,0.047241293491284905,0.09448258698256981,0.04722679834242563,0.09445359668485126
1485,24.75,False,False,49.76561498070562,50.0,61.94931714143143,49.49254858760303,56.54892644816024,45.109935532335776,74.0,-0.23438501929437905,2.5488823522689845,2.5743711757916743,2.5691520201110336,1.3143695214614923,2.539234096551351,1.3133604813036244,1.3154666153757626,2.5743711757916743,1.0810141936680204,1.4556124472396241,1.3120307187227356,1.0810141936680204,1.4556124472396241,2.2973224919997746,2.8382669692690596,0.14014583186386154,-0.23445242170774216,0.26389579347738534,-0.27704868379189973,False,False,0.04722679834242563,0.09445359668485126,0.0472123823696135,0.094424764739227
1490,24.833333333333332,False,False,49.765283886605324,50.0,61.95248713289267,49.492258203194794,56.553140190240605,45.10450641234934,74.0,-0.23471611339467557,2.5474157405382782,2.572889897943661,2.567794730634417,1.3146487691254625,2.5383895965296595,1.3136456544301938,1.3159510947393303,2.572889897943661,1.0812991653988802,1.4562841400265676,1.3123156031086638,1.0812991653988802,1.4562841400265676,2.295818243295934,2.837071135698783,0.14033304528723733,-0.2346519293404501,0.26418123775512203,-0.277071654647727,False,False,0.0472123823696135,0.094424764739227,0.047198044920740805,0.09439608984148161
1495,24.916666666666668,False,False,49.764967519179606,50.0,61.95566360065954,49.49198234824155,56.557356876194106,45.09910809774005,74.0,-0.23503248082039363,2.545956957407754,2.571416526981831,2.5664446894973585,1.3149264073994615,2.5375482397116427,1.3139291558293626,1.316432489899353,2.571416526981831,1.081581669832974,1.4569523023192468,1.3125988174758731,1.081581669832974,1.4569523023192468,2.2943219937298043,2.8358817298527033,0.14051981241989386,-0.2348508200663788,0.26446520287087205,-0.27709453325202693,False,False,0.047198044920740805,0.09439608984148161,0.04718378535101939,0.09436757070203879
1500,25.0,True,True,49.771542559120526,50.0,61.972448081326675,49.498592112687675,56.5691166750487,45.09974166201945,74.0,-0.22845744087947395,2.54450596363185,2.5699510232681684,2.5651018617912538,1.3150519865806827,2.535635430936546,1.3142197232272081,1.3165758492755868,2.5699510232681684,1.0815392471209628,1.4572944784102497,1.3128890906702964,1.0815392471209628,1.4572944784102497,2.2928337014384037,2.834698723755466,0.14071862913466293,-0.23503660215462396,0.2647477004872978,-0.2771173218297647,False,False,0.0,0.0,0.04813620266006282,0.09627240532012564
1505,25.083333333333332,True,True,49.79179241297253,50.0,62.015195454363116,49.51886414877652,56.595810933442515,45.11227877669538,74.0,-0.20820758702747355,2.54310987315296,2.56854097188449,2.563766212596935,1.3148836064137381,2.5316891355789304,1.314495284391687,1.3160358771898701,2.56854097188449,1.0808409467026432,1.456979721845739,1.3131643728366271,1.0808409467026432,1.456979721845739,2.2914019812274136,2.833570745965098,0.14094384465586884,-0.23519493048722695,0.26502977408060824,-0.27713899065707626,False,False,0.0,0.0,0.0501014299178134,0.1002028598356268
1510,25.166666666666668,True,True,49.826669849707955,50.0,62.082127644210026,49.553748126426484,56.63839431389388,45.13746007281415,74.0,-0.17333015029204546,2.5418607214753566,2.5672793286901103,2.562486363596256,1.3144339312004725,2.525871930422964,1.3146591361480628,1.3147375806135553,2.5672793286901103,1.079417223552889,1.4559384916719706,1.3133280587000173,1.079417223552889,1.4559384916719706,2.2901221529410467,2.8325931299442035,0.14120091105841537,-0.23532035706066634,0.2653138012540932,-0.2771571757490636,False,False,0.0,0.0,0.0523187625870352,0.1046375251740704
1515,25.25,True,True,49.87664919523235,50.0,62.171608279072025,49.60371575133994,56.69735202948289,45.175653582428346,74.0,-0.1233508047676466,2.5408540415673126,2.566262581982986,2.5613576414426253,1.313715159021467,2.51833575672312,1.3146419062645351,1.3126290087722465,2.566262581982986,1.0772192516782977,1.454121965932511,1.3133108462614929,1.0772192516782977,1.454121965932511,2.289089882514909,2.831861555114158,0.14149295716026455,-0.23540975709394885,0.2655989731311723,-0.277172699468077,False,False,0.0,0.0,0.0547299463128626,0.1094598926257252
1520,25.333333333333332,True,True,49.94156237982248,50.0,62.282126725070846,49.66859703335945,56.77251870478997,45.22671092344454,74.0,-0.05843762017752141,2.5401856017271087,2.56558745774438,2.5604757188145335,1.3127390383197963,2.509222578575765,1.31440920790275,1.3096903020186166,2.56558745774438,1.0742278044113285,1.4515109219629265,1.3130783834922568,1.0742278044113285,1.4515109219629265,2.2883976480101955,2.8314685128906003,0.14182061994430994,-0.2354624976072881,0.2658810551462203,-0.2771898097341845,False,False,0.0,0.0,0.05724961497539431,0.11449922995078862
1525,25.416666666666668,True,True,50.02088961040286,50.0,62.412284265037975,49.74787081945586,56.86335085802204,45.29018380436357,74.0,0.02088961040286108,2.5399471276114616,2.5653465988875763,2.559933080450398,1.3115168839001496,2.4986650013082228,1.3139471954991526,1.305920831436315,2.5653465988875763,1.0704419606636086,1.4481044426446381,1.3126168388741009,1.0704419606636086,1.4481044426446381,2.2881334682846437,2.831502035355683,0.142183611208323,-0.23547887077270646,0.26615543646810647,-0.2772131306029326,False,False,0.0,0.0,0.0598277516586397,0.1196555033172794
1530,25.5,True,True,50.11395983348652,50.0,62.56078210175857,49.84086512973938,56.96914556171095,45.365497640126364,74.0,0.11395983348651839,2.540224155105449,2.5656263966565036,2.5598177518201632,1.3100595923638807,2.486786852296183,1.3132525093346703,1.3013300303879898,2.5656263966565036,1.0658703117181232,1.443911123197644,1.3119228560720786,1.0658703117181232,1.443911123197644,2.2883789355224633,2.832043727789282,0.14258109280965425,-0.2354597186698666,0.2664173311327782,-0.2772474611340403,False,False,0.0,0.0,0.062439476255708545,0.12487895251141709
1535,25.583333333333332,True,True,50.22005326729362,50.0,62.72641091852374,49.94685960958425,57.08914902437354,45.45203729785291,74.0,0.22005326729362196,2.5410953173854285,2.566506270559283,2.5602113316558723,1.3083776569998256,2.473703726475315,1.312327000479658,1.2959325443632497,2.566506270559283,1.060526402031213,1.4389445119830397,1.3109982842896444,1.060526402031213,1.4389445119830397,2.2892087917205113,2.8331683451564427,0.14301196761979007,-0.2354061423320366,0.26666207459715974,-0.27729747883877165,False,False,0.0,0.0,0.06507298732143321,0.13014597464286642
1540,25.666666666666668,True,True,50.33844890371596,50.0,62.90804177334481,50.0651329760334,57.22260674471464,45.54918628067132,74.0,0.3384489037159568,2.542632343671161,2.5680586671078727,2.561188568438477,1.3064811821500253,2.459523498676726,1.3111751565039866,1.289745847400709,2.5680586671078727,1.054426497935693,1.433220879206651,1.3098476065423257,1.054426497935693,1.433220879206651,2.2906910876625552,2.8349439510828973,0.1434750318059419,-0.2353193494650161,0.26688528397502465,-0.2773675794453174,False,False,0.0,0.0,0.06772270178819725,0.1354454035763945
1545,25.75,True,True,50.46844527851996,50.0,63.10461813893554,50.19498375351204,57.36878578101568,45.6563437199278,74.0,0.4684452785199582,2.544900368036322,2.570349371716685,2.562817519372726,1.3043798970688218,2.4443468047877888,1.3098028524167684,1.2827890746680806,2.570349371716685,1.047588492541019,1.4267581218197007,1.3084766918952937,1.047588492541019,1.4267581218197007,2.2928875559397452,2.8374322908767775,0.14396904715162018,-0.23520058212706152,0.2670829191600923,-0.27746181577693996,False,False,0.0,0.0,0.07038590404392614,0.14077180808785228
1550,25.833333333333332,True,True,50.60936890925276,50.0,63.31514893003221,50.33573868642935,57.52698421514775,45.77293119140615,74.0,0.6093689092527583,2.5479583553395386,2.573437938892934,2.5651599234082614,1.302083169293142,2.4282674936195057,1.3082167250386028,1.2750824304526123,2.573437938892934,1.0400313466604072,1.4195752044464245,1.3068921704473269,1.0400313466604072,1.4195752044464245,2.295854051784791,2.8406892323640296,0.14449277399381222,-0.23505108379220507,0.2672512934710958,-0.27758388710814286,False,False,0.0,0.0,0.0730611914000384,0.1461223828000768
1555,25.916666666666668,True,True,50.7605771609575,50.0,63.5387023839743,50.48675558455307,57.69653482001605,45.89839493232971,74.0,0.7605771609575029,2.551859557014169,2.5773781525843105,2.5682716420744103,1.2996000175411702,2.4113730512483924,1.3064238399773849,1.2666468689497652,2.5773781525843105,1.0317747840669629,1.411691854640678,1.3051011006595674,1.0317747840669629,1.411691854640678,2.2996410015322954,2.8447652143499593,0.14504498569091284,-0.2348720848828023,0.26738706176564886,-0.277737151052015,False,False,0.0,0.0,0.07574776469458046,0.15149552938916092
1560,26.0,True,True,50.92145862098583,50.0,63.77440068066302,50.64742368345049,57.8768061201733,46.03220599180207,74.0,0.9214586209858311,2.5566519588656966,2.5822184784543536,2.572203107941127,1.2969391241559856,2.39374499949455,1.3044314992760995,1.2575039086550441,2.5822184784543536,1.022839111775792,1.4031283831685246,1.3031107771825647,1.022839111775792,1.4031283831685246,2.304293834058863,2.8497056780605514,0.14562447451348048,-0.23466479687925212,0.2674871996061978,-0.2779246443954908,False,False,0.0,0.0,0.07844510447424097,0.15689020894848194
1565,26.083333333333332,True,True,51.091432374838995,50.0,64.0214152048126,50.81716290823437,58.06720228488126,46.17385945346951,74.0,1.0914323748389947,2.562378705404546,2.5880024924585916,2.576999756059707,1.2941088471101818,2.375459270097587,1.3022471200924357,1.247675516684476,2.5880024924585916,1.0132451062121655,1.393905570176863,1.3009286096572852,1.0132451062121655,1.393905570176863,2.309853385762861,2.8555514721234285,0.14623005349238705,-0.2344304104723105,0.26754897966483693,-0.27814910669573045,False,False,0.0,0.0,0.08115282152842437,0.16230564305684875
1570,26.166666666666668,True,True,51.26994681286178,50.0,64.27896236743342,50.99542267126424,58.26716251167873,46.32287324815162,74.0,1.2699468128617823,2.5690784952258072,2.5947692801780655,2.582702428943145,1.2911172315868975,2.35658655605812,1.299878151995773,1.2371840331363002,2.5947692801780655,1.00301393745665,1.3840445894390112,1.2985620401147118,1.00301393745665,1.3840445894390112,2.316356276248052,2.8623392282526576,0.146860556302711,-0.2341700956796502,0.2675699480745921,-0.27841300393001367,False,False,0.0,0.0,0.083870586503748,0.167741173007496
1575,26.25,True,True,51.4564782552916,50.0,64.54629991523106,51.1816804890973,58.47616020133905,46.47878679123054,74.0,1.4564782552916,2.576785946349217,2.602553805812709,2.5893477522503545,1.2879720211521706,2.337192641524265,1.2973320172759817,1.2260521210431308,2.602553805812709,0.9921671180754533,1.3735669571854978,1.2960184833354562,0.9921671180754533,1.3735669571854978,2.323835254741829,2.87010170766817,0.14751483614236705,-0.23388500296767745,0.26754790185546096,-0.27871855107088006,False,False,0.0,0.0,0.08659809584580869,0.17319619169161737
1580,26.333333333333332,True,True,51.65052952880752,50.0,64.82272366648277,51.375440553276356,58.69370206843324,46.641159556539506,74.0,1.6505295288075175,2.585531932335813,2.611387251659171,2.5969684812049993,1.2846806685329843,2.317338711519514,1.294616066317862,1.2143027342036021,2.611387251659171,0.9807264692890869,1.3624944982731635,1.293305282247593,0.9807264692890869,1.3624944982731635,2.3323195184956202,2.8788681194973127,0.14819176406956136,-0.23357626491451522,0.26748086783814173,-0.2790677331635507,False,False,0.0,0.0,0.08933505482196558,0.17867010964393115
1585,26.416666666666668,True,True,51.85162855733913,50.0,65.10756462028155,51.57623231676286,58.91932725461052,46.809569639009425,74.0,1.851628557339133,2.5953438907820265,2.6212973296898467,2.6055938189964665,1.2812503460148774,2.2970816427303746,1.2917375436607899,1.2019590984640947,2.6212973296898467,0.9687141002832497,1.3508493254964702,1.290429674057714,0.9687141002832497,1.3508493254964702,2.341835004895769,2.888664412886886,0.14889022703237553,-0.233244998180845,0.26736708319703917,-0.27946232479407795,False,False,0.0,0.0,0.09208116886860344,0.1841623377372069
1590,26.5,True,True,52.05932699715718,50.0,65.40018639309608,51.78360912407152,59.15260647465943,46.983612330989764,74.0,2.0593269971571786,2.6062461060738014,2.6323085671345394,2.6152497088913274,1.2776879554725027,2.2764742764988335,1.2887035620878626,1.1890447035515628,2.6323085671345394,0.9561523978911897,1.3386538292702839,1.2873987643623424,0.9561523978911897,1.3386538292702839,2.3524046591627092,2.8995135447034555,0.1496091257187211,-0.2328923056603731,0.26720497756891604,-0.2799039079718302,False,False,0.0,0.0,0.09483613919920217,0.18967227839840434
1595,26.583333333333332,True,True,52.273198930561996,50.0,65.69998294258984,51.99714689956782,59.393141209101415,47.162898726625166,74.0,2.273198930561996,2.618259968338614,2.644442568022,2.6259591019330824,1.2740001380460464,2.2555656750957453,1.2855210829747248,1.1755833031765452,2.644442568022,0.9430640244507745,1.3259306754873559,1.284219507467924,0.9430640244507745,1.3259306754873559,2.3640486795156193,2.9114357246991265,0.15034737231081063,-0.23251927872577072,0.26699315667712664,-0.2803938885063806,False,False,0.0,0.0,0.09759966072510431,0.19519932145020863
1600,26.666666666666668,True,True,52.492839624618505,50.0,66.00637654375896,52.21644290389195,59.64056294996231,47.347054365806606,74.0,2.4928396246185045,2.6314042104864686,2.657718252591333,2.637742202107373,1.270193283475967,2.2344013622865124,1.2821969016225165,1.1615989213314515,2.657718252591333,0.9294719218288517,1.312702809543087,1.280898691806533,0.9294719218288517,1.312702809543087,2.3767847416112677,2.9244486399515113,0.15110388821163556,-0.23212699950259974,0.26673038736017807,-0.28093351098006547,False,False,0.0,0.0,0.10037142130902338,0.20074284261804676
1605,26.75,True,True,52.71786435722571,50.0,66.31881598683032,52.44111455218347,59.8945324858622,47.53571791606759,74.0,2.7178643572257073,2.6456951251389134,2.6721520763903026,2.6506166907813897,1.266273539108077,2.213023549139479,1.2787376366031804,1.1471158634450058,2.6721520763903026,0.915399320310285,1.2989934652249602,1.2774429292612242,0.915399320310285,1.2989934652249602,2.3906282039674642,2.938567660288278,0.15187760177995435,-0.2317165431347208,0.2664155838979756,-0.2815238724228384,False,False,0.0,0.0,0.10315110182541676,0.20630220365083352
1610,26.833333333333332,True,True,52.94790731047837,50.0,66.63677497012665,52.670798302398104,60.15473922543549,47.72853990466215,74.0,2.947907310478371,2.6611467631344214,2.6877582307657657,2.6645979321278714,1.2622468185805604,2.1914713459702826,1.2751497223503303,1.132158730362089,2.6877582307657657,0.9008697503821385,1.2848261764971098,1.2738586477274567,0.9008697503821385,1.2848261764971098,2.4055922959714064,2.953806026296596,0.1526674461350208,-0.23128897997995057,0.26604779553083047,-0.28216593479435925,False,False,0.0,0.0,0.10593837672361772,0.21187675344723544
1615,26.916666666666668,True,True,53.18262052990655,50.0,66.95975066435498,52.90514860623578,60.42090053736081,47.92518150059923,74.0,3.1826205299065506,2.6777711151817054,2.7045488263335224,2.6796991611340015,1.2581188102041263,2.169780961261575,1.2714394043781643,1.1167524338098611,2.7045488263335224,0.8859070561093577,1.2702247908763857,1.270152086412736,0.8859070561093577,1.2702247908763857,2.4216882899601475,2.970175021404684,0.15347235706652462,-0.2308453777005034,0.2656261950711616,-0.28286053637337494,False,False,0.0,0.0,0.10873291490439503,0.21746582980879006
1620,27.0,True,True,53.421672947344625,50.0,67.28726242758991,53.143836921336465,60.6927610881665,48.12531335319142,74.0,3.421672947344625,2.695578278116046,2.7225340608972064,2.6959316556824158,1.2538949850460852,2.147985888346992,1.2676127366254366,1.1009222116872934,2.7225340608972064,0.8705354084871942,1.255213482785149,1.26632929311304,0.8705354084871942,1.255213482785149,2.4389256587488637,2.9876841294111456,0.15429127109785568,-0.2303868032000992,0.2651500685139392,-0.2836084021483427,False,False,0.0,0.0,0.11153438078439706,0.22306876156879413
1625,27.083333333333332,True,True,53.66474946467463,50.0,67.61885065266934,53.38655078311105,60.970092154555964,48.328614495011266,74.0,3.664749464674628,2.7145766071006565,2.741722373171663,2.7133048940800046,1.2495806047287767,2.126117080600714,1.2636755805124218,1.0846936414858193,2.741722373171663,0.8547793171280742,1.2398167652385061,1.2623961233342471,0.8547793171280742,1.2398167652385061,2.4573122198750226,3.006341178730205,0.1551231237526869,-0.22991432435774506,0.26461880555854167,-0.28441015329664054,False,False,0.0,0.0,0.11434243546165548,0.22868487092331097
1630,27.166666666666668,True,True,53.9115500953937,50.0,67.95407573085552,53.63299293124463,61.25269087906726,48.5347713159698,74.0,3.9115500953937,2.7347728550071673,2.762120583557239,2.731826699302614,1.2451807289523935,2.104203115829322,1.2596336053723,1.0680926502518107,2.762120583557239,0.8386636387406566,1.224059498323726,1.2583582406435654,0.8386636387406566,1.224059498323726,2.4768542677241174,3.026152474518485,0.1559668480719154,-0.22942901151115402,0.26403189096124624,-0.28526631583312145,False,False,0.0,0.0,0.11715673792060982,0.23431347584121964
1635,27.25,True,True,54.16178916080439,50.0,68.29251711748418,53.8828804859376,61.54037943358436,48.74347661706045,74.0,4.161789160804389,2.7561723001073637,2.7837340231084373,2.7515033711213013,1.240700222751901,2.082270350520641,1.2554922899784982,1.0511455194574502,2.7837340231084373,0.822213580817232,1.2079668928879892,1.2542211182802476,0.822213580817232,1.2079668928879892,2.497556694606073,3.04712291975246,0.15682137343053903,-0.2289319386402182,0.26338889664402254,-0.2861773285023643,False,False,0.0,0.0,0.11997694623264038,0.23995389246528076
1640,27.333333333333332,True,True,54.41519453757828,50.0,68.63377248696673,54.13594417418361,61.83300405680454,48.95442875866385,74.0,4.41519453757828,2.7787788631127177,2.806566651743845,2.772339807179266,1.2361437634974148,2.060343064564841,1.2512569249389187,1.0338788828963972,2.806566651743845,0.805454698705664,1.191564507610677,1.2499900414984495,0.805454698705664,1.191564507610677,2.5194231017610007,3.069256126235237,0.15768562471427972,-0.22842418419073318,0.26268947449139235,-0.2871435499828441,False,False,0.0,0.0,0.12280271872107187,0.24560543744214375
1645,27.416666666666668,True,True,54.67150695346461,50.0,68.97745696595992,54.39192759907141,62.13043392009605,49.16733091367348,74.0,4.671506953464608,2.8025952145091604,2.830621166654252,2.794339613998119,1.2315158476470605,2.0384435970259704,1.2469326157687932,1.0163197160443906,2.830621166654252,0.7884128845546057,1.1748782379489195,1.2456701106422317,0.7884128845546057,1.1748782379489195,2.5424559011887666,3.0925545164271413,0.1585585219045289,-0.22790683148978497,0.2619333497728893,-0.2881652654654854,False,False,0.0,0.0,0.12563371506877147,0.25126743013754294
1650,27.5,True,True,54.9304793279908,50.0,69.32320243479785,54.65058655113178,62.43255977996512,49.38189044244043,74.0,4.930479327990803,2.8276228730518307,2.855899101782349,2.8175052088079537,1.2268207972610286,2.0165924735072327,1.242524286487519,0.998495315104201,2.855899101782349,0.7711143464090333,1.1579342952334684,1.2412662447477034,0.7711143464090333,1.1579342952334684,2.5666564091186794,3.11701941691642,0.15943898012926738,-0.22738096869516766,0.26112031513407086,-0.28924269266366975,False,False,0.0,0.0,0.12846959735406613,0.25693919470813226
1655,27.583333333333332,True,True,55.19187615511128,50.0,69.67065688841832,54.91168835430338,62.73929236675784,49.597818402072754,74.0,5.191876155111281,2.853862296208151,2.8824009191702324,2.8418379130175495,1.2220627662852295,1.9948085256205823,1.238036683612682,0.9804332643222279,2.8824009191702324,0.7535855760880812,1.1407591745468504,1.2367831855258828,0.7535855760880812,1.1407591745468504,2.5920249318634965,3.1426511442742466,0.1603259102246225,-0.2268476882341467,0.2602502251040142,-0.29037598730673597,False,False,0.0,0.0,0.1313100310059545,0.262620062011909
1660,27.666666666666668,True,True,55.4554729248934,50.0,70.01948384902504,55.175011251950764,63.05056047364654,49.81482921432582,74.0,5.4554729248933995,2.8813129632670997,2.910126092899771,2.8673380380688718,1.2172457466126594,1.973109003040414,1.2334743804474966,0.9621613897814405,2.910126092899771,0.7358533041095443,1.1233796096481923,1.2322255016384134,0.7358533041095443,1.1233796096481923,2.6185608447354176,3.1694490839716982,0.16121821986675178,-0.2263080856718962,0.25932299107192724,-0.29156524816435336,False,False,0.0,0.0,0.13415468567362038,0.26830937134724075
1665,27.75,True,True,55.721055581479355,50.0,70.36936182363033,55.440343820160855,63.366308692663964,50.03264050037408,74.0,5.721055581479355,2.9099734517678684,2.939073186285547,2.8940049643535577,1.2123735739303019,1.9515096785921817,1.2288417815768804,0.9437076988760146,2.939073186285547,0.7179444408894156,1.10582251417307,1.2275975932222083,0.7179444408894156,1.10582251417307,2.6462626646406515,3.197411762975312,0.1621148152970554,-0.22576325798659902,0.258338576689765,-0.2928105216448955,False,False,0.0,0.0,0.13700323600864256,0.2740064720172851
1670,27.833333333333332,True,True,55.98842001471884,50.0,70.71998380042594,55.70748441444446,63.68649477098484,50.250973105971056,74.0,5.988420014718841,2.9398415078416993,2.9692399229201163,2.921837213807982,1.2074499333591118,1.9300249467996018,1.224143127503135,0.925100304202124,2.9692399229201163,0.6998860029921208,1.0881149078840482,1.2229036964726676,0.6998860029921208,1.0881149078840482,2.675128116913181,3.226536916581811,0.16301460368192422,-0.2252143012100032,0.2572969936616949,-0.29411180600693543,False,False,0.0,0.0,0.1398553623602905,0.279710724720581
1675,27.916666666666668,True,True,56.25737158302862,50.0,71.07105677865162,55.97624064373573,64.01108655640321,50.469551327631166,74.0,6.257371583028622,2.970914111006448,3.0006232521165126,2.950832516747496,1.2024783648943702,1.9086679162885185,1.219382499365159,0.906367331526426,3.0006232521165126,0.6817050241001767,1.0702838276406421,1.218147888417252,0.6817050241001767,1.0702838276406421,2.7051541968970785,3.2568215500013915,0.1639164961142161,-0.22466230742624926,0.2561982978848789,-0.2954690552194341,False,False,0.0,0.0,0.14271075138622674,0.2854215027724535
1680,28.0,True,True,56.527724665194654,50.0,71.42230132727586,56.24642887096967,64.34005851995478,50.688103351550545,74.0,6.527724665194654,3.0031875339037626,3.0332194092428004,2.980987873449235,1.1974622686534346,1.8874504964214984,1.2145638236958713,0.8875368117733797,3.0332194092428004,0.6634284506417024,1.0523562230271217,1.2133340916158433,0.6634284506417024,1.0523562230271217,2.736337226739983,3.28826199515214,0.164819411253742,-0.2241083611316773,0.2550425859093397,-0.2968821825028174,False,False,0.0,0.0,0.1455690965819119,0.2911381931638238
1685,28.083333333333332,True,True,56.79930223899015,50.0,71.77345116838269,56.51787374114185,64.6733878626224,50.90636191340339,74.0,6.799302238990151,3.0366573974235744,3.06702397139781,3.0122996109460614,1.1924049099376701,1.8663834785146323,1.2096908771813462,0.8686365575022956,3.06702397139781,0.6450830225246927,1.0343588370870758,1.2084660788903876,0.6450830225246927,1.0343588370870758,2.768672907817641,3.3208539630855243,0.16572227958478014,-0.22355353497760289,0.25382999168771425,-0.29835106358016894,False,False,0.0,0.0,0.14843009873300492,0.29686019746600983
1690,28.166666666666668,True,True,57.071935484634466,50.0,72.12425278167858,56.79040773322026,65.01105022919569,51.12406517690104,74.0,7.071935484634466,3.0713187216193836,3.1020319088355772,3.044763435451583,1.1873094241150992,1.8454766119668207,1.2047672913924776,0.8496940251838078,3.1020319088355772,0.6266951402349128,1.0163180734215884,1.2035474781863287,0.6266951402349128,1.0163180734215884,2.802156369170595,3.354592592424014,0.16662404823778065,-0.22299888494889497,0.25256068358843686,-0.29987553966498215,False,False,0.0,0.0,0.15129346629539198,0.30258693259078395
1695,28.25,True,True,57.34546341126383,50.0,72.47446502699944,57.06387073690701,65.353015082059,51.34095782537003,74.0,7.345463411263829,3.1071659727803382,3.1382376325081416,3.0783744807973044,1.1821788213300846,1.8247386756118553,1.199796557465998,0.8307361651005067,3.1382376325081416,0.6082907200505099,0.9982598514041314,1.198581777067966,0.6082907200505099,0.9982598514041314,2.8367822122987345,3.3894724941565495,0.16752368630362469,-0.22244544504999686,0.2512348616484079,-0.3014554202094071,False,True,0.0,0.0,0.15415891570791565,0.3083178314158313
1700,28.333333333333332,True,True,57.61973250472333,50.0,72.82385878211744,57.33810965741296,65.69924081718824,51.55679235380266,74.0,7.619732504723331,3.1441931069920614,3.175635038061982,3.1131273532276422,1.1770159910461402,1.804177544584878,1.1947820307166057,0.8117892613292407,3.175635038061982,0.5898950397359808,0.9802094518748036,1.1935723274773864,0.5898950397359808,0.9802094518748036,2.872544552627302,3.425487793105468,0.1684201905455629,-0.2218942215932599,0.2498527550434857,-0.3030904854346801,False,True,0.0,0.0,0.15702617164292132,0.31405234328584264
1705,28.416666666666668,True,True,57.894596395120224,50.0,73.17221659352217,57.612978041609296,66.04966972176179,51.77133053121205,74.0,7.8945963951202245,3.182393610487265,3.214217546592138,3.149016172866385,1.17182370642774,1.7838002529771853,1.189726935166048,0.7928787653074051,3.214217546592138,0.5715325780843015,0.962191356682728,1.188522350141966,0.5715325780843015,0.962191356682728,2.9094370579288156,3.462632166349331,0.16931259137532295,-0.22134618722310362,0.24841461975719303,-0.3047804886633223,False,True,0.0,0.0,0.15989496719975005,0.3197899343995001
1710,28.5,True,True,58.16991554270099,50.0,73.51933233818798,57.888335731629816,66.40422291404349,51.984345004648326,74.0,8.169915542700991,3.2217605370591262,3.2539781424297174,3.186034612139073,1.1666046285668006,1.7636130525367792,1.1846343679783282,0.774029126588548,3.2539781424297174,0.5532268517755045,0.9442290855448933,1.1834349391283014,0.5532268517755045,0.9442290855448933,2.947452983958879,3.500898878859629,0.1701999589563452,-0.2208022748130436,0.24692073642991152,-0.3065251584708384,False,True,0.0,0.0,0.16276504404616313,0.32553008809232625
1715,28.583333333333332,True,True,58.445556940729816,50.0,73.86501089463971,58.16404854567175,66.76279542306906,52.1956210019857,74.0,8.445556940729816,3.262286542785005,3.294909408212855,3.224175931409254,1.161361310559304,1.743621467656526,1.1795073037929424,0.755263625098969,3.294909408212855,0.5350002537002566,0.9263450343699894,1.1783130660300687,0.5350002537002566,0.9263450343699894,2.9865852075398966,3.540280816585383,0.17108140927102033,-0.22026337139871244,0.2453714083725278,-0.3083242006729585,False,True,0.0,0.0,0.16563615251264371,0.33127230502528743
1720,28.666666666666668,True,True,58.72139383415228,50.0,74.20906782189813,58.439987983607836,67.12525158143993,52.40495808120135,74.0,8.72139383415228,3.303963918285037,3.337003557467887,3.26343301206264,1.1560962014373422,1.7238303468771357,1.174348598950284,0.7366042095601643,3.337003557467887,0.516873897237253,0.908560319536052,1.1731595843169544,0.516873897237253,0.908560319536052,3.026826257304966,3.5807705171979216,0.17195610997588773,-0.2197303123229113,0.24376695973003448,-0.3101773001629211,False,True,0.0,0.0,0.16850805164415894,0.3370161032883179
1725,28.75,True,True,58.997305452926994,50.0,74.55132904512519,58.71603095793877,67.49142091790767,52.61217187066195,74.0,8.997305452926994,3.34678461871929,3.380252464906483,3.303798387251444,1.1508116499616747,1.7042439111184586,1.1691609956051838,0.718071346697825,3.380252464906483,0.4988674709309495,0.8908946325684477,1.1679772333614438,0.4988674709309495,0.8908946325684477,3.0681683422945834,3.6223601986884506,0.17282328587062268,-0.2192038757668755,0.24210773378196748,-0.3120841226118998,False,True,0.0,0.0,0.17138050921378417,0.34276101842756834
1730,28.833333333333332,True,True,59.27317675899931,50.0,74.89163054700161,58.99205955268719,67.8610947388465,52.81709574344381,74.0,9.273176758999313,3.390740291708303,3.424647694625386,3.345264270491517,1.145509908279714,1.6848657988396682,1.163947125726037,0.6996838856226442,3.424647694625386,0.48099910778970073,0.8733661094382511,1.1627686424656076,0.48099910778970073,0.8733661094382511,3.1106033785809366,3.6650417859932105,0.17368222381560694,-0.21868477783294343,0.24039409136782464,-0.31404431604444927,False,True,0.0,0.0,0.17425330170232511,0.34850660340465023
1735,28.916666666666668,True,True,59.54889820597613,50.0,75.22981806405717,59.26796080720686,68.23402356997613,53.01958236366067,74.0,9.54889820597613,3.435822303344767,3.470180526378215,3.3878225822870736,1.1401931354536776,1.6656991083167583,1.1587095149781528,0.6814589415621686,3.470180526378215,0.46328527322619595,0.855991218502923,1.1575363347414624,0.46328527322619595,0.855991218502923,3.154123014078522,3.7088069358049456,0.17453227694075446,-0.21817366833597263,0.23862640942673075,-0.3160575122996927,False,True,0.0,0.0,0.17712621424786557,0.35425242849573113
1740,29.0,True,True,59.8243655106373,50.0,75.56574678733848,59.54362652390417,68.60991560867156,53.21950504734724,74.0,9.8243655106373,3.4820217624486647,3.5168419800731514,3.4314649749417336,1.1348634008634844,1.646746437214383,1.1534505864909614,0.6634118024165855,3.5168419800731514,0.44574067498225045,0.838784670431335,1.1522827308595425,0.44574067498225045,0.838784670431335,3.1987186516851893,3.753647059714797,0.1753728680147495,-0.21767112743433503,0.23680507964164565,-0.3181233283879621,False,True,0.0,0.0,0.17999904056868174,0.3599980811373635
1745,29.083333333333332,True,True,60.09947943549183,50.0,75.89928106694464,59.8189530976931,68.98843630130985,53.41675888541598,74.0,10.09947943549183,3.5293295432042404,3.564622838636283,3.476182855699993,1.129522687488806,1.6280099196183524,1.1481726645094543,0.6455558608314005,3.564622838636283,0.42837819762929724,0.8217593527044915,1.1470101527242607,0.42837819762929724,0.8217593527044915,3.244381470884618,3.7995533458156094,0.17620349187309103,-0.21717766320210324,0.2349305071793264,-0.3202413677516649,False,True,0.0,0.0,0.18287158286300953,0.36574316572601906
1750,29.166666666666668,True,True,60.374145581651355,50.0,76.23029412008574,60.09384136820104,69.36920911968713,53.61126158760949,74.0,10.374145581651355,3.577736306304566,3.6135136693676118,3.521967408350114,1.1241728950745327,1.6094912606850116,1.1428779779308782,0.6279025734204424,3.6135136693676118,0.4112088632160458,0.8049262902634142,1.1417208269442654,0.4112088632160458,0.8049262902634142,3.29110244792926,3.846516778885705,0.1770237168429718,-0.21669371020439665,0.23300310951809333,-0.3224112214383519,False,True,0.0,0.0,0.18574365168856982,0.37148730337713964
1755,29.25,True,True,60.64827419135395,50.0,76.55866774242931,60.36819648908819,69.75181755212604,53.80295401182077,74.0,10.648274191353948,3.627232518718061,3.663504843905242,3.5688096134074825,1.1188158431837605,1.5911917690542683,1.1375686637281888,0.6104614479632711,3.663504843905242,0.39424181885570186,0.7882946330965842,1.136416888361373,0.39424181885570186,0.7882946330965842,3.338872374712065,3.894528159261434,0.17783318513331314,-0.2162196291075692,0.23102331535619225,-0.32463246919317656,False,True,0.0,0.0,0.18861506582472973,0.37723013164945945
1760,29.333333333333332,True,True,60.921779959525765,50.0,76.88429202259162,60.64192781394451,70.13580827660111,53.99180035993299,74.0,10.921779959525765,3.677808472181057,3.7145865569028675,3.61670026698675,1.1134532741422702,1.5731123871641486,1.1322467702621386,0.5932400581943785,3.7145865569028675,0.3774843508835627,0.7718716703977551,1.1311003832573534,0.3774843508835627,0.7718716703977551,3.3876818764255967,3.9435781204970914,0.17863161220337653,-0.21575570731081584,0.2289915635942239,-0.32690468047727084,False,True,0.0,0.0,0.19148565211980026,0.3829713042396005
1765,29.416666666666668,True,True,61.19458185381829,50.0,77.20706505971086,60.91494879444851,70.5206954254615,54.17778803138122,74.0,11.194581853818292,3.7294543005111547,3.7667488435162664,3.665629998461344,1.1080868558783106,1.5552537195963763,1.126914260484187,0.5762440849480754,3.7667488435162664,0.36094192439421513,0.7556628701033627,1.1257732725900043,0.36094192439421513,0.7556628701033627,3.4375214280982997,3.9936571459019983,0.1794187851552873,-0.2153021605538603,0.2269083023857319,-0.32922741541796663,False,True,0.0,0.0,0.19435524532581522,0.38871049065163044
1770,29.5,True,True,61.466602942604595,50.0,77.52689268410445,61.187176890566874,70.90596580712409,54.36092714200981,74.0,11.466602942604595,3.7821599958277705,3.8199815957860483,3.715589287000149,1.1027181846613896,1.5376160595746418,1.1215730150326235,0.5594773814370001,3.8199815957860483,0.3446182460184558,0.7396719416696578,1.1204374350827948,0.3446182460184558,0.7396719416696578,3.488381370089831,4.044755584036626,0.18019456023265767,-0.2148591354185443,0.22477398825057726,-0.33160022569621717,False,True,0.0,0.0,0.19722368792287695,0.3944473758457539
1775,29.583333333333332,True,True,61.73777023045976,50.0,77.84368818106854,61.458533484208196,71.29108489968056,54.54124972092107,74.0,11.737770230459759,3.8359154237586237,3.87427457799621,3.7665684770632284,1.0973487877436265,1.5201994137298211,1.1162248352244735,0.5429420600007234,3.87427457799621,0.32851534737512117,0.7239009195247396,1.1150946702412967,0.32851534737512117,0.7239009195247396,3.54025192262012,4.0968636632424404,0.18095885952401614,-0.21442671262560226,0.22258908524623067,-0.3340226553760899,False,True,0.0,0.0,0.20009082993498692,0.40018165986997384
1780,29.666666666666668,True,True,62.008014500688546,50.0,78.15737201792066,61.72894380324139,71.67550341893616,54.71880862103687,74.0,12.008014500688546,3.8907103377040984,3.9296174410811395,3.81855779293128,1.0919801259070974,1.5030035252394829,1.1108714459458666,0.5266385966896906,3.9296174410811395,0.3126336856980663,0.7083502636957375,1.1097467012085418,0.3126336856980663,0.7083502636957375,3.5931231994003854,4.149971505273702,0.1817116670060469,-0.21400491099162428,0.22035406419256232,-0.33649424168075415,False,True,0.0,0.0,0.20295652873903938,0.40591305747807876
1785,29.75,True,True,62.2772701644982,50.0,78.46787157442265,61.998336844489096,72.05866422468242,54.89367617224917,74.0,12.277270164498198,3.946534392225188,3.98599973614744,3.8715473523370436,1.0866135959204992,1.4860278954424875,1.1055144984436134,0.510565950299906,3.98599973614744,0.2969722583794155,0.6930189743522601,1.10439517756181,0.2969722583794155,0.6930189743522601,3.646985220428459,4.204069138093568,0.18245302405235408,-0.21359369192049055,0.21806940194612823,-0.339014515718981,False,True,0.0,0.0,0.20582064886855428,0.41164129773710856
1790,29.833333333333332,True,True,62.54547511644554,50.0,78.77512087674674,62.266645295702176,72.44000933719775,55.06594262115278,74.0,12.545475116445537,4.003377155615135,4.043410927171287,3.925527179261014,1.0812505329083184,1.4692718040233714,1.1001555730208026,0.49472169201758337,4.043410927171287,0.2815287277310931,0.6779047165681205,1.0990416779922727,0.2815287277310931,0.6779047165681205,3.701827924005487,4.259146507891549,0.1831830245505371,-0.21319296428649026,0.21573558072026167,-0.34158300316580004,False,True,0.0,0.0,0.20868306181347707,0.41736612362695413
1795,29.916666666666668,True,True,62.81257059581637,50.0,79.07906033516763,62.53380546222215,72.8189868499035,55.23571440916507,74.0,12.812570595816368,4.06122812170981,4.101840402926908,3.980487215948518,1.0758922126355972,1.4527343278554428,1.0947961816392269,0.47910214175940385,4.101840402926908,0.26629955219585316,0.6630039515325571,1.0936877129260665,0.26629955219585316,0.6630039515325571,3.757641178026267,4.31519349037461,0.18390180977315324,-0.2128025895635507,0.2133530874477021,-0.3441992249006409,False,True,0.0,0.0,0.21154364581728935,0.4230872916345787
1800,30.0,True,True,63.07850105362168,50.0,79.3796364856754,62.79975718255817,73.19505751801891,55.40311232431235,74.0,13.078501053621679,4.120076720987287,4.16127748819716,4.036417334200438,1.070539853711271,1.4364143585860993,1.0894377704314546,0.4637025081181037,4.16127748819716,0.25128012103240194,0.6483120712355434,1.0883347270575088,0.25128012103240194,0.6483120712355434,3.81441479059117,4.372199901379839,0.18460956311743965,-0.21242238708570177,0.21092241318267924,-0.3468626976059901,False,True,0.0,0.0,0.21440228567256917,0.42880457134513833
1805,30.083333333333332,True,True,63.34321402491817,50.0,79.67680173571215,63.06444375031785,73.56770086779687,55.56826958765936,74.0,13.343214024918169,4.179912331002934,4.221711454312963,4.0933073459855045,1.0651946197129498,1.4203106190428183,1.0840817221253423,0.44851702823448253,4.221711454312963,0.23646488893258855,0.633823533085164,1.0829841016919546,0.23646488893258855,0.633823533085164,3.8721385199836464,4.430155506852697,0.1853065048506815,-0.21205213930189398,0.20844405253973353,-0.3495729343293168,False,True,0.0,0.0,0.2172588725158577,0.4345177450317154
1810,30.166666666666668,True,True,63.606660006182835,50.0,79.97051411423611,63.3278118239938,73.93642066323841,55.731329903323406,74.0,13.606660006182835,4.240724286202572,4.2831315290645975,4.151147013418171,1.059857621235916,1.4044216785334616,1.0787293583837623,0.433539105329628,4.2831315290645975,0.22184750838866973,0.619531992275059,1.0776371571472283,0.22184750838866973,0.619531992275059,3.93080208405381,4.489050032231338,0.18599288694543092,-0.2116915969409583,0.20591850316674076,-0.35232944501078745,False,True,0.0,0.0,0.22011330362276227,0.44022660724552454
1815,30.25,True,True,63.86879233749103,50.0,80.26073702631683,63.58981133504079,74.30074963647019,55.892445520169396,74.0,13.86879233749103,4.3025018871528555,4.345526906024384,4.209926058142575,1.0545299178690108,1.3887459671100735,1.0733819420622552,0.41876144129269055,4.345526906024384,0.20742095730286686,0.6054304293941584,1.0722951550232664,0.20742095730286686,0.6054304293941584,3.990395169045312,4.548873171274211,0.18666898810146781,-0.2113404839898237,0.20334626524982724,-0.3551317369790721,False,True,0.0,0.0,0.2229654822040333,0.4459309644080666
1820,30.333333333333332,True,True,64.12956708926501,50.0,80.5474390124571,63.85039539629622,74.66025341552228,56.05177534130818,74.0,14.12956708926501,4.365234409224962,4.408886753317212,4.269634170159762,1.0492125200999873,1.3732817888611282,1.06804067938729,0.4041761624406081,4.408886753317212,0.1931776600256268,0.5915112714651195,1.066959300325334,0.1931776600256268,0.5915112714651195,4.050907437899859,4.609614594365301,0.1873351090245114,-0.2109985024149813,0.2007278410480886,-0.35797931541735295,False,True,0.0,0.0,0.2258153172032285,0.451630634406457
1825,30.416666666666668,True,True,64.38894295337658,50.0,80.83059351283032,64.10952020078348,75.01453360570348,56.2094831022665,74.0,14.388942953376585,4.428911110764862,4.473200221872511,4.33026101613258,1.0439063911528268,1.3580273342932077,1.0627067220577433,0.38977493733139457,4.473200221872511,0.17910960074570048,0.5777665053345744,1.0616307435579528,0.17910960074570048,0.5777665053345744,4.112328538071053,4.671263956328673,0.18799156800317984,-0.21066533658569409,0.198063734456162,-0.3608716838014576,False,True,0.0,0.0,0.22866272309655872,0.45732544619311744
1830,30.5,True,True,64.64688113840229,50.0,81.11017863661041,64.36714491789246,75.36323003231662,56.36573564656402,74.0,14.646881138402293,4.493521240780922,4.538456453188731,4.3917962471998635,1.0386124487594057,1.3429806918593847,1.0573811692721538,0.37554908549788707,4.538456453188731,0.16520842814101538,0.5641877823241725,1.0563105828334756,0.16520842814101538,0.5641877823241725,4.174648108876841,4.73381090378164,0.18863869682628548,-0.21034065735687169,0.1953544505929088,-0.3638083443118898,False,True,0.0,0.0,0.23150761969540082,0.46301523939080164
1835,30.583333333333332,True,True,64.90334526884274,50.0,81.3861769365576,64.6232315924172,75.70602217848472,56.52070132056723,74.0,14.903345268842742,4.559054046177282,4.604644586639055,4.4542295063292405,1.033331566867846,1.3281398586880755,1.0520650696842542,0.3614896764103196,4.604644586639055,0.15146555062434017,0.5507665134764087,1.0509998657463713,0.15146555062434017,0.5507665134764087,4.23785578841766,4.797245082053603,0.1892768370660891,-0.21002412578597943,0.19260049541454816,-0.3667887982213953,False,True,0.0,0.0,0.23434993195184892,0.46869986390369783
1840,30.666666666666668,True,True,65.15830128813091,50.0,81.65857518900924,64.87774503428464,76.04262985535686,56.674548490102126,74.0,15.158301288130914,4.625498778559357,4.671753766344951,4.5175504352356315,1.0280645772897732,1.313502750562848,1.046759423289188,0.3475876187412996,4.671753766344951,0.13787222225443066,0.5374939554659328,1.0456995912475122,0.13787222225443066,0.5374939554659328,4.30194122008541,4.861556141695718,0.1899063367246332,-0.20971539648686896,0.18980237535076672,-0.3698125462595412,False,True,0.0,0.0,0.2371895897677655,0.474379179535531
1845,30.75,True,True,65.41171736526428,50.0,81.9273641794089,65.13065271213043,76.372813186916,56.827444196876364,74.0,15.41171736526428,4.692844700635912,4.739773147642271,4.581748680890564,1.0228122712886416,1.2990672112005748,1.041465183242793,0.3338337396535917,4.739773147642271,0.12441961904336919,0.524361286907048,1.0404107115623902,0.12441961904336919,0.524361286907048,4.366894058686558,4.926733744604683,0.19052754725345628,-0.20941412061022252,0.18696059696241196,-0.3728790889557132,False,True,0.0,0.0,0.24002652780746728,0.48005305561493455
1850,30.833333333333332,True,True,65.66356380490723,50.0,82.19253849348998,65.38192464245705,76.69637197998523,56.979552951453655,74.0,15.663563804907227,4.761081092240428,4.808691903162832,4.64681390164562,1.0175754011112101,1.2848310208724254,1.0361832576162167,0.320218854581608,4.808691903162832,0.11109890611332168,0.5113596755106238,1.035134133831116,0.11109890611332168,0.5113596755106238,4.432703976201046,4.992767569782333,0.1911408209290158,-0.2091199484682863,0.18407566661950092,-0.37598792696178585,False,True,0.0,0.0,0.2428606853144791,0.4857213706289582
1855,30.916666666666668,True,True,65.91381296081819,50.0,82.45409631421248,65.63153328528816,77.01314457743186,57.131035671421564,74.0,15.913812960818191,4.830197255992875,4.878499228552804,4.71273577299169,1.0123546814641753,1.2707919044094678,1.0309145110881175,0.30673382768319246,4.878499228552804,0.09790129587262186,0.4984803362603355,1.0298707218509209,0.09790129587262186,0.4984803362603355,4.499360667197151,5.059647318751156,0.19174650857714304,-0.2088325318105706,0.1811480901983522,-0.3791385613556528,False,True,0.0,0.0,0.24569200593234772,0.49138401186469544
1860,31.0,True,True,66.16243915246622,50.0,82.71203922453498,65.87945342929257,77.32300626530392,57.28204874812199,74.0,16.16243915246622,4.900182522621613,4.949184347847829,4.779503992974154,1.007150790937894,1.256947538632074,1.0256597665765694,0.29336962391821547,4.949184347847829,0.08481809813193664,0.4857145815289792,1.0246212977015148,0.08481809813193664,0.4857145815289792,4.566853853921103,5.127362720644597,0.1923449576107637,-0.20855152578627884,0.1781783727967685,-0.3823304939267258,False,True,0.0,0.0,0.2485204375299153,0.4970408750598306
1865,31.083333333333332,True,True,66.40941858470755,50.0,82.96637201608505,66.12566209179062,77.62586734813682,57.432743257149674,74.0,16.409418584707552,4.971026255963767,5.020736518523404,4.84710828728285,1.0019643733790733,1.243295559239943,1.020419806812792,0.28011735279812455,5.020736518523404,0.07184076220294705,0.47305386317730136,1.0193866433411587,0.07184076220294705,0.47305386317730136,4.635173291079021,5.195903536989644,0.1929365103791768,-0.2082765905951775,0.17516701846624017,-0.38556322744438276,False,True,0.0,0.0,0.25134593203090333,0.5026918640618067
1870,31.166666666666668,True,True,66.65472927040194,50.0,83.21710250377502,66.37013841055409,77.92167095142861,57.583264287195625,74.0,16.654729270401944,5.042717857661263,5.093145036237876,4.915538414034333,0.9967960392142203,1.2298335671972673,1.0151953758587045,0.2669683050278491,5.093145036237876,0.058960912155314404,0.4604898078111116,1.014167502056307,0.058960912155314404,0.4604898078111116,4.704308770327532,5.265259566198096,0.19352150278326252,-0.20800739287253467,0.17211452996022025,-0.3888362659103439,False,True,0.0,0.0,0.2541684452481576,0.5083368904963153
1875,31.25,True,True,66.89835095585372,50.0,83.46424134639219,66.61286354035836,78.21039064202176,57.73375038956049,74.0,16.898350955853715,5.115246771568582,5.166399239284268,4.984784168262814,0.9916463667256031,1.2165591346454654,1.0099871805702627,0.25391398243737967,5.166399239284268,0.04617037561438675,0.44801424557913144,1.0089645800137532,0.04617037561438675,0.44801424557913144,4.774250124488442,5.335420647781886,0.19410026314175177,-0.20774360682299292,0.16902140849761782,-0.39214911479582604,False,True,0.0,0.0,0.25698793672243336,0.5139758734448667
1880,31.333333333333332,True,True,67.140265048969,50.0,83.70780187317635,66.8538205546845,78.4920279359685,57.88433313984155,74.0,17.140265048969,5.188602487887298,5.240488512766171,5.054835386135164,0.98651590328139,1.2034698103738977,1.0047958920084845,0.24094612189465808,5.240488512766171,0.03346120676543082,0.43561923317736706,1.003778547578486,0.03346120676543082,0.43561923317736706,4.8449872315018565,5.406376666306843,0.19467311128270898,-0.20748491512922726,0.16588815354067243,-0.3955012812643144,False,True,0.0,0.0,0.25980436956581265,0.5196087391316253
1885,31.416666666666668,True,True,67.38045455002681,50.0,83.94779991638174,67.09299434857802,78.76660975062549,58.035136799326274,74.0,17.380454550026812,5.262774547041503,5.315402292511918,5.12568194890435,0.9814051665215953,1.1905631248771167,0.9996221467999685,0.2280567139649884,5.315402292511918,0.02082570430101649,0.4232970717966331,0.9986100407194045,0.02082570430101649,0.4232970717966331,4.916510018131212,5.478117555098352,0.19524035783164473,-0.2072310096639719,0.16271526258643387,-0.3988922743807066,False,True,0.0,0.0,0.2626177103098445,0.525235420619689
1890,31.5,True,True,67.6189039849655,50.0,84.18425364980493,67.33037154296073,79.03418585343594,58.186278066937206,74.0,17.6189039849655,5.337752543307417,5.391130068740491,5.197313786614782,0.9763146455013869,1.1778365950254284,0.9944665484486993,0.21523801694974282,5.391130068740491,0.008256424920688732,0.41104032062235896,0.9934596623564631,0.008256424920688732,0.41104032062235896,4.988808463432951,5.55063329971166,0.19580230367261614,-0.20698159202905408,0.15950323097116925,-0.4023216053075398,False,True,0.0,0.0,0.2654279287582342,0.5308558575164684
1895,31.583333333333332,True,True,67.85559934109233,50.0,84.41718343324612,67.56594039634517,79.09671018021213,58.33786591729956,74.0,17.85559934109233,5.413526128209639,5.467661389491735,5.269720881572306,0.9712448017932703,1.1652877283739078,0.989329668600824,0.20248256677526116,5.467661389491735,-0.004253807163772244,0.3988418063399835,0.988327983546742,-0.004253807163772244,0.3988418063399835,5.061872602002743,5.623913941178714,0.19635923956472234,-0.2067363739390334,0.15625255168697816,-0.4057887874889925,False,True,0.0,0.0,0.26823499784425997,0.5364699956885199
1900,31.666666666666668,True,True,68.09052800512708,50.0,84.64661166285738,67.7996907149391,78.77002634872423,58.49000150860384,74.0,18.090528005127084,5.490085013695822,5.54498586383278,5.342893271590729,0.9661960705495967,1.1529140271334417,0.9842120482640745,0.18978318348244103,5.54498586383278,-0.016711893995031174,0.3866946293684055,0.9832155447290917,-0.016711893995031174,0.3866946293684055,5.1356925270095255,5.697949579042823,0.19691144588596446,-0.2064950774774722,0.15296371521004293,-0.4092933368232545,False,True,0.0,0.0,0.27103889349269616,0.5420777869853923
1905,31.75,True,True,68.32367870349552,50.0,84.87256262731947,68.03161377085524,78.43855266435726,58.64277815959478,74.0,18.323678703495517,5.567418975100829,5.623093164851838,5.416821053026174,0.9611688615268025,1.140712991825918,0.9791141989834086,0.17713297461133154,5.623093164851838,-0.02912446062550697,0.37459216710480414,0.9781228569687755,-0.02912446062550697,0.37459216710480414,5.210258393027931,5.772730374191695,0.1974591924934726,-0.2062574352368385,0.1496372093398568,-0.41283477182390715,False,True,0.0,0.0,0.2738395944863245,0.547679188972649
1910,31.833333333333332,True,True,68.55504144479205,50.0,85.09506236977614,68.26170222234282,78.10236813494079,58.796281382647486,74.0,18.555041444792053,5.645517853910867,5.701973032449976,5.491494383609813,0.9561635600727321,1.1286821246443164,0.9740366039744215,0.16452533606935504,5.701973032449976,-0.04149785429467151,0.3625280747474659,0.9730504029678287,-0.04149785429467151,0.3625280747474659,5.285560418679168,5.848246551498913,0.19800273867811086,-0.20602319036402655,0.14627351904893704,-0.41641261377080774,False,True,0.0,0.0,0.27663708233693013,0.5532741646738603
1915,31.916666666666668,True,True,68.78460746433414,50.0,85.31413855544506,68.48995003436167,77.76155538291577,58.950588963963014,74.0,18.784607464334144,5.72437156033746,5.781615275940834,5.566903485089041,0.9511805280783517,1.1168189325371574,0.968979719216015,0.15195395092462605,5.781615275940834,-0.05383814560335448,0.3504962841216054,0.9679986382511289,-0.05383814560335448,0.3504962841216054,5.361588889089767,5.924488402283284,0.19854233319697934,-0.20579209652798053,0.14287312634245009,-0.42002638685106675,False,True,0.0,0.0,0.2794313411606503,0.5588626823213007
1920,32.0,True,True,69.01236917073506,50.0,85.52982034481391,68.71635240826794,77.41620053065674,59.10577109116812,74.0,19.012369170735056,5.80397007571063,5.862009776467737,5.643038645686525,0.9462201048951124,1.1051209300355682,0.9639439745037518,0.1394127863009544,5.862009776467737,-0.0661511315150764,0.33849100067815363,0.9629679921767548,-0.0661511315150764,0.33849100067815363,5.4383341581771845,6.001446286595029,0.19907821437719922,-0.2055639178160308,0.1394365101272923,-0.42367561829055234,False,True,0.0,0.0,0.2822223575577398,0.5644447151154796
1925,32.083333333333336,True,True,69.23832009442373,50.0,85.74213827232217,68.94090571204423,77.06639307940203,59.2618905148968,74.0,19.238320094423727,5.884303454700166,5.943146489247168,5.719890222386107,0.9412826082191792,1.0935856418400798,0.9589297744652894,0.1268960888748643,5.943146489247168,-0.07844233970276179,0.32650669914716623,0.9579588689463435,-0.07844233970276179,0.32650669914716623,5.5157866507707185,6.079110635337298,0.19961061027230192,-0.2053384285776261,0.13596414609013063,-0.4273598384764492,False,True,0.0,0.0,0.2850101204965071,0.5700202409930142
1930,32.166666666666664,True,True,69.46245483804401,50.0,85.95112413042014,69.16360741232275,76.71222578221783,59.41900273955318,74.0,19.46245483804401,5.965361827373323,6.025015445647057,5.797448643054008,0.9363683349436995,1.082210605183211,0.9539374995392286,0.11439837922479457,6.025015445647057,-0.09071703400001355,0.3145381180866669,0.9529716486447343,-0.09071703400001355,0.3145381180866669,5.593936864575811,6.157471952231032,0.2001397388618723,-0.2051154132248081,0.13245650658397512,-0.43107858107124564,False,True,0.0,0.0,0.2877946212014397,0.5755892424028795
1935,32.25,True,True,69.68476902866828,50.0,86.156810858891,69.3844560120207,76.35379451143491,59.57715624122787,74.0,19.684769028668285,6.047135401096988,6.107606755107958,5.875704408403422,0.9314775619802412,1.0709933719828844,0.9489675069186672,0.1019144451943521,6.107606755107958,-0.10298022080113262,0.302580253482744,0.9480066880892537,-0.10298022080113262,0.302580253482744,5.672775371989314,6.23652081563082,0.20066580828839187,-0.20489466599548473,0.12891406052286225,-0.43483138311864433,False,True,0.0,0.0,0.2905758530454214,0.5811517060908428
1940,32.333333333333336,True,True,69.90525927176225,50.0,86.35923243931425,69.6034509916019,75.99119812100705,59.73639270646742,74.0,19.905259271762247,6.129614462291813,6.1909106069147315,5.954648093810067,0.9266105470504948,1.0599315108007914,0.9440201314607042,0.0894393345197841,6.1909106069147315,-0.11523665616906498,0.29062835164171785,0.9430643217961461,-0.11523665616906498,0.29062835164171785,5.752292821773024,6.3162478801989925,0.20118901712193377,-0.20467599068884906,0.12533727328426103,-0.4386177851417079,False,True,0.0,0.0,0.29335381144584516,0.5867076228916903
1945,32.416666666666664,True,True,70.1239231068412,50.0,86.55842379454472,69.8205927497355,75.62453830424889,59.89674728413726,74.0,20.123923106841204,6.212789378045543,6.2749172718259985,6.034270350986008,0.9217675294492897,1.0490226086189274,0.9390956865631039,0.07696834698655039,6.2749172718259985,-0.12749085339628977,0.2786779016293656,0.9381448628445015,-0.12749085339628977,0.2786779016293656,5.832479940592308,6.39664387844481,0.20170955464281523,-0.20445920038284016,0.12172660661881185,-0.4424373312336902,False,True,0.0,0.0,0.2961284937646789,0.5922569875293578
1950,32.5,True,True,70.34075896475917,50.0,86.75442069307626,70.03588255284257,75.25391944741764,60.05824885474056,74.0,20.340758964759175,6.29665059759236,6.359617103568284,6.114561909518559,0.9169487307799432,1.0382642724467002,0.934194465009273,0.06449702607084874,6.359617103568284,-0.13974709106116157,0.26672462721468904,0.9332486037108993,-0.13974709106116157,0.26672462721468904,5.913327534426413,6.477699622135336,0.2022276011438403,-0.2042441171320103,0.11808251856705176,-0.4462895691418707,False,True,0.0,0.0,0.2988998992122052,0.5977997984244104
1955,32.583333333333336,True,True,70.55576612657556,50.0,86.94725965815569,70.24932248115545,74.87944847960716,60.22092030344745,74.0,20.555766126575563,6.38118865366473,6.445000540201377,6.195513578280874,0.9121543556629219,1.0276541307702227,0.929316739782675,0.052021150448699705,6.445000540201377,-0.1520094212113877,0.254764478686546,0.9283758171333375,-0.1520094212113877,0.254764478686546,5.9948264898566475,6.559406003584166,0.2027433282378463,-0.2040305716600874,0.11440546338278867,-0.4501740503447298,False,True,0.0,0.0,0.30166802875451365,0.6033360575090273
1960,32.666666666666664,True,True,70.76894468394491,50.0,87.1369778815096,70.46091538221968,74.50123471942533,60.38477880329571,74.0,20.76894468394491,6.466394163723969,6.5310581053612085,6.277116246720407,0.9073845924187627,1.01718983485469,0.9244627648517633,0.03953672525486582,6.5310581053612085,-0.16428167778798478,0.24279362442980082,0.9235267567994471,-0.16428167778798478,0.24279362442980082,6.076967775238417,6.641753996824007,0.203256899174935,-0.2038184030428506,0.11069589146279846,-0.4540903301227912,False,True,0.0,0.0,0.30443288502447047,0.6088657700489409
1965,32.75,True,True,70.98029550097806,50.0,87.32361314154444,70.67066482398795,74.11938971892627,60.549836099398256,74.0,20.98029550097806,6.552257831075406,6.61778040938616,6.359360886031212,0.9026396137261629,1.006869059910029,0.9196327759264792,0.02703997334177075,6.61778040938616,-0.17656748504889383,0.23080844250181407,0.918701658181135,-0.17656748504889383,0.23080844250181407,6.159742441762695,6.724734658668694,0.20376846916004332,-0.20360745839066458,0.10695424928253328,-0.45803796762346494,False,True,0.0,0.0,0.3071944722361805,0.614388944472361
1970,32.833333333333336,True,True,71.18982017752464,50.0,87.50720372587861,70.87857505251685,73.73402710526727,60.716098796332766,74.0,21.189820177524638,6.6387704458737735,6.705158150332512,6.442238550215695,0.897919577256124,0.9966895061293888,0.9148269911873126,0.014527326508987245,6.705158150332512,-0.18887026602059975,0.2188055121809272,0.9139007392374424,-0.18887026602059975,0.2188055121809272,6.24314162441238,6.808339129670081,0.20427818567193995,-0.203397592529587,0.10318097933756931,-0.46201652592013165,False,True,0.0,0.0,0.30995279610280674,0.6199055922056135
1975,32.916666666666664,True,True,71.39752101382824,50.0,87.68778835806431,71.08465094853689,73.34526242055624,60.88356864190705,74.0,21.39752101382824,6.725922886024178,6.79318211488442,6.525740377041231,0.8932246262829958,0.9866488996094168,0.9100456119879082,0.0019954168798813044,6.79318211488442,-0.2011932508077631,0.20678160565693157,0.9091242011320446,-0.2011932508077631,0.20678160565693157,6.327156542818644,6.892558634974916,0.20478618877705027,-0.2031886676876444,0.09937652009049636,-0.4660255720657762,False,True,0.0,0.0,0.31270786375760945,0.6254157275152189
1980,33.0,True,True,71.60340097650764,50.0,87.8654061283564,37.97985177823077,45.60403844468793,34.27446116963657,74.0,21.603400976507643,6.8137061179837755,6.881843179163614,6.60985758889678,0.888554890273241,0.9767449931607081,0.9052888235321455,0.9136415884668623,6.881843179163614,0.6761883558830264,1.0844615205074153,0.9043722288775371,0.6761883558830264,1.0844615205074153,6.411778502022157,6.977384485086598,0.170819932040553,-0.23745323258383588,0.0955413059229846,-0.4700646771414565,False,True,0.0,0.0,0.3154596836781395,0.630919367356279
1985,33.083333333333336,True,True,71.80746366581896,50.0,88.04009642838557,37.79247492162435,45.41953509828679,34.10002048581125,74.0,21.807463665818958,6.9021111974690195,6.97113230944371,6.694581493554377,0.8839104854527118,0.9669755670162783,0.9005567955266014,0.9088660039278603,6.97113230944371,0.6713405947567838,1.0799112997113962,0.8996449919943643,0.6713405947567838,1.0799112997113962,6.496998586531259,7.062807769923858,0.1710452957835359,-0.23752540917107656,0.09167546048014863,-0.47413372291245093,False,True,0.0,0.0,0.31820826561348237,0.6364165312269647
1990,33.166666666666664,True,True,72.00971328415488,50.0,88.21189888959395,37.60570453791842,45.235483995889844,33.92649039574666,74.0,22.009713284154884,6.991129270073152,7.061040562773884,6.779903178227558,0.8792915153532008,0.9573384294454093,0.8958496828092699,0.9041152776688706,7.061040562773884,0.6665037058131373,1.0753711855324253,0.8949426451697491,0.6665037058131373,1.0753711855324253,6.582808297646733,7.148819996146061,0.1712559078635547,-0.23761157185573323,0.08777943337217753,-0.47823226512715067,False,True,0.0,0.0,0.3209536205144255,0.641907241028851
1995,33.25,True,True,72.21015460573906,50.0,88.38085332529154,37.41954311383369,45.05154451945857,33.753673250017016,74.0,22.210154605739064,7.080751571798384,7.151559087516368,6.865814146896398,0.8746980713390017,0.9478314172797498,0.8911676259553747,0.8993895651457479,7.151559087516368,0.6616892889725559,1.0708527801449115,0.8902653288434067,0.6616892889725559,1.0708527801449115,6.669199503644379,7.235413037336277,0.17146321499916362,-0.237700276173192,0.08385394981990846,-0.48235958387198874,False,True,0.0,0.0,0.3236957604664904,0.6473915209329808
2000,33.333333333333336,True,True,72.40879294747454,50.0,88.5469996761941,37.23399188588019,44.867705757006696,33.58157920755051,74.0,22.408792947474538,7.170969429507013,7.242679123802084,6.952306270490328,0.8701302331141905,0.9384523963581108,0.8865107518610936,0.8946890074960447,7.242679123802084,0.6568974914536159,1.0663562330114813,0.8856131697932597,0.6568974914536159,1.0663562330114813,6.756163857498144,7.322578551724918,0.17166722551543656,-0.23779151604242887,0.07989942792283422,-0.4865152663039396,False,True,0.0,0.0,0.32643469862569263,0.6528693972513853
2005,33.416666666666664,True,True,72.60563414090703,50.0,88.71037795930411,37.04905097166143,44.68395655290186,33.41021692649908,74.0,22.60563414090703,7.261774261295559,7.334392003908515,7.039371204611531,0.8655880692113121,0.9291992618959787,0.8818791743059752,0.8900137321276361,7.334392003908515,0.6521284484257193,1.061881681535788,0.8809862816479381,0.6521284484257193,1.061881681535788,6.84369309733494,7.410308282645062,0.17186794940815198,-0.23788528370191686,0.07591627873654705,-0.4906989065735745,False,True,0.0,0.0,0.32917044915697713,0.6583408983139543
2010,33.5,True,True,72.80068450526471,50.0,88.87102821999873,36.864719496276905,44.50028565842296,33.239593676894444,74.0,22.800684505264712,7.35315757679577,7.4266891525637275,7.127000689990001,0.8610716374621327,0.920069938785389,0.8772729944948027,0.8853638532337664,7.4266891525637275,0.6473822823544507,1.0574292504079603,0.8763847655457084,0.6473822823544507,1.0574292504079603,6.931779049705561,7.498594061803858,0.1720653971741939,-0.2379815708793157,0.07190490924013027,-0.4949101028581664,False,True,0.0,0.0,0.3319030271751957,0.6638060543503914
2015,33.583333333333336,True,True,72.9939508215375,50.0,89.0289904871911,36.68099570891226,44.316681846682506,33.06971543579133,74.0,22.993950821537496,7.445110977406248,7.519562087180311,7.215186555754709,0.8565809854510964,0.91106238183043,0.8726923015796396,0.8807394724552524,7.519562087180311,0.6426591036226644,1.0529990522257795,0.871808710529831,0.6426591036226644,1.0529990522257795,7.020413629808517,7.587427809506854,0.17225957977052708,-0.23808036883258799,0.06786572232654375,-0.4991484573717937,False,True,0.0,0.0,0.3346324486885459,0.6692648973770918
2020,33.666666666666664,True,True,73.1854403075604,50.0,89.18430473143349,36.49787709849684,44.133134024638004,32.90058698347776,74.0,23.1854403075604,7.5376261564582245,7.613002418022806,7.303920719657686,0.8521161509520998,0.902174575923309,0.8681371731627574,0.8761406792778053,7.613002418022806,0.6379590109094188,1.0485911878737,0.8672581941342742,0.6379590109094188,1.0485911878737,7.109588841623009,7.676801534791452,0.17245050859589472,-0.2381816683683865,0.0637991167686458,-0.5034135763997973,False,True,0.0,0.0,0.33735873054444104,0.6747174610888821
2025,33.75,True,True,73.375160594066,50.0,89.33701082583389,36.315360498494506,43.9496313299719,32.73221199279309,74.0,23.375160594066003,7.630694899318874,7.707001848312062,7.393195188207231,0.8476771623491796,0.8934045361655912,0.86360767578112,0.8715675516206557,7.707001848312062,0.6332820917531836,1.0442057470861439,0.8627332828083581,0.6332820917531836,1.0442057470861439,7.1992967779836885,7.766707335502156,0.1726381954654882,-0.23828545986747207,0.05970548719009372,-0.5077050703283739,False,True,0.0,0.0,0.3400818903776141,0.6801637807552282
2030,33.833333333333336,True,True,73.56311970167275,50.0,89.4871485096604,36.133442188508,43.76616322292495,32.56459311759646,74.0,23.563119701672747,7.72430908343544,7.801552174269794,7.483002056742922,0.8432640390416847,0.8847503079389236,0.8591038653730955,0.8670201562633065,7.801552174269794,0.6286284229592158,1.0398428088549616,0.8582340324585402,0.6286284229592158,1.0398428088549616,7.2895296206004385,7.857137398310821,0.17282265259165508,-0.2383917333040907,0.05558522404102639,-0.5120225536693557,False,True,0.0,0.0,0.34280194656046803,0.6856038931209361
2035,33.916666666666664,True,True,73.74932601877677,50.0,89.63475735451091,35.952117986684605,43.58271956558649,32.39773207543281,74.0,23.74932601877677,7.8184606783232535,7.896645285106486,7.5733335094556296,0.8388767918344852,0.8762099669292658,0.8546257877280068,0.8624985493900114,7.896645285106486,0.6239980711202862,1.0355024419502419,0.853760488814487,0.6239980711202862,1.0355024419502419,7.380279640026007,7.948083998684756,0.17300389256023052,-0.2385004782697252,0.05143871357826946,-0.5163656450804792,False,True,0.0,0.0,0.3455189181555728,0.6910378363111456
2040,34.0,True,True,73.93378828031561,50.0,89.77987673292863,35.771383339376726,43.39929069715676,32.23162972944248,74.0,23.93378828031561,7.913141745500634,7.992273162955641,7.664181819355381,0.8345154233137502,0.8677816191083966,0.8501734789191483,0.8580027769576646,7.992273162955641,0.6193910929674395,1.0311847052711547,0.8493126879269313,0.6193910929674395,1.0311847052711547,7.471539195574179,8.03953950080537,0.1731819283134901,-0.23861168399022503,0.04726633784972911,-0.5207339673814619,False,True,0.0,0.0,0.3482328248701669,0.6964656497403338
2045,34.083333333333336,True,True,74.1165155473738,50.0,89.92254578934762,35.591233401480494,43.215867496912956,32.06628616411383,74.0,24.116515547373794,8.008344438373502,8.088427882757237,7.7555393481897745,0.8301799282088121,0.8594634006762056,0.8457469657208454,0.8535328751961334,8.088427882757237,0.6148075358483004,1.0268896483243388,0.844890656519101,0.6148075358483004,1.0268896483243388,7.563300735191071,8.131496357439918,0.1733567731282054,-0.23872533934783302,0.0430684746826806,-0.5251271475661667,False,True,0.0,0.0,0.35094368701268874,0.7018873740253775
2050,34.166666666666664,True,True,74.29751718760062,50.0,90.06280341325564,35.41166311363113,43.032441443026244,31.901700759702585,74.0,24.29751718760062,8.104061002072436,8.185101612093161,7.847398546315494,0.8258702937406078,0.8512534779670538,0.8413462660101347,0.8490888709614319,8.185101612093161,0.6102474380637692,1.0226173115606763,0.8404944124699342,0.6102474380637692,1.0226173115606763,7.655556795282061,8.223947109768906,0.17352844059924433,-0.2388414328976627,0.03884549767574441,-0.5295448168111001,False,True,0.0,0.0,0.3536515254511644,0.7073030509023288
2055,34.25,True,True,74.47680285641194,50.0,90.20068821446496,35.23266727037965,42.84900465981753,31.737872260487606,74.0,24.476802856411936,8.200283773244767,8.282286610977215,7.939751952525484,0.8215864999571795,0.8431500473232635,0.8369713891536023,0.8446707822213375,8.282286610977215,0.6057108293322857,1.0183677268396343,0.8361239651215784,0.6057108293322857,1.0183677268396343,7.7483000004967195,8.316884387171449,0.17369694461829677,-0.2389599528890518,0.03459777619423399,-0.5339866104804951,False,True,0.0,0.0,0.35635636157345735,0.7127127231469147
2060,34.333333333333336,True,True,74.65438247894838,50.0,90.33623850038589,35.05424058618555,42.665549962438995,31.574798842213468,74.0,24.654382478948378,8.297005179804199,8.379975231602241,8.032592193834084,0.8173285200566955,0.8351513349385992,0.8326223363799136,0.8402786183644185,8.379975231602241,0.6011977310841666,1.0141409177236824,0.831779315718677,0.6011977310841666,1.0141409177236824,7.841523063474024,8.41030090697095,0.1738622993592639,-0.2390808872802519,0.030325675368708005,-0.5384521681282175,False,True,0.0,0.0,0.359058217249273,0.718116434498546
2065,34.416666666666664,True,True,74.83026623276314,50.0,90.46949225520025,34.87637775276581,42.482070890771915,31.41247817342999,74.0,24.830266232763137,8.394217740640354,8.478159918046757,8.125911985222487,0.8130963206984358,0.8272555966744001,0.8282991011385487,0.8359123806415028,8.478159918046757,0.5967081568835229,1.0099368999002833,0.827460457701227,0.5967081568835229,1.0099368999002833,7.935218784550076,8.504189474143262,0.1740245192587806,-0.2392042237579799,0.026029556096505146,-0.5429411334966803,False,True,0.0,0.0,0.3617571147938202,0.7235142295876404
2070,34.5,True,True,75.004464531214,50.0,90.60048712083675,34.699073494013106,42.298561740710575,31.25090747558759,74.0,25.004464531213998,8.491914065290494,8.5768332059434,8.219704129346669,0.8088898623021709,0.8194611178508547,0.8240016694452234,0.8315720624599908,8.5768332059434,0.5922421127085981,1.0057556814623079,0.823167377099935,0.5922421127085981,1.0057556814623079,8.029380051430406,8.598542980989423,0.17418361900231705,-0.23932994975139277,0.02170977504602334,-0.5474531545129935,False,True,0.0,0.0,0.3644530769331628,0.7289061538663256
2075,34.583333333333336,True,True,75.17698800753426,50.0,90.72926037965276,34.52232261333157,42.11501758627319,31.09008357765598,74.0,25.176988007534263,8.590086853575619,8.675987722111374,8.313961516209915,0.8047090993363515,0.8117662130157308,0.8197300202144848,0.827257649781177,8.675987722111374,0.587799597331362,1.0015972632877026,0.8189000528730048,0.587799597331362,1.0015972632877026,8.12399983882886,8.69335440677498,0.1743396135065256,-0.239458052449815,0.017366684663604914,-0.5519878832825142,False,True,0.0,0.0,0.36714612677107966,0.7342922535421593
2080,34.666666666666664,True,True,75.34784749955861,50.0,90.85584893873099,34.34612003708926,41.93143429743267,30.930002968122075,74.0,25.34784749955861,8.688728895203013,8.775616184155043,8.408677122801919,0.8005539805955055,0.8041692256927226,0.8154841255799257,0.8229691214587093,8.775616184155043,0.5833806026405325,0.9974616393625819,0.8146584571550648,0.5833806026405325,0.9974616393625819,8.219071208075057,8.788616817337887,0.17449251790387266,-0.23958851881817678,0.013000633182844723,-0.5565449760799854,False,True,0.0,0.0,0.36983628775745025,0.7396725755149005
2085,34.75,True,True,75.5170540350806,50.0,90.98028931570298,34.170460855027834,41.74780855485907,30.770661844938942,74.0,25.517054035080605,8.787833069337255,8.875711400030628,8.503844012706473,0.796424449467231,0.7966685281114233,0.8112639512024696,0.8187064494887546,8.875711400030628,0.5789851138796909,0.9933487970194187,0.8104425556525258,0.5789851138796909,0.9933487970194187,8.314587306692227,8.884323364666752,0.1746423475306641,-0.23972133560906372,0.008611964636124014,-0.5611240933384014,False,True,0.0,0.0,0.3725235836580935,0.745047167316187
2090,34.833333333333336,True,True,75.6846188178191,50.0,91.10261762601455,33.995340352855344,41.564137855437835,30.612056159513905,74.0,25.6846188178191,8.887392344141558,8.976266267582973,8.59945533567949,0.7923204441891534,0.7892625209207949,0.8070694565671424,0.8144695994073209,8.976266267582973,0.5746131100271628,0.9892587173169923,0.8062523079071525,0.5746131100271628,0.9892587173169923,8.410541367947182,8.980467286451239,0.17478911790967144,-0.23985648938015813,0.004201018868265294,-0.5657248996357911,False,True,0.0,0.0,0.3752080385259735,0.750416077051947
2095,34.916666666666664,True,True,75.85055321397176,50.0,91.2228695715521,33.82075404321401,41.38042051668033,30.454181659599776,74.0,25.850553213971764,8.987399776291312,9.077273774054225,8.69550432719921,0.78824189809621,0.7819496328878783,0.8029005952687561,0.8102585305551384,9.077273774054225,0.5702645640484973,0.9851913752929402,0.8020876675303499,0.5702645640484973,0.9851913752929402,8.506926710374195,9.077041905606379,0.1749328447378018,-0.23999396650664107,-0.00023186844784639504,-0.5703470636800301,False,True,0.0,0.0,0.37788967667374485,0.7557793533474897
2100,35.0,True,True,76.01486873933464,50.0,91.34108043055149,33.64669769304951,41.19665567752201,30.297033929427897,74.0,26.014868739334645,9.087848510461537,9.178726995566153,8.791984307990287,0.7841887398586046,0.7747283205833617,0.7987573152868829,0.8060731963131094,9.178726995566153,0.565939443120711,0.9811467401880676,0.7979485825692336,0.565939443120711,0.9811467401880676,8.603736737274344,9.174040629772296,0.17507354387495822,-0.24013375319239838,-0.00468636579385695,-0.5749902582918089,False,True,0.0,0.0,0.3805685226475896,0.7611370452951792
2105,35.083333333333336,True,True,76.17757704696724,50.0,91.45728504871508,33.47316734421006,41.01284329141018,30.140608424469725,74.0,26.177577046967244,9.18873177878992,9.28061909657782,8.88888868352332,0.7801608937107678,0.767597068055511,0.794639559250517,0.8019135444701988,9.28061909657782,0.5616377089841303,0.9771247757982594,0.7938349957116316,0.5616377089841303,0.9771247757982594,8.700964936191886,9.271456950791018,0.1752112313280606,-0.24027583548606846,-0.00916214578680119,-0.5796541603859335,False,True,0.0,0.0,0.3832446012022701,0.7664892024045402
2110,35.166666666666664,True,True,76.33868991538316,50.0,91.57151783146506,33.30015933372704,40.82898412012882,29.98490050591527,74.0,26.338689915383156,9.290042900317045,9.382943329320216,8.986210943491452,0.7761582796716473,0.7605543864938658,0.7905472646927872,0.7977795174294534,9.382943329320216,0.5573593181385014,0.9731254406706541,0.7897468445642972,0.5573593181385014,0.9731254406706541,8.798604878369195,9.369284444161815,0.17534592324120069,-0.24042019929095204,-0.01365888515840119,-0.5843384509510212,False,True,0.0,0.0,0.38591793727733736,0.7718358745546747
2115,35.25,True,True,76.49821923724767,50.0,91.683812737265,33.12767030903256,40.64507972219881,29.82990547100823,74.0,26.498219237247667,9.391775280405325,9.485693033209378,9.083944661265505,0.7721808137566328,0.753598813883993,0.7864803642960719,0.7936710524875981,9.485693033209378,0.5531042221100266,0.9691486883707496,0.78568406185791,0.5531042221100266,0.9691486883707496,8.896650218181657,9.46751676847649,0.17547763588315157,-0.24056683037757143,-0.01817626473288847,-0.5890428150277209,False,True,0.0,0.0,0.3885885559745424,0.7771771119490848
2120,35.333333333333336,True,True,76.65617700856316,50.0,91.79420327194394,32.95569724143623,40.461132440208026,29.675618581835018,74.0,26.656177008563162,9.49392241013807,9.588861634239452,9.182083493329074,0.7682284081814232,0.7467289146545056,0.7824387861278695,0.7895880820410549,9.588861634239452,0.5488723676476699,0.965194467678767,0.7816465757399329,0.5488723676476699,0.965194467678767,8.995094692553868,9.566147664835963,0.17560638563771214,-0.24071571439338502,-0.022713969403488576,-0.5937669416855833,False,True,0.0,0.0,0.3912564825362464,0.7825129650724928
2125,35.416666666666664,True,True,76.81257531832489,50.0,91.90272248396094,32.78423743469615,40.2771453829421,29.522035089981095,74.0,26.81257531832489,9.596477865700145,9.692442644357147,9.280621178694915,0.7643009715581196,0.7399432793174638,0.7784224538677487,0.7855305338802555,9.692442644357147,0.5446636970045509,0.9612627228711148,0.7776343099649694,0.5446636970045509,0.9612627228711148,9.093932120358495,9.66517095624956,0.1757321889908593,-0.24086683687570465,-0.02727168810758762,-0.5985105239986517,False,True,0.0,0.0,0.3939217423249273,0.7878434846498547
2130,35.5,True,True,76.96742633862965,50.0,92.00940296055025,32.613288532898814,40.09312240783037,29.369150260376514,74.0,26.96742633862965,9.69943530774146,9.796429660818875,9.379551538304028,0.760398409083825,0.7332405241031908,0.7744312870256967,0.7814983313809444,9.796429660818875,0.5404781481202722,0.9573533939027745,0.7736471841436924,0.5404781481202722,0.9573533939027745,9.193156401798984,9.764580547018085,0.17585506252183014,-0.2410201832606722,-0.03184911380079036,-0.6032732590198915,False,True,0.0,0.0,0.3965843608036696,0.7931687216073392
2135,35.583333333333336,True,True,77.12074231522075,50.0,92.11427682469063,32.442848524477604,39.909068099555746,29.21695939174998,74.0,27.120742315220753,9.802788480724635,9.900816365531881,9.478868474408534,0.7565206227220208,0.7266192905904624,0.770465201152183,0.7774913937543443,9.900816365531881,0.5363156548600021,0.9534664166464455,0.7696851138746297,0.5363156548600021,0.9534664166464455,9.29276151777738,9.864370422102025,0.1759750228921012,-0.24117573889434218,-0.03644594342985563,-0.6080548477545005,False,True,0.0,0.0,0.39924436351761616,0.7984887270352323
2140,35.666666666666664,True,True,77.27253555845296,50.0,92.21737573284473,32.27291574622974,39.724987749878174,29.065457836740613,74.0,27.272535558452958,9.906531212258002,10.005596524380582,9.578565969939703,0.7526675113769773,0.7200782453329556,0.7665241080402229,0.7735096361795968,10.005596524380582,0.532176147140314,0.9496017230184468,0.7657480110809503,0.532176147140314,0.9496017230184468,9.392741529248323,9.964534646475945,0.17609208683885003,-0.24133348903928276,-0.041061877904637,-0.6128549951322597,False,True,0.0,0.0,0.4019017760763266,0.8038035521526532
2145,35.75,True,True,77.422818434662,50.0,92.31873087341712,32.103488880846385,39.5408873301499,28.914641016441408,74.0,27.422818434662005,10.010657412415117,10.110763986539268,9.678638087862133,0.7488389710614529,0.7136160794827755,0.7626079159197379,0.769552970142222,10.110763986539268,0.5280595512534488,0.9457592413030378,0.7618357840543922,0.5280595512534488,0.9457592413030378,9.493090576560359,10.065067364470162,0.17620627116081578,-0.24149341888877318,-0.04569662206910685,-0.6176734099789094,False,True,0.0,0.0,0.40455662413703963,0.8091132482740793
2150,35.833333333333336,True,True,77.57160335792338,50.0,92.41837296588207,31.934566958452265,39.35677347027645,28.764504437746126,74.0,27.57160335792338,10.115161073041886,10.216312683772305,9.779078970515261,0.7450348950579183,0.7072315084118143,0.7587165296444873,0.765621303478265,10.216312683772305,0.5239657899083298,0.9419388961934925,0.7579483377627639,0.5239657899083298,0.9419388961934925,9.593802878785588,10.165962799100768,0.1763175927152275,-0.2416555135699352,-0.05034988467153667,-0.6225098049867164,False,True,0.0,0.0,0.4072089333887491,0.8144178667774982
2155,35.916666666666664,True,True,77.71890278218599,50.0,92.51633226053481,31.766149350826133,39.17265342923285,28.615043704403504,74.0,27.718902782185992,10.220036267052352,10.322236629722875,9.879882838943178,0.7412551740735424,0.7009232713316411,0.754849850871834,0.7617145406833242,10.322236629722875,0.51989478252666,0.9381406090882557,0.7540855739670861,0.51989478252666,0.9381406090882557,9.694872733038643,10.267215251389002,0.17642606840493147,-0.24181975815666423,-0.05502137833387266,-0.6273638966842316,False,True,0.0,0.0,0.4098587295371205,0.819717459074241
2160,36.0,True,True,77.86472919376652,50.0,92.61263853882205,31.59823576784688,38.98853506963984,28.466254529398498,74.0,27.86472919376652,10.325277147714143,10.428529919191284,9.981043992213824,0.7374996963891651,0.6946901309125637,0.7510077782356057,0.7578325830302766,10.428529919191284,0.5158464453549378,0.9343642982030153,0.7502473913826635,0.5158464453549378,0.9343642982030153,9.796294513785973,10.368819099670867,0.1765317151727387,-0.24198613767533872,-0.05971081952041679,-0.6322354054053108,False,True,0.0,0.0,0.4125060382901615,0.825012076580323
2165,36.083333333333336,True,True,78.00909510419089,50.0,92.7073211142102,31.430826251483168,38.80442683022679,28.318132744893333,74.0,28.00909510419089,10.430877947924548,10.535186727403794,10.08255680672842,0.7337683480024704,0.6885308729024513,0.7471902075123005,0.7539753287311487,10.535186727403794,0.5118206916190485,0.9306098787253511,0.746433685913371,0.5118206916190485,0.9306098787253511,9.898062672146263,10.47076879889794,0.17663454999420236,-0.24215463711210017,-0.06441792850585415,-0.6371240552575301,False,True,0.0,0.0,0.4151508853446465,0.830301770689293
2170,36.166666666666664,True,True,78.15201304336968,50.0,92.80040883355133,31.263921166916106,38.620337695603254,28.170674309382292,74.0,28.152013043369678,10.536832979478115,10.642201309272897,10.184415735522101,0.7300610127655722,0.6824443057458646,0.743397031780873,0.7501426731725679,10.642201309272897,0.5078174317497698,0.9268772630402944,0.7426443507248678,0.5078174317497698,0.9268772630402944,10.000171735182944,10.573058879930237,0.1767345898677265,-0.2423252414227981,-0.06914242934266035,-0.6420295740899533,False,True,0.0,0.0,0.4177932963732431,0.8355865927464862
2175,36.25,True,True,78.29349555309491,50.0,92.89193007890967,31.09752119569496,38.436277169757595,28.02387531597583,74.0,28.293495553094914,10.643136632326662,10.74956799864993,10.286615307556591,0.7263775725172139,0.6764292602039856,0.7396281415763348,0.7463345089893392,10.74956799864993,0.5038365734525164,0.9231663608001294,0.7388792764788832,0.5038365734525164,0.9231663608001294,10.102616305189551,10.675683948821911,0.1768318518107902,-0.24249793553682275,-0.07388404982801866,-0.6469516934603785,False,True,0.0,0.0,0.42043329701234183,0.8408665940246837
2180,36.333333333333336,True,True,78.43355518084581,50.0,92.98191276981318,30.931627324527412,38.25225524482497,27.87773199667558,74.0,28.433555180845815,10.74978337383251,10.857281207570836,10.389150127005731,0.7227179072097757,0.6704845889758093,0.7358834250373919,0.7425507262998963,10.857281207570836,0.499878021932993,0.9194770791500992,0.7351383514210739,0.499878021932993,0.9194770791500992,10.205391058968754,10.778638686100662,0.17692635285020297,-0.24267270436690325,-0.07864252147017403,-0.6518901486020816,False,True,0.0,0.0,0.42307091285051096,0.8461418257010219
2185,36.416666666666664,True,True,78.57220447389173,50.0,93.07038436589619,30.76624083605938,38.06828237345835,27.73224072772949,74.0,28.57220447389173,10.856767748015733,10.96533542549589,10.492014872534707,0.7190818950312774,0.6646091663210077,0.7321627680483344,0.7387912127945947,10.96533542549589,0.49594167998124905,0.9158093228125146,0.731421461556738,0.49594167998124905,0.9158093228125146,10.308490747105745,10.881917846041455,0.1770181100179199,-0.24284953281334565,-0.0834175794544354,-0.6568446783901454,False,True,0.0,0.0,0.4257061694175919,0.8514123388351837
2190,36.5,True,True,78.70945597368093,50.0,93.15737186990198,30.601363297034077,37.88436943869329,27.587398032365684,74.0,28.70945597368093,10.964084374796164,11.073725218544125,10.5952042965736,0.7154694125225591,0.6588018876848518,0.7284660543753816,0.7350558539122994,11.073725218544125,0.49202744814080346,0.9121629942559314,0.7277284907679586,0.49202744814080346,0.9121629942559314,10.411910193236793,10.985516255935424,0.17710714034363195,-0.24302840577149598,-0.08820896260870015,-0.661815025307332,False,True,0.0,0.0,0.4283390921744004,0.8566781843488008
2195,36.583333333333336,True,True,78.84532221050412,50.0,93.24290183101486,30.436996546893504,37.7005277253061,27.443200583360834,74.0,28.845322210504122,11.071727949230906,11.182445228723216,10.698713224586108,0.7118803346898126,0.6530616693255353,0.7247931657976919,0.7313445329581101,11.182445228723216,0.4881352248211674,0.9085379938077244,0.7240593209453892,0.4881352248211674,0.9085379938077244,10.515644293313532,11.089428815354516,0.1771934608496143,-0.2432093081369427,-0.0930164133686997,-0.6668009354096842,False,True,0.0,0.0,0.43096970650298816,0.8619394130059763
2200,36.666666666666664,True,True,78.9798156984221,50.0,93.32700034849375,30.273142685456307,37.5167688908287,27.299645204347726,74.0,28.9798156984221,11.179693240747975,11.291490173155454,10.802536554334024,0.7083145351126336,0.6473874479442159,0.7211439822332195,0.727657131235801,11.291490173155454,0.4842649064245983,0.9049342197808938,0.7204138321346818,0.4842649064245983,0.9049342197808938,10.619688014863721,11.193650495412568,0.17727708854509283,-0.2433922248112027,-0.09783967774288627,-0.6718021582917331,False,True,0.0,0.0,0.43359803769746236,0.8671960753949247
2205,36.75,True,True,79.11294893044716,50.0,93.4096930755806,30.10980405978374,37.33310493632808,27.15672886995337,74.0,29.11294893044716,11.287975092376758,11.400854843300525,10.906669255138144,0.7047718860477571,0.6417781803180582,0.717518381859614,0.7239935281949784,11.400854843300525,0.4804163874870824,0.9013515686150971,0.7167919026389882,0.4804163874870824,0.9013515686150971,10.724036396249021,11.298176338023438,0.1773580404201187,-0.24357714070789604,-0.10267850527708688,-0.6768184470515042,False,True,0.0,0.0,0.43622411095531066,0.8724482219106213
2210,36.833333333333336,True,True,79.24473437396858,50.0,93.49100522365829,29.9469832514799,37.1495481785599,27.014448705773418,74.0,29.244734373968583,11.396568419975893,11.510534104175651,11.011106367136229,0.7012522585286302,0.6362328429365395,0.7139162412303359,0.7203536015340888,11.510534104175651,0.47658956077687575,0.8977899349752412,0.7131934091361019,0.47658956077687575,0.8977899349752412,10.828684545920412,11.403001455156756,0.1774363334411524,-0.24376404075721303,-0.10753264901889459,-0.6818495582552391,False,True,0.0,0.0,0.4388479513692659,0.8776959027385318
2215,36.916666666666664,True,True,79.37518446641245,50.0,93.57096156663485,29.784683063351046,36.96611122204059,26.87280198732512,74.0,29.37518446641245,11.50546821145913,11.620522893573721,11.115843000538584,0.6977555224609786,0.6307504316412443,0.7103374353861602,0.7167372273181446,11.620522893573721,0.47278431740727034,0.8942492118642968,0.709618226795601,0.47278431740727034,0.8942492118642968,10.933627641671784,11.508121028091823,0.17751198454615225,-0.24395290991087426,-0.1124018654818979,-0.6868952519019373,False,True,0.0,0.0,0.4414695839196199,0.8829391678392398
2220,37.0,True,True,79.5043116111265,50.0,93.64958644553124,29.622906505798056,36.782806931494164,26.731786138285784,74.0,29.504311611126496,11.614669526019771,11.73081622127997,11.220874334881803,0.6942815467145069,0.6253299612693637,0.7067818379622465,0.7131442800964487,11.73081622127997,0.46900054694941473,0.8907292907361677,0.7060662293667065,0.46900054694941473,0.8907292907361677,11.038860929892232,11.613530306670258,0.177585010639719,-0.24414373314703397,-0.11728591460971138,-0.6919552913877371,False,True,0.0,0.0,0.4440890334669931,0.8881780669339862
2225,37.083333333333336,True,True,79.63212817348143,50.0,93.72690377325226,29.461656783580118,36.59964840548401,26.591398728539716,74.0,29.632128173481433,11.724167493354164,11.841409168287706,11.326195618281245,0.6908301992108791,0.6199704653010791,0.7032493212909201,0.7095746329908889,11.841409168287706,0.4652381375168557,0.8872300615802801,0.7025372893393524,0.4652381375168557,0.8872300615802801,11.144379724817558,11.71922460854781,0.1776554285893912,-0.24433649547403313,-0.12218455973989606,-0.6970294434701483,False,True,0.0,0.0,0.44670632474558264,0.8934126494911653
2230,37.166666666666664,True,True,79.75864647717985,50.0,93.80293703952057,29.300937281041698,36.416648948666946,26.45163747050482,74.0,29.758646477179852,11.833957312884776,11.952296886013624,11.431802166682683,0.6874013470081084,0.614670995511001,0.6997397565003315,0.7060281578578088,11.952296886013624,0.4614969759209633,0.8837514130770556,0.6990312779441865,0.4614969759209633,0.8837514130770556,11.250179407781438,11.825199318445845,0.1777232552192468,-0.24453118193684553,-0.12709756756777857,-0.7021174782321857,False,True,0.0,0.0,0.44932148235679653,0.8986429647135931
2235,37.25,True,True,79.88387880076444,50.0,93.87770931595584,29.140751550369778,36.23382204868599,26.312500217430753,74.0,29.883878800764435,11.944034252983323,12.063474595513156,11.537689363113643,0.6839948563814944,0.6094306216238052,0.6962530136091436,0.7025047252880086,12.063474595513156,0.4577769476705727,0.8802932325975995,0.6955480653282848,0.4577769476705727,0.8802932325975995,11.356255426466733,11.931449887402982,0.17778850730959095,-0.24472777761743586,-0.13202470811017442,-0.7072191690464233,False,True,0.0,0.0,0.4519345307632834,0.9038690615265668
2240,37.333333333333336,True,True,80.0078373743177,50.0,93.95124326128126,28.981103296461498,36.05118134916376,26.17398495850513,74.0,30.007837374317702,12.054393650194392,12.174937586696336,11.643852656934857,0.6806105929012278,0.6042484309741977,0.6927889616173841,0.6990042047833323,12.174937586696336,0.4540779371416742,0.8768554063734356,0.6920875206576511,0.4540779371416742,0.8768554063734356,11.46260329415736,12.03797183202725,0.17785120159010337,-0.24492626764165804,-0.13696575466908634,-0.7123342925389764,False,True,0.0,0.0,0.45454549428337554,0.9090909885667511
2245,37.416666666666664,True,True,80.13053437634557,50.0,94.02356112664178,28.821996363258492,35.868740625196075,26.036089814692033,74.0,30.130534376345565,12.16503090845996,12.28668121754456,11.750287563092304,0.6772484215067882,0.5991235281713183,0.6893474685936071,0.6955264648596767,12.28668121754456,0.4503998276763138,0.8734378195954532,0.6886495121025746,0.4503998276763138,0.8734378195954532,11.56921858899104,12.144760733749193,0.17791135473577646,-0.24512663718336292,-0.14192048379536715,-0.7174626285535197,False,True,0.0,0.0,0.4571543970858989,0.9143087941717978
2250,37.5,True,True,80.25198193083692,50.0,94.09468476101853,28.66343472236902,35.68651376240957,25.89881303598338,74.0,30.25198193083692,12.27594149834526,12.398700913328712,11.856989661370116,0.6739082065782508,0.5940550347676834,0.6859284017585031,0.6920713730322768,12.398700913328712,0.4467425015682074,0.8700403563995667,0.6852339070426297,0.4467425015682074,0.8700403563995667,11.676096953213504,12.251812238076347,0.17796898336728983,-0.24532887146406945,-0.14688867525236482,-0.7226039601152081,False,True,0.0,0.0,0.45976126318527943,0.9195225263705589
2255,37.583333333333336,True,True,80.37219210449274,50.0,94.16463561672553,28.505422457670633,35.50451473118464,25.762152994981392,74.0,30.37219210449274,12.387120956266322,12.510992165828986,11.963954595644925,0.6705898120046153,0.5890420889327455,0.6825316275650763,0.6886387960217235,12.510992165828986,0.44310584026089317,0.8666629000649105,0.6818405720373903,0.44310584026089317,0.8666629000649105,11.783234092434288,12.359122053849351,0.17802410404318703,-0.24553295576083034,-0.15187011197963507,-0.727758073394698,False,True,0.0,0.0,0.4623661164370718,0.9247322328741436
2260,37.666666666666664,True,True,80.49117690411721,50.0,94.2334347549754,28.34796375449062,35.32275756742185,25.626108183769176,74.0,30.49117690411721,12.498564883719574,12.62355053255677,12.07117807314182,0.6672931012492673,0.5840838451311423,0.6791570117755253,0.6852285997245326,12.62355053255677,0.43948972431926153,0.8633053329854139,0.6784693730021445,0.43948972431926153,0.8633053329854139,11.890625774884604,12.466685952500121,0.17807673326088125,-0.24573887540527112,-0.1568645800566486,-0.7329247576721656,False,True,0.0,0.0,0.4649689805337284,0.9299379610674569
2265,37.75,True,True,80.60894827416453,50.0,94.30110285150164,28.191062885146152,35.141256348916656,25.49067720744266,74.0,30.608948274164533,12.610268946513829,12.736371635978967,12.178655863692363,0.6640179374126751,0.579179473805692,0.6758044195349394,0.6818406493897329,12.736371635978967,0.43589403359945533,0.8599675368397433,0.6751201752371799,0.43589403359945533,0.8599675368397433,11.998267830677587,12.574499767312386,0.17812688745001037,-0.24594661579027755,-0.16187186866658188,-0.73810380530138,False,True,0.0,0.0,0.4675698790007114,0.9351397580014228
2270,37.833333333333336,True,True,80.72551809443509,50.0,94.36766020222625,28.034724197455887,34.96002517609351,25.35585877966173,74.0,30.72551809443509,12.722228874004996,12.849451162745046,12.286383798994986,0.6607641832924276,0.5743281610651806,0.6724737154419342,0.6784748096482963,12.849451162745046,0.432318647277141,0.8566493926196173,0.6717928434424266,0.432318647277141,0.8566493926196173,12.106156151071152,12.682559392684858,0.17817458297132094,-0.24615616237115534,-0.16689177006018774,-0.7432950116738937,False,True,0.0,0.0,0.470168835192908,0.940337670385816
2275,37.916666666666664,True,True,80.84089817791453,50.0,94.43312672896177,27.878952103747366,34.7790781537903,25.221651718236473,74.0,30.840898177914525,12.834440458333784,12.962784862917122,12.394357771878006,0.6575317014407065,0.5695291083769758,0.6691647636163297,0.6751309445278548,12.962784862917122,0.42876344386164983,0.8533507806439885,0.6684872418931719,0.42876344386164983,0.8533507806439885,12.21428668773385,12.790860783397356,0.17821983611613368,-0.246367500666205,-0.17192407951976563,-0.748498175183272,False,True,0.0,0.0,0.4727658722912856,0.9455317445825712
2280,38.0,True,True,80.95510026875004,50.0,94.4975219851379,27.723751067192296,34.598429369853726,25.08805493819257,74.0,30.955100268750044,12.946899553666704,13.076368549203371,12.502573735565603,0.6543203542192902,0.5647815322644948,0.6658774277639937,0.671808917629287,13.076368549203371,0.425228301365985,0.8500715807290926,0.6652032344254167,0.425228301365985,0.8500715807290926,12.322655452013887,12.89939995388015,0.17826266309980565,-0.24658061626330197,-0.1769685953232205,-0.7537130971894843,False,True,0.0,0.0,0.4753610132998436,0.9507220265996872
2285,38.083333333333336,True,True,81.06813604035811,50.0,94.56086516154342,27.569125591933357,34.41809287911655,24.955067447567217,74.0,31.068136040358112,13.059602075440635,13.190198096195042,12.61102770294702,0.651130003852182,0.5600846640095434,0.6626115712389354,0.6685085921120026,13.190198096195042,0.42171309729269657,0.846811672174364,0.6619406845383765,0.42171309729269657,0.846811672174364,12.43125851421166,13.008172977486742,0.1783030800623614,-0.24679549481930607,-0.18202511870829952,-0.7589395819833822,False,True,0.0,0.0,0.4779542810428092,0.9559085620856184
2290,38.166666666666664,True,True,81.18001709365804,50.0,94.62317509207497,27.415080211380342,34.23808268525956,24.822688341393757,74.0,31.180017093658037,13.17254399961119,13.304269439607301,12.7197157458492,0.6479605124759449,0.5554377493595334,0.659367057102769,0.6652298307969523,13.304269439607301,0.41821770873312025,0.8435709338617161,0.6586994554384091,0.41821770873312025,0.8435709338617161,12.540092002855957,13.11717598577038,0.1783411030647638,-0.24701212206383205,-0.1870934538369209,-0.7641774367513445,False,True,0.0,0.0,0.48054569816206893,0.9610913963241379
2295,38.25,True,True,81.29075495542614,50.0,94.68447025948456,27.261619477902357,34.058412724828436,24.69091679650451,74.0,31.290754955426138,13.285721361905123,13.418578575524174,12.828633994313169,0.6448117421878341,0.5508400482395821,0.6561437481816323,0.6619724962107739,13.418578575524174,0.41474201240998043,0.8403492442981825,0.6554794100829441,0.41474201240998043,0.8403492442981825,12.649152103984107,13.226405167764481,0.17837674808740855,-0.2472304838007935,-0.19217340775969305,-0.7694264715400667,False,True,0.0,0.0,0.48313528711483406,0.9662705742296681
2300,38.333333333333336,True,True,81.40036107676546,50.0,94.74476880111868,27.108747952850635,33.879096851969145,24.55975206630208,74.0,31.400361076765464,13.399130257077012,13.533121559647782,12.937778635874295,0.6416835550918055,0.5462908344694862,0.6529415071206556,0.65873645062994,13.533121559647782,0.4112858847200212,0.8371464816585881,0.6522804112536961,0.4112858847200212,0.8371464816585881,12.758435060426269,13.335856769267192,0.17841003102864805,-0.24745056590991882,-0.19726479038058997,-0.774686499221513,False,True,0.0,0.0,0.485723070171534,0.971446140343068
2305,38.416666666666664,True,True,81.508846831686,50.0,94.8040885146421,26.95647019640805,33.70014882319088,24.429193475102565,74.0,31.508846831686,13.51276683817039,13.647894506552094,13.04714591484673,0.6385758133424785,0.5417893954855614,0.6497601964360805,0.6555215561543355,13.647894506552094,0.4078492018049984,0.8339625238565804,0.6491023216152372,0.4078492018049984,0.8339625238565804,12.86793717109404,13.445527092130286,0.17844096770224493,-0.2476723543493371,-0.20236741442180772,-0.7799573354580538,False,True,0.0,0.0,0.4883090694139004,0.9766181388278008
2310,38.5,True,True,81.61622351579074,50.0,94.86244686374029,26.804790758062992,33.52158228320114,24.299240412711143,74.0,31.616223515790736,13.626627315783542,13.762893588941377,13.156732131612163,0.6354883791871315,0.5373350320673267,0.6465996785651001,0.6523276747661203,13.762893588941377,0.40443183960853174,0.83079724860152,0.6459450037296393,0.40443183960853174,0.83079724860152,12.97765479027358,13.55541249355255,0.17846957383539974,-0.24789583515758856,-0.20748109538882709,-0.7852387986677982,False,True,0.0,0.0,0.4908933067332628,0.9817866134665256
2315,38.583333333333336,True,True,81.72250234506306,50.0,94.9198609837944,26.65371416821219,33.343410752469566,24.169892329655895,74.0,31.722502345063063,13.740707957340165,13.878115036913567,13.266533641913064,0.6324211150058021,0.5329270580690131,0.6434598159135181,0.6491546683444449,13.878115036913567,0.40103367389048195,0.827650533412895,0.6428083201589744,0.40103367389048195,0.827650533412895,13.08758432692347,13.665509385377907,0.17849586506845005,-0.24812099445396296,-0.21260565153565913,-0.7905307099900973,False,True,0.0,0.0,0.49347580382904077,0.9869516076580815
2320,38.666666666666664,True,True,81.82769445475093,50.0,94.97634768752404,26.503244928590064,33.16564761343491,24.041148731216637,74.0,31.827694454750926,13.85500508636498,13.993555137228629,13.37654685615069,0.629373883349562,0.5285648001558692,0.6403404709013032,0.6460023987684599,13.993555137228629,0.39765458032635126,0.8245222557197602,0.6396921334360286,0.39765458032635126,0.8245222557197602,13.197722243977319,13.775814233398322,0.17851985695130035,-0.24834781844210863,-0.21774090383030753,-0.7958328932513101,False,True,0.0,0.0,0.4960565822073866,0.9921131644147732
2325,38.75,True,True,81.9318108983438,50.0,95.03192347059252,26.3533875053608,32.988306100455745,23.913009173387195,74.0,31.931810898343798,13.969515081764568,14.109210232582214,13.48676823868782,0.6263465469770367,0.5242475975452285,0.6372415060061138,0.6428707278878847,14.109210232582214,0.39429443447920826,0.8214122928326976,0.6365963062107313,0.39429443447920826,0.8214122928326976,13.308065057651481,13.886323556661733,0.17854156494481288,-0.24857629340867643,-0.22288667592048128,-0.801145174930733,False,True,0.0,0.0,0.49863566318004193,0.9972713263600839
2330,38.833333333333336,True,True,82.0348626466381,50.0,95.08660451717047,26.20414631953483,32.811399286369486,23.785473256430947,74.0,32.0348626466381,14.084234377113468,14.225076720884603,13.597194307156606,0.6233389688892332,0.519974801752307,0.6341627838048751,0.6397595176701635,14.225076720884603,0.39095311194163224,0.8183205220857978,0.6335207011769399,0.39095311194163224,0.8183205220857978,13.418609336757807,13.997033926785116,0.17856100441563427,-0.24880640572853124,-0.2280427940994869,-0.8064673841267957,False,True,0.0,0.0,0.5012130678633144,1.0024261357266289
2335,38.916666666666664,True,True,82.13686058688752,50.0,95.14040670545376,26.055525741538204,32.63494007475912,23.658540621611863,74.0,32.13686058688752,14.199159459945728,14.341151054545184,13.707821631771463,0.6203510123627409,0.5157457763406893,0.6311041670134716,0.6366686301268875,14.341151054545184,0.3876304882651811,0.8152468207661655,0.6304651812042267,0.3876304882651811,0.8152468207661655,13.52935170202171,14.107941967272781,0.17857819063927804,-0.24903814186170636,-0.23320908727240308,-0.8117993525234741,False,True,0.0,0.0,0.5037888171772554,1.0075776343545109
2340,39.0,True,True,82.23781552203398,50.0,95.19334561313195,25.90753008262206,32.4589411881542,23.532210945145067,74.0,32.23781552203398,14.314286871052026,14.457429739762546,13.818646834647247,0.6173825409813676,0.5115598966774586,0.6280655185246379,0.6335979274462352,14.457429739762546,0.38432643908820985,0.8121910662417708,0.6274296093085923,0.38432643908820985,0.8121910662417708,13.640288825405595,14.219044352840067,0.17859313879553562,-0.24927148835802537,-0.23838538692247901,-0.8171409143569512,False,True,0.0,0.0,0.506362931844927,1.012725863689854
2345,39.083333333333336,True,True,82.33773817001621,50.0,95.24543652280421,25.76016358938621,32.283415160530176,23.40648393450006,74.0,32.33773817001621,14.429613203782456,14.57390933582028,13.929666589122832,0.6144334186662662,0.5074165496929279,0.6250467014441029,0.6305472719635419,14.57390933582028,0.381040840107877,0.8091531359334936,0.6244138487549663,0.381040840107877,0.8091531359334936,13.75141742943776,14.330337808742494,0.1786058639699517,-0.2495064318556649,-0.24357152707778695,-0.8224919063825205,False,True,0.0,0.0,0.5089354323918727,1.0178708647837453
2350,39.166666666666664,True,True,82.43663916315192,50.0,95.29669442733947,25.61343043642627,32.10837432743124,23.281359322990056,74.0,32.43663916315192,14.545135103355097,14.690586454388647,14.040877619090127,0.6115035097046122,0.5033151336449239,0.622047579125062,0.6275165262643078,14.690586454388647,0.3777735671796655,0.8061329074146784,0.6214177630132781,0.3777735671796655,0.8061329074146784,13.862734286546894,14.441819110110512,0.1786163811503706,-0.24974295908464228,-0.24876734427813574,-0.827852167841753,False,True,0.0,0.0,0.5115063391456681,1.0230126782913362
2355,39.25,True,True,82.53452904759068,50.0,95.3471340351783,25.467334721792426,31.933830819969103,23.156836866492597,74.0,32.53452904759068,14.660849266170464,14.807457758832168,14.152276698328702,0.6085926787768859,0.49925505788756847,0.6190680152010325,0.6245055531400522,14.807457758832168,0.37452449627525897,0.8031302583690436,0.6184412158609576,0.37452449627525897,0.8031302583690436,13.974236218402229,14.55348508128992,0.17862470522899143,-0.24998105686479322,-0.2539726775422473,-0.833221540429939,False,True,0.0,0.0,0.5140756722356356,1.028151344471271
2360,39.333333333333336,True,True,82.6314182828339,50.0,95.39676977557404,25.321880460341987,31.75979655611613,23.032916338286128,74.0,32.631418282833906,14.776752439131918,14.924519963523238,14.263860649846075,0.6057007909828105,0.4952357426445115,0.6161078736171606,0.6215142156913226,14.924519963523238,0.37129350358209506,0.8001450666902725,0.6154840713829345,0.37129350358209506,0.8001450666902725,14.085920095259489,14.66533259518804,0.17863085099894993,-0.2502207121092275,-0.25918736833519773,-0.8385998682637492,False,True,0.0,0.0,0.5166434515926557,1.0332869031853114
2365,39.416666666666664,True,True,82.72731724131913,50.0,95.44561580377118,25.177071579145803,31.58628323484445,22.90959752541852,74.0,32.72731724131913,14.892841418972116,15.041769833161837,14.375626345223765,0.6028277118659995,0.49125661878655563,0.6131670186600293,0.6185423773276943,15.041769833161837,0.36808046550377227,0.7971772104824494,0.6125461940155674,0.36808046550377227,0.7971772104824494,14.197782835312617,14.777358572625694,0.17863483315475503,-0.2504619118239221,-0.26441126053614283,-0.8439869978492194,False,True,0.0,0.0,0.5192096969490996,1.0384193938981992
2370,39.5,True,True,82.82223620806542,50.0,95.49368600611886,25.03291191249562,31.413302329823246,22.786880224607913,74.0,32.82223620806542,15.009113051585574,15.15920418210143,14.487570703969155,0.5999733074373609,0.48731712761361795,0.6102453149860352,0.6155899018119181,15.15920418210143,0.36488525870296895,0.7942265681030153,0.609627448532001,0.36488525870296895,0.7942265681030153,14.309821404051439,14.889559981695118,0.1786366662910972,-0.25070464310894913,-0.26964420040631154,-0.849382778049991,False,True,0.0,0.0,0.521774427838868,1.043548855677736
2375,39.583333333333336,True,True,82.91618538037724,50.0,95.54099400511828,24.889405198186125,31.24086508490624,22.664764239058968,74.0,32.91618538037724,15.12556423136742,15.276819873681095,14.599690692873278,0.5971374441973052,0.48341672064097185,0.6073426276483754,0.6126566532452035,15.276819873681095,0.3617077600877089,0.7912930181490646,0.6067277001300226,0.3617077600877089,0.7912930181490646,14.422032813625284,15.001933837123824,0.17863636490386114,-0.2509488931574946,-0.2748860365572714,-0.854787060055811,False,True,0.0,0.0,0.5243376635975403,1.0486753271950806
2380,39.666666666666664,True,True,83.00917486760383,50.0,95.58755316440198,24.746555072448984,31.068982507891178,22.543249374048003,74.0,33.00917486760383,15.24219190055836,15.394613819563943,14.711983325374554,0.594319989156806,0.47955485938970854,0.6044588221227072,0.6097424961555135,15.394613819563943,0.35854784689680796,0.7883764395428252,0.6038468144320632,0.35854784689680796,0.7883764395428252,14.534414122212588,15.114477199644423,0.17863394338731176,-0.2511946492587055,-0.28013661991952077,-0.860199697351355,False,True,0.0,0.0,0.5268994233626026,1.0537988467252053
2385,39.75,True,True,83.1012146909516,50.0,95.63337659364444,24.604365066626983,30.89766536667797,22.422335433822326,74.0,33.10121469095159,15.358993048595945,15.512582979081904,14.824445660928506,0.591520809857352,0.47573101518136046,0.6015937643315271,0.6068472954975641,15.512582979081904,0.3554053967003331,0.7854767115321488,0.6009846574705535,0.3554053967003331,0.7854767115321488,14.646962433396606,15.227187175370592,0.1786294160345847,-0.251441898797231,-0.285395803711312,-0.8656205456852977,False,True,0.0,0.0,0.529459726073783,1.058919452147566
2390,39.833333333333336,True,True,83.192314783347,50.0,95.67847715340235,24.462838604361124,30.726924186177996,22.302022218816376,74.0,33.192314783347,15.475964711472168,15.630724358586889,14.937074804383599,0.5887397743898368,0.4719446689366239,0.5987473206673158,0.603970916638109,15.630724358586889,0.3522802873859047,0.7825937136768457,0.5981410958050675,0.3522802873859047,0.7825937136768457,14.759674895547182,15.34006091517907,0.17862279703873674,-0.25169062925220426,-0.29066344340781924,-0.8710494630397072,False,True,0.0,0.0,0.5320185904734758,1.0640371809469515
2395,39.916666666666664,True,True,83.28248498934734,50.0,95.72286745988427,24.32197899698079,30.556769242873337,22.18230952128725,74.0,33.28248498934734,15.593103971097415,15.74903501080839,15.049867905363126,0.5859767514124266,0.46819531097811995,0.5959193580145016,0.6011132254736641,15.74903501080839,0.34917239727251115,0.7797273259625306,0.595315996434465,0.34917239727251115,0.7797273259625306,14.8725487012087,15.453095614097837,0.1786141004888665,-0.25194082820115293,-0.295939396710553,-0.8764863095996898,False,True,0.0,0.0,0.534576035107217,1.069152070214434
2400,40.0,True,True,83.3717350650973,50.0,95.76655988964835,24.181789442419856,30.387210564151772,22.063197123763402,74.0,33.3717350650973,15.710407954670826,15.867512034217535,15.162822157653268,0.583231610167444,0.46448244083713286,0.5931097437702793,0.598274088342214,15.867512034217535,0.3460816050260001,0.7768774287161445,0.5925092268847494,0.3460816050260001,0.7768774287161445,14.985581086494154,15.566288510700417,0.17860334037393055,-0.25219248331621386,-0.3012235235171179,-0.8819309477233812,False,True,0.0,0.0,0.5371320783242847,1.0742641566485693
2405,40.083333333333336,True,True,83.46007467832882,50.0,95.80956658422815,24.04227302162218,30.218257924324845,21.944684795338972,74.0,33.46007467832882,15.827873834057085,15.986152572397655,15.275934798597286,0.5805042204973081,0.46080556706426157,0.5903183458643398,0.5954533721115058,15.986152572397655,0.34300778974457896,0.7740439026914869,0.5897206552383523,0.34300778974457896,0.7740439026914869,15.098769330485467,15.679636886506426,0.1785905305799811,-0.2524455823669269,-0.30651568589122924,-0.8873832419121879,False,True,0.0,0.0,0.5396867382783234,1.0793734765566467
2410,40.166666666666664,True,True,83.54751340840238,50.0,95.85189945468582,23.90343269614931,30.04992084229829,21.826772288879297,74.0,33.54751340840238,15.945498825169652,16.10495381342135,15.389203108495947,0.5777944528595644,0.4571642070439231,0.5875450327775399,0.5926509442084807,16.10495381342135,0.33995083098765855,0.771226629098089,0.586950150104849,0.33995083098765855,0.771226629098089,15.212110754640005,15.793138065388286,0.1785756848896083,-0.2527001132208222,-0.3118157480330641,-0.8928430587813452,False,True,0.0,0.0,0.5422400329280799,1.0844800658561597
2415,40.25,True,True,83.63406074638726,50.0,95.89357018609236,23.765271306937564,29.882208580821484,21.709459339103887,74.0,33.63406074638726,16.063280187360466,16.22391298923407,15.502624410014146,0.5751021783410432,0.4535578868126439,0.5847896735595618,0.589866672589842,16.22391298923407,0.3369106087480379,0.7684254895734289,0.5841975806502433,0.3369106087480379,0.7684254895734289,15.325602722203298,15.906789412984194,0.1785588169835869,-0.25295606384180414,-0.31712357624987497,-0.8983102670307712,False,True,0.0,0.0,0.5447919800381635,1.089583960076327
2420,40.333333333333336,True,True,83.71972609517928,50.0,95.93459024193506,23.627791572381724,29.715130144868183,21.59274566004784,74.0,33.71972609517928,16.181215222816114,16.343027375044276,15.616196067593746,0.5724272686711774,0.4499861408810771,0.5820521378455958,0.5871004257714867,16.343027375044276,0.3338870034807634,0.7656403662118207,0.5814628166555394,0.3338870034807634,0.7656403662118207,15.439242637628025,16.020588336117342,0.17853994044033406,-0.2532134222907233,-0.3224390389269338,-0.9037847374162506,False,True,0.0,0.0,0.5473425971799106,1.0946851943598213
2425,40.416666666666664,True,True,83.80451876965348,50.0,95.97497086845168,23.490996086220136,29.548694279779482,21.476630942296225,74.0,33.804518769653484,16.299301275960506,16.462294288720113,15.729915486872684,0.5697695962345161,0.4464485120596818,0.5793322958720918,0.5843520728873682,16.462294288720113,0.33087989616032976,0.7628711416216439,0.5787457285020992,0.33087989616032976,0.7628711416216439,15.553027945999263,16.134532282221333,0.1785190687342757,-0.2534721767270385,-0.32776200649878007,-0.9092663427208496,False,True,0.0,0.0,0.5498919017322444,1.099783803464489
2430,40.5,True,True,83.88844799685073,50.0,96.01472309889184,23.354887316760156,29.382909471231386,21.361114851272788,74.0,33.88844799685073,16.41753573286403,16.581711090192673,15.843780114110299,0.5671290340824615,0.44294455128800136,0.5766300184916011,0.5816214836747804,16.581711090192673,0.3278891682670538,0.7601176989117475,0.5760461871423559,0.3278891682670538,0.7601176989117475,15.666956132465966,16.248618738771906,0.17849621523696713,-0.2537323154077266,-0.3330923514207669,-0.9147549577267071,False,True,0.0,0.0,0.5524399108826816,1.1048798217653633
2435,40.583333333333336,True,True,83.97152291619555,50.0,96.0538577577055,23.219467606514527,29.217783945778045,21.246197025820706,74.0,33.97152291619555,16.5359160206592,16.701275180865792,15.957787435618936,0.5645054559442627,0.4394738174674792,0.5739451771867649,0.5789085284449266,16.701275180865792,0.3249147017592877,0.7573799216636915,0.5733640642023148,0.3249147017592877,0.7573799216636915,15.78102472167871,16.3628452327249,0.17847139321876493,-0.25399382668563886,-0.33842994814089167,-0.9202504591870824,False,True,0.0,0.0,0.5549866416282744,1.1099732832565488
2440,40.666666666666664,True,True,84.05375257974435,50.0,96.09238546465885,23.084739170079672,29.053325669054047,21.131877075279476,74.0,34.053752579744355,16.65443960696277,16.8209840030324,16.071934977201806,0.5618987362372955,0.43603587729774806,0.5712776440834604,0.5762130781859287,16.8209840030324,0.3219563791731383,0.7546576940314943,0.570699231952267,0.3219563791731383,0.7546576940314943,15.895231277233673,16.47720932996043,0.1784446158455656,-0.2542566990127904,-0.3437746730719695,-0.925752725798727,False,True,0.0,0.0,0.5575321107766996,1.1150642215533992
2445,40.75,True,True,84.13514595246193,50.0,96.13031663887793,22.950704094186037,28.889542346909877,21.01815457832207,74.0,34.135145952461926,16.77310399930437,16.940835039297415,16.186220303597054,0.5593087500766533,0.4326303051163311,0.5686272919631534,0.5735350045333962,16.940835039297415,0.3190140835946927,0.7519509007138876,0.5680515632775042,0.3190140835946927,0.7519509007138876,16.009573401122864,16.59170863473333,0.17841589618049136,-0.25452092093870354,-0.3491264045640854,-0.9312616381745507,False,True,0.0,0.0,0.560076334947343,1.120152669894686
2450,40.833333333333336,True,True,84.21571191252472,50.0,96.1676615028204,22.81736433790749,28.726441426777185,20.905029081890675,74.0,34.215711912524725,16.891906744561556,17.06082581200717,16.300641017928097,0.5567353732840811,0.4292566827416941,0.5659939942744844,0.5708741797409949,17.06082581200717,0.31608769863224817,0.7492594269265724,0.5654209317808182,0.31608769863224817,0.7492594269265724,16.124048733190577,16.706340789129815,0.17838524718557758,-0.2547864811087467,-0.3544850228773555,-0.9367770788165934,False,True,0.0,0.0,0.5626193305724171,1.1252386611448342
2455,40.916666666666664,True,True,84.2954592516496,50.0,96.20443008617589,22.684721731128676,28.564030096704798,20.792500098650947,74.0,34.2954592516496,17.010845428401375,17.18095388268539,16.415194761160194,0.5541784823962763,0.42591459931958486,0.5633776251441136,0.5682304767834557,17.18095388268539,0.31317710851604563,0.7465831585019821,0.5628072116946442,0.31317710851604563,0.7465831585019821,16.2386549505961,16.82110347253039,0.17835268171852636,-0.2550533682674101,-0.3598504101550013,-0.9422989320892903,False,True,0.0,0.0,0.5651611138981429,1.1303222277962859
2460,41.0,True,True,84.37439667544662,50.0,96.24063222969548,22.552777975952196,28.40231528835585,20.68056710686409,74.0,34.37439667544662,17.129917674728294,17.301216851475576,16.529879211563244,0.5516379546725811,0.42260365117260157,0.5607780593868581,0.5656037692682822,17.301216851475576,0.31028219801384316,0.7439219818048814,0.5602102779689176,0.31028219801384316,0.7439219818048814,16.35338976728251,16.93599440107886,0.1783182125365993,-0.255321571254439,-0.36522245039671475,-0.9478270841930652,False,True,0.0,0.0,0.5677017009859777,1.1354034019719554
2465,41.083333333333336,True,True,84.45253280379409,50.0,96.27627758895079,22.421534645715965,28.241303676801067,20.569229548245644,74.0,34.452532803794085,17.249121145138638,17.421612356590025,16.644692084180686,0.5491136681020928,0.41932344165292806,0.5581951725151533,0.5629939315240426,17.421612356590025,0.3074028525164908,0.7412757838179697,0.5576300062417886,0.3074028525164908,0.7412757838179697,16.468250933451838,17.05101132715769,0.178281852293927,-0.25559107900755185,-0.3706010294323363,-0.9533614231381868,False,True,0.0,0.0,0.570241107713809,1.140482215427618
2470,41.166666666666664,True,True,84.52987617123523,50.0,96.31137563802349,22.29099318585652,28.081001682799666,20.45848682734065,74.0,34.52987617123523,17.368453538381328,17.54213807376514,16.75963113030476,0.5466055014102135,0.4160735809981763,0.5556288407478552,0.5604008385709404,17.54213807376514,0.304538958010177,0.7386444521141529,0.5550662728542648,0.304538958010177,0.7386444521141529,16.583236235046186,17.166152038869292,0.1782436135432125,-0.25586188056076337,-0.37598603489584903,-0.9589018387189547,False,True,0.0,0.0,0.5727793497772702,1.1455586995545404
2475,41.25,True,True,84.60643522739471,50.0,96.34593567312572,22.16115491427803,27.92141547442037,20.34833831046994,74.0,34.60643522739471,17.487912589825058,17.66279171572331,16.87469413695774,0.5441133340646638,0.4128536861902783,0.5530789410184201,0.5578243661355282,17.66279171572331,0.3016904010911772,0.7360278748713196,0.5525189548648541,0.3016904010911772,0.7360278748713196,16.698343493235125,17.281414359523673,0.17820350873579138,-0.25613396504435104,-0.38137735619963564,-0.9644482224881834,False,True,0.0,0.0,0.5753164426910216,1.1506328853820431
2480,41.333333333333336,True,True,84.68221833741399,50.0,96.37996681615232,22.032021021859848,27.762550968852068,20.238783324777657,74.0,34.682218337413985,17.60749607093178,17.7835710316411,16.989878926379397,0.5416370462809809,0.4096633808173662,0.5505453509824783,0.5552643906654249,17.7835710316411,0.2988570689806058,0.7334259408871188,0.5499879300642079,0.2988570689806058,0.7334259408871188,16.813570563909128,17.396796147132047,0.1781615502216939,-0.25640732168481906,-0.38677488450905173,-0.9700004677319711,False,True,0.0,0.0,0.5778524017900791,1.1557048035801583
2485,41.416666666666664,True,True,84.75723378240424,50.0,96.41347801816529,21.90359257309491,27.60441383439162,20.129821157376256,74.0,34.75723378240424,17.72720178873653,17.904473806623894,17.105183355520587,0.5391765190275237,0.4065022949385857,0.5480279490248354,0.55272078934403,17.904473806623894,0.2960388495391702,0.7308385395937391,0.5474730769458347,0.2960388495391702,0.7308385395937391,16.92891533717912,17.51229529390652,0.1781177502497091,-0.2566819398048598,-0.3921785127173756,-0.9755584694447741,False,True,0.0,0.0,0.5803872422311543,1.1607744844623087
2490,41.5,True,True,84.83148975991605,50.0,96.44647806281186,21.77587050745072,27.44700949340489,20.021451055087965,74.0,34.83148975991605,17.8470275853335,18.025497861186835,17.22060531554282,0.5367316340300028,0.40337006495178274,0.5455266142659148,0.5501934400610935,18.025497861186835,0.2932356312394268,0.728265561030192,0.5449742747646724,0.2932356312394268,0.728265561030192,17.04437573688206,17.627909725765953,0.17807212096909852,-0.2569578088216667,-0.39758813542088234,-0.9811221243047754,False,True,0.0,0.0,0.582920978994045,1.16584195798809
2495,41.583333333333336,True,True,84.90499438442444,50.0,96.47897556967624,21.64885563963064,27.29034312380685,19.913672223259795,74.0,34.90499438442444,17.96697133736839,18.146641050742073,17.336142731324006,0.5343022737755571,0.4002663334640089,0.5430412265676682,0.5476822214715776,18.146641050742073,0.29044730322303886,0.7257068958995935,0.5424914034931589,0.29044730322303886,0.7257068958995935,17.159949720092513,17.74363740184766,0.17802467442801584,-0.2572349182485388,-0.403003648894412,-0.9866913306495597,False,True,0.0,0.0,0.5854536268830189,1.1709072537660379
2500,41.666666666666664,True,True,84.97775568782839,50.0,96.51097899756651,21.52254866134895,27.13441966257686,19.806483825842378,74.0,34.97775568782839,18.087030955536964,18.267901265092334,17.45179356097009,0.5318883215163953,0.3971907491647892,0.5405716665389809,0.5451870129515101,18.267901265092334,0.2876737552588689,0.7231624355272827,0.5400243438651614,0.2876737552588689,0.7231624355272827,17.27563527664027,17.859476314025247,0.1779754225757726,-0.25751325769264116,-0.40842495106708654,-0.9922659884520648,False,True,0.0,0.0,0.5879852005282169,1.1759704010564338
2505,41.75,True,True,85.04978161996405,50.0,96.54249664773724,21.396950142001344,26.979243807784854,19.69988498454262,74.0,35.04978161996405,18.20720438408978,18.389276427930678,17.56755579533276,0.52948966127302,0.39414296670209664,0.5381178155405809,0.5427076946421312,18.389276427930678,0.2849148777860729,0.7206320719039403,0.537572977361333,0.2849148777860729,0.7206320719039403,17.391430428633843,17.975424486432267,0.1779243772618091,-0.2577928168560583,-0.413851941498411,-0.9978459992968354,False,True,0.0,0.0,0.5905157143871035,1.181031428774207
2510,41.833333333333336,True,True,85.1210800491303,50.0,96.5735366670486,21.27206053022516,26.824820021810893,19.593874778722665,74.0,35.1210800491303,18.327489600343057,18.51076449634649,17.683427457533057,0.5271061778370514,0.3911226465609801,0.5356795556894833,0.5402441474351781,18.51076449634649,0.2821705619005279,0.7181156976720416,0.5351371862237556,0.2821705619005279,0.7181156976720416,17.507333229989918,18.09147997499188,0.17787155023686352,-0.2580735855346502,-0.4192845213546086,-1.0034312663565714,False,True,0.0,0.0,0.5930451827458793,1.1860903654917585
2515,41.916666666666664,True,True,85.19165876262622,50.0,96.60410705106327,21.147880155147362,26.671152534139907,19.488452245040037,74.0,35.19165876262622,18.44788461419564,18.632363460337597,17.799406602490897,0.5247377567736697,0.3881294549447914,0.5332567698629843,0.5377962529876004,18.632363460337597,0.27944069936959437,0.7156132061406422,0.5327168534412977,0.27944069936959437,0.7156132061406422,17.623341765968643,18.207640866952325,0.1778169531530418,-0.258355553618006,-0.4247225933852725,-1.009021694368954,False,True,0.0,0.0,0.5955736197209622,1.1911472394419245
2520,42.0,True,True,85.26152546729938,50.0,96.63421564708159,21.024409228098506,26.518245344778677,19.383616377484387,74.0,35.26152546729938,18.56838746765203,18.75407134232855,17.915491316460482,0.5223842844236898,0.3851630636589589,0.530849341702221,0.5353638937068445,18.75407134232855,0.27672518261854506,0.7131244912718321,0.5303118627642561,0.27672518261854506,0.7131244912718321,17.73945415271479,18.323905280428207,0.17776059756498763,-0.2586387110882994,-0.43016606190034423,-1.0146171896137623,False,True,0.0,0.0,0.5981010392604496,1.196202078520899
2525,42.083333333333336,True,True,85.33068779010412,50.0,96.66387015711616,20.901647844008792,26.366102227238642,19.279366127153608,74.0,35.33068779010412,18.688996234351414,18.87588619669493,18.031679716571496,0.5200456479052843,0.3822231499972571,0.5284571556153232,0.5329469527655692,18.87588619669493,0.27402390474532706,0.7106494476955207,0.5279220987482859,0.27402390474532706,0.7106494476955207,17.855668536804654,18.440271363947673,0.1777024949299515,-0.2589230480202422,-0.4356148327472553,-1.0202176598902746,False,True,0.0,0.0,0.6006274551455898,1.2012549102911796
2530,42.166666666666664,True,True,85.3991532786692,50.0,96.69307814080688,20.779595982501007,26.214726731102772,19.17570040178144,74.0,35.3991532786692,18.809709019102677,18.997806109293702,18.147969950376165,0.5177217351153721,0.379309396630518,0.5260800967801641,0.5305453141457929,18.997806109293702,0.2713367595636581,0.7081879707525578,0.525547446651899,0.2713367595636581,0.7081879707525578,17.971983094798716,18.556737296005167,0.17764265660676493,-0.25920855458213476,-0.44106881328853476,-1.0258230144949856,False,True,0.0,0.0,0.6031528809922811,1.2063057619845623
2535,42.25,True,True,85.46692940187391,50.0,96.72184701827697,20.65825351093372,26.064122187214096,19.07261806691902,74.0,35.46692940187391,18.930523957425326,19.11982919699958,18.26436019540194,0.5154124347306844,0.37642149149773835,0.5237180511467348,0.5281588625358836,19.11982919699958,0.26866364150445554,0.705739956396185,0.5231877925682511,0.26866364150445554,0.705739956396185,18.088396032800045,18.673301284620038,0.1775810938603014,-0.2594952210314281,-0.4465279123795405,-1.0314331641995338,False,True,0.0,0.0,0.6056773302525599,1.2113546605051198
2540,42.333333333333336,True,True,85.53402355043208,50.0,96.75018407293162,20.5376201844754,25.914291708854464,18.970117944624363,74.0,35.53402355043208,19.05143921509631,19.24195360724727,18.380848658710043,0.5131176362085237,0.37355912769952915,0.5213709054391548,0.5257874834630002,19.24195360724727,0.26600444574393,0.7033053013201537,0.520843023307998,0.26600444574393,0.7033053013201537,18.204905586018302,18.78996156690071,0.17751781785715348,-0.2597830377190702,-0.4519920403465605,-1.0370480212289692,False,True,0.0,0.0,0.6082008162161108,1.2164016324322215
2545,42.416666666666664,True,True,85.60044303748326,50.0,96.77809645419931,20.41769564942814,25.76523819729499,18.868198814904645,74.0,35.60044303748326,19.172452987702638,19.364177517579666,18.497433576459507,0.5108372297872279,0.3707220033938607,0.5190385471573341,0.523431063175367,19.364177517579666,0.26335906809084775,0.7008839028460099,0.5185130265164389,0.26335906809084775,0.7008839028460099,18.32151001833938,18.90671640861452,0.17745283967064285,-0.2600719950845193,-0.4574611089651448,-1.0426674992402845,False,True,0.0,0.0,0.6107233520117783,1.2214467040235566
2550,42.5,True,True,85.66619509919026,50.0,96.8055911802177,20.298479443609352,25.616964343372047,18.766859414688582,74.0,35.66619509919026,19.29356350019984,19.48649913520184,18.61411321347695,0.5085711064863546,0.3679098216940564,0.5167208645783052,0.5210894887599989,19.48649913520184,0.2607274051004561,0.698475659037042,0.5161976905710163,0.2607274051004561,0.698475659037042,18.438207621900627,19.02356410376306,0.17738617027704306,-0.26036208365954283,-0.46293503143877857,-1.048291513301212,False,True,0.0,0.0,0.61324495060906,1.22648990121812
2555,42.583333333333336,True,True,85.73128689534286,50.0,96.83267514046426,20.17997099955508,25.46947263285786,18.666098439196816,74.0,35.73128689534286,19.414769006476092,19.608916696540852,18.730885862831844,0.5063191581065943,0.36512229056898554,0.5144177467572326,0.5187626480396921,19.608916696540852,0.25810935397591006,0.696080468599731,0.5138969046252442,0.25810935397591006,0.696080468599731,18.554996716671564,19.140502974163113,0.17731782056003897,-0.260653294063782,-0.4684137223777398,-1.0539199798692884,False,True,0.0,0.0,0.6157656248196584,1.2315312496393167
2560,42.666666666666664,True,True,85.79572550996654,50.0,96.85935509833315,20.062169645903538,25.322765349368765,18.565914541790704,74.0,35.795725509966545,19.536067788922075,19.731428466811295,18.84774984541734,0.5040812772294301,0.3623591227454113,0.5121290835281221,0.5164504296171708,19.731428466811295,0.2555048126113619,0.6936982309268619,0.5116105586379945,0.2555048126113619,0.6936982309268619,18.67187565004007,19.257531369032982,0.1772478013096911,-0.2609456170058089,-0.47389709777831257,-1.0595528167712231,False,True,0.0,0.0,0.6182853872989656,1.2365707745979313
2565,42.75,True,True,85.8595179519362,50.0,96.88563769365895,19.945074609013346,25.176844577578933,18.46630633403393,74.0,35.8595179519362,19.65745815800645,19.854032739586515,18.964703509536527,0.5018573572165491,0.3596200356124473,0.5098547655042349,0.5141527229045187,19.854032739586515,0.2529136796208848,0.6913288461264694,0.5093385433442109,0.2529136796208848,0.6913288461264694,18.788842796404037,19.374647664584298,0.17717612322195064,-0.26123904328363395,-0.4793850750022166,-1.065189943182478,False,True,0.0,0.0,0.620804250547612,1.241608501095224
2570,42.833333333333336,True,True,85.9226711555939,50.0,96.91152944518834,19.82868501533207,25.03171220743691,18.367272386407194,74.0,35.9226711555939,19.778938451856927,19.976727836375495,19.081745230494167,0.4996472922090218,0.3569047511280788,0.507594684078226,0.5118694180937473,19.976727836375495,0.250335854310727,0.6889722149941148,0.507080750225623,0.250335854310727,0.6889722149941148,18.90589655676832,19.491850263619156,0.17710279690036745,-0.2615335637830203,-0.48487757275633925,-1.0708312796071766,False,True,0.0,0.0,0.623322226912972,1.246644453825944
2575,42.916666666666664,True,True,85.98519198137046,50.0,96.93703675300071,19.712999893771467,24.887369938380758,18.2688112290478,74.0,35.98519198137046,19.900507035846857,20.099512106205324,19.198873410193737,0.49745097712625735,0.35421299572770426,0.5053487314220158,0.5096004061273652,20.099512106205324,0.2477712366515653,0.68662823898516,0.5048370715693181,0.2477712366515653,0.68662823898516,19.023035358347094,19.609137595132626,0.17702783285779478,-0.2618291694757999,-0.490374511072698,-1.07647674785823,False,True,0.0,0.0,0.6258393285906904,1.2516786571813807
2580,43.0,True,True,86.04708721641019,50.0,96.9621659008785,19.59801817704175,24.743819282138006,18.17092135162376,74.0,36.04708721641019,20.02216230218732,20.222383925209193,19.316086476739862,0.4952683076647456,0.351544500234654,0.5031168004864076,0.5073455787572403,20.222383925209193,0.24521972733575417,0.6842968202720393,0.5026074004384554,0.24521972733575417,0.6842968202720393,19.14025765417143,19.72650811392048,0.17695124151479902,-0.26212585142148614,-0.4958758112887125,-1.0821262710377617,False,True,0.0,0.0,0.6283555676262099,1.2567111352524198
2585,43.083333333333336,True,True,86.10836357519837,50.0,96.98692305862838,19.48373870407066,24.60106156697867,18.073601204147664,74.0,36.10836357519837,20.143902669524607,20.345341696219855,19.433382884045955,0.4930991802965965,0.3488989997726456,0.5008987850004608,0.5051048285151682,20.345341696219855,0.24268122774957634,0.6819778617165313,0.5003916306722659,0.24268122774957634,0.6819778617165313,19.257561922702113,19.843960300192172,0.17687303320136305,-0.2624236007655919,-0.5013813960276821,-1.0877797735177417,False,True,0.0,0.0,0.6308709559162786,1.2617419118325572
2590,43.166666666666664,True,True,86.1690277001911,50.0,97.01131428435397,19.370160222076535,24.45909794149067,17.97684919751677,74.0,36.169027700191094,20.265726582543152,20.468383848368585,19.550761111447144,0.4909434922678852,0.3462762336801321,0.4986945794706362,0.5028780487128733,20.468383848368585,0.24015563997382178,0.6796712668703584,0.4981896568714092,0.24015563997382178,0.6796712668703584,19.374946667447652,19.961492659189016,0.17679321815748505,-0.26272240873905156,-0.5068911891795693,-1.0934371809209331,False,True,0.0,0.0,0.6333855052104782,1.2667710104209564
2595,43.25,True,True,86.22908616244698,50.0,97.03534552668134,19.257281388821355,24.317929378586797,17.880663704226507,74.0,36.229086162446976,20.3876325115737,20.591508836689435,19.668219663318332,0.4888011415968135,0.3436759454265035,0.4965040791797149,0.500665133427292,20.591508836689435,0.23764286677019902,0.6773769399616192,0.4960013744272601,0.23764286677019902,0.6773769399616192,19.492410416587365,20.079103720807428,0.17671180653432716,-0.263022266657093,-0.5124051158820073,-1.0990984201020702,False,True,0.0,0.0,0.6358992271127304,1.2717984542254608
2600,43.333333333333336,True,True,86.28854546226037,50.0,97.05902262693776,19.145100774356365,24.177556678815805,17.7850430586725,74.0,36.28854546226037,20.509618952206804,20.71471514172887,19.785757068697396,0.48667202707169493,0.3410978825301029,0.49432718018551125,0.49846597753000427,20.71471514172887,0.2351428116102429,0.6750947859237182,0.4938266795219079,0.2351428116102429,0.6750947859237182,19.609951722599636,20.19679203922728,0.17662880839371392,-0.26332316591976135,-0.5179231025015909,-1.1047634191292346,False,True,0.0,0.0,0.6384121330828164,1.2768242661656328
2605,43.416666666666664,True,True,86.34741202979566,50.0,97.08235132128507,19.033616863122646,24.037980474141193,17.68998555777479,74.0,36.34741202979566,20.63168442491153,20.838001269160646,19.903371880913458,0.48455604824877363,0.33854179647801635,0.4921637793193815,0.49628047668723413,20.838001269160646,0.2326553786758884,0.6728247103959587,0.4916654690842279,0.2326553786758884,0.6728247103959587,19.727569161895026,20.314556192545272,0.17654423370872457,-0.2636250980113457,-0.5234450766153742,-1.1104321072656198,False,True,0.0,0.0,0.6409242344378694,1.2818484688757388
2610,43.5,True,True,86.40569222572235,50.0,97.1053372428083,18.922828056551396,23.899201232383263,17.59548946205041,74.0,36.40569222572235,20.75382747465931,20.961365749405903,20.02106267722015,0.4824531054498835,0.3360074426475989,0.49001377418454356,0.4941085273157023,20.961365749405903,0.23018047281754012,0.6705666196816337,0.48951764080452453,0.23018047281754012,0.6705666196816337,19.845261334454527,20.432394782413233,0.17645809236593135,-0.2639280544981622,-0.5289709669926701,-1.1161044149513764,False,True,0.0,0.0,0.6434355423538893,1.2868710847077787
2615,43.583333333333336,True,True,86.46339234185052,50.0,97.12798592356027,18.812732674980325,23.76121926072679,17.501552996124644,74.0,36.46339234185052,20.876046670552938,21.08480713725847,20.13882805843388,0.4803630997599566,0.33349458022969936,0.4878770631542109,0.49195002659734205,21.08480713725847,0.22771799956880545,0.6683204207627793,0.4873830931638168,0.22771799956880545,0.6683204207627793,19.96302686347265,20.55030643368141,0.17637039416543726,-0.2642320270285366,-0.5345007035770593,-1.12178027378582,False,True,0.0,0.0,0.6459460678672319,1.2918921357344637
2620,43.666666666666664,True,True,86.52051860176641,50.0,97.15030279656352,18.703328959411536,23.624034709002316,17.408174349127123,74.0,36.52051860176641,20.99834060546057,21.208324011515174,20.25666664857703,0.47828593302438865,0.33100297215354674,0.4857535453695553,0.48980487250873017,21.208324011515174,0.225267865175393,0.6660860213290929,0.48526172541919554,0.225267865175393,0.6660860213290929,20.080864395005356,20.668289794046526,0.17628114882036272,-0.2645370073333372,-0.5400342174686479,-1.1274596165098174,False,True,0.0,0.0,0.648455821876097,1.296911643752194
2625,43.75,True,True,86.57707716146776,50.0,97.17229319776996,18.594615073765695,23.487647573626532,17.31535167553355,74.0,36.577077161467756,21.120707895654792,21.33191497461134,20.37457709452594,0.4762215078462672,0.3285323850132631,0.4836431207375041,0.48767296380637165,21.33191497461134,0.2228299765815076,0.6638633297643479,0.4831534375598949,0.2228299765815076,0.6638633297643479,20.19877259762287,20.786343533704773,0.17619036595797627,-0.26484298722486405,-0.5455714409065671,-1.13314237698847,False,True,0.0,0.0,0.6509648151420226,1.3019296302840453
2630,43.833333333333336,True,True,86.63307410999853,50.0,97.19396236797924,18.486589107442953,23.352057701945526,17.223083096293323,74.0,36.63307410999853,21.243147180456585,21.455578652261153,20.49255806566382,0.4741697275834721,0.32608258899596543,0.4815456899283789,0.4855541999825528,21.455578652261153,0.2204042413879081,0.6616522551044721,0.4810581303805066,0.2204042413879081,0.6616522551044721,20.31675016206719,20.904466345009432,0.17609805512191934,-0.2651499585946447,-0.5511123072517208,-1.138828490193962,False,True,0.0,0.0,0.6534730582913443,1.3069461165826886
2635,43.916666666666664,True,True,86.68851547008303,50.0,97.21531545471692,18.37924907657397,23.217264794796392,17.131366698856567,74.0,36.68851547008303,21.365657121884222,21.579313693103064,20.61060825353831,0.47213049634565196,0.3236533578114237,0.4794611543733852,0.48344848133891904,21.579313693103064,0.2179905679232959,0.6594527071089551,0.47897570539312256,0.2179905679232959,0.6594527071089551,20.43479580091436,21.022656942133292,0.17600422577003605,-0.26545791341562314,-0.556656750969772,-1.144517892188702,False,True,0.0,0.0,0.6559805618166841,1.3119611236333681
2640,44.0,True,True,86.74340719875879,50.0,97.23635751407274,18.272592927040222,23.083268411448216,17.040200538739754,74.0,36.74340719875879,21.48823640430699,21.70311876835006,20.728726371523827,0.47010371899108605,0.32124446862324135,0.477389416261963,0.4813557088981816,21.70311876835006,0.2155888651598678,0.6572645961764209,0.47690606490054965,0.2155888651598678,0.6572645961764209,20.55290824824139,21.14091406073572,0.17590888727823928,-0.2657668437383138,-0.5622047076143382,-1.1502105201086685,False,True,0.0,0.0,0.6584873360784023,1.3169746721568045
2645,44.083333333333336,True,True,86.79775518800814,50.0,97.2570935125004,18.166618535707272,22.950067972116173,16.949582639580896,74.0,36.79775518800814,21.610883734103695,21.82699257144473,20.846911154488556,0.46808930112343566,0.31885570198152274,0.4753303785389971,0.47927578447769525,21.82699257144473,0.21319904278469673,0.6550878334160275,0.47484911192309487,0.21319904278469673,0.6550878334160275,20.671086259297724,21.25923645763429,0.17581204893833224,-0.26607674169299855,-0.5677561138104394,-1.1559063121470068,False,True,0.0,0.0,0.6609933913060466,1.3219867826120932
2650,44.166666666666664,True,True,86.85156526538833,50.0,97.27752832857925,18.061323713240142,22.817662762602268,16.859510994574862,74.0,36.85156526538833,21.733597839325927,21.950933817719186,20.965161358466005,0.46608714908839205,0.31648684175699754,0.47328394490190623,0.47720861061588044,21.950933817719186,0.210821011129445,0.6529223305771997,0.4728047502864229,0.210821011129445,0.6529223305771997,20.78932861018138,21.377622910481016,0.1757137199613193,-0.2663875994864354,-0.5733109072381701,-1.1616052075378072,False,True,0.0,0.0,0.6634987375998092,1.3269974751996183
2655,44.25,True,True,86.90484319465988,50.0,97.29766675473867,17.956706205163954,22.6860519365527,16.76998356642251,74.0,36.904843194659875,21.85637746936597,22.07494124405963,21.083475760331197,0.46409716997022643,0.3141376750765681,0.47125001979760417,0.4751540906605169,22.07494124405963,0.2084546812559057,0.6507680001351891,0.47077288450441307,0.2084546812559057,0.6507680001351891,20.907634097519463,21.49607221744305,0.1756139094746722,-0.26669940940461123,-0.5788690266165801,-1.1673071465401677,False,True,0.0,0.0,0.6660033849319689,1.3320067698639377
2660,44.333333333333336,True,True,86.95759467641268,50.0,97.31751349894627,17.852763695099824,22.555234520643992,16.680998289172976,74.0,36.95759467641268,21.97922139462938,22.199013608575676,21.201853157481256,0.4621192715882476,0.31180799226025063,0.46922850841935426,0.4731121286510188,22.199013608575676,0.2060999648432083,0.6486247551782989,0.4687534198816593,0.2060999648432083,0.6486247551782989,21.02600153815326,21.614583196887878,0.17551262652728006,-0.2670121638078105,-0.5844304116877979,-1.1730120704224163,False,True,0.0,0.0,0.6685073431482881,1.3370146862965762
2665,44.416666666666664,True,True,87.0098253486903,50.0,97.33707318636023,17.749493805639773,22.425209416565934,16.592553068056134,74.0,37.0098253486903,22.10212840621211,22.32314969027423,21.32029236752057,0.4601533624931721,0.3094975867594767,0.4672193167035076,0.47108262942144397,22.32314969027423,0.20375677428751948,0.6464925095076027,0.4667462624548989,0.20375677428751948,0.6464925095076027,21.14442976882758,21.733154687072822,0.17540988008615876,-0.2673258551339245,-0.589995003201409,-1.1787199214466497,False,True,0.0,0.0,0.6710106219694724,1.3420212439389447
2670,44.5,True,True,87.0615407876116,50.0,97.35635036094689,17.646894100914366,22.29597540528107,16.50464578079348,74.0,37.061540787611605,22.22509731558216,22.447348288737984,21.438792227950202,0.4581993519634127,0.307206255096728,0.4652223513261436,0.4690654985416313,22.447348288737984,0.20142502264590895,0.6443711775808294,0.46475131897836947,0.20142502264590895,0.6443711775808294,21.262917645884656,21.85178554583904,0.17530567903919808,-0.2676404758957224,-0.5955627428989452,-1.1844306428533287,False,True,0.0,0.0,0.6735132309925582,1.3470264619851164
2675,44.583333333333336,True,True,87.11274650798991,50.0,97.37534948706414,17.544962088660697,22.167531150597682,16.417274278501623,74.0,37.11274650798991,22.348126954265727,22.571608223808383,21.557351595861846,0.4562571500012901,0.30493379680647353,0.4632375196996137,0.4670606423024856,22.571608223808383,0.19910462362270961,0.6422606744987417,0.46276849696773753,0.19910462362270961,0.6422606744987417,21.381464044962126,21.97047465030968,0.17520003219625607,-0.26795601867977603,-0.6011335734987036,-1.190144178846257,False,True,0.0,0.0,0.6760151796923072,1.3520303593846144
2680,44.666666666666664,True,True,87.16344796394951,50.0,97.39407495101123,17.44369522166683,22.03987520188788,16.330436386078446,74.0,37.16344796394951,22.471216173537723,22.695928335273102,21.675969347635903,0.45432666732917154,0.30268001437738035,0.46126472996899,0.4650679677601238,22.695928335273102,0.19679549161254167,0.6401609160481773,0.46079770467081294,0.19679549161254167,0.6401609160481773,21.500067860695403,22.08922089659238,0.17509294828805344,-0.26827247614758215,-0.6067074386807221,-1.1958604745776995,False,True,0.0,0.0,0.6785164774226212,1.3570329548452424
2685,44.75,True,True,87.21365054953911,50.0,97.41253106254611,17.343090899952358,21.913005997789412,16.244129903245522,74.0,37.21365054953911,22.59436384411669,22.820307482557855,21.79464437864389,0.45240781538554226,0.3004447131957698,0.4593038910084327,0.4630873827064443,22.820307482557855,0.1944975416725003,0.6380718186742558,0.4588388510382629,0.1944975416725003,0.6380718186742558,21.618728006424224,22.208023199485893,0.1749844359678115,-0.268589841033944,-0.6122842830719613,-1.201579476133631,False,True,0.0,0.0,0.681017133417892,1.362034266835784
2690,44.833333333333336,True,True,87.26335959934244,50.0,97.43072205637048,17.243146472910837,21.78692186984523,16.15835260558012,74.0,37.26335959934244,22.71756885586402,22.94474454442266,21.913375602955057,0.4505005063210132,0.2982277014902931,0.457354912417473,0.46111879563969527,22.94474454442266,0.19221068949433806,0.635993299452579,0.45689184575289804,0.19221068949433806,0.635993299452579,21.737443413903275,22.32688049219091,0.17487450381288372,-0.2689081061453572,-0.6178640522317522,-1.2073011305193866,False,True,0.0,0.0,0.6835171567943941,1.3670343135887881
2695,44.916666666666664,True,True,87.31258038908557,50.0,97.44865209358372,17.14385924083345,21.661621045294353,16.073102245032473,74.0,37.31258038908557,22.840830117487446,23.06923841866232,22.032161953047094,0.4486046529942695,0.2960287902777968,0.4554177045172213,0.4591621157939062,23.06923841866232,0.18993485143331082,0.6339252761180934,0.4549565992589578,0.18993485143331082,0.6339252761180934,21.856213033017035,22.445791726024968,0.17476316032418715,-0.2692272643605954,-0.6234466926373514,-1.2130253856452846,False,True,0.0,0.0,0.6860165565516375,1.372033113103275
2700,45.0,True,True,87.36131813624091,50.0,97.46632526310597,17.045226456421503,21.537101649836615,15.988376550452884,74.0,37.36131813624091,22.964146556248718,23.193788021811205,22.151002379521003,0.44672016896796396,0.29384779331035465,0.45349217834650574,0.4572172531683191,23.193788021811205,0.18766994453702082,0.6318676670939518,0.45303302265961065,0.18766994453702082,0.6318676670939518,21.975035831498555,22.564755870141415,0.17465041392563269,-0.2695473086312983,-0.6290321516697901,-1.2187521903126495,False,True,0.0,0.0,0.6885153415737035,1.377030683147407
2705,45.083333333333336,True,True,87.40957800062792,50.0,97.48374558307134,16.9472453275729,21.413361712109506,15.904173229244137,74.0,37.40957800062792,23.08751711767545,23.318392288852205,22.269895850819985,0.4448469685045584,0.2916845270234369,0.45157824565793836,0.45528411842437894,23.318392288852205,0.18541588644675433,0.6298203913928687,0.4511210278048111,0.18541588644675433,0.6298203913928687,22.093910794652295,22.683771911252336,0.17453627296848978,-0.2698682319776246,-0.6346203775998696,-1.2244814941999103,False,True,0.0,0.0,0.6910135206306087,1.3820270412612174
2710,45.166666666666664,True,True,87.45736508501008,50.0,97.50091700219167,16.84991301825164,21.290399165560814,15.82048996737241,74.0,37.45736508501008,23.21094076527709,23.443050172929862,22.388841352952316,0.4429849665621182,0.2895388104851948,0.449675818913926,0.4533626229740276,23.443050172929862,0.1831725954829823,0.6277833687026375,0.44922052724737116,0.1831725954829823,0.6277833687026375,22.2128369250809,22.80283885335546,0.17442074572860994,-0.27019002749104526,-0.6402113195744015,-1.2302132478489618,False,True,0.0,0.0,0.6935111023796062,1.3870222047592125
2715,45.25,True,True,87.5046844356884,50.0,97.51784340109161,16.753226650637302,21.16821185204168,15.737324430507627,74.0,37.504684435688404,23.334416480264927,23.567760645067576,22.50783788921818,0.4411340787900625,0.2874104653468338,0.44778481128261666,0.45145267893555685,23.567760645067576,0.18093999060335822,0.6257565193441454,0.44733143424296035,0.18093999060335822,0.6257565193441454,22.331813242415922,22.921955717464975,0.1743038404085886,-0.27051268833219866,-0.645804927602601,-1.2359474026516537,False,True,0.0,0.0,0.6960080953665168,1.3920161907330335
2720,45.333333333333336,True,True,87.55154104309108,50.0,97.5345285936156,16.65718330680852,21.046797524758603,15.654674264779445,74.0,37.55154104309108,23.457943261276103,23.692522693888865,22.62688447994045,0.43929422152487313,0.28529931579405116,0.4459051366337948,0.4495541991336086,23.692522693888865,0.17871799140321076,0.623739764271884,0.4454536627501057,0.17871799140321076,0.623739764271884,22.450838783052284,23.041121541346193,0.17418556513827543,-0.27083620773039785,-0.6514011525426717,-1.2416839108365814,False,True,0.0,0.0,0.6985045080270317,1.3970090160540634
2725,45.416666666666664,True,True,87.59793984235931,50.0,97.55097632810735,16.561780030399035,20.926153851177162,15.572537097528894,74.0,37.59793984235931,23.581520124101587,23.817335325342604,22.74598016219924,0.4374653117857668,0.2832051884995156,0.4440367095347245,0.4476670970991745,23.817335325342604,0.17650651811603302,0.6217330250744548,0.443587127400906,0.17650651811603302,0.6217330250744548,22.569912599886678,23.160335379253983,0.1740659279752803,-0.2711605789831415,-0.6569999460886216,-1.2474227254559267,False,True,0.0,0.0,0.701000348688001,1.402000697376002
2730,45.5,True,True,87.6438857139292,50.0,97.56719028866246,16.467013828500612,20.806278416249427,15.49091053829413,74.0,37.643885713929194,23.70514610141808,23.942197562432263,22.86512398957033,0.4356472672703323,0.28112791257636466,0.4421794452459474,0.44579128704016513,23.942197562432263,0.17430549158563408,0.6197362239467377,0.44173174357424616,0.17430549158563408,0.6197362239467377,22.689033762059644,23.279596301675014,0.17394493690657253,-0.27148579545453105,-0.6626012607572491,-1.2531638003726187,False,True,0.0,0.0,0.703495625568714,1.406991251137428
2735,45.583333333333336,True,True,87.68938348410971,50.0,97.58317409635463,16.37288167257131,20.68716872428446,15.409792178948308,74.0,37.68938348410971,23.828820242523722,24.06710844494896,22.98431503186733,0.4338400063501374,0.2790673195326975,0.44033325971703374,0.44392668391498774,24.06710844494896,0.17211483333745362,0.6177492837612222,0.43988742729329716,0.17211483333745362,0.6177492837612222,22.808201354701367,23.398903395073646,0.17382259984623444,-0.2718118505775341,-0.6682050498753149,-1.2589070902475932,False,True,0.0,0.0,0.7059903467821883,1.4119806935643766
2740,45.666666666666664,True,True,87.7344379256565,50.0,97.59893131043631,16.27938050096995,20.56882220300892,15.329179595272848,74.0,37.73443792565649,23.952541613077674,24.192067029208452,23.103552374887506,0.4320434480663063,0.2770232432270417,0.43849806958229737,0.44207320332953715,24.192067029208452,0.16993446547987268,0.6157721279693351,0.4380540952694446,0.16993446547987268,0.6157721279693351,22.927414478681193,23.518255761641587,0.17369892463979797,-0.27213873784966447,-0.6738112675668653,-1.2646525505272592,False,True,0.0,0.0,0.7084845203364082,1.4169690406728164
2745,45.75,True,True,87.7790537583415,50.0,97.61446542951414,16.186507220075782,20.45123620570301,15.249070347316874,74.0,37.779053758341504,24.07630929484341,24.317072387791843,23.222835120161392,0.43025751212507174,0.27499551982477033,0.4366737921564708,0.4402307615813425,24.317072387791843,0.1677643107471856,0.613804680644428,0.4362316649022887,0.1677643107471856,0.613804680644428,23.04667225036067,23.637652519051045,0.17357391906308545,-0.2724664508341569,-0.6794198687407977,-1.2704001374311744,False,True,0.0,0.0,0.7109781541355816,1.4219563082711633
2750,45.833333333333336,True,True,87.8232356495185,50.0,97.6297798926996,16.09425870579841,20.33440801385369,15.16946198011378,74.0,37.823235649518494,24.20012238543576,24.442123609290118,23.34216238470586,0.4284821188933046,0.2729839877554514,0.43486034543034885,0.43839927565956716,24.442123609290118,0.16560429250006953,0.6118468664822639,0.43442005426500147,0.16560429250006953,0.6118468664822639,23.165973801350283,23.757092800211552,0.17344759082269678,-0.27279498315949763,-0.6850308090785653,-1.2761498079398343,False,True,0.0,0.0,0.7134712559813746,1.4269425119627492
2755,45.916666666666664,True,True,87.86698821468426,50.0,97.64487808073591,16.00263180519103,20.218334839937796,15.090352024505947,74.0,37.866988214684255,24.32397999807157,24.56721979805229,23.461533300780918,0.4267171893940233,0.27098848767110556,0.4330576480664003,0.43657866323029343,24.56721979805229,0.16345433471188248,0.6098986107873312,0.43261918211896955,0.16345433471188248,0.6098986107873312,23.28531827826956,23.87657575303021,0.17331994755703778,-0.27312432851841095,-0.6906440450220792,-1.2819015197827284,False,True,0.0,0.0,0.7159638335741456,1.4319276671482912
2760,46.0,True,True,87.91031601803545,50.0,97.65976331710108,15.911623337766784,20.103013829793085,15.011737997727053,74.0,37.910316018035445,24.447881261324053,24.692360073937294,23.580947015649883,0.42496264530188343,0.269008862405354,0.43126561939435143,0.4347688426512378,24.692360073937294,0.161314361983291,0.6079598394874876,0.43082896785522284,0.161314361983291,0.6079598394874876,23.404704842510824,23.996100540175533,0.17319099683624978,-0.27345448066794675,-0.6962595337617614,-1.28765523142647,False,True,0.0,0.0,0.7184558945141443,1.4369117890282885
2765,46.083333333333336,True,True,87.9532235730211,50.0,97.6744388690882,15.821230097442225,19.988442065828053,14.933617404550802,74.0,37.953223573021106,24.571825318880645,24.81754357206945,23.70040269134318,0.42321840893865365,0.2670449569334358,0.429484179406745,0.43296973291288854,24.81754357206945,0.1591842994860596,0.6060304790777646,0.42904933155300573,0.1591842994860596,0.6060304790777646,23.524132670006253,24.115666338844655,0.1730607461648761,-0.27378543342682893,-0.7018772332247956,-1.2934109020631972,False,True,0.0,0.0,0.7209474463027213,1.4418948926054427
2770,46.166666666666664,True,True,87.99571534289078,50.0,97.688907948863,15.731448853396557,19.874616568754305,14.855987737507036,74.0,37.995715342890776,24.695811329304412,24.942769442597456,23.819899504425454,0.4214844032686776,0.2650966183330753,0.4277132487544777,0.4311812536973685,24.942769442597456,0.1570640730201699,0.6041104566775033,0.4272801939504916,0.1570640730201699,0.6041104566775033,23.643600950998415,24.235272340533925,0.1729292029801348,-0.2741171806771986,-0.707497102063531,-1.2991684915990405,False,True,0.0,0.0,0.723438496343519,1.446876992687038
2775,46.25,True,True,88.03779574123816,50.0,97.70317371449953,15.642276351694164,19.76153430034219,14.778846477782196,74.0,38.037795741238156,24.819838465798945,25.068036850456934,23.939436645766172,0.41976055189432404,0.2631636957461818,0.425952748742315,0.4294033253490034,25.068036850456934,0.15495360898593633,0.6021997000024856,0.4255214764154971,0.15495360898593633,0.6021997000024856,23.763108889814074,24.35491775081286,0.1727963746534822,-0.27444971636306703,-0.713119099644075,-1.3049279606428605,False,True,0.0,0.0,0.7259290519436505,1.451858103887301
2780,46.333333333333336,True,True,88.07946913254024,50.0,97.71723927099428,15.55370931686629,19.649192166111646,14.702191096101075,74.0,38.07946913254024,24.943905915976675,25.19334497513644,24.05901332031347,0.4180467790514286,0.2612460403413606,0.4242026013243907,0.4276358688448909,25.19334497513644,0.15285283435611638,0.6002981373370602,0.4237731010040534,0.15285283435611638,0.6002981373370602,23.88265570464138,24.474601789101428,0.17266226849216926,-0.2747830344887745,-0.7187431860350131,-1.310689270495061,False,True,0.0,0.0,0.7284191203148602,1.4568382406297204
2785,46.416666666666664,True,True,88.12073983269202,50.0,97.73110767125924,15.465744452697578,19.53758701693674,14.626019052926068,74.0,38.120739832692024,25.0680128816306,25.318693010446907,24.178628746871404,0.4163430096047274,0.2593435052772201,0.42246272909969124,0.425878805853763,25.318693010446907,0.15076167673301805,0.5984056975912645,0.42203499038719205,0.15076167673301805,0.5984056975912645,24.002240627310268,24.59432368845055,0.17252689173750152,-0.27511712912074493,-0.7243693219963561,-1.3164523831366388,False,True,0.0,0.0,0.7309087085746907,1.4618174171493814
2790,46.5,True,True,88.16161210953656,50.0,97.74478191709434,15.378378444131897,19.42671565215616,14.550327799654625,74.0,38.16161210953656,25.192158578509318,25.444080164294412,24.298282157880408,0.41464916904328536,0.25745594566645474,0.42073305530752547,0.4241320586624079,25.444080164294412,0.1486800642781023,0.5965223102304443,0.4203070678655877,0.1486800642781023,0.5965223102304443,24.121862903076075,24.714082695325825,0.17239025156803645,-0.27545199438430557,-0.7299974689685875,-1.3222172612183378,False,True,0.0,0.0,0.7333978237476113,1.4667956474952226
2795,46.583333333333336,True,True,88.20209018339055,50.0,97.7582649601398,15.291607958377199,19.31657482158998,14.475114779129171,74.0,38.20209018339055,25.31634223609539,25.569505658456347,24.41797279920095,0.41296518347592226,0.25558321854068833,0.4190135038229847,0.42239555019038566,25.569505658456347,0.14660792572658146,0.5946479052898658,0.418589257398844,0.14660792572658146,0.5946479052898658,24.24152179040636,24.833878069394462,0.17225235509948011,-0.2757876244638042,-0.7356275890618846,-1.3279838680499871,False,True,0.0,0.0,0.7358864727661627,1.4717729455323254
2800,46.666666666666664,True,True,88.24217822756532,50.0,97.77155970280877,15.205429645865976,19.207161227351648,14.400377426033813,74.0,38.24217822756532,25.44056309738697,25.69496872836084,24.537699929900413,0.41129097962663524,0.2537251828160593,0.41730399915239375,0.4206692040194594,25.69496872836084,0.14454519041618108,0.5927824134034927,0.41688148359085064,0.14454519041618108,0.5927824134034927,24.361216560770828,24.953709083315307,0.1721132093840333,-0.2761240136032783,-0.7412596450455347,-1.3337521675900135,False,True,0.0,0.0,0.7383746624720756,1.4767493249441512
2805,46.75,True,True,88.28188036888317,50.0,97.78466899920078,15.11984014156559,19.098471526124243,14.326113167613087,74.0,38.281880368883165,25.56482041868261,25.820468622869438,24.657462822043065,0.40962648483002134,0.2518816992595327,0.4156044664287541,0.4189529443788797,25.820468622869438,0.1424917882733966,0.5909257657902589,0.415183671616569,0.1424917882733966,0.5909257657902589,24.480946498434378,25.07357502253197,0.1719728214113792,-0.2764611561054831,-0.7468936003374687,-1.3395221244350601,False,True,0.0,0.0,0.7408623996173747,1.4817247992347493
2810,46.833333333333336,True,True,88.32120068818914,50.0,97.79759565599622,15.034836066738634,18.990502332037508,14.252319424802863,74.0,38.32120068818914,25.689113469369275,25.946004604062967,24.777260760483173,0.40797162702670264,0.25005263045592196,0.4139148314071833,0.4172466960718066,25.946004604062967,0.14044764974307986,0.5890778941836695,0.4134957473391751,0.14044764974307986,0.5890778941836695,24.600710900253148,25.193475185069012,0.17183119811186293,-0.27679904632872676,-0.7525294189939551,-1.3452937038098192,False,True,0.0,0.0,0.7433496908654789,1.4866993817309577
2815,46.916666666666664,True,True,88.36014322085816,50.0,97.81034243333256,14.950414029088492,18.88325021734923,14.178993611950759,74.0,38.36014322085816,25.813441531713444,26.071575947030578,24.89709304266108,0.4063263347587529,0.24823784077560426,0.4122350204603508,0.41555038459303434,26.071575947030578,0.1384127059021881,0.5872387309455641,0.4118176371782738,0.1384127059021881,0.5872387309455641,24.72050907547363,25.313408881331124,0.17168834635252977,-0.27713767869084627,-0.7581670656994532,-1.3510668715569487,False,True,0.0,0.0,0.7458365427922881,1.4916730855845761
2820,47.0,True,True,88.39871195729758,50.0,97.82291204566253,14.866570624946831,18.77671171588233,14.106133138351481,74.0,38.39871195729758,25.93780390065536,26.197181939661913,25.01695897840238,0.40469053716512865,0.24643719634291486,0.41056496057391134,0.41386393599655097,26.197181939661913,0.13638688833269585,0.5854082089390437,0.410149268212399,0.13638688833269585,0.5854082089390437,24.840340345534717,25.433375433905297,0.1715442729424927,-0.2774770476638551,-0.7638065057566159,-1.3568415941271965,False,True,0.0,0.0,0.7483229618872593,1.4966459237745187
2825,47.083333333333336,True,True,88.43691084344499,50.0,97.83530716259462,14.783302439494364,18.670883323791074,14.033735408059897,74.0,38.43691084344499,26.06219988360625,26.322821882442312,25.136857889720005,0.40306416397710665,0.24465056500520474,0.4089045793419386,0.41218727699854757,26.322821882442312,0.13437012922116817,0.5835862616280589,0.40849056809115614,0.13437012922116817,0.5835862616280589,24.9602040438727,25.553374177365885,0.17139898462951136,-0.2778171477773794,-0.769447705076427,-1.3626178385696122,False,True,0.0,0.0,0.7508089545544658,1.5016179091089317
2830,47.166666666666664,True,True,88.4747437812615,50.0,97.84753040971647,14.700606048517713,18.56576150239775,13.961797821073517,74.0,38.474743781261495,26.186628800248616,26.448495088251104,25.256789110619295,0.4014471455137276,0.2428778163025471,0.4072538049623622,0.4105203348891246,26.448495088251104,0.13236236127416545,0.5817728229928292,0.4068414651084368,0.13236236127416545,0.5817728229928292,25.0800995157291,25.673404458082583,0.17125248810370458,-0.27815797361495914,-0.7750906301685205,-1.3683955725220045,False,True,0.0,0.0,0.7532945271136486,1.5065890542272973
2835,47.25,True,True,88.51221462922032,50.0,97.85958436940138,14.618478018828625,18.461342679210176,13.89031777334533,74.0,38.512214629220324,26.311089982339443,26.574200882162838,25.37675198690584,0.399839412677248,0.24111882143807756,0.4056125662324049,0.40886303760587,26.574200882162838,0.13036351778947522,0.5799678276010884,0.40520188811456137,0.13036351778947522,0.5799678276010884,25.200026117961446,25.79346563403127,0.17110478999521844,-0.27849951981639476,-0.7807352481315668,-1.374174764201392,False,True,0.0,0.0,0.755779685801266,1.511559371602532
2840,47.333333333333336,True,True,88.5493272027908,50.0,97.87147158159833,14.536914909953296,18.357623250650505,13.819292657932934,74.0,38.549327202790806,26.435582773516355,26.699938601251517,25.49674587599636,0.3982408969486017,0.23937345324895484,0.403980792544026,0.4072153136455654,26.699938601251517,0.12837353257150813,0.578171210523496,0.4035717665748507,0.12837353257150813,0.578171210523496,25.319983218856784,25.91355707460761,0.17095589687793056,-0.27884178107405727,-0.7863815266439076,-1.3799553823947335,False,True,0.0,0.0,0.7582644367715137,1.5165288735430273
2845,47.416666666666664,True,True,88.58608527491769,50.0,97.883194544606,14.45591327461996,18.25459958314849,13.748719865096007,74.0,38.58608527491769,26.560106529106633,26.8257075943977,25.616770146732197,0.3966515303828719,0.23764158617792727,0.4023584138793707,0.40557709212304877,26.8257075943977,0.12639233998835564,0.576382907390708,0.40195103055498294,0.12639233998835564,0.576382907390708,25.43997019794798,26.03367816044347,0.1708058152676592,-0.2791847521346931,-0.7920294339542302,-1.38573739644972,False,True,0.0,0.0,0.7607487860973454,1.5214975721946908
2850,47.5,True,True,88.62249257649589,50.0,97.89475571583097,14.375469659810719,18.15226801499081,13.678596782904904,74.0,38.62249257649589,26.684660615939116,26.951507222098506,25.73682417919572,0.39507124560477436,0.23592309624549232,0.4007453608062259,0.4039483027564984,26.951507222098506,0.12441987495801105,0.5746028543796132,0.40033961067706514,0.12441987495801105,0.5746028543796132,25.559986445832788,26.15382828322606,0.17065455162311483,-0.27952842779848736,-0.7976789388724477,-1.3915207762657182,False,True,0.0,0.0,0.7632327397714811,1.5264654795429622
2855,47.583333333333336,True,True,88.65855279684054,50.0,97.90615751253053,14.29558060800855,18.050624858426474,13.608920798034603,74.0,38.65855279684054,26.809244412158858,27.077336856280446,25.856907364529423,0.3934999758041535,0.23421786102263548,0.39914156447348437,0.4023288758232866,27.077336856280446,0.12245607290625318,0.5728309881712301,0.39873743816356183,0.12245607290625318,0.5728309881712301,25.680031363995585,26.274006845519768,0.17050211234794355,-0.2798728029170334,-0.8033300107606784,-1.3973054922848611,False,True,0.0,0.0,0.7657163037074014,1.5314326074148028
2860,47.666666666666664,True,True,88.69426958415256,50.0,97.91740231254046,14.2162426577339,17.94966640080277,13.539689295939382,74.0,38.694269584152565,26.933857307044587,27.203195880115032,25.977019104757677,0.39193765473149195,0.23252575960413546,0.3975469566066192,0.4007187422041261,27.203195880115032,0.12050086980952546,0.5710672459936003,0.3971444448226521,0.12050086980952546,0.5710672459936003,25.800104364631753,26.394213260590657,0.17034850378947414,-0.28021787239460066,-0.8089826195243752,-1.403091515483279,False,True,0.0,0.0,0.7681994837403358,1.5363989674806715
2865,47.75,True,True,88.72964654597958,50.0,97.92849245498813,14.137452344516944,17.849388906282712,13.470899661424895,74.0,38.72964654597958,27.058498700828878,27.329083687837166,26.097158812611205,0.3903842166934346,0.23084667258242383,0.3959614695031675,0.3991178333683547,27.329083687837166,0.11855420218114524,0.5693115656080113,0.39556056300430104,0.11855420218114524,0.5693115656080113,25.920204870474734,26.514446952233573,0.17019373223965661,-0.2805636311872095,-0.8146367356035924,-1.4088788173624316,False,True,0.0,0.0,0.7706822856282373,1.5413645712564745
2870,47.833333333333336,True,True,88.76468724967219,50.0,97.93943024099113,14.05920620206065,17.749788617813806,13.402549279401256,74.0,38.76468724967219,27.18316800452103,27.45499968456624,26.217325911354152,0.38883959654832767,0.22918048202198593,0.3943850360282275,0.39752608132978823,27.45499968456624,0.11661600702917518,0.5675638852668821,0.39398572565883117,0.11661600702917518,0.5675638852668821,26.04033231462567,26.6347073546019,0.17003780393709383,-0.28091007430061304,-0.8202923299643388,-1.4146673699405703,False,True,0.0,0.0,0.7731647150527403,1.5463294301054806
2875,47.916666666666664,True,True,88.79939522283578,50.0,97.95021793434191,13.981500762601868,17.650861758003032,13.334635534933142,74.0,38.799395222835784,27.307864639732568,27.580943286129894,26.337519834613786,0.3873037297017744,0.2275270714342914,0.39281758960996704,0.39594341870558314,27.580943286129894,0.11468622191345804,0.5658241437708109,0.3924198662637082,0.11468622191345804,0.5658241437708109,26.16048614038551,26.754993912039748,0.16988072506522778,-0.28125719679212513,-0.8259493740901469,-1.4204571457443862,False,True,0.0,0.0,0.7756467776201127,1.5512935552402254
2880,48.0,True,True,88.8337739537778,50.0,97.9608577621785,13.904332558244349,17.552604531300503,13.267155814165108,74.0,38.83377395377779,27.432588038505404,27.706913918890457,26.457740026212626,0.3857765521022077,0.22588632575324227,0.39125906423514584,0.3943697786426583,27.706913918890457,0.11276478487514668,0.5640922803981199,0.3908629188674695,0.11276478487514668,0.5640922803981199,26.280665801089746,26.875306078916775,0.16972250175546155,-0.28160499376751164,-0.8316078399736817,-1.4262481178007107,False,True,0.0,0.0,0.7781284788622133,1.5562569577244265
2885,48.083333333333336,True,True,88.86782689195033,50.0,97.97135191564202,13.827698121384898,17.455013124947854,13.200107504449477,74.0,38.86782689195033,27.55733764314255,27.832911019573974,26.57798594000326,0.38425800023647994,0.22425813131112787,0.3897093944446535,0.392805094861842,27.832911019573974,0.11085163447956442,0.562368234947728,0.3893148181043671,0.11085163447956442,0.562368234947728,26.400870759945597,26.995643319465465,0.16956314008588602,-0.2819534603822776,-0.8372677001085087,-1.4320402596283763,False,True,0.0,0.0,0.7806098242373964,1.5612196484747929
2890,48.166666666666664,True,True,88.90155744838843,50.0,97.98170255052074,13.751593985346048,17.358083710199097,13.133487994667078,74.0,38.90155744838843,27.68211290604138,27.958934035101795,26.69825703970553,0.3827480111254721,0.2226423758150741,0.38816851532906127,0.39124930167258753,27.958934035101795,0.10894670983072824,0.560651947753688,0.3877754991065103,0.10894670983072824,0.560651947753688,26.521100489871593,27.116005107620783,0.16940264608110045,-0.2823025918418593,-0.8429289274810117,-1.4378335452302018,False,True,0.0,0.0,0.7830908191314573,1.5661816382629146
2895,48.25,True,True,88.9349689961438,50.0,97.99191178788146,13.676016685732051,17.26181244451368,13.067294676203531,74.0,38.934968996143795,27.806913289529415,28.08498242242471,26.81855279874619,0.3812465223197209,0.22103894832397714,0.38663636252419187,0.38970233388467934,28.08498242242471,0.1070499504867008,0.5589433596005515,0.3862448975917232,0.1070499504867008,0.5589433596005515,26.64135447333961,27.23639092686234,0.16924102571587218,-0.28265238339797855,-0.848591495562367,-1.4436279490850978,False,True,0.0,0.0,0.7855714688585348,1.5711429377170696
2900,48.333333333333336,True,True,88.96806487071392,50.0,98.00198171468824,13.600962760475241,17.166195471969473,13.001524942765641,74.0,38.96806487071392,27.931738265702563,28.21105564835959,26.938872700100976,0.3797534718950666,0.21944773922591007,0.3851128722067042,0.3881641268965268,28.21105564835959,0.10516129654493878,0.5572424118087309,0.38472294979032995,0.10516129654493878,0.5572424118087309,26.761632202219317,27.35680027005887,0.1690782849122041,-0.283002830351588,-0.8542553783007207,-1.4494234461402726,False,True,0.0,0.0,0.788051778661995,1.57610355732399
2905,48.416666666666664,True,True,89.00084837046703,50.0,98.0119143844088,13.526428751036207,17.071228925230855,12.936176191237067,74.0,39.000848370467025,28.056587316265826,28.337153189428484,27.059216236139093,0.3782687984483204,0.21786864021599245,0.3835979810896979,0.38663461662158627,28.337153189428484,0.10328068857180506,0.5555490461640241,0.3832095924890837,0.10328068857180506,0.5555490461640241,26.881933177624926,27.477232639315062,0.16891442954243785,-0.2833539280497812,-0.8599205501134222,-1.4552200118035579,False,True,0.0,0.0,0.7905317537153524,1.581063507430705
2910,48.5,True,True,89.03332275706236,50.0,98.02171181760879,13.452411202733018,16.97690892633112,12.871245821764433,74.0,39.033322757062365,28.181459932376395,28.463274531700158,27.179582908469996,0.3767924410929538,0.21630154427471202,0.38209162641833533,0.3851137395325077,28.463274531700158,0.10140806764540877,0.5538632049604691,0.3817047629872377,0.10140806764540877,0.5538632049604691,27.002256909764256,27.597687545820783,0.16874946542796143,-0.28370567188709894,-0.865586985879375,-1.461017621935902,False,True,0.0,0.0,0.7930113991231185,1.586022798246237
2915,48.583333333333336,True,True,89.06549125586623,50.0,98.0313760025345,13.378906665679779,16.883231588273006,12.806731238396978,74.0,39.065491255866235,28.306355614489103,28.589419170633995,27.29997222779252,0.3753243394548078,0.21474634564668932,0.3805937459654832,0.383601432616988,28.589419170633995,0.09954337531344382,0.5521848309581932,0.3802083991111886,0.09954337531344382,0.5521848309581932,27.122602917790093,27.718164509702437,0.16858339834120517,-0.28405805730354416,-0.8712546609315588,-1.466816252843902,False,True,0.0,0.0,0.7954907199216895,1.590981439843379
2920,48.666666666666664,True,True,89.0973570563636,50.0,98.04090889568378,13.305911695284706,16.79019301602628,12.74262984934036,74.0,39.097357056363606,28.431273872204265,28.71558661092631,27.420383713746265,0.3738644336678256,0.21320293981987434,0.37910427802737334,0.3820976333924864,28.71558661092631,0.09768655360768805,0.5505138673979265,0.3787204392437616,0.09768655360768805,0.5505138673979265,27.242970729653827,27.83866305987672,0.1684162340054401,-0.2844110797847984,-0.8769235510495896,-1.4726158812724819,False,True,0.0,0.0,0.7979697210802004,1.5959394421604007
2925,48.75,True,True,89.12892331256539,50.0,98.05031242236589,13.233422852632941,16.69778930736308,12.678939067114527,74.0,39.12892331256539,28.556214224117767,28.841776366358946,27.54081689476527,0.3724126643698067,0.21167122350516643,0.37762316141928426,0.38060227993565604,28.841776366358946,0.09583754507266723,0.5488502580296795,0.37724082225099664,0.09583754507266723,0.5488502580296795,27.363359881961244,27.959182733906484,0.16824797809402342,-0.2847647348629888,-0.8825936324524619,-1.4784164843977017,False,True,0.0,0.0,0.8004484075013707,1.6008968150027414
2930,48.833333333333336,True,True,89.16019314341142,50.0,98.05958847725013,13.161436705560575,16.606016554622443,12.61565630933967,74.0,39.16019314341142,28.681176197673484,28.96798795965022,27.661271307933866,0.37096897269818424,0.21015109461644793,0.37615033547124427,0.3791153108087656,28.96798795965022,0.0939962926951482,0.5471939470422468,0.3757694875260768,0.0939962926951482,0.5471939470422468,27.483769919830564,28.079723077858887,0.16807863623348118,-0.2851190181136174,-0.8882648817913328,-1.4842180398196554,False,True,0.0,0.0,0.8029267840223482,1.6058535680446964
2935,48.916666666666664,True,True,89.19116963316915,50.0,98.06873892490393,13.089949828892415,16.514870845336546,12.55277899877963,74.0,39.19116963316915,28.80615932901789,29.09422092230807,27.781746498844726,0.3695333002858256,0.20864245225102196,0.37468574002375393,0.37763666510384614,29.09422092230807,0.09216273994696084,0.5455448791060431,0.3743063749600424,0.09216273994696084,0.5455448791060431,27.604200396752613,28.200283646165577,0.16790821400219696,-0.2854739251568853,-0.8939372761424949,-1.4900205255554582,False,True,0.0,0.0,0.8054048554155412,1.6108097108310824
2940,49.0,True,True,89.22185583182805,50.0,98.07776560032008,13.018958805168452,16.4243482635125,12.490304563831401,74.0,39.22185583182805,28.93116316285692,29.220474794485487,27.902242021459095,0.3681055892568565,0.20714519667044592,0.3732293154235337,0.37616628241326,29.220474794485487,0.09033683075698384,0.5439029993451019,0.37285142497107704,0.09033683075698384,0.5439029993451019,27.724650874453108,28.320864001485113,0.1677367169318419,-0.28582945165627616,-0.8996107930003738,-1.4958239200323789,False,True,0.0,0.0,0.8078826263894258,1.6157652527788515
2945,49.083333333333336,True,True,89.25225475548982,50.0,98.08667030943393,12.948460224952555,16.334444890342468,12.428230438646011,74.0,39.252254755489815,29.056187252314977,29.346749124838126,28.022757437969112,0.3666857822225092,0.20565922928175173,0.37178100251929086,0.3747041028591321,29.346749124838126,0.08851850953979429,0.542268253365736,0.37140457847522157,0.08851850953979429,0.542268253365736,27.84512092275706,28.441463714567444,0.16756415050660395,-0.2861855933193378,-0.9052854102706824,-1.501628202081065,False,True,0.0,0.0,0.8103601015893696,1.620720203178739
2950,49.166666666666664,True,True,89.28236938675438,50.0,98.09545482963024,12.878450687521024,16.24515680542214,12.366554063598144,74.0,39.28236938675438,29.18123115879611,29.47304347038407,28.143292318662255,0.36527382227699523,0.20418445261904422,0.37034074265751177,0.37325006706391833,29.47304347038407,0.08670772116764547,0.5406405872285298,0.36996577685708876,0.08670772116764547,0.5406405872285298,27.96561011945523,28.56208236412039,0.16739052016461148,-0.28654234589627287,-0.9109611062636809,-1.5074333509288387,False,True,0.0,0.0,0.8128372855984268,1.6256745711968537
2955,49.25,True,True,89.31220267510174,50.0,98.10412091024038,12.808926801525118,16.15648008792813,12.305272885739612,74.0,39.312202675101744,29.306294451847307,29.599357396365782,28.26384624178781,0.36386965299340246,0.20272077032546928,0.3689084776782752,0.3718041161209749,29.599357396365782,0.08490441094244244,0.5390199474203256,0.36853496202843417,0.08490441094244244,0.5390199474203256,28.08611805017263,28.68271953667828,0.16721583129935064,-0.28689970517853247,-0.9166378596875013,-1.5132393461931528,False,True,0.0,0.0,0.8153141829381266,1.6306283658762533
2960,49.333333333333336,True,True,89.34175753726967,50.0,98.1126702730296,12.739885185055442,16.068410816979963,12.244384358720296,74.0,39.34175753726967,29.431376709023866,29.725690476114103,28.384418793425453,0.36247321841961727,0.2012680871355439,0.3674841499110916,0.3703661916534202,29.725690476114103,0.08310852465271279,0.5374062809112068,0.3671120763842282,0.08310852465271279,0.5374062809112068,28.206644308239014,28.80337482647249,0.16704008925778657,-0.28725766700070743,-0.9223156496416145,-1.5190461678750893,False,True,0.0,0.0,0.8177907980692616,1.6355815961385232
2965,49.416666666666664,True,True,89.37103685762729,50.0,98.12110461267505,12.67132246637118,15.980945072896489,12.183885943314479,74.0,39.37103685762729,29.556477515756825,29.852042290914394,28.50500956735575,0.3610844630742723,0.19982630885783967,0.3660677021707641,0.36893623576998835,29.852042290914394,0.0813200085314093,0.5357995351123139,0.36569706277336994,0.0813200085314093,0.5357995351123139,28.32718849456139,28.924047835304012,0.16686329934232558,-0.28761622723857905,-0.9279944556103814,-1.5248537963530033,False,True,0.0,0.0,0.820267135392654,1.640534270785308
2970,49.5,True,True,89.4000434885446,50.0,98.12942559723454,12.603235284506454,15.89407893828033,12.123775107843215,74.0,39.4000434885446,29.681596465222412,29.978412429874638,28.625618164932703,0.3597033319427189,0.19839534235801207,0.3646590777532758,0.36751419103559785,29.978412429874638,0.0795388092278736,0.534199657847819,0.3642898645719015,0.0795388092278736,0.534199657847819,28.447750217498395,29.044738172417965,0.16668546681222113,-0.28797538180772425,-0.9336742574566728,-1.5306622123762423,False,True,0.0,0.0,0.8227431992499217,1.6454863984998434
2975,49.583333333333336,True,True,89.42878025075795,50.0,98.13763486860601,12.535620289199471,15.807808498180279,12.064049327990972,74.0,39.42878025075795,29.806733158213543,30.10480048979568,28.74624419495818,0.35832977047302655,0.19697509554216847,0.363258220431701,0.3661000005449296,30.10480048979568,0.07776487387896402,0.5326065974260659,0.362890425609794,0.07776487387896402,0.5326065974260659,28.568329092736736,29.165445454380016,0.16650659688113628,-0.28833512666596556,-0.9393550354156623,-1.5364713970589428,False,True,0.0,0.0,0.8252189939242321,1.6504379878484643
2980,49.666666666666664,True,True,89.45724993373152,50.0,98.14573404297843,12.468474141754157,15.72212984151082,12.004706087470254,74.0,39.45724993373152,29.93188720301321,30.231206075043342,28.866887273558376,0.35696372457200665,0.1955654773405665,0.36186507445214044,0.36469360784884886,30.231206075043342,0.07599815003851434,0.5310203025690422,0.36149869017094716,0.07599815003851434,0.5310203025690422,28.68892474316937,29.286169304954715,0.16632669472019335,-0.2886954578103345,-0.9450367700886275,-1.5422813318739728,False,True,0.0,0.0,0.8276945236410445,1.655389047282089
2985,49.75,True,True,89.48545529601482,50.0,98.15372471127388,12.401793515406368,15.637039061795235,11.945742878244886,74.0,39.48545529601482,30.05705821526989,30.35762879742259,28.987547024062042,0.3556051406012637,0.19416639769163616,0.360479584529683,0.3632949569544053,30.35762879742259,0.07423858567762026,0.5294407224126757,0.3601146030371183,0.07423858567762026,0.5294407224126757,28.80953679877566,29.406909354985697,0.16614576545827042,-0.289056371276785,-0.9507194424368919,-1.5480919986469281,False,True,0.0,0.0,0.8301697925688587,1.6603395851377174
2990,49.833333333333336,True,True,89.5133990655962,50.0,98.1616084395811,12.335575095402334,15.552532257514756,11.887157200497882,74.0,39.513399065596204,30.182245817874808,30.484068276053556,29.108223076880677,0.35425396537327214,0.19277776752631812,0.3591016958443932,0.36190399236897974,30.484068276053556,0.07248612922742481,0.5278678065496323,0.35873810945863627,0.07248612922742481,0.5278678065496323,28.930164896503342,29.527665242277685,0.16596381418065254,-0.28941786314155493,-0.9564030337758709,-1.5539033795502135,False,True,0.0,0.0,0.8326448048199192,1.6652896096398384
2995,49.916666666666664,True,True,89.54108394025258,50.0,98.16938676958087,12.269815579528242,15.468605533063027,11.828946563012735,74.0,39.54108394025258,30.30744964084113,30.61052413724954,29.228915069390514,0.3529101461474802,0.19139949875271176,0.3577313540373229,0.3605206590708531,30.61052413724954,0.07074072955106586,0.5263015050012767,0.35736915509583017,0.07074072955106586,0.5263015050012767,29.050808680152265,29.648436611480356,0.16578084593042358,-0.28977992951978726,-0.962087525769185,-1.5597154570972762,False,True,0.0,0.0,0.8351195644509614,1.6702391289019227
3000,50.0,True,True,89.56851258789506,50.0,98.17706121896312,12.204511678797274,15.385254999908327,11.771108483703387,74.0,39.56851258789506,30.432669321184992,30.73699601439684,29.34962264581631,0.3515736306264393,0.19003150424102563,0.3563685052065498,0.3591449024503436,30.73699601439684,0.06900233588728716,0.524741768161293,0.35600768613617223,0.06900233588728716,0.524741768161293,29.17146780026002,29.769223113974,0.16559686571094945,-0.2901425665630564,-0.9677729004228404,-1.565528214136819,False,True,0.0,0.0,0.8375940754638925,1.675188150927785
3005,50.083333333333336,True,True,89.59568764691102,50.0,98.18463328183623,12.139660117037934,15.302476776264825,11.713640489152795,74.0,39.59568764691102,30.557904502808373,30.863483547836456,29.470345457117013,0.350244366951962,0.18867369780882398,0.35501309590324237,0.3577766684275321,30.863483547836456,0.06727089796404595,0.5231885469093052,0.3546536491771349,0.06727089796404595,0.5231885469093052,29.29214191398922,29.890024407756865,0.16541187848177308,-0.29050577046348613,-0.9734591400795907,-1.5713416338472364,False,True,0.0,0.0,0.840068341806525,1.68013668361305
3010,50.166666666666664,True,True,89.6226117265021,50.0,98.19210442912839,12.075257631916855,15.220266988699521,11.656540115456977,74.0,39.6226117265021,30.68315483638376,30.9899863847476,29.59108316087304,0.34892230370130456,0.18732599420656276,0.35366507312774953,0.3564159033345368,30.9899863847476,0.0655463658854522,0.5216417924978277,0.35330699125547654,0.0655463658854522,0.5216417924978277,29.41283068501655,30.010840157334357,0.1652258891632909,-0.2908695374490846,-0.9791462274132421,-1.5771556997310476,False,True,0.0,0.0,0.8425423673732393,1.6850847347464786
3015,50.25,True,True,89.64928740701859,50.0,98.19947610898147,12.011300975038921,15.138621772486289,11.599804908237601,74.0,39.64928740701859,30.80841997924062,31.11650417903303,29.711835421175454,0.3476073898833779,0.18598830910340902,0.3523243843257193,0.35506255394494474,31.11650417903303,0.06382869016036818,0.5201014565808764,0.3519676598911701,0.06382869016036818,0.5201014565808764,29.533533783423632,30.131670033609822,0.16503890263593163,-0.29123386378457655,-0.984834145423207,-1.5829703956093972,False,True,0.0,0.0,0.8450161560056868,1.6900323120113736
3020,50.333333333333336,True,True,89.67571724029003,50.0,98.20674974713735,11.947786911956413,15.057537271832402,11.543432422575378,74.0,39.67571724029003,30.933699595253604,31.24303659120614,29.83260190851673,0.3462995749349857,0.1846605590733368,0.3509909773842416,0.35371656751795855,31.24303659120614,0.062117821745174995,0.5185674912567465,0.3506356029995459,0.062117821745174995,0.5185674912567465,29.654250885589413,30.25251371377714,0.16485092373878796,-0.29159874577278355,-0.9905228774289974,-1.5887857056167256,False,True,0.0,0.0,0.8474897114934635,1.694979422986927
3025,50.416666666666664,True,True,89.70190374995205,50.0,98.21392674731702,11.884712222955685,14.977009641152165,11.487420223655064,74.0,39.70190374995205,31.058993354732486,31.369583288279813,29.953382299683277,0.34499880871708877,0.18334266158149462,0.3496648006280188,0.35237789171010264,31.369583288279813,0.06041371195903378,0.5170398489832858,0.34931076897914864,0.06041371195903378,0.5170398489832858,29.774981674084326,30.373370881214893,0.16466195727318317,-0.29196417975106886,-0.9962124070649203,-1.5946016141954864,False,True,0.0,0.0,0.8499630375747707,1.6999260751495413
3030,50.5,True,True,89.72784943176966,50.0,98.2210084915924,11.822073702779647,14.897035044896626,11.431765886446584,74.0,39.727849431769656,31.184300934313814,31.496143943656953,30.07417627764961,0.3437050415110974,0.18203453497083702,0.34834580281556343,0.35104647466351707,31.496143943656953,0.05871631256914406,0.5155184826631628,0.3479931066385234,0.05871631256914406,0.5155184826631628,29.895725837566072,30.494241225382208,0.16447200799964573,-0.292330162094373,-1.0019027182747458,-1.6004181060908813,False,True,0.0,0.0,0.8524361379370834,1.7048722758741668
3035,50.583333333333336,True,True,89.75355675395673,50.0,98.22799634075135,11.759868161298414,14.817609658661624,11.3764669962533,74.0,39.75355675395673,31.309622016854235,31.622718237022777,30.19498353147414,0.3424182240151893,0.18073609844901622,0.3470339331354214,0.3497222649323794,31.622718237022777,0.05702557572016681,0.5140033455733029,0.3466825652108583,0.05702557572016681,0.5140033455733029,30.01648307067699,30.615124441716198,0.16428108064092345,-0.2926966892122126,-1.0075937953065797,-1.6062351663457868,False,True,0.0,0.0,0.8549090162177962,1.7098180324355925
3040,50.666666666666664,True,True,89.77902815749205,50.0,98.23489163465571,11.698092423642706,14.738729669564819,11.321521148775247,74.0,39.77902815749205,31.434956291325467,31.74930585423872,30.315803756196594,0.3411383073406576,0.17944727207552674,0.3457291412024244,0.34840521149762027,31.74930585423872,0.05534145394864287,0.5124943913793165,0.34537909436862724,0.05534145394864287,0.5124943913793165,30.137253073943043,30.736020231531022,0.16408917988169625,-0.2930637575489774,-1.0132856227076985,-1.6120527802956772,False,True,0.0,0.0,0.8573816760048707,1.7147633520097414
3045,50.75,True,True,89.80426605643169,50.0,98.24169569259261,11.636743330330717,14.66039127660953,11.266925950170048,74.0,39.804266056431686,31.560303452710926,31.875906487238037,30.436636652737032,0.33986524300828297,0.1781679767490983,0.3444313770539665,0.347095263781639,31.875906487238037,0.053663900197409575,0.5109915741499276,0.34408264419430457,0.053663900197409575,0.5109915741499276,30.258035553674368,30.856928301918508,0.16389631036828856,-0.29343136358422944,-1.0189781853195292,-1.617870933563669,False,True,0.0,0.0,0.8598541208374721,1.7197082416749443
3050,50.833333333333336,True,True,89.82927283821782,50.0,98.24840981361936,11.575817737637578,14.582590691372957,11.212679017338957,74.0,39.82927283821782,31.685663201903925,32.00251983392297,30.557481927796438,0.3385989829447362,0.176898134195331,0.3431405911463105,0.3457923716188725,32.00251983392297,0.05199286778751344,0.509494848328897,0.3427931651950076,0.05199286778751344,0.509494848328897,30.37883022186736,30.97784836565027,0.16370247671002452,-0.29379950383135905,-1.0246714682726967,-1.6236896120556068,False,True,0.0,0.0,0.8623263542065893,1.7246527084131786
3055,50.916666666666664,True,True,89.85405086398416,50.0,98.25503527690168,11.515312517699769,14.505324138331517,11.158777977974452,74.0,39.854050863984156,31.811035245607503,32.12914559806358,30.678339293758818,0.3373394794790048,0.17563766695456845,0.3418567343509206,0.3444964852705107,32.12914559806358,0.05032831043262104,0.5080041687494443,0.3415106082878538,0.05032831043262104,0.5080041687494443,30.49963679610831,31.098780141081416,0.16350768347893363,-0.29416817483788965,-1.0303654569821639,-1.6295088019552715,False,True,0.0,0.0,0.8647983795556695,1.729596759111339
3060,51.0,True,True,89.87860246885779,50.0,98.2615733420459,11.455224558777118,14.428587855395804,11.10522047075547,74.0,39.87860246885779,31.93641929623578,32.25578348919814,30.799208468594863,0.3360866853388492,0.17438649837000214,0.34057975795082096,0.343207555409781,32.25578348919814,0.048670182225091896,0.5065194906203327,0.3402349248146038,0.048670182225091896,0.5065194906203327,30.620454999478508,31.219723352055745,0.16331193521055176,-0.2945373731846891,-1.0360601371423925,-1.6353284897196296,False,True,0.0,0.0,0.8672702002812182,1.7345404005624363
3065,51.083333333333336,True,True,89.90292996225766,50.0,98.26802524942485,11.395550765338939,14.352378094203445,11.052004145385098,74.0,39.90292996225766,32.061815071816845,32.38243322253501,30.920089175767124,0.3348405536472859,0.17314455257600375,0.3393096136369825,0.34192553313666396,32.38243322253501,0.047018437650383604,0.5050407695402829,0.33896606649773275,0.047018437650383604,0.5050407695402829,30.74128456046086,31.340677727812377,0.1631152364036189,-0.29490709548628036,-1.0417554947226364,-1.6411486620741549,False,True,0.0,0.0,0.8697418197334091,1.7394836394668183
3070,51.166666666666664,True,True,89.92703562818963,50.0,98.27439222049767,11.336288058467446,14.27669112083747,10.999126662921825,74.0,39.92703562818963,32.187222295897186,32.50909451885616,31.040981144136616,0.3336010379190965,0.17191175448667947,0.33804625350473827,0.34065036993374637,32.50909451885616,0.04537303154478617,0.5035679614557202,0.33770398551364456,0.04537303154478617,0.5035679614557202,30.862125212847907,31.461643002893872,0.16291759152197388,-0.2952773383889602,-1.0474515159622868,-1.646969306008252,False,True,0.0,0.0,0.8722132412166894,1.7444264824333788
3075,51.25,True,True,89.95092172553812,50.0,98.28067545812382,11.277433375600424,14.201523215647498,10.946585695509143,74.0,39.95092172553812,32.31264069744762,32.635767104422094,31.16188410787089,0.3323680920573658,0.17068802978464107,0.3367896300502231,0.3393820177397993,32.635767104422094,0.04373391916648711,0.50210102273185,0.33644863437552885,0.04373391916648711,0.50210102273185,30.98297669565137,31.5826189170558,0.16271900499205066,-0.2956480985733122,-1.0531481873662933,-1.6527904087707235,False,True,0.0,0.0,0.8746844679903514,1.7493689359807028
3080,51.333333333333336,True,True,89.97459048835454,50.0,98.28687614687131,11.21898367131638,14.126870674476734,10.894378927062846,74.0,39.974590488354536,32.438070010770645,32.762450710878355,31.282797806353585,0.3311416703500456,0.16947330490999074,0.33553969616684354,0.33812042883205323,32.762450710878355,0.04210105608246767,0.5006399100395628,0.33519996603586155,0.04210105608246767,0.5006399100395628,31.103838753013033,31.703605215177728,0.16251948120750953,-0.29601937274958556,-1.058845495700627,-1.6586119578653218,False,True,0.0,0.0,0.8771555032691365,1.754311006538273
3085,51.416666666666664,True,True,89.99804412614229,50.0,98.29299545331908,11.160935916899447,14.052729808235682,10.842504052843708,74.0,39.99804412614229,32.56350997540928,32.88914507516338,31.40372198409538,0.329921727466547,0.16826750704951288,0.3342964051417717,0.3368655559292074,32.88914507516338,0.040474398267894285,0.4991845804548395,0.3339579338278327,0.040474398267894285,0.4991845804548395,31.22471113411701,31.824601647175506,0.16231902452563207,-0.29639115766131313,-1.0645434279878714,-1.6644339410463687,False,True,0.0,0.0,0.8796263502238024,1.7592527004476048
3090,51.5,True,True,90.02128482413858,50.0,98.29903452635415,11.103287100782069,13.97909694365903,10.790958779836771,74.0,40.021284824138576,32.68896033605737,33.01584993941795,31.524656390646257,0.32870821845435794,0.16707056412607024,0.33305971065247,0.33561735213256727,33.01584993941795,0.03885390204967715,0.49773499140231814,0.33272249147998995,0.03885390204967715,0.49773499140231814,31.345593593103505,31.94560796791511,0.16211763926975087,-0.2967634500828901,-1.0702419715028384,-1.6702563463144422,False,True,0.0,0.0,0.8820970119816852,1.7641940239633704
3095,51.583333333333336,True,True,90.04431474359296,50.0,98.30499449746297,11.046034228577014,13.905968423504035,10.739740826757483,74.0,40.04431474359296,32.81442084247118,33.14256505089589,31.645600780509305,0.32750109873568917,0.1658824047881988,0.3318295667632394,0.3343757709407601,33.14256505089589,0.03723952412085613,0.49629110066969073,0.3314935930869524,0.03723952412085613,0.49629110066969073,31.466485888983758,32.0666239371276,0.16191532972893063,-0.29713624681990397,-1.0759411137682875,-1.6760791619121314,False,True,0.0,0.0,0.8845674916272734,1.7691349832545469
3100,51.666666666666664,True,True,90.06713602204275,50.0,98.31087648101774,10.989174323336442,13.833340607052335,10.688847924268572,74.0,40.067136022042746,32.939891249382526,33.26929016187635,31.76655491305568,0.32630032410414733,0.16470295839989774,0.3306059279217982,0.33314076622030375,33.26929016187635,0.03563122151248571,0.4948528663796,0.33027119316798237,0.03563122151248571,0.4948528663796,31.587387785556498,32.18764931932572,0.16171210015929627,-0.29750954470781804,-1.0816408425506268,-1.6819023763198508,False,True,0.0,0.0,0.8870377922027562,1.7740755844055125
3105,51.75,True,True,90.08975077358514,50.0,98.31668157455732,10.932704425337477,13.761209869968638,10.638277814764422,74.0,40.08975077358514,33.06537131641314,33.396025029577274,31.887518552441108,0.32510585072143366,0.16353215503060992,0.3293887489558841,0.3319122922644692,33.396025029577274,0.03402895165051689,0.4934202470465294,0.32905524657912794,0.03402895165051689,0.4934202470465294,31.708299051325533,32.30868388372144,0.1615079547820602,-0.29788334061395233,-1.0873411458558309,-1.6877259782517413,False,True,0.0,0.0,0.8895079167085721,1.7790158334171442
3110,51.833333333333336,True,True,90.1121610891463,50.0,98.32241085906315,10.876621592633683,13.689572605191174,10.588028252862017,74.0,40.1121610891463,33.1908608079905,33.5227694160704,32.008491467523484,0.3239176351140706,0.1623699254453891,0.3281779850698873,0.330690303704987,33.5227694160704,0.032432672271010154,0.4919932014920288,0.32784570858643747,0.032432672271010154,0.4919932014920288,31.829219459418773,32.42972740414514,0.16130289778704182,-0.2982576314339768,-1.093042011925263,-1.6935499566516299,False,True,0.0,0.0,0.8919778681039453,1.7839557362078906
3115,51.916666666666664,True,True,90.13436903674734,50.0,98.32806539923016,10.820922900749721,13.618425222661173,10.538097005106238,74.0,40.134369036747344,33.31635949326486,33.64952308819751,32.12947343178196,0.3227356341701545,0.16121620109524967,0.3269735918415071,0.3294747555856248,33.64952308819751,0.03084234149117765,0.4905716889157652,0.32664253479274524,0.03084234149117765,0.4905716889157652,31.950148787508507,32.55077965896582,0.1610969333301404,-0.29863241409444713,-1.098743429231689,-1.699374300689005,False,True,0.0,0.0,0.894447649307432,1.788895298614864
3120,52.0,True,True,90.15637666176725,50.0,98.33364624373259,10.765605443134348,13.54776415007413,10.488481850375479,74.0,40.156376661767254,33.44186714602773,33.77628581748801,32.25046422323717,0.3215598051361352,0.16007091410769486,0.32577552521843733,0.3282656032886098,33.77628581748801,0.0292579177387578,0.4891556688249087,0.32544568119624273,0.0292579177387578,0.4891556688249087,32.07108681773286,32.67184043101273,0.16089006553629887,-0.299007685549852,-1.1044453864752768,-1.7051989997551473,False,True,0.0,0.0,0.896917263197443,1.793834526394886
3125,52.083333333333336,True,True,90.17818598720262,50.0,98.33915442548535,10.71066633092174,13.477585832692967,10.439180579652216,74.0,40.178185987202625,33.56738354463149,33.903057380077804,32.371463624372794,0.32039010561362213,0.15893399727742008,0.32458374151507885,0.3270628025934912,33.903057380077804,0.027679359808886084,0.48774510109101277,0.32425510416119324,0.027679359808886084,0.48774510109101277,32.192033336618564,32.79290950749812,0.16068229849752158,-0.2993834427846051,-1.110147872579681,-1.7110240434592399,False,True,0.0,0.0,0.8993867126127486,1.7987734252254972
3130,52.166666666666664,True,True,90.19979901392468,50.0,98.34459096190032,10.656102693141818,13.40788673376558,10.390190996209483,74.0,40.199799013924675,33.69290847191039,34.029837556629495,32.492471422058344,0.31922649355621635,0.15780538405718691,0.3233981974092763,0.3258663096477085,34.029837556629495,0.02610662683596454,0.48633994592189433,0.3230707604032887,0.02610662683596454,0.48633994592189433,32.312988135004915,32.9139866799413,0.16047363627418582,-0.299759682811744,-1.1158508766881923,-1.7168494216245804,False,True,0.0,0.0,0.9018560003530285,1.803712000706057
3135,52.25,True,True,90.22121772093297,50.0,98.3499568551383,10.601911676844722,13.33866333482294,10.341510915720264,74.0,40.22121772093297,33.81844171510278,34.156626132253805,32.61348740747311,0.31806892726637004,0.15668500854886494,0.32221884993908456,0.32467608095187644,34.156626132253805,0.024539678279693833,0.4849401638476756,0.3218926070042926,0.024539678279693833,0.4849401638476756,32.43395100796896,33.03507174409383,0.16026408289579913,-0.3001364026721826,-1.1215543881599785,-1.722675124284848,True,True,0.0,0.0,0.9043251291793368,1.8086502583586737
3140,52.333333333333336,True,True,90.24244406560649,50.0,98.35525309235628,10.548090447070678,13.26991213576575,10.293138166226314,74.0,40.24244406560649,33.943983065774496,34.28342289643224,32.73451137603139,0.3169173653922708,0.15557280549463712,0.3210456564995592,0.32349207337450026,34.28342289643224,0.02297847393943725,0.4835457157351581,0.32072060141204023,0.02297847393943725,0.4835457157351581,32.55492175475183,33.156164499865945,0.16005364236065783,-0.300513599435063,-1.1272583965662974,-1.728501141680411,True,True,0.0,0.0,0.9067941018146441,1.8135882036292883
3145,52.416666666666664,True,True,90.26347998395164,50.0,98.36048064595032,10.494636186889466,13.201629655042282,10.245070588172837,74.0,40.26347998395164,34.06953231974357,34.41022764294101,32.85554312730889,0.3157717669247529,0.15446871026836548,0.3198785748395759,0.3223142441519758,34.41022764294101,0.021422973954414948,0.48215656278802743,0.3195547014111526,0.021422973954414948,0.48215656278802743,32.67590017868629,33.277264751254116,0.15984231863605164,-0.30089127019756085,-1.1329628916868941,-1.7343274642547186,True,True,0.0,0.0,0.9092629209443099,1.8185258418886199
3150,52.5,True,True,90.28432739084734,50.0,98.36564047379419,10.441546097577415,13.13381243000913,10.197306034572136,74.0,40.28432739084734,34.19508927700605,34.537040169776105,32.97658246497021,0.3146320911942346,0.153372658867114,0.31871756305867294,0.3211425508591583,34.537040169776105,0.019873138775563237,0.4807726665187219,0.31839486513767956,0.019873138775563237,0.4807726665187219,32.796886087125365,33.3983723062698,0.1596301156595636,-0.3012694120835951,-1.1386678635063063,-1.74015408265074,True,True,0.0,0.0,0.9117315892165693,1.8234631784331385
3155,52.583333333333336,True,True,90.3049881802874,50.0,98.37073351947363,10.388817398569273,13.066457016985524,10.14984237096128,74.0,40.304988180287395,34.32065374166302,34.66386027907965,33.09762919669758,0.3134982978676805,0.15228458790282468,0.31756257960392387,0.31997695142407795,34.66386027907965,0.018328929179889875,0.47939398876279776,0.3172410510937425,0.018328929179889875,0.47939398876279776,32.91787929137218,33.51948697686927,0.1594170373387198,-0.3016480222441881,-1.1443733022103828,-1.745980987707469,True,True,0.0,0.0,0.9142001092430319,1.8284002184860637
3160,52.666666666666664,True,True,90.32546422562004,50.0,98.37576071251648,10.336447327408266,12.99955999130232,10.10267747535903,74.0,40.32546422562004,34.44622552184882,34.790687777067305,33.218683134120724,0.3123703469455904,0.15120443459414437,0.31641358326683205,0.3188174041426555,34.790687777067305,0.01679030628482836,0.4780204916932937,0.316093218103606,0.01679030628482836,0.4780204916932937,33.03887960661087,33.640608578884574,0.15920308755063817,-0.30202709785782716,-1.1500791981827305,-1.7518081704564352,True,True,0.0,0.0,0.9166684835991539,1.8333369671983077
3165,52.75,True,True,90.34575737978456,50.0,98.38072296861877,10.284433139974198,12.933117947723957,10.055809238482198,74.0,40.34575737978456,34.57180442966032,34.91752247395692,33.33974409274772,0.31124819875901366,0.15013213675839826,0.3152705331802553,0.3176638676345556,34.91752247395692,0.015257231505923396,0.47665213777842563,0.3149513253429632,0.015257231505923396,0.47665213777842563,33.15988685183856,33.76173693195561,0.15898827014387001,-0.3024066361286322,-1.1557855420013112,-1.7576356221183644,True,True,0.0,0.0,0.9191367148246976,1.8382734296493952
3170,52.833333333333336,True,True,90.3658694755453,50.0,98.38562118986675,10.232772110349728,12.86712750037941,10.009235563628351,74.0,40.365869475545296,34.69739028108742,35.044364183898296,33.46081189189708,0.31013181396658845,0.1490676328037078,0.31413338881535285,0.3165163008726177,35.044364183898296,0.013729666585345301,0.4752888898101112,0.3138153323242932,0.013729666585345301,0.4752888898101112,33.28090084979851,33.882871859463265,0.15877258893749352,-0.30278663428727237,-1.1614923244350308,-1.7634633340997823,True,True,0.0,0.0,0.9216048054242084,1.8432096108484168
3175,52.916666666666664,True,True,90.38580232572292,50.0,98.39045626495506,10.181461530895191,12.801585282972198,9.96295436675318,74.0,40.38580232572292,34.82298289594463,35.17121272490407,33.58188635463089,0.3090211535516071,0.14801086172124903,0.3130021099785609,0.3153746631681406,35.17121272490407,0.012207573577904307,0.47393071088999356,0.3126851988968611,0.012207573577904307,0.47393071088999356,33.40192142691429,34.004013188463695,0.15855604772185294,-0.3031670895902363,-1.1671995364403784,-1.7692912979897812,True,True,0.0,0.0,0.9240727578674764,1.848145515734953
3180,53.0,True,True,90.40555772342294,50.0,98.39522906940094,10.13049871224733,12.73648794888534,9.916963576478679,74.0,40.405557723422945,34.94858209780364,35.298067918781676,33.70296730768899,0.3079161788191059,0.14696176307764958,0.3118766568085921,0.31423891417088273,35.298067918781676,0.010690914851228361,0.4725775644296284,0.31156088523207476,0.010690914851228361,0.4725775644296284,33.522948413224924,34.12516074962347,0.15833865025874566,-0.30354799931965437,-1.1729071691582078,-1.7751195055567521,True,True,0.0,0.0,0.9265405745899802,1.8530811491799604
3185,53.083333333333336,True,True,90.42513744226159,50.0,98.39994046575482,10.079880983381557,12.671832171369715,9.871261134161813,74.0,40.42513744226159,35.07418771392713,35.4249295910664,33.82405458142419,0.3068168513929807,0.14592027700752008,0.3107569897734607,0.3131090138543459,35.4249295910664,0.009179653071771154,0.4712294141365029,0.310442351852771,0.009179653071771154,0.4712294141365029,33.643981642321194,34.24631437715597,0.15812040028215696,-0.30392936078257476,-1.1786152139104331,-1.780947948745208,True,True,0.0,0.0,0.9290082579933363,1.8580165159866726
3190,53.166666666666664,True,True,90.44454323658906,50.0,98.40459130380715,10.029605691464653,12.607614643447036,9.825844993769564,74.0,40.444543236589055,35.19979957520354,35.55179757095558,33.94514800973858,0.30572313321312694,0.14488634420611832,0.3096430696675344,0.31198492254520716,35.55179757095558,0.007673751233319592,0.46988622404255076,0.30932955957464403,0.007673751233319592,0.46988622404255076,33.76502095128291,34.367473908758676,0.1579013014973436,-0.30431117131188756,-1.1843236621969027,-1.786776619672672,True,True,0.0,0.0,0.9314758104457487,1.8629516208914974
3195,53.25,True,True,90.46377684171024,50.0,98.40918242079151,9.979670202111137,12.543832078355805,9.780713122130607,74.0,40.46377684171024,35.32541751608288,35.67867169124371,34.066247430020795,0.30463498653260435,0.14385990592214226,0.3085348576086092,0.31086660086445594,35.67867169124371,0.006173172600497323,0.4685479584476674,0.3082224695648165,0.006173172600497323,0.4685479584476674,33.88606618061718,34.48863918555145,0.15768135758321145,-0.3046934282639586,-1.1900325056922583,-1.7926055106265295,True,True,0.0,0.0,0.933943234282448,1.867886468564896
3200,53.333333333333336,True,True,90.48283997410267,50.0,98.41371464158433,9.930071899092056,12.480481209255728,9.735863498678938,74.0,40.482839974102674,35.45104137451363,35.80555178825877,34.18735268308431,0.3035523739148264,0.14284090395065036,0.30743231503501217,0.3097540097862566,35.80555178825877,0.0046778807656005505,0.4672145819765533,0.30712104329791146,0.0046778807656005505,0.4672145819765533,34.00711717419766,34.60981005201593,0.1574605721902967,-0.30507612902065606,-1.1957417362428373,-1.798434614061108,True,True,0.0,0.0,0.9364105318060989,1.8728210636121978
3205,53.416666666666664,True,True,90.50173433163214,50.0,98.41818877890105,9.880808184513825,12.41755878956441,9.691294115635756,74.0,40.501734331632136,35.57667099188056,35.932437701799365,34.308463613106795,0.30247525823077537,0.14182928062610556,0.3063354037027262,0.30864711059380173,35.932437701799365,0.0031878396062646197,0.4658860595363912,0.3060252425853378,0.0031878396062646197,0.4658860595363912,34.128173779204744,34.73098635593569,0.15723894894258944,-0.3054592709875371,-1.2014513458636742,-1.8042639225946218,True,True,0.0,0.0,0.938877705287256,1.877755410574512
3210,53.5,True,True,90.52046159376566,50.0,98.42260563348883,9.831876478656895,12.355061592832897,9.647002977875871,74.0,40.52046159376566,35.70230621294368,36.05932927507312,34.429580067570214,0.3014036026562392,0.14082497881554068,0.3052440856825417,0.3075458649087432,36.05932927507312,0.0017030133139616654,0.46456235634535215,0.30493502951671875,0.0017030133139616654,0.46456235634535215,34.249235846066895,34.85216794833762,0.15701649143660895,-0.30584285159478153,-1.2071613267354948,-1.8100934290062227,True,True,0.0,0.0,0.9413447569647687,1.8826895139295374
3215,53.583333333333336,True,True,90.53902342178202,50.0,98.42696599431598,9.783274220207204,12.292986413149336,9.602988103161152,74.0,40.53902342178202,35.82794688577801,36.18622635463579,34.55070189720226,0.30033737066907495,0.1398279419118431,0.30415832335723236,0.30645023463232973,36.18622635463579,0.00022336633749603374,0.46324343787610167,0.30385036650382063,0.00022336633749603374,0.46324343787610167,34.37030322840265,34.97335468343402,0.15679320324377194,-0.3062268682948337,-1.2128716712017749,-1.8159231262331446,True,True,0.0,0.0,0.9438116890461946,1.8876233780923892
3220,53.666666666666664,True,True,90.55742145897979,50.0,98.43127063875805,9.734998866020689,12.22363711343931,9.55924752193981,74.0,40.55742145897979,35.95359286171446,36.313128790331604,34.67182895591833,0.2992765260464949,0.13883811382715544,0.3030780794187559,0.3053601819895539,36.313128790331604,-0.0012511365743355651,0.4619292698984676,0.3027712163098386,-0.0012511365743355651,0.4619292698984676,34.49137578296372,35.0945464185657,0.15656908790891372,-0.30661131856388946,-1.2185823717659048,-1.8217530073678816,True,True,0.0,0.0,0.9462785037082132,1.8925570074164264
3225,53.75,True,True,90.57565733088302,50.0,98.43552033278078,9.687047890957288,12.153492345681585,9.515779277210783,74.0,40.57565733088302,36.079243995281594,36.44003643523441,34.792961100764714,0.2982210328623774,0.1378554389863905,0.3020033168654778,0.30427566955858315,36.44003643523441,-0.002720530344252403,0.46061981850794154,0.30169754193225345,-0.002720530344252403,0.46061981850794154,34.612453369579065,35.21574301414611,0.15634414894935839,-0.30699619990283555,-1.2242934210882979,-1.8275830656553467,True,True,0.0,0.0,0.948745203097037,1.897490406194074
3230,53.833333333333336,True,True,90.59373264544438,50.0,98.43971583111981,9.639418788353879,12.083930240132062,9.472581424986018,74.0,40.593732645444376,36.204900144148326,36.56694914558981,34.91409819186259,0.2971708554846003,0.13687986232085764,0.30093399899942036,0.30319666015303487,36.56694914558981,-0.004184849679667257,0.45931505001251116,0.3006293067346178,-0.004184849679667257,0.45931505001251116,34.73353585109967,35.336944333606176,0.1561183898594763,-0.3073815098327021,-1.2300048119836333,-1.8334132944901427,True,True,0.0,0.0,0.9512117893287946,1.9024235786575892
3235,53.916666666666664,True,True,90.61164899324604,50.0,98.44385787745729,9.592109069397779,12.01494472068967,9.429652033726626,74.0,40.611648993246035,36.330561169067565,36.69386678075824,35.03524009235292,0.2961259585723994,0.13591132926199875,0.2998700894235361,0.3021231169544171,36.69386678075824,-0.005644128945032745,0.45801493106032165,0.29956647435869854,-0.005644128945032745,0.45801493106032165,34.85462309334438,35.45815024334019,0.15589181410590452,-0.30776724589944987,-1.2357165374180497,-1.8392436874138625,True,True,0.0,0.0,0.9536782644899401,1.9073565289798802
3240,54.0,True,True,90.62940794769814,50.0,98.44794720459555,9.5451162634633,11.946529783365108,9.38698918467945,74.0,40.62940794769814,36.45622693382078,36.82078920315899,35.156386668342286,0.2950863070737489,0.13494978573523098,0.2988115520390048,0.30105500342383495,36.82078920315899,-0.00709840224668884,0.4567194285548387,0.29850900873912,-0.00709840224668884,0.4567194285548387,34.97571496504655,35.57936061265248,0.15566442513100376,-0.3081534056705238,-1.2414285905065086,-1.8450742381124385,True,True,0.0,0.0,0.9561446306376347,1.9122892612752693
3245,54.083333333333336,True,True,90.647011065235,50.0,98.45198453462768,9.498437917993186,11.878679495404825,9.344590971789273,74.0,40.647011065235006,36.581897305163444,36.947716278215076,35.277537788849514,0.2940518662227661,0.13399517815389417,0.2977583510425535,0.2999922833167057,36.947716278215076,-0.008547703418546604,0.4554285096691728,0.29745687408872074,-0.008547703418546604,0.4554285096691728,35.096811337801604,35.70057531370496,0.15543622635246712,-0.3085399867352523,-1.2471409645101161,-1.8509049404134714,True,True,0.0,0.0,0.9586108898001372,1.9172217796002744
3250,54.166666666666664,True,True,90.66445988550893,50.0,98.4559705791053,9.452071598503707,11.811387994423598,9.302455501727508,74.0,40.66445988550893,36.70757215277134,37.07464787429905,35.398693325753285,0.29302260153713844,0.1330474534133014,0.2967104509238018,0.29893492066804356,37.07464787429905,-0.009992066036107528,0.45414214183206947,0.2964100349571254,-0.009992066036107528,0.45414214183206947,35.2179120860153,35.82179422146558,0.1552072211640259,-0.3089269867041511,-1.2528536528334726,-1.8567357882837499,True,True,0.0,0.0,0.9610770439771745,1.922154087954349
3255,54.25,True,True,90.6817559315818,50.0,98.4599060392033,9.406014888277866,11.744649487545729,9.260580893629154,74.0,40.681755931581804,36.8332513491878,37.201583862679676,35.51985315374044,0.291998478815574,0.13210655888488962,0.2956678164626287,0.2978828798513223,37.201583862679676,-0.011431523359650031,0.45286029278473106,0.2953684561575301,-0.011431523359650031,0.45286029278473106,35.339017086853076,35.94301721365756,0.15497741293340878,-0.3093144032109723,-1.2585666490221143,-1.8625667758266005,True,True,0.0,0.0,0.9635430951403207,1.9270861902806413
3260,54.333333333333336,True,True,90.69890071011449,50.0,98.46379160588198,9.360265388615204,11.678458250555053,9.21896527935192,74.0,40.698900710114486,36.9589347697717,37.32852411746942,35.64101715025532,0.29097946413527487,0.131172442410469,0.29463041272656465,0.29683612550489674,37.32852411746942,-0.012866108404918752,0.4515829305101372,0.2943321027813454,-0.012866108404918752,0.4515829305101372,35.460126220189935,36.064244170709415,0.15474680500524046,-0.3097022339098155,-1.2642799467600057,-1.8683978972794861,True,True,0.0,0.0,0.9660090452333749,1.9320180904667499
3265,54.416666666666664,True,True,90.71589571155391,50.0,98.46762796004626,9.314820718703231,11.612808627053468,9.177606803381508,74.0,40.71589571155391,37.08462229264644,37.45546851557291,35.762185195449675,0.28996552384943197,0.13024505229656835,0.2935982050682049,0.29579462254671857,37.45546851557291,-0.014295853928816715,0.4503100232473609,0.29330094021283915,-0.014295853928816715,0.4503100232473609,35.5812393685614,36.1854749757059,0.15451540070064235,-0.3100904764755353,-1.2699935398670092,-1.874229147011512,True,True,0.0,0.0,0.9684748961727146,1.9369497923454293
3270,54.5,True,True,90.73274241031798,50.0,98.47141577270226,9.269678515489133,11.547695027628293,9.136503622737692,74.0,40.73274241031798,37.21031379864963,37.58241693663613,35.88335717213365,0.2889566245847439,0.12932433730887571,0.29257115912264753,0.294758336189052,37.58241693663613,-0.015720792415097384,0.44904153950588577,0.29227493414377936,-0.015720792415097384,0.44904153950588577,35.7023564171151,36.30670951433968,0.15428320331683376,-0.3104791286041494,-1.275707422296449,-1.880060519521031,True,True,0.0,0.0,0.9709406498476555,1.941881299695311
3275,54.583333333333336,True,True,90.7494422649784,50.0,98.47515570511122,9.224836433552113,11.483111929028297,9.095653906881282,74.0,40.7494422649784,37.33600917128361,37.70936926299645,36.00453296572739,0.287952733238957,0.1284102466667706,0.2915492408049534,0.29372723195318945,37.70936926299645,-0.017140956060060164,0.44777744807991837,0.29125405050021985,-0.017140956060060164,0.44777744807991837,35.823477253563176,36.427947674863766,0.15405021612672892,-0.3108681880132496,-1.2814215881326803,-1.8858920094332703,True,True,0.0,0.0,0.973406308120823,1.946812616241646
3280,54.666666666666664,True,True,90.76599671844123,50.0,98.4788484089408,9.180292145331734,11.419053873348346,9.055055837956047,74.0,40.76599671844123,37.46170829666688,37.83632537963355,36.12571246421347,0.28695381697842764,0.12750273003794713,0.2905324163076285,0.2927012755958731,37.83632537963355,-0.018556376843246958,0.446517717977702,0.29023825553035754,-0.018556376843246958,0.446517717977702,35.944601768135584,36.54918934804477,0.1538164423818289,-0.31125765243912007,-1.2871360315887799,-1.8917236114979659,True,True,0.0,0.0,0.975871872828486,1.951743745656972
3285,54.75,True,True,90.78240719812544,50.0,98.48249452641387,9.136043340694613,11.355515467222787,9.01470761040953,74.0,40.78240719812544,37.58741106348619,37.963285174121054,36.24689555809017,0.2859598432357071,0.12660173753312656,0.2895206520981302,0.29168043319758913,37.963285174121054,-0.01996708644230777,0.445262318506658,0.28922751571667504,-0.01996708644230777,0.445262318506658,36.065729853533945,36.67043442711696,0.15358188530906886,-0.3116475196398969,-1.2928507470040955,-1.8975553205871094,True,True,0.0,0.0,0.9783373457809162,1.9566746915618325
3290,54.833333333333336,True,True,90.79867511613925,50.0,98.4860946904547,9.092087727215372,11.292491381027531,8.97460743128562,74.0,40.79867511613925,37.713117362949525,38.09024853657902,36.368082140325455,0.28497077970714707,0.12570721970085583,0.2885139149163939,0.29066467107427346,38.09024853657902,-0.02137311631786748,0.4440112191885289,0.28822179784915536,-0.02137311631786748,0.4440112191885289,36.18686140488635,36.79168280773697,0.15334654811425547,-0.31203778739214094,-1.2985657288420498,-1.9033871316926678,True,True,0.0,0.0,0.9808027287627187,1.9616054575254374
3295,54.916666666666664,True,True,90.81480186945453,50.0,98.4896495248328,9.048423029802905,11.229976348090688,8.934753519901918,74.0,40.81480186945453,37.838827088739734,38.21721535962713,36.48927210631166,0.2839865943505282,0.12481912752239173,0.287512171772383,0.28965395585089027,38.21721535962713,-0.022774497642561675,0.44276438983035094,0.28722106896670996,-0.022774497642561675,0.44276438983035094,36.30799631970277,36.91293438793926,0.15311043397946067,-0.31242845349345194,-1.3042809716878736,-1.9092190399243663,True,True,0.0,0.0,0.9832680235331858,1.9665360470663715
3300,55.0,True,True,90.83078884007902,50.0,98.49315964430423,9.005046990855718,11.167965163912072,8.895144108025221,74.0,40.83078884007902,37.964540136969056,38.34418553833875,36.61046535382101,0.2830072553827087,0.1239374124066687,0.2865153899436617,0.28864825440256936,38.34418553833875,-0.02417126135757358,0.4415218004679253,0.28622529635717914,-0.02417126135757358,0.4415218004679253,36.429134497831235,37.03418906809244,0.15287354606535591,-0.31281951576014294,-1.3099964702463112,-1.9150510405075138,True,True,0.0,0.0,0.9857332318266157,1.9714664636532313
3305,55.083333333333336,True,True,90.84663739522668,50.0,98.49662565475067,8.961957370177288,11.106452685390948,8.855777439821566,74.0,40.84663739522668,38.090256406134294,38.47115897019564,36.73166178296184,0.2820327312772952,0.12306202618534803,0.2855235369729878,0.2876475338546061,38.47115897019564,-0.025563438172506836,0.44028342136595444,0.2852344476305462,-0.025563438172506836,0.44028342136595444,36.550275841414766,37.155446750856136,0.15263588751134832,-0.31321097202711295,-1.3157122193395026,-1.920883128780872,True,True,0.0,0.0,0.9881983553526532,1.9763967107053064
3310,55.166666666666664,True,True,90.86234888748584,50.0,98.5000481533161,8.919151944605929,11.045433830062635,8.816651771537579,74.0,40.86234888748584,38.215975797072765,38.59813555504349,36.85286129613545,0.28106299076233426,0.12219292110794742,0.2845365806659286,0.28665176165603956,38.59813555504349,-0.026951058494426028,0.43904922308900934,0.2842484906017944,-0.026951058494426028,0.43904922308900934,36.67142025484904,37.276707341138696,0.15239746143296978,-0.3136028201504656,-1.3214282139047953,-1.9267153001944521,True,True,0.0,0.0,0.9906633957966048,1.9813267915932096
3315,55.25,True,True,90.87792465498558,50.0,98.50342772854114,8.876628508388478,10.984903575343566,8.777765371883035,74.0,40.87792465498558,38.341698212918956,38.72511519504815,36.974063797993864,0.28009800281802527,0.12133004983704893,0.28355448908849734,0.2856609054619276,38.72511519504815,-0.028334152541065805,0.4378191763883297,0.2832673933934075,-0.028334152541065805,0.4378191763883297,36.792567644740615,37.39797074605549,0.1521582709264021,-0.3139950580029934,-1.3271444489926552,-1.9325475503075324,True,True,0.0,0.0,0.9931283548197711,1.9862567096395423
3320,55.333333333333336,True,True,90.89336602156001,50.0,98.50676496049523,8.834384872693576,10.924856957784897,8.739116521602654,74.0,40.89336602156001,38.46742355906193,38.85209779465255,37.09526919539805,0.2791377366744534,0.1204733654435838,0.28257723056481227,0.2846749332363561,38.85209779465255,-0.029712750241541575,0.43659325230112106,0.282291124332869,-0.029712750241541575,0.43659325230112106,36.91371791986592,37.51923687488799,0.15191831906476494,-0.3143876834778977,-1.3328609197645633,-1.9383798747866336,True,True,0.0,0.0,0.9955932340597533,1.9911864681195066
3325,55.416666666666664,True,True,90.90867429691072,50.0,98.51006042090663,8.792418865918918,10.865289072334406,8.700703513797095,74.0,40.90867429691072,38.593151743103355,38.97908326053439,37.21647739737695,0.2781821618093439,0.11962282140219278,0.2816047736747758,0.2836938131494299,38.97908326053439,-0.0310868813353955,0.43537142205151774,0.28131965204051995,-0.0310868813353955,0.43537142205151774,37.034870991131015,37.64050563904338,0.15167760890208787,-0.3147806944848254,-1.3385776214910052,-1.9442122694033728,True,True,0.0,0.0,0.9980580351307743,1.9961160702615486
3330,55.5,True,True,90.92385077676724,50.0,98.51331467329015,8.750728333262913,10.806195071607277,8.662524653549923,74.0,40.92385077676724,38.71888267481633,39.10607150156449,37.3376883150872,0.2772312479458367,0.11877837158666013,0.28063708725177483,0.282717513665566,39.10607150156449,-0.032456575287477474,0.4341536571357091,0.28035294538562994,-0.032456575287477474,0.4341536571357091,37.15602677153186,37.7617769520151,0.15143614347014306,-0.3151740889530435,-1.3442945495493959,-1.95004473003263,True,True,0.0,0.0,1.0005227596239865,2.001045519247973
3335,55.583333333333336,True,True,90.93889674304565,50.0,98.51652827307294,8.709311136802981,10.747570165164632,8.62457825803304,74.0,40.938896743045646,38.84461626610479,39.233062428765834,37.458901861773484,0.27628496505028105,0.11793997026542014,0.27967414038040284,0.28174600349934736,39.233062428765834,-0.03382186133032694,0.4329399292795678,0.27939097348639735,-0.03382186133032694,0.4329399292795678,37.27718517611532,37.88305072934368,0.15119392578022045,-0.3155678648296743,-1.3500116994221543,-1.9558772526505166,True,True,0.0,0.0,1.0029874091077668,2.0059748182155337
3340,55.666666666666664,True,True,90.95381346400536,50.0,98.51970176771796,8.668165155402406,10.689409618800909,8.586862656450378,74.0,40.953813464005364,38.97035243096367,39.36005595527331,37.580117952729495,0.2753432833300503,0.11710757209713449,0.2787159023942015,0.2807792516155223,39.36005595527331,-0.03518276846405688,0.4317302104387722,0.27843370570994924,-0.03518276846405688,0.4317302104387722,37.398346121940804,38.00432688857859,0.15095095882324988,-0.3159620200795792,-1.355729066694721,-1.961709833332506,True,True,0.0,0.0,1.005451985128038,2.010903970256076
3345,55.75,True,True,90.96860219440399,50.0,98.52283569684565,8.627288284616228,10.631708753839419,8.549376189981132,74.0,40.968602194403985,39.09609108543966,39.487051996294056,37.7013365052597,0.2744061732313774,0.11628113212633918,0.2777623428734242,0.2798172272290049,39.487051996294056,-0.03653932545623978,0.43052447279893014,0.27748111165769845,-0.03653932545623978,0.43052447279893014,37.519509528042484,38.125605349240374,0.15070724556992526,-0.31635655268524465,-1.3614466470536826,-1.9675424682515725,True,True,0.0,0.0,1.0079164892085397,2.0158329784170794
3350,55.833333333333336,True,True,90.98326417565048,50.0,98.52593059235345,8.586678436650146,10.574462946435972,8.512117211772932,74.0,40.983264175650476,39.221832147592636,39.614050469068566,37.822557438641425,0.27347360543720894,0.1154606057791595,0.276813431642818,0.27885989979015907,39.614050469068566,-0.03789156085596118,0.42932268876153246,0.2765331611799866,-0.03789156085596118,0.42932268876153246,37.64067531539231,38.246886032783685,0.15046278897137338,-0.31675146064612025,-1.367164436284881,-1.9733751536762583,True,True,0.0,0.0,1.0103809228511533,2.0207618457023067
3355,55.916666666666664,True,True,90.99780063595631,50.0,98.52898697853338,8.546333540209488,10.517667626890926,8.475084086831501,74.0,40.99780063595631,39.347575537457736,39.74105129283232,37.943780674087996,0.2725455508650801,0.11464594885909188,0.27586913876942826,0.27790723899951447,39.74105129283232,-0.03923950297954182,0.42812483095823994,0.2755898243907268,-0.03923950297954182,0.42812483095823994,37.7618434068634,38.36816886256083,0.15021759195872547,-0.3171467419790563,-1.3728824302714884,-1.9792078859689184,True,True,0.0,0.0,1.0128452875361538,2.0256905750723075
3360,56.0,True,True,91.01221279048512,50.0,98.53200537218774,8.50625154034988,10.461318278969259,8.438275191911544,74.0,41.01221279048512,39.47332117700807,39.86805438877815,38.065006134712114,0.27162198066500826,0.11383711754285113,0.2749294345604208,0.276959214822482,39.86805438877815,-0.040583179896260924,0.42693087226516757,0.27465107162347524,-0.040583179896260924,0.42693087226516757,37.8830137271942,38.48945376378587,0.1499716574426856,-0.3175423947187429,-1.3786006249922806,-1.9850406615839518,True,True,0.0,0.0,1.0153095847225349,2.0306191694450697
3365,56.083333333333336,True,True,91.02650184150039,50.0,98.53498628274282,8.466430398539671,10.40541043922859,8.40168891560866,74.0,41.02650184150039,39.59906899011803,39.99505968001921,38.18623374549003,0.27070286621740636,0.11303406837628184,0.2739942895609266,0.27601579744520677,39.99505968001921,-0.0419226194707476,0.42574078576050145,0.2737168734460738,-0.0419226194707476,0.42574078576050145,38.00418620295323,38.61074066349942,0.14972498831529468,-0.31793841691595437,-1.3843190165197896,-1.990873477065982,True,True,0.0,0.0,1.0177738158482632,2.0355476316965264
3370,56.166666666666664,True,True,91.04066897851148,50.0,98.53793021236088,8.426868092506254,10.349939696355648,8.365323658246567,74.0,41.040668978511476,39.72481890252721,40.12206709155248,38.307463433226324,0.2697881791310151,0.11223675827033272,0.2730636745519036,0.2750769572892841,40.12206709155248,-0.04325784934870769,0.42455454473877974,0.2727872006752932,-0.04325784934870769,0.42455454473877974,38.125360762504286,38.7320294905339,0.14947758744949563,-0.3183348066379918,-1.3900376010185838,-1.9967063290481946,True,True,0.0,0.0,1.0202379823305696,2.0404759646611392
3375,56.25,True,True,91.0547153784179,50.0,98.54083765605013,8.38756261608404,10.294901690510201,8.329177831765762,74.0,41.054715378417896,39.850570841804995,40.249076550223045,38.42869512651909,0.26887789124085465,0.11144514449709254,0.27213756054802063,0.27414266502647483,40.249076550223045,-0.044588896942652,0.4233721227251729,0.2718620243621899,-0.044588896942652,0.4233721227251729,38.24653733597247,38.853320175479546,0.14922945769869805,-0.31873156196912683,-1.395756374743499,-2.002539214250575,True,True,0.0,0.0,1.0227020855662172,2.0454041711324344
3380,56.333333333333336,True,True,91.06864220565198,50.0,98.54370910177308,8.348511979167029,10.240292112677224,8.29324985971148,74.0,41.06864220565198,39.976324737315586,40.376087984688745,38.54992875572601,0.2679719746061947,0.11065918468588663,0.2712159187955582,0.27321289156398965,40.376087984688745,-0.04591578944595842,0.4221934934614295,0.27094131576282054,-0.04591578944595842,0.4221934934614295,38.36771585521046,38.97461265065082,0.14898060189743983,-0.31912868100994807,-1.4014753340379258,-2.008372129478282,True,True,0.0,0.0,1.025166126931784,2.050332253863568
3385,56.416666666666664,True,True,91.08245061231978,50.0,98.54654503055302,8.309714207709959,10.186106704026813,8.257538177268074,74.0,41.082450612319775,40.102080520183804,40.50310132538564,38.67116425293064,0.26707040150854366,0.10987883681943247,0.27029872077033074,0.27228760801505814,40.50310132538564,-0.04723855386110298,0.42101863087765246,0.27002504638217034,-0.04723855386110298,0.42101863087765246,38.48889625376567,39.09590685005347,0.14873102286259432,-0.3195261618761611,-1.407194475332176,-2.014205071619976,True,True,0.0,0.0,1.0276301077839178,2.0552602155678357
3390,56.5,True,True,91.09614173834032,50.0,98.54934591657882,8.271167343470765,10.132341255281844,8.222041231047484,74.0,41.09614173834032,40.227838123261336,40.63011650449395,38.79240155190956,0.26617314444965573,0.10910405923005345,0.26938593817562645,0.27136678574307554,40.63011650449395,-0.04855721695705878,0.4198475091349083,0.26911318797415335,-0.04855721695705878,0.4198475091349083,38.61007846684771,39.217202709352144,0.14848072339183277,-0.3199240027001343,-1.4129137951418045,-2.0200380376462377,True,True,0.0,0.0,1.0300940294596106,2.060188058919221
3395,56.583333333333336,True,True,91.1097167115833,50.0,98.552112227308,8.232869443910332,10.078991606093439,8.186757479026994,74.0,41.1097167115833,40.35359748109355,40.75713345590449,38.91364058809992,0.26528017614955735,0.10833481059594977,0.26847754294016757,0.27045039636160256,40.75713345590449,-0.049871805269196545,0.41868010262533595,0.2682057124683979,-0.049871805269196545,0.41868010262533595,38.73126243129655,39.33850016583848,0.14822970626373339,-0.3203222016307991,-1.4186332900660048,-2.0258710246079374,True,True,0.0,0.0,1.0325578932764534,2.065115786552907
3400,56.666666666666664,True,True,91.12317664800509,50.0,98.55484442356814,8.194818582342535,10.026053644423953,8.151685390725405,74.0,41.123176648005085,40.47935852988695,40.88415211518582,39.03488129856751,0.26439146954459064,0.10757104993752502,0.26757350721608786,0.26953841166078746,40.88415211518582,-0.05118234517001863,0.41751638590141793,0.26730259207274687,-0.05118234517001863,0.41751638590141793,38.852448085551124,39.45979915839984,0.14797797424063047,-0.3207207568308061,-1.424352956785981,-2.031704029634696,True,True,0.0,0.0,1.0350217005329005,2.070043401065801
3405,56.75,True,True,91.13652265178314,50.0,98.55754295965669,8.157012847476324,9.97352330593776,8.116823446800453,74.0,41.13652265178314,40.60512120747709,41.01117241955186,39.15612362197548,0.26350699778547637,0.1068127366137675,0.26667380337692886,0.2686308037103754,41.01117241955186,-0.05248886276989673,0.4163563337752526,0.26640379917075735,-0.05248886276989673,0.4163563337752526,38.97363536961849,39.5810996274884,0.1477255300648772,-0.3211196664802721,-1.4300727920634628,-2.03753704993337,True,True,0.0,0.0,1.0374854525085193,2.0749709050170386
3410,56.833333333333336,True,True,91.14975581544884,50.0,98.56020828343905,8.119450343664042,9.921396573399335,8.08217013931862,74.0,41.14975581544884,40.73088545329707,41.13819430783004,39.277367498553446,0.26262673423539346,0.10605983031868554,0.2657784040156564,0.267727544756699,41.13819430783004,-0.05379138401614181,0.415199921219491,0.26550930639491527,-0.05379138401614181,0.415199921219491,39.09482422504353,39.70240151509098,0.147472376462792,-0.32151892877284083,-1.4357927927390577,-2.0433700827865096,True,True,0.0,0.0,1.039949150464236,2.079898300928472
3415,56.916666666666664,True,True,91.16287722001888,50.0,98.56284083644523,8.08212919054607,9.869669476078855,8.047723971450026,74.0,41.162877220018885,40.85665120834658,41.265217720430044,39.398612870067254,0.26175065246807705,0.10531229107779518,0.26488728194269323,0.26682860729625646,41.265217720430044,-0.05508993462207723,0.4140471234382717,0.2646190865827066,-0.05508993462207723,0.4140471234382717,39.216014594879184,39.823704764699215,0.14721851614201525,-0.3219185419183337,-1.441512955730829,-2.0492031255508607,True,True,0.0,0.0,1.0424127956426052,2.0848255912852105
3420,57.0,True,True,91.17588793512489,50.0,98.56544105396482,8.045047523095619,9.818338089165351,8.013483457544268,74.0,41.17588793512489,40.982418415161376,41.39224259931299,39.5198596797892,0.2608787262659341,0.1045700792446598,0.2640004101839715,0.2659339640315648,41.39224259931299,-0.05638454010944499,0.4128979158248225,0.2637331127619746,-0.05638454010944499,0.4128979158248225,39.33720642365701,39.94500932128025,0.14696395179325772,-0.32231850414100977,-1.4472332780327406,-2.055036175655985,True,True,0.0,0.0,1.044876389268023,2.089752778536046
3425,57.083333333333336,True,True,91.18878901914175,50.0,98.5680093651405,8.00820349156048,9.76739853318692,7.9794471231084145,74.0,41.18878901914175,41.10818701778343,41.51926888796126,39.64110787246863,0.26001092961817585,0.10383315549748019,0.2631177619790019,0.265043587856444,41.51926888796126,-0.057675225822481635,0.4117522739473917,0.26285135822413397,-0.057675225822481635,0.4117522739473917,39.45839965735854,40.06631513124804,0.14670868609094773,-0.32271881367892563,-1.452953756713221,-2.0608692306027194,True,True,0.0,0.0,1.0473399325469999,2.0946798650939997
3430,57.166666666666664,True,True,91.20158151931426,50.0,98.57054619306004,7.971595261114032,9.71684697343835,7.945613504507165,74.0,41.20158151931426,41.2339569617314,41.64629653134872,39.762357394303294,0.25914723671896867,0.10310148083573455,0.26223931077896084,0.2641574519295955,41.64629653134872,-0.058962016856993926,0.41061017362018093,0.2619737964509568,-0.058962016856993926,0.41061017362018093,39.579594243386865,40.18762214243497,0.14645272169058543,-0.3231194687865894,-1.4586743889137495,-2.066702287961853,True,True,0.0,0.0,1.0498034266683722,2.0996068533367445
3435,57.25,True,True,91.21426647188241,50.0,98.57305195484679,7.93522101199396,9.66667961941593,7.911981149128408,74.0,41.21426647188241,41.359728193971776,41.77332547591149,39.88360819291091,0.25828762196560096,0.1023750165768672,0.2613650302447971,0.2632755296010237,41.77332547591149,-0.06024493813110221,0.4094715908326081,0.2611004011145724,-0.06024493813110221,0.4094715908326081,39.70079013053878,40.308930304064084,0.1461960612315844,-0.3235204677321259,-1.464395171847407,-2.0725353453727138,True,True,0.0,0.0,1.0522668728035596,2.104533745607119
3440,57.333333333333336,True,True,91.22684490220517,50.0,98.57552706174883,7.899078939393817,9.61689272425923,7.878548615313036,74.0,41.22684490220517,41.48550066289035,41.90035566951926,40.00486021730143,0.25743205995666785,0.10165372435302499,0.26049489424535355,0.2623977944120361,41.90035566951926,-0.061524014385154036,0.4083365017494025,0.2602311461213958,-0.061524014385154036,0.4083365017494025,39.82198726897751,40.430239566721795,0.1459387073373664,-0.3239218087971901,-1.470116102797462,-2.0783684005417484,True,True,0.0,0.0,1.0547302721067886,2.109460544213577
3445,57.416666666666664,True,True,91.23931782488273,50.0,98.5779719192265,7.863167253213248,9.567482584200093,7.845314472149283,74.0,41.23931782488273,41.611274318264314,42.02738706144696,40.12611341784965,0.2565805254902722,0.10093756610784076,0.2596288768555075,0.2615242201393903,42.02738706144696,-0.06279927013913683,0.40720488275319955,0.2593660055681994,-0.06279927013913683,0.40720488275319955,39.94318561020565,40.55154988233088,0.14568066261380924,-0.32432349027852714,-1.475837179116077,-2.084201451241306,True,True,0.0,0.0,1.0571936257153118,2.1143872514306237
3450,57.5,True,True,91.25168624387744,50.0,98.58038692703875,7.827484178094878,9.518445538018497,7.812277299541137,74.0,41.251686243877444,41.737049111234725,42.154419602347076,40.24736774626827,0.25573299356224277,0.10022650409326292,0.25876695235432834,0.260654780751147,42.154419602347076,-0.06407072973509165,0.40607671040213417,0.25850495375675564,-0.06407072973509165,0.40607671040213417,40.06438510703884,40.67286120412416,0.14542192965098716,-0.32472551048623866,-1.4815583982229157,-2.090034495308238,True,True,0.0,0.0,1.0596569347496538,2.1193138694993077
3455,57.583333333333336,True,True,91.26395115263328,50.0,98.58277247932796,7.792027953269695,9.469777966505262,7.779435688093429,74.0,41.26395115263328,41.86282499427951,42.281453244222305,40.3686231555815,0.25488943936436836,0.09952050086642997,0.25790909522325206,0.2597894504213855,42.281453244222305,-0.06533841732286333,0.40495196144409784,0.2576479651938371,-0.06533841732286333,0.40495196144409784,40.18558571357976,40.794173486618526,0.14516251102271233,-0.32512786774424884,-1.4872797576037797,-2.0958675306425434,True,True,0.0,0.0,1.062120200313824,2.124240400627648
3460,57.666666666666664,True,True,91.27611353419387,50.0,98.5851289647035,7.756796832450519,9.42147629193174,7.746788239042758,74.0,41.27611353419387,41.988601921186884,42.40848794039875,40.489879600099144,0.2540498382826491,0.09881951928658958,0.25705528014427287,0.258928203530204,42.40848794039875,-0.0666023568600167,0.40383061281683064,0.2567950145912164,-0.0666023568600167,0.40383061281683064,40.30678738519247,40.915486685589336,0.14490240928662662,-0.3255305603902207,-1.493001254809414,-2.1017005552062784,True,True,0.0,0.0,1.0645834234955314,2.1291668469910627
3465,57.75,True,True,91.2881743613192,50.0,98.58745676632392,7.721789083725625,9.373536977526129,7.714333564188465,74.0,41.28817436131919,42.11437984702928,42.535523645499566,40.611137035390904,0.2532141658955637,0.098123522512061,0.2562054819981502,0.25807101466371934,42.535523645499566,-0.06786257211175473,0.40271264164801013,0.2559460768510235,-0.06786257211175473,0.40271264164801013,40.42799007847742,41.03680075804542,0.14464162698429078,-0.32593358677547407,-1.498722887454143,-2.107533567022145,True,True,0.0,0.0,1.067046605366418,2.134093210732836
3470,57.833333333333336,True,True,91.30013459660091,50.0,98.58975626197783,7.687002989498211,9.325956526956531,7.682070285867368,74.0,41.30013459660091,42.24015872813763,42.66256031541901,40.73239541826142,0.2523823979723522,0.09743247399724018,0.2553596758626358,0.25721785859935153,42.66256031541901,-0.06911908666500466,0.4015980252411726,0.2551011270950312,-0.06911908666500466,0.4015980252411726,40.54919375124667,41.15811566220436,0.14438016664182107,-0.3263369452643562,-1.504444653214648,-2.1133665641723383,True,True,0.0,0.0,1.0695097469822612,2.1390194939645224
3475,57.916666666666664,True,True,91.3119951925763,50.0,98.59202782416354,7.6524368462882535,9.278731483820579,7.649997036796449,74.0,41.311995192576305,42.36593852207619,42.78959790729695,40.853654706725514,0.2515545104713158,0.09674633748964694,0.25451783701071345,0.25636871033525493,42.78959790729695,-0.07037192390000452,0.40048674110413396,0.2542601405914411,-0.07037192390000452,0.40048674110413396,40.670398362499654,41.27943135746821,0.14411803076887902,-0.32674063423525945,-1.5101665498287389,-2.119199544797297,True,True,0.0,0.0,1.0719728493831902,2.1439456987663803
3480,58.0,True,True,91.3237570918409,50.0,98.59427182016739,7.618088964853229,9.231858431141646,7.618112460221198,74.0,41.3237570918409,42.49171918761772,42.916636379493895,40.97491485998393,0.2507304795381318,0.09606507702701281,0.25367994090885737,0.2555235450167402,42.916636379493895,-0.0716211070610584,0.399378766878242,0.2534230928427405,-0.0716211070610584,0.399378766878242,40.79160387239933,41.40074780439977,0.1438552218615018,-0.3271446520777986,-1.5158885750941238,-2.1250325070945664,True,True,0.0,0.0,1.0744359135938955,2.148871827187791
3485,58.083333333333336,True,True,91.33542122715977,50.0,98.5964886121409,7.583957669808456,9.185333990871513,7.5864152095837625,74.0,41.33542122715977,42.617500684719126,43.043675691566314,41.096175838399546,0.24991028150418435,0.09538865693440977,0.2528459632153057,0.2546823380245678,43.043675691566314,-0.07286665917145885,0.3982740804234606,0.2525899595417741,-0.07286665917145885,0.3982740804234606,40.91281024224871,41.5220649646991,0.14359174239889277,-0.32754899719602665,-1.521610726867216,-2.1308654493176036,True,True,0.0,0.0,1.0768989406238307,2.1537978812476615
3490,58.166666666666664,True,True,91.34698852157756,50.0,98.59867855717665,7.550041299657991,9.139154823399437,7.55490394858478,74.0,41.34698852157756,42.74328297449753,43.170715804242505,41.217437603473904,0.24909389288491093,0.09471704182141813,0.25201587977835066,0.25384506493080156,43.170715804242505,-0.07410860307591022,0.3971726597759546,0.25176071655710075,-0.07410860307591022,0.3971726597759546,41.03401743446788,41.64338280118052,0.14332759484515306,-0.3279536680067118,-1.5273330030619832,-2.136698369774628,True,True,0.0,0.0,1.07936193146743,2.15872386293486
3495,58.25,True,True,91.35845988852721,50.0,98.60084200738304,7.516338206732314,9.093317627067535,7.523577351155694,74.0,41.35845988852721,42.869066019206706,43.29775667939877,41.3387001178242,0.24828129037816407,0.09405019657933346,0.2511896666346452,0.2530117014840926,43.29775667939877,-0.07534696145462078,0.3960744831340047,0.2509353399476368,-0.07534696145462078,0.3960744831340047,41.15522541257124,41.76470127775,0.1430627816499121,-0.32835866293871335,-1.5330554016487739,-2.1425312668275325,True,True,0.0,0.0,1.0818248871042981,2.1636497742085963
3500,58.333333333333336,True,True,91.36983623193734,50.0,98.6029793099577,7.48284675703691,9.0478191376924,7.492434101345367,74.0,41.36983623193734,42.99484978221399,43.42479828003613,41.45996334516062,0.24747245086258826,0.09338808637841167,0.25036730000752344,0.2521822236243952,43.42479828003613,-0.07658175680906054,0.39497952887225557,0.25011380596265553,-0.07658175680906054,0.39497952887225557,41.276434141145444,41.886020359382904,0.14279730524786038,-0.3287639804334557,-1.5387779206532244,-2.1483641388906847,True,True,0.0,0.0,1.0842878084994048,2.1685756169988095
3505,58.416666666666664,True,True,91.38111844633853,50.0,98.60509080726004,7.449565330146484,9.002656128093022,7.461472893250161,74.0,41.38111844633853,43.12063422797751,43.55184057025728,41.58122725026418,0.2466673513960124,0.09273067666515147,0.24954875630533901,0.2513566074829669,43.55184057025728,-0.07781301146188985,0.39388777554179705,0.24929609102714495,-0.07781301146188985,0.39388777554179705,41.39764358582731,42.007340012102226,0.14253116805883015,-0.32916961894485675,-1.5445005581550575,-2.154196984429973,True,True,0.0,0.0,1.086750696603299,2.173501393206598
3510,58.5,True,True,91.3923074169682,50.0,98.60717683688235,7.416492319142819,8.957825407624625,7.430692430986014,74.0,41.392307416968194,43.24641932202389,43.67888351524413,41.70249179896477,0.24586596921385712,0.09207793315961371,0.24873401211981722,0.25053482936765253,43.67888351524413,-0.07904074757105256,0.39279920185607514,0.24848217175645007,-0.07904074757105256,0.39279920185607514,41.51885371328251,42.12866020295702,0.1422643724884226,-0.3295755769387051,-1.550223312287109,-2.1600298019616204,True,True,0.0,0.0,1.0892135523522846,2.178427104704569
3515,58.583333333333336,True,True,91.40340401987426,50.0,98.60923773172,7.383626130465359,8.913323821718834,7.400091428576076,74.0,41.40340401987426,43.37220503092626,43.805927081235524,41.823756958119766,0.24506828172755618,0.09142982185277666,0.2479230442244237,0.24971686577760013,43.805927081235524,-0.08026498711553881,0.3917137867051387,0.2476720249562732,-0.08026498711553881,0.3917137867051387,41.64006449118428,42.249980900001376,0.14199692092753854,-0.32998185289313897,-1.5559461812341482,-2.1658625900512405,True,True,0.0,0.0,1.0916763766686142,2.1833527533372283
3520,58.666666666666664,True,True,91.41440912201782,50.0,98.61127382004051,7.350965183806494,8.86914825142945,7.369668609881515,74.0,41.414409122017815,43.497991322282736,43.93297123550556,41.945022695592826,0.24427426652299392,0.09078630900392681,0.2471158295727475,0.24890269340326088,43.93297123550556,-0.08148575189531493,0.39063150915571565,0.24686562759338815,-0.08148575189531493,0.39063150915571565,41.76127588819287,42.37130207227367,0.14172881575245477,-0.3303884452985758,-1.5616691632318904,-2.171695347312692,True,True,0.0,0.0,1.0941391704606993,2.1882783409213986
3525,58.75,True,True,91.42532358137427,50.0,98.61328542555137,7.318507912092258,8.825295612984462,7.339422708613938,74.0,41.42532358137427,43.62377816469518,44.06001594634213,42.06628898023327,0.24348390135895645,0.0901473611380845,0.2463123452968994,0.24809228909695777,44.06001594634213,-0.08270306355958729,0.3895523484229559,0.24606295683956889,-0.08270306355958729,0.3895523484229559,41.882487873935005,42.49262368977621,0.14146005932599812,-0.330795352656545,-1.567392256565924,-2.177528072407128,True,True,0.0,0.0,1.0966019346232612,2.1932038692465223
3530,58.833333333333336,True,True,91.43614824703354,50.0,98.61527286746708,7.28625276124923,8.781762857343793,7.30935246814208,74.0,41.43614824703354,43.749565527748416,44.187061183025904,42.18755578185561,0.24269716416559742,0.0895129450434636,0.24551256870592586,0.24728562991703257,44.187061183025904,-0.0839169435642349,0.3884762839130065,0.245263990013018,-0.0839169435642349,0.3884762839130065,42.003700418983854,42.6139457234552,0.1411906539959739,-0.33120257348126747,-1.573115459570701,-2.1833607640420496,True,True,0.0,0.0,1.099064670037541,2.198129340075082
3535,58.916666666666664,True,True,91.446883959299,50.0,98.61723646057494,7.254198190270031,8.738546969762652,7.279456641585767,74.0,41.446883959299,43.87535338198973,44.31410691580963,42.30882307121953,0.24191403304291814,0.0888830277689649,0.24471647728423682,0.2464826930689833,44.31410691580963,-0.08512741322840806,0.3874032951664198,0.24446870462229528,-0.08512741322840806,0.3874032951664198,42.12491349483942,42.7352681451811,0.1409206020974365,-0.33161010629739135,-1.5788387706285292,-2.189193420970213,True,True,0.0,0.0,1.1015273775714736,2.203054755142947
3540,59.0,True,True,91.45753154978529,50.0,98.61917651529987,7.222342670981561,8.695644969360899,7.249733991623202,74.0,41.45753154978529,44.0011416989088,44.44115311589789,42.430090820010264,0.24113448625926218,0.08825757662170228,0.24392404869004877,0.24568345594961102,44.44115311589789,-0.08633449369196311,0.38633336190072515,0.24367707836631783,-0.08633449369196311,0.38633336190072515,42.246127073909115,42.856590927729265,0.14064990595111412,-0.33201794964157416,-1.5845621881686256,-2.1950260419887755,True,True,0.0,0.0,1.1039900580798692,2.2079801161597383
3545,59.083333333333336,True,True,91.46809184151492,50.0,98.62109333776822,7.190684687942564,8.653053908697743,7.2201832904225824,74.0,41.46809184151492,44.126930450917925,44.5681997554271,42.55135900081919,0.24035850224982366,0.08763655916456145,0.24313526075384198,0.24488789614702003,44.5681997554271,-0.0875382059153964,0.38526646401050274,0.2428890890611456,-0.0875382059153964,0.38526646401050274,42.367341129488835,42.97791404476104,0.1403785678634827,-0.3324261020624164,-1.590285710666059,-2.2008586259382668,True,True,0.0,0.0,1.1064527124045798,2.2129054248091595
3550,59.166666666666664,True,True,91.47856564901383,50.0,98.62298722987067,7.1592227385468306,8.610770873352166,7.190803319772385,74.0,41.47856564901383,44.25271961133262,44.69524680744595,42.672627587124936,0.23958605961516957,0.08701994321379027,0.24235009147683226,0.24409599136703947,44.69524680744595,-0.0887385707506137,0.38420258149662023,0.2421047147571244,-0.0887385707506137,0.38420258149662023,42.488555635744206,43.09923747080504,0.14010659012958077,-0.33283456211765317,-1.596009336640904,-2.206691171701742,True,True,0.0,0.0,1.1089153413746837,2.2178306827493675
3555,59.25,True,True,91.48895377840584,50.0,98.62485848932401,7.127955332588954,8.56879298150885,7.161592870691976,74.0,41.48895377840584,44.37850915435256,44.82229424589608,42.79389655327462,0.23881713711977617,0.08640769683662042,0.2415685190294576,0.24330771955094863,44.82229424589608,-0.08993560882753387,0.3831416945796371,0.24132393365102872,-0.08993560882753387,0.3831416945796371,42.60977056769229,43.220561181238836,0.13983397502868847,-0.3332433283784825,-1.601733064657246,-2.2125236782037945,True,True,0.0,0.0,1.1113779458066635,2.222755891613327
3560,59.333333333333336,True,True,91.49925702750586,50.0,98.6267074097321,7.096880992410391,8.527117383549452,7.1325507436026925,74.0,41.49925702750586,44.50429905504282,44.94934204559325,42.91516587446556,0.23805171369057865,0.08579978834891971,0.24079052174987786,0.24252305878718292,44.94934204559325,-0.09112934063902495,0.382083783614874,0.24054672408606168,-0.09112934063902495,0.382083783614874,42.73098590118354,43.34188515227099,0.13956072482769108,-0.33365239942620784,-1.607456893322258,-2.218356144409711,True,True,0.0,0.0,1.1138405265045523,2.2276810530091047
3565,59.416666666666664,True,True,91.5094761859122,50.0,98.62853428064577,7.0659982527950405,8.485741261649324,7.1036757482570465,74.0,41.509476185912206,44.63008928931552,45.07639018220868,43.03643552672726,0.23728976841553465,0.08519618631287446,0.24001607814248918,0.24174198731133403,45.07639018220868,-0.09231978654084422,0.38102882909248065,0.23977306458114073,-0.09231978654084422,0.38102882909248065,42.8522016128841,43.46320936092332,0.13928684178114661,-0.3340617738521783,-1.6131808212853542,-2.224188569324575,True,True,0.0,0.0,1.116303084260131,2.232606168520262
3570,59.5,True,True,91.51961203509771,50.0,98.6303393876219,7.0353056607854825,8.444661829379456,7.074966703590533,74.0,41.51961203509771,44.75587983391169,45.20343863225081,43.15770548690371,0.23653128054220132,0.08459685953470157,0.23924516687645217,0.24096448353558117,45.20343863225081,-0.09350696672324382,0.3799768116658373,0.23900293386018348,-0.09350696672324382,0.3799768116658373,42.973417680258386,43.584533785013576,0.13901232813025613,-0.33447145025882496,-1.618904847237232,-2.2300209519924223,True,True,0.0,0.0,1.1187656198530747,2.2375312397061493
3575,59.583333333333336,True,True,91.52966534849976,50.0,98.63212301228154,7.004801775502983,8.403876331313697,7.046422437576723,74.0,41.52966534849976,44.88167066638356,45.3304873730474,43.278975732635985,0.23577622947632526,0.08400177706238972,0.2384777667842339,0.2401905260781223,45.3304873730474,-0.09469090118257617,0.37892771217995425,0.2382363107496076,-0.09469090118257617,0.37892771217995425,43.09463408155205,43.705858403138365,0.13873718610183194,-0.33488142726069847,-1.6246289699090326,-2.2358532914953457,True,True,0.0,0.0,1.1212281340511157,2.2424562681022313
3580,59.666666666666664,True,True,91.53963689160945,50.0,98.63388543236711,6.974485168326055,8.363382042641234,7.018041787429766,74.0,41.53963689160945,45.00746176507713,45.4575363827279,43.400246242345204,0.23502459478044604,0.08341090818346891,0.23771385686016333,0.23942009366016465,45.4575363827279,-0.09587160982040349,0.3778815115723714,0.2374731742808308,-0.09587160982040349,0.3778815115723714,43.2158507957752,43.82718319465637,0.13846141791220673,-0.33529170348056814,-1.6303531880715312,-2.2416855869527055,True,True,0.0,0.0,1.123690627610223,2.247381255220446
3585,59.75,True,True,91.54952742205941,50.0,98.63562692179876,6.944354422510244,8.32317626878394,6.98982359926498,74.0,41.54952742205941,45.13325310911494,45.584585640206086,43.521516995215784,0.23427635617251244,0.08282422242280837,0.2369534162590001,0.23865316520893431,45.584585640206086,-0.09704911234427227,0.37683819097238924,0.23671350361705665,-0.09704911234427227,0.37683819097238924,43.33706780268576,43.948508139671844,0.13818502576345493,-0.3357022775532066,-1.6360775005342418,-2.247517837520327,True,True,0.0,0.0,1.1261531012747332,2.2523062025494665
3590,59.833333333333336,True,True,91.55933768971093,50.0,98.63734775072986,6.914408133286415,8.283256345018998,6.961766728223097,74.0,41.55933768971093,45.25904467837935,45.71163512516314,43.642787971178805,0.23353149352451216,0.08224168954044185,0.23619642429451757,0.23788971978409792,45.71163512516314,-0.0982234283384889,0.37579773163029984,0.23595727809720304,-0.0982234283384889,0.37579773163029984,43.458285082773536,44.06983321901859,0.1379080118462019,-0.33611314812258686,-1.6418019061445506,-2.253350042389606,True,True,0.0,0.0,1.1286155557775341,2.2572311115550683
3595,59.916666666666664,True,True,91.56906843673984,50.0,98.63904818560164,6.884644907642567,8.243619636106402,6.933870038287409,74.0,41.56906843673984,45.38483645349594,45.838684818030906,43.76405915089606,0.23278998686111368,0.08166327952942012,0.23544286043809792,0.23712973662190964,45.838684818030906,-0.09939457722156408,0.37476011495994965,0.2352044772212594,-0.09939457722156408,0.37476011495994965,43.57950261724405,44.191158414243866,0.13763037833804,-0.3365243138434737,-1.6475264037870403,-2.259182200786853,True,True,0.0,0.0,1.1310779918402085,2.262155983680417
