time_s,time_min,falla_prop_inyectada,falla_remi_inyectada,BIS,BIS_ref,BIS_desde_Ce_real,BIS_desde_Ce_bis,BIS_mas,BIS_menos,age_patient,error,Ce_remi_pred,Ce_remi_corr,Ce_remi_prom,Ce_prop,Ce_remi,Ce_bis,Ce_prop_obs,Ce_remi_obs,Ce_bis_menos,Ce_bis_mas,Ce_bis_inv,Ce_prop_menos,Ce_prop_mas,Ce_remi_menos,Ce_remi_mas,r_prop_sup,r_prop_inf,r_remi_sup,r_remi_inf,fallo_prop,fallo_remi,u_prop_app,u_remi_app,u_prop_cmd,u_remi_cmd
0,0.0,False,False,93.0,50.0,95.9,93.0,93.0,92.99859384556382,74.0,43.0,0.0,0.0,0.06,0.0,0.0,0.0,9.185896487906575e-12,0.0,-0.06003361123466673,0.004932777515969128,7.321432349272073e-12,-0.06003361123466673,0.004932777515969128,-0.06003994062621891,0.00492011874756218,0.004932777506783231,-0.060033611243852626,0.00492011874756218,-0.06003994062621891,False,False,0.0,0.0,6.043972499999999,6.043972499999999
5,0.08333333333333333,False,False,92.99515169190265,50.0,95.89228900515155,92.97915815554757,92.83982082177273,92.31233481197503,74.0,42.99515169190265,0.14742010188281207,0.14889430290164019,-0.027559910939328365,0.01927387911056376,0.06882320395418404,0.0,9.185896487906575e-12,0.14889430290164019,0.01835127399760665,0.07665965839182153,7.321432349272073e-12,0.01835127399760665,0.07665965839182153,0.25375151075794755,0.3119301684916699,0.07665965838263562,0.018351273988420756,0.1630358655900297,0.10485720785630737,False,False,6.043972499999999,6.043972499999999,0.3697635339346066,0.3697635339346066
10,0.16666666666666666,False,False,92.96042603306536,50.0,95.81677577168121,92.92525041196966,92.92536900780414,92.56229259156699,74.0,42.96042603306536,0.2898461698169258,0.29274463151509506,0.2828408396248087,0.05791141935795871,0.2034916716289493,0.0005268644426936545,9.185896487906575e-12,0.29274463151509506,-0.024739929433985803,0.04064469031392859,0.0004241258829551953,-0.024739929433985803,0.04064469031392859,0.2924985954848575,0.35743985245477505,0.040644690304742694,-0.024739929443171698,0.06469522093968,-0.0002460360302375397,False,False,0.3697635339346066,0.3697635339346066,0.3679947800337191,0.3679947800337191
15,0.25,False,False,92.80429939640435,50.0,95.64805609698038,92.80059216759012,92.70971390661545,91.85642247750137,74.0,42.804299396404346,0.42756899327313524,0.4318446832058666,0.3249692239698163,0.09722605868860033,0.33574630787773085,0.01466563384734565,0.005739575742973102,0.4318446832058666,0.010581386939556833,0.07415930720001634,0.011805835251607277,0.010581386939556833,0.07415930720001634,0.48972836429196553,0.5527806409231304,0.06841973145704325,0.004841811196583732,0.12093595771726379,0.057883681086098926,False,False,0.3679947800337191,0.3679947800337191,0.353104021764662,0.353104021764662
20,0.3333333333333333,False,False,92.443836298558,50.0,95.37874154078452,92.43334237797988,92.4869103877964,91.4217886019246,74.0,42.443836298558,0.5605364274697698,0.5661417917444675,0.5212545026075479,0.1371257040544355,0.4654426548565882,0.03856197755084152,0.02830693469486505,0.5661417917444675,0.02249661394714461,0.08986033828151505,0.031042391930486704,0.02249661394714461,0.08986033828151505,0.579575809421326,0.6460646874560869,0.06155340358665,-0.005810320747720438,0.07992289571161937,0.013434017676858478,False,False,0.353104021764662,0.353104021764662,0.3255081931436709,0.3255081931436709
25,0.4166666666666667,False,False,91.85875295547679,50.0,95.00671907031553,91.83735828894224,91.74055792069166,90.39729558894028,74.0,41.85875295547679,0.6883958828821927,0.6952798417110146,0.6128202484387064,0.17744025291679838,0.5921603290936358,0.06827562805098439,0.05652851529803229,0.6952798417110146,0.05864788262681611,0.12613458234046446,0.05496188057682048,0.05864788262681611,0.12613458234046446,0.7287498522919562,0.795213443909294,0.06960606704243216,0.0021193673287838236,0.0999336021982794,0.03347001058094157,False,False,0.3255081931436709,0.3255081931436709,0.29329199065141903,0.29329199065141903
30,0.5,False,False,91.06159140763108,50.0,94.53441062792146,91.02557376976073,91.05600736322384,89.48704433225964,74.0,41.061591407631084,0.8107201297724445,0.8188273310701689,0.7619816481006252,0.21795205058303904,0.7153216417155991,0.10140656290144234,0.08846267219823858,0.8188273310701689,0.08511760283671307,0.15498981595403513,0.08163228314083426,0.08511760283671307,0.15498981595403513,0.8316274229853041,0.9001417764118413,0.06652714375579655,-0.00334506936152551,0.08131444534167243,0.012800091915135203,False,False,0.29329199065141903,0.29329199065141903,0.260882835971756,0.260882835971756
35,0.5833333333333334,False,False,90.07555281090895,50.0,93.96809812741851,90.02181276748864,89.98811422992299,88.20192364605651,74.0,40.075552810908945,0.9271227202139036,0.9363939474160426,0.8658845996985727,0.25843751785265556,0.8343445937916133,0.13663233756948873,0.12297753212724274,0.9363939474160426,0.1219718954063885,0.19270640173823586,0.10998903174499902,0.1219718954063885,0.19270640173823586,0.9540492070278311,1.023212564161323,0.06972886961099312,-0.0010056367208542416,0.08681861674528035,0.017655259611788487,False,False,0.260882835971756,0.260882835971756,0.2298740817345557,0.2298740817345557
40,0.6666666666666666,False,False,88.92796739219969,50.0,93.31710577464699,88.85410978357332,88.92674740595774,86.94520763284979,74.0,38.92796739219969,1.0372933834268432,1.0476663172611116,0.9886308855945771,0.29868646785232283,0.9487111057450507,0.17318504191269718,0.1593507750300887,1.0476663172611116,0.15510345750322843,0.22760261646537563,0.1394139587324844,0.15510345750322843,0.22760261646537563,1.054082185817921,1.124688144781286,0.06825184143528693,-0.004247317526860278,0.07702182752017439,0.006415868556809423,False,False,0.2298740817345557,0.2298740817345557,0.20103378329827917,0.20103378329827917
45,0.75,False,False,87.64811408719702,50.0,92.59294677199428,87.55246480848,87.63331052788452,85.47893342529576,74.0,37.648114087197015,1.1410098876229215,1.1524199864991507,1.0893851652996034,0.3385090515644231,1.057989016249537,0.21056526646153267,0.19706729077488488,1.1524199864991507,0.19279141404275135,0.26641008880391803,0.16950503950870371,0.19279141404275135,0.26641008880391803,1.1577614483861776,1.2292282670154713,0.06934279802903315,-0.004275876732133532,0.0768082805163206,0.005341461887026888,False,False,0.20103378329827917,0.20103378329827917,0.17486043577503882,0.17486043577503882
50,0.8333333333333334,False,False,86.26581403490314,50.0,91.80847143382181,86.14739167466414,86.32658214992144,84.01690833404022,74.0,36.265814034903144,1.2381421266626385,1.250523547929265,1.1934948577008244,0.3777389470335695,1.1618400459092602,0.24840792240531973,0.2357217860710989,1.250523547929265,0.2290530497447863,0.3041393926737338,0.19996837753164984,0.2290530497447863,0.3041393926737338,1.2484989438273362,1.321116151352015,0.0684176066026349,-0.0066687363263125965,0.0705926034227502,-0.0020246041019287286,False,False,0.17486043577503882,0.17486043577503882,0.15167319899510995,0.15167319899510995
55,0.9166666666666666,False,False,84.81015273303663,50.0,90.97706531429012,84.6686044262044,84.90112561021293,82.45895439937733,74.0,34.81015273303663,1.3286513599701493,1.3419378735698508,1.2848075475896756,0.4162349869388988,1.2600220044942956,0.286422547552564,0.2749736877988653,1.3419378735698508,0.2672068683828412,0.34347717117396387,0.23057015077888537,0.2672068683828412,0.34347717117396387,1.3366780271217402,1.4101921710190746,0.0685034833750986,-0.007766819416024084,0.06825429744922373,-0.005259846448110617,False,False,0.15167319899510995,0.15167319899510995,0.1316179767678054,0.1316179767678054
60,1.0,False,False,83.30835500790977,50.0,90.11194956000145,83.1438670186569,83.47309107250311,80.91476058088064,74.0,33.30835500790977,1.4125852107913663,1.42671106289928,1.3734350990704074,0.453881593740913,1.3523867582587608,0.32436734555995694,0.3145271528631383,1.42671106289928,0.30464709913740895,0.3822248424485951,0.2611157131728305,0.30464709913740895,0.3822248424485951,1.415848259295837,1.4903525105771505,0.0676976895854568,-0.009880053725729365,0.06364144767787039,-0.01086280360344305,False,False,0.1316179767678054,0.1316179767678054,0.11467791864681573,0.11467791864681573
65,1.0833333333333333,False,False,81.78491966216409,50.0,89.22562215295038,81.5981144507732,82.00370441157943,79.34843498310713,74.0,31.784919662164086,1.4900690828635608,1.5049697736921963,1.4531003849364938,0.49058812565428594,1.4388744770034925,0.3620378993841434,0.3541226159196412,1.5049697736921963,0.34264379126070144,0.42139500732973595,0.2914405090053606,0.34264379126070144,0.42139500732973595,1.4902782682544182,1.5656522120200647,0.06727239141009472,-0.01147882465893979,0.06068243832786835,-0.014691505437778085,False,False,0.11467791864681573,0.11467791864681573,0.10070018516686785,0.10070018516686785
70,1.1666666666666667,False,False,80.26107074726085,50.0,88.32945739934479,80.05290154489069,80.55323313461292,77.81526343163794,74.0,30.261070747260845,1.561294993558889,1.5769079434944777,1.5279652401372414,0.5262872983609508,1.519504878384252,0.3992619508284695,0.3935332539988849,1.5769079434944777,0.38002139082329767,0.4599794560871386,0.3214058704209947,0.38002139082329767,0.4599794560871386,1.557598037182385,1.6338598768762373,0.06644620208825369,-0.013511863175587224,0.056951933381759634,-0.01930990631209273,False,False,0.10070018516686785,0.10070018516686785,0.08943288982936007,0.08943288982936007
75,1.25,False,False,78.75452025689813,50.0,87.43346016328086,78.52617185263848,79.11073030904758,76.30492689255894,74.0,28.754520256898132,1.626508978337261,1.6427740681206338,1.5957289570293112,0.5609329242057182,1.5943664306978487,0.4358964293435552,0.43256321405069686,1.6427740681206338,0.417228203966191,0.49832205176966377,0.3508966256220902,0.417228203966191,0.49832205176966377,1.6197017348622709,1.6967863298849086,0.0657588377189669,-0.015335010084505885,0.05401226176427487,-0.023072333258362887,False,False,0.08943288982936007,0.08943288982936007,0.08056398761539826,0.08056398761539826
80,1.3333333333333333,False,False,77.27949381765713,50.0,86.54615576529432,77.03229531310879,77.70672103075944,74.84447391616473,74.0,27.279493817657126,1.6859981615163324,1.7028581431314957,1.6582440323735899,0.5944972387217767,1.663604537817525,0.47182510235351116,0.4710461741756262,1.7028581431314957,0.45371286863162075,0.5359405925005212,0.37981920739143793,0.45371286863162075,0.5359405925005212,1.6758654193000184,1.7537636765212363,0.06489441832489495,-0.017333305544005473,0.050905533389740576,-0.026992723831477328,False,False,0.08056398761539826,0.08056398761539826,0.07375600852443029,0.07375600852443029
85,1.4166666666666667,False,False,75.846950689143,50.0,85.6745877909805,75.58230310553054,76.33951185037459,73.43169570606429,74.0,25.846950689143,1.740078384299573,1.7574791681425688,1.7148145479106274,0.6269680658285078,1.727409625601046,0.5069562261643606,0.5088436727103727,1.7574791681425688,0.48961103994400584,0.572928750643574,0.40809976206878673,0.48961103994400584,0.572928750643574,1.7270581266936962,1.8057290099284158,0.06408507793320128,-0.01923263276636683,0.048249841785847014,-0.030421041448872588,False,False,0.07375600852443029,0.07375600852443029,0.06867338861263403,0.06867338861263403
90,1.5,False,False,74.4649272604021,50.0,84.82439366113407,74.18424661905419,75.02373512968576,72.07885076238702,74.0,24.464927260402106,1.7890830160772337,1.806973846238006,1.7663935683110559,0.6583460257141508,1.7860058471840365,0.5412200349857419,0.5458430626204972,1.806973846238006,0.5246563355431175,0.609049071003851,0.4356821281619432,0.5246563355431175,0.609049071003851,1.7732108176424457,1.8526364718570754,0.06320600838335377,-0.021186727077379675,0.04566262561906931,-0.03376302859556035,False,False,0.06867338861263403,0.06867338861263403,0.06500152315587626,0.06500152315587626
95,1.5833333333333333,False,False,73.13894232657643,50.0,83.99992995066842,72.84361723245264,73.75947431006082,70.7851478704821,74.0,23.138942326576426,1.8333533130691753,1.851686846199867,1.8129236447497605,0.6886419310412032,1.8396408915980034,0.5745661016992597,0.5819551463525385,1.851686846199867,0.5588776379828991,0.6443139005473713,0.46252571187210384,0.5588776379828991,0.6443139005473713,1.8149195781827456,1.8950704088846988,0.06235875419483272,-0.0230775083696394,0.04338356268483179,-0.03676726801712138,False,False,0.06500152315587626,0.06500152315587626,0.06245822173094437,0.06245822173094437
100,1.6666666666666667,False,False,71.87241658756759,50.0,83.20442413815805,71.5637784691576,72.55282426505637,69.55506842043815,74.0,21.872416587567585,1.873230467315178,1.8919627719883299,1.8549949935337222,0.7178744605987157,1.8885771628229882,0.6069606719282935,0.6171116189580971,1.8919627719883299,0.59214645711826,0.6786071514663836,0.4886033409038191,0.59214645711826,0.6786071514663836,1.8523610521879128,1.9332174886024043,0.06149553250828654,-0.024965161839837102,0.04125471661407443,-0.039601719800417046,False,False,0.06245822173094437,0.06245822173094437,0.06079903061897701,0.06079903061897701
105,1.75,False,False,70.66707365761398,50.0,82.44013507424586,70.34637743365643,71.40328564596447,68.38726139532936,74.0,20.667073657613983,1.9090493243635909,1.9281398176072269,1.8927892703951585,0.7460681522050397,1.9330844199214547,0.6383840792989657,0.6512624588766812,1.9281398176072269,0.6244641346220128,0.7119239561249311,0.513899183831063,0.6244641346220128,0.7119239561249311,1.8859649566036099,1.9675035592620609,0.060661497248249874,-0.026798324254668437,0.03936374165483403,-0.042174861003617004,False,False,0.06079903061897701,0.06079903061897701,0.05981810324497583,0.05981810324497583
110,1.8333333333333333,False,False,69.52330289350421,50.0,81.7085098576079,69.19171583496052,70.31240581798284,67.28218107536611,74.0,19.52330289350421,1.9411336398638548,1.9605449762624934,1.9267342579328353,0.7732517213157962,1.9734338414825319,0.6688283292650149,0.6843733848570082,1.9605449762624934,0.65577320267952,0.7442124270550368,0.5384068050562292,0.65577320267952,0.7442124270550368,1.915983328022819,1.9981853497857989,0.0598390421980286,-0.028600182177488165,0.037640373523305515,-0.044561648239674456,False,False,0.05981810324497583,0.05981810324497583,0.05934616755780445,0.05934616755780445
115,1.9166666666666667,False,False,68.44047448347152,50.0,81.0103293947328,68.09907124496911,69.2787463308555,66.23769548836327,74.0,18.44047448347152,1.9697926852032916,1.9894906120553246,1.9570843389043089,0.7994566881714532,2.0098933964420196,0.6982949099287219,0.7164234661725459,1.9894906120553246,0.6860750228989053,0.7754718720998778,0.5621274024974355,0.6860750228989053,0.7754718720998778,1.9427562383256534,2.0256020690074403,0.05904840592733185,-0.030348443273640613,0.036111456952115706,-0.046734373729671264,False,False,0.05934616755780445,0.05934616755780445,0.059246844093501394,0.059246844093501394
120,2.0,False,False,67.41720438326185,50.0,80.34583847517735,67.06696648383797,68.3015112343713,65.25227185331994,74.0,17.417204383261847,1.995318988677194,2.015272178563966,1.9841791536665467,0.8247162825781085,2.0427243600963054,0.7267928603172753,0.747402941191558,2.015272178563966,0.7153507843132175,0.8056862137187484,0.5850682525602224,0.7153507843132175,0.8056862137187484,1.9665410336552156,2.050013541023588,0.058283272527190344,-0.03205215687834051,0.03474136245962223,-0.04873114490875019,False,False,0.059246844093501394,0.059246844093501394,0.059412234390395086,0.059412234390395086
125,2.0833333333333335,False,False,66.45157123918354,50.0,79.71485874204195,66.09338959671383,67.3785806555941,64.3232730269235,74.0,16.451571239183536,2.0179869998912805,2.038166869890193,2.0082772873394017,0.8490645891433186,2.0721787988122027,0.7543371037358355,0.7773112720981772,2.038166869890193,0.7436092815956094,0.8348638351710523,0.6072413685143602,0.7436092815956094,0.8348638351710523,1.9876177281055496,2.071700012074402,0.05755256307287515,-0.033701990502567836,0.033533142184208664,-0.050549141784643536,False,False,0.059412234390395086,0.059412234390395086,0.059758396221322174,0.059758396221322174
130,2.1666666666666665,False,False,65.54128998656105,50.0,79.1168846271818,65.17596943453381,66.5080401419805,63.448291240502556,74.0,15.541289986561054,2.0380524814308223,2.0584330062451306,2.0296588700899756,0.8725358946521908,2.0984978502312166,0.7809470373007787,0.806155441863939,2.0584330062451306,0.7708535640166987,0.8630093046173438,0.6286623650275488,0.7708535640166987,0.8630093046173438,2.00622176836771,2.0908984419212153,0.05685386275340487,-0.03530187784724026,0.03246543567608473,-0.05221123787742066,False,False,0.059758396221322174,0.059758396221322174,0.06022107942042766,0.06022107942042766
135,2.25,False,False,64.68384794214141,50.0,78.55116334275789,64.31211291159367,65.6874291265458,62.62449942643495,74.0,14.683847942141412,2.055752455932894,2.076309980492223,2.0485601051444626,0.8951642013216464,2.1219106400943915,0.8066453581704951,0.8339484861210622,2.076309980492223,0.7971000814555793,0.8901392834139996,0.6493495133199304,0.7971000814555793,0.8901392834139996,2.0225863179045893,2.1078425786655224,0.05619079729293741,-0.03684840466548289,0.03153259817329923,-0.053723662587633836,False,False,0.06022107942042766,0.06022107942042766,0.06075191878230879,0.06075191878230879
140,2.3333333333333335,False,False,63.87660941645052,50.0,78.01676055943814,63.49911020445604,64.91438928347227,61.84921183400232,74.0,13.87660941645052,2.0713055634887794,2.0920186191236674,2.065214448285056,0.9169828734478023,2.1426336965856687,0.8314571012538958,0.8607082423740394,2.0920186191236674,0.8223644278886584,0.9162703437048625,0.6693229665126182,0.8223644278886584,0.9162703437048625,2.036916268750219,2.1227383702130465,0.055562101330823066,-0.038343814485381045,0.030719751089379077,-0.05510235037344824,False,False,0.06075191878230879,0.06075191878230879,0.06131516082757715,0.06131516082757715
145,2.4166666666666665,False,False,63.116894534541295,50.0,77.51261361238605,62.73421374426567,64.18638359082505,61.119640588373336,74.0,13.116894534541295,2.0849127105847933,2.105761837690641,2.079827319481633,0.9380243894490644,2.160870744531467,0.8554088610315715,0.8864562952933739,2.105761837690641,0.8466688446686528,0.9414251511182835,0.6886041331327306,0.8466688446686528,0.9414251511182835,2.0494056776419067,2.1357805281631603,0.054968855824909624,-0.03978745062472111,0.03001869047251926,-0.05635616004873434,False,False,0.06131516082757715,0.06131516082757715,0.06188492674626479,0.06188492674626479
150,2.5,False,False,62.40203733650999,50.0,77.03757407934833,62.014696214671744,63.50097206019775,60.43313084224998,74.0,12.402037336509991,2.096757915767753,2.1177254949254305,2.0925931029025335,0.9583201758604617,2.176812782572142,0.8785281704143466,0.9112170944285936,2.1177254949254305,0.8700360108055445,0.9656271032678874,0.707215177176704,0.8700360108055445,0.9656271032678874,2.0602281832814344,2.1471435019112404,0.05441000883929381,-0.041181083623049064,0.029418006985809875,-0.057497311643996074,False,False,0.06188492674626479,0.06188492674626479,0.06244297198173371,0.06244297198173371
155,2.5833333333333335,False,False,61.72942750614597,50.0,76.59044145770633,61.33789199833352,62.85570818778458,59.78706909493723,74.0,11.729427506145967,2.1070092780691465,2.128079370849838,2.103685842596337,0.977900504081224,2.1906383652627266,0.9008430113482708,0.9350172214125451,2.128079370849838,0.8924918709372172,0.9889026198457782,0.7251786241293758,0.8924918709372172,0.9889026198457782,2.0695446178128782,2.1569887470239557,0.053885398433233145,-0.042525350475327905,0.028909376174117707,-0.058534753036959764,False,False,0.06244297198173371,0.06244297198173371,0.06297688303732378,0.06297688303732378
160,2.6666666666666665,False,False,61.09653935209202,50.0,76.16998948881513,60.70122577463349,62.24825524306908,59.17897984810527,74.0,11.096539352092023,2.11582001172945,2.1369782118467446,2.113266682418417,0.9967944344345735,2.202514028405105,0.9223814344529115,0.9578847847761608,2.1369782118467446,0.914062857154638,1.011278711895487,0.7425170547377548,0.914062857154638,1.011278711895487,2.077499899088794,2.1654618401898067,0.05339392711932611,-0.043821927621522816,0.028483628343062062,-0.05947831275795057,False,False,0.06297688303732378,0.06297688303732378,0.0634786460135411,0.0634786460135411
165,2.75,False,False,60.50095099823045,50.0,75.7749864768429,60.102231271152945,61.676347218285585,58.60648897485224,74.0,10.50095099823045,2.12332950508046,2.144562800131265,2.1214808696393,1.0150297953040737,2.212594809648288,0.943171267866306,0.979848923028203,2.144562800131265,0.9347768785529109,1.0327837528925132,0.7592528706373287,0.9347768785529109,1.0327837528925132,2.0842267032353896,2.1726960178965946,0.052934829864310196,-0.04507204447529212,0.028133217765329732,-0.06033609689587527,False,False,0.0634786460135411,0.0634786460135411,0.06394352331350908,0.06394352331350908
170,2.8333333333333335,False,False,59.94035615489451,50.0,75.40421074904044,59.538562576978485,61.13783597980958,58.06736082077324,74.0,9.94035615489451,2.129664372902631,2.1509610166316575,2.128461360565992,1.032633187774365,2.2210248276603792,0.9632398983537437,1.0009393987304975,2.1509610166316575,0.9546620340286265,1.0534463343715932,0.7754081181691164,0.9546620340286265,1.0534463343715932,2.0898448563980874,2.1788116582079144,0.05250693564109565,-0.04627736470187105,0.02785064157625694,-0.06111616023357014,False,False,0.06394352331350908,0.06394352331350908,0.06436918101344326,0.06436918101344326
175,2.9166666666666665,False,False,59.41257034716274,50.0,75.05646221796333,59.007999914894576,60.63067453135326,57.55948079344309,74.0,9.412570347162742,2.13493948058196,2.1562888753877796,2.134328257303001,1.0496300083734527,2.227937892245418,0.9826141104363197,1.0211862687793656,2.1562888753877796,0.9737469058879087,1.0732954713073501,0.7910043589074576,0.9737469058879087,1.0732954713073501,2.09446337242413,2.1839182671220136,0.052109202527984566,-0.04743936289145689,0.027629391734234066,-0.06182550296364964,False,False,0.06436918101344326,0.06436918101344326,0.06475501714243607,0.06475501714243607
180,3.0,False,False,58.91553306744838,50.0,74.73057083990801,58.50845136287475,60.15293387402652,57.080866752199846,74.0,8.91553306744838,2.1392589253579737,2.1606515146115535,2.139190819773072,1.0660444842531425,2.23345812496714,1.0013199717162178,1.0406196178309073,2.1606515146115535,0.9920599382857404,1.092360039714921,0.8060625772342519,0.9920599382857404,1.092360039714921,2.0981807543259534,2.1881148172611087,0.05174042188401362,-0.048559679545166934,0.02746330264955521,-0.06247076028560006,False,False,0.06475501714243607,0.06475501714243607,0.06510164911453974,0.06510164911453974
185,3.0833333333333335,False,False,58.44730698804373,50.0,74.42540261977358,58.03795165432887,59.702793501941386,56.62965810225935,74.0,8.447306988043728,2.1427169652613496,2.164144134913963,2.143147785793531,1.0818997165214475,2.2377005754653787,1.0193827546848218,1.0592693447289094,2.164144134913963,1.009629486707961,1.1106687909364157,0.8206031175210683,1.009629486707961,1.1106687909364157,2.1010863026199784,2.191491037335269,0.05139944620750625,-0.0496398580209485,0.02734690242130622,-0.06305783229398454,False,False,0.06510164911453974,0.06510164911453974,0.06541052603229458,0.06541052603229458
190,3.1666666666666665,False,False,58.00607510437435,50.0,74.13986369031882,57.594658948980445,59.27854498328662,56.20411621966792,74.0,8.006075104374347,2.1453988903201004,2.1668528792233013,2.146288669977624,1.0972177285198585,2.2407718229990095,1.0368268870988997,1.0771649922166944,2.1668528792233013,1.0264835056235522,1.1282500641840998,0.8346456441101964,1.0264835056235522,1.1282500641840998,2.1032606959353335,2.1941280088343267,0.051085071967405415,-0.0506814865931422,0.027275129611025406,-0.06359218328796779,False,False,0.06541052603229458,0.06541052603229458,0.06568363817666201,0.06568363817666201
195,3.25,False,False,57.59013647047207,50.0,73.87290289163239,57.1768502215988,58.8785846901148,55.80261584744341,74.0,7.590136470472068,2.147381833549009,2.168855651884499,2.14869435238483,1.11201951667627,2.2427705560746407,1.0536759245208498,1.094335613043495,2.168855651884499,1.0426495262992421,1.1451317506906558,0.8482091192332064,1.0426495262992421,1.1451317506906558,2.1047769317984297,2.1960991005756982,0.050796137647160844,-0.05168608674425279,0.027243448691199212,-0.0640787200860693,False,False,0.06568363817666201,0.06568363817666201,0.06592330160480232,0.06592330160480232
200,3.3333333333333335,False,False,57.197901024435275,50.0,73.62351319226462,56.782915781249386,58.50141170304509,55.42364108773827,74.0,7.197901024435275,2.1487355213603454,2.170222876573949,2.150438016187064,1.126325102209708,2.2437881255356436,1.0699525398727394,1.110809665539182,2.170222876573949,1.058154495708172,1.1613411434195224,0.8613117945913018,1.058154495708172,1.1613411434195224,2.105700942610258,2.197470592195174,0.050531477880340514,-0.05265516983100982,0.027247715621224966,-0.06452193396369088,False,False,0.06592330160480232,0.06592330160480232,0.06613200042063877,0.06613200042063877
205,3.4166666666666665,False,False,56.82788387452902,50.0,73.39073222441537,56.411353276492456,58.14562133423127,55.065777865945186,74.0,6.827883874529022,2.149522964532517,2.1710181941778424,2.151585767402716,1.1401535824563118,2.243909068367072,1.0856785258848147,1.1266149340092853,2.1710181941778424,1.073024744473964,1.1769049000345013,0.8739712133321064,1.073024744473964,1.1769049000345013,2.106092319892141,2.198302396979594,0.05028996602521607,-0.05359018953532124,0.0272842028017517,-0.06492587428570129,False,False,0.06613200042063877,0.06613200042063877,0.06631227305845222,0.06631227305845222
210,3.5,False,False,56.478699318580794,50.0,73.17364214945819,56.06076146901627,57.809900812470666,54.72770841296509,74.0,6.478699318580794,2.149801091896645,2.1712991028156114,2.152197358435868,1.1535231809602637,2.243211600860435,1.100874807160973,1.1417784691001542,2.1712991028156114,1.087285904377463,1.1918489653702913,0.8862042197578831,1.087285904377463,1.1918489653702913,2.106004877873308,2.1986486294063865,0.050070496270137044,-0.05449256472269126,0.027349526590775053,-0.06529422494230364,False,False,0.06631227305845222,0.06631227305845222,0.06646663194617017,0.06646663194617017
215,3.5833333333333335,False,False,56.14905479427286,50.0,72.97136902474438,55.72983396176564,57.49302330924297,54.40820451157468,74.0,6.149054794272857,2.1496213295666724,2.1711175428623393,2.152326753639847,1.1664512957550108,2.2417680807912097,1.1155614592670693,1.156326544919193,2.1711175428623393,1.10096288543598,1.2061985470003158,0.8980269747151852,1.10096288543598,1.2061985470003158,2.105487230310554,2.198558182305646,0.049872002081122746,-0.05536365948321298,0.027440639443306658,-0.06563031255178542,False,False,0.06646663194617017,0.06646663194617017,0.0665975083167416,0.0665975083167416
220,3.6666666666666665,False,False,55.83774490080572,50.0,72.78308180617549,55.41735302600513,57.193842988105324,54.10612176968988,74.0,5.837744900805717,2.1490301289381253,2.1705204302275067,2.1520227063080997,1.1789545454702564,2.2396454389809937,1.1297577328002697,1.1702846296399911,2.1705204302275067,1.1140798368359783,1.2199780786751209,0.9094549749087947,1.1140798368359783,1.2199780786751209,2.104583276377949,2.198075215148293,0.04969344903512973,-0.056204792804012804,0.027554784920786446,-0.0659371538495579,False,False,0.0665975083167416,0.0665975083167416,0.06670721582505254,0.06670721582505254
225,3.75,False,False,55.54364558921459,50.0,72.60799109183657,55.1221836178271,56.911289545825994,53.82039360891657,74.0,5.5436455892145915,2.1480694468847608,2.1695501413536085,2.151329245763121,1.191048813055356,2.2369055811150633,1.1434820808421635,1.1836773672958771,2.1695501413536085,1.1266601366006836,1.2332112098205867,0.9205030750710194,1.1266601366006836,1.2332112098205867,2.1033326667549526,2.1972396210396954,0.049533842524709604,-0.05701723069519349,0.027689479686086926,-0.0662174745986559,False,False,0.06670721582505254,0.06670721582505254,0.06679792810554169,0.06679792810554169
230,3.8333333333333335,False,False,55.26570858619197,50.0,72.44534768867982,54.84326764949357,56.6443633437002,53.55002588694543,74.0,5.26570858619197,2.1467771816453425,2.168244953461796,2.1502861438973238,1.2027492870229086,2.2336057610194,1.156752188554952,1.19652856857565,2.168244953461796,1.1387263777301626,1.245920793115493,0.931185511785634,1.1387263777301626,1.245920793115493,2.1017712108152202,2.196087435569641,0.049392224539843044,-0.05780219084548732,0.027842482107845345,-0.06647374264657557,False,False,0.06679792810554169,0.06679792810554169,0.06687166655459793,0.06687166655459793
235,3.9166666666666665,False,False,55.00295609212049,50.0,72.29444106571185,54.579618552002586,56.392130509775065,53.294091616728245,74.0,5.002956092120492,2.1451875678558583,2.1666394435344167,2.148929323192431,1.2140705001975358,2.229798926810785,1.169585003965089,1.208861209004772,2.1666394435344167,1.1503003688917561,1.258128885499272,0.9415159281903925,1.1503003688917561,1.258128885499272,2.0999312551138782,2.194651216315375,0.049267676494500146,-0.058560840113015766,0.028011772780958122,-0.0667081884205385,False,False,0.06687166655459793,0.06687166655459793,0.06693029551183831,0.06693029551183831
240,4.0,False,False,54.75447577621235,50.0,72.15459774243124,54.33031615214139,56.153718459215064,53.05172615021277,74.0,4.754475776212352,2.1433315340768355,2.1647648494176037,2.1472912357146265,1.2250263660118996,2.2255340414518545,1.1819967692058886,1.2206974329871627,2.1647648494176037,1.1614031356192986,1.2698567503167908,0.9515073992066846,1.1614031356192986,1.2698567503167908,2.097842019583632,2.192960380302725,0.04915931732962808,-0.05929429736786407,0.02819553088512139,-0.06692282983397169,False,False,0.06693029551183831,0.06693029551183831,0.06697552270131199,0.06697552270131199
245,4.083333333333333,False,False,54.51941607867671,50.0,72.0251796496335,54.094501868790275,55.928311571182036,52.82212259374737,74.0,4.519416078676713,2.141237026014319,2.162649396274462,2.1454011999431786,1.235630212430922,2.220856379294548,1.1940030516709914,1.2320585626787761,2.162649396274462,1.1720549293471652,1.2811248668161361,0.9611724565934765,1.1720549293471652,1.2811248668161361,2.0955299051560523,2.1910415125906186,0.04906630413736002,-0.06000363333161096,0.028392116316156457,-0.06711949111840987,False,False,0.06697552270131199,0.06697552270131199,0.06700890332195297,0.06700890332195297
250,4.166666666666667,False,False,54.29698182053147,50.0,71.9055824905309,53.87137423147317,55.71514720597733,52.604527601981715,74.0,4.296981820531471,2.138929298453857,2.1603185914383953,2.1432857088733357,1.2458948136105255,2.215807800199074,1.2056187746732883,1.2429651105355333,2.1603185914383953,1.1822752377086316,1.2919529411436588,0.9705231136058956,1.1822752377086316,1.2919529411436588,2.0930187690468554,2.188918642575611,0.048987830608125504,-0.060689872826901636,0.028600051137215754,-0.06729982239153998,False,False,0.06700890332195297,0.06700890332195297,0.06703184658193148,0.06703184658193148
255,4.25,False,False,54.08643011514174,50.0,71.79523412292642,53.66018470763669,55.51351193482812,52.398237431628125,74.0,4.086430115141738,2.1364311787322126,2.157795490519535,2.1409687058112334,1.2558324194125692,2.210427002785521,1.2168582473162732,1.2534367950028353,2.157795490519535,1.1920827994253143,1.3023599217121298,0.9795708890827428,1.1920827994253143,1.3023599217121298,2.090330174625688,2.186613494722007,0.04892312670929444,-0.06135399557752108,0.028818004202471936,-0.06746531589384697,False,False,0.06703184658193148,0.06703184658193148,0.06704562378146657,0.06704562378146657
260,4.333333333333333,False,False,53.88706657111611,50.0,71.69359297753832,53.4602338372769,55.32273807103381,52.202594324758856,74.0,3.887066571116108,2.1337633043706536,2.1551009374143604,2.1384718346738474,1.265454782905664,2.2047497583222335,1.227735193372882,1.2634925582075993,2.1551009374143604,1.2014956198085227,1.3123640152558531,0.9883268306700758,1.2014956198085227,1.3123640152558531,2.0874836157426553,2.1841457137344698,0.0488714570482538,-0.061996938399076607,0.029044776320109378,-0.06761732167170509,False,False,0.06704562378146657,0.06704562378146657,0.0670513772851495,0.0670513772851495
265,4.416666666666667,False,False,53.69824177329194,50.0,71.6001465231707,53.27086764785548,55.14220041029179,52.01698313243593,74.0,3.69824177329194,2.130944337293139,2.1522537806660704,2.1358146647385627,1.2747731859842788,2.198809126687079,1.2382627790355145,1.273150585671192,2.1522537806660704,1.2105309894185923,1.321982705936408,0.9968015371222919,1.2105309894185923,1.321982705936408,2.084496719494517,2.1815330680737395,0.048832120265215995,-0.06261959625259972,0.029279287407669052,-0.06775706117155345,False,False,0.0670513772851495,0.0670513772851495,0.06705012990420134,0.06705012990420134
270,4.5,False,False,53.51934802679258,50.0,71.51440978601087,53.09147434236669,54.971313234645784,51.84082822198524,74.0,3.519348026792578,2.1279911568570578,2.1492710684256284,2.1330148937841282,1.283798463237519,2.1926356557606073,1.2484536394539723,1.2824283271797867,2.1492710684256284,1.2192055028485307,1.3312327745861683,1.0050051797539254,1.2192055028485307,1.3312327745861683,2.0813854285100613,2.178791632954815,0.04880444740638157,-0.06322282433125603,0.02952056452918672,-0.06788563991556718,False,False,0.06705012990420134,0.06705012990420134,0.06704279434537168,0.06704279434537168
275,4.583333333333333,False,False,53.34981634823265,50.0,71.43592392770101,52.921481242611016,54.809527522633,51.673590610690866,74.0,3.3498163482326504,2.124919033736391,2.1461682240737545,2.130088530732438,1.2925410241953204,2.1862575655282788,1.2583199040187065,1.2913425184814513,2.1461682240737545,1.2275350790145414,1.3401303193990668,1.0129475227346576,1.2275350790145414,1.3401303193990668,2.078164165357999,2.1759359554006905,0.048787800917615476,-0.06380743946690992,0.029767731326935998,-0.06800405871575554,False,False,0.06704279434537168,0.06704279434537168,0.06703018248564108,0.06703018248564108
280,4.666666666666667,False,False,53.18911368784912,50.0,71.36425488481468,52.760351966688525,54.65632837335441,51.514765328086476,74.0,3.1891136878491224,2.121741786519262,2.1429592043844545,2.1270500603793447,1.301010874074474,2.1797009180854205,1.2678732203775895,1.2999092036813635,2.1429592043844545,1.2355349818418686,1.3486907770074295,1.0206379424032548,1.2355349818418686,1.3486907770074295,2.0748459804346,2.172979202734798,0.04878157332606592,-0.06437422183949493,0.030019998350343524,-0.06811322394985453,False,False,0.06703018248564108,0.06703018248564108,0.06701301430871713,0.06701301430871713
285,4.75,False,False,53.03674036647139,50.0,71.29899207084014,52.60758382597446,54.511232620394026,51.36387898135805,74.0,3.036740366471392,2.118471922714895,2.139656641942044,2.1239125915846992,1.3092176331404328,2.172989774655735,1.2771247771973764,1.3081437579860904,2.139656641942044,1.2432198414752875,1.356928944045509,1.0280854456443649,1.2432198414752875,1.356928944045509,2.0714426852032464,2.1699332963743427,0.04878518605941862,-0.06492391651080287,0.030276654432298766,-0.0682139567387976,False,False,0.06701301430871713,0.06701301430871713,0.06699192639684379,0.06699192639684379
290,4.833333333333333,False,False,52.892227711678174,50.0,71.23974714062471,52.462705429469416,54.37378663541352,51.220487520254295,74.0,2.8922277116781743,2.1151207657095217,2.136271973366617,2.1206879907887943,1.317170554793825,2.166146340653493,1.2860853256978544,1.3160609103927527,2.136271973366617,1.2506036752643597,1.3648589984713386,1.0352986871817393,1.2506036752643597,1.3648589984713386,2.0679649720834474,2.1668090322342213,0.04879808807858588,-0.06545723512839308,0.030537058867604383,-0.06830700128316947,False,False,0.06699192639684379,0.06699192639684379,0.06696747991367864,0.06696747991367864
295,4.916666666666667,False,False,52.75513587812407,50.0,71.18615281638863,52.32527447119592,54.24356428528136,51.08417416508697,74.0,2.7551358781240722,2.111698569066923,2.132815554757592,2.1173870021588344,1.3248785424832625,2.1591910997420607,1.2947651999986312,1.3236747665619077,2.132815554757592,1.2576999093652819,1.3724945214779756,1.042285985992885,1.2576999093652819,1.3724945214779756,2.0644225224166917,2.1636161891666656,0.048819754916067826,-0.06597485719662588,0.030800634409073435,-0.06839303234090055,False,False,0.06696747991367864,0.06696747991367864,0.06694016804502416,0.06694016804502416
300,5.0,False,False,52.625051837781044,50.0,71.13786177380479,52.19487569555896,54.1201650607701,50.95454751244198,74.0,2.6250518377810437,2.1082146194368208,2.129296765631189,2.1140193557916787,1.3323501655387051,2.1521429377678065,1.3031743363266786,1.3309988312862515,2.129296765631189,1.2645213994648246,1.379848518509229,1.0490553407426433,1.2645213994648246,1.379848518509229,2.0608241036415147,2.160363626575403,0.048849687222977556,-0.06647743182142696,0.031066860944213737,-0.0684726619896745,False,False,0.06694016804502416,0.06694016804502416,0.06691042288664253,0.06691042288664253
305,5.083333333333333,False,False,52.50158752667391,50.0,71.09454558621174,52.07111901819969,54.003212331234785,50.831239773750106,74.0,2.5015875266739087,2.10467732921285,2.1257241025049787,2.110593865108459,1.3395936740124401,2.145019257379075,1.3113222911379832,1.3380460308490911,2.1257241025049787,1.271080452033576,1.3869334407835028,1.055614444367484,1.271080452033576,1.3869334407835028,2.0571776568002362,2.157059372327361,0.04888740993441165,-0.06696557881551524,0.031335269822382106,-0.06854644570474244,False,False,0.06691042288664253,0.06691042288664253,0.06687862178415357,0.06687862178415357
310,5.166666666666667,False,False,52.384378135557114,50.0,71.05589372473914,51.95363779733437,53.89235174862422,50.713905167005784,74.0,2.384378135557114,2.101094319970835,2.1221052631705435,2.1071185145637985,1.3466170126078114,2.1378360840749884,1.3192182582095893,1.3448287348132908,2.1221052631705435,1.2773888444623835,1.3937612056842725,1.06197069785444,1.2773888444623835,1.3937612056842725,2.053490375327429,2.1537107019158763,0.04893247087098174,-0.06743989035090725,0.03160543874533284,-0.06861488784311431,False,False,0.06687862178415357,0.06687862178415357,0.06684509314118026,0.06684509314118026
315,5.25,False,False,52.27308053284946,50.0,71.02161261194593,51.842087236271404,53.787249756362485,50.60221841827297,74.0,2.2730805328494625,2.097472497616932,2.118447222593101,2.1036005386216527,1.3534278337692471,2.1306081643683794,1.3268710847595808,1.3513587775162705,2.118447222593101,1.2834578455589851,1.4003432174934123,1.0681312232293294,1.2834578455589851,1.4003432174934123,2.0497687760158816,2.150324209772686,0.04898443997714175,-0.06790093195728542,0.03187698717958476,-0.06867844657721944,False,False,0.06684509314118026,0.06684509314118026,0.06681012171881101,0.06681012171881101
320,5.333333333333333,False,False,52.16737180900127,50.0,70.99142472647547,51.73614291073164,53.687592222857575,50.49587339031235,74.0,2.167371809001267,2.0938181200832444,2.114756301284077,2.1000464928942835,1.3600335100009335,2.1233490566910436,1.3342892866524414,1.3576474789954773,2.114756301284077,1.289298235010733,1.4066903870757803,1.0741028757542608,1.289298235010733,1.4066903870757803,2.0460187629421225,2.146905873513418,0.04904290808030298,-0.0683492439847444,0.032149572229340784,-0.06873753834195462,False,False,0.06681012171881101,0.06681012171881101,0.06677395345456709,0.06677395345456709
325,5.416666666666667,False,False,52.06694793229263,50.0,70.96506775619787,51.63549941102553,53.593083172409,50.3945818115582,74.0,2.066947932292628,2.0901368583250886,2.1110382269083394,2.09646231822777,1.366441145475682,2.1160712156176777,1.3414810627462446,1.363705665289217,2.1110382269083394,1.294920322602964,1.4128131513048727,1.07989225551014,1.294920322602964,1.4128131513048727,2.0422456850709003,2.143461111837694,0.04910748601565573,-0.06878534268625303,0.032422884929354634,-0.0687925418374391,False,False,0.06677395345456709,0.06677395345456709,0.06673679983107193,0.06673679983107193
330,5.5,False,False,51.971522506850974,50.0,70.94229379732289,51.539869085583824,53.50344361003599,50.29807210118661,74.0,1.9715225068509739,2.086433851298527,2.1072981898115124,2.092853398454297,1.3726575869901736,2.108786069937053,1.3484543084363536,1.3695436882781906,2.1072981898115124,1.300333966944654,1.4187214919827553,1.0855057182909604,1.300333966944654,1.4187214919827553,2.0384543881759956,2.1399948367232406,0.049177803704564704,-0.06920972133353653,0.032696646911728244,-0.06884380163551684,False,False,0.06673679983107193,0.06673679983107193,0.06669884182620385,0.06669884182620385
335,5.583333333333333,False,False,51.88082562441892,50.0,70.92286859701488,51.44898088102303,53.4184104358438,50.20608828529774,74.0,1.880825624418918,2.082713755528494,2.103540893083779,2.089224612449618,1.378689434317783,2.10150409505498,1.355216628448171,1.3751714448656458,2.103540893083779,1.305548593527523,1.424424954081019,1.0909493858977386,1.305548593527523,1.424424954081019,2.0346492616565297,2.136511500494765,0.04925350921537319,-0.06962285133812274,0.032970607410985675,-0.06889163142724941,False,False,0.06669884182620385,0.06669884182620385,0.06666023347620242,0.06666023347620242
340,5.666666666666667,False,False,51.79460280210196,50.0,70.90657083711153,51.36257926862514,53.337735436166255,50.1183889914359,74.0,1.7946028021019629,2.078980789816092,2.099770597714253,2.0855803810756472,1.384543050005622,2.0942348801732713,1.3617753489288997,1.3805983955880037,2.099770597714253,1.3105732123684253,1.4299326635537133,1.09622915589066,1.3105732123684253,1.4299326635537133,2.030834280765327,2.133015138285808,0.04933426796570961,-0.0700251832195784,0.033244540571554904,-0.0689363169489261,False,False,0.06666023347620242,0.06666023347620242,0.06662110508282244,0.06662110508282244
345,5.75,False,False,51.71261399897514,50.0,70.89319145663792,51.28042325290136,53.261184353502856,50.03474652268795,74.0,1.7126139989751366,2.075238775578016,2.0959911633337964,2.0819247095255675,1.3902245686582555,2.086987190651818,1.368137528885613,1.3858335825089854,2.0959911633337964,1.3154164348335085,1.4352533443213855,1.1013507107555143,1.3154164348335085,1.4352533443213855,2.0270130447158925,2.129509406361534,0.049419761812400154,-0.07041714767547691,0.03351824302773743,-0.06897811861790393,False,False,0.06662110508282244,0.06662110508282244,0.06658156609428251,0.06658156609428251
350,5.833333333333333,False,False,51.634632705030604,50.0,70.88253301090619,51.20228544945833,53.18853601372075,49.95494599051478,74.0,1.6346327050306044,2.071491173260863,2.092206084993472,2.0782612255387134,1.3957399057467055,2.0797690259270056,1.3743099710141082,1.3908856466911856,2.092206084993472,1.3200864903639113,1.4403953351468586,1.1063195266601271,1.3200864903639113,1.4403953351468586,2.02318881108533,2.1259976167211754,0.04950968845567294,-0.07079915632727429,0.03379153172770355,-0.06901727390814161,False,False,0.06658156609428251,0.06658156609428251,0.06654170768835607,0.06654170768835607
355,5.916666666666667,False,False,51.56044509650532,50.0,70.8744090650975,51.127951235325895,53.11958153029963,49.878784524405596,74.0,1.560445096505319,2.0677411152279075,2.0884185263801864,2.0745932139032526,1.4010947659778765,2.0725876733286124,1.3802992319601965,1.395762844804176,2.0884185263801864,1.3245912419330552,1.4453666052334235,1.1111408817275787,1.3245912419330552,1.4453666052334235,2.0193645268889377,2.1224827683570724,0.049603760429247634,-0.07117160287112068,0.034064241976885956,-0.06905399949124869,False,False,0.06654170768835607,0.06654170768835607,0.06650160508428075,0.06650160508428075
360,6.0,False,False,51.489849252140566,50.0,70.8686436203314,51.05721795603045,53.05412354770655,49.806070522239686,74.0,1.4898492521405657,2.063991435475286,2.084631349830039,2.070923647623005,1.4062946512563461,2.0654497581089517,1.3861116320522968,1.4004730653651678,2.084631349830039,1.3289382017695694,1.4501747700801741,1.1158198637969237,1.3289382017695694,1.4501747700801741,2.0155428566630835,2.1189675755080852,0.049701704715006345,-0.07153486359559835,0.03433622567804617,-0.06908849316695553,False,False,0.06650160508428075,0.06650160508428075,0.0664613196083687,0.0664613196083687
365,6.083333333333333,False,False,51.4226544253958,50.0,70.86507057033803,50.98989419330528,52.991975555136335,49.73662297032174,74.0,1.4226544253957982,2.06024469649793,2.0808471434629094,2.0672552160855844,1.4113448682675833,2.0583612899720265,1.391753264541512,1.405023844189691,2.0808471434629094,1.3331345456874837,1.4548271059366926,1.1203613779496209,1.3331345456874837,1.4548271059366926,2.011726207858773,2.1154544932108337,0.04980326174700167,-0.07188929850220727,0.03460734974792423,-0.06912093560413624,False,False,0.0664613196083687,0.0664613196083687,0.06642090053633654,0.06642090053633654
370,6.166666666666667,False,False,51.35868036807236,50.0,70.86353318695589,50.92579908182015,52.93296123204352,49.67027079646904,74.0,1.3586803680723634,2.0565032135927512,2.077068245728679,2.0635903505348034,1.416250535709035,2.0513277063667634,1.397230004382699,1.4094223794013487,2.077068245728679,1.3371871276348657,1.4593305644688181,1.1247701535234684,1.3371871276348657,1.4593305644688181,2.0079167538171183,2.111945740420965,0.04990818506746941,-0.07223525176648304,0.03487749469228607,-0.06915149191156056,False,False,0.06642090053633654,0.06642090053633654,0.06638038673386741,0.06638038673386741
375,6.25,False,False,51.2977567011956,50.0,70.86388363278402,50.86476167591795,52.87691385216735,49.60685228092509,74.0,1.2977567011956026,2.0527690768570404,2.0732967676256107,2.0599312471190414,1.4210165911931358,2.0443539127866726,1.4025475165876407,1.4136755457618164,2.0732967676256107,1.3411024930482032,1.4636917862233247,1.129050750848319,1.3411024930482032,1.4636917862233247,2.0041164545700547,2.1084433209486897,0.05001624046150832,-0.07257305271361325,0.03514655332307903,-0.06918031305555594,False,False,0.06638038673386741,0.06638038673386741,0.06633980811469468,0.06633980811469468
380,6.333333333333333,False,False,51.23972232936729,50.0,70.8659824994184,50.806620359008754,52.82367571731348,49.546214497814496,74.0,1.2397223293672894,2.0490441711135094,2.0695346128246443,2.056279887759372,1.425647797844156,2.0374443202985266,1.4077112641789857,1.4177899085048011,2.0695346128246443,1.3448868922034312,1.4679171140828544,1.133207567659656,1.3448868922034312,1.4679171140828544,2.0003270756846123,2.1049490424277457,0.05012720557805328,-0.07290301630136997,0.03541442960310137,-0.06920753714003203,False,False,0.06633980811469468,0.06633980811469468,0.06629918693448773,0.06629918693448773
385,6.416666666666667,False,False,51.18442489512772,50.0,70.86969836980015,50.7512222939382,52.773097636792194,49.488212801820545,74.0,1.1844248951277194,2.045330193969623,2.065783495909319,2.052638059056179,1.4301487506088424,2.030602880504511,1.4127265157714886,1.4217717366004763,2.065783495909319,1.3485462926840275,1.4720126058320064,1.1372448451900254,1.3485462926840275,1.4720126058320064,1.9965502053465776,2.1014645335143673,0.05024086923153015,-0.0732254439164488,0.03568103760504826,-0.06923329056274152,False,False,0.06629918693448773,0.06629918693448773,0.0662585389366353,0.0662585389366353
390,6.5,False,False,51.131720270168614,50.0,70.87490740329534,50.69842291106738,52.725038437336956,49.43271034560502,74.0,1.1317202701686142,2.041628672197476,2.0620449589194507,2.0490073694304725,1.4345238822990614,2.023833118125784,1.4175983528049594,1.4256270154687627,2.0620449589194507,1.3520863915534298,1.4759840464221978,1.141166674011538,1.3520863915534298,1.4759840464221978,1.9927872698591915,2.097991259492659,0.05035703095343513,-0.07354062391533289,0.035946300573208134,-0.0692576890602592,False,False,0.0662585389366353,0.0662585389366353,0.06621787436503897,0.06621787436503897
395,6.583333333333333,False,False,51.081472080511524,50.0,70.88149294221364,50.648085428838044,52.67936450480209,49.37957762898855,74.0,1.0814720805115243,2.037940976601325,2.0583203863673383,2.0453892646759253,1.4387774693830384,2.0171381613803034,1.4223316764514273,1.4293614592700579,2.0583203863673383,1.35551262706084,1.4798369597647882,1.1449769995415864,1.35551262706084,1.4798369597647882,1.9890395477144756,2.0945305364445845,0.050475500494730374,-0.0738488322092179,0.03621015007724626,-0.06928083865286272,False,False,0.06621787436503897,0.06621787436503897,0.06617719885744913,0.06617719885744913
400,6.666666666666667,False,False,51.03355126301516,50.0,70.88934513855583,50.60008040825421,52.635949359478914,49.32869208143301,74.0,1.0335512630151626,2.0342683355226643,2.0546110188778908,2.04178504207953,1.4429136375403737,2.0105207703139363,1.4269312142172452,1.432980522589696,2.0546110188778908,1.3588301896932378,1.483576619865592,1.1486796274460631,1.3588301896932378,1.483576619865592,1.9853081823784973,2.0910835441265228,0.05059609727589587,-0.07415033289645834,0.03647252524863198,-0.0693028364993935,False,False,0.06617719885744913,0.06617719885744913,0.06613651423156955,0.06613651423156955
405,6.75,False,False,50.98783565080325,50.0,70.89836059985703,50.5542853357878,52.59467325498935,49.27993766823953,74.0,0.9878356508032482,2.030611847117345,2.0509179655885186,2.03819586325251,1.4469363669946977,2.0039833632312845,1.4314015262591704,1.4364894116814866,2.0509179655885186,1.3620440329554964,1.4872080616830323,1.1522782286325766,1.3620440329554964,1.4872080616830323,1.981594193917424,2.087651337679774,0.05071865000154574,-0.07444537872599022,0.03673337209125549,-0.0693237716710946,False,False,0.06613651423156955,0.06613651423156955,0.0660958191752365,0.0660958191752365
410,6.833333333333333,False,False,50.94420958541018,50.0,70.90844205306553,50.510584232074635,52.55542280299923,49.23320452242102,74.0,0.944209585410178,2.026972490525393,2.047242215430647,2.034622765798599,1.4508494976366622,1.9975280413611165,1.43574701143198,1.4398930953070703,2.047242215430647,1.365158883692259,1.4907360915238779,1.1557763441997395,1.365158883692259,1.4907360915238779,1.9778984895780662,2.084234858289273,0.050842996216807546,-0.07473421161481131,0.036992642858626024,-0.06934372585258064,False,False,0.0660958191752365,0.0660958191752365,0.06605510985064392,0.06605510985064392
415,6.916666666666667,False,False,50.9025635536301,50.0,70.91949802546452,50.46886728769597,52.51809062468274,49.18838860298675,74.0,0.9025635536301024,2.023351136041788,2.0435846474022057,2.03106667393367,1.4546567339489058,1.9911566118807291,1.4399719130837414,1.4431963150241245,2.0435846474022057,1.3681792518336195,1.4941652968588883,1.159177390035029,1.3681792518336195,1.4941652968588883,1.9742218734250456,2.080834942893068,0.05096898183476384,-0.07501706319050494,0.03725029549086223,-0.06936277397716006,False,False,0.06605510985064392,0.06605510985064392,0.06601438042176233,0.06601438042176233
420,7.0,False,False,50.862793847226655,50.0,70.93144254170703,50.42903052038789,52.48257501912158,49.145391370316304,74.0,0.862793847226655,2.019748554385381,2.039946039929235,2.027528408159057,1.4583616497436678,1.9848706094139337,1.4440803246135683,1.4464035951255028,2.039946039929235,1.371109439961725,1.4975000559557439,1.1624846613101454,1.371109439961725,1.4975000559557439,1.9705650551261333,2.0774523330346266,0.05109646083024111,-0.0752941551637778,0.03750629310539155,-0.06938098480310173,False,False,0.06601438042176233,0.06601438042176233,0.06597362351326347,0.06597362351326347
425,7.083333333333333,False,False,50.8248022438153,50.0,70.94419483609354,50.390975453054466,52.44877965401408,49.104119483555266,74.0,0.8248022438152987,2.0161654251531393,2.036327079404671,2.02400869408038,1.4619676927228678,1.978671316108511,1.4480761948055418,1.4495192521925673,2.036327079404671,1.3739535523851725,1.5007445470163785,1.1657013368153004,1.3739535523851725,1.5007445470163785,1.9669286579679994,2.0740876829405477,0.05122529482381122,-0.0755656998073948,0.03776060353587685,-0.06939842143667141,False,False,0.06597362351326347,0.06597362351326347,0.06593283060824234,0.06593283060824234
430,7.166666666666667,False,False,50.7884957073728,50.0,70.95767907927618,50.35460881432443,52.416613278313946,49.06448451957437,74.0,0.7884957073728032,2.0126023445380223,2.0327283679834025,2.0205081704542733,1.4654781888696888,1.9725597803908854,1.4519633329513573,1.4525474041157396,2.0327283679834025,1.3767155036844851,1.5039027567822072,1.1688304830299332,1.3767155036844851,1.5039027567822072,1.9633132261761828,2.070741566897919,0.051355352666467624,-0.07583190043125443,0.03801319891451671,-0.06941514180721975,False,False,0.06593283060824234,0.06593283060824234,0.0658919923915447,0.0658919923915447
435,7.25,False,False,50.753786106956674,50.0,70.97182411862416,50.319842254926186,52.38598944598645,49.02640270327516,74.0,0.7537861069566745,2.0090598323807787,2.0291504307045867,2.017027396537051,1.4688963466799858,1.966536834488363,1.455745413773291,1.4554919788578444,2.0291504307045867,1.3793990271919767,1.5069784890707913,1.1718750580909274,1.3793990271919767,1.5069784890707913,1.9597192316055345,2.067414485997888,0.05148651021294692,-0.07609295166586771,0.03826405529330135,-0.06943119909905215,False,False,0.0658919923915447,0.0658919923915447,0.06585109904463803,0.06585109904463803
440,7.333333333333333,False,False,50.72058995233535,50.0,70.98656323153295,50.28659208186232,52.35682626118071,48.98979465880983,74.0,0.7205899523353523,2.0055383386187975,2.0255937220049853,2.0135668588017115,1.4722252612412168,1.960603110802478,1.459425982158162,1.4583567228132779,2.0255937220049853,1.3820076828747017,1.5099753727127925,1.1748379156436841,1.3820076828747017,1.5099753727127925,1.9561470798606602,2.064106874305326,0.05161864989951459,-0.07634903993857622,0.0385131523003408,-0.06944664214432517,False,False,0.06585109904463803,0.06585109904463803,0.06581014049753053,0.06581014049753053
445,7.416666666666667,False,False,50.68882814533588,50.0,71.00183389100253,50.25477900872419,52.32904613560585,48.954585173012596,74.0,0.6888281453358829,2.0020382491887485,2.022058631680636,2.0101269770829933,1.4754679181660162,1.9547590572107585,1.4630084577121663,1.461145208799735,2.022058631680636,1.384544865017054,1.5128968692859999,1.1777218084589096,1.384544865017054,1.5128968692859999,1.9525971158998736,2.0608191045083593,0.051751660486264894,-0.07660034378268099,0.0387604728277231,-0.06946151578076254,False,False,0.06581014049753053,0.06581014049753053,0.06576910664247643,0.06576910664247643
450,7.5,False,False,50.65842574581423,50.0,71.01757754285183,50.22432792057946,52.30257556146644,48.920702974119564,74.0,0.6584257458142275,1.9985598914339717,2.0185454903483113,2.0067081102041167,1.4786271973869975,1.9490049513685022,1.466496139145663,1.4638608437192488,2.0185454903483113,1.387013809508382,1.5157462804519193,1.1805293920054738,1.387013809508382,1.5157462804519193,1.9490696291706564,2.0575514930960703,0.05188543673267043,-0.07684703421086692,0.039006002747759005,-0.06947586117765492,False,False,0.06576910664247643,0.06576910664247643,0.06572798751399814,0.06572798751399814
455,7.583333333333333,False,False,50.62931175124099,50.0,71.03373939397358,50.19516765194984,52.27734489543854,48.88808052148659,74.0,0.6293117512409907,1.9951035390624576,2.015054574453082,2.0033105611333633,1.481705876818924,1.9433409140769033,1.469892208496371,1.466506875925279,2.015054574453082,1.389417600917787,1.5185267550772847,1.183263227832913,1.389417600917787,1.5185267550772847,1.9455648583199199,2.0543043051079017,0.05201987915200568,-0.07708927500749208,0.039249730654819626,-0.06948971613316224,False,False,0.06572798751399814,0.06572798751399814,0.06568677343901323,0.06568677343901323
460,7.666666666666667,False,False,50.60141888897684,50.0,71.05026821106934,50.1672307783259,52.25328815738595,48.85665380971244,74.0,0.6014188889768377,1.9916694166966307,2.011586110863597,1.999934581713911,1.4847066358939331,1.937766921779052,1.4731997351987365,1.4690864022407368,2.011586110863597,1.3917591791512687,1.5212412959357675,1.1859257868367878,1.3917591791512687,1.5212412959357675,1.9420829955178613,2.0510777584937903,0.05215489369503068,-0.07732722308946816,0.039491647630193416,-0.0695031153457355,False,False,0.06568677343901323,0.06568677343901323,0.06564545516068315,0.06564545516068315
465,7.75,False,False,50.57468342038513,50.0,71.06711612933695,50.14045342098173,52.23034284113739,48.826362184607895,74.0,0.5746834203851279,1.9882577040520215,2.0081402810925417,1.996580377005826,1.4876320589751402,1.932282818240877,1.4764216800067336,1.4716023746085738,2.0081402810925417,1.3940413457918375,1.5238927660906547,1.1885194524068994,1.3940413457918375,1.5238927660906547,1.9386241904304495,2.0478720281202945,0.05229039148208092,-0.07756102881673632,0.03973174702775273,-0.06951609066209219,False,False,0.06564545516068315,0.06564545516068315,0.06560402393908828,0.06560402393908828
470,7.833333333333333,False,False,50.54904495599638,50.0,71.08423847061273,50.11477505898186,52.20844972892506,48.797148163111416,74.0,0.5490449559963793,1.9848685397782198,2.004717225176002,1.993248109275372,1.4904846386535742,1.9268883254700444,1.4795608987768012,1.4740576066505127,2.004717225176002,1.3962667704989422,1.5264838953349573,1.191046523516934,1.3962667704989422,1.5264838953349573,1.9351885538719942,2.0446872494543533,0.052426288684444655,-0.07779083615157045,0.03997002427835117,-0.06952867130400797,False,False,0.06560402393908828,0.06560402393908828,0.06556247163154458,0.06556247163154458
475,7.916666666666667,False,False,50.52444628100102,50.0,71.10159357049969,50.090138354569625,52.187552725195744,48.76895727180277,74.0,0.5244462810010191,1.9815020249921733,2.001317045242095,1.9899379016631737,1.4932667789331027,1.9215830539220506,1.4826201461171553,1.4764547798032255,2.001317045242095,1.3984379966978449,1.5290172859197038,1.1935092176237505,1.3984379966978449,1.5290172859197038,1.9317761611661883,2.0415235219532706,0.05256250611647828,-0.07801678310538063,0.04020647671117539,-0.06954088407590686,False,False,0.06556247163154458,0.06556247163154458,0.06552079075516885,0.06552079075516885
480,8.0,False,False,50.500833190402105,50.0,71.11914261403837,50.06648898925812,52.16759869538175,48.741737890495536,74.0,0.5008331904021048,1.978158226530939,1.9979398087962483,1.9866498415597293,1.495980798307694,1.9163665120393107,1.4856020789093003,1.4787964491421917,1.9979398087962483,1.400557447225262,1.5314954182368277,1.1959096735227377,1.400557447225262,1.5314954182368277,1.928387055241186,2.0383809121866374,0.052698969094636006,-0.07823900191692967,0.04044110339038909,-0.06955275355506241,False,False,0.06552079075516885,0.06552079075516885,0.06547897453385707,0.06547897453385707
485,8.083333333333334,False,False,50.478154333211165,50.0,71.13684947950213,50.04377550504214,52.14853730956157,48.7154411008126,74.0,0.4781543332111653,1.974837179948323,1.9945855517478064,1.9833839837139116,1.49862893273512,1.911238115165832,1.4885092597071654,1.4810850491504426,1.9945855517478064,1.4026274299178259,1.533920656443333,1.198249954071389,1.4026274299178259,1.533920656443333,1.9250212494817815,2.035259456713437,0.052835607292890385,-0.07845761923261674,0.040673904965630836,-0.06956430226602484,False,False,0.06547897453385707,0.06547897453385707,0.06543701693174638,0.06543701693174638
490,8.166666666666666,False,False,50.45636106511701,50.0,71.15468058992106,50.02194915888273,52.1303209046738,48.69002055248146,74.0,0.456361065117008,1.9715388922774655,1.99125428120024,1.9801403530976094,1.5012133385109554,1.9061971938771485,1.491344160018936,1.4833228990096359,1.99125428120024,1.4046501424755637,1.53629525335898,1.2005320488103735,1.4046501424755637,1.53629525335898,1.9216787303595044,2.032159164735278,0.05297235434934411,-0.07867275653407213,0.04090488353503785,-0.06957555084073563,False,False,0.06543701693174638,0.06543701693174638,0.06539491267496553,0.06539491267496553
495,8.25,False,False,50.4354073091,50.0,71.17260477196005,50.000963780145085,52.112904339432504,48.665432323161006,74.0,0.43540730910000036,1.9682633445792885,1.9879459780250814,1.9769189475473912,1.5037360950465106,1.9012430017624626,1.4941091634763288,1.4855122079095053,1.9879459780250814,1.4066276778193727,1.5386213558566137,1.202757876599253,1.4066276778193727,1.5386213558566137,1.918359459859454,2.0290800205447113,0.053109147947108415,-0.07888453009013263,0.04113404251962982,-0.06958651816562744,False,False,0.06539491267496553,0.06539491267496553,0.06535265726327798,0.06535265726327798
500,8.333333333333334,False,False,50.41524942350309,50.0,71.19059312179681,49.98077564141554,52.09624487581245,48.64163480341799,74.0,0.41524942350309146,1.965010494294804,1.984660599237752,1.9737197402020827,1.5061992075541457,1.8963747226934444,1.496806568895768,1.487655079842898,1.984660599237752,1.4085620283129656,1.5409010091156266,1.2049292879593396,1.4085620283129656,1.5409010091156266,1.915063377720833,2.026021985785745,0.05324592927272853,-0.0790930515299324,0.04136138654799315,-0.06959722151691894,False,False,0.06535265726327798,0.06535265726327798,0.06531024697300872,0.06531024697300872
505,8.416666666666666,False,False,50.39584607710727,50.0,71.20861887766314,49.961343329495215,52.080302043568096,48.61858856615719,74.0,0.39584607710727227,1.9617802774175672,1.981398080191743,1.970542681753289,1.5086046096432275,1.8915914776118217,1.4994385932356398,1.4897535185294146,1.981398080191743,1.410455090916369,1.543136161805772,1.2070480675483397,1.410455090916369,1.543136161805772,1.9117904035066169,2.022985001542062,0.05338264327635733,-0.07929842761304573,0.04158692135031883,-0.06960767668512613,False,False,0.06531024697300872,0.06531024697300872,0.06526767885262173,0.06526767885262173
510,8.5,False,False,50.37715813079083,50.0,71.22665729873168,49.94262762999255,52.06503753790978,48.59625626729967,74.0,0.37715813079083205,1.9585726105010168,1.978158336606027,1.9673877025243394,1.5109541658298224,1.886892330865754,1.5020073744535871,1.4918094317878967,1.978158336606027,1.412308670865853,1.5453286697962216,1.2091159364299984,1.412308670865853,1.5453286697962216,1.9085404385162361,2.019968990266961,0.05351923800832492,-0.07950076092204372,0.04181065366093395,-0.0696178980897908,False,False,0.06526767885262173,0.06526767885262173,0.06522495071193052,0.06522495071193052
515,8.583333333333334,False,False,50.35914852538312,50.0,71.24468555004518,49.92459141273993,52.05041509714996,48.57460252801604,74.0,0.3591485253831195,1.955387392514058,1.9749412664391985,1.9642547143915985,1.5132496739630719,1.8822762961230046,1.504514974267531,1.4938246359824006,1.9749412664391985,1.4141244864123008,1.5474803009219875,1.2111345542851724,1.4141244864123008,1.5474803009219875,1.9053133675539435,2.0169738575677836,0.053655664939586956,-0.07970014957009974,0.04203259112858504,-0.069627898885255,False,False,0.06522495071193052,0.06522495071193052,0.06518206110612652,0.06518206110612652
520,8.666666666666666,False,False,50.341782175349955,50.0,71.26268259320145,49.90719952558744,52.03640040680827,48.55359384190662,74.0,0.34178217534995525,1.9522245065570059,1.971746751622576,1.9611436125608637,1.5154928675710553,1.8777423418870887,1.506963380823959,1.4958008601558503,1.971746751622576,1.4159041723869537,1.5495927385766648,1.21310552156433,1.4159041723869537,1.5495927385766648,1.9021090605642867,2.0139994938563213,0.053791878420814454,-0.07989668776889669,0.04225274223374531,-0.06963769105828921,False,False,0.06518206110612652,0.06518206110612652,0.06513900931536763,0.06513900931536763
525,8.75,False,False,50.325025867973444,50.0,71.28062908252141,49.89041869454212,52.0229609971999,48.533198476320344,74.0,0.32502586797344435,1.9490838214488977,1.9685746596633866,1.958054277210304,1.5176854181288173,1.8732893966408735,1.509354511276789,1.49773974994323,1.9685746596633866,1.4176492841632002,1.5516675857002507,1.2150303815814825,1.4176492841632002,1.5516675857002507,1.898927374145138,2.0110457758757567,0.05392783575702076,-0.08009046578002965,0.0424711162123701,-0.06964728551824861,False,False,0.06513900931536763,0.06513900931536763,0.06509579532075399,0.06509579532075399
530,8.833333333333334,False,False,50.30884816771238,50.0,71.29850726644041,49.874217424934116,52.0100661466662,48.51338637915184,74.0,0.30884816771237666,1.945965193196172,1.9654248451281335,1.9549865750104474,1.5198289372511202,1.8689163536405373,1.5116902142799724,1.4996428715215189,1.9654248451281335,1.419361301426126,1.5537063685737833,1.2169106224909685,1.419361301426126,1.5537063685737833,1.8957681529477084,2.008112568113648,0.05406349705226443,-0.08028157009539294,0.042687722985514265,-0.06965669218042514,False,False,0.06509579532075399,0.06509579532075399,0.0650524197774169,0.0650524197774169
535,8.916666666666666,False,False,50.29321932545064,50.0,71.31630089387698,49.85856591413822,51.99768680027164,48.49412910026295,74.0,0.293219325450643,1.9428684663518194,1.9622971510153375,1.9519403605306782,1.5219249788123657,1.8646220753813265,1.513972272396822,1.5015117150635888,1.9622971510153375,1.4210416312721614,1.5557105399432087,1.2187476792788858,1.4210416312721614,1.5557105399432087,1.8926312309722033,2.005199724109647,0.05419882487961991,-0.0804700837914274,0.04290257309430956,-0.06966592004313421,False,False,0.0650524197774169,0.0650524197774169,0.06500888398531765,0.06500888398531765
540,9.0,False,False,50.27811119236019,50.0,71.33399512534378,49.843435961724786,51.985795474175994,48.47539969972192,74.0,0.27811119236019266,1.9397934752733044,1.9591914100260375,1.9489154775409252,1.5239750409960449,1.8604053977551827,1.516202404428933,1.503347698394191,1.9591914100260375,1.4226916120601483,1.5576814828938228,1.2205429355641628,1.4226916120601483,1.5576814828938228,1.8895164327669443,2.002307087665907,0.05433378449963189,-0.08065608633404264,0.043115677639869565,-0.06967497725909322,False,False,0.06500888398531765,0.06500888398531765,0.06496518985821893,0.06496518985821893
545,9.083333333333334,False,False,50.263497138124194,50.0,71.35157644857752,49.82880088943128,51.974366185333125,48.45717267983739,74.0,0.26349713812419395,1.9367400452868222,1.9561074457396905,1.9459117602164255,1.5259805682759588,1.8562651339190672,1.5183822676673913,1.5051521702233912,1.9561074457396905,1.424312516108518,1.5596205135700392,1.2222977254728449,1.424312516108518,1.5596205135700392,1.8864235745381683,1.9994344939673798,0.05446834334664796,-0.08083965411487326,0.04332704822768929,-0.0696838712015222,False,False,0.06496518985821893,0.06496518985821893,0.06492133989144269,0.06492133989144269
550,9.166666666666666,False,False,50.249351973281456,50.0,71.36903259847519,49.814635463846614,51.96337436942106,48.43942390637112,74.0,0.2493519732814562,1.93370799376481,1.9530450737024583,1.942929034252774,1.5279429533313904,1.8522000778916183,1.5205134600688897,1.506926413306519,1.9530450737024583,1.4259055530112306,1.5615288845131619,1.2240133353513103,1.4259055530112306,1.5615288845131619,1.883352465177029,1.996581770618643,0.054602471206642855,-0.08102086029528843,0.04353669691618478,-0.06969260852542924,False,False,0.06492133989144269,0.06492133989144269,0.06487733712865357,0.06487733712865357
555,9.25,False,False,50.23565187546942,50.0,71.38635248113363,49.800915819874405,51.9527968074207,48.422130537965764,74.0,0.23565187546942212,1.9306971311230325,1.950004102434263,1.9399671178978362,1.5298635388983013,1.8482090078946927,1.5225975223592174,1.5086716476224864,1.950004102434263,1.427471872589693,1.5634077876344201,1.2256910054941272,1.427471872589693,1.5634077876344201,1.8803029072098218,1.9937487386032937,0.05473614001193372,-0.0811997750327933,0.04374463616903079,-0.06970119522444107,False,False,0.06487733712865357,0.06487733712865357,0.06483318512814366,0.06483318512814366
560,9.333333333333334,False,False,50.222374319357186,50.0,71.40352610179951,49.78761939296396,51.94261156117116,48.40527096407737,74.0,0.22237431935718632,1.927707261743039,1.9469843343604696,1.9370258229065578,1.5317436195585763,1.8442906894553188,1.524635940066504,1.5103890331663024,1.9469843343604696,1.4290125674602192,1.5652583568028695,1.2273319317547704,1.4290125674602192,1.5652583568028695,1.8772746976769283,1.9909352131714733,0.05486932363656716,-0.08137646570608315,0.04395087881100368,-0.06970963668354124,False,False,0.06483318512814366,0.06483318512814366,0.06478888792892608,0.06478888792892608
565,9.416666666666666,False,False,50.209498010072025,50.0,71.4205444965454,49.77472485120527,51.932797902854695,48.38882473737686,74.0,0.20949801007202495,1.924738184825303,1.943985566673556,1.9341049554242007,1.5335844434692465,1.8404438782826456,1.5266301454865026,1.512079672796699,1.943985566673556,1.4305286759354692,1.567081670766617,1.2289372671124057,1.4305286759354692,1.567081670766617,1.8742676289455187,1.988141004660591,0.055001997969918115,-0.0815509968612298,0.04415543798703503,-0.06971793772803725,False,False,0.06478888792892608,0.06478888792892608,0.06474445001675516,0.06474445001675516
570,9.5,False,False,50.19700281993685,50.0,71.4373996674958,49.76221203272062,51.92333625706713,48.37277251800222,74.0,0.19700281993684854,1.9217896951779259,1.9410075921297052,1.9312043168030548,1.5353872140335678,1.8366673229335766,1.5285815195820887,1.513744614863299,1.9410075921297052,1.4320211843610449,1.5688787555085946,1.2305081232679642,1.4320211843610449,1.5688787555085946,1.8712814894606777,1.9853659192539637,0.05513414064529565,-0.08172343050225406,0.04435832712425847,-0.06972610266902746,False,False,0.06474445001675516,0.06474445001675516,0.06469987629055055,0.06469987629055055
575,9.583333333333334,False,False,50.18486972834519,50.0,71.45408452143636,49.75006188424414,51.914208136744264,48.357096012196536,74.0,0.18486972834519122,1.918861583945397,1.9380501997848512,1.9283237043573207,1.5371530915157605,1.8329597672799631,1.5304913938190936,1.5153848558154095,1.9380501997848512,1.4334910297833476,1.57065058693299,1.23204557202057,1.4334910297833476,1.57065058693299,1.8683160644391816,1.9826097596816432,0.0552657311175806,-0.08189382603206186,0.044559559896792056,-0.06973413534566952,False,False,0.06469987629055055,0.06469987629055055,0.06465517202914582,0.06465517202914582
580,9.666666666666666,False,False,50.17308076461227,50.0,71.47059281164556,49.73825640449367,51.905396090897426,48.341777922054135,74.0,0.17308076461227273,1.9159536392815406,1.935113175674356,1.9254629120604125,1.5388831946011645,1.8293199527894486,1.5323610519404878,1.517001342608728,1.935113175674356,1.4349391020836235,1.572398093017323,1.2335506468050426,1.4349391020836235,1.572398093017323,1.865371136509917,1.9798723258674285,0.05539675040859482,-0.08206224052510458,0.04475915019307242,-0.069742039164439,False,False,0.06465517202914582,0.06465517202914582,0.06461034285873475,0.06461034285873475
585,9.75,False,False,50.16161895364954,50.0,71.48691908279665,49.72677859007296,51.89688364895468,48.32680189220171,74.0,0.16161895364953693,1.9130656469704668,1.9321963034401715,1.9226217311886726,1.5405786019035008,1.8257466206313364,1.5341917316808684,1.518594975020187,1.9321963034401715,1.4363662463058307,1.5741221561577854,1.235024344009753,1.4363662463058307,1.5741221561577854,1.8624464863045203,1.977153415525713,0.05552718113759836,-0.08222872871435638,0.04495711208554165,-0.0697498171356512,False,False,0.06461034285873475,0.06461034285873475,0.06456539472105045,0.06456539472105045
590,9.833333333333334,False,False,50.150468264319166,50.0,71.50305861878405,49.715612382385785,51.88865526886667,48.31215246007833,74.0,0.1504682643191657,1.910197390999052,1.9292993649090424,1.9197999509151167,1.542240353420878,1.8222385136181853,1.5359846264231354,1.5201666079444294,1.9292993649090424,1.4377732648321586,1.575823615361738,1.2364676242651969,1.4377732648321586,1.575823615361738,1.8595418930016359,1.9744528247115631,0.05565700741730861,-0.08239334311227076,0.04515345980252072,-0.06975747190740655,False,False,0.06456539472105045,0.06456539472105045,0.06452033384241278,0.06452033384241278
595,9.916666666666666,False,False,50.13961356033307,50.0,71.51900739333502,49.704742620640914,51.880696292897674,48.297815013457694,74.0,0.1396135603330677,1.9073486540842046,1.9264221406250466,1.9169973588565994,1.5438694519421396,1.8187943779931959,1.53774088679917,1.5217170534147044,1.9264221406250466,1.439160919215249,1.5775032680964034,1.2378814138789949,1.439160919215249,1.5775032680964034,1.8566571348278809,1.9717703483271642,0.055786214681698976,-0.0825561341994554,0.04534820770211767,-0.06976500579716571,False,False,0.06452033384241278,0.06452033384241278,0.06447516670369417,0.06447516670369417
600,10.0,False,False,50.129040553569574,50.0,71.53476202327386,49.694154992476925,51.87299289447441,48.28377573972434,74.0,0.129040553569574,1.904519218157938,1.9235644103395173,1.9142137415775227,1.5454668644050864,1.8154129650728592,1.5394616222362754,1.5232470827707403,1.9235644103395173,1.440529932464862,1.5791618725915408,1.2392666059048225,1.440529932464862,1.5791618725915408,1.8537919895184056,1.9691057805875298,0.05591478982080056,-0.08271715030587834,0.045541370248012525,-0.06977242082111168,False,False,0.06447516670369417,0.06447516670369417,0.06442990001141849,0.06442990001141849
605,10.083333333333334,False,False,50.11873575968647,50.0,71.55031972431195,49.68383599205365,51.865532043123174,48.27002159206589,74.0,0.11873575968647287,1.90170886481305,1.9207259534611805,1.9114488850529678,1.5470335232080705,1.812093032753798,1.541147902451073,1.524757428477551,1.9207259534611805,1.4418809904869014,1.5808001492940291,1.2406240614749096,1.4418809904869014,1.5808001492940291,1.8509462347397156,1.9664589154481886,0.05604272081647821,-0.08287643799064948,0.04573296198700816,-0.06977971872146482,False,False,0.06442990001141849,0.06442990001141849,0.06438454066980592,0.06438454066980592
610,10.166666666666666,False,False,50.10868645591774,50.0,71.56567826924213,49.67377287531937,51.85830145310528,48.25654024056017,74.0,0.1086864559177414,1.8989173757120117,1.9179065494691319,1.9087025750939521,1.548570327476415,1.8088333468921904,1.542800758892504,1.5262487861095906,1.9179065494691319,1.4432147443276435,1.5824187831272138,1.2419546109128987,1.4432147443276435,1.5824187831272138,1.848119648477254,1.9638295469973448,0.05616999701762326,-0.08303404178194707,0.04592299752821294,-0.0697869009918779,False,False,0.06438454066980592,0.06438454066980592,0.06433909575408375,0.06433909575408375
615,10.25,False,False,50.09888064094584,50.0,71.58083594842235,49.66395362157004,51.851289552879805,48.243320042714785,74.0,0.09888064094584337,1.8961445329614819,1.9151059782910966,1.9059745977372993,1.5500781442850617,1.805632682563693,1.5444211861355166,1.5277218160409576,1.9151059782910966,1.4445318114349242,1.5840184247668088,1.2432590548320606,1.4445318114349242,1.5840184247668088,1.8453120093900437,1.9612174698148443,0.05629660872585118,-0.08319000460603343,0.046111491523747716,-0.06979396890105294,False,False,0.06433909575408375,0.06433909575408375,0.06429357248485904,0.06429357248485904
620,10.333333333333334,False,False,50.08930699674858,50.0,71.5957915324374,49.654366894313554,51.84448544008172,48.23035000058722,74.0,0.08930699674858289,1.8933901194547045,1.9123240206492516,1.903264739602444,1.5515578098388183,1.8024898252113193,1.5460101432269868,1.5291771451907152,1.9123240206492516,1.4458327776344078,1.5855996926314675,1.2445381652920788,1.4458327776344078,1.5855996926314675,1.8425230971345552,1.9586224793001301,0.05642254744075226,-0.08334436755630747,0.04629845865087856,-0.06980092351469636,False,False,0.06429357248485904,0.06429357248485904,0.06424797820374752,0.06424797820374752
625,10.416666666666666,False,False,50.07995485232363,50.0,71.61054423683386,49.64500200543458,51.837878851185536,48.217619731629426,74.0,0.07995485232363109,1.8906539191838843,1.909560458375723,1.9005727882173427,1.5530101306115331,1.7994035716882928,1.5475685549853728,1.5306153686212383,1.909560458375723,1.447118198415369,1.5871631741824945,1.2457926867654807,1.447118198415369,1.5871631741824945,1.839752692659793,1.9560443719712015,0.05654780556125627,-0.08349717020586933,0.04648391359547843,-0.06980776571593017,False,False,0.06424797820374752,0.06424797820374752,0.06420232035008877,0.06420232035008877
630,10.5,False,False,50.07081414920074,50.0,71.62509368882714,49.63584888007173,51.83146012295301,48.2051194319422,74.0,0.0708141492007428,1.8879357175245022,1.9068150746997472,1.897898532315497,1.5544358844454815,1.796372731202496,1.5490973132555343,1.5320370511181864,1.9068150746997472,1.4483886006274893,1.5887094276341986,1.2470233371772794,1.4483886006274893,1.5887094276341986,1.837000578475507,1.9534829457364802,0.0566723765160122,-0.08364845049069713,0.04666787103673298,-0.06981449622424019,False,False,0.06420232035008877,0.06420232035008877,0.06415660643899565,0.06415660643899565
635,10.583333333333334,False,False,50.0618754086543,50.0,71.63943989588435,49.62689802474012,51.82522016448825,48.19283984944865,74.0,0.06187540865430208,1.8852353014934065,1.9040876545083405,1.8952417621059936,1.555835821612226,1.7933961261687554,1.550597278120134,1.5334427286235042,1.9040876545083405,1.4496444836809197,1.590238983167154,1.2482308088860465,1.4496444836809197,1.590238983167154,1.8342665388952497,1.9509380001413488,0.05679625454364978,-0.08379824494258448,0.04685034563300827,-0.06982111561309079,False,False,0.06415660643899565,0.06415660643899565,0.0641108440404396,0.0641108440404396
640,10.666666666666666,False,False,50.05312970053518,50.0,71.65358321609143,49.6181404946565,51.81915042116074,48.18077224955171,74.0,0.05312970053518029,1.8825524599823844,1.9013779845822083,1.8926022695182994,1.5572106658361606,1.7904725929748428,1.552069279068988,1.5348329097235365,1.9013779845822083,1.450886321151425,1.5917523445462105,1.2494157696503407,1.450886321151425,1.5917523445462105,1.8315503602559475,1.9484093365910158,0.05691943482267403,-0.08394658857211157,0.04703135200880748,-0.06982762432626077,False,False,0.0641108440404396,0.0641108440404396,0.06406504075961394,0.06406504075961394
645,10.75,False,False,50.04456861364378,50.0,71.66752433021625,49.609567865359594,51.813242850841284,48.16890839228853,74.0,0.04456861364378284,1.8798869839688268,1.8986858538085152,1.8899798484234815,1.5585611152819263,1.7876009826667347,1.5535141161276766,1.5362080769350541,1.8986858538085152,1.4521145618043603,1.5932499901569919,1.2505788634779949,1.4521145618043603,1.5932499901569919,1.828851831115512,1.945896758551264,0.057041913221937746,-0.08409351513069385,0.047210904742748916,-0.0698340226930032,False,False,0.06406504075961394,0.06406504075961394,0.0640192042183812,0.0640192042183812
650,10.833333333333334,False,False,50.0361842275712,50.0,71.6812642153844,49.60117220385661,51.80748989146484,48.15724050146116,74.0,0.03618422757119788,1.877238666704981,1.8960110533720307,1.887374294833388,1.5598878435068488,1.7847801615583623,1.554932560946705,1.5375686880280228,1.8960110533720307,1.4533296310481185,1.5947323744715651,1.2517207115632574,1.4533296310481185,1.5947323744715651,1.8261707424299336,1.9434000717285245,0.057163686443542305,-0.0842390569799043,0.047389018356493784,-0.06984031094209708,False,False,0.0640192042183812,0.0640192042183812,0.06397334203793281,0.06397334203793281
655,10.916666666666666,False,False,50.02796908593766,50.0,71.69480412028702,49.59294604219899,51.80188443814102,48.14576124268537,74.0,0.027969085937662896,1.8746073038872089,1.893353376926081,1.884785407079229,1.5611915003795152,1.7820090117707732,1.556325357852472,1.538915177238141,1.893353376926081,1.45453193193781,1.5961999290640159,1.2528419130775093,1.45453193193781,1.5961999290640159,1.8235068877112217,1.9409190842306607,0.05728475182587478,-0.08438324530033103,0.04756570730457965,-0.06984648921485936,False,False,0.06397334203793281,0.06397334203793281,0.06392746182244377,0.06392746182244377
660,11.0,False,False,50.01991617096274,50.0,71.70814554184501,49.584882351279894,51.79641981451921,48.13446369613503,74.0,0.019916170962737567,1.8719926938065674,1.8907126207446332,1.8822129859709413,1.5624727129655753,1.7792864317053603,1.5576932248612434,1.5402479564793794,1.8907126207446332,1.4557218464658643,1.597653063912671,1.2539430460185486,1.4557218464658643,1.597653063912671,1.82086006316744,1.9384536067097144,0.057405107433291525,-0.08452611001351507,0.04774098596508125,-0.06985255757719311,False,False,0.06392746182244377,0.06392746182244377,0.06388157114392375,0.06388157114392375
665,11.083333333333334,False,False,50.01201887930345,50.0,71.72129020325596,49.57697451739172,51.79108975239284,48.12334133698104,74.0,0.01201887930344725,1.8693946374819572,1.888088583856777,1.8796568349385772,1.5637320863818271,1.7766113364555312,1.559036854657315,1.5415674164279154,1.888088583856777,1.4568997364642948,1.599092168313671,1.2550246680013062,1.4568997364642948,1.599092168313671,1.818230067826061,1.9360034524878489,0.057524751885755565,-0.08466767996362057,0.04791486863107197,-0.06985851603071591,False,False,0.06388157114392375,0.06388157114392375,0.06383567752804355,0.06383567752804355
670,11.166666666666666,False,False,50.004270999100285,50.0,71.73424003335447,49.56921631897408,51.78588836634403,48.11238801125292,74.0,0.004270999100285167,1.8668129387770074,1.8854810681647776,1.877116760156955,1.5649702046196106,1.7739826581609524,1.560356915536515,1.5428739276060697,1.8854810681647776,1.4580659447547042,1.6005176120420381,1.2560873170046307,1.4580659447547042,1.6005176120420381,1.8156167036417303,1.9335684376675906,0.057643684435968456,-0.08480798285136548,0.048087369502813004,-0.06986436452304723,False,False,0.06383567752804355,0.06383567752804355,0.06378978844097385,0.06378978844097385
675,11.25,False,False,49.99666668817439,50.0,71.74699714721949,49.561601904633505,51.7808101336452,48.10159791661787,74.0,-0.0033333118256066996,1.8642474045017918,1.8828898785468098,1.8745925706546605,1.5661876313385077,1.7713993463082636,1.5616540523161404,1.5441678414111266,1.8828898785468098,1.4592207960524926,1.601929746266647,1.2571315121180762,1.4592207960524926,1.601929746266647,1.8130197755895228,1.9311483812274524,0.05776190485552046,-0.08494704535863407,0.04825850268064258,-0.06987010295728702,False,False,0.06378978844097385,0.06378978844097385,0.06374391127727347,0.06374391127727347
680,11.333333333333334,False,False,49.98920045332095,50.0,71.75956382796501,49.554125772786065,51.77584987349709,48.0909655825717,74.0,-0.010799546679052696,1.8616978445004166,1.8803148229454207,1.8720840784084876,1.56738491063132,1.7688603679819315,1.5629288872124252,1.545449491070667,1.8803148229454207,1.4603645979103634,1.6033289045042654,1.258157754200829,1.4603645979103634,1.6033289045042654,1.8104390917446684,1.928743105103936,0.05787941343359826,-0.08508489316030365,0.04842828215851536,-0.0698757312007523,False,False,0.06374391127727347,0.06374391127727347,0.06369805334864799,0.06369805334864799
685,11.416666666666666,False,False,49.9818671306471,50.0,71.77194250965371,49.546782751452795,51.771002726920855,48.08048585126609,74.0,-0.01813286935289682,1.8591640717254447,1.8777557124426991,1.8695910984243023,1.5685625677612645,1.766364708068705,1.564182020686583,1.5467191925979022,1.8777557124426991,1.4614976416370395,1.6047154035485214,1.259166526657782,1.4614976416370395,1.6047154035485214,1.807874463349692,1.926352434260851,0.05799621095061913,-0.0852215509608627,0.04859672181815178,-0.06988124909300719,False,False,0.06369805334864799,0.06369805334864799,0.06365222187363996,0.06365222187363996
690,11.5,False,False,49.97466186690532,50.0,71.78413576127588,49.53956797929085,51.766264138275425,48.070153859871205,74.0,-0.025338133094678028,1.8566459023000768,1.8752123613230776,1.8671134488052714,1.569721109872302,1.7639113694189341,1.565414032260437,1.5479772456918908,1.8752123613230776,1.4626202031438118,1.6060895443264915,1.2601582959666757,1.4626202031438118,1.6060895443264915,1.8053257048698395,1.9239761967468323,0.05811229863460077,-0.08535704254807897,0.04876383542375473,-0.0698866564532381,False,False,0.06365222187363996,0.06365222187363996,0.06360642396821418,0.06360642396821418
695,11.583333333333334,False,False,49.967580101775,50.0,71.79614627173812,49.53247688930563,51.76162984019755,48.05996502614163,74.0,-0.03241989822500102,1.854143155568953,1.8726845871246425,1.8646509508083358,1.570861026673493,1.7614993729678257,1.5666254813026395,1.5492239345091547,1.8726845871246425,1.463732543631545,1.6074516125954865,1.2611335124541712,1.463732543631545,1.6074516125954865,1.8027926340376332,1.9216142237419207,0.05822767808633178,-0.08549139087760982,0.04892963661727823,-0.06989195308700924,False,False,0.06360642396821418,0.06360642396821418,0.06356066663717098,0.06356066663717098
700,11.666666666666666,False,False,49.96061755104734,50.0,71.80797683581005,49.52550519049949,51.75709583289392,48.049915028760616,74.0,-0.03938244895265797,1.8516556541383842,1.870172210679768,1.862203428889777,1.5719827910982371,1.759127757819532,1.5678169077864303,1.5504595285455252,1.870172210679768,1.4648349105559413,1.6088018799178774,1.262092610764421,1.4648349105559413,1.6088018799178774,1.8002750718873264,1.9192663495939484,0.05834235137235222,-0.08562461798958387,0.04909413891418035,-0.06989713879244164,False,False,0.06356066663717098,0.06356066663717098,0.06351495676632304,0.06351495676632304
705,11.75,False,False,49.95377019067118,50.0,71.81963034097797,49.51864885254742,51.75265837207067,48.039999795726665,74.0,-0.04622980932882115,1.8491832239067814,1.8676750561458493,1.8597707107406374,1.5730868599392414,1.7567955812968048,1.568988833019888,1.5516842833710143,1.8676750561458493,1.4659275381805237,1.6101406042234203,1.2630360105765703,1.4659275381805237,1.6101406042234203,1.7977728427799962,1.9169324118455144,0.05845632085240604,-0.08575674519049059,0.04925735569966516,-0.06990221336585312,False,False,0.06351495676632304,0.06351495676632304,0.06346930111548642,0.06346930111548642
710,11.833333333333334,False,False,49.947034241618724,50.0,71.83110975515855,49.51190409057709,51.748313951516415,48.03021548779657,74.0,-0.05296575838127637,1.846725694086006,1.865192951026866,1.8573526273127552,1.574173674460033,1.7545019189587812,1.5701417603495538,1.5528984413646867,1.865192951026866,1.4670106483925653,1.611468030634302,1.2639641170879714,1.4670106483925653,1.611468030634302,1.7952857744199862,1.9146122512522281,0.05856958926961542,-0.08588779297212135,0.049419300225362006,-0.06990717660687995,False,False,0.06346930111548642,0.06346930111548642,0.06342370631216308,0.06342370631216308
715,11.916666666666666,False,False,49.94040615553252,50.0,71.84241811522651,49.5052673507739,51.74405929045429,48.02055848637509,74.0,-0.05959384446747862,1.8442828972143173,1.8627257261864605,1.8549490128361072,1.5752436609837985,1.7522458645893209,1.5712761758383433,1.554102232412788,1.8627257261864605,1.468084451292845,1.6127843920638179,1.2648773215559688,1.468084451292845,1.6127843920638179,1.7928136978633213,1.9123057117928732,0.05868215965102985,-0.08601778111994296,0.049579985606412746,-0.06991202832313914,False,False,0.06342370631216308,0.06342370631216308,0.06337817884591888,0.06337817884591888
720,12.0,False,False,49.93388260111658,50.0,71.85355851631283,49.49873529644004,51.73989131859793,48.011025379292086,74.0,-0.06611739888342072,1.8418546691615627,1.8602732158531783,1.8525597048280973,1.5762972314603312,1.7500265301581808,1.572392548918575,1.5552958745885008,1.8602732158531783,1.4691491459003454,1.6140899099297705,1.2657760018836144,1.4691491459003454,1.6140899099297705,1.7903564475187481,1.9100126406721403,0.0587940353412697,-0.08614672868815543,0.049739424818961986,-0.06991676833443017,False,False,0.06337817884591888,0.06337817884591888,0.06333272506342191,0.06333272506342191
725,12.083333333333334,False,False,49.92746045123637,50.0,71.8645341018328,49.492304795591565,51.73580716522661,48.00161295032671,74.0,-0.07253954876362911,1.8394408491272112,1.8578352576184833,1.8501845440954443,1.5773347840118208,1.747843045757161,1.573491333020967,1.5564795747582139,1.8578352576184833,1.4702049206662955,1.615384794677036,1.2666605230882397,1.4702049206662955,1.615384794677036,1.7879138611419498,1.9077328883164786,0.05890521991882225,-0.08627465409191837,0.04989763069799524,-0.0699213964765335,False,False,0.06333272506342191,0.06333272506342191,0.06328735116410308,0.06328735116410308
730,12.166666666666666,False,False,49.921136770693934,50.0,71.8753480542035,49.48597290826837,51.73180414520569,47.99231816591345,74.0,-0.07886322930606582,1.8370412796318016,1.8554116924281197,1.8478233747292143,1.5783567034582178,1.7456945595132498,1.5745729661803916,1.5576535292061635,1.8554116924281197,1.4712519541392945,1.6166692464509982,1.2675312377700267,1.4712519541392945,1.6166692464509982,1.785485779823513,1.9054663083636485,0.059015717244834676,-0.08640157506686896,0.050054615935528846,-0.06992591260460657,False,False,0.06328735116410308,0.06328735116410308,0.06324206319639314,0.06324206319639314
735,12.25,False,False,49.91490880464594,50.0,71.88600358621403,49.4797368757332,51.727879750097536,47.983138166586535,74.0,-0.08509119535406029,1.834655806502342,1.8530023645673654,1.845476044093581,1.5793633618228693,1.7435802374806584,1.5756378716191928,1.558817924167215,1.8530023645673654,1.4722904153873464,1.6179434555277248,1.2683884866537938,1.4722904153873464,1.6179434555277248,1.7830720479711382,1.903212757646477,0.05912553136050969,-0.0865275087798687,0.05021039307911157,-0.06993031659622728,False,False,0.06324206319639314,0.06324206319639314,0.06319686705451869,0.06319686705451869
740,12.333333333333334,False,False,49.908773967633984,50.0,71.89650393301241,49.47359410791804,51.724031633087456,47.97407025270142,74.0,-0.09122603236601634,1.8322842788521614,1.850607121640683,1.8431424028088075,1.5803551188191078,1.7414992635135351,1.576686458308812,1.5599729364515043,1.850607121640683,1.4733204647219578,1.619207603046016,1.2692325989404254,1.4733204647219578,1.619207603046016,1.780672513286594,1.9009720961713057,0.05923466659451182,-0.08665247172954649,0.05036497453062272,-0.06993460835408905,False,False,0.06319686705451869,0.06319686705451869,0.0631517684758131,0.0631517684758131
745,12.416666666666666,False,False,49.902729833197924,50.0,71.906852344675,49.46754217529262,51.72025760523044,47.96511188067099,74.0,-0.09727016680207612,1.8299265490556968,1.8482258145462538,1.8408223047289498,1.581332322318457,1.7394508391210306,1.5777191215104698,1.561118733848616,1.8482258145462538,1.474342253877158,1.6204618611941963,1.2700638928193713,1.474342253877158,1.6204618611941963,1.7782870267378716,1.8987441870916058,0.05934312734558023,-0.0867764799714581,0.050518372545351964,-0.06993878780838214,False,False,0.0631517684758131,0.0631517684758131,0.06310677303853376,0.06310677303853376
750,12.5,False,False,49.896774124044185,50.0,71.91705207932645,49.46157879606354,51.716555616668195,47.95626064527478,74.0,-0.10322587595581467,1.8275824727186543,1.8458582974458408,1.8385156069147386,1.5822953088010934,1.7374341833062978,1.5787362432956122,1.5622554757705984,1.8458582974458408,1.47535592691818,1.6217063941264032,1.2708826758493617,1.47535592691818,1.6217063941264032,1.7759154425269614,1.896528896677168,0.05945091835580474,-0.08689954885241846,0.05067059923132722,-0.06994285491887942,False,False,0.06310677303853376,0.06310677303853376,0.06306188616012594,0.06306188616012594
755,12.583333333333334,False,False,49.890904702742326,50.0,71.92710639677875,49.455701830327946,51.712923759038226,47.947514281634376,74.0,-0.10909529725767442,1.8252519086439722,1.843504427730412,1.8362221696020646,1.5832444037891853,1.7354485323908961,1.5797381930468257,1.5633833135459099,1.843504427730412,1.4763616201267884,1.6229413578553487,1.2716892453976927,1.4763616201267884,1.6229413578553487,1.7735576180536736,1.8943260942793076,0.059558044309438785,-0.08702169341912147,0.05082166654889564,-0.06994680967673839,False,False,0.06306188616012594,0.06306188616012594,0.06301711309591582,0.06301711309591582
760,12.666666666666666,False,False,49.88511956292446,50.0,71.9370185526609,49.44990926773395,51.70936024351514,47.93887064460319,74.0,-0.11488043707554141,1.82293471879398,1.8411640659819197,1.8339418561664906,1.5841799222637098,1.7334931398259987,1.5807253279398972,1.5645023910440614,1.8411640659819197,1.4773594630680351,1.6241669013263478,1.2724838889916557,1.4773594630680351,1.6241669013263478,1.7712134138758593,1.8921356522924317,0.059664510282286365,-0.0871429279760263,0.05097158631051202,-0.06995065210606044,False,False,0.06301711309591582,0.06301711309591582,0.06297245893821915,0.06297245893821915
765,12.75,False,False,49.87941682096322,50.0,71.9467917930103,49.444199222085665,51.705863405978796,47.930327713321,74.0,-0.12058317903677818,1.820630768249123,1.8388370759316142,1.8316745330841455,1.5851021690653377,1.731567275991698,1.5816979934076554,1.5656128449511926,1.8388370759316142,1.4783495783457452,1.6253831661799152,1.2732668846992512,1.4783495783457452,1.6253831661799152,1.7688826936664224,1.889957446112365,0.05977032122872261,-0.08726326660544736,0.051120370180750774,-0.0699543822651918,False,False,0.06297245893821915,0.06297245893821915,0.06292792861582922,0.06292792861582922
770,12.833333333333334,False,False,49.873794708104924,50.0,71.95642934930031,49.43856992162784,51.702431687666774,47.92188357304809,74.0,-0.1262052918950758,1.818339925163607,1.836523324415243,1.8294200698893937,1.5860114392799431,1.7296702279856346,1.5826565235862566,1.5667148052661104,1.836523324415243,1.4793320825465384,1.626590287702749,1.274038501480618,1.4793320825465384,1.626590287702749,1.7665653241674195,1.8877913540917368,0.05987548243663854,-0.08738272271957204,0.0512680296764938,-0.0699580002478235,False,False,0.06292792861582922,0.06292792861582922,0.0628835268938377,0.0628835268938377
775,12.916666666666666,False,False,49.86825156303579,50.0,71.96593443387806,49.43301970263454,51.69906363696283,47.9135364166046,74.0,-0.1317484369642088,1.8160620607182878,1.8342226813254707,1.8271783391295782,1.5869080186092934,1.7278012994020948,1.5836012417445091,1.567808395630982,1.8342226813254707,1.4803070861619934,1.6277883947566967,1.2747989995980333,1.4803070861619934,1.6277883947566967,1.7642611751416093,1.8856372574927798,0.05997999912571461,-0.08750130946898871,0.051414576167309045,-0.06996150618386143,False,False,0.0628835268938377,0.0628835268938377,0.06283925837379435,0.06283925837379435
780,13.0,False,False,49.86278582486016,50.0,71.9753102357889,49.42754700157726,51.6957578953354,47.905284531126,74.0,-0.1372141751398388,1.813797049071114,1.8319350195618251,1.8249492163171945,1.5877921837274467,1.7259598101026465,1.584532460696837,1.5688937337355129,1.8319350195618251,1.48127469427974,1.6289776104765108,1.2755486308648416,1.48127469427974,1.6289776104765108,1.7619701193216948,1.8834950404378097,0.06008387674099791,-0.08761903945577298,0.05156002087598455,-0.06996490024013036,False,False,0.06283925837379435,0.06283925837379435,0.06279512749417335,0.06279512749417335
785,13.083333333333334,False,False,49.857396026470454,50.0,71.98455991696459,49.42215034841163,51.692513195237815,47.897126295915285,74.0,-0.14260397352954612,1.811544767305414,1.829660214978468,1.8227325798797522,1.588664202623373,1.7241450959793174,1.5854504832004646,1.569970931666012,1.829660214978468,1.4822350066964678,1.630158052389368,1.2762876389822395,1.4822350066964678,1.630158052389368,1.7596920323575922,1.881364589857685,0.06018712072335597,-0.08773592496954419,0.051704374879216974,-0.06996818262087579,False,False,0.06279512749417335,0.06279512749417335,0.06275113853112467,0.06275113853112467
790,13.166666666666666,False,False,49.85208078828945,50.0,71.99368660875366,49.41682836242912,51.68932835466962,47.889060177207234,74.0,-0.14791921171055122,1.8093050953762946,1.8273981463300575,1.8205283111076387,1.5895243349302943,1.722356508711255,1.586355602337387,1.5710400961258528,1.8273981463300575,1.4831881181937006,1.6313298326970245,1.2770162598760635,1.4831881181937006,1.6313298326970245,1.7574267927619345,1.8792457954384993,0.06028973657117165,-0.08785197793215227,0.05184764910844186,-0.06997135356812301,False,False,0.06275113853112467,0.06275113853112467,0.06270729559946148,0.06270729559946148
795,13.25,False,False,49.84683881236663,50.0,72.00269340877344,49.41157974232839,51.686202264191635,47.88108471595024,74.0,-0.15316118763337272,1.8070779160554078,1.825148695215962,1.818336294100217,1.590372832242227,1.7205934155157436,1.5872481018816536,1.5721013289498842,1.825148695215962,1.4841341191802813,1.6324930589245308,1.2777347220189315,1.4841341191802813,1.6324930589245308,1.755174281854091,1.8771385495667463,0.06039172997464659,-0.08796720976960293,0.051989854350784404,-0.06997441336187094,False,False,0.06270729559946148,0.06270729559946148,0.0626636026539088,0.0626636026539088
800,13.333333333333334,False,False,49.84166887681102,50.0,72.0115833780639,49.40640326537593,51.683133893944174,47.87319853412743,74.0,-0.15833112318897946,1.8048631148743195,1.8229117460230626,1.8161564157104186,1.5912099384181981,1.718855198894397,1.5881282566525061,1.5731547271595445,1.8229117460230626,1.4850730953663995,1.6336478336003741,1.2784432466059572,1.4850730953663995,1.6336478336003741,1.7529343837029068,1.8750427472731974,0.060493106440829614,-0.08808163179314499,0.05213100125013481,-0.06997736232015583,False,False,0.0626636026539088,0.0626636026539088,0.06262006349057514,0.06262006349057514
805,13.416666666666666,False,False,49.836569830543624,50.0,72.02035953852557,49.401297777518366,51.68012227278024,47.86540031525221,74.0,-0.163430169456376,1.8026605800667026,1.8206871858673697,1.813988565488052,1.5920358898745737,1.7171412563752895,1.58899633285387,1.574200383477273,1.8206871858673697,1.4860051287897966,1.6347942552886463,1.2791420479501086,1.4860051287897966,1.6347942552886463,1.7507069850683898,1.8729582861756977,0.06059387181137321,-0.08819525468747647,0.052271100308328045,-0.06998020079897982,False,False,0.06262006349057514,0.06262006349057514,0.06257668174860226,0.06257668174860226
810,13.5,False,False,49.83154058835345,50.0,72.02902487062298,49.39626219257709,51.67716650035171,47.857688815395846,74.0,-0.16845941164655187,1.800470202509562,1.8184749045346578,1.8118326356220438,1.592850915865952,1.7154510002517422,1.5898525884007035,1.5752383863816248,1.8184749045346578,1.4869302972454812,1.6359324180246135,1.2798313336579215,1.4869302972454812,1.6359324180246135,1.7484919753425274,1.870885066421073,0.0606940316429887,-0.08830808913614363,0.05241016188641523,-0.06998292919213034,False,False,0.06257668174860226,0.06257668174860226,0.06253346091200922,0.06253346091200922
815,13.583333333333334,False,False,49.826580126242014,50.0,72.03758231133787,49.39129548456822,51.67426572669426,47.850062844117055,74.0,-0.17341987375798595,1.7982918756636803,1.816274794420317,1.8096885208818003,1.5936552387550322,1.7137838573184183,1.5906972732326654,1.5762688205114501,1.816274794420317,1.4878486752914781,1.637062412326184,1.2805113049516423,1.4878486752914781,1.637062412326184,1.7462892464894324,1.8688229906263496,0.06079359181473398,-0.08842014521997199,0.05254819620603257,-0.06998554793088463,False,False,0.06253346091200922,0.06253346091200922,0.06249040431171487,0.06249040431171487
820,13.666666666666666,False,False,49.821687477041586,50.0,72.04603475235572,49.38639668438631,51.67141915981564,47.84252127133386,74.0,-0.17831252295841438,1.7961254955134696,1.8140867504686042,1.807556118557891,1.5944490742718702,1.712139268605354,1.5915306296155758,1.577291766849612,1.8140867504686042,1.4887603338975564,1.6381843248482386,1.2811821568449433,1.4887603338975564,1.6381843248482386,1.7440986929849847,1.8667719638194495,0.060892557998626584,-0.08853143295205568,0.052685213350845306,-0.06998805748361958,False,False,0.06249040431171487,0.06249040431171487,0.06244751512769385,0.06244751512769385
825,13.75,False,False,49.81686172629334,50.0,72.05438503847105,49.38156487613587,51.66862605484627,47.83506301712578,74.0,-0.18313827370666047,1.7939709605063874,1.8119106701114513,1.805435328402217,1.5952326317629222,1.7105166891104864,1.5923528924311139,1.5783073029250771,1.8119106701114513,1.4896653409882719,1.6392982389311528,1.2818440784064933,1.4896653409882719,1.6392982389311528,1.7419202117561143,1.8647318933795085,0.060990936006075636,-0.08864196193680529,0.05282122326805716,-0.06999045835533702,False,False,0.06244751512769385,0.06244751512769385,0.06240479639128369,0.06240479639128369
830,13.833333333333334,False,False,49.812102008372044,50.0,72.06263596619699,49.37679919310951,51.66588571434316,47.82768705186951,74.0,-0.18789799162795617,1.7918281714920787,1.8097464532069996,1.8033260525678114,1.5960061144302484,1.7089155875312219,1.5931642894551825,1.5793155030333765,1.8097464532069996,1.4905637614455622,1.6404042346087608,1.2824972530088872,1.4905637614455622,1.6404042346087608,1.7397537021199025,1.8627026889769973,0.0610887315753843,-0.08875174158781429,0.05295623576999775,-0.06999275108709702,False,False,0.06240479639128369,0.06240479639128369,0.06236225098759152,0.06236225098759152
835,13.916666666666666,False,False,49.80740750284485,50.0,72.07079028256604,49.37209881305026,51.66319748028418,47.82039238868633,74.0,-0.1925924971551467,1.7896970316613834,1.8075940019779972,1.80122819554845,1.596769719561255,1.7073354459955268,1.593965041625357,1.58031643849381,1.8075940019779972,1.4914556575146525,1.641502389019512,1.2831418585043595,1.4914556575146525,1.641502389019512,1.737599065722604,1.8606842625137483,0.06118595052570197,-0.0888607809791575,0.053090260535751055,-0.06999493625539333,False,False,0.06236225098759152,0.06236225098759152,0.06231988165804587,0.06231988165804587
840,14.0,False,False,49.80277743105172,50.0,72.07885068410886,49.36746295631782,51.66056073621184,47.81317808529036,74.0,-0.19722256894827694,1.7875774464853431,1.8054532209501966,1.799141664118176,1.5975236387493206,1.7057757597930039,1.5947553632978377,1.5813101777596785,1.8054532209501966,1.4923410887178703,1.6425927763254302,1.2837780674590704,1.4923410887178703,1.6425927763254302,1.7354562064787482,1.8586765280630437,0.06128259856575169,-0.08896908904180822,0.053223307112847174,-0.06999701447144835,False,False,0.06231988165804587,0.06231988165804587,0.06227769100298568,0.06227769100298568
845,14.083333333333334,False,False,49.7982110528964,50.0,72.08681981599949,49.36289088116255,51.657974898066755,47.8060432353719,74.0,-0.2017889471036014,1.7854693236543286,1.803324016890872,1.797066367270896,1.5982680581056656,1.704236037106371,1.5955354624942628,1.582296786675488,1.803324016890872,1.4932201123173152,1.643675468179815,1.284406047314178,1.4932201123173152,1.643675468179815,1.7333250305104098,1.8566794018098607,0.061378681504326904,-0.08907667435817279,0.053355384918988724,-0.0699989863804622,False,False,0.06227769100298568,0.06227769100298568,0.06223568148439734,0.06223568148439734
850,14.166666666666666,False,False,49.79370766383691,50.0,72.09470027135521,49.35838188190075,51.65543941707823,47.798986971145155,74.0,-0.20629233616308795,1.7833725730174006,1.8012062987475745,1.7950022161601353,1.599003158462784,1.7027157987437285,1.5963055411387985,1.5832763285871807,1.8012062987475745,1.4940927831926787,1.6447505336099921,1.2850259606201235,1.4940927831926787,1.6447505336099921,1.7312054460867754,1.8546928019913944,0.06147420502281142,-0.08918354539450202,0.05348650324381987,-0.07000085266079914,False,False,0.06223568148439734,0.06223568148439734,0.062193855428712926,0.062193855428712926
855,14.25,False,False,49.78926659206453,50.0,72.1024945906805,49.35393528564402,51.652953772549594,47.79200845654741,74.0,-0.21073340793547146,1.7812871065220104,1.7990999775872305,1.792949124039085,1.599729115569767,1.701214577871984,1.5970657952858525,1.5842488645258528,1.7990999775872305,1.4949591542094467,1.6458180393903417,1.285637965212345,1.4949591542094467,1.6458180393903417,1.7290973635640918,1.8527166488379572,0.061569174864488874,-0.08928971031640609,0.053616671250726666,-0.07000261402313868,False,False,0.062193855428712926,0.062193855428712926,0.06215221502958898,0.06215221502958898
860,14.333333333333334,False,False,49.784887195862154,50.0,72.11020526144493,49.3495504497548,51.65051747229395,47.78510688752254,74.0,-0.21511280413784561,1.7792128381541308,1.7970049665356722,1.7909070062010244,1.6004461002798247,1.699731919751747,1.597816415338757,1.585214453354729,1.7970049665356722,1.4958192762158868,1.6468780500440068,1.286242214343065,1.4958192762158868,1.6468780500440068,1.7270006953260986,1.850750864514336,0.06166359668927779,-0.08939517713884215,0.053745897978663804,-0.07000427120957364,False,False,0.06215221502958898,0.06215221502958898,0.062110762350872116,0.062110762350872116
865,14.416666666666666,False,False,49.78056886113189,50.0,72.11783471778521,49.34522675857905,51.64813004698241,47.77828148667551,74.0,-0.21943113886811005,1.7771496838789096,1.7949211807176988,1.7888757799202173,1.601154278730308,1.6982673814740068,1.5985575862597792,1.5861731519528803,1.7949211807176988,1.4966731983354709,1.6479306281399453,1.2868388569448599,1.4966731983354709,1.6479306281399453,1.724915355725012,1.8487953730617033,0.06175747618706495,-0.08949995361740948,0.05387419234400448,-0.0700058249926867,False,False,0.062110762350872116,0.062110762350872116,0.06206949932949843,0.06206949932949843
870,14.5,False,False,49.776310999083044,50.0,72.12538534032228,49.34096362235049,51.64579105200161,47.77153150487794,74.0,-0.22368900091695565,1.7750975615819207,1.7928485371977398,1.7868553643933578,1.601853812515521,1.6968205316988636,1.59928948777178,1.5871250152887115,1.7928485371977398,1.4975209678947379,1.6489758342253187,1.2874280376599474,1.4975209678947379,1.6489758342253187,1.7228412610231558,1.846850100340147,0.061850818936607155,-0.08960404739397365,0.054001563142407116,-0.07000727617458402,False,False,0.06206949932949843,0.06206949932949843,0.0620284277784778,0.0620284277784778
875,14.583333333333334,False,False,49.772113044071986,50.0,72.13285945608504,49.336760474646034,51.64350006209956,47.76485621620532,74.0,-0.2278869559280139,1.773056391011087,1.7907869549211979,1.7848456806816513,1.6025448588525988,1.695390950396566,1.600012294551835,1.5880700965669348,1.7907869549211979,1.4983626307011382,1.6500137271077737,1.2880098971183997,1.4983626307011382,1.6500137271077737,1.720778329335283,1.8449149739718957,0.061943630540838956,-0.08970746586579659,0.05412801905069786,-0.07000862558591492,False,False,0.0620284277784778,0.0620284277784778,0.061987549389905874,0.061987549389905874
880,14.666666666666666,False,False,49.76797445158533,50.0,72.14025933853237,49.3326167698404,51.64125667062192,47.75825491712452,74.0,-0.2320255484146685,1.7710260937193414,1.788736354656535,1.7828466516535895,1.6032275707407209,1.6939782285910863,1.6007261764171332,1.589008447375545,1.788736354656535,1.4991982310979182,1.651044363914665,1.2885845720113593,1.4991982310979182,1.651044363914665,1.718726480571674,1.8429899232852942,0.062035916539119995,-0.08981021627762686,0.0542535686287593,-0.07000987408486092,False,False,0.061987549389905874,0.061987549389905874,0.06194686573795675,0.06194686573795675
885,14.75,False,False,49.763894696359,50.0,72.14758720766618,49.328531982005266,51.63906048823854,47.75172692521223,74.0,-0.23610530364099702,1.7690065930080834,1.7866966589381643,1.780858201928484,1.6039020971139242,1.6925819681064294,1.6014312985034513,1.5899401177593062,1.7866966589381643,1.5000278120435848,1.6520678001767795,1.2891521952960376,1.5000278120435848,1.6520678001767795,1.7166856363820506,1.8410748792595926,0.06212768241747324,-0.0899123057157214,0.05437822032142825,-0.07001102255611369,False,False,0.06194686573795675,0.06194686573795675,0.06190637828193664,0.06190637828193664
890,14.833333333333334,False,False,49.759873270625604,50.0,72.15484523022766,49.32450560199748,51.636911138961,47.74527157537197,74.0,-0.2401267293743956,1.7669978138714832,1.784667792010198,1.7788802578208216,1.6045685829877616,1.6912017813158786,1.6021278214364725,1.5908651563850982,1.784667792010198,1.500851415322757,1.6530840900433408,1.2897128962542865,1.500851415322757,1.6530840900433408,1.7146557201003598,1.8391697744705922,0.0622189336582426,-0.09001374106234117,0.05450198246039406,-0.07001207190983827,False,False,0.06190637828193664,0.06190637828193664,0.06186608836933048,0.06186608836933048
895,14.916666666666666,False,False,49.75590968248268,50.0,72.16203551997059,49.3205371374369,51.63480826272044,47.73888822211982,74.0,-0.24409031751731902,1.764999682941687,1.7826496797711038,1.776912747285476,1.605227169600048,1.6898372908943353,1.6028159014962502,1.5917836105602874,1.7826496797711038,1.5016690814381901,1.654093286178121,1.2902668006976001,1.5016690814381901,1.654093286178121,1.7126366566904823,1.8372745430372004,0.062309675617833626,-0.09011452912209728,0.05462486326609661,-0.07001302308062152,False,False,0.06186608836933048,0.06186608836933048,0.06182599723880111,0.06182599723880111
900,15.0,False,False,49.752003454375654,50.0,72.1691601380048,49.31662610942606,51.63275150830954,47.7325762329632,74.0,-0.24799654562434625,1.7630121284349543,1.7806422497193037,1.7749555998638413,1.6058779945459316,1.6884881295739058,1.6034956907750717,1.5926955264164462,1.7806422497193037,1.5024808499706122,1.6550954401232638,1.2908140310696128,1.5024808499706122,1.6550954401232638,1.7106283726928788,1.8353891205689263,0.062399913706817633,-0.09021467644583403,0.0547468708496226,-0.07001387702642492,False,False,0.06182599723880111,0.06182599723880111,0.061786106023256265,0.061786106023256265
905,15.083333333333334,False,False,49.74815412168863,50.0,72.1762210932041,49.31277205324269,51.630740539111684,47.726334993605434,74.0,-0.2518458783113715,1.7610350800987766,1.7786454308997643,1.7730087466309026,1.6065211919075042,1.68715393990287,1.6041673373289667,1.5936009488909804,1.7786454308997643,1.5032867593171508,1.6560906020416235,1.2913547065486002,1.5032867593171508,1.6560906020416235,1.7086307961722438,1.833513444114356,0.06248965315064314,-0.09031418957382953,0.05486801321459156,-0.07001463472752056,False,False,0.061786106023256265,0.061786106023256265,0.0617464157528539,0.0617464157528539
910,15.166666666666666,False,False,49.744361231437175,50.0,72.18322034267284,49.30897451432798,51.628775022806146,47.72016389833836,74.0,-0.2556387685628252,1.7590684691600014,1.7766591538516014,1.7710721201433,1.6071568923781814,1.685834374008153,1.6048309853231342,1.5944999219475904,1.7766591538516014,1.5040868472079707,1.6570788212372327,1.291888943179265,1.5040868472079707,1.6570788212372327,1.7066438566661664,1.8316474521106396,0.06257889928964233,-0.09041307473961968,0.05498829825903817,-0.07001529718543509,False,False,0.0617464157528539,0.0617464157528539,0.06170692735801964,0.06170692735801964
915,15.25,False,False,49.740624341056964,50.0,72.19015979226563,49.305233049330674,51.626854639744195,47.714062357697586,74.0,-0.2593756589430356,1.7571122282739922,1.774683350556732,1.769145654388403,1.6077852233820489,1.6845290933613948,1.6054867751715076,1.595392488539528,1.774683350556732,1.504881150315508,1.6580601457682838,1.2924168540191658,1.504881150315508,1.6580601457682838,1.7046674851348393,1.8297910843340113,0.06266765722875567,-0.09051133822402013,0.05510773377727918,-0.07001586542189275,False,False,0.06170692735801964,0.06170692735801964,0.06166764167240274,0.06166764167240274
920,15.333333333333334,False,False,49.73694301728323,50.0,72.19704129715566,49.30154722497618,51.624979075785916,47.708029791755315,74.0,-0.26305698271676903,1.755166291474849,1.7727179543895975,1.7672292847344253,1.608406309188381,1.6832377685487239,1.6061348436706937,1.5962786906830844,1.7727179543895975,1.505669704618406,1.6590346228147428,1.2929385491533596,1.505669704618406,1.6590346228147428,1.7027016139118367,1.8279442818513667,0.06275593213165842,-0.09060898606467838,0.05522632746176925,-0.07001634047776073,False,False,0.06166764167240274,0.06166764167240274,0.06162855943587475,0.06162855943587475
925,15.416666666666666,False,False,49.73331683511518,50.0,72.20386666244639,49.2979166147631,51.623148021399295,47.70206562920517,74.0,-0.26668316488481736,1.7532305941267075,1.7707629000679745,1.7653229478816017,1.6090202710215245,1.6819600790442915,1.6067753241285128,1.5971585696413058,1.7707629000679745,1.5064525454609214,1.660002298741346,1.2934541359286869,1.5064525454609214,1.660002298741346,1.7007461766559684,1.8261069869729145,0.06284372910004032,-0.09070602418038431,0.05534408690493997,-0.07001672341200615,False,False,0.06162855943587475,0.06162855943587475,0.0615896812974159,0.0615896812974159
930,15.5,False,False,49.72974537686114,50.0,72.21063764382252,49.29434080071175,51.621361175224855,47.69616931057467,74.0,-0.27025462313886095,1.751305072876137,1.7688181236048983,1.7634265818144415,1.6096272271663334,1.680695712987655,1.6074083464873428,1.598032165850509,1.7688181236048983,1.507229707394935,1.6609632189431396,1.2939637189244877,1.507229707394935,1.6609632189431396,1.6988011083042511,1.8242791432059244,0.06293105309263058,-0.090802458455574,0.05546101960102612,-0.07001701530064719,False,False,0.0615896812974159,0.0615896812974159,0.06155100781807466,0.06155100781807466
935,15.583333333333334,False,False,49.726228231258766,50.0,72.21735594823605,49.290819370410134,51.61961823692032,47.690340281534105,74.0,-0.2737717687412342,1.7493896656056451,1.7668835622617016,1.7615401257550878,1.6102272930693338,1.6794443669650452,1.6080340374424915,1.5988995190856259,1.7668835622617016,1.5080012245426897,1.661917428211663,1.2944674001429577,1.5080012245426897,1.661917428211663,1.6968663450259633,1.8224606952095697,0.06301790912603722,-0.09089829454293619,0.055577132947868035,-0.07001721723573828,False,False,0.06155100781807466,0.06155100781807466,0.061512539473772346,0.061512539473772346
940,15.666666666666666,False,False,49.72276499266677,50.0,72.22402323462336,49.28735191766586,51.61791891287164,47.68457799809615,74.0,-0.2772350073332319,1.7474843113883025,1.7649591545021857,1.7596635201177664,1.6108205814357937,1.678205745794576,1.6086525205557678,1.5997606684418315,1.7649591545021857,1.5087671303337868,1.6628649704753284,1.2949652790530763,1.5087671303337868,1.6628649704753284,1.6949418241778471,1.8206515887508812,0.06310430203349693,-0.09099353810804467,0.05569243424869552,-0.07001733032433854,False,False,0.061512539473772346,0.061512539473772346,0.06147427665818828,0.06147427665818828
945,15.75,False,False,49.71935526032308,50.0,72.23064111465003,49.283938040984445,51.61626291006446,47.6788819208779,74.0,-0.28064473967692294,1.7455889504434938,1.7630448399479288,1.7577967064643643,1.611407202322859,1.6769795623154244,1.6092639163644802,1.6006156524264044,1.7630448399479288,1.5095274578173832,1.6638058891149268,1.2954574526784655,1.5095274578173832,1.6638058891149268,1.6930274842604127,1.818851770661824,0.06319023668852242,-0.09108819460902118,0.055806930713895087,-0.0700173556875161,False,False,0.06147427665818828,0.06147427665818828,0.06143621968551196,0.06143621968551196
950,15.833333333333334,False,False,49.71599863766583,50.0,72.23721115347955,49.280577343485476,51.614649939906165,47.67325151855817,74.0,-0.2840013623341733,1.7437035240938008,1.761140559334739,1.7559396274611183,1.6119872632289223,1.6757655371810072,1.6098683424860178,1.6014645089770965,1.761140559334739,1.510282239490289,1.6647402267949643,1.295944015699888,1.510282239490289,1.6647402267949643,1.6911232648753853,1.8170611887974852,0.06327571781786778,-0.09118226948680741,0.05592062946274634,-0.07001729445935356,False,False,0.06143621968551196,0.06143621968551196,0.0613983687932013,0.0613983687932013
955,15.916666666666666,False,False,49.7126947317134,50.0,72.24373487056323,49.27726943100702,51.61307971267175,47.667686262674906,74.0,-0.28730526828660174,1.7418279747230159,1.759246254470246,1.7540922268364354,1.6125608691793716,1.6745633986561737,1.6104659137181951,1.602307275572366,1.759246254470246,1.5110315075806071,1.665668025750483,1.2964250605431062,1.5110315075806071,1.665668025750483,1.6892291066842722,1.8152797919953905,0.06336075017811704,-0.09127576799175885,0.056033537525144395,-0.0700171477859739,False,False,0.0613983687932013,0.0613983687932013,0.061360724144715655,0.061360724144715655
960,16.0,False,False,49.709443152499375,50.0,72.25021374044785,49.27401391273052,51.611551942143656,47.66218563184058,74.0,-0.2905568475006248,1.7399622457352875,1.7573618681926404,1.7522544493398313,1.6131281228088725,1.6733728824184249,1.611056742135549,1.6031439892130037,1.7573618681926404,1.511775293835341,1.6665893275777715,1.2969006774228093,1.511775293835341,1.6665893275777715,1.6873449513680565,1.8135075300359271,0.06344533836476773,-0.09136869537766268,0.05614566184328673,-0.07001691682458389,False,False,0.061360724144715655,0.061360724144715655,0.061323285832134686,0.061323285832134686
965,16.083333333333332,False,False,49.706243512559396,50.0,72.25664919359869,49.27081040107613,51.610066342532946,47.65674910882935,74.0,-0.29375648744060356,1.7381062815153983,1.7554873443305523,1.7504262407019917,1.6136891244403233,1.672193731363159,1.6116409371817364,1.603974686440506,1.7554873443305523,1.5125136296829607,1.667504173399986,1.2973709544304712,1.5125136296829607,1.667504173399986,1.6854707415880221,1.8117443536039008,0.06352948695948002,-0.09146105675754534,0.056257009273348535,-0.07001660274253019,False,False,0.061323285832134686,0.061323285832134686,0.06128605387879089,0.06128605387879089
970,16.166666666666668,False,False,49.70309542646665,50.0,72.26304261723517,49.267658509787076,51.608622627284646,47.65137617940702,74.0,-0.29690457353334665,1.7362600273901625,1.753622627664064,1.7486075475959615,1.6142439721606205,1.6710256954129408,1.6122186057581882,1.604799403447305,1.753622627664064,1.5132465463040328,1.6684126039407547,1.2978359776368507,1.5132465463040328,1.6684126039407547,1.6836064209476822,1.809990214251179,0.06361320049344976,-0.09155285714327221,0.05636758658711494,-0.07001620671638187,False,False,0.06128605387879089,0.06128605387879089,0.06124902824185951,0.06124902824185951
975,16.25,False,False,49.69999851041225,50.0,72.26939535617653,49.26455785417244,51.6072205102963,47.64606633339025,74.0,-0.30000148958774986,1.7344234295909482,1.7517676638868578,1.7467983175994306,1.614792761893367,1.6698685313307884,1.6127898523091961,1.6056181760767685,1.7517676638868578,1.5139740745841155,1.6693146594800041,1.2982958311066342,1.5139740745841155,1.6693146594800041,1.6817519339558362,1.8082450643604642,0.06369648340323564,-0.09164410149265301,0.05647740047360639,-0.07001572993102156,False,False,0.06124902824185951,0.06124902824185951,0.06121220881480664,0.06121220881480664
980,16.333333333333332,False,False,49.69695238182869,50.0,72.2757087136958,49.261508050982165,51.60585970498097,47.640819063717274,74.0,-0.30304761817131265,1.732596435217304,1.749922399569477,1.7449984991581502,1.6153355874686472,1.6687220025374523,1.6133547789035392,1.6064310398415729,1.749922399569477,1.5146962451711288,1.6702103799141865,1.2987505970155782,1.5146962451711288,1.6702103799141865,1.679907225990707,1.8065088571101335,0.06377934007261366,-0.0917347946704441,0.0565864575406565,-0.07001517357876996,False,False,0.06121220881480664,0.06121220881480664,0.06117559542995245,0.06117559542995245
985,16.416666666666668,False,False,49.6939566590522,50.0,72.28198395237945,49.25850871827475,51.60453992469106,47.63563386677596,74.0,-0.3060433409478023,1.7307789922016903,1.7480867821237072,1.7432080415504203,1.6158725406899959,1.6675858789326807,1.6139134853128374,1.607238029942073,1.7480867821237072,1.5154130884661823,1.6710998047499142,1.2992003556797955,1.5154130884661823,1.6710998047499142,1.6780722432651927,1.8047815464401868,0.06386177480784117,-0.09182494147589071,0.056694764316479684,-0.0700145388585145,False,False,0.06117559542995245,0.06117559542995245,0.061139187860781444,0.061139187860781444
990,16.5,False,False,49.6910109610227,50.0,72.28822229499103,49.25555947419603,51.60326088044981,47.63051024024804,74.0,-0.3089890389773018,1.728971049275298,1.746260759768051,1.7414268948526899,1.6164037113986716,1.6664599367204311,1.6144660690867254,1.608039181339791,1.746260759768051,1.5161246347450426,1.6719829732281761,1.2996451856143267,1.5161246347450426,1.6719829732281761,1.676246932793175,1.8030630870192503,0.06394379188838517,-0.0919145465947484,0.05680232725119927,-0.07001382697487601,False,False,0.061139187860781444,0.061139187860781444,0.061102985824392206,0.061102985824392206
995,16.583333333333332,False,False,49.68811490701774,50.0,72.29442492533721,49.25265993719418,51.60202228280273,47.625447684758186,74.0,-0.3118850929822585,1.7271725559349471,1.7444442814942966,1.7396550099062127,1.616929187535349,1.6653439582380065,1.6150126256250077,1.6088345287574157,1.7444442814942966,1.5168309140788065,1.6728599242476963,1.3000851636209974,1.5168309140788065,1.6728599242476963,1.6744312423569134,1.8013534342126478,0.06402539549028052,-0.09200361467860918,0.056909152718351175,-0.07001303913738322,False,False,0.061102985824392206,0.061102985824392206,0.06106698898374324,0.06106698898374324
1000,16.666666666666668,False,False,49.68526811641897,50.0,72.30059298913415,49.249809726227554,51.60082384103085,47.6204457030884,74.0,-0.31473188358103243,1.7253834624110453,1.7426372970351558,1.7378923382847806,1.6174490551993446,1.6642377317890829,1.6155532482469008,1.6096241066788024,1.7426372970351558,1.517531956382575,1.6737306964162524,1.300520364832346,1.517531956382575,1.6737306964162524,1.6726251204754796,1.7996525440515174,0.06410658973744998,-0.0920921502962273,0.057015247016361625,-0.07001217655967618,False,False,0.06106698898374324,0.06106698898374324,0.06103119694996389,0.06103119694996389
1005,16.75,False,False,49.682470208508036,50.0,72.30672759487294,49.24700845988389,51.599665262220526,47.6155037992619,74.0,-0.3175297914919639,1.7236037196366014,1.7408397568329674,1.7361388322634985,1.6179633987054647,1.6631410514805849,1.6160880282574976,1.6104079494040888,1.7408397568329674,1.5182277914707862,1.6745953281085801,1.3009508627409105,1.5182277914707862,1.6745953281085801,1.6708285163742387,1.7979603732029588,0.06418737870449132,-0.09218015793330259,0.05712061636999133,-0.07001124045872875,False,False,0.06103119694996389,0.06103119694996389,0.06099560928450538,0.06099560928450538
1010,16.833333333333332,False,False,49.679720802290674,50.0,72.3128298146828,49.24425575657464,51.5985462522248,47.61062147937359,74.0,-0.32027919770932556,1.7218332792172668,1.7390516120094395,1.7343944447885988,1.6184723006385935,1.6620537170633778,1.6166170550115582,1.6111860910496945,1.7390516120094395,1.5189184490201506,1.6754538574318496,1.3013767292870853,1.5189184490201506,1.6754538574318496,1.669041379955343,1.7962768789411927,0.06426776638215514,-0.09226764202954385,0.05722526693175323,-0.07001023205409651,False,False,0.06099560928450538,0.06099560928450538,0.06096022550134073,0.06096022550134073
1015,16.916666666666668,False,False,49.677019516346284,50.0,72.3189006851904,49.24155123436222,51.59746651480302,47.60579825074073,74.0,-0.32298048365371557,1.7200720934024014,1.7372728143364256,1.7326591294482678,1.6189758419061,1.6609755337767218,1.6171404159747427,1.6119585655666924,1.7372728143364256,1.5196039586209078,1.6763063222793915,1.301798034859121,1.5196039586209078,1.6763063222793915,1.6672636617692473,1.7946020191197303,0.0643477567126991,-0.09235460694578457,0.05732920478330472,-0.07000915256717821,False,False,0.06096022550134073,0.06096022550134073,0.06092504506903559,0.06092504506903559
1020,17.0,False,False,49.67436596870144,50.0,72.32494120837458,49.23889451005958,51.596425750701904,47.60103362100087,74.0,-0.32563403129856283,1.718320115057135,1.7355033162077063,1.7309328404444888,1.6194741017881673,1.659906312196451,1.6176581967823973,1.6127254067959256,1.7355033162077063,1.5202843498306258,1.6771527603869267,1.3022148484102674,1.5202843498306258,1.6771527603869267,1.6654953129871906,1.7929357521445075,0.06442735359100116,-0.0924410569652998,0.05743243593680125,-0.0700080032205157,False,False,0.06092504506903559,0.06092504506903559,0.060890067412794346,0.060890067412794346
1025,17.083333333333332,False,False,49.67175977672553,50.0,72.33095235241474,49.23628520120715,51.59542366159315,47.59632710169115,74.0,-0.3282402232744701,1.7165772976354141,1.7337430706117682,1.7292155325658491,1.6199671579861286,1.6588458680868279,1.6181704812959876,1.613486648376147,1.7337430706117682,1.5209596519912527,1.6779932091519971,1.3026272374441306,1.5209596519912527,1.6779932091519971,1.6637362853746724,1.7912780369480035,0.06450656077585015,-0.09252699638489426,0.05753496633623523,-0.0700067852370958,False,False,0.060890067412794346,0.060890067412794346,0.06085529191646094,0.06085529191646094
1030,17.166666666666668,False,False,49.66920055704689,50.0,72.33693505253281,49.23372292371779,51.5944599436582,47.59167820227783,74.0,-0.3307994429531078,1.7148435951540146,1.7319920311055548,1.727507161161338,1.6204550866688894,1.657794022256013,1.618677351657285,1.6142423238726225,1.7319920311055548,1.5216298945498203,1.6788277059569985,1.3030352680878878,1.5216298945498203,1.6788277059569985,1.6619865312658606,1.789628832964286,0.06458538208437603,-0.09261242932280211,0.05763680185873121,-0.07000549983969417,False,False,0.06085529191646094,0.06085529191646094,0.060820717924462295,0.060820717924462295
1035,17.25,False,False,49.66668792548747,50.0,72.3428902118269,49.23120729239941,51.59353429259024,47.58708643471969,74.0,-0.3333120745125271,1.7131189621675,1.730250151789175,1.7258076821150734,1.6209379625175278,1.656750600415113,1.6191788883404004,1.6149924667587583,1.730250151789175,1.5222951068230528,1.6796562879360686,1.3034390051069296,1.5222951068230528,1.6796562879360686,1.6602460035389508,1.7879881001050022,0.06466382117731029,-0.09269735993570549,0.057737948315827126,-0.07000414825022427,False,False,0.060820717924462295,0.060820717924462295,0.06078634474365959,0.06078634474365959
1040,17.333333333333332,False,False,49.66422149701533,50.0,72.34881870209654,49.22873792147113,51.59264640130909,47.58255131130983,74.0,-0.3357785029846667,1.7114033537441062,1.7285173872815474,1.7241170518219766,1.6214158587681404,1.6557154330407386,1.6196751702017471,1.6157371103977312,1.7285173872815474,1.5229553181164033,1.680478992096364,1.30383851200736,1.5229553181164033,1.680478992096364,1.658514655592423,1.786355798736262,0.06474188169863293,-0.09278179228132788,0.05783841145471458,-0.0700027316891243,False,False,0.06078634474365959,0.06078634474365959,0.060752171645245705,0.060752171645245705
1045,17.416666666666668,False,False,49.66180088571271,50.0,72.3547213646586,49.22631442507307,51.59179596230855,47.57807234679143,74.0,-0.338199114287292,1.7096967254425357,1.7267936926969611,1.7224352271643424,1.6218888472530144,1.6546883552410234,1.6201662745280325,1.6164762880241141,1.7267936926969611,1.523610557617245,1.6812958552134396,1.3042338509920683,1.523610557617245,1.6812958552134396,1.6567924413222095,1.7847318896564188,0.06481956718932547,-0.09286573040686918,0.05793819695945768,-0.07000125137475166,False,False,0.060752171645245705,0.060752171645245705,0.06071819786647776,0.06071819786647776
1050,17.5,False,False,49.6594257047587,50.0,72.36059901115284,49.22393641560858,51.590982663419055,47.57364905440161,74.0,-0.34057429524129645,1.7079990332896386,1.725079023622535,1.7207621654893142,1.622356998440193,1.653669206625048,1.6206522770823586,1.6172100328357373,1.725079023622535,1.524260854608399,1.6821069140469218,1.3046250830485862,1.524260854608399,1.6821069140469218,1.6550793150997247,1.7831163340747216,0.06489688121118453,-0.09294917822733817,0.05803731045218652,-0.06999970852281034,False,False,0.06071819786647776,0.06071819786647776,0.060684422612410284,0.060684422612410284
1055,17.583333333333332,False,False,49.65709556642563,50.0,72.36645242433707,49.2216035046029,51.590206191981956,47.569280949673804,74.0,-0.3429044335743683,1.7063102337589622,1.7233733360965517,1.719097824587223,1.6228203814715112,1.6526578311756062,1.6211332521485036,1.6179383779569434,1.7233733360965517,1.524906238271782,1.6829122051462577,1.3050122679783727,1.524906238271782,1.6829122051462577,1.653375231750757,1.7815090935908056,0.06497382718931433,-0.09303213968516144,0.058135757494253815,-0.06999810434579468,False,False,0.060684422612410284,0.060684422612410284,0.06065084505761175,0.06065084505761175
1060,17.666666666666668,False,False,49.654810082087295,50.0,72.37228235887099,49.219315302475195,51.589466231842174,47.5649675476182,74.0,-0.34518991791270537,1.7046302837501472,1.7216765865876487,1.7174421626707814,1.6232790641991552,1.6516540771252597,1.621609272573472,1.6186613564569599,1.7216765865876487,1.5255467378414735,1.683711765005847,1.3053954644261012,1.5255467378414735,1.683711765005847,1.651680146535194,1.7799101301750226,0.06505040854888722,-0.09311461861548631,0.05823354358737398,-0.06999644005245464,False,False,0.06065084505761175,0.06065084505761175,0.06061746434776089,0.06061746434776089
1065,17.75,False,False,49.65256886223853,50.0,72.37808954208836,49.217071420105775,51.58876246792489,47.560708366895845,74.0,-0.3474311377614683,1.7029591405691538,1.7199887319748453,1.7157951383551082,1.6237331132208206,1.650657796835618,1.622080409808384,1.619379001276411,1.7199887319748453,1.526182382387168,1.6845056298505048,1.3057747298943014,1.526182382387168,1.6845056298505048,1.6499940151275616,1.7783194061495748,0.06512662857409368,-0.09319661888924302,0.05833067417472959,-0.06999471684728364,False,False,0.06061746434776089,0.06061746434776089,0.06058427960124891,0.06058427960124891
1070,17.833333333333332,False,False,49.65037151652472,50.0,72.383874674757,49.214871465355856,51.58809457752017,47.55650292173902,74.0,-0.34962848347527853,1.7012967619092927,1.7183097295283856,1.7141567106385682,1.6241825939135222,1.649668846679785,1.6225467339477713,1.6200913454110377,1.7183097295283856,1.5268132012447313,1.6852938360680008,1.3061501208312167,1.5268132012447313,1.6852938360680008,1.6483167935983591,1.776736884170438,0.06520249065696304,-0.09327814416630642,0.0584271546420525,-0.06999293593002642,False,False,0.06058427960124891,0.06058427960124891,0.06055128991069546,0.06055128991069546
1075,17.916666666666668,False,False,49.64821765378057,50.0,72.38963843182653,49.21271504750502,51.58746224330594,47.55235073391312,74.0,-0.35178234621943005,1.699643105833043,1.7166395368913734,1.7125268388843986,1.6246275704661177,1.6486870869279127,1.6230083137673499,1.6207984216912337,1.7166395368913734,1.5274392233877045,1.6860764195824982,1.3065216925868754,1.5274392233877045,1.6860764195824982,1.646648438396164,1.7751625272100526,0.06527799789126454,-0.09335919830352912,0.05852299031867925,-0.06999109849520946,False,False,0.06055128991069546,0.06055128991069546,0.0605184943444575,0.0605184943444575
1080,18.0,False,False,49.64610688207696,50.0,72.39538146316309,49.21060177376077,51.5868651392316,47.54825131966061,74.0,-0.3538931179230431,1.6979981307546388,1.7149781120621852,1.7109054828031083,1.6250681059105958,1.6477123816357964,1.6234652167603418,1.6215002629657647,1.7149781120621852,1.5280604781204483,1.686853416549593,1.3068894994863058,1.5280604781204483,1.686853416549593,1.6449889063304994,1.7735962985407683,0.06535315358382832,-0.09343978484531634,0.05861818647858308,-0.06998920573168577,False,False,0.0605184943444575,0.0605184943444575,0.06048589194804729,0.06048589194804729
1085,18.083333333333332,False,False,49.64403880877521,50.0,72.40110439427117,49.20853125044477,51.586302941532956,47.54420419981232,74.0,-0.3559611912247931,1.6963617954233974,1.7133254133776314,1.7092926024356339,1.6255042621521896,1.646744598536456,1.6239175091723936,1.6221969020466531,1.7133254133776314,1.5286769945469147,1.6876248628269528,1.307253594888107,1.5286769945469147,1.6876248628269528,1.6433381545554206,1.7720381617190017,0.06542796078029967,-0.09351990749973838,0.0587127483413703,-0.0699872588222108,False,False,0.06048589194804729,0.06048589194804729,0.060453481745532923,0.060453481745532923
1090,18.166666666666668,False,False,49.642013040587834,50.0,72.4068078270021,49.20650308417351,51.58577532372254,47.54020889512847,74.0,-0.3579869594121661,1.6947340589077768,1.7116813994968547,1.7076881581372112,1.6259360999983583,1.645783608934642,1.6243652560351662,1.6228883716540623,1.7116813994968547,1.5292888018197233,1.688390794225203,1.307614031111234,1.5292888018197233,1.688390794225203,1.6416961405538328,1.7704880805701257,0.0655024225711407,-0.09359956983433904,0.05880668107327103,-0.06998525894302188,False,False,0.060453481745532923,0.060453481745532923,0.06042126274087181,0.06042126274087181
1095,18.25,False,False,49.64002918364525,50.0,72.41249234024903,49.204516880514284,51.58528195755955,47.5362649271517,74.0,-0.35997081635475325,1.6931148805801368,1.7100460293859383,1.7060921105619793,1.6263636791866898,1.6448292876041999,1.6248085211986458,1.6235747044897835,1.7100460293859383,1.5298959290977474,1.6891512464673106,1.3079708595667854,1.5298959290977474,1.6891512464673106,1.6400628221224838,1.7689460191740187,0.06557654197752716,-0.09367877539203606,0.05889998978808042,-0.06998320726345453,False,False,0.06042126274087181,0.06042126274087181,0.06038923391923115,0.06038923391923115
1100,18.333333333333332,False,False,49.638086843567535,50.0,72.41815849062847,49.20257224407661,51.58482251261463,47.53237181776654,74.0,-0.3619131564324647,1.6915042201021848,1.7084192623032066,1.7045044206482514,1.6267870584117734,1.6438815126882325,1.6252473673622283,1.6242559332372366,1.7084192623032066,1.5304984055719144,1.6899062552161224,1.3083241307287155,1.5304984055719144,1.6899062552161224,1.6384381573576448,1.7674119418513066,0.06565032197888576,-0.0937575276653222,0.05899267954809995,-0.06998110494556187,False,False,0.06038923391923115,0.06038923391923115,0.060357394248239334,0.060357394248239334
1105,18.416666666666668,False,False,49.63618562554069,50.0,72.42380681314786,49.20066878003885,51.584396659134846,47.52852909179993,74.0,-0.3638143744593094,1.6899020374110885,1.7068010577851993,1.7029250496044757,1.6272062953510813,1.642940165602009,1.6256818561046378,1.6249320904879823,1.7068010577851993,1.531096260329974,1.690655855940853,1.308673894163121,1.531096260329974,1.690655855940853,1.6368221046414362,1.7658858131502353,0.06572376545287084,-0.09383583015800823,0.05908475536503599,-0.06997895314376312,False,False,0.060357394248239334,0.060357394248239334,0.06032574267919415,0.06032574267919415
1110,18.5,False,False,49.63432513439669,50.0,72.42943782185954,49.19880609207111,51.58400406276504,47.524736272119036,74.0,-0.3656748656033102,1.6883082927062327,1.705191375633295,1.7013539588958357,1.6276214466899075,1.6420051309385495,1.6261120479127271,1.6256032088519532,1.705191375633295,1.5316895226178662,1.6914000841801313,1.3090201985721706,1.5316895226178662,1.6914000841801313,1.6352146226287874,1.7643675978341833,0.06579687532817813,-0.09391368623408702,0.05917622220088825,-0.06997675300450767,False,False,0.06032574267919415,0.06032574267919415,0.06029427814823336,0.06029427814823336
1115,18.583333333333332,False,False,49.63250497469695,50.0,72.43505201050074,49.19698378493266,51.583644392293394,47.52099288672985,74.0,-0.3674950253030502,1.686722946436604,1.7035901759009702,1.6997911102314853,1.6280325681453998,1.641076296376825,1.6265380022092049,1.626269320828851,1.7035901759009702,1.5322782214662318,1.6921389751701508,1.3093630917794599,1.5322782214662318,1.6921389751701508,1.6336156702350215,1.7628572608697777,0.06586965434129977,-0.09399109936261918,0.059267084968807504,-0.06997450566594865,False,False,0.06029427814823336,0.06029427814823336,0.06026299957747305,0.06026299957747305
1120,18.666666666666668,False,False,49.63072475081853,50.0,72.44064985311972,49.1952014616672,51.583317310041245,47.51729845988638,74.0,-0.36927524918147014,1.685145959288779,1.7019974188816667,1.6982364655523996,1.6284397144897294,1.6401535525925237,1.6269597773793385,1.6269304589551212,1.7019974188816667,1.5328623861624566,1.6928725643183336,1.3097026207885847,1.5328623861624566,1.6928725643183336,1.6320252066240148,1.7613547674156,0.06594210536321232,-0.0940680727926646,0.059357348533933374,-0.06997221225765182,False,False,0.06026299957747305,0.06026299957747305,0.060231905876092805,0.060231905876092805
1125,18.75,False,False,49.628984067042694,50.0,72.44623180468804,49.19345872691138,51.583022483560406,47.51365252283018,74.0,-0.37101593295730595,1.6835772921755037,1.7004130650972586,1.6966899870198073,1.6288429395724335,1.639236793171312,1.6273774307966764,1.6275866556386063,1.7004130650972586,1.5334420456841742,1.6936008866384042,1.3100388317977831,1.5334420456841742,1.6936008866384042,1.630443191196963,1.759860082811472,0.06601423099979797,-0.09414460995443208,0.05944701771421346,-0.06996987390029563,False,False,0.060231905876092805,0.060231905876092805,0.06020099594139427,0.06020099594139427
1130,18.833333333333332,False,False,49.627282527645214,50.0,72.45179830169894,49.19175518336294,51.58275957228468,47.51005460145826,74.0,-0.37271747235478614,1.6820169062248405,1.698837075287089,1.6951516370042174,1.6292422963419644,1.6383259145245395,1.627791018847834,1.6282379433422647,1.698837075287089,1.5340172293531509,1.6943239774058283,1.31037177017065,1.5340172293531509,1.6943239774058283,1.6288695835816724,1.7583731725682836,0.06608603406356361,-0.0942207139891138,0.05953609728119469,-0.0699674917054165,False,False,0.06020099594139427,0.06020099594139427,0.06017026865979822,0.06017026865979822
1135,18.916666666666668,False,False,49.625619736988234,50.0,72.45734976275187,49.19009043544123,51.58252824219836,47.50650422979956,74.0,-0.37438026301176563,1.6804647627698652,1.6972694103975638,1.693621378074978,1.6296378368664832,1.6374208158073267,1.628200596956381,1.628884354400452,1.6972694103975638,1.5345879661235498,1.6950418714475892,1.31070148055328,1.5345879661235498,1.6950418714475892,1.6273043436224206,1.7568940023583637,0.06615751704713713,-0.09429638827690234,0.05962459196079983,-0.06996506677514325,False,False,0.06017026865979822,0.06017026865979822,0.06013972290783681,0.06013972290783681
1140,19.0,False,False,49.6239952996131,50.0,72.46288658912343,49.188464087187164,51.58232815299375,47.50300093815149,74.0,-0.3760047003869005,1.678920823338897,1.695710031572286,1.692099172990392,1.6300296123539266,1.6365213988389815,1.628606219605872,1.6295259211291522,1.695710031572286,1.5351542852108384,1.6957546037725828,1.3110280067864097,1.5351542852108384,1.6957546037725828,1.625747431370318,1.7554225380063662,0.06622868264343063,-0.09437163591831377,0.059712506434080215,-0.06996260020196798,False,False,0.06013972290783681,0.06013972290783681,0.06010935755307941,0.06010935755307941
1145,19.083333333333332,False,False,49.62240882033382,50.0,72.46840916532436,49.18687574231892,51.58215896637317,47.49954426069256,74.0,-0.37759117966618305,1.6773850496462426,1.694158900142705,1.690584984688342,1.6304176731713864,1.6356275680256787,1.629007940362055,1.6301626758259773,1.694158900142705,1.5357162156899655,1.6964622091712487,1.3113513919932758,1.5357162156899655,1.6964622091712487,1.624198807074187,1.7539587454806538,0.06629953334527139,-0.09444646013601177,0.05979984533794869,-0.06996009306851803,False,False,0.06010935755307941,0.06010935755307941,0.06007917145502721,0.06007917145502721
1150,19.166666666666668,False,False,49.62085990433104,50.0,72.47391785964334,49.185325006441964,51.582020344488214,47.49613373401134,74.0,-0.37914009566895857,1.6758574035834366,1.692615977619271,1.6890787762774204,1.63080206886382,1.634739230285361,1.6294058118942956,1.6307946506599365,1.692615977619271,1.536273786574062,1.6971647222957007,1.3116716785796143,1.536273786574062,1.6971647222957007,1.6226584311719208,1.752502590885165,0.06637007163576425,-0.09452086408587435,0.05988661326589395,-0.0699575464473503,False,False,0.06007917145502721,0.06007917145502721,0.06004916346600158,0.06004916346600158
1155,19.25,False,False,49.61934815724605,50.0,72.47941302467697,49.18381148350115,51.581911945009836,47.49276889253451,74.0,-0.3806518427539487,1.674337847210963,1.6910812256830725,1.687580511028543,1.631182848172131,1.6338562949747928,1.6297998859962446,1.6314218778551548,1.6910812256830725,1.5368270270572533,1.6978621779039327,1.3119889082336613,1.5368270270572533,1.6978621779039327,1.6211262642823159,1.7510540404517498,0.06644030004877788,-0.09459485079790153,0.05997281476867733,-0.06995496140075663,False,False,0.06004916346600158,0.06004916346600158,0.06001933243196848,0.06001933243196848
1160,19.333333333333332,False,False,49.61787318527434,50.0,72.48489499784681,49.18233478014209,51.581833431606114,47.48944927814228,74.0,-0.3821268147256589,1.6728263427504373,1.6895546061779416,1.6860901523670329,1.6315600590506405,1.6329786738187206,1.6301902136057977,1.6320443894704113,1.6895546061779416,1.5373759660062092,1.6985546103527427,1.3123031219554377,1.5373759660062092,1.6985546103527427,1.6196022671973578,1.7496130605329479,0.06651022088233138,-0.09466842346420212,0.06005845435500623,-0.06995233898058384,False,False,0.06001933243196848,0.06001933243196848,0.059989677193315175,0.059989677193315175
1165,19.416666666666668,False,False,49.61643459525897,50.0,72.49036410190278,49.18089450215743,51.58178446132977,47.48617442852427,74.0,-0.3835654047410273,1.6713228525772368,1.688036081103009,1.6846076638651528,1.6319337486839807,1.6321062808410833,1.6305768448243552,1.632662217582856,1.688036081103009,1.5379206325771781,1.6992420542161049,1.312614360086036,1.5379206325771781,1.6992420542161049,1.6180864008749412,1.7481796175952036,0.06657983663324885,-0.09474158500567786,0.060143536492194505,-0.06994968022806791,False,False,0.059989677193315175,0.059989677193315175,0.059960196585649064,0.059960196585649064
1170,19.5,False,False,49.615031994783116,50.0,72.49582064541408,49.17949025704376,51.58176469696563,47.48294388851654,74.0,-0.38496800521688357,1.669827339213559,1.6865256126056947,1.6831330092350725,1.6323039635034309,1.6312390322982209,1.6309598289354295,1.6332753941594091,1.6865256126056947,1.5384610556160658,1.6999245436865684,1.3129226622929764,1.5384610556160658,1.6999245436865684,1.6165786264320163,1.7467536782124984,0.06664914952715928,-0.09481433854334331,0.060228065606803716,-0.06994698617367834,False,False,0.059960196585649064,0.059960196585649064,0.05993088944051991,0.05993088944051991
1175,19.583333333333332,False,False,49.613664992261626,50.0,72.50126492324686,49.178121651881185,51.58177379562861,47.47975719957444,74.0,-0.38633500773837426,1.6683397653218945,1.6850231629751136,1.6816661523222574,1.6326707492027217,1.6303768466140274,1.631339214422628,1.6338839511669903,1.6850231629751136,1.5389972642162189,1.7006021131343245,1.3132280676141364,1.5389972642162189,1.7006021131343245,1.6150789051381322,1.7453352090603764,0.06671816196733427,-0.0948866869507714,0.06031204608526286,-0.06994425783698133,False,False,0.05993088944051991,0.05993088944051991,0.05990175458611853,0.05990175458611853
1180,19.666666666666668,False,False,49.61233319703152,50.0,72.50669721702934,49.176788296603235,51.58181142153502,47.476613911499165,74.0,-0.3876668029684822,1.6668600936988995,1.6835286946358885,1.6802070570992544,1.633034150753335,1.6295196443170028,1.631715048987023,1.6344879204071732,1.6835286946358885,1.53952928709751,1.7012747964875603,1.3135306144284642,1.53952928709751,1.7012747964875603,1.6135871984093846,1.7439241769103717,0.06678687608038714,-0.09495863330966325,0.060395482274483214,-0.06994149622650392,False,False,0.05990175458611853,0.05990175458611853,0.05987279084795445,0.05987279084795445
1185,19.75,False,False,49.61103621944124,50.0,72.51211779560451,49.175489800073755,51.581877231306656,47.473513568881124,74.0,-0.38896378055876113,1.6653882872696486,1.6820421701423451,1.6787556876598781,1.6333942124193115,1.6286673479791456,1.6320873795639523,1.6350873337182747,1.6820421701423451,1.5400571533245087,1.7019426279518621,1.3138303405438365,1.5400571533245087,1.7019426279518621,1.612103467802719,1.7425205486247826,0.06685529423358738,-0.0950301803937661,0.06047837848243742,-0.06993870233962607,False,False,0.05987279084795445,0.05987279084795445,0.05984399704951239,0.05984399704951239
1190,19.833333333333332,False,False,49.60977367093834,50.0,72.51752691547034,49.17422577371115,51.581970889434594,47.47045572530446,74.0,-0.39022632906166166,1.6639243090822597,1.6805635521730824,1.6773120082137507,1.6337509777715955,1.6278198821566445,1.6324562523392714,1.635682222791638,1.6805635521730824,1.5405808915539976,1.702605641258949,1.314127283138487,1.5405808915539976,1.702605641258949,1.6106276750106157,1.7411242911518279,0.06692341846731087,-0.09510133123764053,0.060560738978745476,-0.06993587716246674,False,False,0.05984399704951239,0.05984399704951239,0.059815372012850636,0.059815372012850636
1195,19.916666666666668,False,False,49.60854516415579,50.0,72.52292482120819,49.17299582935807,51.58209205487297,47.46743993097997,74.0,-0.3914548358442076,1.66246812230287,1.6790928035258987,1.6758759830812218,1.634104489701933,1.6269771733323173,1.6328217127650624,1.6362726192818626,1.6790928035258987,1.5411005306900496,1.703263870322935,1.3144214787756483,1.5411005306900496,1.703263870322935,1.609159781856103,1.7397353715211243,0.0669912510410724,-0.09517208859181303,0.060642567995225605,-0.06993302166979576,False,False,0.059815372012850636,0.059815372012850636,0.05978691455922476,0.05978691455922476
1200,20.0,False,False,49.60735031299625,50.0,72.52831174589895,49.17179958074374,51.58224039205494,47.46446574285543,74.0,-0.3926496870037468,1.6610196902109537,1.6776298871130633,1.6744475766886135,1.6344547904363447,1.6261391498597497,1.6331838055748618,1.6368585547333168,1.6776298871130633,1.541616099348152,1.7039173487056212,1.314712963491411,1.541616099348152,1.7039173487056212,1.6076997502881198,1.7383537568395075,0.06705879397230441,-0.09524245538516474,0.06072386972644428,-0.06993013682494342,False,False,0.05978691455922476,0.05978691455922476,0.05975862350960285,0.05975862350960285
1205,20.083333333333332,False,False,49.60618873271484,50.0,72.5336879115277,49.170636642427866,51.58241556212141,47.46153271651644,74.0,-0.3938112672851588,1.6595789761949644,1.6761747659569142,1.6730267535638137,1.634801921548186,1.62530574190909,1.633542574798382,1.6374400606352537,1.6761747659569142,1.5421276262840937,1.7045661100465217,1.3150017727068644,1.5421276262840937,1.7045661100465217,1.606247542377181,1.7369794142871566,0.06712604941126799,-0.09531243435115999,0.06080464833024246,-0.06992722357973324,False,False,0.05975862350960285,0.05975862350960285,0.05973049768525475,0.05973049768525475
1210,20.166666666666668,False,False,49.60506003999962,50.0,72.53905352937687,49.16950663053967,51.5826172297697,47.458640412461776,74.0,-0.3949399600003787,1.6581459437482908,1.6747274031857737,1.6716134783321688,1.6351459239708208,1.6244768814144508,1.6338980637757898,1.6380171683850677,1.6747274031857737,1.5426351400610576,1.7052101877310788,1.3152879413452412,1.5426351400610576,1.7052101877310788,1.6048031203113582,1.7356123111140247,0.06719301934601107,-0.0953820283240101,0.060884907928250964,-0.06992428287441554,False,False,0.05973049768525475,0.05973049768525475,0.05970253590821272,0.05970253590821272
1215,20.25,False,False,49.60396385305057,50.0,72.54440880040806,49.168409163155346,51.582845059541405,47.45578839266122,74.0,-0.39603614694942735,1.6567205564655128,1.6732877620301678,1.6702077157126913,1.6354868380099163,1.6236525020228767,1.63425031517152,1.6385899092699219,1.6732877620301678,1.5431386692316114,1.7058496150737437,1.315571503714773,1.5431386692316114,1.7058496150737437,1.6033664463925594,1.7342524146365632,0.06725970580382179,-0.09545124003831051,0.060964652606395386,-0.0699213156376084,False,False,0.05970253590821272,0.05970253590821272,0.059674737001830805,0.059674737001830805
1220,20.333333333333332,False,False,49.60289979165588,50.0,72.54975391563282,49.16734385923619,51.58309871642601,47.452976221085024,74.0,-0.39710020834412063,1.6553027780389422,1.6718558058193316,1.6688094305145613,1.6358247033553799,1.6228325390448333,1.6345993709876872,1.6391583145218647,1.6718558058193316,1.5436382423091501,1.7064844252905014,1.3158524936404774,1.5436382423091501,1.7064844252905014,1.6019374830330684,1.7328996922347129,0.0673261107686367,-0.09552007221271452,0.06104388641538128,-0.0699183227862632,False,False,0.059674737001830805,0.059674737001830805,0.05964709979117104,0.05964709979117104
1225,20.416666666666668,False,False,49.60186747726652,50.0,72.55508905647264,49.166310339721115,51.58337786732704,47.45020346502757,74.0,-0.39813252273348354,1.6538925722554418,1.6704314979779962,1.6674185876338905,1.6361595590929534,1.6220169294061717,1.6349452725770774,1.6397224152627132,1.6704314979779962,1.5441338876971664,1.7071146514291875,1.316130944420229,1.5441338876971664,1.7071146514291875,1.60051619275238,1.7315541113491675,0.06739223616647427,-0.09558852756554681,0.06112261337117131,-0.06991530522561606,False,False,0.05964709979117104,0.05964709979117104,0.05961962310350789,0.05961962310350789
1230,20.5,False,False,49.6008665330684,50.0,72.56041439510824,49.165308227539185,51.58368218016719,47.44746969425871,74.0,-0.3991334669316018,1.6524899029935036,1.6690148020234388,1.6660351520507737,1.636491443715475,1.6212056116015345,1.6352880606557563,1.640282242504054,1.6690148020234388,1.5446256337335946,1.7077403264148685,1.3164068888247584,1.5446256337335946,1.7077403264148685,1.5991025381742687,1.7302156394788866,0.06745808391081454,-0.09565660877045934,0.0612008374554478,-0.06991226384917004,False,False,0.05961962310350789,0.05961962310350789,0.05959230576871961,0.05959230576871961
1235,20.583333333333332,False,False,49.599896584052445,50.0,72.56573009481849,49.164337146902035,51.58401132328943,47.44477448044864,74.0,-0.40010341594755516,1.6510947342205808,1.6676056815627867,1.6646590888265775,1.636820395133827,1.6203985256491555,1.6356277753152972,1.6408378271839865,1.6676056815627867,1.545113508720626,1.708361483080667,1.31668035912694,1.545113508720626,1.708361483080667,1.59769648202412,1.7288842441788494,0.06752365589668052,-0.09572431846336049,0.06127856261606279,-0.0699091995386667,False,False,0.05959230576871961,0.05959230576871961,0.05956514661971279,0.05956514661971279
1240,20.666666666666668,False,False,49.598957257082034,50.0,72.57103631030917,49.16339672475038,51.5843649682827,47.44211739974263,74.0,-0.4010427429179657,1.6497070299906567,1.6662041002905632,1.6632903631014848,1.6371464506875817,1.619595613047016,1.6359644560346696,1.6413892000936356,1.6662041002905632,1.5455975407874238,1.708978154031468,1.31695138710179,1.5455975407874238,1.708978154031468,1.5962979871264802,1.7275598930580418,0.06758895393783226,-0.09579165930621181,0.0613557927674786,-0.06990611316408302,False,False,0.05956514661971279,0.05956514661971279,0.05953814449275817,0.05953814449275817
1245,20.75,False,False,49.59804818095852,50.0,72.57633318803184,49.16248658896547,51.584742785198365,47.439498028337674,74.0,-0.4019518190414786,1.6483267544420448,1.6648100219864652,1.661928940092261,1.6374696471553523,1.6187968167303168,1.6362981416917628,1.6419363919690113,1.6648100219864652,1.5460777581239027,1.70959037187867,1.317220004055753,1.5460777581239027,1.70959037187867,1.594907016402847,1.726242553777657,0.06765397990965871,-0.09585863384510862,0.06143253179119168,-0.06990300558361828,False,False,0.05953814449275817,0.05953814449275817,0.059511298227903915,0.059511298227903915
1250,20.833333333333332,False,False,49.59716898648408,50.0,72.58162086649276,49.16160636981268,51.585144448037,47.43691594750559,74.0,-0.40283101351592165,1.6469538717954055,1.6634234105133596,1.660574785090252,1.6377900207648703,1.6180020810302354,1.6366288705746042,1.6424794334175203,1.6634234105133596,1.5465541887134862,1.7101981689738956,1.317486240812059,1.5465541887134862,1.7101981689738956,1.5935235328696562,1.7249321940495137,0.06771873555637531,-0.09592524470403418,0.06150878353615408,-0.06989987764370342,False,False,0.059511298227903915,0.059511298227903915,0.0594846066692712,0.0594846066692712
1255,20.916666666666668,False,False,49.59631930652255,50.0,72.58689947655265,49.16075569994657,51.58556963127686,47.434370740377226,74.0,-0.4036806934774475,1.6455883463519718,1.6620442298154916,1.659227863459585,1.638107607202793,1.6172113516339188,1.6369566803922404,1.6430183549179673,1.6620442298154916,1.5470268605027566,1.7108015775795755,1.317750127710724,1.5470268605027566,1.7108015775795755,1.5921474996364864,1.7236287816346656,0.06778322266160819,-0.09599149441521071,0.061584551819173994,-0.06989673017900522,False,False,0.0594846066692712,0.0594846066692712,0.059458068665428354,0.059458068665428354
1260,21.0,False,False,49.59549877605751,50.0,72.59216914171674,49.15993421369602,51.586018010903686,47.431861992867134,74.0,-0.4045012239424892,1.6442301424919714,1.6606724439168912,1.6578881406355759,1.6384224416242532,1.6164245755456892,1.6372816082853425,1.643553186857298,1.6606724439168912,1.547495801351481,1.7114006298198858,1.3180116946671205,1.547495801351481,1.7114006298198858,1.5907788799044442,1.7223322843422046,0.06784744296258793,-0.09605738550581688,0.06165984042531347,-0.06989356401244695,False,False,0.059458068665428354,0.059458068665428354,0.05943168306963471,0.05943168306963471
1265,21.083333333333332,False,False,49.594707032248245,50.0,72.59742997841619,49.15914154814459,51.58648926558252,47.42938929472894,74.0,-0.4052929677517554,1.642879224673239,1.6593080169199714,1.6565555821233244,1.6387345586621682,1.615641701049415,1.6376036908364997,1.6440839594754835,1.6593080169199714,1.5479610389756364,1.7119953576246743,1.3182709711280496,1.5479610389756364,1.7119953576246743,1.5894176369647457,1.7210426700282446,0.06791139814919078,-0.09612292049984705,0.061734653108273196,-0.06989037995522573,False,False,0.05943168306963471,0.05943168306963471,0.059405448740172596,0.059405448740172596
1270,21.166666666666668,False,False,49.593943714483295,50.0,72.60268209628029,49.15837734169503,51.586983073518766,47.42695223664745,74.0,-0.4060562855167049,1.6415355574300046,1.6579509130043046,1.655230153496495,1.6390439924363043,1.614862677672026,1.637922964080252,1.6446107029390078,1.6579509130043046,1.5484226011006756,1.7125857928836028,1.318527986086383,1.5484226011006756,1.7125857928836028,1.5880637341974586,1.7197599065950713,0.067975089944595,-0.09618810183833215,0.06180899359076664,-0.06988717880684603,False,False,0.059405448740172596,0.059405448740172596,0.05937936454060311,0.05937936454060311
1275,21.25,False,False,49.59320846443161,50.0,72.60792559840019,49.157641235865505,51.58749911748734,47.424550414841285,74.0,-0.406791535568388,1.6401991053718532,1.6566010964255717,1.653911820396265,1.6393507765621216,1.6140874561481238,1.6382394635128477,1.645133447249009,1.6566010964255717,1.5488805152162666,1.7131719672017478,1.3187827681249928,1.5488805152162666,1.7131719672017478,1.5867171350704221,1.718483961990458,0.06803851995273891,-0.09625293203274232,0.0618828655648862,-0.06988396135514963,False,False,0.05937936454060311,0.05937936454060311,0.05935342934001979,0.05935342934001979
1280,21.333333333333332,False,False,49.592500926091425,50.0,72.6131605815843,49.156932874570444,51.58803708043639,47.42218342699996,74.0,-0.40749907390857487,1.638869833182846,1.6552585315146744,1.65260054853044,1.6396549441593966,1.6133159883856676,1.6385532241017506,1.6456522222780223,1.6552585315146744,1.5493348087907846,1.713753912114939,1.319035345402108,1.5493348087907846,1.713753912114939,1.5853778031383188,1.7172148042071345,0.06810168983691667,-0.09631741348723777,0.06195627269246007,-0.06988072837635562,False,False,0.05935342934001979,0.05935342934001979,0.059327642013295954,0.059327642013295954
1285,21.416666666666668,False,False,49.59182074583673,50.0,72.61838713660528,49.156251903041415,51.58859664649363,47.419850873188494,74.0,-0.4081792541632723,1.6375477056207932,1.6539231826770011,1.6512963036727266,1.6399565278606367,1.6125482274327005,1.6388642802948996,1.646167057825096,1.6539231826770011,1.5497855092222117,1.7143316590414852,1.3192857456366711,1.5497855092222117,1.7143316590414852,1.5840457020418948,1.7159524012824015,0.06816460121638923,-0.09638154860288428,0.06202921860540034,-0.06987748063510635,False,False,0.059327642013295954,0.059327642013295954,0.059302001441301266,0.059302001441301266
1290,21.5,False,False,49.59116757246149,50.0,72.62360534843923,49.15559796997925,51.58917750395017,47.417552358570305,74.0,-0.40883242753851334,1.6362326875166708,1.6525950143918375,1.649999051662148,1.6402555598192918,1.6117841274450782,1.6391726660297377,1.6466779835055605,1.6525950143918375,1.5502326436924871,1.7149052391373354,1.3195339961522679,1.5502326436924871,1.7149052391373354,1.5827207955073224,1.7146967212978779,0.0682272556317749,-0.09644533981307335,0.06210170690604033,-0.06987421888451517,False,False,0.059302001441301266,0.059302001441301266,0.05927650651111649,0.05927650651111649
1295,21.583333333333332,False,False,49.59054105722159,50.0,72.62881529649687,49.15497072647311,51.58977934156004,47.41528748998535,74.0,-0.4094589427784072,1.6349247437741747,1.6512739912119165,1.6487087584026001,1.6405520717177755,1.6110236436551788,1.6394784147420078,1.6471850288061431,1.6512739912119165,1.5506762393479423,1.7154746834773102,1.3197801238624836,1.5506762393479423,1.7154746834773102,1.5814030473456941,1.713447732379383,0.0682896546711671,-0.09650878945820085,0.062173741167466545,-0.06987094386622239,False,False,0.05927650651111649,0.05927650651111649,0.05925115611623345,0.05925115611623345
1300,21.666666666666668,False,False,49.589940853874516,50.0,72.6340170548474,49.15436982527799,51.590401849700285,47.41305587699733,74.0,-0.41005914612548366,1.6336238393694034,1.6499600777630974,1.6474253898625386,1.6408460947752954,1.6102667323415627,1.6397815593743381,1.6476882231217131,1.6499600777630974,1.551116323242549,1.7160400229991308,1.3200241553001888,1.551116323242549,1.7160400229991308,1.5800924214526464,1.7122054026969393,0.06835179987741768,-0.09657189987916404,0.06224532493384194,-0.069867656310451,False,False,0.05925115611623345,0.05925115611623345,0.059225949156732995,0.059225949156732995
1305,21.75,False,False,49.589366618716724,50.0,72.63921069243474,49.1537949229641,51.5910447232519,47.41085713452215,74.0,-0.41063338128327587,1.632329939350661,1.6486532387441675,1.6461489120747927,1.641137659755507,1.609513350799548,1.6400821323846173,1.6481875956450494,1.6486532387441675,1.5515529221971736,1.7166012883634325,1.3202661165736118,1.5515529221971736,1.7166012883634325,1.5787888818080957,1.7109697004648878,0.06841369271838316,-0.0966346734478758,0.06231646172072036,-0.06986435693607174,False,False,0.059225949156732995,0.059225949156732995,0.0592008845394535,0.0592008845394535
1310,21.833333333333332,False,False,49.58881801061898,50.0,72.64439627328674,49.15324567739757,51.5917076555505,47.40869087724932,74.0,-0.4111819893810207,1.631043008838378,1.647353438926762,1.6448792911364918,1.6414267969739926,1.6087634573126797,1.64038016575417,1.6486831754954436,1.647353438926762,1.5519860630944993,1.717158510249445,1.3205060334249084,1.5519860630944993,1.717158510249445,1.5774923924760946,1.7097405939421155,0.06847533475400147,-0.09669711240094436,0.062387155015353635,-0.06986104645066726,False,False,0.0592008845394535,0.0592008845394535,0.05917596117815952,0.05917596117815952
1315,21.916666666666668,False,False,49.58829469105941,50.0,72.64957385671735,49.152721749888265,51.59239034585868,47.40655672649087,74.0,-0.41170530894059,1.6297630130251348,1.6460606431553861,1.643616493209105,1.6417135363055781,1.6080170111250625,1.6406756909957354,1.64917499160847,1.6460606431553861,1.5524157725141887,1.7177117189908777,1.320743931244806,1.5524157725141887,1.7177117189908777,1.576202917604779,1.7085180514323777,0.06853672738240779,-0.0967592190942812,0.06245740827699153,-0.06985772555060721,False,False,0.05917596117815952,0.05917596117815952,0.05915117799367826,0.05915117799367826
1320,22.0,False,False,49.58779632415462,50.0,72.65474349752193,49.15222280410556,51.59309249279794,47.404454304126965,74.0,-0.4122036758453831,1.6284899171757912,1.644774816347549,1.6423604845185782,1.6419979071914843,1.6072739724145357,1.6409687391612628,1.6496630727910997,1.644774816347549,1.552842077053057,1.7182609448968258,1.3209798350286748,1.552842077053057,1.7182609448968258,1.5749204214264358,1.7073020412847286,0.0685978721057261,-0.09682099573804259,0.06252722493717955,-0.06985439492111323,False,False,0.05915117799367826,0.05915117799367826,0.059126533914056874,0.059126533914056874
1325,22.083333333333332,False,False,49.58732257668844,50.0,72.65990524616612,49.15174850642969,51.59381379913693,47.4023832369883,74.0,-0.4126774233115569,1.627223686627706,1.643495923493983,1.6411112313555822,1.642279938646326,1.6065343022666552,1.6412593408495324,1.6501474477033298,1.643495923493983,1.5532650030911335,1.7188062180185244,1.32121376939117,1.5532650030911335,1.7188062180185244,1.5736448682576347,1.7060925318940172,0.06865877031519463,-0.0968824446121963,0.06259660840003423,-0.06985105523634827,False,False,0.059126533914056874,0.059126533914056874,0.05910202787465173,0.05910202787465173
1330,22.166666666666668,False,False,49.58687311813891,50.0,72.66505914896814,49.15129852594351,51.59455396873884,47.4003431540333,74.0,-0.41312688186108915,1.6259642867910489,1.6422239296589594,1.639868700075826,1.6425596592649627,1.6057979626494665,1.6415475262136006,1.650628144858183,1.6422239296589594,1.5536845769402539,1.719347568298645,1.3214457585955188,1.5536845769402539,1.719347568298645,1.5723762224994764,1.7048894917014994,0.068719423440462,-0.09694356791792913,0.06266556204254004,-0.06984770715948296,False,False,0.05910202787465173,0.05910202787465173,0.05907765881827037,0.05907765881827037
1335,22.25,False,False,49.58644762070313,50.0,72.67020524827487,49.15087253442378,51.595312708504665,47.39833368811661,74.0,-0.41355237929686695,1.6247116831491943,1.6409587999806863,1.6386328571004878,1.6428370972292043,1.605064916389043,1.6418333249680745,1.6511051926217077,1.6409587999806863,1.5541008247488788,1.719885025476782,1.3216758265974478,1.5541008247488788,1.719885025476782,1.5711144486378943,1.7036928891954928,0.06877983285507416,-0.09700436787282896,0.0627340892148065,-0.06984435134279199,False,False,0.05907765881827037,0.05907765881827037,0.05905342569527228,0.05905342569527228
1340,22.333333333333332,False,False,49.58604575932017,50.0,72.67534358263194,49.1504702066909,51.59608972773409,47.39635447538463,74.0,-0.41395424067982844,1.623465841259191,1.6397004996717828,1.6374036689166935,1.6431122803143794,1.6043351271457598,1.642116766396242,1.6515786191946062,1.6397004996717828,1.5545137725328824,1.7204186191209143,1.3219039969426831,1.5545137725328824,1.7204186191209143,1.569859511244052,1.7025026929121294,0.06883999992630807,-0.09706484666172388,0.06280219324034664,-0.06984098842773068,False,False,0.05905342569527228,0.05905342569527228,0.05902932746364977,0.05902932746364977
1345,22.416666666666668,False,False,49.58566721169218,50.0,72.68047418694792,49.150091219881496,51.596884737323904,47.39440515452271,74.0,-0.41433278830781717,1.6222267267523036,1.6384489940198266,1.6361811020780908,1.6433852358957675,1.6036085593912883,1.6423978793570273,1.652048452648978,1.6384489940198266,1.5549234462142558,1.7209483786667539,1.3221302928840943,1.5549234462142558,1.7209483786667539,1.5686113749747999,1.7013188714361607,0.06889992601777584,-0.09712500643472222,0.0628698774163341,-0.06983761904502672,False,False,0.05902932746364977,0.05902932746364977,0.05900536308914057,0.05900536308914057
1350,22.5,False,False,49.5853116583035,50.0,72.68559709265281,49.14973525379732,51.59769745087645,47.39248536775679,74.0,-0.4146883416964968,1.6209943053346234,1.6372042483879696,1.6349651232054803,1.6436559909549027,1.6028851783862847,1.6426766922918197,1.6525147209099487,1.6372042483879696,1.555329871566589,1.721474333363875,1.3223547372938356,1.555329871566589,1.721474333363875,1.5673700045731966,1.7001413934018306,0.06895961245392623,-0.09718484934335958,0.06293714501386094,-0.06983424381477299,False,False,0.05900536308914057,0.05900536308914057,0.05898153154527804,0.05898153154527804
1355,22.583333333333332,False,False,49.584978782437965,50.0,72.69071232785085,49.149401991612855,51.59852758519217,47.390594761289954,74.0,-0.41502121756203536,1.6197685427877384,1.6359662282156158,1.6337556989875135,1.6439245720857534,1.6021649501587516,1.6429532332311414,1.6529774517189253,1.6359662282156158,1.5557330741905768,1.721996512251837,1.3225773527512048,1.5557330741905768,1.721996512251837,1.5661353648690999,1.698970227493803,0.06901906053291174,-0.09724437752834847,0.06300399927818723,-0.06983086334651589,False,False,0.05898153154527804,0.05898153154527804,0.058957831813465776,0.058957831813465776
1360,22.666666666666668,False,False,49.58466827019463,50.0,72.69581991746813,49.14909111914679,51.59937485874455,47.38873298388561,74.0,-0.4153317298053665,1.6185494049694593,1.634734899019154,1.6325527961814514,1.644191005500779,1.6014478414830533,1.6432275298011865,1.6534366726703411,1.634734899019154,1.5561330795879795,1.7225149442347676,1.3227981614840703,1.5561330795879795,1.7225149442347676,1.5649074207797984,1.6978053424481412,0.06907827156442647,-0.09730359308236158,0.06307044342898727,-0.06982747823935553,False,False,0.058957831813465776,0.058957831813465776,0.058934262883065025,0.058934262883065025
1365,22.75,False,False,49.58437981050146,50.0,72.70091988339506,49.148802324851026,51.6002389926449,47.386899687738065,74.0,-0.41562018949854007,1.617336857814602,1.633510226392748,1.6313563816139698,1.644455317036869,1.6007338198595609,1.6434996092302276,1.6538924112116546,1.633510226392748,1.5565299131140562,1.723029658034395,1.3230171854274433,1.5565299131140562,1.723029658034395,1.5636861373107096,1.6966467070533386,0.06913724682274025,-0.09736249809759845,0.06313648066059074,-0.0698240890820383,False,False,0.058934262883065025,0.058934262883065025,0.05891082375139768,0.05891082375139768
1370,22.833333333333332,False,False,49.58411309512773,50.0,72.70601224462341,49.148535300158436,51.601119710622186,47.3850945284389,74.0,-0.41588690487227353,1.6161308673358132,1.6322921760091713,1.630166422182024,1.6447175321611738,1.6000228534949117,1.6437694983548845,1.6543446946249787,1.6322921760091713,1.5569235999780615,1.7235406821911345,1.3232344461795493,1.5569235999780615,1.7235406821911345,1.5624714795561119,1.695494290151386,0.06919598756615586,-0.09742109464691717,0.06320211414221477,-0.06982069645305944,False,False,0.05891082375139768,0.05891082375139768,0.05888751342385689,0.05888751342385689
1375,22.916666666666668,False,False,49.583867818694365,50.0,72.71109701737888,49.14828973911268,51.60201673842524,47.38331716441272,74.0,-0.4161321813056347,1.614931399624443,1.6310807136206875,1.628982884853749,1.6449776759768178,1.599314911282863,1.644037223626279,1.6547935500454514,1.6310807136206875,1.5573141652719078,1.724048045093333,1.3234499650164708,1.5573141652719078,1.724048045093333,1.5612634126999272,1.694348060638886,0.06925449504788173,-0.09747938477354356,0.06326734701819858,-0.06981730092076033,False,False,0.05888751342385689,0.05888751342385689,0.058864330913877404,0.058864330913877404
1380,23.0,False,False,49.58364367868309,50.0,72.71617421524854,49.148065339074165,51.60292980539943,47.3815672583506,74.0,-0.41635632131691125,1.6137384208514562,1.6298758050599709,1.6278057366694068,1.6452357732285114,1.598609962785718,1.6443028111160634,1.6552390044244931,1.6298758050599709,1.5577016338927039,1.7245517749003723,1.3236637629507186,1.5577016338927039,1.7245517749003723,1.5600619020165392,1.6932079874681984,0.06931277047587914,-0.09753737053178924,0.06333218240822758,-0.06981390304343171,False,False,0.058864330913877404,0.058864330913877404,0.058841275243020984,0.058841275243020984
1385,23.083333333333332,False,False,49.58344037544383,50.0,72.72124384930407,49.14786179999065,51.603858642268,47.37984447515789,74.0,-0.41655962455617157,1.612551897268379,1.6286774162410629,1.626634944742369,1.6454918483080596,1.5979079782163086,1.6445662865223312,1.6556810845665495,1.6286774162410629,1.5580860306505098,1.725051899650981,1.323875860643375,1.5580860306505098,1.725051899650981,1.558866912871645,1.6920740396486171,0.06937081508443144,-0.09759505391603973,0.06339662340755425,-0.06981050336941785,False,False,0.058841275243020984,0.058841275243020984,0.05881834544098144,0.05881834544098144
1390,23.166666666666668,False,False,49.583257612200676,50.0,72.7263059282202,49.14767882510294,51.604802983740846,47.378148484335554,74.0,-0.4167423877993244,1.6113717952082804,1.6274855131603632,1.625470476260131,1.6457459252597666,1.5972089284205198,1.6448276751754174,1.656119817092349,1.6274855131603632,1.5584673801404842,1.7255484471359321,1.3240862785212357,1.5584673801404842,1.7255484471359321,1.5576784107231463,1.6909461862475827,0.06942863004358313,-0.09765243695186476,0.06346067308721959,-0.06980710243721688,False,False,0.05881834544098144,0.05881834544098144,0.058795540545602376,0.058795540545602376
1395,23.25,False,False,49.583095095056386,50.0,72.73136045838889,49.14751611949752,51.60576256443262,47.37647895621838,74.0,-0.416904904943614,1.6101980810867786,1.6263000618976464,1.6243122984853646,1.6459980277857493,1.5965127848603335,1.6450870020435922,1.6565552285123886,1.6263000618976464,1.558845706941558,1.7260414450972452,1.324295036645026,1.558845706941558,1.7260414450972452,1.5564963611220535,1.6898243963919064,0.06948621658485665,-0.09770952157083057,0.06352433449425998,-0.06980370077559295,False,False,0.058795540545602376,0.058795540545602376,0.058772859602891594,0.058772859602891594
1400,23.333333333333332,False,False,49.58295253299568,50.0,72.73640744402958,49.14737339188857,51.606737124465035,47.3748355671049,74.0,-0.4170474670043234,1.6090307214030763,1.6251210286171072,1.62316037875698,1.6462481792511503,1.5958195195973808,1.6453442917386383,1.6569873451350758,1.6251210286171072,1.5592210353424738,1.726530920954756,1.3245021548558271,1.5592210353424738,1.726530920954756,1.5553207297134324,1.68870863926903,0.06954357581968007,-0.09776630979260204,0.06358761065192287,-0.06980029890367478,False,False,0.058772859602891594,0.058772859602891594,0.0587503016670554,0.0587503016670554
1405,23.416666666666668,False,False,49.58282963788679,50.0,72.74144688729498,49.14725035424689,51.60772640528364,47.373217995402975,74.0,-0.417170362113211,1.6078696827410173,1.6239483795684275,1.6220146844912313,1.6464964026892628,1.595129105276981,1.64559956852134,1.6574161930851006,1.6239483795684275,1.5595933895453988,1.7270169020102426,1.3247076526579349,1.5595933895453988,1.7270169020102426,1.5541514822373579,1.687598884128297,0.06960070892514203,-0.09782280353970174,0.06365050455986943,-0.06979689733106964,False,False,0.0587503016670554,0.0587503016670554,0.058727865800448815,0.058727865800448815
1410,23.5,False,False,49.58272612448221,50.0,72.7464787883734,49.14714672106995,51.60873015110791,47.371625922948056,74.0,-0.41727387551779316,1.6067149317701606,1.6227820810878621,1.6208751831828274,1.6467427208065668,1.594441515112657,1.6458528563068608,1.6578417983401779,1.6227820810878621,1.5599627935945934,1.7274994153765975,1.3249115493213595,1.5599627935945934,1.7274994153765975,1.5529885845298954,1.686495100282238,0.0696576170364196,-0.09787900474558442,0.06371301919437578,-0.06979349655796674,False,False,0.058727865800448815,0.058727865800448815,0.05870555107363592,0.05870555107363592
1415,23.583333333333332,False,False,49.58264171041772,50.0,72.75150314558674,49.14706220901069,51.60974810739356,47.37005903357845,74.0,-0.4173582895822818,1.6055664352468744,1.6216220995993431,1.6197418424060666,1.6469871559876756,1.593756722871112,1.6461041786700303,1.6582641867494203,1.6216220995993431,1.5603292714509105,1.7279784880528226,1.3251138638232534,1.5603292714509105,1.7279784880528226,1.551832002524096,1.6853972571078781,0.06971430130340228,-0.09793491529850984,0.06377515750853502,-0.06979009707524719,False,False,0.05870555107363592,0.05870555107363592,0.058683356565329116,0.058683356565329116
1420,23.666666666666668,False,False,49.58257611621069,50.0,72.75651995548543,49.14699653865936,51.61078002481254,47.368517016775996,74.0,-0.4174238837893114,1.6044241600154412,1.6204684016155957,1.618614629815987,1.6472297303002008,1.5930747028576455,1.6463535588505314,1.6586833839414794,1.6204684016155957,1.560692846796991,1.728454146729714,1.3253146148771977,1.560692846796991,1.728454146729714,1.5506817022510004,1.684305324048043,0.06977076278823469,-0.09799053714448847,0.06383692243244732,-0.06978669936459525,False,False,0.058683356565329116,0.058683356565329116,0.05866128136243609,0.05866128136243609
1425,23.75,False,False,49.582529065256686,50.0,72.76152921293937,49.14694943345452,51.611825654898,47.366999563655746,74.0,-0.41747093474331365,1.6032880730091736,1.6193209537392654,1.6174935131495216,1.6474704654995336,1.5923954299020049,1.6466010197580052,1.65909941537966,1.6193209537392654,1.5610535432492552,1.7289264180023207,1.3255138209039161,1.5610535432492552,1.7289264180023207,1.5495376498406612,1.6832192706126807,0.06982700262266062,-0.09804587213040494,0.0638983168734153,-0.06978330389860421,False,False,0.05866128136243609,0.05866128136243609,0.05863932455997893,0.05863932455997893
1430,23.833333333333332,False,False,49.58250028382541,50.0,72.76653091122557,49.146920618594535,51.61288475100101,47.36550636783193,74.0,-0.41749971617458925,1.6021581412515422,1.6181797226640577,1.616378460226671,1.647709383033547,1.5917188793446522,1.6468465839770603,1.6595123064170365,1.6181797226640577,1.5614113843106505,1.7293953283231691,1.3257115001044895,1.5614113843106505,1.7293953283231691,1.5483998115231696,1.6821390663801907,0.0698830219061326,-0.09810092210638599,0.06395934371613299,-0.0697799111408881,False,False,0.05863932455997893,0.05863932455997893,0.058617485261132966,0.058617485261132966
1435,23.916666666666668,False,False,49.582489501055335,50.0,72.77152504211244,49.14690982317785,51.613957071282734,47.364037128151985,74.0,-0.4175104989446652,1.6010343318573053,1.6170446751758782,1.6152694389516802,1.64794650404722,1.5910450270234364,1.647090273772195,1.6599220821862217,1.6170446751758782,1.5617663932240666,1.7298609038561283,1.3259076703871415,1.5617663932240666,1.7298609038561283,1.5472681536296844,1.6810646809987448,0.06993882166990661,-0.0981556889621551,0.0640200058228666,-0.06977652154619385,False,False,0.058617485261132966,0.058617485261132966,0.058595762577176365,0.058595762577176365
1440,24.0,False,False,49.58249644894736,50.0,72.77651159594105,49.14691677911433,51.61504237498855,47.36259154526501,74.0,-0.4175035510526399,1.599916612033646,1.6159157781539826,1.6141664173142147,1.6481818493871854,1.590373849260655,1.6473321110926396,1.6603287676544825,1.6159157781539826,1.5621185931536132,1.7303231706581417,1.3261023494258097,1.5621185931536132,1.7303231706581417,1.546142642593477,1.6799960841876274,0.06999440300365922,-0.09821017450086922,0.06408030603364478,-0.06977313556050557,False,False,0.058595762577176365,0.058595762577176365,0.058574155627470405,0.058574155627470405
1445,24.083333333333332,False,False,49.58252086235747,50.0,72.78149056170301,49.146941220754385,51.61614042420829,47.361169323225496,74.0,-0.4174791376425304,1.59880494908131,1.6147929985721232,1.6130693633905522,1.6484154396062034,1.5897053228504938,1.6475721175771159,1.6607323876421105,1.6147929985721232,1.5624680070981694,1.730782154593214,1.3262955546455033,1.5624680070981694,1.730782154593214,1.545023244950959,1.6789332457385533,0.07004976695110354,-0.09826438054394115,0.06414024716643008,-0.06976975362116411,False,False,0.058574155627470405,0.058574155627470405,0.05855266353942901,0.05855266353942901
1450,24.166666666666668,False,False,49.582562478988365,50.0,72.78646192711554,49.14698288559422,51.61725098394684,47.35977016954649,74.0,-0.4174375210116352,1.5976993103957438,1.6136763034997013,1.6119782453447562,1.6486472949675623,1.5890394250468374,1.647810314558516,1.6611329667856807,1.6136763034997013,1.56281465788738,1.7312378813288416,1.3264873032223023,1.56281465788738,1.7312378813288416,1.5439099273427344,1.6778761355170044,0.07010491454316092,-0.09831830889830062,0.06419983201730317,-0.0697663761569669,False,False,0.05855266353942901,0.05855266353942901,0.05853128544847717,0.05853128544847717
1455,24.25,False,False,49.582621039380435,50.0,72.79142567869364,49.14704151390508,51.61837382146485,47.35839379458328,74.0,-0.4173789606195655,1.5965996634682296,1.612565660102912,1.6108930314298693,1.6488774354494122,1.5883761335514295,1.6480467230685012,1.6615305295564213,1.612565660102912,1.5631585682132931,1.7316903763680727,1.3266776120687156,1.5631585682132931,1.7316903763680727,1.5428026565146231,1.6768247234635436,0.07015984681165133,-0.0983719613431282,0.0642590633606317,-0.0697630035882888,False,False,0.05853128544847717,0.05853128544847717,0.058510020498049174,0.058510020498049174
1460,24.333333333333332,False,False,49.58269628690152,50.0,72.79638180181934,49.147116848721275,51.61950870668667,47.35703991189663,74.0,-0.4173037130984767,1.5955059758870196,1.6114610356458898,1.6098136899890834,1.649105880749023,1.587715426502382,1.6482813638420328,1.661925100260214,1.6114610356458898,1.5634997606098993,1.7321396650294605,1.3268664978922518,1.5634997606098993,1.7321396650294605,1.5417013993187079,1.6757789795951366,0.07021456476924648,-0.09842533965031475,0.06431794394924673,-0.06975963632718196,False,False,0.058510020498049174,0.058510020498049174,0.05848886783950578,0.05848886783950578
1465,24.416666666666668,False,False,49.58278796773608,50.0,72.80133028080837,49.14720863582821,51.620655411928425,47.35570823799214,74.0,-0.4172120322639188,1.5944182153384614,1.610362397491846,1.6087401894569222,1.6493326502869825,1.5870572824630131,1.64851425732182,1.6623167030375954,1.610362397491846,1.5638382574658785,1.7325857724602218,1.3270539771368477,1.5638382574658785,1.7325857724602218,1.5406061227143495,1.6747388740064533,0.07026906942262645,-0.09847844557171692,0.06437647651460732,-0.06975627477749646,False,False,0.05848886783950578,0.05848886783950578,0.058467826632122265,0.058467826632122265
1470,24.5,False,False,49.58289583087346,50.0,72.80627109897422,49.14731662410947,51.62181371266154,47.35439849301021,74.0,-0.4171041691265387,1.5933363496081199,1.609269713104201,1.6076724983604014,1.6495577632113214,1.5864016804110108,1.6487454236627,1.6627053618453829,1.609269713104201,1.56417408098679,1.7330287235988218,1.3272400660414405,1.56417408098679,1.7330287235988218,1.539516793769221,1.6737043768711755,0.0703233617534389,-0.09853128085859297,0.06443466376697438,-0.06975291933498018,False,False,0.058467826632122265,0.058467826632122265,0.05844689604303775,0.05844689604303775
1475,24.583333333333332,False,False,49.58301962809547,50.0,72.81120423868957,49.147440564817664,51.62298338580972,47.35311039915272,74.0,-0.4169803719045291,1.5922603465818879,1.6081829500477067,1.6066105853201982,1.6497812384015802,1.5857485997279068,1.6489748827359494,1.6630911004934206,1.6081829500477067,1.564507253277676,1.7334685432579757,1.3274247805960386,1.564507253277676,1.7334685432579757,1.53843337966031,1.6726754584432724,0.07037744276455515,-0.09858384721574454,0.06449250839556564,-0.06974957038739671,False,False,0.05844689604303775,0.05844689604303775,0.05842607524721141,0.05842607524721141
1480,24.666666666666668,False,False,49.58315911396315,50.0,72.81612968144539,49.14758021263907,51.624164212629125,47.35184368331525,74.0,-0.41684088603685154,1.5911901742470884,1.6071020759895593,1.6055544190517912,1.6500030944728088,1.585098020188853,1.6492026541335245,1.6634739425894622,1.6071020759895593,1.5648377962019595,1.7339052559839223,1.327608136571007,1.5648377962019595,1.7339052559839223,1.5373558476749318,1.671652089058289,0.07043131339446007,-0.09863614638750273,0.06455001306872976,-0.06974622831462751,False,False,0.05842607524721141,0.05842607524721141,0.058405363427367726,0.058405363427367726
1485,24.75,False,False,49.58331404580292,50.0,72.82104740790767,49.147735323888774,51.62535597384991,47.35059807261954,74.0,-0.416685954197078,1.5901258006935668,1.6060270587005026,1.6045039683666105,1.6502233497795062,1.5844499219526924,1.6494287571722326,1.6638539116310311,1.6060270587005026,1.5651657316180636,1.7343388862934328,1.3277901495170683,1.5651657316180636,1.7343388862934328,1.536284165211717,1.6706342391345994,0.07048497466240167,-0.09868818001296753,0.06460718043409686,-0.0697428934887856,False,False,0.058405363427367726,0.058405363427367726,0.05838475977395614,0.05838475977395614
1490,24.833333333333332,False,False,49.583484183692065,50.0,72.82595739797189,49.14790565901029,51.62655845697667,47.34937330110062,74.0,-0.41651581630793544,1.5890671941147683,1.604957866055916,1.6034592021731582,1.6504420224194973,1.5838042855523111,1.6496532108978434,1.6642310308768173,1.604957866055916,1.5654910810225897,1.734769458317347,1.3279708347799444,1.5654910810225897,1.734769458317347,1.535218299781594,1.6696218791746578,0.07053842744052963,-0.09873994985422763,0.0646640131187417,-0.0697395662743221,False,False,0.05838475977395614,0.05838475977395614,0.058364263485092854,0.058364263485092854
1495,24.916666666666668,False,False,49.58366929044363,50.0,72.8308596308153,49.1480909804124,51.62777144801087,47.34816910210362,74.0,-0.4163307095563695,1.5880143228088048,1.603894466036893,1.6024200894781258,1.6506591302377547,1.583161091885267,1.6498760340891294,1.664605323456908,1.603894466036893,1.565813865953819,1.7351969962044473,1.328150207441786,1.565813865953819,1.7351969962044473,1.5341582190087606,1.6686149797662342,0.0705916727475393,-0.09879145750308904,0.06472051372934118,-0.06973624702813241,False,False,0.058364263485092854,0.058364263485092854,0.05834387376652156,0.05834387376652156
1500,25.0,False,False,49.58386913159056,50.0,72.83575408494704,49.14829105353422,51.62899473852152,47.34698521475996,74.0,-0.41613086840943936,1.5869671551795048,1.6028368267312998,1.6013865993874974,1.6508746908301573,1.5825203222046835,1.6500972452618476,1.6649768123176727,1.6028368267312998,1.5661341076461264,1.7356215237762225,1.3283282824383151,1.5661341076461264,1.7356215237762225,1.5331038906316339,1.6676135115836235,0.07064471145854978,-0.09884270467154632,0.06477668485232368,-0.06973293609966591,False,False,0.05834387376652156,0.05834387376652156,0.05832358983152501,0.05832358983152501
1505,25.083333333333332,False,False,49.58408347536956,50.0,72.8406407382564,49.148505645758554,51.63022811932117,47.34582137817723,74.0,-0.4159165246304397,1.5859256597374496,1.6017849163348241,1.6003587011076288,1.6510887215471968,1.5818819581103998,1.650316862672661,1.6653455202768783,1.6017849163348241,1.566451827338148,1.7360430648353893,1.3285050744563252,1.566451827338148,1.7360430648353893,1.5320552825037939,1.666617445388854,0.07069754455851096,-0.0988936929387303,0.06483252905402992,-0.06972963383103026,False,False,0.05832358983152501,0.05832358983152501,0.05830341090091343,0.05830341090091343
1510,25.166666666666668,False,False,49.58431209270416,50.0,72.8455195680588,49.148734528553305,51.63147138809872,47.34467733843039,74.0,-0.4156879072958404,1.5848898051009925,1.6007387031520024,1.5993363639463238,1.6513012394976252,1.581245981540373,1.650534904322993,1.665711469913458,1.6007387031520024,1.5667670458997722,1.736461642793222,1.328680597977609,1.5667670458997722,1.736461642793222,1.531012362594902,1.665626752032856,0.07075017287976393,-0.09894442401368586,0.06488804888085364,-0.06972634055710047,False,False,0.05830341090091343,0.05830341090091343,0.05828333620292717,0.05828333620292717
1515,25.25,False,False,49.58455475718752,50.0,72.85039055114032,49.14897747423309,51.63272433912387,47.34355283911016,74.0,-0.4154452428124813,1.5838595599972611,1.5996981555972338,1.598319557313879,1.651512261552048,1.580612374762319,1.6507513879628315,1.6660746837328588,1.5996981555972338,1.567079784334167,1.736877281171921,1.328854867308246,1.567079784334167,1.736877281171921,1.5299750989916148,1.6646414024566347,0.07080259743906225,-0.09899489939869177,0.0649432468594009,-0.06972305660561906,False,False,0.05828333620292717,0.05828333620292717,0.058263364973210295,0.058263364973210295
1520,25.333333333333332,False,False,49.584811245064536,50.0,72.85525366379996,49.149234259894364,51.633986776422745,47.342447633397235,74.0,-0.41518875493546403,1.5828348932631409,1.5986632421957723,1.5973082507241247,1.6517218043464634,1.5799811203655914,1.6509663310944698,1.6664351839649498,1.5986632421957723,1.5673900631342568,1.7372900029614153,1.3290278965346716,1.5673900631342568,1.7372900029614153,1.528943459898466,1.6636613676923995,0.07085481899646551,-0.09904512083069306,0.0649981254966272,-0.06971978229730635,False,False,0.058263364973210295,0.058263364973210295,0.05824349645471904,0.05824349645471904
1525,25.416666666666668,False,False,49.585081335213765,50.0,72.86010888189051,49.149504663460114,51.63525849874582,47.34136147026802,74.0,-0.41491866478623507,1.5818157738462413,1.5976339315847037,1.5963024137954327,1.6519298842857502,1.579352201253282,1.651179750976187,1.6667929927661134,1.5976339315847037,1.5676979030159448,1.7376998313529106,1.3291996995383215,1.5676979030159448,1.7376998313529106,1.5279174136387446,1.6626866188646998,0.07090683858679725,-0.09909508975016856,0.06505268727999614,-0.06971651794595912,False,False,0.05824349645471904,0.05824349645471904,0.05822372989769421,0.05822372989769421
1530,25.5,False,False,49.58536480912864,50.0,72.86495618085746,49.1497884661807,51.63653931335335,47.3402941071276,74.0,-0.41463519087135836,1.5808021708058415,1.5966101925139,1.5953020162517222,1.652136517547102,1.5787256006345438,1.6513916646258857,1.6671481320906423,1.5966101925139,1.5680033242448443,1.7381067890659392,1.3293702900249174,1.5680033242448443,1.7381067890659392,1.5268969286553427,1.6617171271915097,0.07095865697529691,-0.09914480784579793,0.06510693467760964,-0.06971326385855736,False,False,0.05822372989769421,0.05822372989769421,0.058204064559561064,0.058204064559561064
1535,25.583333333333332,False,False,49.58566145089866,50.0,72.86979553577648,49.15008545226554,51.63782902661791,47.33924530118348,74.0,-0.4143385491013376,1.5797940533138166,1.5955919938469547,1.5943070279234262,1.6523417200834107,1.5781013020171284,1.6516020888246594,1.667500623709111,1.5955919938469547,1.568306347094511,1.7385108988069011,1.329539681509823,1.568306347094511,1.7385108988069011,1.5258819735115903,1.660752863985317,0.07101027509779012,-0.0991942766145999,0.06516087013836236,-0.06971002033536444,False,False,0.058204064559561064,0.058204064559561064,0.058184499704911935,0.058184499704911935
1540,25.666666666666668,False,False,49.585971047189815,50.0,72.87462692138918,49.15039540779776,51.63912744819659,47.338214813263114,74.0,-0.4140289528101846,1.5787913906555435,1.594579304562099,1.5933174187484536,1.652545507626602,1.5774792892001253,1.651811040120319,1.667850489263492,1.594579304562099,1.5686069916423837,1.7389121830653156,1.3297078873034025,1.5686069916423837,1.7389121830653156,1.5248725168920703,1.6597938006541748,0.07106169380182359,-0.09924349762110829,0.06521449609207575,-0.0697067876700288,False,False,0.058184499704911935,0.058184499704911935,0.058165034605389604,0.058165034605389604
1545,25.75,False,False,49.58629338722505,50.0,72.87945031213748,49.1507181221595,51.640434390771794,47.337202407567624,74.0,-0.413706612774952,1.5777941522307861,1.593572093753094,1.5923331587731226,1.6527478956909174,1.576859546266904,1.6520185348308576,1.6681977501936671,1.593572093753094,1.568905277782028,1.7393106641263578,1.3298749205403055,1.568905277782028,1.7393106641263578,1.523868527603409,1.6588399087027355,0.0711129139326907,-0.09929247241163908,0.06526781494964151,-0.06970356614968498,False,False,0.058165034605389604,0.058165034605389604,0.05814566853967302,0.05814566853967302
1550,25.833333333333332,False,False,49.58662826276417,50.0,72.8842656821964,49.15105338622979,51.64174966719569,47.33620784904567,74.0,-0.41337173723582765,1.5768023075545574,1.592570330630103,1.5913542181530722,1.6529488995761532,1.5762420575782485,1.6522245890478715,1.6685424278292884,1.592570330630103,1.5692012253620975,1.7397063642101236,1.3300407941794674,1.5692012253620975,1.7397063642101236,1.5228699745750507,1.657891159733263,0.07116393638083518,-0.09934120246719091,0.06532082910316017,-0.0697003560550522,False,False,0.05814566853967302,0.05814566853967302,0.05812640079337823,0.05812640079337823
1555,25.916666666666668,False,False,49.586975468083594,50.0,72.88907300550552,49.151400994886096,51.64307309651692,47.33523090891071,74.0,-0.4130245319164061,1.575815826257962,1.5915739845205417,1.5903805671541569,1.6531485343708463,1.5756268077656805,1.6524292186399219,1.6688845432611743,1.5915739845205417,1.5694948538918,1.7400993051773748,1.330205521004109,1.5694948538918,1.7400993051773748,1.5218768268600074,1.656947525446617,0.07121476191620046,-0.0993896893693742,0.06537354092607539,-0.0696971576605343,False,False,0.05812640079337823,0.05812640079337823,0.05810723065900736,0.05810723065900736
1560,26.0,False,False,49.58733479995577,50.0,72.89387225579915,49.15176074376811,51.64440449471065,47.334271356134565,74.0,-0.4126652000442306,1.5748346780890157,1.5905830248699058,1.5894121761533122,1.6533468149554178,1.575013781724961,1.652632439255852,1.6692241175066556,1.5905830248699058,1.5697861829929483,1.7404895089818826,1.3303691136070939,1.5697861829929483,1.7404895089818826,1.5208890536355895,1.6560089776432199,0.07126539147522704,-0.0994379345137073,0.06542595277331409,-0.06969397123431631,False,False,0.05810723065900736,0.05810723065900736,0.05808815743588183,0.05808815743588183
1565,26.083333333333332,False,False,49.58770605762843,50.0,72.89866340663508,49.15213243285555,51.64574368660028,47.33332896836883,74.0,-0.41229394237156924,1.573858832913441,1.5895974212425754,1.5884490156394047,1.653543756005267,1.5744029646097717,1.6528342663280573,1.6695611713258587,1.5895974212425754,1.5700752318177247,1.740876997088463,1.3305315843909284,1.5700752318177247,1.740876997088463,1.5199066242041133,1.655075488223993,0.07131582576260431,-0.099485939508134,0.06547806698141767,-0.06969079703846215,False,False,0.05808815743588183,0.05808815743588183,0.05806918043007721,0.05806918043007721
1570,26.166666666666668,False,False,49.58808904280349,50.0,72.90344643142205,49.152515862515195,51.64709049162666,47.33240351889176,74.0,-0.41191095719651116,1.5728882607154442,1.5886171433225986,1.5874910562140532,1.653739371993824,1.5737943418255653,1.6530347150756997,1.6698957254237938,1.5886171433225986,1.5703620197428734,1.7412617911674506,1.3306929456409762,1.5703620197428734,1.7412617911674506,1.5189295079935892,1.654147029191276,0.07136606574365678,-0.09953370568092046,0.06552988586867747,-0.06968763532900946,False,False,0.05806918043007721,0.05806918043007721,0.05805029895434278,0.05805029895434278
1575,26.25,False,False,49.58848355961586,50.0,72.90822130344628,49.152910837796206,51.648444740136476,47.33149479153171,74.0,-0.4115164403841405,1.5719229315984626,1.5876421609144473,1.5865382685924327,1.6539336771955522,1.5731878990235815,1.6532338005078857,1.6702278002298954,1.5876421609144473,1.5706465655743742,1.7416439122996301,1.330853209408315,1.5706465655743742,1.7416439122996301,1.51795767455838,1.653223572649713,0.07141611206973475,-0.09958123465552116,0.06558141173526577,-0.06968448635606728,False,False,0.05805029895434278,0.05805029895434278,0.0580315123280511,0.0580315123280511
1580,26.333333333333332,False,False,49.58888941461203,50.0,72.91298799589644,49.15331716411913,51.64980625576673,47.330602564513,74.0,-0.4111105853879735,1.5709628157858961,1.5866724439437552,1.5855906236040465,1.6541266856889112,1.5725836220950224,1.6534315374267858,1.6705574161184813,1.5866724439437552,1.5709288884068349,1.7420233818359012,1.3310123876268791,1.5709288884068349,1.7420233818359012,1.5169910935798505,1.6523050908071246,0.07146596571741992,-0.09962852771164643,0.06563264686336945,-0.06968135036390466,False,False,0.0580315123280511,0.0580315123280511,0.05801281987711982,0.05801281987711982
1585,26.416666666666668,False,False,49.5893064167287,50.0,72.9177464818879,49.15373465085436,51.65117487268625,47.32972662625183,74.0,-0.41069358327130345,1.57000788362181,1.5857079624580281,1.5846480921934876,1.6543184113592766,1.5719814971653854,1.6536279404307097,1.670884593225037,1.5857079624580281,1.5712090067816782,1.7424002205557183,1.3311704920402463,1.5712090067816782,1.7424002205557183,1.5160297348669776,1.6513915559753443,0.0715156273306814,-0.09967558644335872,0.06568359351731612,-0.06967822759105058,False,False,0.05801281987711982,0.05801281987711982,0.05799422093397983,0.05799422093397983
1590,26.5,False,False,49.58973437727067,50.0,72.92249673448562,49.15416310880455,51.6525504203846,47.32886676140753,74.0,-0.41026562272932665,1.5690581055716175,1.5847486866273337,1.583710645421161,1.6545088679018134,1.5713815105889448,1.6538230239171525,1.6712093515748165,1.5847486866273337,1.571486939429199,1.7427744494094024,1.3313275342602084,1.571486939429199,1.7427744494094024,1.5150735683569558,1.6504829405710415,0.07156509783458587,-0.0997224121456175,0.0657342539437078,-0.06967511827037787,False,False,0.05799422093397983,0.05799422093397983,0.057975714837420186,0.057975714837420186
1595,26.583333333333332,False,False,49.59017310988945,50.0,72.92723872672615,49.154602351273326,51.65393273516589,47.32802276140973,74.0,-0.4098268901105513,1.5681134522227367,1.583794586744964,1.5827782544639986,1.6546980688243105,1.5707836489433804,1.6540168020857722,1.6715317110277284,1.583794586744964,1.5717627047072928,1.7431460889571209,1.331483525678914,1.5717627047072928,1.7431460889571209,1.5141225641157614,1.6495792171165082,0.07161437792939251,-0.0997690063204355,0.06578463037154414,-0.06967202262920269,False,False,0.057975714837420186,0.057975714837420186,0.05795730093263583,0.05795730093263583
1600,26.666666666666668,False,False,49.59062243056102,50.0,72.93197243163856,49.1550521944169,51.655321653419435,47.327194418284115,74.0,-0.4093775694389805,1.5671738942852254,1.5828456332280776,1.5818508906161348,1.654886027449974,1.5701878990245468,1.6542092889413382,1.6718516912599626,1.5828456332280776,1.572036320929577,1.7435151596972474,1.3316384776006545,1.572036320929577,1.7435151596972474,1.5131766923387113,1.6486803582404301,0.07166346843728477,-0.09981537033038568,0.06583472501235255,-0.06966894088936626,False,False,0.05795730093263583,0.05795730093263583,0.05793897857107044,0.05793897857107044
1605,26.75,False,False,49.5910821575639,50.0,72.9366978222645,49.155512455803006,51.65671701349273,47.326381526362134,74.0,-0.40891784243609663,1.5662394025923916,1.5819017966183155,1.5809285252895706,1.655072756920176,1.5695942478413827,1.65440049829664,1.6721693118374787,1.5819017966183155,1.5723078062736877,1.743881681974906,1.3317924011247215,1.5723078062736877,1.743881681974906,1.512235923350985,1.6477863366786298,0.07171237013742715,-0.09986150556379103,0.0658845400603143,-0.06966587326733054,False,False,0.05793897857107044,0.05793897857107044,0.0579207471103882,0.0579207471103882
1610,26.833333333333332,False,False,49.591552111457034,50.0,72.94141487167735,49.155982956197356,51.65811865750316,47.32558388393453,74.0,-0.4084478885429661,1.565309948101381,1.5809630475823948,1.5800111300148074,1.65525827019717,1.5690026826109507,1.6545904437753387,1.6724845921241467,1.5809630475823948,1.5725771786925757,1.7442456758934937,1.3319453072332637,1.5725771786925757,1.7442456758934937,1.5113002276081342,1.6468971252747806,0.07176108376934698,-0.09990741343157095,0.0659340776923858,-0.0696628199742606,False,False,0.0579207471103882,0.0579207471103882,0.057902605914401155,0.057902605914401155
1615,26.916666666666668,False,False,49.59203211505764,50.0,72.94612355300026,49.156463518122976,51.65952642776825,47.324801289973564,74.0,-0.4079678849423587,1.56438550189374,1.5800293569126775,1.5790986764414574,1.6554425800667594,1.5684131907536079,1.654779138814787,1.6727975513552338,1.5800293569126775,1.5728444560884483,1.7446071614888616,1.3320972067473578,1.5728444560884483,1.7446071614888616,1.5103695756965616,1.6460126969811057,0.07180961013362785,-0.09995309526678553,0.06598334006842821,-0.06965978121611593,False,False,0.057902605914401155,0.057902605914401155,0.05788455435300907,0.05788455435300907
1620,27.0,False,False,49.592521993418885,50.0,72.95082383942368,49.156953966212726,51.66094016967737,47.32403354675804,74.0,-0.40747800658111544,1.5634660351759564,1.579100695527716,1.5781911363388337,1.6556256991409317,1.5678257598883008,1.6549665966688116,1.6731082086190328,1.579100695527716,1.5731096561723577,1.7449661585891247,1.3322481103123665,1.5731096561723577,1.7449661585891247,1.5094439383339844,1.6451330248590406,0.07185794997009198,-0.0999985524466751,0.06603232933132452,-0.06965675719373166,False,False,0.05788455435300907,0.05788455435300907,0.057866591802105155,0.057866591802105155
1625,27.083333333333332,False,False,49.593021573807775,50.0,72.95551570422184,49.15745412792051,51.6623597310609,47.32328045928881,74.0,-0.40697842619222513,1.5625515192799748,1.5781770344727746,1.5772884815965125,1.6558076398604522,1.567240377827982,1.655152830410443,1.6734165828201184,1.5781770344727746,1.5733727964947324,1.7453226868454181,1.3323980284857955,1.5733727964947324,1.7453226868454181,1.508523286369867,1.6442580820798811,0.07190610402529973,-0.10004378632538602,0.06608104760710654,-0.06965374810290759,False,False,0.057866591802105155,0.057866591802105155,0.05784871764355409,0.05784871764355409
1630,27.166666666666668,False,False,49.59353068568276,50.0,72.96019912076855,49.15796383208138,51.66378496017791,47.32254183343873,74.0,-0.406469314317242,1.561641925663691,1.577258344920328,1.576390684224874,1.6559884144974215,1.566657032575147,1.6553378529346157,1.6737226927528355,1.577258344920328,1.5736338945433421,1.7456767658300787,1.332546971605507,1.5736338945433421,1.7456767658300787,1.5076075907858388,1.6433878419254024,0.07195407307724322,-0.10008879820949335,0.06612949700507453,-0.06965075413448907,False,False,0.05784871764355409,0.05784871764355409,0.05783093126508246,0.05783093126508246
1635,27.25,False,False,49.59404916067146,50.0,72.96487406255217,49.15848291069881,51.665215710005356,47.321817479876415,74.0,-0.4059508393285398,1.5607372259114214,1.5763445981705355,1.5754977163556205,1.6561680351577936,1.5660757123174829,1.6555216769608239,1.674026557009438,1.5763445981705355,1.5738929675337328,1.7460284148272975,1.3326949499507919,1.5738929675337328,1.7460284148272975,1.506696822696086,1.6425222777884514,0.07200185781785962,-0.10013358947570516,0.06617767961791587,-0.06964777547444956,False,False,0.05783093126508246,0.05783093126508246,0.05781323206023594,0.05781323206023594
1640,27.333333333333332,False,False,49.59457683254837,50.0,72.9695405031899,49.159011196788136,51.666651831886114,47.321107208240576,74.0,-0.4054231674516302,1.5598373917343493,1.5754357656516929,1.5746095502422688,1.6563465137838576,1.5654964054236296,1.655704315035739,1.6743281940903216,1.5754357656516929,1.5741500327189977,1.7463776531430997,1.3328419736105843,1.5741500327189977,1.7463776531430997,1.505790953347719,1.6416613631735202,0.07204945905277804,-0.10017816137132396,0.06622559752182733,-0.0696448123039739,False,False,0.05781323206023594,0.05781323206023594,0.057795619428304586,0.057795619428304586
1645,27.416666666666668,False,False,49.595113537212704,50.0,72.97419841644148,49.1595485261642,51.66809318258439,47.3204108335979,74.0,-0.4048864627872959,1.5589423949709502,1.5745318189206596,1.5737261582606195,1.6565238621566851,1.564919100439047,1.655885779535791,1.674627622312164,1.5745318189206596,1.5744051070452392,1.7467244997610119,1.3329880525273894,1.5744051070452392,1.7467244997610119,1.504889954121122,1.6408050716972913,0.07209687744884774,-0.10022251526692494,0.06627325277663165,-0.0696418647995376,False,False,0.057795619428304586,0.057795619428304586,0.05777809277428122,0.05777809277428122
1650,27.5,False,False,49.59565911266593,50.0,72.97884777622197,49.16009473707798,51.66953961918303,47.31972817176242,74.0,-0.40434088733407236,1.558052207587391,1.573632729663265,1.5728475129092065,1.6567000918985388,1.5643437860819924,1.6560660826697104,1.6749248598262967,1.573632729663265,1.574658207400384,1.7470689735910847,1.3331331965558548,1.574658207400384,1.7470689735910847,1.5039937965302796,1.639953377089163,0.07214411376478802,-0.1002666524259126,0.06632064742589794,-0.06963893313298541,False,False,0.05777809277428122,0.05777809277428122,0.05776065150874529,0.05776065150874529
1655,27.583333333333332,False,False,49.596213398989754,50.0,72.98348855661408,49.16064966913619,51.67099100052468,47.31905904061008,74.0,-0.4037866010102462,1.5571668016779097,1.5727384696946887,1.5719735868097213,1.6568752144752488,1.5637704512395922,1.65624523648103,1.67521992467382,1.5727384696946887,1.5749093505436582,1.7474110933995628,1.3332774153602713,1.5749093505436582,1.7474110933995628,1.5031024522230765,1.6391062531917442,0.07219116872574283,-0.10031057413016176,0.06636778349705552,-0.06963601747161219,False,False,0.05776065150874529,0.05776065150874529,0.057743295047859265,0.057743295047859265
1660,27.666666666666668,False,False,49.5967762383238,50.0,72.98812073187987,49.16121316401391,51.67244718749436,47.318403260332026,74.0,-0.4032237616762018,1.5562861494651705,1.5718490109598222,1.5711043527074104,1.6570492411985491,1.563199084964017,1.6564232528505587,1.6755128347488608,1.5718490109598222,1.5751585530916001,1.7477508777950959,1.3334207185463585,1.5751585530916001,1.7477508777950959,1.502215892981586,1.638263673961336,0.07223804304623505,-0.10035428165726068,0.06641466300151389,-0.06963311797823613,False,False,0.057743295047859265,0.057743295047859265,0.05772602281325108,0.05772602281325108
1665,27.75,False,False,49.597347474843666,50.0,72.99274427647188,49.161785066167404,51.6739080440411,47.31776065436451,74.0,-0.4026525251563342,1.5554102233005975,1.5709643255336034,1.570239783471461,1.657222183228387,1.5626296764687522,1.6566001434988065,1.6758036077618272,1.5709643255336034,1.57540583146804,1.7480883451789113,1.3335631155148349,1.57540583146804,1.7480883451789113,1.5013340907223216,1.637425613468378,0.07228473741708408,-0.10039777629378732,0.06646128793477457,-0.06963023481128183,False,False,0.05772602281325108,0.05772602281325108,0.05770883423200212,0.05770883423200212
1670,27.833333333333332,False,False,49.597926954738654,50.0,72.99735916504349,49.16236522139586,51.675373434114185,47.31713104657748,74.0,-0.40207304526134635,1.5545389956646876,1.5700843856213345,1.56937985209535,1.6573940515751915,1.5620622151249601,1.6567759199883902,1.6760922613128968,1.5700843856213345,1.5756512020534255,1.7484235138943256,1.3337046155932057,1.5756512020534255,1.7484235138943256,1.5004570174964884,1.6365920458978847,0.0723312525814288,-0.10044105925947133,0.0665076602765502,-0.06962736812484605,False,False,0.05770883423200212,0.05770883423200212,0.05769172873652286,0.05769172873652286
1675,27.916666666666668,False,False,49.598514526189994,50.0,73.00196537245898,49.16295347755449,51.676843224817816,47.31651426415835,74.0,-0.40148547381000554,1.553672439167298,1.569209163558971,1.5685245316971865,1.6575648571021129,1.5614966904579342,1.656950593726384,1.6763788128552732,1.569209163558971,1.5758946810307293,1.7487564020728423,1.3338452279479043,1.5758946810307293,1.7487564020728423,1.4995846454901889,1.635762945549844,0.0723775892175691,-0.10048413182454397,0.0665537819908728,-0.06962451806878223,False,False,0.05769172873652286,0.05769172873652286,0.05767470576455378,0.05767470576455378
1680,28.0,False,False,49.59911003934879,50.0,73.00656287380299,49.16354968526793,51.67831728560277,47.31591013686649,74.0,-0.4008899606512131,1.552810526547918,1.5683386318133972,1.5676737955200164,1.6577346105272275,1.56093309214364,1.6571241759666537,1.6766632796584418,1.5683386318133972,1.5761362844247304,1.7490870276736095,1.3339849616575066,1.5761362844247304,1.7490870276736095,1.4987169470246342,1.6349382868396123,0.07242374801516771,-0.10052699523371134,0.06659965502621512,-0.06962168478876296,False,False,0.05767470576455378,0.05767470576455378,0.057657764759049684,0.057657764759049684
1685,28.083333333333332,False,False,49.5997133463143,50.0,73.0111516443894,49.16415369577544,51.679795485165236,47.31531849418767,74.0,-0.40028665368569705,1.5519532306759118,1.567472762982671,1.5668276169321231,1.65790332242571,1.5603714100053419,1.6572966778121476,1.6769456789184005,1.567472762982671,1.5763760282532184,1.7494154086348082,1.3341238256395174,1.5763760282532184,1.7494154086348082,1.4978538945563074,1.6341180442982652,0.07246972971640764,-0.10056965066518209,0.06664528131559422,-0.06961886842636367,False,False,0.057657764759049684,0.057657764759049684,0.057640905168157154,0.057640905168157154
1690,28.166666666666668,False,False,49.600324301112316,50.0,73.01573165976977,49.164765363078764,51.68127769703529,47.31473917044713,74.0,-0.39967569888768395,1.5511005245507483,1.5666115297962557,1.5659859694272864,1.658071003231973,1.5598116340103116,1.6574681102171478,1.6772260276474298,1.5666115297962557,1.5766139282541358,1.7497415626009678,1.3342618287235837,1.5766139282541358,1.7497415626009678,1.4969954606771332,1.633302192572947,0.07251553495353802,-0.10061209939329396,0.06669066277669122,-0.06961606911912255,False,False,0.057640905168157154,0.057640905168157154,0.057624126445143836,0.057624126445143836
1695,28.25,False,False,49.60094275967322,50.0,73.02030289574145,49.16538454322186,51.68276379480886,47.3141720004378,74.0,-0.39905724032678336,1.5502523813022047,1.5657549051152266,1.5651488266250402,1.6582376632417775,1.5592537542666214,1.6576384839895104,1.6775043427108358,1.5657549051152266,1.576850000118133,1.7500655071556943,1.3343989796075677,1.576850000118133,1.7500655071556943,1.4961416181146077,1.6324907064271845,0.0725611644448585,-0.1006543425927029,0.06673580131195789,-0.06961328700061897,False,False,0.057624126445143836,0.057624126445143836,0.05760742804829386,0.05760742804829386
1700,28.333333333333332,False,False,49.60156857981088,50.0,73.02486532835499,49.16601109357085,51.68425365398015,47.31361682109355,74.0,-0.3984314201891195,1.549408774190551,1.5649028619324563,1.564316162270896,1.6584033126143083,1.5586977610200095,1.6578078097928397,1.6777806408636935,1.5649028619324563,1.577084259399027,1.7503872597322987,1.3345352868868305,1.577084259399027,1.7503872597322987,1.4952923397319178,1.6316835607411841,0.0726066188686052,-0.10069638146466642,0.06678069880872783,-0.06961052220053854,False,False,0.05760742804829386,0.05760742804829386,0.05759080944093588,0.05759080944093588
1705,28.416666666666668,False,False,49.602201621200976,50.0,73.02941893392133,49.166644873528234,51.68574715197723,47.313073471516816,74.0,-0.397798378799024,1.5485696766067152,1.5640553733727824,1.563487950236551,1.6585679613742221,1.5581436446508274,1.6579760981486644,1.6780549387141037,1.5640553733727824,1.577316721511958,1.750706837612119,1.3346707590103053,1.577316721511958,1.750706837612119,1.494447598528041,1.6308807305121111,0.07265189889801538,-0.10073821720214582,0.06682535713932869,-0.06960777484474145,False,False,0.05759080944093588,0.05759080944093588,0.05757427009129171,0.05757427009129171
1710,28.5,False,False,49.60284174535988,50.0,73.03396368901852,49.16728574524723,51.687244169343266,47.31254179405519,74.0,-0.397158254640118,1.5477350620724277,1.563212412693152,1.562664164520076,1.6587316194136628,1.5575913956710563,1.6581433594385542,1.6783272526864494,1.563212412693152,1.5775474016756512,1.7510242578669493,1.3348054043537105,1.5775474016756512,1.7510242578669493,1.4936073676378205,1.6300821908543397,0.07269700518049982,-0.10077985101079823,0.06686977816118778,-0.06960504505533138,False,False,0.05757427009129171,0.05757427009129171,0.05755780947248359,0.05755780947248359
1715,28.583333333333332,False,False,49.60348881562348,50.0,73.03849957049798,49.167933570761114,51.688744584163395,47.312021629194206,74.0,-0.39651118437652144,1.5469049042403473,1.5623739532827507,1.5618447792460801,1.6588942964942475,1.5570410047214007,1.6583096039062224,1.67859759916837,1.5623739532827507,1.5777763151842583,1.7513395376310354,1.3349392311463362,1.5777763151842583,1.7513395376310354,1.492771620332032,1.6292879169996957,0.07274193846266552,-0.10082128398411161,0.06691396371694491,-0.06960233295071871,False,False,0.05755780947248359,0.05755780947248359,0.05754142706244167,0.05754142706244167
1720,28.666666666666668,False,False,49.60414269712613,50.0,73.04302655549054,49.1685882162832,51.69024828284498,47.31151282542251,74.0,-0.3958573028738712,1.5460791768941653,1.561539968663107,1.5610297686658638,1.6590560022490235,1.556492462568447,1.6584748416595896,1.6788659942902995,1.561539968663107,1.5780034768812612,1.7516526935751446,1.3350722475296153,1.5780034768812612,1.7516526935751446,1.4919403300174179,1.6284978842976623,0.07278669928484516,-0.10086251740903829,0.06695791563455522,-0.06959963864568919,False,False,0.05754142706244167,0.05754142706244167,0.05752512234385403,0.05752512234385403
1725,28.75,False,False,49.604803256779824,50.0,73.04754462141196,49.16924954754375,51.69175514541553,47.311015225766965,74.0,-0.3951967432201755,1.545257853948694,1.560710432488181,1.5602191071575402,1.659216746184396,1.5559457601018927,1.658639082672818,1.6791324541643007,1.560710432488181,1.5782289018767677,1.7519637426240091,1.3352044615571232,1.5782289018767677,1.7519637426240091,1.4911134702367161,1.6277120682155817,0.07283128845970843,-0.100903552287533,0.06700163572740059,-0.06959696225146494,False,False,0.05752512234385403,0.05752512234385403,0.05750889480411329,0.05750889480411329
1730,28.833333333333332,False,False,49.60547036325347,50.0,73.05205374596815,49.16991743337333,51.69326506091623,47.31052868188125,74.0,-0.3945296367465332,1.5444409094499336,1.559885318544433,1.559412769226149,1.6593765376820258,1.555400888331844,1.6588023367883142,1.6793969947003462,1.559885318544433,1.5784526047963277,1.7522727012053008,1.335335881121364,1.5784526047963277,1.7522727012053008,1.4902910146686639,1.626930444338828,0.07287570650495456,-0.10094438990401855,0.06704512579439492,-0.06959430387576915,False,False,0.05750889480411329,0.05750889480411329,0.05749274393525927,0.05749274393525927
1735,28.916666666666668,False,False,49.60614388695226,50.0,73.05655390716015,49.170591744266765,51.69477791518212,47.31005304285415,74.0,-0.3938561130477396,1.5436283175751224,1.5590646007508737,1.558610729503746,1.6595353860006994,1.554857838386172,1.6589646137187088,1.6796596316798058,1.5590646007508737,1.5786746003771248,1.7525795858459663,1.3354665140416273,1.5786746003771248,1.7525795858459663,1.4894729371279853,1.6261529883709616,0.07291995416616048,-0.100985031302681,0.06708838762008784,-0.06959166362288838,False,False,0.05749274393525927,0.05749274393525927,0.05747666923391874,0.05747666923391874
1740,29.0,False,False,49.606823699997314,50.0,73.06104508328868,49.17127235202299,51.69629359802756,47.309588161783154,74.0,-0.3931763000026862,1.5428200526327687,1.5582482531590964,1.5578129627494735,1.6596933002781717,1.5543166015079373,1.6591259230487956,1.6799203807738194,1.5582482531590964,1.5788949031173187,1.752884412821724,1.3355963680493461,1.5788949031173187,1.752884412821724,1.4886592115653625,1.6253796761338715,0.07296403204790458,-0.10102547765650072,0.06713142297477503,-0.06958904159373391,False,False,0.05747666923391874,0.05747666923391874,0.05746067020125784,0.05746067020125784
1745,29.083333333333332,False,False,49.60750967620523,50.0,73.06552725295839,49.171959130101925,51.697811999269746,47.3091338921302,74.0,-0.39249032379476745,1.5420160890626646,1.5574362499532912,1.557019443849617,1.6598502895329807,1.5537771690528726,1.659286274237454,1.6801792575249237,1.5574362499532912,1.5791135274700139,1.7531871983511702,1.3357254507588097,1.5791135274700139,1.7531871983511702,1.4878498120673915,1.6246104835678885,0.07300794082624651,-0.10106573005490982,0.06717423361459729,-0.06958643788589969,False,False,0.05746067020125784,0.05746067020125784,0.057444746342905174,0.057444746342905174
1750,29.166666666666668,False,False,49.60820169106819,50.0,73.07000039508188,49.17265195434024,51.69933301246857,47.308690091140534,74.0,-0.39179830893181133,1.5412164014358825,1.5566285654502412,1.5562301478176401,1.660006362666233,1.553239532486926,1.6594456766195305,1.6804362773103094,1.5566285654502412,1.5793304876607537,1.7534879584134204,1.3358537696818076,1.5793304876607537,1.7534879584134204,1.487044712856514,1.6238453867318898,0.073051681103111,-0.10110578964955574,0.06721682128164863,-0.06958385259372712,False,False,0.057444746342905174,0.057444746342905174,0.05742889716894165,0.05742889716894165
1755,29.25,False,False,49.608899621733805,50.0,73.07446448888348,49.17335070151589,51.70085653013424,47.30825661545198,74.0,-0.39110037826619504,1.5404209644547533,1.5558251740993008,1.5554450497942018,1.6601615284633646,1.552703683383861,1.6596041394077006,1.680691455415308,1.5558251740993008,1.5795457979213068,1.7537867089820327,1.3359813322276297,1.5795457979213068,1.7537867089820327,1.486243888290944,1.6230843618033783,0.07309525356672464,-0.10114565749400128,0.06725918770407757,-0.06958128580835687,False,False,0.05742889716894165,0.05742889716894165,0.05741312219380022,0.05741312219380022
1760,29.333333333333332,False,False,49.609603346985395,50.0,73.07891951390256,49.1740552504227,51.702382448589795,47.307833325541615,74.0,-0.390396653014605,1.5396297529528318,1.55502605048236,1.5546641250471611,1.6603157955958767,1.5521696134229144,1.6597616716942996,1.6809448069782775,1.55502605048236,1.5797594722523947,1.7540834657878734,1.336108145717708,1.5797594722523947,1.7540834657878734,1.4854473128645678,1.6223273850785518,0.07313865880959591,-0.10118533472588287,0.0673013345961917,-0.06957873761779232,False,False,0.05741312219380022,0.05741312219380022,0.05739742093623893,0.05739742093623893
1765,29.416666666666668,False,False,49.61031274722232,50.0,73.08336544999685,49.174765480793646,51.703910663066054,47.307420081232195,74.0,-0.38968725277767646,1.5388427418948407,1.5542311693137891,1.5538873489715597,1.6604691726230403,1.5516373143865057,1.6599182824531282,1.6811963470457159,1.5542311693137891,1.5799715246629868,1.7543782445585476,1.336234217370975,1.5799715246629868,1.7543782445585476,1.4846549612068376,1.6215744329723467,0.07318189751283177,-0.10122482238272901,0.06734326365855758,-0.06957620810695153,False,False,0.05739742093623893,0.05739742093623893,0.0573817929192828,0.0573817929192828
1770,29.5,False,False,49.61102770444054,50.0,73.08780227734525,49.175481275092885,51.70544107384152,47.30701674730754,74.0,-0.3889722955594621,1.5380599063766012,1.5534405054403673,1.5531146970895922,1.6606216679935786,1.5511067781580052,1.6600739805412261,1.6814460904804036,1.5534405054403673,1.5801819688707321,1.754671060718963,1.3363595543331486,1.5801819688707321,1.754671060718963,1.4838668080826396,1.6208254820184727,0.07322497023855945,-0.10126412160967146,0.06738497657810538,-0.06957369735772767,False,False,0.0573817929192828,0.0573817929192828,0.057366237670172675,0.057366237670172675
1775,29.583333333333332,False,False,49.61174810221327,50.0,73.09222997645067,49.1762025163637,51.706973578716074,47.30662318662062,74.0,-0.38825189778673064,1.5372812216249467,1.5526540338411963,1.552346145050556,1.6607732900473249,1.550577996719548,1.6602287747006228,1.6816940520716344,1.5526540338411963,1.580390818669145,1.7549619297586436,1.3364841636328038,1.580390818669145,1.7549619297586436,1.4830828283921558,1.6200805088694232,0.07326787768700926,-0.10130323340248926,0.06742647502822696,-0.0695712054490405,False,False,0.057366237670172675,0.057366237670172675,0.057350754720314416,0.057350754720314416
1780,29.666666666666668,False,False,49.61247382567184,50.0,73.09664852814241,49.17692908966215,51.708508080219154,47.306239266686376,74.0,-0.3875261743281584,1.5365066629976238,1.5518717296276001,1.5515816686307895,1.6609240470168511,1.5500509621499046,1.6603826735600635,1.681940246461727,1.5518717296276001,1.5805980875759293,1.7552508668801874,1.3366080522106587,1.5805980875759293,1.7552508668801874,1.4823029971707107,1.6193394902964797,0.07331062041846037,-0.10134215888579767,0.0674677606688796,-0.06956873245688944,False,False,0.057350754720314416,0.057350754720314416,0.05733534360521939,0.05733534360521939
1785,29.75,False,False,49.61320476148682,50.0,73.10105791357846,49.177660882056635,51.710044481018095,47.305864855475825,74.0,-0.3867952385131801,1.5357362059831738,1.5510935680430056,1.550821243733595,1.661073947029076,1.549525666622395,1.6605356856367026,1.682184688146026,1.5510935680430056,1.5808037890570035,1.7555378872234124,1.3367312269342166,1.5808037890570035,1.7555378872234124,1.481527289588593,1.6186024031896875,0.07335319907738636,-0.10138089908902259,0.06750883514668193,-0.06956627845441266,False,False,0.05733534360521939,0.05733534360521939,0.057320003864477796,0.057320003864477796
1790,29.833333333333332,False,False,49.61394079784914,50.0,73.10545811424754,49.17839778083485,51.711582683833804,47.30549982133527,74.0,-0.38605920215086087,1.5349698262008018,1.5503195244628099,1.5500648463891402,1.6612229981068456,1.5490021024028555,1.6606878193377792,1.682427391564761,1.5503195244628099,1.5810079365306215,1.7558230058696025,1.336853694568481,1.5810079365306215,1.7558230058696025,1.4807556809508777,1.6178692245578263,0.07339561430484154,-0.1014194550341394,0.06754970009501648,-0.06956384351193212,False,False,0.057320003864477796,0.057320003864477796,0.05730473504168283,0.05730473504168283
1795,29.916666666666668,False,False,49.614681824451566,50.0,73.10984911197099,49.179139676013456,51.713122595714566,47.305144036893395,74.0,-0.3853181755484343,1.5342074994002322,1.5495495743942345,1.549312452754352,1.6613712081704928,1.5484802618476499,1.6608390829622588,1.682668370974443,1.5495495743942345,1.5812105431588894,1.7561062376331489,1.3369754617905985,1.5812105431588894,1.7561062376331489,1.479988146697223,1.6171399315283619,0.07343786665870589,-0.10145782781555357,0.06759035713412742,-0.06956142769701157,False,False,0.05730473504168283,0.05730473504168283,0.0572895366844036,0.0572895366844036
1800,30.0,False,False,49.61542773247018,50.0,73.11423088890436,49.17988645854527,51.71466412230213,47.304797373810835,74.0,-0.3845722675298191,1.533449201461547,1.5487836934761625,1.5485640391127924,1.6615185850393688,1.5479601374017278,1.6609894847024618,1.6829076405397245,1.5487836934761625,1.5814116221275205,1.7563875973414185,1.3370965351898576,1.5814116221275205,1.7563875973414185,1.4792246624016616,1.61641450134738,0.07347995680169395,-0.10149601841220401,0.06763080787121756,-0.0695590310745009,False,False,0.0572895366844036,0.0572895366844036,0.057274408344115756,0.057274408344115756
1805,30.083333333333332,False,False,49.61617841454621,50.0,73.11860342753903,49.18063802103642,51.7162071726936,47.3044597072253,74.0,-0.38382158545378786,1.532694908395015,1.5480218574789653,1.5478195818745208,1.6616651364333552,1.547441721596725,1.6611390326456523,1.6831452142966554,1.5480218574789653,1.5816111864086733,1.7566670995977176,1.3372169212823337,1.5816111864086733,1.7566670995977176,1.4784652037723738,1.615692911379514,0.07352188530106218,-0.10153402788798216,0.06767105390054873,-0.06955665370659148,False,False,0.057274408344115756,0.057274408344115756,0.05725934957617735,0.05725934957617735
1810,30.166666666666668,False,False,49.61693376476792,50.0,73.12296671070335,49.18139425738799,51.71775165574326,47.30413091236424,74.0,-0.3830662352320786,1.5319445963409013,1.5472640423043102,1.5470790575759439,1.6618108699743515,1.5469250070491107,1.6612877347756156,1.6833811061710549,1.5472640423043102,1.5818092489414046,1.7569447589618523,1.3373366264962443,1.5818092489414046,1.7569447589618523,1.4777097466514468,1.6149751391078446,0.07356365279079746,-0.10157185722965023,0.06771109680353438,-0.06955429565286342,False,False,0.05725934957617735,0.05725934957617735,0.05724435993976553,0.05724435993976553
1815,30.25,False,False,49.61769367865283,50.0,73.12732072156392,49.18215506279629,51.719297482422256,47.30381086670053,74.0,-0.3823063213471727,1.5311982415692689,1.5465102239849615,1.5463424428796457,1.6619557931877393,1.5464099864583731,1.6614355989742051,1.683615329978511,1.5465102239849615,1.5820058225165854,1.7572205898351658,1.3374556571719496,1.5820058225165854,1.7572205898351658,1.4769582670146304,1.614261162133803,0.07360525985665478,-0.10160950746192565,0.06775093814884148,-0.06955195697033112,False,False,0.05724435993976553,0.05724435993976553,0.05722943899785173,0.05722943899785173
1820,30.333333333333332,False,False,49.61845805312972,50.0,73.1316654436265,49.182920334470396,51.720844565523066,47.30349944967844,74.0,-0.38154194687027854,1.5304558204797647,1.5457603786845624,1.5456097145742167,1.6620999135038241,1.5458966526052504,1.661582633022869,1.6838478993876378,1.5457603786845624,1.5822009197913722,1.7574946064751156,1.3375740195765957,1.5822009197913722,1.7574946064751156,1.4762107409710667,1.6135509581770433,0.07364670708747778,-0.10164697959626556,0.0677905794924809,-0.06954963771349565,False,False,0.05722943899785173,0.05722943899785173,0.05721458631710274,0.05721458631710274
1825,30.416666666666668,False,False,49.61922678652149,50.0,73.13600086073686,49.18368997055695,51.7223928180433,47.303196541231735,74.0,-0.3807732134785127,1.5297173096013938,1.5450144826974077,1.5448808495740551,1.6622432382592565,1.545384998349997,1.6617288446041474,1.6840788279751906,1.5450144826974077,1.5823945533680916,1.7577668230742705,1.3376917199041145,1.5823945533680916,1.7577668230742705,1.4754671447630214,1.6128445050753144,0.07368799509907986,-0.10168427460709895,0.0678300223779067,-0.06954733793438628,False,False,0.05721458631710274,0.05721458631710274,0.057199801467920794,0.057199801467920794
1830,30.5,False,False,49.619999778527536,50.0,73.14032695708148,49.184463870140874,51.723942154219166,47.3029020227258,74.0,-0.38000022147246426,1.5289826855922806,1.5442725124482033,1.544155824919168,1.6623857746984294,1.5448750166306953,1.6618742413031558,1.6843081292260649,1.5442725124482033,1.582586735743885,1.758037253710065,1.3378087642459378,1.582586735743885,1.758037253710065,1.4747274547655915,1.6121417807843124,0.07372912448400015,-0.1017213934821799,0.06786926833610907,-0.06954505768261177,False,False,0.057199801467920794,0.057199801467920794,0.05718508402432284,0.05718508402432284
1835,30.583333333333332,False,False,49.620776930206745,50.0,73.14464371718809,49.185241934680185,51.72549249128057,47.30261577856014,74.0,-0.37922306979325526,1.5282519252394193,1.5435344444918135,1.543434617774952,1.6625275299748536,1.5443667004615984,1.662018830609038,1.684535816459811,1.5435344444918135,1.5827774792251486,1.7583059122593412,1.3379251586349257,1.5827774792251486,1.7583059122593412,1.4739916474864132,1.6114427633775232,0.0737700957995302,-0.10175833723466243,0.0679083188857097,-0.06954279700540034,False,False,0.05718508402432284,0.05718508402432284,0.0571704335639402,0.0571704335639402
1840,30.666666666666668,False,False,49.62155814396033,50.0,73.14895112592602,49.18602406621414,51.72704374532337,47.302337692388754,74.0,-0.3784418560396716,1.527525005458412,1.542800255512996,1.5427172054319682,1.6626685111525168,1.5438600429315186,1.662162619916402,1.6847619029224916,1.542800255512996,1.5829667961289537,1.7585728125998803,1.338040909030724,1.5829667961289537,1.7585728125998803,1.4732596995653489,1.6107474310460486,0.07381090967738868,-0.10179510679353787,0.06794717553305252,-0.06954055594764719,False,False,0.0571704335639402,0.0571704335639402,0.057155849667940815,0.057155849667940815
1845,30.75,False,False,49.622343323515324,50.0,73.15324916850656,49.186810168798345,51.72859583635416,47.30206765173215,74.0,-0.37765667648467627,1.5268019032931943,1.5420699223261263,1.5420035653056987,1.6628087252072132,1.5433550372022418,1.6623056165267278,1.684986401713195,1.5420699223261263,1.583154698537034,1.7588379683644835,1.3381560213051218,1.583154698537034,1.7588379683644835,1.4725315877741676,1.610055762098428,0.07385156665128845,-0.10183170317616108,0.06798583977230166,-0.06953833455195868,False,False,0.057155849667940815,0.057155849667940815,0.05714133192104676,0.05714133192104676
1850,30.833333333333332,False,False,49.62313237390769,50.0,73.15753783048312,49.18760014671305,51.73014868206608,47.301805542280384,74.0,-0.37686762609231295,1.526082595915752,1.5413434218749096,1.5412936749362978,1.6629481790278617,1.542851676506989,1.6624478276497605,1.6852093258758942,1.5413434218749096,1.5833411985994634,1.7591013932447634,1.3382705012566931,1.5833411985994634,1.7591013932447634,1.4718072890162166,1.6093677349604374,0.07389206736886922,-0.1018681272764308,0.06802431308552781,-0.06953613285869298,False,False,0.05714133192104676,0.05714133192104676,0.05712687991141411,0.05712687991141411
1855,30.916666666666668,False,False,49.62392520146604,50.0,73.16181709775124,49.18839390661549,51.73170220542518,47.30155125482964,74.0,-0.3760747985339634,1.5253670606258252,1.5406207312320834,1.540587511988327,1.6630868794177962,1.5423499541489027,1.66258926040488,1.685430688289216,1.5406207312320834,1.5835263081646898,1.7593631006212627,1.3383843546254413,1.5835263081646898,1.7593631006212627,1.4710867803260805,1.6086833281748896,0.07393241233204662,-0.1019043801245263,0.06806259694280614,-0.0695339509060029,False,False,0.05712687991141411,0.05712687991141411,0.05711249323065456,0.05711249323065456
1860,31.0,False,False,49.62472171379534,50.0,73.16608695654847,49.18919135574839,51.733256326826705,47.301304678104366,74.0,-0.3752782862046615,1.5246552748506037,1.5399018275991097,1.539885054250485,1.6632248330960415,1.5418498634995739,1.6627299218224432,1.6856505017583003,1.5399018275991097,1.5837100391622092,1.7596231039462402,1.3384975870635119,1.5837100391622092,1.7596231039462402,1.4703700388692311,1.6080025204014141,0.07397260218793988,-0.10194046259609113,0.06810069280230446,-0.06953178872987853,False,False,0.05711249323065456,0.05711249323065456,0.057098171473762574,0.057098171473762574
1865,31.083333333333332,False,False,49.62552181976091,50.0,73.17034739345434,49.18999240301692,51.73481097090611,47.30106570498423,74.0,-0.3744781802390875,1.5239472161444094,1.5391866883058536,1.5391862796353226,1.6633620466985641,1.5413513979975968,1.6628698188451125,1.6858687789596842,1.5391866883058536,1.5838924032704398,1.759881416411631,1.3386102041644792,1.5838924032704398,1.759881416411631,1.4696570419416646,1.607325290416227,0.07401263745194675,-0.10197637568924445,0.06813860211037337,-0.06952964636418901,False,False,0.057098171473762574,0.057098171473762574,0.05708391423909412,0.05708391423909412
1870,31.166666666666668,False,False,49.62632542947245,50.0,73.17459839538989,49.19079695827299,51.73636606099741,47.300834227432524,74.0,-0.37367457052754816,1.523242862188372,1.5384752908102557,1.5384911661789458,1.66349852677951,1.5408545511471614,1.6630089583291665,1.686085532478046,1.5384752908102557,1.584073412187103,1.7601380512195286,1.3387222114487032,1.584073412187103,1.7601380512195286,1.468947766969537,1.6066516171118939,0.07405251874148266,-0.10201212029094298,0.06817632630163817,-0.0695275238407187,False,False,0.05708391423909412,0.05708391423909412,0.05706972112830431,0.05706972112830431
1875,31.25,False,False,49.627132454268335,50.0,73.1788399496175,49.19160493339227,51.73792152447745,47.300610141381085,74.0,-0.3728675457316655,1.522542190790093,1.5377676126979938,1.5377996920407155,1.6636342798124175,1.540359316516673,1.6631473470457785,1.6863007747510892,1.5377676126979938,1.584253077368661,1.7603930213217112,1.3388336143779727,1.584253077368661,1.7603930213217112,1.4682421915087829,1.6059814794970844,0.07409224657062197,-0.10204769738242825,0.06821386679909058,-0.0695254211892109,False,False,0.05706972112830431,0.05706972112830431,0.057055591746323055,0.057055591746323055
1880,31.333333333333332,False,False,49.627942806700204,50.0,73.18307204374025,49.192416239766004,51.73947728514583,47.30039333975851,74.0,-0.3720571932997956,1.5218451798833004,1.5370636316821333,1.5371118355029336,1.6637693121914132,1.5398656877374026,1.6632849916822867,1.686514518198146,1.5370636316821333,1.5844314104020674,1.7606463397914878,1.3389444182969328,1.5844314104020674,1.7606463397914878,1.4675402932447292,1.6053148566963051,0.07413182159334175,-0.10208310779607865,0.0682512250141718,-0.0695233384374041,False,False,0.057055591746323055,0.057055591746323055,0.057041525701329525,0.057041525701329525
1885,31.416666666666668,False,False,49.62875640051749,50.0,73.1872946657015,49.1932307918881,51.74103327411268,47.300183722444494,74.0,-0.3712435994825114,1.5211518075274952,1.5363633256027702,1.5364275749705172,1.6639036302323895,1.5393736585021724,1.66342189884344,1.686726775036459,1.5363633256027702,1.5846084224738426,1.7608980192928612,1.3390546285648726,1.5846084224738426,1.7608980192928612,1.4668420499916985,1.6046517279496388,0.0741712442564022,-0.10211835256261637,0.06828840234686862,-0.06952127561107169,False,False,0.057041525701329525,0.057041525701329525,0.05702752260468088,0.05702752260468088
1890,31.5,False,False,49.62957315065232,50.0,73.19150780378408,49.19404850448839,51.74258941804332,47.29998118551667,74.0,-0.37042684934768033,1.5204620519075893,1.5356666724266652,1.5357468889706687,1.6640372401741668,1.5388832225640654,1.6635580750526218,1.6869375574281549,1.5356666724266652,1.5847841249435184,1.761148072654063,1.3391642504239372,1.5847841249435184,1.761148072654063,1.4661474396926069,1.60399207261246,0.07421051522590805,-0.10215343248463649,0.0683254001857947,-0.06951923273405836,False,False,0.05702752260468088,0.05702752260468088,0.05701358207090564,0.05701358207090564
1895,31.583333333333332,False,False,49.630392973204486,50.0,73.19571144660975,49.19486929325158,51.74414564786014,47.299785629205665,74.0,-0.3696070267955136,1.5197758913335326,1.534973650246868,1.5350697561525335,1.6641701481796294,1.5383943737351633,1.663693526753065,1.6871468774435017,1.534973650246868,1.5849585289193375,1.76139651244334,1.339273289043058,1.5849585289193375,1.76139651244334,1.4654564404185508,1.6033358701551523,0.07424963499983828,-0.10218834852416414,0.06836221990828428,-0.06951720982831722,False,False,0.05701358207090564,0.05701358207090564,0.056999703717646615,0.056999703717646615
1900,31.666666666666668,False,False,49.6312157854267,50.0,73.19990558313825,49.19569307517763,51.745701893804544,47.29959695337683,74.0,-0.3687842145733029,1.5190933042399344,1.5342842372823338,1.5343961552868515,1.6643023603368523,1.5379071058853178,1.6638282603090304,1.6873547470425365,1.5342842372823338,1.5851316454991973,1.7616433512099838,1.3393817495472378,1.5851316454991973,1.7616433512099838,1.4647690303683867,1.6026831001628072,0.07428860416744731,-0.10222310154333925,0.06839886288047348,-0.06951520691394708,False,False,0.056999703717646615,0.056999703717646615,0.05698588716564325,0.05698588716564325
1905,31.75,False,False,49.63204150570986,50.0,73.20409020266649,49.196519769300764,51.747258089794684,47.299415061512086,74.0,-0.3679584942901428,1.5184142691856757,1.5335984118775325,1.533726065265597,1.6644338826602059,1.5374214129409438,1.6639622820069873,1.6875611780383224,1.5335984118775325,1.58530348555825,1.761888601272015,1.3394896370175502,1.58530348555825,1.761888601272015,1.4640851878683063,1.6020337423349256,0.07432742323369257,-0.10225769248007244,0.06843533045739303,-0.06951322400922622,False,False,0.05698588716564325,0.05698588716564325,0.056972132038673746,0.056972132038673746
1910,31.833333333333332,False,False,49.632870053568666,50.0,73.20826529482764,49.19734929454022,51.74881416703702,47.29923985486609,74.0,-0.36712994643133356,1.5177387648535137,1.5329161525020487,1.533059465101616,1.664564721091445,1.5369372888838424,1.6640955980567578,1.6877661822071786,1.5329161525020487,1.5854740600605697,1.7621322750279367,1.3395969564325698,1.5854740600605697,1.7621322750279367,1.4634048913713988,1.6013877764850954,0.07436609282075812,-0.10229212214660888,0.06847162398304674,-0.06951126113064987,False,False,0.056972132038673746,0.056972132038673746,0.05695843796353952,0.05695843796353952
1915,31.916666666666668,False,False,49.6337013496273,50.0,73.21243084959005,49.19818157113642,51.75037006051381,47.299071238395506,74.0,-0.3662986503726984,1.517066770049678,1.5322374377501748,1.5323963339282471,1.6646948815007776,1.5364547277500482,1.6642282145926572,1.6879697712151938,1.5322374377501748,1.5856433797428937,1.762374384640553,1.3397037127415843,1.5856433797428937,1.762374384640553,1.4627281194572133,1.6007451825406802,0.07440461342535931,-0.10232639147230005,0.06850774479050536,-0.06950931829296159,False,False,0.05695843796353952,0.05695843796353952,0.0569448045700185,0.0569448045700185
1920,32.0,False,False,49.634535315605284,50.0,73.21658685725616,49.19901652137035,51.75192570605964,47.29890911808329,74.0,-0.36546468439471624,1.5163982637034619,1.5315622463404965,1.5317366509989467,1.6648243696879224,1.5359737236287037,1.664360137674608,1.688171956581482,1.5315622463404965,1.585811455257323,1.762614942179754,1.339809910835311,1.585811455257323,1.762614942179754,1.4620548508313058,1.6001059405424791,0.074442985598272,-0.10236050132415886,0.06854369420198259,-0.06950739550919072,False,False,0.0569448045700185,0.0569448045700185,0.05693123149083245,0.05693123149083245
1925,32.083333333333336,False,False,49.63537187430363,50.0,73.22073330846143,49.199854067772854,51.753481039216204,47.29875339988911,74.0,-0.3646281256963704,1.5157332248668034,1.5308905571154714,1.5310803956868924,1.6649531913831457,1.5354942706609576,1.6644913732892344,1.688372749770042,1.5308905571154714,1.5859782972272956,1.7628539596785673,1.3399155555019662,1.5859782972272956,1.7628539596785673,1.4613850643247894,1.5994700306444,0.07448120990852525,-0.10239445254274648,0.06857947352892868,-0.06950549279068197,False,False,0.05693123149083245,0.05693123149083245,0.05691771836162886,0.05691771836162886
1930,32.166666666666664,False,False,49.63621094959093,50.0,73.22487019417305,49.20069413384404,51.75503599717312,47.29860399152149,74.0,-0.3637890504090677,1.515071632713862,1.5302223490410007,1.5304275474845948,1.665081352248282,1.535016363038888,1.6646219273509524,1.6885721621530139,1.5302223490410007,1.5861439161530715,1.7630914490387217,1.340020651515124,1.5861439161530715,1.7630914490387217,1.4607187388938698,1.5988374331131063,0.07451928688570786,-0.10242824599994238,0.06861508407210559,-0.06950361014713091,False,False,0.05691771836162886,0.05691771836162886,0.056904264820914714,0.056904264820914714
1935,32.25,False,False,49.637052466389854,50.0,73.2289975056888,49.20153664477279,51.75659051874221,47.29846080241171,74.0,-0.3629475336101464,1.514413466540588,1.529557601205994,1.5297780860034882,1.6652088578777406,1.5345399950044496,1.6647518057030286,1.6887702049739346,1.529557601205994,1.5863083224131207,1.7633274220321113,1.340125203589787,1.5863083224131207,1.7633274220321113,1.4600558536193786,1.5982081283276717,0.07455721705817675,-0.1024618825608139,0.06865052712167774,-0.06950174758661531,False,False,0.056904264820914714,0.056904264820914714,0.05689087051005662,0.05689087051005662
1940,32.333333333333336,False,False,49.637896350663674,50.0,73.23311523463559,49.20238152600474,51.75814454196846,47.298323741527255,74.0,-0.3621036493363263,1.5137587057642847,1.5288962928219276,1.529131990973525,1.6653357137994953,1.5340651608484435,1.66488101411863,1.6889668894212264,1.5288962928219276,1.5864715263807638,1.763561890417513,1.3402292163677432,1.5864715263807638,1.763561890417513,1.4593963877063019,1.5975820967792154,0.07459500099628658,-0.10249536304046258,0.06868580395728774,-0.06949990511562576,False,False,0.05689087051005662,0.05689087051005662,0.056877535073233884,0.056877535073233884
1945,32.416666666666664,False,False,49.63874252940293,50.0,73.23722337296832,49.20322870503772,51.75969800867233,47.29819272152211,74.0,-0.36125747059706725,1.5131073299231663,1.528238403222398,1.5284892422427587,1.6654619254760583,1.5335918549095093,1.6650095583018585,1.6891622265363366,1.528238403222398,1.5866335382028087,1.7637948657192968,1.340332694432209,1.5866335382028087,1.7637948657192968,1.4587403204832996,1.5969593190705433,0.07463263918296015,-0.1025286883335279,0.06872091584814544,-0.0694980827390983,False,False,0.056877535073233884,0.056877535073233884,0.0568642581573962,0.0568642581573962
1950,32.5,False,False,49.63959093061242,50.0,73.24132191296817,49.20407810891406,51.76125085734094,47.29806765223572,74.0,-0.360409069387579,1.5124593186759079,1.527583911862667,1.5278498197769215,1.6655874983054393,1.5331200715731432,1.6651374438887605,1.6893562273423413,1.527583911862667,1.5867943681463368,1.7640263595742869,1.3404356423371155,1.5867943681463368,1.7640263595742869,1.4580876314022249,1.5963397759157718,0.07467013223194563,-0.10256185919600447,0.06875586405310474,-0.0694962804604422,False,False,0.0568642581573962,0.0568642581573962,0.05685103941225731,0.05685103941225731
1955,32.583333333333336,False,False,49.64044148329826,50.0,73.24541084724144,49.20492966745042,51.76280303308993,47.2979484497972,74.0,-0.359558516701739,1.5118146518011903,1.5269327983192023,1.5272137036589983,1.6657124376220886,1.5326498052707307,1.6652646764483303,1.6895489026785981,1.5269327983192023,1.586954026113091,1.7642563832462212,1.3405380645338938,1.586954026113091,1.7642563832462212,1.4574383000376259,1.5957234481399487,0.07470748056762311,-0.10259487656550714,0.06879064982074645,-0.06949449828157639,False,False,0.05685103941225731,0.05685103941225731,0.05683787849025504,0.05683787849025504
1960,32.666666666666664,False,False,49.64129411745497,50.0,73.2494901687179,49.20578331037178,51.764354476498006,47.2978350264165,74.0,-0.35870588254503133,1.5111733091972415,1.5262850422892138,1.5265808740887872,1.6658367486978267,1.5321810504786093,1.6653912614834958,1.6897402633477214,1.5262850422892138,1.5871125221840625,1.76448494817041,1.3406399654886174,1.5871125221840625,1.76448494817041,1.4567923060862653,1.5951103166786738,0.07474468482268848,-0.10262774116365891,0.06882527438945996,-0.06949273620294849,False,False,0.05683787849025504,0.05683787849025504,0.056824775046495246,0.056824775046495246
1965,32.75,False,False,49.642148764052905,50.0,73.25355987064923,49.20663896838969,51.765905132537235,47.297727298545325,74.0,-0.3578512359470949,1.5105352708813693,1.525640623590183,1.5259513113824696,1.6659604367427576,1.531713801717145,1.6655172044320836,1.6899303200604663,1.525640623590183,1.587269866184193,1.7647120655185076,1.34074134956486,1.587269866184193,1.7647120655185076,1.456149629366608,1.5945003625777048,0.07478174545804128,-0.1026604538762732,0.06885973898752185,-0.06949099422357485,False,False,0.056824775046495246,0.056824775046495246,0.05681172873875295,0.05681172873875295
1970,32.833333333333336,False,False,49.643005355025956,50.0,73.25761994660758,49.207496573205084,51.76745494488769,47.297625181678235,74.0,-0.3569946449740442,1.509900516989492,1.5249995221593868,1.5253249959721564,1.6660835069061692,1.5312480535498327,1.6656425106677688,1.6901190834357294,1.5249995221593868,1.587426067959739,1.764937746475946,1.3408422210822666,1.587426067959739,1.764937746475946,1.4555102498183268,1.5938935669925622,0.07481866304021656,-0.10269301547599041,0.0688940448331754,-0.06948927234106006,False,False,0.05681172873875295,0.05681172873875295,0.05679873922745295,0.05679873922745295
1975,32.916666666666664,False,False,49.64386382325897,50.0,73.26167039048373,49.20835605786949,51.769003860169846,47.29752859421882,74.0,-0.3561361767410318,1.5092690277756624,1.524361718053419,1.5247019084054445,1.6662059642774196,1.5307838005824161,1.6657671855010228,1.6903065639821762,1.524361718053419,1.5875811371720638,1.7651620020357965,1.3409425843311966,1.5875811371720638,1.7651620020357965,1.454874147501787,1.5932899111881313,0.07485543805362038,-0.10272542681011232,0.06892819313471232,-0.06948757055163202,False,False,0.05679873922745295,0.05679873922745295,0.056785806175585894,0.056785806175585894
1980,33.0,False,False,49.644724102575736,50.0,73.26571119648574,49.20921735571213,51.77055182344475,47.297437453364815,74.0,-0.3552758974242636,1.508640783611588,1.523727191447704,1.5240820293449593,1.6663278138868067,1.530321037462027,1.6658912341800276,1.6904927721533567,1.523727191447704,1.5877350835171904,1.7653848432183878,1.3410424435141524,1.5877350835171904,1.7653848432183878,1.4542413025975405,1.592689376538251,0.07489207106503115,-0.1027576886361663,0.06896218509054708,-0.06948588885016349,False,False,0.056785806175585894,0.056785806175585894,0.0567729292487323,0.0567729292487323
1985,33.083333333333336,False,False,49.645586127727036,50.0,73.26974235913691,49.21008040213565,51.77209878410249,47.29735168048778,74.0,-0.35441387227296417,1.5080157649861468,1.5230959226360083,1.5234653395678959,1.6664490607064282,1.5298597588763418,1.6660146618915885,1.6906777182558472,1.5230959226360083,1.58788791643886,1.765606280784433,1.341141802818993,1.58788791643886,1.765606280784433,1.453611695405805,1.5920919445253074,0.07492856252858582,-0.10278980181698727,0.0689960218892991,-0.06948422723020342,False,False,0.0567729292487323,0.0567729292487323,0.05676010811502076,0.05676010811502076
1990,33.166666666666664,False,False,49.64644983437876,50.0,73.27376387327443,49.210945132467444,51.77364468849828,47.297271194400885,74.0,-0.3535501656212432,1.5073939525048972,1.5224678920299461,1.522851819965556,1.6665697096510228,1.5293999595527594,1.6661374737620258,1.6908614125594794,1.5224678920299461,1.58803964548772,1.765826325594277,1.3412406663750063,1.58803964548772,1.765826325594277,1.4529853063459448,1.5914975967398135,0.07496491303479758,-0.1028217670717595,0.06902970470986736,-0.06948258568400134,False,False,0.05676010811502076,0.05676010811502076,0.056747342445092816,0.056747342445092816
1995,33.25,False,False,49.647315159100074,50.0,73.27777573404732,49.211811482679664,51.77518948585758,47.297195916753594,74.0,-0.3526848408999257,1.5067753268895865,1.5218430801584824,1.5222414515428793,1.6666897655788047,1.5289416342575974,1.6662596748580603,1.691043865260599,1.5218430801584824,1.588190280033582,1.7660449883202292,1.3413390382675516,1.588190280033582,1.7660449883202292,1.4523621159559492,1.5909063148799922,0.07500112305963014,-0.10285358522701693,0.06906323472150988,-0.06948096420253314,False,False,0.056747342445092816,0.056747342445092816,0.056734631912059005,0.056734631912059005
2000,33.333333333333336,False,False,49.6481820393521,50.0,73.28177793691482,49.21267939082668,51.776733126930914,47.297125770800236,74.0,-0.3518179606478995,1.506159868977654,1.5212214676674307,1.5216342154179707,1.6668092332922786,1.528484777795303,1.6663812701876737,1.6912250864085763,1.5212214676674307,1.5883398293311708,1.766262279512364,1.3414369224941312,1.5883398293311708,1.766262279512364,1.4517421048919013,1.5903180807513486,0.07503719310378765,-0.10288525707740548,0.0690966130839179,-0.06947936277552946,False,False,0.056734631912059005,0.056734631912059005,0.05672197619151752,0.05672197619151752
2005,33.416666666666664,False,False,49.64905041347634,50.0,73.28577047764455,49.213548794896354,51.778275561239845,47.29706067888128,74.0,-0.3509495865236616,1.505547559721731,1.5206030353189484,1.521030092821625,1.6669281175390451,1.5280293850076847,1.6665022647009655,1.6914050860160388,1.5206030353189484,1.5884883026545493,1.7664782097330156,1.3415343230815324,1.5884883026545493,1.7664782097330156,1.4511252539274522,1.5897328762662417,0.07507312371697683,-0.10291678336148946,0.06912984094729335,-0.06947778139149619,False,False,0.05672197619151752,0.05672197619151752,0.056709374961480374,0.056709374961480374
2010,33.5,False,False,49.649920220683576,50.0,73.2897533523107,49.21441963424746,51.77981674125043,47.297000566235056,74.0,-0.35007977931642387,1.5049383801891345,1.519987763991026,1.520429065096847,1.6670464230125934,1.527575450773159,1.6666226632909882,1.6915838739853826,1.519987763991026,1.5886357090938268,1.766692789353547,1.3416312439540434,1.5886357090938268,1.766692789353547,1.450511543953281,1.5891506834434497,0.07510891536816433,-0.10294816489155578,0.0691629194524237,-0.069476220037745,False,False,0.056709374961480374,0.056709374961480374,0.05669682790238718,0.05669682790238718
2015,33.583333333333336,False,False,49.65079140104262,50.0,73.29372655729208,49.21529184853698,51.78135661791101,47.29694535691839,74.0,-0.3492085989573823,1.5043323115613627,1.5193756346769764,1.5198311136983653,1.6671641543530797,1.5271229700060165,1.6667424707945764,1.6917614601638888,1.5193756346769764,1.5887820577728564,1.766906028772104,1.341727688992023,1.5887820577728564,1.766906028772104,1.4499009559765643,1.5885714844077345,0.07514456860821506,-0.10297940239103243,0.0691958497307581,-0.06947467870041213,False,False,0.05669682790238718,0.05669682790238718,0.05668433469703709,0.05668433469703709
2020,33.666666666666664,False,False,49.651663895469454,50.0,73.29769008927035,49.2161653784403,51.78289514470841,47.296894977510995,74.0,-0.34833610453054575,1.5037293351335825,1.5187666284849184,1.5192362201921494,1.6672813161480957,1.5266719376557008,1.6668616919931574,1.6919378543069796,1.5187666284849184,1.5889273576516674,1.767117938216111,1.3418236620611879,1.5889273576516674,1.767117938216111,1.4492934711204315,1.587995261389398,0.07518008390913145,-0.10301049665531226,0.06922863290447956,-0.06947315736448689,False,False,0.05668433469703709,0.05668433469703709,0.05667189503060364,0.05667189503060364
2025,33.75,False,False,49.65253764571631,50.0,73.3016439452281,49.21704016637162,51.78443227629549,47.29684935585951,74.0,-0.3474623542836923,1.503129432314117,1.5181607266372583,1.5186443662549147,1.6673979129334215,1.526222348706105,1.6669803316135556,1.6921130660414747,1.5181607266372583,1.5890716175935393,1.767328527809404,1.3419191669540398,1.5890716175935393,1.767328527809404,1.448689070623428,1.5874219967238408,0.07521546176792926,-0.10304144844793539,0.06926127008658245,-0.06947165601383021,False,False,0.05667189503060364,0.05667189503060364,0.056659508590572796,0.056659508590572796
2030,33.833333333333336,False,False,49.65341259436113,50.0,73.3055881224469,49.217916154335384,51.785967965754466,47.29680841857503,74.0,-0.34658740563887136,1.5025325846239292,1.5175579104701686,1.5180555336736345,1.6675139491937698,1.5257741981748856,1.667098394328773,1.6922871049758215,1.5175579104701686,1.5892148464985862,1.767537807705868,1.3420142074337946,1.5892148464985862,1.767537807705868,1.4480877358389652,1.5868516728511108,0.07525070273004664,-0.10307225847723522,0.0692937623809422,-0.06947017463120342,False,False,0.056659508590572796,0.056659508590572796,0.05664717506676126,0.05664717506676126
2035,33.916666666666664,False,False,49.65428868479691,50.0,73.30952261850535,49.218793285722484,51.78750216936253,47.296772095385656,74.0,-0.34571131520308995,1.501938773696101,1.516958161433062,1.517469704345038,1.667629429363518,1.525327481112789,1.6672158847587675,1.692459980608237,1.516958161433062,1.5893570530716097,1.7677457878573541,1.3421087872343833,1.5893570530716097,1.7677457878573541,1.4474894482347753,1.5862842723154527,0.07528580724911715,-0.10310292753662731,0.0693261108823906,-0.06946871319828674,False,False,0.05664717506676126,0.05664717506676126,0.056634894151248,0.056634894151248
2040,34.0,False,False,49.655165861221334,50.0,73.31344743127714,49.21967150459626,51.78903484235537,47.296740315263854,74.0,-0.34483413877866553,1.5013479812753137,1.516361461088067,1.516886860275114,1.6677443578274267,1.5248821926029967,1.6673328074712157,1.692631702363451,1.516361461088067,1.5894982460287919,1.7679524782204232,1.342202910016522,1.5894982460287919,1.7679524782204232,1.4468941893923644,1.5857197777648546,0.07532077585697228,-0.10313345633465909,0.06935831667678771,-0.06946727169570255,False,False,0.056634894151248,0.056634894151248,0.05662266553837671,0.05662266553837671
2045,34.083333333333336,False,False,49.65604406862648,50.0,73.3173625589291,49.22055075605435,51.79056594223671,47.29671300944841,74.0,-0.34395593137352165,1.500760189217323,1.5157677911094962,1.5163069835786094,1.6678587389213464,1.5244383277604792,1.6674491669822642,1.6928022795743345,1.5157677911094962,1.5896384339365401,1.76815788859525,1.3422965794262838,1.5896384339365401,1.76815788859525,1.4463019410064586,1.58515817195059,0.07535560902091554,-0.10316384563779435,0.06939038084109383,-0.06946585010303763,False,False,0.05662266553837671,0.05662266553837671,0.056610488924721425,0.056610488924721425
2050,34.166666666666664,False,False,49.65692325278871,50.0,73.32126799991917,49.22143098587321,51.79209542607293,47.29669010897091,74.0,-0.3430767472112919,1.500175379488432,1.5151771332833164,1.5157300564785243,1.6679725769329181,1.523995881731371,1.667564967757266,1.692971721500271,1.5151771332833164,1.5897776253435434,1.76836202875773,1.3423897990511706,1.5897776253435434,1.76836202875773,1.4457126848844506,1.5845994377267583,0.07539030725745888,-0.1031940961567277,0.06942230444344188,-0.06946444839886579,False,False,0.056610488924721425,0.056610488924721425,0.05659836400907106,0.05659836400907106
2055,34.25,False,False,49.6578033602587,50.0,73.32516375299434,49.22231214015294,51.79362325162079,47.2966715456843,74.0,-0.342196639741303,1.4995935341649638,1.5145894695066133,1.5151560613056043,1.6680858761022554,1.5235548496923554,1.6676802142115055,1.693140037345529,1.5145894695066133,1.5899158287259723,1.7685649084047375,1.3424825724347558,1.5899158287259723,1.7685649084047375,1.4451264029458477,1.584043558049819,0.07542487105920848,-0.10322420861955672,0.06945408854320556,-0.06946306656076562,False,False,0.05659836400907106,0.05659836400907106,0.05658629049240505,0.05658629049240505
2060,34.333333333333336,False,False,49.65868433835148,50.0,73.3290498171888,49.223194166754844,51.79514937902761,47.2966572538144,74.0,-0.34131566164852245,1.4990146354327298,1.5140047817870572,1.5145849804978333,1.6681986406226228,1.5231152268500654,1.6677949107109191,1.693307236185774,1.5140047817870572,1.5900530524047838,1.7687665370714836,1.3425749031206125,1.5900530524047838,1.7687665370714836,1.4445430772217118,1.5834905159781314,0.07545930088570962,-0.10325418378099016,0.06948573419107418,-0.0694617045653454,False,False,0.05658629049240505,0.05658629049240505,0.05657426807785739,0.05657426807785739
2065,34.416666666666664,False,False,49.65956613513674,50.0,73.33292619182171,49.22407701315315,51.79667376613629,47.296647165669015,74.0,-0.34043386486325744,1.4984386655864987,1.5134230522423637,1.5140167965999216,1.6683108746410968,1.522677008440496,1.6679090615727963,1.6934733270783,1.5134230522423637,1.5901893047747562,1.7689669243605977,1.3426667945644568,1.5901893047747562,1.7689669243605977,1.4439626898541027,1.5829402946714817,0.07549359728229765,-0.10328402230354383,0.06951724242911794,-0.06946036238826103,False,False,0.05657426807785739,0.05657426807785739,0.05656229647071046,0.05656229647071046
2070,34.5,False,False,49.66044869942921,50.0,73.33679287649531,49.224960628231415,51.79819637449939,47.296641217130365,74.0,-0.33955130057078975,1.4978656070294616,1.5128442630997563,1.5134514922627922,1.668422582259223,1.5222401897284301,1.668022671066472,1.69363831897017,1.5128442630997563,1.590324594011514,1.7691660796492132,1.342758250207362,1.590324594011514,1.7691660796492132,1.4433852230955206,1.5823928773906184,0.07552776067904321,-0.10331372495865598,0.06954861429086212,-0.06945904000423564,False,False,0.05656229647071046,0.05656229647071046,0.05655037537836437,0.05655037537836437
2075,34.583333333333336,False,False,49.661331980779174,50.0,73.34064987109272,49.22584496156864,51.79971716434705,47.296639343056526,74.0,-0.338668019220826,1.497295442272696,1.5122683966954231,1.5128890502430696,1.6685337675336565,1.5218047660068816,1.668135743414008,1.6938022207349603,1.5122683966954231,1.5904589283169943,1.7693640123344754,1.3428492734464728,1.5904589283169943,1.7693640123344754,1.4428106593083418,1.5818482474967746,0.07556179159951504,-0.10334329241796603,0.06957985080135143,-0.06945773738708128,False,False,0.05655037537836437,0.05655037537836437,0.05653850451032334,0.05653850451032334
2080,34.666666666666664,False,False,49.66221592946305,50.0,73.34449717577598,49.226729963442594,51.80123609780077,47.29664148021542,74.0,-0.3377840705369479,1.4967281539346307,1.511695435473977,1.5123294534025582,1.6686444344767977,1.5213707325965435,1.6682482827908682,1.6939650411727598,1.511695435473977,1.5905923157629762,1.7695607316771305,1.3429398676496476,1.5905923157629762,1.7695607316771305,1.4422389809642602,1.5813063884512004,0.07559569050437065,-0.1033727254097836,0.06961095297722353,-0.06945645450971671,False,False,0.05653850451032334,0.05653850451032334,0.05652668357815712,0.05652668357815712
2085,34.75,False,False,49.663100496474264,50.0,73.34833479098396,49.227615584833245,51.80275313683206,47.29664756541867,74.0,-0.3368995035257356,1.4961637247405046,1.5111253619879097,1.5117726847077302,1.6687545870574123,1.5209380848452563,1.6683602933265698,1.6941267890101699,1.5111253619879097,1.5907247643907614,1.7697562469012487,1.3430300361261744,1.5907247643907614,1.7697562469012487,1.4416701706437225,1.5807672838146818,0.07562945789107878,-0.1034020246194085,0.06964192182677209,-0.0694551913441872,False,False,0.05652668357815712,0.05652668357815712,0.05651491229550782,0.05651491229550782
2090,34.833333333333336,False,False,49.66398563351396,50.0,73.35216271743019,49.228501776708804,51.80426824336397,47.2966575356126,74.0,-0.3360143664860402,1.4956021375218296,1.5105581588970478,1.5112187272292021,1.668864229201248,1.5205068181274826,1.6684717791053456,1.6942874729370487,1.5105581588970478,1.5908562822064076,1.7699505671895093,1.3431197821853402,1.5908562822064076,1.7699505671895093,1.4411042110353656,1.5802309172470657,0.07566309425246054,-0.10343119073064111,0.06967275835001785,-0.06945394786168224,False,False,0.05651491229550782,0.05651491229550782,0.056503190378032045,0.056503190378032045
2095,34.916666666666664,False,False,49.664871292982184,50.0,73.35598095610086,49.229388492539776,51.805781383435075,47.29667133168017,74.0,-0.33512870701781594,1.4950433752158487,1.5099938089680072,1.5106675641412157,1.6689733647916374,1.5200769278437964,1.6685827441667709,1.6944471014779083,1.5099938089680072,1.590986876977965,1.7701437014804864,1.3432091090485756,1.590986876977965,1.7701437014804864,1.440541084935452,1.5796972725067828,0.07569660000257805,-0.10346022449994341,0.06970346353877566,-0.06945272403255509,False,False,0.056503190378032045,0.056503190378032045,0.05649151754342424,0.05649151754342424
2100,35.0,False,False,49.66575742796878,50.0,73.35978950825266,49.23027568435711,51.8072925179183,47.29668888996193,74.0,-0.3342425720312221,1.4944874208649945,1.5094322950736445,1.5101191787211174,1.6690819976700888,1.5196484094203841,1.6686931925064046,1.6946056831940042,1.5094322950736445,1.5911165566880072,1.770335658921225,1.3432980199665963,1.5911165566880072,1.770335658921225,1.4399807752473035,1.5791663334503612,0.07572997572722073,-0.10348912650599695,0.06973403837671666,-0.06945151982634101,False,False,0.05649151754342424,0.05649151754342424,0.056479893511343277,0.056479893511343277
2105,35.083333333333336,False,False,49.6666439922449,50.0,73.3635883754107,49.23116330670093,51.808801615077044,47.296710153722955,74.0,-0.3333560077550999,1.4939342576163475,1.508873600192511,1.5095735543488322,1.6691901316368751,1.519221258308556,1.6688031280763973,1.6947632264812456,1.508873600192511,1.5912453289218587,1.7705264482555194,1.3433865181022613,1.5912453289218587,1.7705264482555194,1.439423264980739,1.5786380840319538,0.07576322177427386,-0.1035178975593869,0.06976448383944289,-0.06945033521177191,False,False,0.056479893511343277,0.056479893511343277,0.056468318003462144,0.056468318003462144
2110,35.166666666666664,False,False,49.66753094025403,50.0,73.36737755936633,49.23205131303735,51.81030863653863,47.2967350603402,74.0,-0.33246905974596785,1.4933838687210919,1.5083177074083027,1.5090306745063464,1.6692977704516063,1.5187954699842696,1.668912554786112,1.6949197397539137,1.5083177074083027,1.5913732015513902,1.7707160785077496,1.3434746066037861,1.5913732015513902,1.7707160785077496,1.4388685372515038,1.5781125083028456,0.07579633875383585,-0.10354653820252357,0.06979480089454282,-0.06944917015679897,False,False,0.056468318003462144,0.056468318003462144,0.05645679074336167,0.05645679074336167
2115,35.25,False,False,49.668418227103736,50.0,73.37115706217516,49.23293965934865,51.81181355227184,47.296763554980295,74.0,-0.3315817728962642,1.4928362375339723,1.507764599909312,1.5084905227771745,1.6694049178337966,1.5183710399476635,1.669021476502715,1.6950752312609438,1.507764599909312,1.5915001820052606,1.7709045582531746,1.3435622885901013,1.5915001820052606,1.7709045582531746,1.438316575280708,1.5775895904109773,0.07582932699223077,-0.10357504925568328,0.06982499050166524,-0.069448024628604,False,False,0.05645679074336167,0.05645679074336167,0.05644531145659807,0.05644531145659807
2120,35.333333333333336,False,False,49.669305808556956,50.0,73.37492688615473,49.23382830090859,51.8133163256202,47.2967955769289,74.0,-0.3306941914430439,1.4922913475127495,1.507214260987877,1.5079530828458427,1.6695115774634217,1.5179479637226028,1.6691298970517738,1.695229709251271,1.507214260987877,1.5916262779985058,1.7710918963475617,1.3436495671215654,1.5916262779985058,1.7710918963475617,1.4377673623942542,1.5770693146004546,0.07586218709629078,-0.10360343125276517,0.06985505361257771,-0.06944689859362274,False,False,0.05644531145659807,0.05644531145659807,0.05643387987060666,0.05643387987060666
2125,35.416666666666664,False,False,49.67019364102403,50.0,73.37868703388256,49.23471719407945,51.8148169258629,47.296831071060964,74.0,-0.3298063589759721,1.4917491822176556,1.5066666740398322,1.5074183384973545,1.669617752981468,1.5175262368562332,1.6692378202178302,1.695383181881971,1.5066666740398322,1.5917514969205726,1.771278101315269,1.34373644527318,1.5917514969205726,1.771278101315269,1.43722088202228,1.576551665211069,0.07589491943329807,-0.1036316849613983,0.0698849911712367,-0.06944579201755219,False,False,0.05643387987060666,0.05643387987060666,0.05642249571476406,0.05642249571476406
2130,35.5,False,False,49.67108168155412,50.0,73.38243750819395,49.23560629559797,51.81631531901025,47.29686997943305,74.0,-0.32891831844587927,1.4912097253108487,1.5061218225639572,1.5068862736166744,1.6697234479904701,1.5171058549185463,1.6693452497449812,1.6955356572550044,1.5061218225639572,1.5918758462840814,1.7714631817980468,1.3438229260467325,1.5918758462840814,1.7714631817980468,1.4366771176985775,1.576036626677801,0.07592752454304241,-0.10365981097092303,0.06991480411384376,-0.06944470486537968,False,False,0.05642249571476406,0.05642249571476406,0.056411158720277986,0.056411158720277986
2135,35.583333333333336,False,False,49.67196988782741,50.0,73.38617831217975,49.236495563655076,51.81781147548633,47.296912248297936,74.0,-0.32803011217259126,1.4906729605558677,1.5055796901614265,1.5063568721881893,1.6698286660550454,1.5166868135019576,1.6694521893374326,1.6956871433621017,1.5055796901614265,1.5919993333506142,1.771647146180878,1.3439090124147244,1.5919993333506142,1.771647146180878,1.4361360530600429,1.5755241835303433,0.07596000281877635,-0.10368781001148752,0.06994449336891684,-0.06944363710138357,False,False,0.056411158720277986,0.056411158720277986,0.056399868620252765,0.056399868620252765
2140,35.666666666666664,False,False,49.672858218146914,50.0,73.38990944918442,49.23738495610588,51.81930536222353,47.29695782088401,74.0,-0.3271417818530864,1.4901388718170872,1.505040260535258,1.5058301182951932,1.6699334107024137,1.5162691082208888,1.6695586426600622,1.6958376481766209,1.505040260535258,1.5921219655161436,1.7718300029774372,1.343994707335014,1.5921219655161436,1.7718300029774372,1.4355976718460939,1.5750143203926057,0.07599235480081634,-0.10371568266047726,0.06997405985734773,-0.06944258868916409,False,False,0.056399868620252765,0.056399868620252765,0.05638862514961263,0.05638862514961263
2145,35.75,False,False,49.673746631430674,50.0,73.39363092280365,49.23827443190791,51.82079695012055,47.29700664420415,74.0,-0.32625336856932563,1.489607443059171,1.5045035174897627,1.5053059961193498,1.6700376854229138,1.5158527347113657,1.6696646133389572,1.695987179580061,1.5045035174897627,1.592243749947792,1.7720117604669063,1.3440800137361748,1.592243749947792,1.7720117604669063,1.4350619578981176,1.5745070219822297,0.07602458088684538,-0.10374342963226901,0.07000350449246695,-0.06944155959164511,False,False,0.05638862514961263,0.05638862514961263,0.05637742804511364,0.05637742804511364
2150,35.833333333333336,False,False,49.67463508720396,50.0,73.39734273688244,49.23916395076608,51.822286208693086,47.29705866416978,74.0,-0.3253649127960401,1.4890786583465285,1.5039694449299938,1.5047844899401737,1.6701414936705081,1.5154376886306207,1.669770104961956,1.696135745380434,1.5039694449299938,1.5923646938446865,1.7721924269548592,1.344164934488208,1.5923646938446865,1.7721924269548592,1.4345288951588926,1.5740022731100982,0.07605668157442524,-0.1037710515357475,0.07003282818010437,-0.06944054977110126,False,False,0.05637742804511364,0.05637742804511364,0.05636627704531807,0.05636627704531807
2155,35.916666666666664,False,False,49.67552354559162,50.0,73.40104489551275,49.24005347241863,51.823773108283234,47.29711382760686,74.0,-0.32447645440837647,1.4885525018427672,1.5034380268611949,1.5042655841344954,1.6702448388632847,1.5150239656567073,1.6698751210791727,1.6962833533490085,1.5034380268611949,1.5924848043304827,1.7723720106658345,1.344249472475758,1.5924848043304827,1.7723720106658345,1.433998467672032,1.5735000586798453,0.07608865731682601,-0.10379854901852581,0.07006203181865045,-0.06943955918916278,False,False,0.05636627704531807,0.05636627704531807,0.05635517189058263,0.05635517189058263
2160,36.0,False,False,49.67641196731042,50.0,73.40473740303156,49.24094295771692,51.82525762046818,47.2971720826277,74.0,-0.32358803268957814,1.4880289578101493,1.5029092473882508,1.5037492631759388,1.6703477243839426,1.5146115614881233,1.6699796652035186,1.6964300111651938,1.5029092473882508,1.5926040884336405,1.7725505197236482,1.344333630495612,1.5926040884336405,1.7725505197236482,1.4334706595814146,1.5730003636873726,0.07612050855845442,-0.10382592273155322,0.07009111629912179,-0.0694385878068362,False,False,0.05635517189058263,0.05635517189058263,0.05634411232302254,0.05634411232302254
2165,36.083333333333336,False,False,49.677300313661604,50.0,73.40842026401849,49.24183236791153,51.826739716599974,47.29723337729646,74.0,-0.32269968633839596,1.4875080106090461,1.5023830907151365,1.5032355116343936,1.6704501535802798,1.5142004718434416,1.6700837408112161,1.696575726453284,1.5023830907151365,1.5927225531587592,1.7727279622227712,1.3444174113592,1.5927225531587592,1.7727279622227712,1.4329454551306184,1.5725031732203483,0.07615223576948726,-0.1038531732945247,0.07012008250521173,-0.0694376355845181,False,False,0.05634411232302254,0.05634411232302254,0.0563330980865178,0.0563330980865178
2170,36.166666666666664,False,False,49.67818854652349,50.0,73.41209348329386,49.24272166465568,51.828219368743085,47.297297660483636,74.0,-0.3218114534765135,1.4869896446973938,1.5018595411443678,1.5027243141754834,1.6705521297656651,1.5137906924609519,1.670187351342297,1.696720506782458,1.5018595411443678,1.5928402054410875,1.772904346182877,1.3445008178340232,1.5928402054410875,1.772904346182877,1.4324228386623625,1.5720084724577315,0.07618383940041906,-0.1038803013413705,0.07014893131336364,-0.06943670248200529,False,False,0.0563330980865178,0.0563330980865178,0.05632212892668132,0.05632212892668132
2175,36.25,False,False,49.67907662834427,50.0,73.41575706591638,49.24361081072638,51.829696550290315,47.29736488242734,74.0,-0.3209233716557307,1.4864738446301495,1.501338583076451,1.502215655560047,1.6706536562195082,1.513382219098308,1.6702905002011004,1.6968643596300352,1.501338583076451,1.5929570521166954,1.7730796795190542,1.3445838526582976,1.5929570521166954,1.7730796795190542,1.4319027946179375,1.5715162466692687,0.07621531988901897,-0.10390730751333987,0.07017766359281774,-0.0694357884585135,False,False,0.05632212892668132,0.05632212892668132,0.056311204590862626,0.056311204590862626
2180,36.333333333333336,False,False,49.67996452213462,50.0,73.41941101718119,49.24449976859296,51.83117123316385,47.297434992176335,74.0,-0.3200354778653818,1.4859605950587484,1.5008202010093359,1.501709520643603,1.6707547361877173,1.5129750475321864,1.6703931907567644,1.697007292454964,1.5008202010093359,1.5930731000590386,1.7732539701784096,1.344666518555596,1.5930731000590386,1.7732539701784096,1.431385307536648,1.5710264812150163,0.07624667772344562,-0.10393419239592538,0.07020628020568043,-0.06943489347268783,False,False,0.056311204590862626,0.056311204590862626,0.056300324828086064,0.056300324828086064
2185,36.416666666666664,False,False,49.68085219146086,50.0,73.42305534261753,49.24538850221425,51.83264339262251,47.29750794197786,74.0,-0.3191478085391424,1.4854498807305596,1.5003043795378652,1.5012058943758322,1.670855372883155,1.5125691735579498,1.6704954263436977,1.6971493126059614,1.5003043795378652,1.5931883559449234,1.773427225906071,1.3447488182055622,1.5931883559449234,1.773427225906071,1.430870362055247,1.5705391615448412,0.07627791330010969,-0.103960956661038,0.07023478200697597,-0.06943401748261824,False,False,0.056300324828086064,0.056300324828086064,0.056289489389105635,0.056289489389105635
2190,36.5,False,False,49.681739600437716,50.0,73.42669004798665,49.24627697560732,51.834113001791586,47.297583682282266,74.0,-0.31826039956228414,1.4849416864883451,1.4997911033532285,1.5007047618000442,1.670955569486084,1.5121645929893235,1.6705972102620597,1.6972904273950007,1.4997911033532285,1.5933028265212095,1.773599454511926,1.3448307542585554,1.5933028265212095,1.773599454511926,1.4303579429073787,1.5700542731979383,0.07630902711692533,-0.10398760087379122,0.07026316984470982,-0.0694331604458498,False,False,0.056289489389105635,0.056289489389105635,0.056278698026315785,0.056278698026315785
2195,36.583333333333336,False,False,49.68262671372153,50.0,73.43031513927976,49.24716515285086,51.83558003515582,47.29766216493051,74.0,-0.3173732862784675,1.484435997269719,1.4992803572424163,1.5002061080526585,1.671055329144604,1.5117613016580733,1.6706985457782226,1.6974306440973124,1.4992803572424163,1.5934165184348166,1.7737706637006716,1.344912329350291,1.5934165184348166,1.7737706637006716,1.4298480349230174,1.56957180180234,0.07634001960335923,-0.1040141256624958,0.07029144455992364,-0.06943232231939889,False,False,0.056278698026315785,0.056278698026315785,0.056267950493785725,0.056267950493785725
2200,36.666666666666664,False,False,49.68351349650335,50.0,73.43393062271575,49.24805299988253,51.83704446935678,47.297743343881244,74.0,-0.3164865034966482,1.4839327981066046,1.4987721260876707,1.4997099183626785,1.6711546549750858,1.5113592954136965,1.6707994361252299,1.6975699698595235,1.4987721260876707,1.5935294381940606,1.773940861033178,1.3449935460871985,1.5935294381940606,1.773940861033178,1.4293406230279064,1.5690917330744232,0.07637089117365448,-0.1040405316654629,0.07031960698675244,-0.06943150305976431,False,False,0.056267950493785725,0.056267950493785725,0.05625724654721648,0.05625724654721648
2205,36.75,False,False,49.68439991450237,50.0,73.43753650473917,49.248940481991276,51.838506278468145,47.29782717089585,74.0,-0.3156000854976284,1.4834320741246974,1.4982663948659443,1.4992161780511648,1.6712535500625967,1.5109585701231172,1.6708998845032421,1.697708411828262,1.4982663948659443,1.5936415923990297,1.7741100541569124,1.3450744070317797,1.5936415923990297,1.7741100541569124,1.4288356922430057,1.5686140528184291,0.07640164232865043,-0.10406681942923224,0.07034765795248488,-0.0694307026229386,False,False,0.05625724654721648,0.05625724654721648,0.0562465859439625,0.0562465859439625
2210,36.833333333333336,False,False,49.68528593395903,50.0,73.44113279201804,49.24982756525587,51.83996543942685,47.297913600495825,74.0,-0.3147140660409704,1.4829338105429248,1.497763148648354,1.4987248725307174,1.6713520174613181,1.5105591216703895,1.6709998940799895,1.6978459770766676,1.497763148648354,1.5937529874771665,1.7742782505415446,1.3451549147318929,1.5937529874771665,1.7742782505415446,1.4283332276839322,1.5681387469259704,0.07643227346487702,-0.10409298959950108,0.07037559827761641,-0.0694299209644218,False,False,0.0562465859439625,0.0562465859439625,0.05623596844295498,0.05623596844295498
2215,36.916666666666664,False,False,49.686171521628665,50.0,73.44471949144167,49.25071421654837,51.84142192857866,47.298002586807634,74.0,-0.31382847837133454,1.482437992672909,1.4972623725996381,1.4982359873049513,1.671450060194959,1.5101609459564094,1.6710994679912001,1.6979826726043938,1.4972623725996381,1.5938636298517528,1.7744454576474804,1.3452350717353967,1.5938636298517528,1.7744454576474804,1.4278332145604038,1.5676658013755447,0.07646278504308657,-0.10411904275264106,0.07040342877590655,-0.06942915803923433,False,False,0.05623596844295498,0.05623596844295498,0.056225393804753616,0.056225393804753616
2220,37.0,False,False,49.68705664477489,50.0,73.44829661011875,49.251600403179026,51.84287572328308,47.29809408502696,74.0,-0.31294335522510863,1.4819446059184302,1.4967640519776146,1.4977495079679741,1.6715476812571597,1.5097640388986318,1.6711986093410343,1.6981185053559784,1.4967640519776146,1.5939735258639058,1.774611682847881,1.345314880516935,1.5939735258639058,1.774611682847881,1.427335638175689,1.5671952022320503,0.07649317749190265,-0.10414497949207258,0.07043115025443569,-0.06942841380192566,False,False,0.056225393804753616,0.056225393804753616,0.056214861791480976,0.056214861791480976
2225,37.083333333333336,False,False,49.687941271163325,50.0,73.45186415537485,49.252486092899716,51.84432680089723,47.298188050489806,74.0,-0.31205872883667496,1.4814536357748906,1.4962681721326396,1.4972654202038695,1.671644883611893,1.509368396430795,1.6712973212025046,1.6982534822208435,1.4962681721326396,1.5940826818222658,1.774776933478394,1.345394343565795,1.5940826818222658,1.774776933478394,1.4268404839260502,1.566726935646298,0.07652345125755056,-0.10417080039857773,0.07045876351365843,-0.0694276882065894,False,False,0.056214861791480976,0.056214861791480976,0.056204372166845984,0.056204372166845984
2230,37.166666666666664,False,False,49.6888253690552,50.0,73.4554221347507,49.253371253548764,51.84577513882673,47.298284438717815,74.0,-0.311174630944798,1.480965067828781,1.4957747185070687,1.496783709786174,1.6717416701938577,1.5089740145026524,1.6713956066178937,1.6983876100516682,1.4957747185070687,1.5941911040007017,1.7749412168348895,1.3454734633273349,1.5941911040007017,1.7749412168348895,1.4263477373001967,1.5662609878545293,0.07655360678322132,-0.10419650605096642,0.0704862693474606,-0.06942698120687196,False,False,0.056204372166845984,0.056204372166845984,0.05619392469610212,0.05619392469610212
2235,37.25,False,False,49.68970890720114,50.0,73.45897055599983,49.25425585413071,51.84722071631026,47.29838320704609,74.0,-0.31029109279886313,1.4804788877571466,1.4952836766347182,1.496304362577363,1.6718380439088634,1.508580889079712,1.6714934685991647,1.6985208956092719,1.4952836766347182,1.5942987985515655,1.7751045400867471,1.3455522422176274,1.5942987985515655,1.7751045400867471,1.425857383878733,1.5657973451779306,0.07658364447747523,-0.10422209705770635,0.0705136685432124,-0.06942629275598522,False,False,0.05619392469610212,0.05619392469610212,0.056183519146042284,0.056183519146042284
2240,37.333333333333336,False,False,49.69059185483504,50.0,73.46250942708647,49.25513986374359,51.84866351147866,47.29848431193774,74.0,-0.3094081451649586,1.479995081327056,1.4947950321403265,1.4958273645283318,1.6719340076342133,1.508189016142978,1.6715909101283632,1.6986533456177313,1.4947950321403265,1.5944057716491349,1.775266910420337,1.3456306826527453,1.5944057716491349,1.775266910420337,1.4253694093336078,1.5653359940221474,0.07661356480260562,-0.10424757396859641,0.07054096188182091,-0.06942562280671871,False,False,0.056183519146042284,0.056183519146042284,0.05617315528499548,0.05617315528499548
2245,37.416666666666664,False,False,49.691474181667985,50.0,73.4660387561836,49.25602325229995,51.850103504442714,47.298587711801034,74.0,-0.308525818332015,1.4795136343950703,1.494308770739021,1.4953527016778776,1.6720295642190783,1.5077983916887026,1.6716879341580153,1.6987849667276351,1.494308770739021,1.5945120293393862,1.7754283348888196,1.3457087869901898,1.5945120293393862,1.7754283348888196,1.4248837994275756,1.5648769208768107,0.07664336816118444,-0.10427293738824894,0.07056815013778972,-0.06942497131144543,False,False,0.05617315528499548,0.05617315528499548,0.05616283288279457,0.05616283288279457
2250,37.5,False,False,49.6923558578823,50.0,73.46955855167067,49.256905989812815,51.851540674125104,47.298693364096806,74.0,-0.3076441421177023,1.479034532906714,1.4938248782357813,1.4948803601521932,1.672124716484867,1.5074090117281436,1.6717845436115175,1.6989157655528289,1.4938248782357813,1.5946175776945,1.77558882056669,1.345786557602105,1.5946175776945,1.77558882056669,1.4244005400136412,1.5644201123150436,0.07667305501386124,-0.1042981878583289,0.07059523407926238,-0.06942433822214,False,False,0.05616283288279457,0.05616283288279457,0.056152551710785176,0.056152551710785176
2255,37.583333333333336,False,False,49.6932368541256,50.0,73.47306882213162,49.25778804675798,51.852975000889394,47.29880122773689,74.0,-0.3067631458743989,1.4785577628959479,1.4933433405249075,1.4944103261643424,1.6722194672255886,1.5070208722873273,1.67188074138352,1.6990457486520427,1.4933433405249075,1.5947224226849792,1.7757483744219247,1.3458639968167063,1.5947224226849792,1.7757483744219247,1.4239196170345254,1.563965554992994,0.07670262576988196,-0.10432332596706351,0.07062221446808659,-0.06942372349038206,False,False,0.056152551710785176,0.056152551710785176,0.05614231154179225,0.05614231154179225
2260,37.666666666666664,False,False,49.69411714150496,50.0,73.47656957635276,49.25866939407751,51.85440646487127,47.29891126156,74.0,-0.30588285849503905,1.4780833104846416,1.492864143589488,1.4939425860137598,1.67231381920821,1.5066339694068172,1.6719765303403098,1.6991749225288912,1.492864143589488,1.5948265702611248,1.7759070033974877,1.3459411069182807,1.5948265702611248,1.7759070033974877,1.4234410165221172,1.563513235649343,0.07673208086859651,-0.1043483522677664,0.07064909205985503,-0.06942312706737086,False,False,0.05614231154179225,0.05614231154179225,0.0561321121501128,0.0561321121501128
2265,37.75,False,False,49.694996691581146,50.0,73.48006082332063,49.25955000390071,51.855835048255635,47.2990234264087,74.0,-0.30500330841885415,1.47761116188205,1.4923872735008705,1.4934771260857302,1.6724077751730106,1.5062482991414872,1.6720719133201813,1.6993032935951304,1.4923872735008705,1.5949300262422994,1.7760647143006338,1.3460178902204007,1.5949300262422994,1.7760647143006338,1.4229647245969361,1.5630631411048388,0.0767614207055034,-0.10437326735283103,0.07067586760396827,-0.0694225489039344,False,False,0.0561321121501128,0.0561321121501128,0.05612195331150719,0.05612195331150719
2270,37.833333333333336,False,False,49.69587547636296,50.0,73.48354257222005,49.26042984739506,51.857260730210946,47.299137680505574,74.0,-0.3041245236370429,1.4771413033842895,1.4919127164181325,1.4930139328508876,1.6725013378339253,1.5058638575603047,1.6721668931338012,1.6994308682808879,1.4919127164181325,1.5950327965638476,1.7762215140498492,1.3460943489780677,1.5950327965638476,1.7762215140498492,1.4224907274675953,1.5626152582618096,0.07679064576896133,-0.1043980717170403,0.07070254184367708,-0.0694219889505372,False,False,0.05612195331150719,0.05612195331150719,0.05611183480318613,0.05611183480318613
2275,37.916666666666664,False,False,49.696753468301594,50.0,73.4870148324319,49.26130889763986,51.85868349495222,47.29925398681025,74.0,-0.3032465316984059,1.4766737213738172,1.4914404585875554,1.4925529928647023,1.672594509878889,1.5054806407461137,1.6722614725645748,1.6995576528876881,1.4914404585875554,1.595134886884555,1.7763774092823503,1.3461704854169967,1.595134886884555,1.7763774092823503,1.422019011430262,1.5621695741036963,0.07681975639466221,-0.10442276600313316,0.07072911551614092,-0.06942144715729337,False,False,0.05611183480318613,0.05611183480318613,0.05610175640379289,0.05610175640379289
2280,38.0,False,False,49.69763064028512,50.0,73.4904776135312,49.26218712747702,51.860103322987925,47.29937230503061,74.0,-0.30236935971488066,1.4762084023189102,1.4909704863420992,1.4920942927669791,1.6726872939701714,1.5050986447954278,1.6723556543689952,1.6996836536986848,1.4909704863420992,1.5952363030131587,1.776532406780619,1.3462463017629034,1.5952363030131587,1.776532406780619,1.421549562868125,1.5617260756945712,0.07684875308193417,-0.10444735068552613,0.07075558935247206,-0.06942092347397422,False,False,0.05610175640379289,0.05610175640379289,0.05609171789339449,0.05609171789339449
2285,38.083333333333336,False,False,49.698506965633065,50.0,73.49393092528493,49.26306450987327,51.861520197308344,47.29949259726892,74.0,-0.30149303436693486,1.4757453327731478,1.4905027861008793,1.491637819281348,1.6727796927447085,1.5047178658182263,1.6724494412769988,1.6998088769602873,1.4905027861008793,1.5953370506071214,1.7766865131712122,1.3463218002268604,1.5953370506071214,1.7766865131712122,1.4210823682508615,1.5612847501786729,0.07687763621092492,-0.10447182635316588,0.07078196407779358,-0.06942041785001773,False,False,0.05609171789339449,0.05609171789339449,0.056081719053479445,0.056081719053479445
2290,38.166666666666664,False,False,49.6993824180909,50.0,73.49737477765001,49.26394101828243,51.86293410005175,47.29961482497875,74.0,-0.30061758190910126,1.475284499374895,1.490037344368644,1.4911835592147673,1.6728717088144285,1.5043382999377561,1.672542835992308,1.69993332886379,1.490037344368644,1.595437135335183,1.776839735087338,1.3463969829760118,1.595437135335183,1.776839735087338,1.4206174141341064,1.5608455847799252,0.07690640622354805,-0.10449619352860684,0.07080824041128109,-0.06941993023453774,False,False,0.056081719053479445,0.056081719053479445,0.05607175966691644,0.05607175966691644
2295,38.25,False,False,49.700256971824736,50.0,73.50080918077133,49.26481662736647,51.864345015842645,47.299738952009996,74.0,-0.2997430281752642,1.4748258888467878,1.4895741477352558,1.4907314994570158,1.6729633447665715,1.5039599432903392,1.6726358411927735,1.7000570155086279,1.4895741477352558,1.59553656271496,1.7769920790064888,1.3464718521628585,1.59553656271496,1.7769920790064888,1.420154687158922,1.560408566801474,0.07693506349786094,-0.10452045279366784,0.07083441906621823,-0.06941946057633386,False,False,0.05607175966691644,0.05607175966691644,0.056061839517966436,0.056061839517966436
2300,38.333333333333336,False,False,49.70113060141619,50.0,73.50423414497959,49.26569131156365,51.86575292725652,47.299864940469575,74.0,-0.2988693985838111,1.4743694879952207,1.489113182875173,1.490281626980198,1.6730546031640074,1.5035827920251823,1.6727284595307028,1.7001799429758648,1.489113182875173,1.5956353383339985,1.7771435514715215,1.3465464099252586,1.5956353383339985,1.7771435514715215,1.4196941740512736,1.559973683625218,0.07696360849565664,-0.10454460464186632,0.07086050075004513,-0.06941900882389929,False,False,0.056061839517966436,0.056061839517966436,0.05605195839228053,0.05605195839228053
2305,38.416666666666664,False,False,49.702003281857074,50.0,73.5076496807894,49.266565045809735,51.867157818923715,47.29999275446517,74.0,-0.29799671814292594,1.4739152837098337,1.488654436546932,1.4898339288382458,1.6731454865455448,1.5032068423041955,1.6728206936331926,1.7003021172914488,1.488654436546932,1.5957334676500925,1.7772941588910043,1.346620658371785,1.5957334676500925,1.7772941588910043,1.4192358616215004,1.559540922711335,0.07699204159955553,-0.10456864964135626,0.07088648616440296,-0.06941857492543169,False,False,0.05605195839228053,0.05605195839228053,0.05604211607685987,0.05604211607685987
2310,38.5,False,False,49.70287498854428,50.0,73.51105579889717,49.2674378055412,51.86855967492046,47.300122357723616,74.0,-0.29712501145571935,1.4734632629630064,1.4881978955926365,1.4893883921664177,1.6732359974262379,1.5028320903018135,1.672912546102455,1.7004235444262121,1.4881978955926365,1.5958309561185158,1.7774439076664803,1.34669459961101,1.5958309561185158,1.7774439076664803,1.4187797367638004,1.5591102715978267,0.07702036324026817,-0.10459258830769635,0.07091237600519018,-0.06941815882883606,False,False,0.05604211607685987,0.05604211607685987,0.05603231236005686,0.05603231236005686
2315,38.583333333333336,False,False,49.703745697274705,50.0,73.51445251017907,49.268309566339916,51.869958479834295,47.30025371456217,74.0,-0.29625430272529485,1.4730134128093477,1.4877435469374412,1.4889450041808137,1.6733261382976894,1.5024585322048218,1.6730040195161335,1.7005442303142444,1.4877435469374412,1.5959278091403182,1.7775928041407878,1.3467682357075774,1.5959278091403182,1.7775928041407878,1.4183257864556975,1.5586817179000414,0.0770485738265434,-0.10461642117392622,0.07093817096260024,-0.06941776048174364,False,False,0.05603231236005686,0.05603231236005686,0.05602254703156352,0.05602254703156352
2320,38.666666666666664,False,False,49.70461538424037,50.0,73.51783982568914,49.2691803042954,51.87135421869501,47.30038678982454,74.0,-0.29538461575963026,1.4725657203851912,1.487291377589043,1.4885037521778695,1.673415911628346,1.5020861642121865,1.6730951164276153,1.7006641808345193,1.487291377589043,1.5960240320658583,1.7777408546016247,1.3468415687261315,1.5960240320658583,1.7777408546016247,1.4178739977575359,1.558255249310223,0.07707667376710536,-0.10464014876866101,0.07096387172118002,-0.0694173798315072,False,False,0.05602254703156352,0.05602254703156352,0.056012819882417186,0.056012819882417186
2325,38.75,False,False,49.70548402602328,50.0,73.52121775665717,49.2700499960081,51.872746877025065,47.3005215489259,74.0,-0.294515973976722,1.4721201729080926,1.4868413746371736,1.4880646235338795,1.6735053198637908,1.5017149825348903,1.673185839366348,1.7007834018108952,1.4868413746371736,1.596119630192535,1.7778880652793045,1.346914600687387,1.596119630192535,1.7778880652793045,1.4174243578119523,1.5578308535970427,0.07710466346840938,-0.10466377161836005,0.07098947895986907,-0.06941701682522128,False,False,0.056012819882417186,0.056012819882417186,0.056003130704944414,0.056003130704944414
2330,38.833333333333336,False,False,49.706351599590796,50.0,73.52458631448675,49.27091861895171,51.874136441417406,47.300657958379205,74.0,-0.2936484004092037,1.4716767576763268,1.48639352525309,1.4876276057044975,1.673594365427032,1.5013449833957708,1.6732761908381335,1.700901898993743,1.48639352525309,1.5962146087368174,1.7780344423188177,1.3469873336267029,1.5962146087368174,1.7780344423188177,1.4169768538433687,1.5574085186051394,0.07713254332507469,-0.10468729025692558,0.07101499335204942,-0.0694166714097213,False,False,0.056003130704944414,0.056003130704944414,0.05599347929281332,0.05599347929281332
2335,38.916666666666664,False,False,49.70721808229059,50.0,73.52794551075333,49.27178614968231,51.87552289615525,47.300795982710206,74.0,-0.2927819177094122,1.4712354620683892,1.4859478166890732,1.4871926862242542,1.6736830507187859,1.5009761630293659,1.673366173325439,1.701019678151806,1.4859478166890732,1.596308972999028,1.7781799919446382,1.3470597695208655,1.596308972999028,1.7781799919446382,1.4165314731574767,1.5569882322546675,0.07716031379283206,-0.10471070515277803,0.07104041556559437,-0.06941634353159643,False,False,0.05599347929281332,0.05599347929281332,0.05598386544095331,0.05598386544095331
2340,39.0,False,False,49.70808345184611,50.0,73.5312953572022,49.272652566353536,51.87690622959806,47.30093559028298,74.0,-0.29191654815389256,1.4707962735424982,1.4855042362779232,1.4867598527060721,1.673771378117756,1.5006085176817598,1.6734557892876818,1.7011367449435966,1.4855042362779232,1.596402728052545,1.778324720149954,1.3471319103759472,1.596402728052545,1.778324720149954,1.4160882031407271,1.556569982540833,0.07718797520635734,-0.10473401689105155,0.07106574626290985,-0.06941603313719602,False,False,0.05598386544095331,0.05598386544095331,0.055974288945612495,0.055974288945612495
2345,39.083333333333336,False,False,49.70894768635175,50.0,73.53463586574651,49.27351784692579,51.87828642709975,47.3010767468379,74.0,-0.291052313648251,1.470359179636099,1.48506277143246,1.48632909284078,1.6738593499809076,1.5002420436104376,1.6735450411615274,1.7012531050092548,1.48506277143246,1.5964958790888248,1.7784686330417177,1.347203758139449,1.5964958790888248,1.7784686330417177,1.4156470312598242,1.5561537575334443,0.0772155280324629,-0.10475722592042991,0.0710909861009843,-0.06941574017263585,False,False,0.055974288945612495,0.055974288945612495,0.05596474960429176,0.05596474960429176
2350,39.166666666666664,False,False,49.70981076426823,50.0,73.53796704846538,49.27438196952835,51.879663476131775,47.30121942016469,74.0,-0.29018923573177346,1.4699241679653714,1.484623409645025,1.4859003943966342,1.67394696864374,1.4998767370841375,1.6736339313611737,1.7013687639521777,1.484623409645025,1.5965884311681129,1.7786117365913805,1.3472753147442291,1.5965884311681129,1.7786117365913805,1.415207945061217,1.5557395453764575,0.07724297263920277,-0.10478033278406484,0.0711161357314325,-0.0694154645838081,False,False,0.05596474960429176,0.05596474960429176,0.0559552472157576,0.0559552472157576
2355,39.25,False,False,49.7106726644181,50.0,73.54128891760185,49.27524491353927,51.88103736483541,47.30136357878076,74.0,-0.28932733558190193,1.4694912262247375,1.4841861384869848,1.4854737452188371,1.6740342364205525,1.4995125943827137,1.6737224622786326,1.7014837272839032,1.4841861384869848,1.5966803892901071,1.778754036705586,1.3473465821377886,1.5966803892901071,1.778754036705586,1.4147709321705995,1.5553273342875251,0.07727030942168289,-0.10480333799379604,0.07114119580054035,-0.06941520631638531,False,False,0.0559552472157576,0.0559552472157576,0.05594578158004354,0.05594578158004354
2360,39.333333333333336,False,False,49.71153336598123,50.0,73.544601485561,49.27610665779445,51.88240807993206,47.30150919002405,74.0,-0.2884666340187678,1.4690603421863726,1.4837509456082363,1.4850491332290623,1.6741211556047058,1.4991496117969982,1.6738106362840046,1.701598000515969,1.4837509456082363,1.5967717584958852,1.7788955393281185,1.3474175622090572,1.5967717584958852,1.7788955393281185,1.4143359802924038,1.5549171125575456,0.07729753881214951,-0.10482624202008384,0.07116616694930933,-0.06941496531583247,False,False,0.05594578158004354,0.05594578158004354,0.055936352498424775,0.055936352498424775
2365,39.416666666666664,False,False,49.71239284849023,50.0,73.54790476490804,49.276967181667395,51.88377560987224,47.3016562229248,74.0,-0.2876071515097678,1.4686315036997182,1.4833178187367153,1.4846265464249746,1.6742077284688823,1.4987877856286709,1.6738984557257592,1.7017115891047978,1.4833178187367153,1.5968625437147437,1.7790362502867707,1.347488256861607,1.5968625437147437,1.7790362502867707,1.4139030772093066,1.554508868550218,0.0773246611819729,-0.10484904539005413,0.07119104981350266,-0.06941474152740867,False,False,0.055936352498424775,0.055936352498424775,0.05592695977339376,0.05592695977339376
2370,39.5,False,False,49.713251091826166,50.0,73.5511987683663,49.277826465431446,51.88513994343854,47.30180464693024,74.0,-0.28674890817383414,1.4682046986909978,1.4828867456779078,1.4842059728797623,1.6742939572653404,1.498427112190126,1.673985922930998,1.701824498433325,1.4828867456779078,1.5969527498323934,1.7791761753615642,1.3475586679550817,1.5969527498323934,1.7791761753615642,1.4134722107817297,1.554102590701595,0.07735167692823919,-0.10487174860093162,0.07121584502368727,-0.0694145348961781,False,False,0.05592695977339376,0.05592695977339376,0.055917603208684434,0.055917603208684434
2375,39.583333333333336,False,False,49.714108076214195,50.0,73.5544835088155,49.27868448882758,51.88650106822719,47.30195443051866,74.0,-0.28589192378580464,1.4677799151627329,1.4824577143143602,1.4837874007416625,1.6743798442261644,1.4980675878043508,1.6740730402057222,1.701936733884486,1.4824577143143602,1.597042381765061,1.7793153203588752,1.3476287973637682,1.597042381765061,1.7793153203588752,1.4130433689473454,1.553698267519638,0.07737858647438922,-0.104894352119425,0.07124055320527778,-0.06941434536701485,False,False,0.055917603208684434,0.055917603208684434,0.05590828260924166,0.05590828260924166
2380,39.666666666666664,False,False,49.71496378221927,50.0,73.5577589992895,49.2795412325031,51.8878589740366,47.30210554428966,74.0,-0.2850362177807284,1.4673571411932633,1.482030712605196,1.4833708182334917,1.6744653915635128,1.4977092088048012,1.6741598098350936,1.7020483007677285,1.482030712605196,1.597131444294671,1.779453690946641,1.3476986469180248,1.597131444294671,1.779453690946641,1.4126165397205865,1.5532958875837783,0.07740539017891246,-0.1049168564730576,0.07126517497858242,-0.06941417288460938,False,False,0.05590828260924166,0.05590828260924166,0.05589899778121257,0.05589899778121257
2385,39.75,False,False,49.71581819074187,50.0,73.56102525297486,49.280396677655986,51.88921365011023,47.30225795844817,74.0,-0.2841818092581292,1.4669363649362681,1.4816057285856308,1.4829562136521823,1.674550601469861,1.497351971535285,1.6742462340836919,1.7021592043373857,1.4816057285856308,1.5972199422032587,1.7795912927887985,1.3477682184335664,1.5972199422032587,1.7795912927887985,1.412191711192152,1.5528954395444712,0.0774320884514128,-0.10493926213412696,0.0712897109588404,-0.06941401739347874,False,False,0.05589899778121257,0.05589899778121257,0.055889748531935374,0.055889748531935374
2390,39.833333333333336,False,False,49.71667128301385,50.0,73.56428228320856,49.28125080496156,51.89056508508842,47.30241164275982,74.0,-0.2833287169861478,1.466517574620291,1.4811827503664938,1.4825435753683116,1.674635476118241,1.4969958723498438,1.6743323151957672,1.7022694498477904,1.4811827503664938,1.5973078802754785,1.779728131547817,1.3478375137261083,1.5973078802754785,1.779728131547817,1.4117688715285281,1.5524969121227647,0.07745868170002668,-0.10496156957231184,0.07131416175627092,-0.06941387883796568,False,False,0.055889748531935374,0.055889748531935374,0.055880534669938954,0.055880534669938954
2395,39.916666666666664,False,False,49.71752304059431,50.0,73.56753010347629,49.2821035963701,51.89191327006379,47.30256656933709,74.0,-0.28247695940569173,1.466100758548264,1.4807617661337467,1.4821328918256464,1.6747200176624781,1.4966409076126441,1.6744180553954924,1.7023790424614162,1.4807617661337467,1.5973952631500157,1.7798642127361317,1.347906534596723,1.5973952631500157,1.7798642127361317,1.4113480089714927,1.5521002941098565,0.07748517027471546,-0.10498377931140057,0.07133852797610984,-0.06941375716225395,False,False,0.055880534669938954,0.055880534669938954,0.055871356004925654,0.055871356004925654
2400,40.0,False,False,49.71837344536551,50.0,73.57076872741064,49.282955033674426,51.89325819422496,47.302722708664945,74.0,-0.28162655463449227,1.4656859050970368,1.4803427641480071,1.4817241515406745,1.6748042282374243,1.4962870736978666,1.6745034568872035,1.7024879873223653,1.4803427641480071,1.5974820955318423,1.7799995419284274,1.3479752827879112,1.5974820955318423,1.7799995419284274,1.4109291118376388,1.5517055743666626,0.07751155460606207,-0.105005891790523,0.07136281021865543,-0.06941365231036833,False,False,0.055871356004925654,0.055871356004925654,0.05586221234776749,0.05586221234776749
2405,40.083333333333336,False,False,49.71922247952889,50.0,73.5739981687891,49.28380509923093,51.89459984884623,47.30288003323921,74.0,-0.28077752047111204,1.465273002716909,1.479925732744078,1.4813173431021507,1.6748881099591846,1.4959343669896006,1.6745885218556458,1.7025962895196245,1.479925732744078,1.597568381998144,1.7801341245675837,1.3480437601007453,1.597568381998144,1.7801341245675837,1.4105121685178972,1.5513127418233865,0.07753783504795919,-0.10502790752148039,0.0713870090793085,-0.06941356422618083,False,False,0.05586221234776749,0.05586221234776749,0.05585310351049699,0.05585310351049699
2410,40.166666666666664,False,False,49.72007012560095,50.0,73.57721844153232,49.28465377488607,51.895938222939435,47.303038513599795,74.0,-0.2799298743990519,1.4648620399311603,1.479510660330472,1.4809124551706419,1.6749716649253448,1.4955827838817415,1.6746732524662122,1.70270395414218,1.479510660330472,1.5976541272101676,1.7802679661765517,1.3481119682337976,1.5976541272101676,1.7802679661765517,1.4100971674770497,1.5509217854790849,0.07756401203437169,-0.10504982693201237,0.07141112514861292,-0.06941349285342224,False,False,0.05585310351049699,0.05585310351049699,0.0558440293062773,0.0558440293062773
2415,40.25,False,False,49.7209163664095,50.0,73.58042955970227,49.28550104413288,51.89727330965367,47.30319812416694,74.0,-0.2790836335905027,1.464453005335587,1.479097535388943,1.4805094764780673,1.675054895215194,1.4952323207778906,1.674757650865176,1.7028109861687881,1.479097535388943,1.5977393356018315,1.7804010720469827,1.3481799089442121,1.5977393356018315,1.7804010720469827,1.4096840972532625,1.5505326944012412,0.0775900858781946,-0.10507165056695666,0.07143515901229813,-0.06941343813568057,False,False,0.0558440293062773,0.0558440293062773,0.055834989549435075,0.055834989549435075
2420,40.333333333333336,False,False,49.72176118508965,50.0,73.58363153750027,49.28634688960181,51.89860509797598,47.30335883567102,74.0,-0.2782388149103525,1.4640458875980396,1.4786863464740199,1.4801083958272518,1.6751378028899426,1.4948829740912595,1.6748417191799236,1.7029173905965762,1.4786863464740199,1.5978240117839153,1.7805334476434438,1.3482475839452037,1.5978240117839153,1.7805334476434438,1.409272946457605,1.5501454577253375,0.07761605704686758,-0.1050933788126609,0.07145911125131765,-0.06941340001641483,False,False,0.055834989549435075,0.055834989549435075,0.05582598405541034,0.05582598405541034
2425,40.416666666666664,False,False,49.72260456508,50.0,73.58682438926536,49.28719129521732,51.899933581649066,47.303520623285145,74.0,-0.2773954349200025,1.4636406754579614,1.478277082212541,1.4797092020914713,1.6752203899929383,1.4945347402445737,1.674925459519184,1.7030231723308134,1.478277082212541,1.597908160110093,1.780665098169473,1.348314994906059,1.597908160110093,1.780665098169473,1.4088637037735903,1.5497600646544325,0.07764192583865959,-0.10511501222072028,0.07148298244189144,-0.06941337843895079,False,False,0.05582598405541034,0.05582598405541034,0.055817012640766786,0.055817012640766786
2430,40.5,False,False,49.723446490118974,50.0,73.5900081294724,49.288034244047545,51.9012587498709,47.30368345814218,74.0,-0.2765535098810261,1.4632373577259317,1.477869731303191,1.4793118842140114,1.6753026585498794,1.4941876156699834,1.675008873973247,1.70312833629514,1.477869731303191,1.597991785129848,1.7807960290205131,1.3483821435546361,1.597991785129848,1.7807960290205131,1.408456357956692,1.5493765044587349,0.07766769272537322,-0.10513655116529197,0.07150677315554388,-0.069413373346499,False,False,0.055817012640766786,0.055817012640766786,0.05580807512319862,0.05580807512319862
2435,40.583333333333336,False,False,49.724286944240944,50.0,73.59318277273024,49.28887572046082,51.90258059685064,47.30384731604903,74.0,-0.2757130557590557,1.4628359232832087,1.4774642825160407,1.4789164312077134,1.675384610569023,1.4938415968089733,1.6750919646141904,1.7032328873213374,1.4774642825160407,1.59807489112345,1.7809262453189207,1.3484490315162931,1.59807489112345,1.7809262453189207,1.4080508978338924,1.5489947664751844,0.07769335799758337,-0.10515799619788746,0.07153048395914374,-0.0694133846821483,False,False,0.05580807512319862,0.05580807512319862,0.055799171321484424,0.055799171321484424
2440,40.666666666666664,False,False,49.72512591177254,50.0,73.59634833378001,49.28971570905211,51.90389911391277,47.30401217028508,74.0,-0.2748740882274632,1.4624363610812783,1.477060724692091,1.4785228321545385,1.6754662480413929,1.4934966801122775,1.6751747334960985,1.7033368302044436,1.477060724692091,1.5981574824864793,1.7810557522984998,1.3485156604603163,1.5981574824864793,1.7810557522984998,1.407647312303212,1.548614840107037,0.07771892209405618,-0.10517934771796433,0.07155411541494594,-0.06941341238887899,False,False,0.055799171321484424,0.055799171321484424,0.0557903010555,0.0557903010555
2445,40.75,False,False,49.725963377329045,50.0,73.59950482749328,49.29055419392813,51.90521429332706,47.30417799509417,74.0,-0.2740366226709554,1.462038660141401,1.4766590467428151,1.4781310762051245,1.6755475729409806,1.493152862039796,1.6752571826552718,1.703440169739497,1.4766590467428151,1.5982395635435516,1.781184555118257,1.3485820320413495,1.5982395635435516,1.781184555118257,1.4072455903332493,1.5482367148234408,0.07774438537876005,-0.1052006061959454,0.07157766808062571,-0.06941345640956587,False,False,0.0557903010555,0.0557903010555,0.05578146414621555,0.05578146414621555
2450,40.833333333333336,False,False,49.726799325810916,50.0,73.60265226887029,49.29139116014624,51.90652612828892,47.304344765665995,74.0,-0.2732006741890842,1.4616428095541647,1.4762592376497063,1.477741152578345,1.6756285872249475,1.4928101390605133,1.6753393141104387,1.7035429106480477,1.4762592376497063,1.5983211385494291,1.7813126588635342,1.3486481478554653,1.5983211385494291,1.7813126588635342,1.406845720962723,1.5478603801590287,0.07776974821548643,-0.1052217720986186,0.07160114250932237,-0.06941351668698337,False,False,0.05578146414621555,0.05578146414621555,0.05577266041569356,0.05577266041569356
2455,40.916666666666664,False,False,49.727633742399924,50.0,73.60579067303823,49.2922265929995,51.90783461172967,47.30451245705049,74.0,-0.27236625760007627,1.4612487984790374,1.4758612864638279,1.4773530505608758,1.6757092928338215,1.4924685076524193,1.675421129862971,1.7036450576149036,1.4758612864638279,1.5984022117470942,1.781440068604097,1.348714009542664,1.5984022117470942,1.781440068604097,1.4064476933000187,1.5474858257135,0.07779501098919339,-0.10524284586780941,0.07162453924967216,-0.06941359316380913,False,False,0.05577266041569356,0.05577266041569356,0.05576388968703018,0.05576388968703018
2460,41.0,False,False,49.728466612556,50.0,73.60892005524948,49.29306047801981,51.90913973708047,47.304681044853616,74.0,-0.271533387444002,1.4608566161439231,1.4754651823053624,1.4769667595067593,1.6757896916916926,1.492127964302434,1.6755026318970794,1.703746615288128,1.4754651823053624,1.59848278733072,1.7815667893571367,1.3487796186843752,1.59848278733072,1.7815667893571367,1.4060514965227289,1.5471130411512137,0.07782017406900876,-0.10526382795740807,0.07164785884585134,-0.06941368578263352,False,False,0.05576388968703018,0.05576388968703018,0.05575515178443153,0.05575515178443153
2465,41.083333333333336,False,False,49.72929792201351,50.0,73.61204043087986,49.293892800262974,51.910441496583076,47.30485050369646,74.0,-0.27070207798649193,1.4604662518447218,1.475070914363169,1.4765822688369714,1.675869785706402,1.491788505506334,1.6755838221800199,1.7038475883157844,1.475070914363169,1.5985628695280478,1.7816928261696579,1.3488449768620285,1.5985628695280478,1.7816928261696579,1.4056571198772108,1.5467420162007803,0.07784523785387343,-0.1052847187877366,0.07167110183761127,-0.0694137944859583,False,False,0.05575515178443153,0.05575515178443153,0.055746446533125674,0.055746446533125674
2470,41.166666666666664,False,False,49.73012765677786,50.0,73.61515181542691,49.29472354646539,51.91173988599549,47.30502081150533,74.0,-0.26987234322213993,1.4600776949448875,1.4746784718943364,1.4761995680389957,1.675949576769733,1.4914501277686796,1.6756647026622975,1.703947981235706,1.4746784718943364,1.5986424623715036,1.7818181838896252,1.3489100856424103,1.5986424623715036,1.7818181838896252,1.4052645526781278,1.5463727406546501,0.07787020265391931,-0.10530551886420225,0.0716942687603137,-0.06941391921620865,False,False,0.055746446533125674,0.055746446533125674,0.055737773759390534,0.055737773759390534
2475,41.25,False,False,49.730955803122285,50.0,73.61825422450814,49.295552702534444,51.91303489737104,47.305191942926676,74.0,-0.2690441968777151,1.4596909348749945,1.4742878442237444,1.475818646666389,1.6760290667575959,1.4911128276027468,1.6757452752778532,1.704047798604097,1.4742878442237444,1.5987215700498143,1.781942867517594,1.3489749465923069,1.5987215700498143,1.781942867517594,1.404873784308014,1.5460052043687187,0.07789506891349696,-0.10532622855428264,0.07171736014497432,-0.06941405991573046,False,False,0.055737773759390534,0.055737773759390534,0.05572913329056729,0.05572913329056729
2480,41.333333333333336,False,False,49.73178234758421,50.0,73.62134767385939,49.29638025498718,51.91432652608152,47.30536387573042,74.0,-0.26821765241579243,1.4593059611323003,1.4738990207436233,1.4754394943383664,1.676108257530212,1.4907766015304589,1.675825541944267,1.7041470449220468,1.4738990207436233,1.5988001965663323,1.7820668818650596,1.3490395612638624,1.5988001965663323,1.7820668818650596,1.4044848042168216,1.5456393972619142,0.07791983694301274,-0.1053468483557145,0.0717403765182909,-0.06941421652680169,False,False,0.05572913329056729,0.05572913329056729,0.055720524954989435,0.055720524954989435
2485,41.416666666666664,False,False,49.73260727696227,50.0,73.62443217933304,49.297206190953375,51.91561476634673,47.30553658673296,74.0,-0.2673927230377302,1.458922763280315,1.4735119909131182,1.4750621007393678,1.6761871509322939,1.4904414460823228,1.6759055045629383,1.7042457246355298,1.4735119909131182,1.5988783459567695,1.7821902317722074,1.3491039311799342,1.5988783459567695,1.7821902317722074,1.404097601921485,1.5452753093158054,0.07794450713667755,-0.10536737867876034,0.07176331840268713,-0.06941438899163321,False,False,0.055720524954989435,0.055720524954989435,0.05571194858205872,0.05571194858205872
2490,41.5,False,False,49.73343057831281,50.0,73.62750775689643,49.29803049674263,51.91689961167309,47.30571005219651,74.0,-0.266569421687187,1.4585413309483701,1.473126744257854,1.4746864556186452,1.6762657487932229,1.4901073577973638,1.6759851650192852,1.7043438422088912,1.473126744257854,1.598956022268001,1.7823129220867422,1.3491680578340948,1.598956022268001,1.7823129220867422,1.4037121670054806,1.5449129305741975,0.07796907987785096,-0.10538781994089019,0.07178618631634359,-0.06941457725237332,False,False,0.05571194858205872,0.05571194858205872,0.05570340400215881,0.05570340400215881
2495,41.583333333333336,False,False,49.73425223894677,50.0,73.63057442263015,49.29885316035995,51.91818105880728,47.305884251433234,74.0,-0.26574776105322684,1.4581616538311923,1.4727432703695043,1.4743125487898392,1.6763440529272258,1.4897743332230666,1.6760645251829176,1.704441401996246,1.4727432703695043,1.5990332293657974,1.782434957471635,1.3492319427784878,1.5990332293657974,1.782434957471635,1.4033284891183895,1.5445522511427414,0.077993555475389,-0.10540817263044855,0.07180898077323716,-0.06941478125111478,False,False,0.05570340400215881,0.05570340400215881,0.055694891046697954,0.055694891046697954
2500,41.666666666666664,False,False,49.73507224642647,50.0,73.63363219272625,49.299674168995956,51.919459100994054,47.3060591606573,74.0,-0.2649277535735308,1.4577837216884784,1.4723615589053631,1.4739403701305656,1.676422065133547,1.4894423689153162,1.676143586907828,1.704538408370081,1.4723615589053631,1.5991099712631076,1.7825563427334288,1.349295587462757,1.5991099712631076,1.7825563427334288,1.4029465579754672,1.544193261188537,0.07801793436334781,-0.10542843710697336,0.07183170228317382,-0.06941500092989594,False,False,0.055694891046697954,0.055694891046697954,0.05568640954808202,0.05568640954808202
2505,41.75,False,False,49.73589058856248,50.0,73.63668108348682,49.3004935104657,51.920733734694366,47.30623475910952,74.0,-0.26410941143752353,1.4574075243444722,1.4719815995879169,1.473569909582002,1.6764997871966187,1.489111461438339,1.6762223520325679,1.7046348656477677,1.4719815995879169,1.5991862517932496,1.7826770824954508,1.3493589933804744,1.5991862517932496,1.7826770824954508,1.402566363357209,1.5438359509397428,0.07804221684768309,-0.10544861385451809,0.07185435135182594,-0.06941523623070789,False,False,0.05568640954808202,0.05568640954808202,0.05567795933971352,0.05567795933971352
2510,41.833333333333336,False,False,49.73670725341046,50.0,73.6397211113221,49.30131117321144,51.92200495530912,47.30641102515792,74.0,-0.26329274658954205,1.4570330516875436,1.471603382204419,1.473201157148476,1.6765772208862286,1.4887816073646487,1.6763008223804265,1.7047307780915617,1.471603382204419,1.5992620748181752,1.78279718140609,1.349422162010569,1.5992620748181752,1.78279718140609,1.4021878951089226,1.5434803106851842,0.07806640331452819,-0.10546870327338653,0.07187692848076521,-0.06941548709549639,False,False,0.05567795933971352,0.05567795933971352,0.05566954025597307,0.05566954025597307
2515,41.916666666666664,False,False,49.73752222926816,50.0,73.64275229274908,49.302127144869715,51.9232727574937,47.30658793658377,74.0,-0.26247777073184153,1.4566602936697726,1.4712268966064703,1.4728341028970533,1.6766543679576866,1.4884528032749933,1.6763789997596037,1.704826149982091,1.4712268966064703,1.5993374442133086,1.7829166441236612,1.3494850948026853,1.5993374442133086,1.7829166441236612,1.4018111431403024,1.5431263307739702,0.07809049414157032,-0.10548870576878233,0.07189943416749989,-0.0694157534661679,False,False,0.05566954025597307,0.05566954025597307,0.05566115213222936,0.05566115213222936
2520,42.0,False,False,49.73833550467239,50.0,73.64577464438965,49.302941414069,51.924537137982796,47.306765473156446,74.0,-0.26166449532760794,1.456289240306532,1.4708521327095974,1.4724687369571363,1.676731230151987,1.488125045758302,1.6764568859633804,1.7049209855264962,1.4708521327095974,1.5994123637302224,1.7830354751791009,1.3495477932064661,1.5994123637302224,1.7830354751791009,1.4014360974250053,1.542774001615103,0.0781144896526047,-0.10550862179627374,0.07192186890550567,-0.06941603528459206,False,False,0.05566115213222936,0.05566115213222936,0.05565279480482637,0.05565279480482637
2525,42.083333333333336,False,False,49.73914706839595,50.0,73.64878818296917,49.30375397007362,51.9257980931914,47.30694361444562,74.0,-0.2608529316040489,1.455919881676075,1.4704790804928358,1.4721050495200543,1.6768078091959688,1.4877983314116352,1.6765344827702922,1.7050152888768024,1.4704790804928358,1.599486837113533,1.783153679092875,1.3496102586276266,1.599486837113533,1.783153679092875,1.4010627480002287,1.5424233136770995,0.0781383902160726,-0.10552845176326953,0.07194423318426368,-0.06941633249260715,False,False,0.05565279480482637,0.05565279480482637,0.05564446811106035,0.05564446811106035
2530,42.166666666666664,False,False,49.739956909444714,50.0,73.65179292531477,49.30456480135065,51.9270556183326,47.30712233901643,74.0,-0.2600430905552855,1.4555522079191245,1.4701077299983158,1.471743030838664,1.6768841068024762,1.4874726568401386,1.676611791944293,1.7051090642034068,1.4701077299983158,1.5995608681439746,1.7832712604180774,1.3496724925158106,1.5995608681439746,1.7832712604180774,1.4006910849662935,1.5420742574876063,0.07816219621467058,-0.10554819605943222,0.07196652748929044,-0.06941664503202238,False,False,0.05564446811106035,0.05564446811106035,0.055636171889194876,0.055636171889194876
2535,42.25,False,False,49.74076501705477,50.0,73.65478888835375,49.30537389772656,51.92830971160936,47.307301628250144,74.0,-0.2592349829452303,1.4551862092384633,1.4697380713308479,1.4713826712269498,1.6769601246705126,1.487148018656993,1.6766888152349204,1.7052023155848475,1.4697380713308479,1.599634460434564,1.7833882235366136,1.34973449626209,1.599634460434564,1.7833882235366136,1.4003210984862227,1.5417268236330213,0.07818590795176616,-0.10556785515028344,0.07198875230217339,-0.06941697284462522,False,False,0.055636171889194876,0.055636171889194876,0.05562790597845151,0.05562790597845151
2540,42.333333333333336,False,False,49.74157138068934,50.0,73.6577760891121,49.30618124787716,51.92956036731969,47.307481460058206,74.0,-0.2584286193106635,1.454821875898531,1.4693700946575163,1.4710239610596219,1.6770358644853953,1.4868244134833715,1.676765554377462,1.7052950471364057,1.4693700946575163,1.5997076177662546,1.7835045729948682,1.3497962712721803,1.5997076177662546,1.7835045729948682,1.399952778785339,1.541381002758123,0.07820952585846253,-0.10558742937015109,0.07201090810060662,-0.06941731587217737,False,False,0.05562790597845151,0.05562790597845151,0.0556196702189705,0.0556196702189705
2545,42.416666666666664,False,False,49.74237599003619,50.0,73.66075454471283,49.306986841843276,51.93080758448427,47.30766181674662,74.0,-0.25762400996381274,1.4544591982250168,1.469003790207267,1.470666890771731,1.6771113279189076,1.4865018379483945,1.676842011093107,1.7053872628815043,1.469003790207267,1.5997803436682536,1.7836203130840467,1.3498578189371528,1.5997803436682536,1.7836203130840467,1.3995861161508367,1.5410367855656826,0.07823305020254234,-0.10560691921325072,0.07203299535841556,-0.06941767405643029,False,False,0.0556196702189705,0.0556196702189705,0.05561146445186729,0.05561146445186729
2550,42.5,False,False,49.74317883500459,50.0,73.66372427237445,49.30779066995659,51.932051359541056,47.30784267835564,74.0,-0.25682116499540797,1.454098166604462,1.4686391482705066,1.4703114508582598,1.677186516629449,1.4861802886890902,1.6769181870891108,1.7054789668068224,1.4686391482705066,1.599852641773651,1.7837354481958176,1.349919140604152,1.599852641773651,1.7837354481958176,1.3992211009313904,1.5406941628161082,0.07825648138899521,-0.10562632503317149,0.07205501454560159,-0.06941804733911616,False,False,0.05561146445186729,0.05561146445186729,0.05560328851915662,0.05560328851915662
2555,42.583333333333336,False,False,49.74397990572267,50.0,73.6666852894094,49.308592721406235,51.93329168858948,47.3080240247052,74.0,-0.2560200942773321,1.4537387714838572,1.4682761591986957,1.4699576318737493,1.6772614322621817,1.485859762350351,1.676994084058947,1.7055701629357827,1.4682761591986957,1.5999245157103497,1.7838499827132654,1.3499802376642493,1.5999245157103497,1.7838499827132654,1.398857723536732,1.540353125327057,0.07827981977748277,-0.10564564722543301,0.07207696612836134,-0.0694184356619636,False,False,0.05560328851915662,0.05560328851915662,0.0555951422637959,0.0555951422637959
2560,42.666666666666664,False,False,49.74477919253453,50.0,73.66963761322255,49.30939298711373,51.934528570798044,47.30820583850041,74.0,-0.25522080746547005,1.453381003370249,1.4679148134039515,1.4696054244318946,1.6773360764491758,1.4855402555848953,1.6770697036824638,1.705660855181577,1.4679148134039515,1.5999959689354042,1.7839639208452416,1.3500411114645887,1.5999959689354042,1.7839639208452416,1.3984959744372625,1.5400136639730833,0.07830306566366452,-0.10566488624617287,0.07209885056913179,-0.06941883896668899,False,False,0.0555951422637959,0.0555951422637959,0.05558702552964724,0.05558702552964724
2565,42.75,False,False,49.74557668599766,50.0,73.67258126130963,49.310191457940576,51.93576200321724,47.30838810060263,74.0,-0.254423314002338,1.4530248528303438,1.4675551013586472,1.4692548192051729,1.6774104508095555,1.4852217650532311,1.6771450476260317,1.7057510474390256,1.4675551013586472,1.6000670049875556,1.7840772668789235,1.3501017633376706,1.6000670049875556,1.7840772668789235,1.3981358441636353,1.5396757696852577,0.07832621943989793,-0.10568404245147,0.07212066832661046,-0.06941925719501185,False,False,0.05558702552964724,0.05558702552964724,0.05557893816149637,0.05557893816149637
2570,42.833333333333336,False,False,49.746372376880196,50.0,73.67551625125573,49.31098812397296,51.93699198288178,47.30857079194537,74.0,-0.25362762311980447,1.4526703104901162,1.4671970135950174,1.4689058069244465,1.6774845569496357,1.4849042874236178,1.6772201175426922,1.70584074362132,1.4671970135950174,1.6001376273850736,1.7841900250776679,1.3501621946159958,1.6001376273850736,1.7841900250776679,1.3977773233063693,1.5393394334508133,0.07834928145634779,-0.10570311623624651,0.07214241985579584,-0.06941969028864814,False,False,0.05557893816149637,0.05557893816149637,0.055570880005029515,0.055570880005029515
2575,42.916666666666664,False,False,49.747166256158216,50.0,73.67844260073382,49.31178297631942,51.93821850849643,47.30875389507021,74.0,-0.2528337438417836,1.4523173670344205,1.4668405407047647,1.4685583783785914,1.6775583964630658,1.4845878193720317,1.677294915072309,1.7059299475681655,1.4668405407047647,1.600207839543873,1.784302199599152,1.3502224066320652,1.600207839543873,1.784302199599152,1.3974204025154437,1.5390046463127764,0.07837225203098641,-0.1057221080242925,0.07216410560801179,-0.06942013818932091,False,False,0.055570880005029515,0.055570880005029515,0.05556285090682612,0.05556285090682612
2580,43.0,False,False,49.747958315013214,50.0,73.68136032750324,49.3125760063956,51.93944157815833,47.30893739205016,74.0,-0.2520416849867857,1.4519660132066021,1.4664856733386682,1.4682125244141102,1.6776319709309644,1.4842723575821326,1.677369441841708,1.706018663082523,1.4664856733386682,1.6002776448884766,1.7844137946063452,1.3502824006890934,1.6002776448884766,1.7844137946063452,1.3970650724999085,1.5386713993696137,0.07839513152382227,-0.10574101819404635,0.07218572603094553,-0.06942060083875967,False,False,0.05556285090682612,0.05556285090682612,0.05555485071436782,0.05555485071436782
2585,43.083333333333336,False,False,49.74874854482939,50.0,73.68426944940819,49.313367205208834,51.94066118960498,47.30912126471523,74.0,-0.2512514551706104,1.451616239808114,1.4661324022061952,1.4678682359347612,1.6777052819220564,1.4839578987452313,1.6774436994648212,1.7061068939673532,1.4661324022061952,1.6003470468400767,1.784524814255597,1.3503421780756526,1.6003470468400767,1.784524814255597,1.3967113240274922,1.5383396837748666,0.07841792028824379,-0.10575984712727649,0.0722072815686714,-0.06942107817870302,False,False,0.05555485071436782,0.05555485071436782,0.05554687927600841,0.05554687927600841
2590,43.166666666666664,False,False,49.74953693719123,50.0,73.68716998437628,49.31415656479678,51.941877342477774,47.30930549671485,74.0,-0.2504630628087696,1.4512680376981335,1.4657807180751148,1.4675255039011794,1.6777783309928054,1.4836444395602573,1.677517689542828,1.7061946439521307,1.4657807180751148,1.600416048706554,1.7846352625866653,1.350401740080315,1.600416048706554,1.7846352625866653,1.396359147924208,1.5380094907368023,0.07844061863453455,-0.10577859524557676,0.07222877266168748,-0.06942157015090689,False,False,0.05554687927600841,0.05554687927600841,0.0555389364410004,0.0555389364410004
2595,43.25,False,False,49.75032348388083,50.0,73.69006195041705,49.31494407679411,51.94309003446748,47.309490070004216,74.0,-0.2496765161191732,1.4509213977931825,1.4654306117711144,1.4671843193305052,1.6778511196875472,1.48333197673373,1.6775914136642955,1.7062819167663292,1.4654306117711144,1.6004846538701347,1.7847451437103954,1.3504610880062957,1.6004846538701347,1.7847451437103954,1.3960085350739753,1.5376808115180565,0.07846322694406616,-0.10579726289619451,0.07225019974694202,-0.06942207669713918,False,False,0.0555389364410004,0.0555389364410004,0.05553102205944886,0.05553102205944886
2600,43.333333333333336,False,False,49.75110817687551,50.0,73.69294536562057,49.31572973279397,51.94429926437969,47.309674967637704,74.0,-0.2488918231244881,1.4505763110667493,1.4650820741774169,1.4668446732960159,1.677923649538617,1.483020506979729,1.6776648734053103,1.706368716121051,1.4650820741774169,1.600552865638392,1.7848544616597362,1.3505202230982378,1.600552865638392,1.7848544616597362,1.395659476418223,1.5373536374352796,0.07848574553868515,-0.10581585048265896,0.07227156325786277,-0.0694225977591938,False,False,0.05553102205944886,0.05553102205944886,0.055523135982345734,0.055523135982345734
2605,43.416666666666664,False,False,49.75189100834531,50.0,73.69582024815593,49.316513525427794,51.94550503199851,47.309860173644125,74.0,-0.24810899165468925,1.450232768548913,1.4647350962344021,1.4665065569267512,1.6779959220664804,1.4827100270198652,1.6777380703296172,1.706455045653911,1.4647350962344021,1.600620687251007,1.7849632203965173,1.350579146615428,1.600620687251007,1.7849632203965173,1.3953119629555204,1.5370279598587935,0.0785081747426064,-0.105834358402904,0.07229286362439136,-0.06942313327888172,False,False,0.055523135982345734,0.055523135982345734,0.05551527806153389,0.05551527806153389
2610,43.5,False,False,49.75267197065046,50.0,73.69868661626982,49.317295446931716,51.94670733576135,47.31004567090682,74.0,-0.24732802934953924,1.4498907613259702,1.46438966893923,1.4661699614071568,1.6780679387798585,1.4824005335832564,1.6778110059887539,1.706540909002524,1.46438966893923,1.600688121993027,1.785071423924727,1.3506378598171525,1.600688121993027,1.785071423924727,1.3949659857411858,1.5367037702122384,0.07853051492220287,-0.10585278700949718,0.07231410127300841,-0.06942368319804415,False,False,0.05551527806153389,0.05551527806153389,0.05550744814970643,0.05550744814970643
2615,43.583333333333336,False,False,49.75345105633913,50.0,73.70154448828518,49.318075489508054,51.947906174849614,47.310231443068794,74.0,-0.2465489436608692,1.4495502805400653,1.4640457833454659,1.465834877976712,1.6781397011758508,1.4820920234064987,1.6778836819221759,1.7066263097861338,1.4640457833454659,1.6007551730932823,1.7851790761889414,1.3506963639480547,1.6007551730932823,1.7851790761889414,1.394621535886918,1.5363810599722312,0.07855276640280762,-0.10587113669285153,0.07233527662676531,-0.0694242474585478,False,False,0.05550744814970643,0.05550744814970643,0.05549964610042426,0.05549964610042426
2620,43.666666666666664,False,False,49.75422825814486,50.0,73.7043938825997,49.31885364640523,51.94910154967368,47.310417474974,74.0,-0.24577174185513684,1.4492113173888206,1.4637034305627088,1.4655012979295745,1.6782112107400622,1.4817844932336453,1.6779560996573928,1.7067112515504959,1.4637034305627088,1.6008218437009283,1.785286181050885,1.3507546602234926,1.6008218437009283,1.785286181050885,1.394278604560415,1.536059820668019,0.07857492950038925,-0.10588940784956757,0.07235639010531014,-0.06942482600229383,False,False,0.05549964610042426,0.05549964610042426,0.05549187176806855,0.05549187176806855
2625,43.75,False,False,49.75500356898442,50.0,73.70723481768448,49.319629910124796,51.950293458547236,47.31060374963602,74.0,-0.24499643101557922,1.4488738631249696,1.4633626017562193,1.4651692126142168,1.6782824689467204,1.4814779398161795,1.6780282607100876,1.7067957378597385,1.4633626017562193,1.600888137047359,1.785392742451363,1.3508127498734668,1.600888137047359,1.785392742451363,1.3939371829850047,1.5357400438811408,0.07859700459162444,-0.10590760081237938,0.07237744212492148,-0.06942541877121466,False,False,0.05549187176806855,0.05549187176806855,0.05548412500788633,0.05548412500788633
2630,43.833333333333336,False,False,49.75577698195531,50.0,73.7100673120826,49.32040427386035,51.951481902228295,47.31079025237601,74.0,-0.2442230180446927,1.4485379090559947,1.4630232881465546,1.4648386134330726,1.678353477258797,1.481172359912993,1.678100166584251,1.7068797722228737,1.4630232881465546,1.6009540562254299,1.7854987641894928,1.350870634098692,1.6009540562254299,1.7854987641894928,1.3935972624392718,1.5354217212450858,0.07861899196661915,-0.10592571599744383,0.07239843309853122,-0.06942602570728273,False,False,0.05548412500788633,0.05548412500788633,0.05547640567593671,0.05547640567593671
2635,43.916666666666664,False,False,49.756548490333444,50.0,73.71289138440777,49.321176730781815,51.95266687982124,47.310976967087505,74.0,-0.24345150966655638,1.4482034465437643,1.462685481009202,1.4645094918421788,1.6784242371281255,1.4808677502903649,1.6781718187723014,1.7069633581305426,1.462685481009202,1.601019604388938,1.7856042501222096,1.350928314114526,1.601019604388938,1.7856042501222096,1.393258834256695,1.53510484444496,0.07864089199166702,-0.10594375374160458,0.07241936343575794,-0.06942664675250709,False,False,0.05547640567593671,0.05547640567593671,0.055468713629102016,0.055468713629102016
2640,44.0,False,False,49.75731808757105,50.0,73.71570705334298,49.321947274397054,51.95384839199731,47.311163879170884,74.0,-0.24268191242894943,1.4478704670041729,1.4623491716742145,1.4641818393508275,1.678494749995517,1.4805641077219398,1.6782432187552052,1.7070464990366419,1.4623491716742145,1.601084784596087,1.7857092040077396,1.3509857910923984,1.601084784596087,1.7857092040077396,1.3929218898252713,1.5347894052171445,0.07866270497109773,-0.10596171444055491,0.07244023354292994,-0.0694272818489432,False,False,0.055468713629102016,0.055468713629102016,0.055461048725107126,0.055461048725107126
2645,44.083333333333336,False,False,49.75808576729428,50.0,73.71851433763912,49.322715898554314,51.95502643894664,47.31135097366648,74.0,-0.24191423270571732,1.4475389619067847,1.4620143515258526,1.463855647521208,1.6785650172908748,1.480261428988709,1.6783143680025994,1.707129198358325,1.4620143515258526,1.6011495999092382,1.7858136296053704,1.3510430662476667,1.6011495999092382,1.7858136296053704,1.392586420587166,1.5344753953489718,0.07868443124704538,-0.10597959844908678,0.07246104382311924,-0.06942793093868649,False,False,0.055461048725107126,0.055461048725107126,0.05545341082247655,0.05545341082247655
2650,44.166666666666664,False,False,49.758851523301004,50.0,73.7213132561136,49.32348259708564,51.95620102108363,47.31153823589691,74.0,-0.24114847669899575,1.447208922774479,1.461681012002224,1.463530907968069,1.6786350404333092,1.47995971087899,1.6783852679729125,1.7072114594943741,1.461681012002224,1.6012140533607224,1.7859175306412793,1.351100140722474,1.6012140533607224,1.7859175306412793,1.3922524180383402,1.5341628066783852,0.0787060711469052,-0.10599740613365172,0.07248179467616134,-0.06942859396388368,False,False,0.05545341082247655,0.05545341082247655,0.0554457997805441,0.0554457997805441
2655,44.25,False,False,49.759615349558665,50.0,73.72410382764909,49.32424736345019,51.95737213799757,47.31172565051034,74.0,-0.24038465044133517,1.4468803411830964,1.4613491445949274,1.4632076123583628,1.6787048208312476,1.4796589501884083,1.6784559201134783,1.7072932858435705,1.4613491445949274,1.6012781480040132,1.7860209108597171,1.35115701568825,1.6012781480040132,1.7860209108597171,1.391919873728197,1.5338516310936183,0.07872762501614661,-0.1060151378395573,0.07250248649869095,-0.06942927086673034,False,False,0.0554457997805441,0.0554457997805441,0.05543821545945778,0.05543821545945778
2660,44.333333333333336,False,False,49.760377240202075,50.0,73.72688607119211,49.325010192173,51.958539791543004,47.31191320429608,74.0,-0.2396227597979248,1.4465532087610884,1.4610187408486992,1.4628857524109078,1.678774359882544,1.4793591437198814,1.6785263258606526,1.7073746807312091,1.4610187408486992,1.6013418867635254,1.7861237738728306,1.3512136923164235,1.6013418867635254,1.7861237738728306,1.3915887792592267,1.5335418605328603,0.07874909314162148,-0.10603279396768373,0.07252311968416114,-0.06942996158947246,False,False,0.05543821545945778,0.05543821545945778,0.055430657720157366,0.055430657720157366
2665,44.416666666666664,False,False,49.76113718953128,50.0,73.72966000575182,49.3257710774111,51.9597039814575,47.31210088219075,74.0,-0.23886281046871716,1.4462275171891708,1.4606897923610624,1.4625653198960435,1.6788436589745896,1.4790602882836001,1.6785964866399294,1.707455647482584,1.4606897923610624,1.6014052726479036,1.7862261233739565,1.3512701717491382,1.6014052726479036,1.7862261233739565,1.3912591262866498,1.533233486983941,0.07877047589137254,-0.10605037483468038,0.07254369462287857,-0.06943066607441262,False,False,0.055430657720157366,0.055430657720157366,0.05542312642437892,0.05542312642437892
2670,44.5,False,False,49.7618951920094,50.0,73.73242565039861,49.32653001367403,51.96086470936727,47.31228867092805,74.0,-0.2381048079906023,1.445903258199975,1.4603622907819747,1.4622463066352953,1.678912719484418,1.4787623806970145,1.678666403866053,1.7075361893862464,1.4603622907819747,1.6014683085553012,1.786327962942923,1.3513264551138946,1.6014683085553012,1.786327962942923,1.3909309065180635,1.532926502483994,0.07879177355667655,-0.1060678808309452,0.07256421170201932,-0.06943138426391116,False,False,0.05542312642437892,0.05542312642437892,0.05541562143463919,0.05541562143463919
2675,44.583333333333336,False,False,49.76265124226067,50.0,73.73518302426288,49.327286995467205,51.96202197563459,47.312476556165244,74.0,-0.2373487577393334,1.4455804235777063,1.4600362278134833,1.4619287045010287,1.6789815427788126,1.4784654177848167,1.6787360789431238,1.7076163097123753,1.4600362278134833,1.601530997426853,1.7864292961995347,1.3513825435528362,1.601530997426853,1.7864292961995347,1.390604111713098,1.5326208991191514,0.0788129864871594,-0.10608531228552232,0.07258467130566815,-0.06943211610038524,False,False,0.05541562143463919,0.05541562143463919,0.0554081426142613,0.0554081426142613
2680,44.666666666666664,False,False,49.76340533506817,50.0,73.73793214653372,49.32804201765327,51.963175781975416,47.312664524868374,74.0,-0.2365946649318289,1.445259005157802,1.45971159520938,1.4616125054161246,1.67905013021441,1.478169396378928,1.6788055132647166,1.7076960116944064,1.45971159520938,1.6015933421194684,1.7865301266763798,1.3514384381788205,1.6015933421194684,1.7865301266763798,1.3902787336830649,1.532316669024213,0.07883411498197335,-0.10610266957493808,0.07260507381483294,-0.06943286152631511,False,False,0.0554081426142613,0.0554081426142613,0.055400689827314616,0.055400689827314616
2685,44.75,False,False,49.764157465372016,50.0,73.74067303645764,49.32879507509545,51.96432612919123,47.312852563244476,74.0,-0.23584253462798443,1.4449389948265912,1.459388384774857,1.4612977013536388,1.6791184831378023,1.4778743133184835,1.6788747082139799,1.7077752985474035,1.459388384774857,1.6016553455162814,1.786630457929298,1.3514941401193483,1.6016553455162814,1.786630457929298,1.389954764290612,1.5320138043823357,0.07885515938189447,-0.1061199530311221,0.0726254196074787,-0.06943362048424495,False,False,0.055400689827314616,0.055400689827314616,0.05539326293867306,0.05539326293867306
2690,44.833333333333336,False,False,49.764907628267046,50.0,73.74340571333732,49.32954616265988,51.96547301861875,47.31304065806256,74.0,-0.2350923717329536,1.4446203845209578,1.4590665883661673,1.4609842843364738,1.6791866028856404,1.4775801654498215,1.6789436651637502,1.7078541734680583,1.4590665883661673,1.6017170104562533,1.7867302934669942,1.3515496504579916,1.6017170104562533,1.7867302934669942,1.3896321954493838,1.5317122974247168,0.07887611999893585,-0.10613716301180509,0.0726457090585495,-0.06943439291678355,False,False,0.05539326293867306,0.05539326293867306,0.055385861813942776,0.055385861813942776
2695,44.916666666666664,False,False,49.76565581900116,50.0,73.74613019653043,49.3302952762952,51.96661645302338,47.31322879746691,74.0,-0.23434418099883914,1.4443031662280064,1.4587461978902865,1.4606722464370503,1.679254490784732,1.4772869496264676,1.6790123854766508,1.707932639579576,1.4587461978902865,1.6017783396908412,1.7868296367077257,1.3516049703076078,1.6017783396908412,1.7868296367077257,1.3893110191236768,1.5314121404302812,0.07889699712814968,-0.10615429988873482,0.0726659425399947,-0.06943517876660965,False,False,0.055385861813942776,0.055385861813942776,0.05537848631953436,0.05537848631953436
2700,45.0,False,False,49.76640203297303,50.0,73.74884650544816,49.33104241088026,51.967756432407754,47.31341696715771,74.0,-0.23359796702696656,1.4439873319847285,1.4584272053045757,1.4603615797769791,1.6793221481521423,1.476994662709125,1.6790808705052018,1.7080107000419047,1.4584272053045757,1.6018393360879737,1.786928491183288,1.3516601007517695,1.6018393360879737,1.786928491183288,1.3889912273281058,1.53111332572537,0.0789177911413832,-0.10617136395393101,0.07268612042079425,-0.06943597797646994,False,False,0.05537848631953436,0.05537848631953436,0.055371136322575294,0.055371136322575294
2705,45.083333333333336,False,False,49.7671462657304,50.0,73.7515546595543,49.33178756202189,51.968892959709,47.31360515558157,74.0,-0.23285373426959666,1.4436728738776716,1.4581096026164484,1.4600522765267379,1.6793895762952913,1.4767033015656637,1.6791491215919152,1.7080883579598776,1.4581096026164484,1.6019000023550742,1.7870268602620565,1.3517150428886908,1.6019000023550742,1.7870268602620565,1.3886728121272638,1.530815845683433,0.07893850230217891,-0.10618835560480333,0.0727062430669847,-0.06943679048918461,False,False,0.055371136322575294,0.055371136322575294,0.05536381169097808,0.05536381169097808
2710,45.166666666666664,False,False,49.76788851296797,50.0,73.75425467836374,49.33253072533909,51.97002603596333,47.313793349525355,74.0,-0.23211148703202866,1.4433597840426122,1.4577933818830384,1.4597443289053484,1.6794567765120485,1.4764128630711075,1.6792171400694045,1.7081656164199557,1.4577933818830384,1.601960341274355,1.787124747384293,1.3517697977580156,1.601960341274355,1.787124747384293,1.3883557656353904,1.5305196927247215,0.07895913096433738,-0.10620527514560063,0.07272631084168313,-0.06943761624764799,False,False,0.05536381169097808,0.05536381169097808,0.05535651229337921,0.05535651229337921
2715,45.25,False,False,49.76862877052558,50.0,73.75694658144145,49.33327189682431,51.97115566399607,47.31398153747791,74.0,-0.23137122947441924,1.4430480546642268,1.457478535210869,1.459437729180056,1.6795237500908293,1.4761233441076274,1.6792849272604764,1.7082424784718568,1.457478535210869,1.602020355523464,1.7872221558828072,1.3518243664433158,1.602020355523464,1.7872221558828072,1.3880400800160384,1.53022485931598,0.07897967741095036,-0.10622212294839284,0.07274632410511095,-0.0694384551948306,False,False,0.05535651229337921,0.05535651229337921,0.055349237999169576,0.055349237999169576
2720,45.333333333333336,False,False,49.769367034386384,50.0,73.75963038840125,49.33401107212747,51.972281844865314,47.314169706389244,74.0,-0.23063296561361568,1.4427376779757706,1.4571650547555284,1.459132469666009,1.6795904983106889,1.475834741564527,1.6793524844782317,1.7083189471652986,1.4571650547555284,1.602080047848565,1.7873190891560498,1.3518787499988776,1.602080047848565,1.7873190891560498,1.38772574748175,1.5299313379701496,0.07900014199075112,-0.10623889931673358,0.0727662832146212,-0.06943930727377845,False,False,0.055349237999169576,0.055349237999169576,0.055341988678485256,0.055341988678485256
2725,45.416666666666664,False,False,49.77010330067485,50.0,73.76230611890445,49.33474824799472,51.9734045825502,47.31435784594159,74.0,-0.22989669932515255,1.4424286462587528,1.4568529327213404,1.4588285427259498,1.679657022441414,1.4755470523382384,1.679419813026167,1.7083950254765115,1.4568529327213404,1.6021394208364448,1.7874155504402371,1.3519329494789873,1.6021394208364448,1.7874155504402371,1.3874127602937183,1.52963912124606,0.07902052496372569,-0.10625560464006667,0.07278618852471963,-0.06944017242762213,False,False,0.055341988678485256,0.055341988678485256,0.055334764202177054,0.055334764202177054
2730,45.5,False,False,49.77083756565501,50.0,73.76497379265892,49.33548342011594,51.97452387734049,47.314545942526465,74.0,-0.2291624343449925,1.4421209518426181,1.4565421613610443,1.4585259407698892,1.6797233237436142,1.4752602733323108,1.679486914198264,1.7084707164184691,1.4565421613610443,1.6021984772361093,1.787511543130956,1.3519869659232882,1.6021984772361093,1.787511543130956,1.3871011107614741,1.529348201748134,0.07904082671248691,-0.10627223918235984,0.0728060403870896,-0.06944105059957018,False,False,0.055334764202177054,0.055334764202177054,0.05532756444183757,0.05532756444183757
2735,45.583333333333336,False,False,49.7715698257286,50.0,73.76763342941776,49.33621658492249,51.975639733075504,47.314733985839254,74.0,-0.2284301742714021,1.4418145871044288,1.4562327329754732,1.458224656254804,1.6797894034688128,1.474974401457403,1.6795537892790875,1.7085460229490308,1.4562327329754732,1.6022572196068485,1.7876070704312492,1.352040800371424,1.6022572196068485,1.7876070704312492,1.3867907912425577,1.5290585721260928,0.07906104748221843,-0.10628880334218227,0.07282583915061958,-0.06944194173291551,False,False,0.05532756444183757,0.05532756444183757,0.05532038926977529,0.05532038926977529
2740,45.666666666666664,False,False,49.772300077433336,50.0,73.77028504897815,49.33694773923039,51.97675215193043,47.3149219641289,74.0,-0.22769992256666427,1.4415095444685475,1.455924639913233,1.4579246816843252,1.679855262859535,1.4746894336312772,1.679620439543876,1.7086209479893113,1.455924639913233,1.6023156505719087,1.7877021356052936,1.3520944538337518,1.6023156505719087,1.7877021356052936,1.3864817941421954,1.5287702250746518,0.07908118761598226,-0.10630529741740258,0.0728455851614187,-0.06944284577103765,False,False,0.05532038926977529,0.05532038926977529,0.05531323855902945,0.05531323855902945
2745,45.75,False,False,49.773028317441025,50.0,73.77292867118031,49.33767687952415,51.97786113653403,47.315109866126726,74.0,-0.22697168255897537,1.4412058164063255,1.4556178745703887,1.4576260096084237,1.6799209031493954,1.4744053667787895,1.6796868662586386,1.7086954944604258,1.4556178745703887,1.6023737727156075,1.7877967418755365,1.3521479273352726,1.6023737727156075,1.7877967418755365,1.3861741119129876,1.5284831533332384,0.07910124741511071,-0.10632172174481824,0.07286527876284965,-0.06944376265740115,False,False,0.05531323855902945,0.05531323855902945,0.05530611218333719,0.05530611218333719
2750,45.833333333333336,False,False,49.773754542555864,50.0,73.77556431590621,49.33840400267726,51.97896668983184,47.31529768092144,74.0,-0.22624545744413638,1.440903395435789,1.455312429390147,1.457328632623113,1.6799863255631862,1.4741221978318848,1.6797530706802424,1.7087696652467457,1.455312429390147,1.6024315885901057,1.7878908924294763,1.3522012219009867,1.6024315885901057,1.7878908924294763,1.385867737054585,1.5281973496856907,0.07912122718273062,-0.10633807665663997,0.07288492029554372,-0.06944469233556183,False,False,0.05530611218333719,0.05530611218333719,0.05529901001715411,0.05529901001715411
2755,45.916666666666664,False,False,49.77447874971279,50.0,73.77819200307854,49.339129105595184,51.98006881457284,47.315485397491095,74.0,-0.22552125028720837,1.4406022741213318,1.455008296862545,1.4570325433701379,1.6800515313169613,1.4738399237295903,1.6798190540564994,1.7088434632142708,1.455008296862545,1.6024891007404767,1.787984590444746,1.3522543385119663,1.6024891007404767,1.787984590444746,1.3855626621133823,1.5279128069599766,0.07914112723047517,-0.10635436247379415,0.07290451009743149,-0.06944563474916277,False,False,0.05529901001715411,0.05529901001715411,0.055291931935652225,0.055291931935652225
2760,46.0,False,False,49.77520093597556,50.0,73.78081175265959,49.339852185576646,51.981167514245,47.31567300555482,74.0,-0.22479906402443817,1.4403024450734048,1.4547054695241388,1.4567377345366794,1.6801165216181206,1.4735585414180097,1.6798848176262626,1.708916891192257,1.4547054695241388,1.602546311659324,1.7880778390437473,1.3523072781932115,1.602546311659324,1.7880778390437473,1.3852588796821959,1.5276295180278947,0.0791609478514903,-0.10637057953293305,0.07292404850375589,-0.06944658984194296,False,False,0.055291931935652225,0.055291931935652225,0.05528487781467554,0.05528487781467554
2765,46.083333333333336,False,False,49.77592109853524,50.0,73.78342358465002,49.34057323923832,51.98226279066932,47.31586049338083,74.0,-0.2240789014647575,1.4400039009482137,1.4544039399576958,1.4564441988550452,1.6801812976654955,1.473278047850317,1.6799503626195051,1.7089899520283325,1.4544039399576958,1.6026032239038828,1.7881706414107605,1.3523600419111519,1.6026032239038828,1.7881706414107605,1.3849563823999649,1.5273474758048027,0.07918068938242806,-0.10638672812444971,0.07294353584710689,-0.06944755755773091,False,False,0.05528487781467554,0.05528487781467554,0.055277847530790784,0.055277847530790784
2770,46.166666666666664,False,False,49.77663923470846,50.0,73.78602751908798,49.34129226431269,51.9833546485596,47.31604785193959,74.0,-0.22336076529153814,1.4397066344474132,1.4541037007918873,1.4561519291023837,1.6802458606494273,1.4729984399867528,1.6800156902574133,1.7090626484966378,1.4541037007918873,1.6026598398744065,1.7882630005703495,1.3524126306615019,1.6026598398744065,1.7882630005703495,1.3846551629514339,1.5270666732493194,0.07920035207371168,-0.10640280862223128,0.07296297245743211,-0.06944853784045346,False,False,0.055277847530790784,0.055277847530790784,0.05527084096124599,0.05527084096124599
2775,46.25,False,False,49.77735534193575,50.0,73.78862357604777,49.34200925821352,51.984443090202234,47.316235070057125,74.0,-0.22264465806424738,1.4394106383178062,1.4538047447009843,1.4558609181003765,1.6803102117518522,1.472719714794619,1.680080801752467,1.7091349833713139,1.4538047447009843,1.6027161620729715,1.7883549196461739,1.3524650454106906,1.6027161620729715,1.7883549196461739,1.3843552140668507,1.5267871033630518,0.07921993627486001,-0.10641882129834235,0.07298235866206748,-0.06944953063413362,False,False,0.05527084096124599,0.05527084096124599,0.055263857983976684,0.055263857983976684
2780,46.333333333333336,False,False,49.77806941777987,50.0,73.791211775639,49.342724218397166,51.985528119455125,47.316422138057256,74.0,-0.22193058222013207,1.4391159053510454,1.4535070644045558,1.4555711587149514,1.6803743521463794,1.4724418692482726,1.6801456983085268,1.7092069594081294,1.4535070644045558,1.602772192909137,1.788446401666669,1.35251728713979,1.602772192909137,1.788446401666669,1.3840565285216646,1.5265087591903128,0.07923944225853963,-0.10643476649899242,0.07300169478575702,-0.06945053588289118,False,False,0.055263857983976684,0.055263857983976684,0.05525689847759485,0.05525689847759485
2785,46.416666666666664,False,False,49.77878145992429,50.0,73.79379213800532,49.34343714236451,51.98660973920283,47.316609045443194,74.0,-0.22121854007571073,1.4388224283833342,1.4532106526671675,1.4552826438559887,1.6804382829983704,1.4721649003291246,1.6802103811209141,1.7092785793444818,1.4532106526671675,1.6028279348237908,1.7885374496888977,1.3525693568005863,1.6028279348237908,1.7885374496888977,1.3837590991362205,1.5262316338178386,0.07925887034441592,-0.10645064452069097,0.07302098115067102,-0.06945155353094701,False,False,0.05525689847759485,0.05525689847759485,0.055249962321408476,0.055249962321408476
2790,46.5,False,False,49.77949146617148,50.0,73.79636468332342,49.344148028381504,51.98768795419136,47.316795783479144,74.0,-0.22050853382852154,1.438530200295132,1.4529155022980833,1.4549953664770294,1.6805020054650188,1.4718888050256353,1.680274851376495,1.7093498458626528,1.4529155022980833,1.6028833901514237,1.788628066660843,1.3526212553595087,1.6028833901514237,1.788628066660843,1.38346291877546,1.5259557203745158,0.07927822079819014,-0.10646645571122915,0.07304021807643246,-0.0694525835226234,False,False,0.055249962321408476,0.055249962321408476,0.0552430493953798,0.0552430493953798
2795,46.583333333333336,False,False,49.780199434441414,50.0,73.7989294318021,49.344856874044446,51.98876276680695,47.3169823413451,74.0,-0.21980056555858596,1.438239214010861,1.4526216061509698,1.4547093195749878,1.6805655206954255,1.4716135803333095,1.6803391102537617,1.7094207616632957,1.4526216061509698,1.6029385613254719,1.7887182556267587,1.3526729837537006,1.6029385613254719,1.7887182556267587,1.383167980348626,1.5256810120311075,0.07929749396346297,-0.10648220033782385,0.0730594058801377,-0.06945362580234371,False,False,0.0552430493953798,0.0552430493953798,0.05523615958015716,0.05523615958015716
2800,46.666666666666664,False,False,49.78090536276996,50.0,73.80148640368104,49.34556367735954,51.98983418158371,47.317168710242086,74.0,-0.21909463723004308,1.4379494624986153,1.4523289571236015,1.454424496189867,1.6806288298306746,1.4713392232546947,1.6804031589229083,1.7094913294103207,1.4523289571236015,1.6029934506592605,1.7888080195081324,1.352724542934948,1.6029934506592605,1.7888080195081324,1.3828742768089646,1.5254075019999769,0.07931669009781173,-0.1064978787510602,0.07307854487637533,-0.06945468031463697,False,False,0.05523615958015716,0.05523615958015716,0.055229292757045204,0.055229292757045204
2805,46.75,False,False,49.78160924930729,50.0,73.80403561922988,49.34626843638576,51.99090220172987,47.317354880228,74.0,-0.21839075069271274,1.4376609387698702,1.452037548157569,1.4541408894044707,1.6806919340039113,1.4710657307993786,1.6804669985459146,1.7095615517492662,1.452037548157569,1.6030480605149966,1.7888973612726806,1.3527759338257512,1.6030480605149966,1.7888973612726806,1.3825818011534325,1.5251351835348177,0.07933580952341446,-0.10651349123426956,0.07309763537724878,-0.06945574700413637,False,False,0.055229292757045204,0.055229292757045204,0.055222448808007626,0.055222448808007626
2810,46.833333333333336,False,False,49.78231109231645,50.0,73.80657709874718,49.34697114959601,51.991966831949945,47.317540842787416,74.0,-0.2176889076835522,1.4373736358791944,1.4517473722379863,1.4538584923441251,1.6807548343404142,1.4707930999839862,1.6805306302766223,1.7096314312889263,1.4517473722379863,1.603102393166662,1.7889862837972672,1.3528271573778967,1.603102393166662,1.7889862837972672,1.3822905464224036,1.5248640499303838,0.07935485250834096,-0.10652903812226433,0.07311667769239749,-0.06945682581558277,False,False,0.055222448808007626,0.055222448808007626,0.05521562761567527,0.05521562761567527
2815,46.916666666666664,False,False,49.783010890171795,50.0,73.8091108625594,49.347671815519995,51.993028076045164,47.317726588645854,74.0,-0.21698910982820507,1.4370875469239657,1.4514584223932054,1.4535772981763937,1.6808175319576681,1.4705213278321763,1.6805940552608096,1.7097009706197241,1.4514584223932054,1.6031564509167822,1.7890747899846724,1.3528782144845992,1.6031564509167822,1.7890747899846724,1.3820005056993818,1.524594094522224,0.07937381936494825,-0.10654451970294199,0.07313567212901861,-0.06945791669382362,False,False,0.05521562761567527,0.05521562761567527,0.055208829063327226,0.055208829063327226
2820,47.0,False,False,49.78370864135751,50.0,73.81163693101988,49.34837043238692,51.99408593784176,47.31791210861476,74.0,-0.2162913586424935,1.4368026650440866,1.4511706916945275,1.453297300110803,1.6808800279654386,1.4702504113746406,1.6806572746362687,1.7097701723320824,1.4511706916945275,1.6032102360513951,1.7891628827185844,1.352929106083002,1.6032102360513951,1.7891628827185844,1.3817116721107103,1.5243253106864116,0.07939271038650197,-0.10655993628068727,0.07315461899188413,-0.06945901958381717,False,False,0.055208829063327226,0.055208829063327226,0.055202053034891944,0.055202053034891944
2825,47.083333333333336,False,False,49.78440434446607,50.0,73.81415532450785,49.34906699884591,51.99514042181196,47.318097394156936,74.0,-0.21559565553393156,1.4365189834217025,1.4508841732559195,1.453018491398561,1.680942323465841,1.4699803476491025,1.6807202895328817,1.7098390389796805,1.4508841732559195,1.6032637508099532,1.7892505648335035,1.3529798330809628,1.6032637508099532,1.7892505648335035,1.3814240388252885,1.5240576918392854,0.07941152585382305,-0.10657528816972728,0.07317351858336596,-0.06946013443063093,False,False,0.055202053034891944,0.055202053034891944,0.05519529941493776,0.05519529941493776
2830,47.166666666666664,False,False,49.78509799819688,50.0,73.8166660634275,49.34976151360872,51.99619153207735,47.318282436478114,74.0,-0.21490200180311803,1.4362364952809223,1.4505988602337316,1.452740865332287,1.6810044195534142,1.4697111337003133,1.6807831010726935,1.7099075730978257,1.4505988602337316,1.6033169974338877,1.7893378391633312,1.3530303963570534,1.6033169974338877,1.7893378391633312,1.381137599054288,1.5237912314371842,0.07943026606550552,-0.10659057566393804,0.07319237120345257,-0.06946126117944362,False,False,0.05519529941493776,0.05519529941493776,0.055188568088683214,0.055188568088683214
2835,47.25,False,False,49.78578960135481,50.0,73.81916916820694,49.3504539754517,51.9972392730475,47.3184672271086,74.0,-0.21421039864519287,1.4359551938875394,1.450314745826415,1.452464415245736,1.6810663173151872,1.4694427665800531,1.6808457103699832,1.7099757772034536,1.450314745826415,1.6033699781356545,1.7894247085104145,1.3530807968484169,1.6033699781356545,1.7894247085104145,1.3808523460508653,1.5235259229761835,0.07944893130696085,-0.1066057990677991,0.07321117714976855,-0.06946239977554969,False,False,0.055188568088683214,0.055188568088683214,0.05518185894198221,0.05518185894198221
2840,47.333333333333336,False,False,49.78647915284865,50.0,73.82166465929726,49.35114438321776,51.998283649016436,47.31865175753504,74.0,-0.21352084715135078,1.4356750725487566,1.4500318232742442,1.4521891345135245,1.68112801783075,1.4691752433471292,1.6809081185313401,1.7100436537951282,1.4500318232742442,1.6034226951184523,1.7895111756652877,1.3531310354189827,1.6034226951184523,1.7895111756652877,1.3805682731098905,1.523261759991844,0.07946752187015949,-0.10662095867667598,0.07322993671759992,-0.06946355016435368,False,False,0.05518185894198221,0.05518185894198221,0.0551751718613097,0.0551751718613097
2845,47.416666666666664,False,False,49.78716665168987,50.0,73.82415255717153,49.351832735818164,51.99932466442328,47.31883601943774,74.0,-0.21283334831012723,1.4353961246129117,1.4497500858590409,1.4519150165508674,1.6811895221723212,1.4689085610673729,1.6809703266557314,1.7101112053530414,1.4497500858590409,1.6034751505636464,1.7895972433941014,1.3531811129619655,1.6034751505636464,1.7895972433941014,1.3802853735676628,1.5229987360589479,0.07948603804106003,-0.10663605478939497,0.073248650199907,-0.06946471229137807,False,False,0.0551751718613097,0.0551751718613097,0.05516850673378662,0.05516850673378662
2850,47.5,False,False,49.78785209699116,50.0,73.8266328823239,49.35251903295303,52.00036232489893,47.31902000564328,74.0,-0.2121479030088409,1.435118343469205,1.449469526903897,1.4516420548133053,1.6812508314048151,1.4686427168136418,1.6810323358345722,1.7101784343022701,1.449469526903897,1.6035273465799893,1.789682914387858,1.3532310303412942,1.6035273465799893,1.789682914387858,1.3800036408016365,1.5227368447912453,0.07950448008558797,-0.10665108772228082,0.0732673178873482,-0.06946588610226057,False,False,0.05516850673378662,0.05516850673378662,0.055161863447152834,0.055161863447152834
2855,47.583333333333336,False,False,49.78853548796497,50.0,73.82910565526873,49.35320327295775,52.001396632974476,47.31920370621598,74.0,-0.21146451203502892,1.4348417225474288,1.449190139772903,1.451370242796441,1.681311946585908,1.4683777076658173,1.681094147151799,1.710245343123006,1.449190139772903,1.6035792854123398,1.7897681914711414,1.3532807884501836,1.6035792854123398,1.7897681914711414,1.3797230682301465,1.5224760798412014,0.07952284834813539,-0.10666605771066617,0.07328594006829836,-0.06946707154275655,False,False,0.055161863447152834,0.055161863447152834,0.055155241889761605,0.055155241889761605
2860,47.666666666666664,False,False,49.78921682392231,50.0,73.83157089653949,49.353885455678736,52.00242759565692,47.3193871153566,74.0,-0.21078317607769037,1.4345662553176992,1.4489119178708763,1.4510995740356738,1.6813728687661043,1.4681135307108037,1.6811557616839343,1.7103119342035824,1.4489119178708763,1.6036309690734845,1.7898530772339507,1.3533303881525627,1.6036309690734845,1.7898530772339507,1.3794436493121376,1.522216434899744,0.0795411430303683,-0.10668096513009795,0.07330451702886776,-0.06946826855873867,False,False,0.055155241889761605,0.055155241889761605,0.05514864195060003,0.05514864195060003
2865,47.75,False,False,49.78989610427119,50.0,73.83402862668794,49.35456558067915,52.003455216581244,47.319570224255,74.0,-0.21010389572880683,1.4342919352901884,1.4486348546430903,1.4508300421059408,1.6814335989888007,1.4678501830425297,1.681217180500158,1.7103782099323326,1.4486348546430903,1.6036823997257394,1.7899375744133152,1.3533798302977176,1.6036823997257394,1.7899375744133152,1.3791653775468886,1.5219579036960094,0.07955936448098266,-0.10669581020659313,0.07332304905291909,-0.06946947709620166,False,False,0.05514864195060003,0.05514864195060003,0.05514206351924506,0.05514206351924506
2870,47.833333333333336,False,False,49.79057332851555,50.0,73.83647886628326,49.355243646881476,52.00447950041052,47.31975302509693,74.0,-0.20942667148445082,1.4340187560148607,1.4483589435750093,1.450561640621449,1.681494138290351,1.4675876617619459,1.6812784046623679,1.710444172715961,1.4483589435750093,1.603733579467146,1.790021685679498,1.3534291157495772,1.603733579467146,1.790021685679498,1.3788882464737517,1.5217004799971023,0.07957751296353699,-0.10671059324881504,0.07334153642209307,-0.06947069710125753,False,False,0.05514206351924506,0.05514206351924506,0.0551355064859141,0.0551355064859141
2875,47.916666666666664,False,False,49.791248496253694,50.0,73.83892163591105,49.35591965436558,52.00550045305854,47.31993551126634,74.0,-0.20875150374630635,1.4337467110812088,1.4480841781920208,1.450294363235427,1.6815544877001278,1.4673259639770269,1.6813394352252549,1.7105098248876858,1.4480841781920208,1.6037845103207458,1.7901054136252887,1.3534782453574281,1.6037845103207458,1.7901054136252887,1.3786122496718791,1.5214441576078388,0.07959558873760297,-0.10672531456694001,0.07335997941581796,-0.06947192852014172,False,False,0.0551355064859141,0.0551355064859141,0.055128970741402994,0.055128970741402994
2880,48.0,False,False,49.79192160717716,50.0,73.84135695617249,49.35659360257434,52.00651807852775,47.32011767446553,74.0,-0.20807839282284135,1.4334757941179923,1.4478105520591722,1.4500282036398588,1.6816146482405874,1.467065086802771,1.6814002732363602,1.710575168799096,1.4478105520591722,1.6038351943883806,1.7901887609198075,1.3535272199559132,1.6038351943883806,1.7901887609198075,1.3783373807599597,1.5211889303705068,0.07961359212071151,-0.10673997441071537,0.07337837831133465,-0.06947317129921249,False,False,0.055128970741402994,0.055128970741402994,0.05512245617712745,0.05512245617712745
2885,48.083333333333336,False,False,49.79259266106935,50.0,73.84378484768348,49.35726549139315,52.00753238274181,47.320299508204926,74.0,-0.20740733893065055,1.433205998792979,1.4475380587809088,1.4497631555652333,1.6816746209273297,1.4668050273611977,1.6814609197361434,1.710640206765038,1.4475380587809088,1.603885633664487,1.7902717301223179,1.3535760403943187,1.603885633664487,1.7902717301223179,1.3780636333959604,1.5209347921646228,0.07963152335727997,-0.10675457310055081,0.073396733383714,-0.06947442538494841,False,False,0.05512245617712745,0.05512245617712745,0.05511596268509436,0.05511596268509436
2890,48.166666666666664,False,False,49.79326165780426,50.0,73.84620533107369,49.35793532079251,52.008543370501755,47.320481005030814,74.0,-0.2067383421957416,1.4329373188126857,1.4472666920008126,1.4494992127802915,1.6817344067691586,1.4665457827813515,1.6815213757580483,1.7107049410819855,1.4472666920008126,1.6039358301841486,1.7903543238302864,1.3536247074780023,1.6039358301841486,1.7903543238302864,1.3777910012768555,1.5206817369066843,0.07964938274830091,-0.1067691108978368,0.0734150449058717,-0.0694756907239571,False,False,0.05511596268509436,0.05511596268509436,0.055109490157903625,0.055109490157903625
2895,48.25,False,False,49.79392859734533,50.0,73.84861842698577,49.35860309047053,52.0095510468242,47.320662157743776,74.0,-0.20607140265467194,1.4326697479221238,1.446996445401345,1.44923636909177,1.681794006768145,1.4662873501993001,1.6815816423285597,1.710769374046413,1.446996445401345,1.6039857859581335,1.7904365446144324,1.353673222070893,1.6039857859581335,1.7904365446144324,1.377519478138379,1.5204297585499367,0.07966717056801942,-0.10678358808827948,0.07343331314859158,-0.06947696726296604,False,False,0.055109490157903625,0.055109490157903625,0.05510303848876329,0.05510303848876329
2900,48.333333333333336,False,False,49.79459347974397,50.0,73.85102415607437,49.359268800573346,52.01055541730136,47.32084295972602,74.0,-0.20540652025602668,1.4324032799045432,1.4467273127035887,1.4489746183441579,1.6818534219196843,1.4660297267581361,1.6816417204672727,1.7108335079180506,1.4467273127035887,1.6040355029554942,1.7905183950013395,1.353721584978348,1.6040355029554942,1.7905183950013395,1.3772490577547545,1.5201788510841265,0.07968488708328891,-0.10679800496255631,0.07345153838053786,-0.0694782549488342,False,False,0.05510303848876329,0.05510303848876329,0.055096607571437035,0.055096607571437035
2905,48.416666666666664,False,False,49.795256305138594,50.0,73.85342253900555,49.35993245169666,52.011556487874685,47.321023404735016,74.0,-0.2047436948614063,1.4321379085811823,1.4464592876669942,1.4487139544194405,1.6819126532125537,1.4657729096079761,1.6817016111869494,1.7108973449198857,1.4464592876669942,1.6040849831146524,1.7905998774845524,1.3537697970057252,1.6040849831146524,1.7905998774845524,1.3769797339384526,1.5199290085352728,0.07970253256466675,-0.10681236180523324,0.07346972086827863,-0.06947955372854153,False,False,0.055096607571437035,0.055096607571437035,0.05509019730030548,0.05509019730030548
2910,48.5,False,False,49.79591707375326,50.0,73.85581359645559,49.360594043091396,52.012554261958634,47.321203484284084,74.0,-0.20408292624674118,1.4318736278110142,1.4461923640891243,1.4484543712368627,1.6819717016289744,1.4655168959059626,1.6817613154935804,1.7109608873300204,1.4461923640891243,1.6041342284832991,1.790680994664487,1.3538178589730252,1.6041342284832991,1.790680994664487,1.376711500539922,1.5196802249654224,0.07972010733446666,-0.10682665884672127,0.0734878608762981,-0.06948086354920235,False,False,0.05509019730030548,0.05509019730030548,0.05508380757031686,0.05508380757031686
2915,48.583333333333336,False,False,49.79657578589647,50.0,73.8581973491104,49.36125357589867,52.01354874771956,47.3213831942701,74.0,-0.20342421410352785,1.4316104314905003,1.4459265358054052,1.448195862752672,1.6820305681446657,1.4652616828162646,1.6818208343864463,1.7110241373163262,1.4459265358054052,1.6041832408646786,1.7907617488947247,1.353865771685605,1.6041832408646786,1.7907617488947247,1.376444351447353,1.5194324944724245,0.07973761157839854,-0.10684089645164763,0.07350595866701926,-0.0694821843580522,False,False,0.05508380757031686,0.05508380757031686,0.05507743827699158,0.05507743827699158
2920,48.666666666666664,False,False,49.79723244196003,50.0,73.86057381766464,49.36191105027754,52.014539948602085,47.32156252634664,74.0,-0.20276755803997304,1.431348313553341,1.4456617966888743,1.4479384229598886,1.6820892537289025,1.4650072675100774,1.681880168858175,1.7110870970834184,1.4456617966888743,1.604232022278159,1.790842142742596,1.35391353593418,1.604232022278159,1.790842142742596,1.3761782805864105,1.5191858111896894,0.07975504565917757,-0.10685507480525946,0.07352401450081514,-0.06948351610246384,False,False,0.05507743827699158,0.05507743827699158,0.055071089316429574,0.055071089316429574
2925,48.75,False,False,49.79788704241786,50.0,73.8629430228209,49.36256646684368,52.01552787178871,47.321741475626844,74.0,-0.20211295758213765,1.4310872679702318,1.445398140649934,1.44768204588805,1.682147759344573,1.4647536471656244,1.6819393198948025,1.7111497687991686,1.445398140649934,1.6042805745481283,1.7909221785780864,1.3539611525094644,1.6042805745481283,1.7909221785780864,1.3759132819200017,1.5189401692859672,0.07977240977891786,-0.10686919425104024,0.0735420286360331,-0.06948485872993237,False,False,0.055071089316429574,0.055071089316429574,0.05506476058530524,0.05506476058530524
2930,48.833333333333336,False,False,49.79853958782479,50.0,73.86530498528884,49.36321982559328,52.016512520997274,47.32192003412467,74.0,-0.2014604121752086,1.4308272887486178,1.445135561636104,1.4474267256029845,1.682206085948232,1.464500818968157,1.6819982884758287,1.7112121546498202,1.445135561636104,1.604328899654165,1.7910018589240186,1.3540086222168157,1.604328899654165,1.7910018589240186,1.3756493494480129,1.5186955629651082,0.0797897042741984,-0.10688325499565532,0.07356000132900431,-0.06948621218809103,False,False,0.05506476058530524,0.05506476058530524,0.05505845198084442,0.05505845198084442
2935,48.916666666666664,False,False,49.79919007881551,50.0,73.86765972578446,49.36387112770118,52.01749390409815,47.32209819769038,74.0,-0.20080992118448648,1.4305683699324523,1.4448740536317768,1.4471724562065607,1.6822642344901568,1.464248780109957,1.6820570755742754,1.7112742567481292,1.4448740536317768,1.604376999360895,1.7910811860859193,1.354055945832306,1.604376999360895,1.7910811860859193,1.375386477207079,1.5184519864658448,0.0798069293377901,-0.10689725738723421,0.073577932834068,-0.06948757642469783,False,False,0.05505845198084442,0.05505845198084442,0.05505216340085814,0.05505216340085814
2940,49.0,False,False,49.799838516103314,50.0,73.8700072650293,49.36452037372614,52.0184720252389,47.322275958839555,74.0,-0.20016148389668587,1.430310505601957,1.4446136106579766,1.4469192318364619,1.6823222059144012,1.4639975277903357,1.682115682156744,1.7113360772252235,1.4446136106579766,1.60442487560085,1.791160162534887,1.3541031241320072,1.60442487560085,1.791160162534887,1.3751246592703281,1.5182094340615586,0.07982408530966345,-0.10691120162437362,0.07359582340358206,-0.06948895138764843,False,False,0.05505216340085814,0.05505216340085814,0.05504589474369474,0.05504589474369474
2945,49.083333333333336,False,False,49.800484900479084,50.0,73.8723476237496,49.36516756469036,52.01944689168071,47.32245331297731,74.0,-0.19951509952091584,1.4300536898733804,1.4443542267721143,1.4466670466659433,1.6823800011588492,1.4637470592156356,1.6821741091834683,1.711397618175488,1.4443542267721143,1.6044725301422829,1.7912387905754237,1.3541501578919908,1.6044725301422829,1.7912387905754237,1.3748638897471446,1.5179679000600563,0.07984117239993571,-0.1069250880332051,0.073613673287942,-0.06949033702496976,False,False,0.05504589474369474,0.05504589474369474,0.0550396459082783,0.0550396459082783
2950,49.166666666666664,False,False,49.801129232810176,50.0,73.87468082267566,49.3658127006439,52.020418507025255,47.322630252231235,74.0,-0.198870767189824,1.429797916898764,1.4440958960677517,1.4464158949036006,1.682437621155266,1.4634973715992319,1.682232357608372,1.71145888173005,1.4440958960677517,1.6045199649184345,1.7913170726747059,1.3541970478736858,1.6045199649184345,1.7913170726747059,1.3746041627829315,1.5177273788033516,0.07985819094465585,-0.10693891681161549,0.07363148273559994,-0.06949173328482017,False,False,0.0550396459082783,0.0550396459082783,0.05503341679408164,0.05503341679408164
2955,49.25,False,False,49.8017715140392,50.0,73.87700688254085,49.36645578354088,52.021386880372724,47.322806773789154,74.0,-0.19822848596079723,1.4295431808657042,1.4438386126743612,1.4461657707931415,1.6824950668293543,1.4632484621615325,1.6822904283791238,1.7115198699098073,1.4438386126743612,1.6045671815825377,1.7913950110176022,1.3542437948385215,1.6045671815825377,1.7913950110176022,1.3743454725588642,1.5174878646674372,0.07987514110779492,-0.10695268832726956,0.07364925199307604,-0.06949314011549701,False,False,0.05503341679408164,0.05503341679408164,0.05502720730111303,0.05502720730111303
2960,49.333333333333336,False,False,49.80241174518309,50.0,73.87932582408109,49.36709681400722,52.02235201504505,47.32298286963178,74.0,-0.19758825481690678,1.4292894759971195,1.4435823707570907,1.4459166686131506,1.6825523391008024,1.4630003281299802,1.6823483224371898,1.7115805847907724,1.4435823707570907,1.604614182055947,1.7914726080548138,1.3542903995625695,1.604614182055947,1.7914726080548138,1.3740878132916634,1.5172493520620685,0.07989202326404143,-0.10696640273482538,0.07366698130497773,-0.06949455746542732,False,False,0.05502720730111303,0.05502720730111303,0.05502101732994613,0.05502101732994613
2965,49.416666666666664,False,False,49.80304992733193,50.0,73.88163766803396,49.36773579277963,52.023313918194766,47.323158535280804,74.0,-0.19695007266807352,1.4290367965510173,1.4433271645165275,1.4456685826768658,1.6826094388833357,1.4627529667390533,1.6824060407178862,1.7116410284305856,1.4433271645165275,1.604660968061239,1.7915498660359848,1.3543368627779728,1.604660968061239,1.7915498660359848,1.3738311792333489,1.5170118354305429,0.07990883760539913,-0.10698006036934671,0.07368467091401532,-0.06949598528317869,False,False,0.05502101732994613,0.05502101732994613,0.05501484678168525,0.05501484678168525
2970,49.5,False,False,49.80368606164797,50.0,73.883942435138,49.36837272142574,52.024272595893954,47.323333765327384,74.0,-0.19631393835202715,1.4287851368202644,1.4430729881884672,1.4454215073319459,1.682666367084769,1.4625063752302654,1.6824635841504347,1.711701202831773,1.4430729881884672,1.604707541360968,1.791626787248467,1.354383185246161,1.604707541360968,1.791626787248467,1.3735755646710164,1.5167753092494844,0.07992558441669395,-0.10699366147080513,0.07370232106101726,-0.06949742351745081,False,False,0.05501484678168525,0.05501484678168525,0.055008695557988534,0.055008695557988534
2975,49.583333333333336,False,False,49.80432014936454,50.0,73.88624014613197,49.36900760126788,52.02522805445252,47.32350855463189,74.0,-0.19567985063545734,1.4285344911323563,1.44281983604368,1.4451754369602505,1.6827231246070549,1.462260550852168,1.6825209536580106,1.71176110999686,1.44281983604368,1.6047539036936818,1.791703373953351,1.3544293676992767,1.6047539036936818,1.791703373953351,1.3733209639265958,1.5165397680286268,0.07994226395649107,-0.10700720630317817,0.07371993198494686,-0.06949887211708417,False,False,0.055008695557988534,0.055008695557988534,0.05500256356103693,0.05500256356103693
2980,49.666666666666664,False,False,49.804952191784956,50.0,73.88853082175412,49.36964043338458,52.02618029958074,47.323682897561504,74.0,-0.19504780821504397,1.4282848538491912,1.442567702387683,1.4449303659776112,1.6827797123463342,1.4620154908603504,1.6825781501577999,1.7118207519283715,1.442567702387683,1.6048000568146976,1.791779628426242,1.3544754108841062,1.6048000568146976,1.791779628426242,1.3730673713566304,1.516305206310599,0.07995887649787048,-0.10702069511367385,0.073737503922916,-0.06950033103105269,False,False,0.05500256356103693,0.05500256356103693,0.05499645069354544,0.05499645069354544
2985,49.75,False,False,49.805582190281655,50.0,73.89081448274145,49.37027121897152,52.027129337530845,47.32385678902886,74.0,-0.19441780971834532,1.4280362193668428,1.4423165815605112,1.4446862888336147,1.6828361311929831,1.4617711925174421,1.6826351745610437,1.7118801306104614,1.4423165815605112,1.6048460024407092,1.7918555529018922,1.3545213155181501,1.6048460024407092,1.7918555529018922,1.3728147813520404,1.5160716186707148,0.07997542229143084,-0.10703412816975222,0.07375503711020359,-0.06950180020847085,False,False,0.05499645069354544,0.05499645069354544,0.054990356858778226,0.054990356858778226
2990,49.833333333333336,False,False,49.80621014629501,50.0,73.89309114982912,49.370899959702385,52.02807517497718,47.32403022438295,74.0,-0.1937898537049918,1.427788582115336,1.4420664679364894,1.4444432000113776,1.682892382031663,1.461527653093112,1.682692027773092,1.71193924799054,1.4420664679364894,1.6048917422556912,1.7919311495800994,1.354567082362837,1.6048917422556912,1.7919311495800994,1.372563188337898,1.5158389997167563,0.07999190158955938,-0.10704750573484878,0.07377253178026688,-0.06950327959859148,False,False,0.054990356858778226,0.054990356858778226,0.05498428196050213,0.05498428196050213
2995,49.916666666666664,False,False,49.806836061332426,50.0,73.89536084374954,49.37152665737116,52.029017818490594,47.324203198930036,74.0,-0.1931639386675741,1.4275419365584259,1.4418173559240102,1.444201094027327,1.6829484657413682,1.4612848698640708,1.6827487106934553,1.7119981059976452,1.4418173559240102,1.60493727793652,1.7920064206513522,1.354612712106382,1.60493727793652,1.7920064206513522,1.3723125867732058,1.5156073440887712,0.08000831465370695,-0.10706082806112516,0.07378998816476101,-0.06950476915080439,False,False,0.05498428196050213,0.05498428196050213,0.054978225903023266,0.054978225903023266
3000,50.0,False,False,49.80745993696739,50.0,73.89762358523187,49.372151312815696,52.02995727306144,47.32437570658909,74.0,-0.1925400630326095,1.4272962771933728,1.4415692399653066,1.4439599654309885,1.6830043831954713,1.4610428401140703,1.6828052242158462,1.7120567065975592,1.4415692399653066,1.604982611224828,1.7920813683686816,1.3546582054955707,1.604982611224828,1.7920813683686816,1.3720629711506651,1.515376646458857,0.08002466177112244,-0.10707409537273116,0.07380740649355033,-0.0695062688146415,False,False,0.054978225903023266,0.054978225903023266,0.054972188591172276,0.054972188591172276
3005,50.083333333333336,False,False,49.808081774838364,50.0,73.8998793950012,49.37277392843448,52.03089354727805,47.32454774460538,74.0,-0.19191822516163626,1.427051598550727,1.4413221145362343,1.4437198088047611,1.683060135261772,1.460801561133906,1.6828615692282392,1.7121150516642047,1.4413221145362343,1.6050277436754388,1.7921559947961185,1.354703563233261,1.6050277436754388,1.7921559947961185,1.3718143359964607,1.5151469015309602,0.08004094313191379,-0.10708730798876598,0.07382478699472594,-0.06950777853977352,False,False,0.054972188591172276,0.054972188591172276,0.0549661699302819,0.0549661699302819
3010,50.166666666666664,False,False,49.80870157664792,50.0,73.90212829377796,49.37339450531363,52.031826645189945,47.32471930614328,74.0,-0.19129842335208025,1.4268078951941068,1.441075974146048,1.4434806187637106,1.6831157228025415,1.4605610302214176,1.6829177466129086,1.7121731431266198,1.441075974146048,1.6050726770518389,1.7922303022041646,1.3547487860223102,1.6050726770518389,1.7922303022041646,1.3715666758700373,1.5149181040406676,0.08005715907754474,-0.10710046607478096,0.07384212989461969,-0.0695092982760106,False,False,0.0549661699302819,0.0549661699302819,0.0549601698262133,0.0549601698262133
3015,50.25,False,False,49.80931934416173,50.0,73.90437030227724,49.37401304574367,52.03275657573058,47.32489038886353,74.0,-0.1906806558382712,1.4265651617199837,1.4408308133371837,1.4432423899553526,1.6831711466745685,1.4603212446814895,1.6829737572464827,1.712230982840356,1.4408308133371837,1.6051174128683798,1.7923042926120112,1.3547938745802186,1.6051174128683798,1.7923042926120112,1.3713199853638767,1.5146902487550007,0.08007330977165528,-0.10711356997197607,0.07385943541781703,-0.06951082797330699,False,False,0.0549601698262133,0.0549601698262133,0.05495418818533139,0.05495418818533139
3020,50.333333333333336,False,False,49.80993507920771,50.0,73.90660544120803,49.37462955142437,52.0336833436905,47.32506098670572,74.0,-0.1900649207922882,1.4263233927574666,1.4405866266850413,1.4430051170594387,1.6832264077292054,1.4600822018260504,1.6830296019999853,1.7122885726793355,1.4405866266850413,1.6051619528289915,1.7923779682262608,1.354838829609844,1.6051619528289915,1.7923779682262608,1.371074259103287,1.5144633304722166,0.08008939554692529,-0.107126619850344,0.07387670378717526,-0.06951236758175439,False,False,0.05495418818533139,0.05495418818533139,0.05494822491452365,0.05494822491452365
3025,50.416666666666664,False,False,49.81054878367499,50.0,73.90883373127264,49.37524402382561,52.03460695607751,47.325231095677836,74.0,-0.18945121632501127,1.426082582968088,1.440343408797769,1.4427687947877517,1.6832815068124118,1.4598438989740765,1.6830852817388855,1.712345914517482,1.440343408797769,1.6052062985181985,1.7924513311319519,1.3548836517994005,1.6052062985181985,1.7924513311319519,1.3708294917461792,1.514237344021604,0.0801054166144699,-0.10713961599928346,0.07389393522383503,-0.06951391705158971,False,False,0.05494822491452365,0.05494822491452365,0.05494227992116761,0.05494227992116761
3030,50.5,False,False,49.811160459513005,50.0,73.91105519316613,49.375856465266864,52.035527419881085,47.32540071182081,74.0,-0.18883954048699536,1.4258427270455931,1.4401011543160491,1.4425334178838916,1.6833364447647983,1.45960633345159,1.6831407973231454,1.7124030101736025,1.4401011543160491,1.6052504515098374,1.7925243834012863,1.3549283418517462,1.6052504515098374,1.7925243834012863,1.3705856779828602,1.5140122842632846,0.08012137322768376,-0.10715255866376516,0.07391112994723548,-0.06951547633318889,False,False,0.05494227992116761,0.05494227992116761,0.0549363531131503,0.0549363531131503
3035,50.583333333333336,False,False,49.81177010873064,50.0,73.91326984757549,49.376466877840706,52.036444741684925,47.32556983085554,74.0,-0.18822989126935852,1.4256038197157266,1.4398598579128838,1.4422989811230724,1.6833912224216712,1.4593695025916615,1.683196149607261,1.7124598614665048,1.4398598579128838,1.6052944133859528,1.792597127112537,1.3549729004404527,1.6052944133859528,1.792597127112537,1.3703428125358086,1.5137881460880112,0.08013726564603219,-0.10716544808055195,0.07392828817512731,-0.06951704537707526,False,False,0.0549363531131503,0.0549363531131503,0.05493044439886218,0.05493044439886218
3040,50.666666666666664,False,False,49.812377733395266,50.0,73.91547771517912,49.37707526341419,52.037358927916486,47.32573844840986,74.0,-0.18762226660473402,1.425365855736026,1.4396195142933863,1.4420654793119099,1.683445840613075,1.4591334037344081,1.6832513394403086,1.712516470214996,1.4396195142933863,1.605338185724746,1.7926695643380048,1.3550173282537346,1.605338185724746,1.7926695643380048,1.3701008901594771,1.5135649244169778,0.08015309412300886,-0.10717828449025002,0.07394541012359146,-0.06951862413390919,False,False,0.05493044439886218,0.05493044439886218,0.05492455368718408,0.05492455368718408
3045,50.75,False,False,49.812983335631905,50.0,73.9176788166462,49.37768162434913,52.03826998590052,47.32590656097718,74.0,-0.1870166643680946,1.425128829895612,1.439380118194568,1.4418329072882274,1.6835003001638342,1.4588980342269964,1.6833063676659912,1.7125728382011403,1.439380118194568,1.6053817700494641,1.7927416970929158,1.3550616259651633,1.6053817700494641,1.7927416970929158,1.3698599056400687,1.5133426142016126,0.0801688588917755,-0.10719106815167612,0.07396249600704463,-0.06952021255449936,False,False,0.05492455368718408,0.05492455368718408,0.054918680887500314,0.054918680887500314
3050,50.833333333333336,False,False,49.81358691762227,50.0,73.91987317263603,49.37828596242533,52.03917792137538,47.326074163655534,74.0,-0.18641308237773302,1.4248927370149829,1.4391416643851327,1.4416012599208408,1.6835546018935974,1.4586633914236422,1.6833612351226814,1.7126289672253734,1.4391416643851327,1.6054251679491454,1.7928135274561803,1.355105794277597,1.6054251679491454,1.7928135274561803,1.3696198537953368,1.5131212104233946,0.08018456023080689,-0.10720379927622803,0.07397954603826196,-0.0695218105897959,False,False,0.054918680887500314,0.054918680887500314,0.054912825909672995,0.054912825909672995
3055,50.916666666666664,False,False,49.814188481603985,50.0,73.92206080379746,49.378888280279575,52.04008274249841,47.326241253793036,74.0,-0.18581151839601517,1.4246575719458099,1.438904147665268,1.4413705321093657,1.6836087466168774,1.4584294726856106,1.6834159426434618,1.7126848590330155,1.438904147665268,1.6054683808840877,1.7928850573758648,1.3551498338206784,1.6054683808840877,1.7928850573758648,1.3693807294743743,1.5129007080936536,0.0802001983428493,-0.10721647814892776,0.07399656042838565,-0.0695234181908937,False,False,0.054912825909672995,0.054912825909672995,0.05490698866406885,0.05490698866406885
3060,51.0,False,False,49.81478802986968,50.0,73.92424173076823,49.37948857996963,52.040984454875996,47.3264078264639,74.0,-0.1852119701303181,1.4244233295707327,1.43866756286644,1.441140718784014,1.6836627351430935,1.4581962753812154,1.6834704910561722,1.7127405153877588,1.43866756286644,1.6055114104273933,1.792956288910753,1.3551937452972653,1.6055114104273933,1.792956288910753,1.3691425275574083,1.5126811022533782,0.08021577352299425,-0.10722910496036553,0.07401353938693811,-0.06952503530903176,False,False,0.05490698866406885,0.05490698866406885,0.05490116906153005,0.05490116906153005
3065,51.083333333333336,False,False,49.81538556476605,50.0,73.92641597417443,49.38008686369425,52.041883065943395,47.32657387845484,74.0,-0.1846144352339465,1.4241900048031586,1.4384319048511902,1.4409118149053932,1.6837165682766109,1.4579637968858221,1.683524881183453,1.7127959380349238,1.4384319048511902,1.6055542580522384,1.7930272240176193,1.3552375293516434,1.6055542580522384,1.7930272240176193,1.368905242955595,1.5124623879730292,0.08023128598269547,-0.10724167998268541,0.07403048312183902,-0.0695266618955952,False,False,0.05490116906153005,0.05490116906153005,0.0548953670133723,0.0548953670133723
3070,51.166666666666664,False,False,49.81598108869323,50.0,73.92858355462988,49.380683134154125,52.04277858278107,47.326739406277056,74.0,-0.18401891130677228,1.4239575925870607,1.4381971685129313,1.440683815464312,1.6837702468167828,1.4577320345818445,1.6835791138427787,1.7128511286830872,1.4381971685129313,1.6055969252380458,1.7930978646574132,1.3552811866427419,1.6055969252380458,1.7930978646574132,1.3686688706108192,1.512244560352347,0.08024673597432597,-0.10725420344504144,0.07404739183941556,-0.06952829790211212,False,False,0.0548953670133723,0.0548953670133723,0.05488958243141908,0.05488958243141908
3075,51.25,False,False,49.81657460410376,50.0,73.93074449273553,49.38127739383446,52.04367101229894,47.32690440633381,74.0,-0.18342539589624351,1.4237260878967795,1.4379633487757473,1.440456715481583,1.6838237715579885,1.4575009858587475,1.6836331898465102,1.7129060890408254,1.4379633487757473,1.6056394134616003,1.7931682127863848,1.3553247178294896,1.6056394134616003,1.7931682127863848,1.3684334054954894,1.5120276145201645,0.08026212374555941,-0.10726667557922509,0.07406426574441727,-0.06952994328025786,False,False,0.05488958243141908,0.05488958243141908,0.054883815227947344,0.054883815227947344
3080,51.333333333333336,False,False,49.8171661135019,50.0,73.93289880907895,49.38186964536569,52.04456036172636,47.327068875366095,74.0,-0.18283388649810206,1.4234954857368247,1.437730440594193,1.440230510007827,1.6838771432896749,1.4572706481130455,1.6836871100019268,1.7129608207983438,1.437730440594193,1.6056817241733166,1.7932382703323595,1.3553681235561728,1.6056817241733166,1.7932382703323595,1.368198842612341,1.5118115456342203,0.08027744953401572,-0.10727909662502721,0.07408110504002718,-0.06953159798185204,False,False,0.054883815227947344,0.054883815227947344,0.05487806531572278,0.05487806531572278
3085,51.416666666666664,False,False,49.81775561944264,50.0,73.93504652423361,49.3824598908062,52.04544663709237,47.32723280906915,74.0,-0.18224438055735703,1.4232657811416793,1.4374984389530963,1.4400051941232808,1.6839303627963944,1.4570410187483038,1.6837408751112755,1.7130153256642189,1.4374984389530963,1.605723858871143,1.7933080392686531,1.3554114044670769,1.605723858871143,1.7933080392686531,1.3679651769942345,1.511596348880975,0.08029271360443424,-0.10729146679307577,0.07409790992787868,-0.06953326195886178,False,False,0.05487806531572278,0.05487806531572278,0.05487233260796073,0.05487233260796073
3090,51.5,False,False,49.81834312453113,50.0,73.93718765875852,49.383048133081175,52.04632984661685,47.3273962051787,74.0,-0.18165687546886744,1.4230369691756033,1.4372673388673594,1.4397807629376047,1.6839834308578436,1.4568120951751373,1.6837944859718026,1.713069605291912,1.4372673388673594,1.6057658189358786,1.7933775214493972,1.3554545612064886,1.6057658189358786,1.7933775214493972,1.3677324037039602,1.5113820194754222,0.08030791615748512,-0.10730378635603355,0.07411468060806281,-0.06953493516339915,False,False,0.05487233260796073,0.05487233260796073,0.05486661701837572,0.05486661701837572
3095,51.583333333333336,False,False,49.81892863142166,50.0,73.93932223319752,49.38363437454641,52.047209996131635,47.32755905930322,74.0,-0.18107136857833694,1.4228090449324404,1.4370371353817648,1.4395572115896913,1.6840363482489025,1.4565838748112108,1.6838479433758013,1.7131236613532566,1.4370371353817648,1.6058076058536983,1.7934467188320735,1.3554975944186936,1.6058076058536983,1.7934467188320735,1.3675005178340411,1.5111685526609109,0.08032305747881696,-0.10731605549955825,0.07413141727914607,-0.06953661754772367,False,False,0.05486661701837572,0.05486661701837572,0.05486091846112138,0.05486091846112138
3100,51.666666666666664,False,False,49.81951214281707,50.0,73.94145026807877,49.38421861842727,52.048087094421305,47.32772136978456,74.0,-0.18048785718293203,1.422582003535427,1.4368078235707813,1.439334535247476,1.68408911573967,1.4563563550812375,1.6839012481106446,1.71317749546497,1.4368078235707813,1.6058492209567543,1.793515633218123,1.3555405047333353,1.6058492209567543,1.793515633218123,1.3672695145065412,1.5109559437089637,0.08033813775315313,-0.10732827450821558,0.0741481201381824,-0.06953830906424008,False,False,0.05486091846112138,0.05486091846112138,0.05485523685083772,0.05485523685083772
3105,51.75,False,False,49.82009366146783,50.0,73.94357178391425,49.384800867022996,52.048961146796664,47.327883131848715,74.0,-0.1799063385321702,1.4223558401369987,1.4365793985383686,1.4391127291077526,1.6841417340955047,1.4561295334169804,1.6839544009588265,1.713231109280514,1.4365793985383686,1.6058906657354561,1.793584266565239,1.355583292765414,1.6058906657354561,1.793584266565239,1.3670393888728656,1.5107441879190888,0.08035315728472514,-0.10734044354505778,0.07416478938072024,-0.069540009665503,False,False,0.05485523685083772,0.05485523685083772,0.05484957210261071,0.05484957210261071
3110,51.833333333333336,False,False,49.82067319017131,50.0,73.94568680119916,49.38538112350512,52.049832162218074,47.328044344088646,74.0,-0.17932680982868732,1.4221305499186028,1.4363518554177888,1.4388917883959773,1.6841942040770592,1.4559034072572512,1.6840074026980045,1.7132845043982343,1.4363518554177888,1.6059319414924782,1.7936526206413785,1.3556259591738582,1.6059319414924782,1.7936526206413785,1.3668101361135787,1.5105332806186131,0.08036811624314422,-0.10735256290575612,0.07418142520082438,-0.06954171930421005,False,False,0.05484957210261071,0.05484957210261071,0.05484392413198435,0.05484392413198435
3115,51.916666666666664,False,False,49.821250731771066,50.0,73.94779534041142,49.38595939048108,52.05070014633791,47.32820500213195,74.0,-0.178749268228934,1.4219061280905079,1.4361251893714129,1.4386717083660958,1.6842465264403175,1.4556779740479082,1.684060254101031,1.7133376824348487,1.4361251893714129,1.6059730496808293,1.7937206973628448,1.3556685045443828,1.6059730496808293,1.7937206973628448,1.3665817514382022,1.5103232171624907,0.08038301492799604,-0.10736463275401942,0.07419802779107787,-0.06954343793321072,False,False,0.05484392413198435,0.05484392413198435,0.054838292854966775,0.054838292854966775
3120,52.0,False,False,49.82182628915603,50.0,73.94989742201115,49.38653567071441,52.05156510714704,47.32836510377949,74.0,-0.17817371084397138,1.4216825698916191,1.4358993955905353,1.4384524843003463,1.684298701936632,1.4554532312418582,1.6841129559359962,1.7133906449887035,1.4358993955905353,1.6060139916296123,1.7937884985200527,1.3557109295212741,1.6060139916296123,1.7937884985200527,1.366354230085037,1.5101139929331404,0.0803978535313492,-0.10737665335909119,0.07421459734260516,-0.06954516550549816,False,False,0.054838292854966775,0.054838292854966775,0.05483267818801305,0.05483267818801305
3125,52.083333333333336,False,False,49.82239986525984,50.0,73.95199306644014,49.387109967485465,52.05242705198394,47.32852464628305,74.0,-0.17760013474016034,1.42145987058929,1.4356744692951828,1.4382341115090886,1.6843507313127588,1.4552291762990535,1.68416550896626,1.7134433936214009,1.4356744692951828,1.6060547686893898,1.793856025922907,1.355753234719532,1.6060547686893898,1.793856025922907,1.3661275673209663,1.5099056033402556,0.08041263230150619,-0.10738862493201107,0.07423113404507276,-0.06954690197421654,False,False,0.05483267818801305,0.05483267818801305,0.05482708004803589,0.05482708004803589
3130,52.166666666666664,False,False,49.82297146306002,50.0,73.95408229412139,49.38768228351443,52.053285987627724,47.328683626429914,74.0,-0.17702853693997866,1.4212380254791401,1.4354504057339315,1.4380165853306108,1.6844026153108935,1.455005806686491,1.6842179139504956,1.713495929912915,1.4354504057339315,1.6060953822277264,1.7939232813963488,1.3557954207248715,1.6060953822277264,1.7939232813963488,1.3659017584412765,1.5096980438206433,0.08042735148343372,-0.1074005476851887,0.07424763808671186,-0.06954864729265497,False,False,0.05482708004803589,0.05482708004803589,0.054821498352384306,0.054821498352384306
3135,52.25,False,False,49.82354108557729,50.0,73.95616512545848,49.38825262204094,52.054141922056594,47.32884204214284,74.0,-0.17645891442271022,1.4210170298848706,1.4352272001837192,1.43779990113096,1.6844543546687063,1.4547831198782133,1.684270171642722,1.7135482554064765,1.4352272001837192,1.606135833543837,1.7939902666950167,1.3558374881669353,1.606135833543837,1.7939902666950167,1.3656767987694653,1.5094913098380418,0.08044201128854023,-0.10741242186263955,0.07426410965432262,-0.06955040141425384,False,False,0.054821498352384306,0.054821498352384306,0.05481593301885724,0.05481593301885724
3140,52.333333333333336,False,False,49.82410873587492,50.0,73.95824158083522,49.388820985746975,52.05499486151409,47.32899988980998,74.0,-0.17589126412507738,1.420796879158082,1.4350048479496629,1.4375840543037537,1.684505950119377,1.454561113355306,1.6843222827923376,1.7136003716636878,1.4350048479496629,1.6061761240111616,1.7940569836458269,1.355879437646081,1.6061761240111616,1.7940569836458269,1.3654526836570648,1.5092853968829525,0.08045661198213905,-0.10742424765252623,0.07428054893328961,-0.06955216429259803,False,False,0.05481593301885724,0.05481593301885724,0.054810383965708025,0.054810383965708025
3145,52.416666666666664,False,False,49.824674417057864,50.0,73.96031168061505,49.38938737819595,52.055844814801624,47.329157168191,74.0,-0.1753255829421363,1.4205775686780953,1.4347833443648763,1.4373690402700086,1.6845574023916277,1.454339784605897,1.6843742481441648,1.7136522801910359,1.4347833443648763,1.606216254868916,1.7941234339395373,1.3559212697626664,1.606216254868916,1.7941234339395373,1.3652294084834515,1.50908030047247,0.08047115374850144,-0.10743602532211982,0.07429695610759368,-0.06955393588142478,False,False,0.054810383965708025,0.054810383965708025,0.05480485111160453,0.05480485111160453
3150,52.5,False,False,49.82523813227218,50.0,73.96237544514062,49.38995180239622,52.05669178812457,47.32931387372673,74.0,-0.17476186772781688,1.42035909385177,1.4345626847902877,1.4371548544779609,1.68460871220976,1.4541191311251531,1.6844260684384766,1.7137039825133797,1.4345626847902877,1.6062562274725123,1.7941896193811684,1.3559629850877628,1.6062562274725123,1.7941896193811684,1.3650069686556705,1.5088760161501078,0.08048563686778865,-0.10744775504086745,0.0743133313598201,-0.0695557161346172,False,False,0.05480485111160453,0.05480485111160453,0.054799334375673844,0.054799334375673844
3155,52.583333333333336,False,False,49.825799884704374,50.0,73.96443289473328,49.390514261521155,52.05753578958946,47.32947000463123,74.0,-0.1742001152956263,1.420141450113329,1.4343428646144623,1.4369414924028892,1.6846598802936856,1.4538991504152832,1.6844777444110335,1.7137554801372061,1.4343428646144623,1.6062960430751678,1.7942555416716321,1.3560045842510136,1.6062960430751678,1.7942555416716321,1.3647853596082542,1.5086725394856382,0.08050006153442602,-0.10745943706203831,0.07432967487117592,-0.06955750500620805,False,False,0.054799334375673844,0.054799334375673844,0.05479383367747696,0.05479383367747696
3160,52.666666666666664,False,False,49.826359677580584,50.0,73.96648404969262,49.391074758551085,52.05837682573496,47.329625557735056,74.0,-0.1736403224194163,1.4199246329241793,1.434123879253421,1.4367289495469462,1.6847109073589623,1.4536798399855315,1.6845292767931213,1.7138067745690022,1.434123879253421,1.6063357029964773,1.7943212025763013,1.3560460678234905,1.6063357029964773,1.7943212025763013,1.3645645768030432,1.5084698660749154,0.08051442800729913,-0.10747107157252489,0.0743459868214944,-0.06955930245037778,False,False,0.05479383367747696,0.05479383367747696,0.05478834893699619,0.05478834893699619
3165,52.75,False,False,49.826917514165984,50.0,73.968528930296,49.39163329699318,52.05921490495526,47.3297805316,74.0,-0.17308248583401564,1.4197086377727375,1.433905724150465,1.4365172214389794,1.6847617941168251,1.4534611973521805,1.6845806663115828,1.7138578672785116,1.433905724150465,1.6063752084561878,1.7943866037588003,1.3560874363762652,1.6063752084561878,1.7943866037588003,1.3643446157290067,1.5082679915397184,0.08052873648028869,-0.10748265882232388,0.07436226738925344,-0.06956110842145824,False,False,0.05478834893699619,0.05478834893699619,0.0547828800746498,0.0547828800746498
3170,52.833333333333336,False,False,49.82747339776414,50.0,73.97056755679807,49.39218988016403,52.060050034110326,47.329934923434394,74.0,-0.17252660223586247,1.4194934601742548,1.4336883947759973,1.4363063036343626,1.68481254127422,1.4532432200385452,1.6846319136888526,1.7139087597354774,1.4336883947759973,1.6064145607389126,1.794451746945726,1.356128690524338,1.6064145607389126,1.794451746945726,1.3641254719020692,1.5080669115275778,0.08054298721024855,-0.10749419899656476,0.07437851675158047,-0.06956292287392807,False,False,0.0547828800746498,0.0547828800746498,0.05477742701128888,0.05477742701128888
3175,52.916666666666664,False,False,49.82802733171624,50.0,73.97259994943032,49.39274451119078,52.06088222068824,47.33008873106055,74.0,-0.17197266828375746,1.4192790956706447,1.4334718866273513,1.4360961917148236,1.684863149533836,1.4530259055749746,1.6846830196429894,1.7139594534096432,1.4334718866273513,1.606453761089161,1.7945166338216818,1.3561698308094947,1.606453761089161,1.7945166338216818,1.3639071408649373,1.5078666217116203,0.08055718041203863,-0.10750569232048224,0.07439473508426908,-0.069564745762414,False,False,0.05477742701128888,0.05477742701128888,0.0547719896681771,0.0547719896681771
3180,53.0,False,False,49.82857931940059,50.0,73.97462612840067,49.39329719373115,52.06171147263984,47.33024195276399,74.0,-0.17142068059941096,1.4190655398303107,1.4332561952286138,1.4358868812882788,1.684913619594137,1.4528092514988478,1.6847339848877128,1.7140099497340089,1.4332561952286138,1.6064928107194345,1.79458126603739,1.3562108578320933,1.6064928107194345,1.79458126603739,1.363689618186918,1.5076671177903984,0.08057131630338121,-0.10751713901457438,0.07441092256178461,-0.06956657704169578,False,False,0.0547719896681771,0.0547719896681771,0.05476656796701545,0.05476656796701545
3185,53.083333333333336,False,False,49.82912936423183,50.0,73.97664611389298,49.39384793125589,52.062537797275915,47.33039458628974,74.0,-0.17087063576816774,1.418852788247974,1.4330413161304538,1.4356783679886582,1.684963952149394,1.452593255354572,1.6847848101324312,1.7140602501415743,1.4330413161304538,1.6065317108638548,1.7946456452633208,1.3562517721632048,1.6065317108638548,1.7946456452633208,1.363472899463755,1.507468395487733,0.08058539512174656,-0.10752853927771944,0.07442707935727921,-0.06956841666669877,False,False,0.05476656796701545,0.05476656796701545,0.0547611618299147,0.0547611618299147
3190,53.166666666666664,False,False,49.82967746966038,50.0,73.97865992606664,49.39439672669042,52.06336120136687,47.33054662893292,74.0,-0.17032253033961808,1.4186408365445071,1.4328272449099522,1.4354706474757442,1.685014147889716,1.4523779146935814,1.6848354960822784,1.714110356083711,1.4328272449099522,1.606570462773376,1.7947097731849146,1.356292574344616,1.606570462773376,1.7947097731849146,1.3632569803174535,1.5072704505525543,0.08059941710120366,-0.10753989331033509,0.0744432056426021,-0.06957026459249871,False,False,0.0547611618299147,0.0547611618299147,0.0547557711794073,0.0547557711794073
3195,53.25,False,False,49.83022363917178,50.0,73.98066758505611,49.39494358421329,52.06418169410744,47.33069808023603,74.0,-0.169776360828223,1.4184296803667615,1.4326139771704292,1.4352637154350039,1.685064207501081,1.4521632270743337,1.6848860434381445,1.7141602689383035,1.4326139771704292,1.6066090675718552,1.7947736513586647,1.3563332649620408,1.6066090675718552,1.7947736513586647,1.363041856396107,1.5070732787587362,0.0806133824203612,-0.10755120136644836,0.07445930158830705,-0.06957212077432207,False,False,0.0547557711794073,0.0547557711794073,0.05475039593844213,0.05475039593844213
3200,53.333333333333336,False,False,49.830767876286075,50.0,73.98266911097058,49.39548850674122,52.06499928099306,47.33084893641677,74.0,-0.16923212371392538,1.4182193153874045,1.4324015085412787,1.4350575675774215,1.6851141316653684,1.451949190062308,1.6849364528967063,1.7142099901383516,1.4324015085412787,1.6066475265535352,1.794837281509604,1.3563738445865512,1.6066475265535352,1.794837281509604,1.3628275233737372,1.5068768759049478,0.08062729137125246,-0.10756246358481647,0.07447536736366911,-0.06957398516754143,False,False,0.05475039593844213,0.05475039593844213,0.05474503603038325,0.05474503603038325
3205,53.416666666666664,False,False,49.831310184557175,50.0,73.98466452389339,49.39603149844647,52.065813971960864,47.33099919777549,74.0,-0.1686898154428249,1.4180097373047496,1.432189834677797,1.4348521996393426,1.6851639210603857,1.4517358012300032,1.684986725150462,1.7142595210433682,1.432189834677797,1.6066858407876963,1.7949006651359662,1.3564143137452902,1.6066858407876963,1.7949006651359662,1.362613976950114,1.5066812378144838,0.08064114409259804,-0.10757368025567193,0.07449140313668678,-0.06957585772768304,False,False,0.05474503603038325,0.05474503603038325,0.05473969137899761,0.05473969137899761
3210,53.5,False,False,49.8318505675723,50.0,73.98665384388174,49.39657256260116,52.066625772572436,47.331148860671995,74.0,-0.16814943242769687,1.4178009418425934,1.4319789512610193,1.434647607382299,1.6852135763599037,1.4515230581569343,1.6850368608877597,1.7143088630496095,1.4319789512610193,1.6067240115469672,1.794963803937504,1.3564546730093299,1.6067240115469672,1.794963803937504,1.3624012128506007,1.5064863603351217,0.08065494088789449,-0.1075848515026423,0.07450740907410247,-0.06957773841041859,False,False,0.05473969137899761,0.05473969137899761,0.05473436190847324,0.05473436190847324
3215,53.583333333333336,False,False,49.832389028951305,50.0,73.98863709096634,49.397111702656936,52.06743469145066,47.331297924292215,74.0,-0.1676109710486955,1.4175929247500523,1.4317688539975528,1.4344437865928612,1.6852630982336818,1.451310958429629,1.6850868607928302,1.7143580175349598,1.4317688539975528,1.60676203994618,1.7950266994543542,1.3564949229350987,1.60676203994618,1.7950266994543542,1.362189226825981,1.506292239338956,0.08066868191939447,-0.10759597758877981,0.07452338534140313,-0.06957962717157185,False,False,0.05473436190847324,0.05473436190847324,0.054729047543390745,0.054729047543390745
3220,53.666666666666664,False,False,49.832925572346134,50.0,73.99061428515077,49.39764892224599,52.06824073554236,47.331446386337426,74.0,-0.1670744276538656,1.4173856818013983,1.4315595386194124,1.4342407330824685,1.6853124873475005,1.451099499641628,1.685136725545815,1.714406985858932,1.4315595386194124,1.606799927172517,1.7950893532971919,1.356535064064383,1.606799927172517,1.7950893532971919,1.361978014652297,1.5060988707222502,0.08068236743825996,-0.10760705868641485,0.07453933210283781,-0.06958152396711537,False,False,0.054729047543390745,0.054729047543390745,0.054723748208746065,0.054723748208746065
3225,53.75,False,False,49.83346020144022,50.0,73.99258544641133,49.39818422554179,52.069043913744714,47.33159424632372,74.0,-0.16653979855978207,1.4171792087958988,1.4313510008838577,1.4340384426872737,1.6853617443631903,1.4508886793934772,1.6851864558228014,1.7144557693442948,1.4313510008838577,1.6068376743094415,1.7951517669711663,1.3565750969389683,1.6068376743094415,1.7951517669711663,1.361767572130687,1.5059062504052805,0.08069599762687152,-0.10761809503485331,0.07455524952142278,-0.0695834287531707,False,False,0.054723748208746065,0.054723748208746065,0.05471846382993007,0.05471846382993007
3230,53.833333333333336,False,False,49.83399291994791,50.0,73.99455059469656,49.398717615822235,52.069844232175235,47.33174150127798,74.0,-0.16600708005208986,1.4169735015576557,1.4311432365732322,1.4338369112679836,1.6854108699386583,1.4506784952927283,1.6852360522958478,1.7145043693505613,1.4311432365732322,1.6068752825664796,1.7952139421056958,1.356615022100641,1.6068752825664796,1.7952139421056958,1.3615578950872231,1.5057143743321895,0.08070957275513457,-0.10762908678408167,0.0745711377589573,-0.06958534148600903,False,False,0.05471846382993007,0.05471846382993007,0.0547131943327388,0.0547131943327388
3235,53.916666666666664,False,False,49.834523731613864,50.0,73.99650974992676,49.39924909690868,52.070641699609226,47.331888150685096,74.0,-0.16547626838613638,1.4167685559354464,1.4309362414948008,1.4336361347097064,1.6854598647279209,1.4504689449539343,1.6852855156330155,1.7145527872005004,1.4309362414948008,1.606912753015196,1.7952758801904476,1.356654840091187,1.606912753015196,1.7952758801904476,1.3613489793727493,1.5055232384708275,0.08072309298994718,-0.10764003418530432,0.07458699697602666,-0.06958726212205146,False,False,0.0547131943327388,0.0547131943327388,0.05470793964335769,0.05470793964335769
3240,54.0,False,False,49.83505264021254,50.0,73.99846293199379,49.39977867280766,52.071436323411234,47.332034192785954,74.0,-0.16494735978746178,1.4165643678025652,1.430730011480591,1.4334361089217884,1.6855087293811286,1.4502600259986462,1.6853348464983977,1.7146010241985095,1.430730011480591,1.6069500867868467,1.795337582772998,1.3566945514377495,1.6069500867868467,1.795337582772998,1.3611408208627231,1.5053328388126084,0.08073655857448858,-0.10765093741166276,0.0746028273320174,-0.06958919061786784,False,False,0.05470793964335769,0.05470793964335769,0.054702699688377834,0.054702699688377834
3245,54.083333333333336,False,False,49.835579649547505,50.0,74.00041016076051,49.40030634699293,52.07222811091952,47.33217962583683,74.0,-0.16442035045249526,1.4163609330566673,1.430524542387234,1.4332368298376656,1.6855574645445963,1.4500517360554102,1.6853840455521512,1.7146490816673576,1.430524542387234,1.6069872850051994,1.7953990513916647,1.3567341566674713,1.6069872850051994,1.7953990513916647,1.3609334154570552,1.5051431713723595,0.08074996972430704,-0.10766179666215825,0.07461862898512561,-0.06959112693017877,False,False,0.054702699688377834,0.054702699688377834,0.05469747439476457,0.05469747439476457
3250,54.166666666666664,False,False,49.83610476345112,50.0,74.00235145606055,49.400832123485074,52.073017070381425,47.33232444896029,74.0,-0.16389523654888194,1.4161582476196113,1.4303198300958073,1.4330382934147075,1.68560607086083,1.449844072759762,1.6854331134505205,1.7146969608930704,1.4303198300958073,1.6070243487411562,1.7954602875301333,1.3567736563221389,1.6070243487411562,1.7954602875301333,1.360726759079955,1.5049542321881735,0.08076332663706287,-0.10767261215191426,0.07463440209236616,-0.06959307101585233,False,False,0.05469747439476457,0.05469747439476457,0.054692263689905096,0.054692263689905096
3255,54.25,False,False,49.836627985783686,50.0,74.00428683769789,49.401356006133625,52.07380320914873,47.33246866050303,74.0,-0.1633720142163142,1.4159563074373063,1.4301158705116794,1.4328404956340641,1.6856545489685557,1.4496370337542257,1.6854820508458703,1.7147446631616732,1.4301158705116794,1.6070612791004593,1.7955212927051716,1.356813050928895,1.6070612791004593,1.7955212927051716,1.3605208476797728,1.504766017321262,0.0807766295434984,-0.10768338406121392,0.0746501468095826,-0.06959502283190666,False,False,0.054692263689905096,0.054692263689905096,0.05468706750153647,0.05468706750153647
3260,54.333333333333336,False,False,49.83714932043315,50.0,74.00621632544646,49.40187799897759,52.07458653543506,47.332612259634566,74.0,-0.1628506795668514,1.4157551084795559,1.4299126595643514,1.4326434325005173,1.6857028995027448,1.4494306166883086,1.6855308583867121,1.7147921897408196,1.4299126595643514,1.6070980771383947,1.7955820683813437,1.35685234100024,1.6070980771383947,1.7955820683813437,1.3603156772288405,1.5045785228558077,0.08078987864052412,-0.1076941126024249,0.0746658632914563,-0.06959698233551093,False,False,0.05468706750153647,0.05468706750153647,0.054681885757811965,0.054681885757811965
3265,54.416666666666664,False,False,49.837668771314455,50.0,74.00813993904987,49.402398105887116,52.07536705659251,47.33275524477913,74.0,-0.16233122868554517,1.4155546467399076,1.4297101932073066,1.432447100042324,1.685751123094644,1.4492248192184969,1.6855795367177333,1.7148395418981637,1.4297101932073066,1.6071347439435422,1.7956426160547627,1.356891527063317,1.6071347439435422,1.7956426160547627,1.3601112437233263,1.5043917448988262,0.08080307415659904,-0.10770479795462151,0.07468155169151958,-0.06959894948398038,False,False,0.054681885757811965,0.054681885757811965,0.05467671838725697,0.05467671838725697
3270,54.5,False,False,49.83818634236904,50.0,74.01005769822103,49.402916330564516,52.07614478021188,47.3328976146165,74.0,-0.16181365763095812,1.4153549182355,1.429508467417855,1.4322514943110762,1.6857992203717993,1.4490196390082528,1.6856280864798228,1.7148867209013587,1.429508467417855,1.607171280584396,1.7957029371997244,1.3569306096159837,1.607171280584396,1.7957029371997244,1.3599075431830725,1.5042056795800123,0.08081621629836566,-0.10771544031696267,0.07469721216215719,-0.06960092423478259,False,False,0.05467671838725697,0.05467671838725697,0.05467156531878026,0.05467156531878026
3275,54.583333333333336,False,False,49.838702037564296,50.0,74.01196962264174,49.40343267690477,52.07691971402874,47.33303936799619,74.0,-0.16129796243570382,1.415155919006912,1.4293074781969812,1.4320566113815425,1.6858471919580833,1.4488150737280088,1.6856765083101022,1.714933727999687,1.4293074781969812,1.6072076881139847,1.7957630332733312,1.3569695891853826,1.6072076881139847,1.7957630332733312,1.3597045716514493,1.5040203230516063,0.08082930527364418,-0.10772603988570228,0.07471284485462504,-0.06960290654553192,False,False,0.05467156531878026,0.05467156531878026,0.05466642648166794,0.05466642648166794
3280,54.666666666666664,False,False,49.839215860893106,50.0,74.01387573196243,49.40394714935621,52.07769186659051,47.3331805045444,74.0,-0.16078413910689449,1.414957645118015,1.4291072215691951,1.4318624473515278,1.6858950384737237,1.4486111210551655,1.6857248028419474,1.7149805644056868,1.4291072215691951,1.6072439675375265,1.7958229056831552,1.3570084662840145,1.6072439675375265,1.7958229056831552,1.359502325195202,1.5038356714882481,0.08084234127746837,-0.10773659686816028,0.07472844991905303,-0.06960489637399303,False,False,0.05466642648166794,0.05466642648166794,0.054661301805593435,0.054661301805593435
3285,54.75,False,False,49.83972781637321,50.0,74.0157760458018,49.40445975148345,52.078461244412054,47.33332102207573,74.0,-0.16027218362678752,1.4147600926558215,1.4289076935823797,1.431668998341725,1.6859427605353259,1.4484077786740852,1.6857729707050222,1.71502723136864,1.4289076935823797,1.607280119950615,1.7958825559254339,1.3570472414243797,1.607280119950615,1.7958825559254339,1.3593007999043005,1.5036517210868356,0.08085532455679378,-0.10774711141802507,0.07474402750445597,-0.06960689367807915,False,False,0.054661301805593435,0.054661301805593435,0.05465619122058709,0.05465619122058709
3290,54.833333333333336,False,False,49.84023790804685,50.0,74.01767058374654,49.404970487766,52.07922785681681,47.333460920997545,74.0,-0.15976209195314794,1.4145632577303404,1.428708890307644,1.4314762604955682,1.6859903587559015,1.4482050442760879,1.685821012525301,1.7150737300827132,1.428708890307644,1.6073161463041787,1.7959419853500347,1.3570859150896923,1.6073161463041787,1.7959419853500347,1.3590999918917914,1.5034684680663875,0.08086825526732144,-0.1077575837785345,0.07475957775874353,-0.0696088984158525,False,False,0.05465619122058709,0.05465619122058709,0.054651094657072026,0.054651094657072026
3295,54.916666666666664,False,False,49.84074613998015,50.0,74.01955936535086,49.405479362161245,52.079991710432175,47.33360019930178,74.0,-0.1592538600198523,1.4143671364744297,1.428510807839174,1.4312842299790893,1.6860378337448931,1.4480029155594476,1.685868928925097,1.7151200617604445,1.428510807839174,1.6073520476718413,1.796001195427824,1.35712448777781,1.6073520476718413,1.796001195427824,1.3588998972936501,1.5032859086679033,0.08088113366737959,-0.10776801408860326,0.0747751008287294,-0.06961091054552382,False,False,0.054651094657072026,0.054651094657072026,0.05464601204582849,0.05464601204582849
3300,55.0,False,False,49.841252516262685,50.0,74.02144241013636,49.40598637846504,52.08075281330471,47.33373885630866,74.0,-0.15874748373731506,1.4141717250436494,1.428313442294086,1.4310929029807768,1.6860851861081987,1.4478013902293856,1.6859167205230858,1.7151662276143724,1.428313442294086,1.6073878250501408,1.7960601875508921,1.3571629600158759,1.6073878250501408,1.7960601875508921,1.3587005122686326,1.5031040391542232,0.08089395993651971,-0.10777840256423166,0.07479059686013723,-0.06961293002545332,False,False,0.05464601204582849,0.05464601204582849,0.054640943318015056,0.054640943318015056
3305,55.083333333333336,False,False,49.84175704100699,50.0,74.02331973759155,49.40649154103164,52.08151117349018,47.333876891383625,74.0,-0.15824295899300722,1.41397701961612,1.4281167898122813,1.430902275711428,1.686132416448198,1.4476004659980677,1.6859643879343351,1.7152122288202918,1.4281167898122813,1.6074234794270468,1.796118963101082,1.3572013322871044,1.6074234794270468,1.796118963101082,1.3585018329981327,1.5029228558098964,0.08090673428079032,-0.10778874939324501,0.07480606599761508,-0.06961495681414864,False,False,0.054640943318015056,0.054640943318015056,0.0546358884051533,0.0546358884051533
3310,55.166666666666664,False,False,49.84225971834806,50.0,74.02519136717167,49.406994854055846,52.082266798743184,47.33401430365497,74.0,-0.15774028165193954,1.413783016392377,1.427920846556301,1.4307123444040144,1.686179525363777,1.447400140584598,1.6860119317703264,1.7152580665539972,1.427920846556301,1.607459011797085,1.7961775234651145,1.3572396050747102,1.607459011797085,1.7961775234651145,1.3583038556860336,1.5027423549410384,0.08091945691111735,-0.1077990547569121,0.07482150838473745,-0.06961699087026729,False,False,0.0546358884051533,0.0546358884051533,0.05463084723912968,0.05463084723912968
3315,55.25,False,False,49.84276055244291,50.0,74.0270573182983,49.4074963212143,52.08301969611141,47.33415109164446,74.0,-0.15723944755708885,1.4135897115952287,1.427725608711181,1.430523105313536,1.6862265134503525,1.4472004117150135,1.6860593526389833,1.7153037420096553,1.427725608711181,1.6074944231810882,1.7962358700543537,1.3572777788765507,1.6074944231810882,1.7962358700543537,1.3581065765585671,1.5025625328752013,0.0809321280446984,-0.10780931882856715,0.07483692416402032,-0.06961903215261378,False,False,0.05463084723912968,0.05463084723912968,0.05462581975220073,0.05462581975220073
3320,55.333333333333336,False,False,49.843259547470026,50.0,74.02891761035912,49.40799594746425,52.083769875222885,47.33428725625758,74.0,-0.1567404525299736,1.413397101469616,1.4275310724843122,1.4303345547168842,1.6862733812998958,1.4470012771222793,1.6861066511446965,1.7153492563079453,1.4275310724843122,1.6075297144666272,1.7962940041452395,1.3573158541758403,1.6075297144666272,1.7962940041452395,1.357909991864171,1.502383385961238,0.08094474783729422,-0.10781954184131815,0.07485231347692589,-0.06962108062014116,False,False,0.05462581975220073,0.05462581975220073,0.054620805876969665,0.054620805876969665
3325,55.416666666666664,False,False,49.84375670762899,50.0,74.03077226270754,49.40849373652783,52.084517341955284,47.334422795024274,74.0,-0.1562432923710091,1.41320518228247,1.4273372341052948,1.4301466889127046,1.6863201295009578,1.446802734546284,1.6861538278883477,1.7153946106246623,1.4273372341052948,1.6075648867154637,1.796351927186753,1.3573538314557938,1.6075648867154637,1.796351927186753,1.357714097873342,1.5022049105691657,0.08095731656209071,-0.10782972390919854,0.07486767646387094,-0.06962313623195282,False,False,0.054620805876969665,0.054620805876969665,0.05461580554641363,0.05461580554641363
3330,55.5,False,False,49.844252037139945,50.0,74.03262129466246,49.40898969269062,52.08526210549898,47.33455770852416,74.0,-0.15574796286005466,1.4130139503225752,1.427144089825801,1.4299595042212538,1.686366758638693,1.4466047817338323,1.6862008834673357,1.715439806098857,1.427144089825801,1.607599940820637,1.7964096404575023,1.3573917111849825,1.607599940820637,1.7964096404575023,1.357518890878505,1.502027103090041,0.08096983435864535,-0.10783986527821998,0.07488301326423996,-0.06962519894729602,False,False,0.05461580554641363,0.05461580554641363,0.05461081869385496,0.05461081869385496
3335,55.583333333333336,False,False,49.844745540243196,50.0,74.034464725508,49.40948382044314,52.08600417325236,47.33469199574232,74.0,-0.1552544597568044,1.412823401900428,1.4269516359194323,1.429772996984273,1.6864132692948834,1.4464074164386418,1.6862478184755998,1.715484843851209,1.4269516359194323,1.6076348777543845,1.7964671453136625,1.3574294938759068,1.6076348777543845,1.7964671453136625,1.3573243671938626,1.5018499599358184,0.08098230146245355,-0.1078499660968244,0.07489832401638608,-0.06962726872556968,False,False,0.05461081869385496,0.05461081869385496,0.054605845252979616,0.054605845252979616
3340,55.666666666666664,False,False,49.84523722119876,50.0,74.03630257449322,49.40997612376281,52.086743552865876,47.33482565592896,74.0,-0.154762778801242,1.4126335333481008,1.4267598686815819,1.4295871635648405,1.6864596620479606,1.4462106364213343,1.6862946335036435,1.7155297250207695,1.4267598686815819,1.6076696984689338,1.7965244430897611,1.3574671799678528,1.6076696984689338,1.7965244430897611,1.3571305231552635,1.5016734775392284,0.08099471806899161,-0.10786002655183569,0.07491360885764653,-0.06962934552631839,False,False,0.054605845252979616,0.054605845252979616,0.05460088515782603,0.05460088515782603
3345,55.75,False,False,49.845727084285855,50.0,74.03813486083173,49.410466606833864,52.087480252151956,47.334958688517005,74.0,-0.15427291571414514,1.4124443410191063,1.4265687844292974,1.4294020003472458,1.6865059374730296,1.4460144394494332,1.6863413291385616,1.715574450728218,1.4265687844292974,1.6077044039009303,1.796581535103125,1.3575047699586777,1.6077044039009303,1.796581535103125,1.3569373551200623,1.5014976523536454,0.08100708437490689,-0.10787004682728774,0.07492886792434805,-0.06963142930923505,False,False,0.05460088515782603,0.05460088515782603,0.05459593834277534,0.05459593834277534
3350,55.833333333333336,False,False,49.846215133802545,50.0,74.0399616037016,49.410955274048405,52.08821427914421,47.33509109317585,74.0,-0.15378486619745502,1.4122558212882594,1.426378379501142,1.429217503736854,1.6865520961418934,1.4458188232973546,1.6863879059640607,1.7156190220758618,1.426378379501142,1.607738994968611,1.796638422651051,1.3575422643023103,1.607738994968611,1.796638422651051,1.3567448594669826,1.5013224808529546,0.0810194005751892,-0.10788002710725086,0.07494410135181262,-0.06963352003415935,False,False,0.05459593834277534,0.05459593834277534,0.054591004742567166,0.054591004742567166
3355,55.916666666666664,False,False,49.84670137406529,50.0,74.04178282224494,49.41144213000731,52.088945642061375,47.335222869778335,74.0,-0.15329862593470978,1.4120679705515444,1.42618865025706,1.4290336701599686,1.6865981386230746,1.4456237857464027,1.6864343645604833,1.7156634401476367,1.42618865025706,1.6077734725736021,1.7966951070126203,1.3575796634673225,1.6077734725736021,1.7966951070126203,1.356553032595981,1.5011479595314305,0.08103166686498353,-0.10788996757403457,0.07495930927437056,-0.06963561766107906,False,False,0.054591004742567166,0.054591004742567166,0.05458608429228853,0.05458608429228853
3360,56.0,False,False,49.84718580940844,50.0,74.04359853556772,49.411927179161694,52.08967434872666,47.33535401787249,74.0,-0.1528141905915632,1.411880785225981,1.4259995930782408,1.4288504960637058,1.6866440654818387,1.445429324584764,1.6864807055048345,1.7157077060274788,1.4259995930782408,1.6078078376291631,1.7967515894769395,1.3576169679369288,1.6078078376291631,1.7967515894769395,1.3563618709281118,1.5009740849036048,0.08104388344946067,-0.10789986839831567,0.07497449182536409,-0.06963772215012898,False,False,0.05458608429228853,0.05458608429228853,0.05458117692735923,0.05458117692735923
3365,56.083333333333336,False,False,49.847668444183924,50.0,74.04540876273947,49.41241042509467,52.09040040572857,47.335484535917935,74.0,-0.15233155581607605,1.4116942617494905,1.4258112043669855,1.4286679779158584,1.6866898772802148,1.445235437607501,1.6865269293708005,1.7157518208360671,1.4258112043669855,1.6078420911009723,1.7968078713839426,1.3576541781504148,1.6078420911009723,1.7968078713839426,1.3561713709053957,1.500800853504145,0.08105605054787546,-0.10790972973509483,0.07498964913715955,-0.06963983346158975,False,False,0.05458117692735923,0.05458117692735923,0.05457628258356041,0.05457628258356041
3370,56.166666666666664,False,False,49.848149282760765,50.0,74.04721352279304,49.41289187267964,52.09112382259003,47.33561442507799,74.0,-0.1518507172392347,1.4115083965807649,1.4256234805465726,1.4284861122047703,1.68673557457702,1.445042122616544,1.686573036728776,1.7157957856205939,1.4256234805465726,1.6078762338047614,1.7968639539220246,1.3576912945617097,1.6078762338047614,1.7968639539220246,1.3559815289906818,1.5006282618877222,0.08106816830143071,-0.10791955181583246,0.07500478134114963,-0.06964195155589081,False,False,0.05457628258356041,0.05457628258356041,0.05457140119700105,0.05457140119700105
3375,56.25,False,False,49.84862832952463,50.0,74.04901283472438,49.41337152664296,52.09184460669136,47.33574368460146,74.0,-0.15137167047537048,1.4113231861991347,1.425436418061126,1.4283048954392021,1.6867811579278813,1.4448493774206859,1.6866190281458848,1.7158396014282515,1.425436418061126,1.6079102666528544,1.7969198383745943,1.3577283176540278,1.6079102666528544,1.7969198383745943,1.3557923416675208,1.5004563066288954,0.08108023694634281,-0.10792933477539712,0.07501988856776931,-0.06964407639360526,False,False,0.05457140119700105,0.05457140119700105,0.05456653270412859,0.05456653270412859
3380,56.333333333333336,False,False,49.849105588877585,50.0,74.05080671749224,49.41384939048627,52.09256276469118,47.33587231311492,74.0,-0.1508944111224153,1.4111386271044402,1.4252500133754846,1.4281243241482082,1.686826627885255,1.444657199835576,1.6866649041860002,1.7158832693613477,1.4252500133754846,1.6079441905852336,1.79697552605114,1.357765247866655,1.6079441905852336,1.79697552605114,1.3556038054400286,1.5002849843219792,0.08109225668979225,-0.10793907877611408,0.07503497094649458,-0.06964620793545606,False,False,0.05456653270412859,0.05456653270412859,0.05456167704174918,0.05456167704174918
3385,56.416666666666664,False,False,49.84958106523749,50.0,74.0525951900179,49.41432546972336,52.09327830707161,47.336000312756674,74.0,-0.1504189347625129,1.4109547158169014,1.4250642629750703,1.427944394881004,1.6868719849984521,1.444465587683712,1.686710665409772,1.7159267904119588,1.4250642629750703,1.6079780063489089,1.7970310180666134,1.3578020856535205,1.6079780063489089,1.7970310180666134,1.3554159168327604,1.5001142915809276,0.08110422765465453,-0.10794878406304997,0.0750500286058573,-0.06964834614230986,False,False,0.05456167704174918,0.05456167704174918,0.05455683414697655,0.05455683414697655
3390,56.5,False,False,49.85005476303771,50.0,74.05437827118509,49.414799767925935,52.093991238583214,47.33612768048569,74.0,-0.14994523696228867,1.4107714488769896,1.4248791633657596,1.427765104206844,1.6869172298136563,1.4442745387944338,1.6867563123746456,1.715970165664021,1.4248791633657596,1.6080117149618656,1.7970863158053763,1.3578388314685528,1.6080117149618656,1.7970863158053763,1.3552286723905798,1.4999442250392099,0.08111615014135531,-0.10795845070215537,0.07506506167345028,-0.06965049097517984,False,False,0.05455683414697655,0.05455683414697655,0.05455200395727559,0.05455200395727559
3395,56.583333333333336,False,False,49.85052668672677,50.0,74.05615597983956,49.4152722899606,52.094701569785194,47.3362544185779,74.0,-0.14947331327323354,1.4105888228453003,1.4246947110737533,1.4275864487148948,1.686962362873948,1.4440840510039163,1.6868018456348834,1.7160133961279826,1.4246947110737533,1.608045317152836,1.7971414203609857,1.3578754857363948,1.608045317152836,1.7971414203609857,1.3550420686785267,1.499774781349685,0.08112802423300303,-0.10796807897514671,0.07508007027593155,-0.06965264239522662,False,False,0.05455200395727559,0.05455200395727559,0.05454718641044502,0.05454718641044502
3400,56.666666666666664,False,False,49.8509968407678,50.0,74.05792833478897,49.415743040191906,52.095409306665275,47.3363805251847,74.0,-0.1490031592322012,1.4104068343024267,1.424510902645451,1.427408425014106,1.687007384719324,1.443894122155164,1.6868472657415916,1.716056482832664,1.424510902645451,1.6080788138652953,1.7971963330401928,1.3579120489256185,1.6080788138652953,1.7971963330401928,1.3548561022816974,1.499605957184492,0.08113985020752867,-0.10797766896736882,0.07509505453904097,-0.0696548003637536,False,False,0.05454718641044502,0.05454718641044502,0.054542381444598935,0.054542381444598935
3405,56.75,False,False,49.851465229638286,50.0,74.05969535480264,49.41621202284281,52.0961144578618,47.3365060009018,74.0,-0.1485347703617137,1.4102254798488336,1.424327734647322,1.4272310297330946,1.6870522958867178,1.4437047500979998,1.6868925732427351,1.716099426806886,1.424327734647322,1.6081122059068753,1.7972510550123635,1.3579485214608669,1.6081122059068753,1.7972510550123635,1.3546707698051097,1.4994377492349176,0.08115162820547739,-0.10798722090001078,0.07511001458759559,-0.06965696484221229,False,False,0.054542381444598935,0.054542381444598935,0.05453758899819036,0.05453758899819036
3410,56.833333333333336,False,False,49.851931857829705,50.0,74.06145705861132,49.41667924307426,52.09681703187935,47.336630846236204,74.0,-0.1480681421702954,1.4100447561047333,1.4241452036657807,1.4270542595200135,1.687097096910022,1.4435159326890616,1.6869377686831624,1.7161422290243535,1.4241452036657807,1.6081454940845952,1.7973055874447186,1.3579849037960685,1.6081454940845952,1.7973055874447186,1.3544860678735826,1.4992701542112887,0.08116335842036504,-0.10799673493975837,0.07512495054550805,-0.06965913579219807,False,False,0.05453758899819036,0.05453758899819036,0.054532809010005484,0.054532809010005484
3415,56.916666666666664,False,False,49.852396729847065,50.0,74.06321346490694,49.417144704469116,52.097517034626335,47.336755059366865,74.0,-0.14760327015293484,1.40986465970996,1.4239633063070596,1.4268781110424356,1.6871417883201079,1.443327667791793,1.6869828526046258,1.7161848905322585,1.4239633063070596,1.6081786793244448,1.7973599316219184,1.358021196341224,1.6081786793244448,1.7973599316219184,1.3543019931316078,1.4991031688428451,0.0811750410896599,-0.10800621120781373,0.07513986253578553,-0.06966131317545177,False,False,0.054532809010005484,0.054532809010005484,0.05452804141914364,0.05452804141914364
3420,57.0,False,False,49.85285985020855,50.0,74.06496459234248,49.417608412628674,52.09821447704078,47.336878643079885,74.0,-0.14714014979144707,1.4096851873238485,1.423782039197087,1.4267025809872265,1.6871863706448451,1.4431399532764357,1.6870278255458053,1.7162274122675627,1.423782039197087,1.6082117623012193,1.7974140885759116,1.3580573995649048,1.6082117623012193,1.7974140885759116,1.3541185422432276,1.4989367898776316,0.08118667630834886,-0.10801564996634339,0.07515475068054456,-0.06966349695385943,False,False,0.05452804141914364,0.05452804141914364,0.054523286165028065,0.054523286165028065
3425,57.083333333333336,False,False,49.85332122344521,50.0,74.06671045953169,49.41807037121832,52.09890936357158,47.3370015942922,74.0,-0.14667877655479344,1.4095063356251114,1.4236013989813625,1.4265276660604296,1.687230844409124,1.4429527870200227,1.6870726880423248,1.7162697952590862,1.4236013989813625,1.6082447439977616,1.7974680596451769,1.358093513877111,1.6082447439977616,1.7974680596451769,1.3539357118919126,1.4987710140823733,0.08119826438609068,-0.10802505126132456,0.07516961510101083,-0.06966568708944987,False,False,0.054523286165028065,0.054523286165028065,0.05451854318740962,0.05451854318740962
3430,57.166666666666664,False,False,49.85378085410056,50.0,74.0684510850489,49.41853058520444,52.099601704970354,47.33712391568559,74.0,-0.14621914589943685,1.4093281013117165,1.4234213823248336,1.426353362987143,1.6872752101348722,1.4427661669063698,1.687117440626776,1.7163120404621623,1.4234213823248336,1.6082776250840067,1.7975218458537785,1.3581295397024862,1.6082776250840067,1.7975218458537785,1.353753498780434,1.4986058382423653,0.08120980539161615,-0.10803441537815561,0.07518445591753165,-0.06966788354439957,False,False,0.05451854318740962,0.05451854318740962,0.05451381242635972,0.05451381242635972
3435,57.25,False,False,49.85423874673023,50.0,74.07018648742883,49.41898905905748,52.10029150711335,47.33724560554001,74.0,-0.14576125326976808,1.4091504811007682,1.423241985911776,1.4261796685113997,1.6873194683410793,1.442580090826068,1.6871620838287367,1.716354148850496,1.423241985911776,1.6083104064596778,1.7975754484540658,1.3581654774803156,1.6083104064596778,1.7975754484540658,1.353571899630751,1.498441259161358,0.08122129960356972,-0.10804374239081826,0.07519927324958209,-0.06967008628102489,False,False,0.05451381242635972,0.05451381242635972,0.054509093822258096,0.054509093822258096
3440,57.333333333333336,False,False,49.85469490590156,50.0,74.07191668516634,49.41944579747195,52.10097877933774,47.337366665315244,74.0,-0.14530509409843972,1.4089734717283862,1.42306320644567,1.4260065793960546,1.687363619543811,1.4423945566764764,1.6872066181747964,1.716396121379421,1.42306320644567,1.6083430888496397,1.797628868522039,1.3582013276352427,1.6083430888496397,1.797628868522039,1.353390911183879,1.4982772736614387,0.08123274714261797,-0.10805303252978127,0.07521406721576862,-0.06967229526179097,False,False,0.054509093822258096,0.054509093822258096,0.054504387315802795,0.054504387315802795
3445,57.416666666666664,False,False,49.85514933619338,50.0,74.0736416967164,49.41990080464806,52.101663527919435,47.33748709371895,74.0,-0.14485066380662204,1.4087970699495869,1.4228850406490827,1.425834092422659,1.6874076642562326,1.442209562361712,1.6872510441885658,1.7164379590226417,1.4228850406490827,1.6083756731205598,1.7976821072740066,1.3582370905772678,1.6083756731205598,1.7976821072740066,1.3532105301997803,1.4981138785829242,0.08124414825136483,-0.10806228590208189,0.0752288379338415,-0.0696745104493024,False,False,0.054504387315802795,0.054504387315802795,0.054499692848018956,0.054499692848018956
3450,57.5,False,False,49.85560204219559,50.0,74.07536154049362,49.4203540853713,52.1023457620477,47.337606892140236,74.0,-0.1443979578044079,1.408621272538165,1.4227074852635466,1.4256622043913523,1.6874516029886273,1.4420251057926432,1.6872953623907072,1.71647966271712,1.4227074852635466,1.6084081599909164,1.7977351657766105,1.3582727667310337,1.6084081599909164,1.7977351657766105,1.3530307534572368,1.4979510707842432,0.08125550305949059,-0.10807150272620358,0.07524358552069654,-0.06967673180630984,False,False,0.054499692848018956,0.054499692848018956,0.05449501036023635,0.05449501036023635
3455,57.583333333333336,False,False,49.856053028508725,50.0,74.07707623487234,49.42080564465376,52.103025489413575,47.33772606063731,74.0,-0.14394697149127467,1.408446076286578,1.4225305370494439,1.42549091212074,1.6874954362484142,1.4418411848868813,1.687339573298951,1.7165212333814452,1.4225305370494439,1.6084405502451968,1.7977880451610242,1.3583083565065408,1.6084405502451968,1.7977880451610242,1.3528515777537382,1.4977888471418304,0.08126681177957895,-0.10808068313624841,0.07525831009238648,-0.06967895929570567,False,False,0.05449501036023635,0.05449501036023635,0.05449033979407856,0.05449033979407856
3460,57.666666666666664,False,False,49.85650229974381,50.0,74.07878579818626,49.421255486296545,52.10370271660074,47.337844598292826,74.0,-0.1434977002561908,1.4082714780058263,1.4223541927858845,1.4253202124477844,1.6875391645401694,1.4416577975687725,1.6873836774281128,1.7165626719893226,1.4223541927858845,1.6084728447149659,1.7978407466040291,1.3583438603284321,1.6084728447149659,1.7978407466040291,1.3526729999053577,1.4976272045500074,0.0812780746147066,-0.10808982727435668,0.07527301176412293,-0.06968119288052677,False,False,0.05449033979407856,0.05449033979407856,0.05448568109150953,0.05448568109150953
3465,57.75,False,False,49.856949860521866,50.0,74.08049024872838,49.42170361576727,52.104377453682176,47.33796250739411,74.0,-0.1430501394781345,1.4080974745253407,1.4221784492705942,1.4251501022276827,1.6875827883656422,1.4414749417693866,1.687427675290115,1.716603979422598,1.4221784492705942,1.60850504405577,1.7978932711049267,1.358379278606708,1.60850504405577,1.7978932711049267,1.3524950167466436,1.4974661399208835,0.08128929168232868,-0.10809893536682802,0.07528769065028929,-0.0696834325239506,False,False,0.05448568109150953,0.05448568109150953,0.05448103419477538,0.05448103419477538
3470,57.833333333333336,False,False,49.857395715473736,50.0,74.08218960475071,49.42215003732426,52.10504970644796,47.33807978636464,74.0,-0.14260428452626428,1.4079240626928655,1.422003303319794,1.4249805783337637,1.6876263082237766,1.4412926154265124,1.687471567394005,1.7166451566182332,1.422003303319794,1.6085371491244653,1.7979456198628714,1.3584146117513685,1.6085371491244653,1.7979456198628714,1.352317625130494,1.4973056501842337,0.08130046324463813,-0.10810800749376792,0.0753023468644396,-0.06968567818930005,False,False,0.05448103419477538,0.05448103419477538,0.05447639904644946,0.05447639904644946
3475,57.916666666666664,False,False,49.85783986923955,50.0,74.08388388446426,49.42259475545562,52.10571948378194,47.338196436472565,74.0,-0.14216013076045186,1.4077512393743454,1.421828751768089,1.4248116376573638,1.6876697246107264,1.4411108164846471,1.6875153542459782,1.7166862044948175,1.421828751768089,1.6085691606211703,1.797997793918828,1.3584498601724135,1.6085691606211703,1.797997793918828,1.3521408219280522,1.497145732287403,0.08131158942401062,-0.10811704387364718,0.07531698051931413,-0.0696879298400368,False,False,0.05447639904644946,0.05447639904644946,0.0544717755893805,0.0544717755893805
3480,58.0,False,False,49.85828232646864,50.0,74.08557310603868,49.42303777488013,52.10638679296222,47.33831245755664,74.0,-0.14171767353136033,1.4075790014538117,1.4216547914683497,1.4246432771077275,1.6877130380198777,1.4409295428949873,1.6875590363493893,1.716727123952569,1.4216547914683497,1.6086010793174403,1.7980497943837563,1.3584850242652011,1.6086010793174403,1.7980497943837563,1.351964604028582,1.4969863831951864,0.08132267043118735,-0.10812604463512865,0.07533159172683668,-0.06969018743976774,False,False,0.0544717755893805,0.0544717755893805,0.05446716376675257,0.05446716376675257
3485,58.083333333333336,False,False,49.85872309181909,50.0,74.08725728760218,49.423479100547915,52.10705164265762,47.338427850750996,74.0,-0.1412769081809131,1.4074073458332692,1.4214814192916019,1.4244754936118842,1.687756248941864,1.44074879261542,1.687602614204777,1.7167679158733335,1.4214814192916019,1.6086329059108477,1.7981016222931956,1.358520104439731,1.6086329059108477,1.7981016222931956,1.3517889683393625,1.4968275998897314,0.08133370641986204,-0.10813500996248582,0.07534618059812948,-0.06969245095223942,False,False,0.05446716376675257,0.05446716376675257,0.05446256352202992,0.05446256352202992
3490,58.166666666666664,False,False,49.85916216995739,50.0,74.08893644724147,49.42391873692221,52.10771403980822,47.33854261564836,74.0,-0.14083783004260653,1.4072362694325853,1.421308632126911,1.424308284114547,1.6877993578645851,1.440568563610515,1.687646088309882,1.7168085811573293,1.421308632126911,1.608664641176448,1.798153278758733,1.3585551010913606,1.608664641176448,1.798153278758733,1.351613911785571,1.496669379370425,0.08134469760140384,-0.10814393998088123,0.07536074724351405,-0.06969472034134006,False,False,0.05446256352202992,0.05446256352202992,0.05445797479897552,0.05445797479897552
3495,58.25,False,False,49.859599565558256,50.0,74.09061060300138,49.4243566886992,52.1083739928261,47.33865675321037,74.0,-0.14040043444174444,1.4070657691893786,1.4211364268812725,1.424141645577998,1.6878423652732253,1.4403888538515135,1.6876894591596647,1.7168491206864018,1.4211364268812725,1.608696285811451,1.7982047648126913,1.3585900146300902,1.608696285811451,1.7982047648126913,1.3514394313101723,1.4965117186537917,0.08135564412628948,-0.10815283487495075,0.07537529177251923,-0.0696969955711002,False,False,0.05445797479897552,0.05445797479897552,0.05445339754165977,0.05445339754165977
3500,58.333333333333336,False,False,49.86003528330422,50.0,74.09227977288492,49.42479296044927,52.109031508951254,47.33877026336323,74.0,-0.13996471669577915,1.4068958420589082,1.4209648004794972,1.423975574981982,1.68788527165027,1.4402096613163213,1.6877327272463227,1.7168895353423976,1.4209648004794972,1.6087278405636067,1.7982560815365074,1.3586248454366343,1.6087278405636067,1.7982560815365074,1.351265523873807,1.4963546147733857,0.08136654619410977,-0.1081616947787909,0.07538981429388847,-0.06969927660569031,False,False,0.05445339754165977,0.05445339754165977,0.05444883169444408,0.05444883169444408
3505,58.416666666666664,False,False,49.86046932788539,50.0,74.09394397485302,49.425227556977354,52.109686596543646,47.33888314708165,74.0,-0.1395306721146099,1.406726485013964,1.4207937498641037,1.4238100693235962,1.6879280774755256,1.440030983989498,1.687775893059308,1.716929825988791,1.4207937498641037,1.6087593061199865,1.7983072299495313,1.3586595939063502,1.6087593061199865,1.7983072299495313,1.3510921864546819,1.4961980647796884,0.08137740396074022,-0.10817051986880455,0.07540431491558475,-0.0697015634094218,False,False,0.05444883169444408,0.05444883169444408,0.05444427720198436,0.05444427720198436
3510,58.5,False,False,49.860901703999126,50.0,74.09560322682437,49.425660482964155,52.11033926301845,47.33899540451114,74.0,-0.1390982960008742,1.4065576950447596,1.4206232719952072,1.4236451256171851,1.6879707832261346,1.4398528198622478,1.687818957085348,1.7169699934890559,1.4206232719952072,1.608790683207249,1.7983582111092913,1.358694260449238,1.608790683207249,1.7983582111092913,1.3509194160484617,1.4960420657400062,0.0813882176202354,-0.10817931028180694,0.07541879374479898,-0.06970385594674555,False,False,0.05444427720198436,0.05444427720198436,0.05443973400922983,0.05443973400922983
3515,58.583333333333336,False,False,49.86133241634975,50.0,74.09725754667532,49.426091743326445,52.110989516768775,47.339107036716385,74.0,-0.13866758365025333,1.4063894691588221,1.4204533638504104,1.423480740894234,1.6880133893765943,1.4396751669324104,1.6878619198084623,1.717010038688295,1.4204533638504104,1.608821972498348,1.7984090260182104,1.3587288454460122,1.608821972498348,1.7984090260182104,1.3507472096681554,1.495886614738362,0.08139898732991546,-0.10818806618994703,0.07543325088795161,-0.06970615418225501,False,False,0.05443973400922983,0.05443973400922983,0.05443520206141906,0.05443520206141906
3520,58.666666666666664,False,False,49.86176146964827,50.0,74.09890695223973,49.42652134249865,52.111637364730505,47.339218043466616,74.0,-0.13823853035172817,1.4062218043808858,1.4202840224246946,1.4233169122032587,1.6880558963987735,1.4394980232044516,1.6879047817099777,1.7170499624499826,1.4202840224246946,1.6088531747307693,1.798459675741848,1.3587633492773876,1.6088531747307693,1.798459675741848,1.3505755643440136,1.4957317088753992,0.08140971329186542,-0.10819678771921337,0.07544768645070454,-0.06970845808068105,False,False,0.05443520206141906,0.05443520206141906,0.054430681304084676,0.054430681304084676
3525,58.75,False,False,49.86218886861205,50.0,74.1005514613088,49.42694928551244,52.112282815752486,47.33932842630009,74.0,-0.13781113138794865,1.4060546977527855,1.4201152447303134,1.4231536366097064,1.6880983047619296,1.4393213866894532,1.6879475432685527,1.7170897656008492,1.4201152447303134,1.6088842905429916,1.7985101612453696,1.3587977723240785,1.6088842905429916,1.7985101612453696,1.3504044771234192,1.495577345268278,0.0814203956445203,-0.1082054750578576,0.07546210053796454,-0.06971076760689421,False,False,0.054430681304084676,0.054430681304084676,0.05442617168303557,0.05442617168303557
3530,58.833333333333336,False,False,49.86261461796458,50.0,74.10219109163096,49.427375576559015,52.11292587602764,47.33943818436938,74.0,-0.1373853820354185,1.4058881463333501,1.4199470277966837,1.4229909111958485,1.6881406149327245,1.4391452554051036,1.6879902049601854,1.7171294490043691,1.4199470277966837,1.6089153206962823,1.798560483615345,1.358832114996085,1.6089153206962823,1.798560483615345,1.350233945070777,1.4954235210505695,0.0814310346109759,-0.10821412830808685,0.07547649325388583,-0.0697130827259067,False,False,0.05442617168303557,0.05442617168303557,0.05442167314438012,0.05442167314438012
3535,58.916666666666664,False,False,49.86303872243525,50.0,74.10382586091177,49.4278002207879,52.11356655503395,47.33954731984349,74.0,-0.13696127756475107,1.4057221471982986,1.4197793686702815,1.4228287330606733,1.6881828273752437,1.4389696273756865,1.6880327672582354,1.7171690134689015,1.4197793686702815,1.6089462657863765,1.7986106437714344,1.3588663776448358,1.6089462657863765,1.7986106437714344,1.3500639652674153,1.4952702333721655,0.08144163030253293,-0.10822274768252504,0.07549086470188393,-0.0697154034028662,False,False,0.05442167314438012,0.05442167314438012,0.054417185634514934,0.054417185634514934
3540,59.0,False,False,49.86346118675886,50.0,74.10545578681372,49.428223222869285,52.11420485932746,47.33965583226349,74.0,-0.13653881324113826,1.4055566974401346,1.419612264414536,1.4226670993197903,1.68822494255101,1.4387945006320741,1.6880752306334457,1.7172084598211768,1.419612264414536,1.6089771265447892,1.7986606427677094,1.3589005606656883,1.6089771265447892,1.7986606427677094,1.3498945348114741,1.4951174793991695,0.08145218294653267,-0.10823133327638756,0.07550521498463358,-0.06971772960306177,False,False,0.054417185634514934,0.054417185634514934,0.054412709100093076,0.054412709100093076
3545,59.083333333333336,False,False,49.86388201567566,50.0,74.10708088695614,49.42864458771393,52.114840797710364,47.33976372324191,74.0,-0.1361179843243434,1.4053917941680425,1.419445712109723,1.422506007105322,1.6882669609190026,1.438619873211714,1.6881175955539482,1.7172477888695539,1.419445712109723,1.609007903588004,1.7987104815418422,1.3589346644247144,1.609007903588004,1.7987104815418422,1.3497256508178028,1.4949652563138025,0.08146269267228834,-0.10823988528154982,0.07551954420407947,-0.06972006129192021,False,False,0.054412709100093076,0.054412709100093076,0.05440824348808721,0.05440824348808721
3550,59.166666666666664,False,False,49.8643012139308,50.0,74.10870117891511,49.42906431975469,52.11547437672753,47.339870992367416,74.0,-0.13569878606919872,1.4052274345077858,1.4192797088528637,1.4223454535658027,1.6883088829356718,1.4384457431586197,1.688159862485294,1.7172870014407635,1.4192797088528637,1.6090385976360966,1.7987601611337405,1.3589686893026283,1.6090385976360966,1.7987601611337405,1.3495573104178584,1.4948135613143054,0.08147315969297697,-0.10824840380466694,0.07553385246144173,-0.06972239843500527,False,False,0.05440824348808721,0.05440824348808721,0.05440378874571914,0.05440378874571914
3555,59.25,False,False,49.86471878627425,50.0,74.11031668022322,49.42948242402611,52.11610560535477,47.339977641467854,74.0,-0.1352812137257473,1.4050636156016025,1.4191142517576185,1.422185435866082,1.6883507090549559,1.4382721085233625,1.688202031890458,1.7173260983247929,1.4191142517576185,1.6090692092852195,1.798809682458034,1.3590026356655018,1.6090692092852195,1.798809682458034,1.3493895107595977,1.494662391614837,0.08148358413324108,-0.10825688903957342,0.07554813985721842,-0.06972474099802084,False,False,0.05440378874571914,0.05440378874571914,0.05439934482050573,0.05439934482050573
3560,59.333333333333336,False,False,49.86513473746039,50.0,74.11192740836965,49.42989890472657,52.1167344895897,47.34008366969159,74.0,-0.13486526253961273,1.4049003346081061,1.4189493379541873,1.4220259511872173,1.6883924397282963,1.4380989673630589,1.6882441042298673,1.7173650803483724,1.4189493379541873,1.6090997392701722,1.7988590465666514,1.359036503908692,1.6090997392701722,1.7988590465666514,1.3492222490073824,1.4945117444453826,0.08149396621827898,-0.10826534107820018,0.07556240649119528,-0.0697270889468049,False,False,0.05439934482050573,0.05439934482050573,0.054394911660226024,0.054394911660226024
3565,59.416666666666664,False,False,49.86554907224794,50.0,74.11353338079986,49.43031376737696,52.11736103953433,47.34018907994727,74.0,-0.1344509277520629,1.404737588702183,1.4187849645892048,1.4218669967263824,1.6884340754046547,1.4379263177413608,1.688286079961402,1.7174039482647458,1.4187849645892048,1.6091301881206925,1.7989082543051214,1.359070294368985,1.6091301881206925,1.7989082543051214,1.3490555223418683,1.4943616170516536,0.08150430604037551,-0.10827376014405332,0.07557665246244882,-0.06972944224733646,False,False,0.054394911660226024,0.054394911660226024,0.054390489212961274,0.054390489212961274
3570,59.5,False,False,49.865961795399514,50.0,74.11513461491563,49.43072701630371,52.117985260642925,47.34029387094586,74.0,-0.1340382046004862,1.4045753750748915,1.4186211288256405,1.421708569696761,1.6884756165305284,1.4377541577284452,1.688327959540428,1.717442702882272,1.4186211288256405,1.6091605565862623,1.798957306737376,1.359104007427095,1.6091605565862623,1.798957306737376,1.348889327959912,1.4942120066949938,0.081514603855104,-0.10828214629600974,0.07559087786935326,-0.06973180086572861,False,False,0.054390489212961274,0.054390489212961274,0.054386077427036696,0.054386077427036696
3575,59.583333333333336,False,False,49.8663729116815,50.0,74.11673112807483,49.43113865643788,52.11860716232936,47.34039804502666,74.0,-0.133627088318498,1.4044136909333644,1.418457827842698,1.4215506673274527,1.6885170635499651,1.4375824854010042,1.6883697434198028,1.717481344972566,1.418457827842698,1.609190845218402,1.7990062047280602,1.359137643449094,1.609190845218402,1.7990062047280602,1.3487236630744655,1.4940629106522836,0.08152485975549406,-0.10829049975416405,0.07560508280958556,-0.06973416476823258,False,False,0.054386077427036696,0.054386077427036696,0.0543816762510696,0.0543816762510696
3580,59.666666666666664,False,False,49.86678242586378,50.0,74.11832293759139,49.431548692596515,52.11922675127163,47.34050160206938,74.0,-0.13321757413621782,1.4042525335007083,1.4182950588357155,1.4213932868633745,1.6885584169045804,1.4374112988422332,1.6884114320498955,1.7175198753072436,1.4182950588357155,1.6092210546956571,1.7990549492675174,1.3591712028010534,1.6092210546956571,1.7990549492675174,1.348558524914481,1.4939143262158459,0.08153507396027382,-0.10829882061158647,0.07561926738013036,-0.06973653392123458,False,False,0.0543816762510696,0.0543816762510696,0.05437728563394468,0.05437728563394468
3585,59.75,False,False,49.86719034271945,50.0,74.11991006073515,49.4319571294833,52.11984403568011,47.34060454337483,74.0,-0.1328096572805535,1.4040919000159064,1.4181328190160656,1.4212364255651635,1.6885996770335718,1.4372405961418218,1.688453025878599,1.7175582946579198,1.4181328190160656,1.6092511856164853,1.799103541264683,1.359204685834402,1.6092511856164853,1.799103541264683,1.3483939107248073,1.4937662506933527,0.08154524660676321,-0.10830710904143448,0.07563343167728709,-0.06973890829125828,False,False,0.05437728563394468,0.05437728563394468,0.05437290552481091,0.05437290552481091
3590,59.833333333333336,False,False,49.86759666702455,50.0,74.12149251473184,49.43236397168931,52.12045902257868,47.34070686919269,74.0,-0.13240333297544993,1.4039317877337205,1.4179711056110578,1.42108008070908,1.688640844373734,1.4370703753959408,1.6884945253513535,1.7175966037962098,1.4179711056110578,1.6092812386312405,1.7991519816790813,1.3592380929005685,1.6092812386312405,1.7991519816790813,1.3482298177660956,1.493618681407732,0.08155537788287148,-0.10831536516496931,0.07564757579667414,-0.06974128784496214,False,False,0.05437290552481091,0.05437290552481091,0.054368535873084184,0.054368535873084184
3595,59.916666666666664,False,False,49.86800140355799,50.0,74.12307031676292,49.43276922405331,52.12107172014438,47.340808580848794,74.0,-0.13199859644200984,1.4037721939245928,1.4178099158638389,1.4209242495869137,1.6886819193594742,1.4369006347072335,1.6885359309111512,1.7176348034753572,1.4178099158638389,1.6093112143286659,1.7992002714073096,1.3592714243802675,1.6093112143286659,1.7992002714073096,1.3480662433146984,1.4934716156970722,0.0815654679319524,-0.10832358914669138,0.07566169983323334,-0.06974367254914049,False,False,0.054368535873084184,0.054368535873084184,0.05436417662846343,0.05436417662846343
