time_s,time_min,falla_prop_inyectada,falla_remi_inyectada,BIS,BIS_ref,BIS_desde_Ce_real,BIS_desde_Ce_bis,BIS_mas,BIS_menos,age_patient,error,Ce_remi_pred,Ce_remi_corr,Ce_remi_prom,Ce_prop,Ce_remi,Ce_bis,Ce_prop_obs,Ce_remi_obs,Ce_bis_menos,Ce_bis_mas,Ce_bis_inv,Ce_prop_menos,Ce_prop_mas,Ce_remi_menos,Ce_remi_mas,r_prop_sup,r_prop_inf,r_remi_sup,r_remi_inf,fallo_prop,fallo_remi,u_prop_app,u_remi_app,u_prop_cmd,u_remi_cmd
0,0.0,False,False,93.0,50.0,98.8,93.0,93.0,92.7994449250051,74.0,43.0,0.0,0.0,0.06,0.0,0.0,0.0,7.35781213734299e-12,0.0,-0.049781158680469825,0.050510629736125925,7.321432349272073e-12,-0.049781158680469825,0.050510629736125925,-0.04965931723283463,0.12102204830149611,0.05051062972876812,-0.049781158687827634,0.12102204830149611,-0.04965931723283463,False,False,0.0,0.0,6.043972499999999,12.087944999999998
5,0.08333333333333333,False,False,92.9820329973238,50.0,98.78309264597125,92.92279960579083,92.94381848421766,92.23946907279284,74.0,42.9820329973238,0.29484020376562414,0.29778860580328037,0.03568136553433074,0.01927387911056376,0.13764640790836807,0.0,7.35781213734299e-12,0.29778860580328037,-0.04238837461034649,0.06158545631772779,7.321432349272073e-12,-0.04238837461034649,0.06158545631772779,0.25166709800032866,0.4318515035494165,0.06158545631036998,-0.0423883746177043,0.1340628977461361,-0.04612150780295171,False,False,6.043972499999999,12.087944999999998,0.36791960302133986,0.7358392060426797
10,0.16666666666666666,False,False,92.85717671042218,50.0,98.60512954413085,92.723633867251,92.75808646974083,91.52338335559449,74.0,42.85717671042218,0.5796023880389035,0.5853984119192925,0.3417593007748726,0.057905539168809854,0.4069413492768468,0.0005272052246289467,7.35781213734299e-12,0.5853984119192925,-0.03680723916467347,0.07131382122692173,0.0005266714312256226,-0.03680723916467347,0.07131382122692173,0.5454703100100913,0.7331531634412813,0.07131382121956392,-0.03680723917203128,0.1477547515219888,-0.03992810190920126,False,False,0.36791960302133986,0.7358392060426797,0.3552132267257703,0.7104264534515407
15,0.25,False,False,92.4727209211322,50.0,98.19303891853278,92.41946473232407,92.49485113887863,90.89576915285988,74.0,42.47272092113219,0.8543431173460283,0.8628865485194885,0.6393117367256863,0.09716799083833001,0.6710799308490847,0.014667814453724837,0.0005292884321261227,0.8628865485194885,-0.03947115940396038,0.07263914405544587,0.014652963465005088,-0.03947115940396038,0.07263914405544587,0.8065084406742149,1.0012072680440052,0.07210985562331974,-0.0400004478360865,0.13832071952451663,-0.05637810784527364,False,False,0.3552132267257703,0.7104264534515407,0.32012039965450584,0.6402407993090117
20,0.3333333333333333,False,False,91.71308284729794,50.0,97.52579142331182,91.6912976530562,92.16114276714418,89.77278263660267,74.0,41.71308284729794,1.1180311358695514,1.1292114472282468,0.90385785435911,0.13687230066426503,0.9290964046515493,0.038562330718174886,0.020106993301369586,1.1292114472282468,-0.02361313506298226,0.09233206389446823,0.03852328678954109,-0.02361313506298226,0.09233206389446823,1.0567778992537233,1.2580675398060315,0.07222507059309864,-0.043720128364351844,0.12885609257778463,-0.0724335479745235,False,False,0.32012039965450584,0.6402407993090117,0.2665379167307912,0.5330758334615824
25,0.4166666666666667,False,False,90.56121308714083,50.0,96.60479429036499,90.5233522403392,91.75261202636196,88.24963405410314,74.0,40.56121308714083,1.3688408117752215,1.3825292198929737,1.1574227195298774,0.17670809862421377,1.1791896169074187,0.0682406979635484,0.048905716022736676,1.3825292198929737,0.0011455895487314655,0.12078063654775918,0.06817160502801016,0.0011455895487314655,0.12078063654775918,1.2945974560945963,1.5020913691778524,0.0718749205250225,-0.04776012647400521,0.11956214928487863,-0.08793176379837742,False,False,0.2665379167307912,0.5330758334615824,0.207304710927349,0.414609421854698
30,0.5,False,False,89.06247456015042,50.0,95.451400226762,89.00510018560828,90.67536705363155,86.45998054160704,74.0,39.06247456015042,1.604854946978402,1.6209034964481859,1.3983444126362243,0.21630202613972493,1.419168874004047,0.10123686995259437,0.0814064684591449,1.6209034964481859,0.02946259600684329,0.1526511961609473,0.10113436876922606,0.02946259600684329,0.1526511961609473,1.5180409611318133,1.7313874156526745,0.0712447277018024,-0.05194387245230161,0.11048391920448863,-0.10286253531637257,False,False,0.207304710927349,0.414609421854698,0.1510248485131441,0.3020496970262882
35,0.5833333333333334,False,False,87.2884579282704,50.0,94.1025225800016,87.20940622801966,89.3135780632963,84.47850926054376,74.0,37.288457928270404,1.8244949523716802,1.8427399018953972,1.624714188392244,0.25528833347709756,1.646967521178439,0.1361286404598579,0.11630932711900642,1.8427399018953972,0.06009235794974234,0.18670639622052157,0.1359908117625764,0.06009235794974234,0.18670639622052157,1.7255914373249048,1.9444701973044365,0.07039706910151515,-0.05621696916926408,0.10173029540903933,-0.11714846457049233,False,False,0.1510248485131441,0.3020496970262882,0.10175308362761126,0.20350616725522253
40,0.6666666666666666,False,False,85.31875175495489,50.0,92.60445690205273,85.2171224696663,87.73426161487608,82.37790611811957,74.0,35.31875175495489,2.026688293238129,2.0469551761705103,1.8350308173146708,0.29334864339810535,1.8609187959880629,0.17202856690236354,0.1527614199789332,2.0469551761705103,0.0922367845497217,0.22215578800792715,0.1718543899356064,0.0922367845497217,0.22215578800792715,1.9162652669718914,2.140384595733757,0.06939436802899396,-0.06052463542921149,0.0934294195632468,-0.1306899091986189,False,False,0.10175308362761126,0.20350616725522253,0.061210389910853424,0.12242077982170685
45,0.75,False,False,83.23103137755598,50.0,91.00656426863328,83.10701466437814,86.00595785985384,80.22393432432206,74.0,33.23103137755598,2.2109058470826803,2.233014905553507,2.028324931352824,0.33022825911029385,2.0598556465957407,0.20831650039275135,0.19012876003772364,2.233014905553507,0.12531360959667073,0.25842424346265663,0.20810558229400158,0.12531360959667073,0.25842424346265663,2.089618532825566,2.3187124839900664,0.068295483424933,-0.0648151504410529,0.08569757843655923,-0.14339637272794103,False,False,0.061210389910853424,0.12242077982170685,0.029797676068164136,0.05959535213632827
50,0.8333333333333334,False,False,81.09484633248685,50.0,89.35599082610617,80.94946725422021,84.19240725693099,78.0723649354749,74.0,31.094846332486853,2.377130831068691,2.4009021393793777,2.204165508407816,0.3657402115762465,2.2431203721147805,0.2445219908037911,0.22790053469006127,2.4009021393793777,0.15885838574525118,0.29505398142982875,0.24427441506918515,0.15885838574525118,0.29505398142982875,2.245702078383016,2.4795280461795626,0.06715344673976748,-0.06904214894481009,0.07862590680018489,-0.15520006099636152,False,False,0.029797676068164136,0.05959535213632827,0.007030720716725891,0.014061441433451782
55,0.9166666666666666,False,False,78.96802274232327,50.0,87.69403897099306,78.8028672970366,82.3488023233815,75.96749230737376,74.0,28.96802274232327,2.525786985260703,2.55104485511331,2.3626150622812894,0.39976214229862034,2.4105235011102115,0.28027588722911595,0.26565258588817414,2.55104485511331,0.19248620808394407,0.3316663214922693,0.2799921110669402,0.19248620808394407,0.3316663214922693,2.384984171232447,2.6233206752893024,0.06601373560409518,-0.07316637780423008,0.07227582017599232,-0.16606068388086292,False,False,0.007030720716725891,0.014061441433451782,0.0,0.0
60,1.0,False,False,76.89438567246734,50.0,86.05266405104426,76.71134020936763,80.5186626446204,73.94042555406054,74.0,26.894385672467337,2.658042605991029,2.6846230320509394,2.5041524232608747,0.43225467319809424,2.5624582252597206,0.31528832898303666,0.3030037144794824,2.6846230320509394,0.22586039318656134,0.3679303916014092,0.31496910312785076,0.22586039318656134,0.3679303916014092,2.508666025457452,2.7513107076074785,0.06492667712192685,-0.07714332129292104,0.0666876755565391,-0.17595700659348745,False,False,0.0,0.0,0.0,0.0
65,1.0833333333333333,False,False,74.90383623329815,50.0,84.45372093811993,74.70488363028834,78.73359750210162,72.01070927852544,74.0,24.90383623329815,2.7753146904470953,2.8030678373515663,2.6299883665324653,0.46325242484296103,2.6998136582048957,0.349343051168463,0.3396651782543177,2.8030678373515663,0.25872533931912856,0.40359601523818933,0.3489893453011519,0.25872533931912856,0.40359601523818933,2.6181778901507062,2.864945702943673,0.06393083698387164,-0.08093983893518913,0.06187786559210684,-0.18488994720086005,False,False,0.0,0.0,0.0,0.0
70,1.1666666666666667,False,False,73.01502690955914,50.0,82.91225530197916,72.80211277473093,77.01603586824783,70.1901119796682,74.0,23.01502690955914,2.8789012044713718,2.9076902165160856,2.74156179654719,0.49281105616972637,2.823581883769268,0.3823031643524864,0.37544907880695066,2.9076902165160856,0.2908965483506925,0.4384837587140535,0.3819160867312803,0.2908965483506925,0.4384837587140535,2.714772739418019,2.965494307975665,0.06303467990710282,-0.08455253045625816,0.05780409145957943,-0.1929174770980664,False,False,0.0,0.0,0.0,0.0
75,1.25,False,False,71.23830275443552,50.0,81.43878480844474,71.01325549114547,75.38085510590165,68.48442208524128,74.0,21.238302754435523,2.9699910439557535,2.999690954395311,2.840133523696842,0.5209842408034043,2.9346927819440687,0.4140966511632044,0.41023372778409795,2.999690954395311,0.3222438094201989,0.47246813872787535,0.41367738299718443,0.3222438094201989,0.47246813872787535,2.799571433980246,3.054091574589542,0.06223441094377741,-0.08798991836389902,0.054400620194230864,-0.20011952041506476,False,False,0.0,0.0,0.0,0.0
80,1.3333333333333333,False,False,69.5781323915366,50.0,80.04019288249677,69.34262176669797,73.83689395130042,66.89492605557757,74.0,19.5781323915366,3.049673163021952,3.080169894652171,2.926831504284894,0.547823737098145,3.0340178241453337,0.44469150983318684,0.443940234017673,3.080169894652171,0.35267940317766905,0.5054658490620194,0.4442412647277252,0.35267940317766905,0.5054658490620194,2.873600599268892,3.1317769796996937,0.06152561504434639,-0.09126083084000397,0.05160708504752254,-0.20656929538327917,False,False,0.0,0.0,0.0,0.0
85,1.4166666666666667,False,False,68.03500637697825,50.0,78.72050977935935,67.7905277670924,72.38865798024823,65.41996058077244,74.0,18.035006376978245,3.1189449386766435,3.15013438806341,3.002688789484293,0.5733794557142634,3.1223736392207293,0.47407877433413703,0.4765161843830811,3.15013438806341,0.3821421601393915,0.53741984002274,0.4735987749557808,0.3821421601393915,0.53741984002274,2.9378007556052195,3.199502683576787,0.06090365563965894,-0.09437402424368957,0.04936829551337718,-0.21233363245819037,False,False,0.0,0.0,0.0,0.0
90,1.5,False,False,66.60677778472913,50.0,77.48157155625609,66.35465202485318,71.03757636451238,64.0559767013765,74.0,16.606777784729132,3.1787198358015005,3.2105070341595154,3.0686517195910032,0.5976995248182504,3.2005253640011473,0.50226316248551,0.5079265067798133,3.2105070341595154,0.41058856783911835,0.5682904453722852,0.5017546267362832,0.41058856783911835,0.5682904453722852,2.993033504323374,3.2581408318448104,0.06036393859247191,-0.09733793894069498,0.047633797685294965,-0.21747352983614165,False,False,0.0,0.0,0.0,0.0
95,1.5833333333333333,False,False,65.28959758542399,50.0,76.32356163852648,65.03097973398317,69.78291823282649,62.798264860317744,74.0,15.28959758542399,3.229834430997144,3.2621327753071157,3.125587168084092,0.6208303529893076,3.2691897913631727,0.5292580390513915,0.5381484453785288,3.2621327753071157,0.43798784668161517,0.5980504767237979,0.5287221712868359,0.43798784668161517,0.5980504767237979,3.040088112407666,3.3084902448932243,0.05990203134526906,-0.10016059869691363,0.046357469586108646,-0.22204466289944946,False,False,0.0,0.0,0.0,0.0
100,1.6666666666666667,False,False,64.07856959036368,50.0,75.24544683678702,63.81446233602597,68.62246470836234,61.64145286989988,74.0,14.078569590363685,3.2730548489056357,3.305785397394692,3.1742891786504455,0.6428166899130081,3.32903832798945,0.5550825700614115,0.567168638318808,3.305785397394692,0.46431905761961867,0.626682348583762,0.55452055526589,0.46431905761961867,0.626682348583762,3.0796875483759143,3.3512825484994453,0.059513710264954,-0.10284958069918937,0.045497151104753275,-0.22609784901877772,False,False,0.0,0.0,0.0,0.0
105,1.75,False,False,62.96820952443138,50.0,74.24532249142922,62.699478564716614,67.55300380274406,60.57984922285242,74.0,12.96820952443138,3.3090826601511014,3.3421734867526123,3.21548504843768,0.663701684939859,3.3806997732816275,0.5797599811445595,0.5949812578749789,3.3421734867526123,0.4895692397447593,0.6541762321948461,0.579172980746489,0.4895692397447593,0.6541762321948461,3.1124940151338554,3.387187792348073,0.0591949743198672,-0.10541201813021961,0.0450143055954606,-0.2296794716187569,False,False,0.0,0.0,0.0011038174793336908,0.0022076349586673816
110,1.8333333333333333,False,False,61.9526263811033,50.0,73.3204290049615,61.6800150474224,66.57049841373968,59.60746565994073,74.0,11.9526263811033,3.33861413292539,3.3720002742546438,3.249840903740964,0.6835304635939703,3.4247880687101455,0.6033161921946693,0.6215810391792821,3.3720002742546438,0.5137283141548921,0.6805249746022164,0.6027053413944942,0.5137283141548921,0.6805249746022164,3.139169585434301,3.4168751629498475,0.0589439354229343,-0.10785272502439003,0.04487488869520373,-0.23283068882034286,False,False,0.0011038174793336908,0.0022076349586673816,0.00566919056171622,0.01133838112343244
115,1.9166666666666667,False,False,61.025300199769006,50.0,72.4665854897067,60.74944100434319,65.66979030148707,58.717612237568474,74.0,11.025300199769006,3.3624550834611497,3.396079634295761,3.278022374192074,0.7023610218313991,3.461980959036124,0.6257790660539253,0.6469549709563308,3.396079634295761,0.5367842073951172,0.7057192362993604,0.6251454718460536,0.5367842073951172,0.7057192362993604,3.160494653469585,3.4411315052749316,0.05876426534302959,-0.11017076356121358,0.045051870979170516,-0.23558498082617607,False,False,0.00566919056171622,0.01133838112343244,0.010070791765041123,0.020141583530082247
120,2.0,False,False,60.17932860928027,50.0,71.67871243219702,59.900756869618874,64.84516043173895,57.90348660593458,74.0,10.179328609280269,3.381332945433345,3.4151462748876784,3.3008130793722583,0.7202595175631457,3.4929840304582225,0.6471818173873679,0.671114511114929,3.4151462748876784,0.5587457344058243,0.7297703874434699,0.6465265531400747,0.5587457344058243,0.7297703874434699,3.177170301267811,3.4606637524817585,0.05865587632854086,-0.11236877670910472,0.04551747759408009,-0.23797597361986744,False,False,0.010070791765041123,0.020141583530082247,0.014204150632533927,0.028408301265067853
125,2.0833333333333335,False,False,59.40789618491067,50.0,70.95183562983485,59.127063639315665,64.09098232131085,57.15869386331799,74.0,9.407896184910669,3.3958983547858965,3.4298573383337554,3.318917026874785,0.7372881700467226,3.5184449196742285,0.6675673040323543,0.6940850585135468,3.4298573383337554,0.579630047216527,0.7526979689337339,0.6668913997097207,0.579630047216527,0.7526979689337339,3.1898096979765267,3.4760903824676914,0.058612910420187014,-0.11445501129701985,0.04623304413393603,-0.2400476403572287,False,False,0.014204150632533927,0.028408301265067853,0.01802709898375085,0.0360541979675017
130,2.1666666666666665,False,False,58.70445574769804,50.0,70.28119724685806,58.421742919348105,63.4016700135744,56.47713440855375,74.0,8.704455747698042,3.4067296980247863,3.440796995005034,3.332950040222109,0.7535049479405471,3.538953827621087,0.6869844429158327,0.7159019540041391,3.440796995005034,0.5994644126480511,0.7745314816674431,0.6862888789677073,0.5994644126480511,0.7745314816674431,3.198957043789716,3.4879604135784983,0.05862952766330398,-0.11643754135608808,0.04716341857346418,-0.2418399512153182,False,False,0.01802709898375085,0.0360541979675017,0.021523303777656516,0.04304660755531303
135,2.25,False,False,58.06286738947586,50.0,69.66231676191131,57.77859457488537,62.77185577356815,55.853113409833334,74.0,8.062867389475862,3.414338561812828,3.4484819474309565,3.343458728684107,0.7689635501041454,3.555046028550123,0.7054843847917118,0.7366062746478657,3.4484819474309565,0.6182821886293267,0.795306373630249,0.7047700898554012,0.6182821886293267,0.795306373630249,3.205093213841644,3.496759095325554,0.058700098982383375,-0.11832408601853894,0.04827714789459758,-0.24338873358931234,False,False,0.021523303777656516,0.04304660755531303,0.024697892034401994,0.04939578406880399
140,2.3333333333333335,False,False,57.47746162661086,50.0,69.09102017351867,57.191898409604384,62.19648717113263,55.28138681124308,74.0,7.477461626610861,3.419175780422108,3.453367538226329,3.350926154583599,0.7837135380392378,3.567205307194984,0.7231181485305167,0.7562420648526587,3.453367538226329,0.636120175211699,0.8150614009512834,0.7223859996162446,0.636120175211699,0.8150614009512834,3.208641660312297,3.502913852830611,0.058819336098624775,-0.12012188964095971,0.04954631460428205,-0.244725877914032,False,False,0.024697892034401994,0.04939578406880399,0.02756799968072715,0.0551359993614543
145,2.4166666666666665,False,False,56.94305256950368,50.0,68.56344726023882,56.65642592058939,61.670868639590786,54.75716541585091,74.0,6.943052569503678,3.421637557959543,3.4558539335391387,3.355777756571454,0.7978005695824665,3.575867935527932,0.7399353134611928,0.77485465830644,3.4558539335391387,0.6530169922652099,0.833837014953101,0.7391861373593657,0.6530169922652099,0.833837014953101,3.2099743273513655,3.5068002400346336,0.05898235664666107,-0.12183766604123003,0.05094630649549492,-0.24587960618777327,False,False,0.02756799968072715,0.0551359993614543,0.030156313378094532,0.060312626756189064
150,2.5,False,False,56.45492372843101,50.0,68.076045363486,56.16742483498793,61.19067110580795,54.27609695549495,74.0,6.454923728431012,3.4220713374371603,3.456292050811532,3.3583872836929993,0.8112666791575903,3.58142678578283,0.7559833370470498,0.7924896593616086,3.456292050811532,0.6690120682308967,0.8516743596137443,0.7552179124927989,0.6690120682308967,0.8516743596137443,3.209417262443363,3.508747585681691,0.059184700252135625,-0.123477591130712,0.052455534870159415,-0.246874788368169,False,False,0.030156313378094532,0.060312626756189064,0.03248736485991799,0.06497472971983598
155,2.5833333333333335,False,False,56.00880016173434,50.0,67.62555540195449,55.720590154429615,60.75192387287907,53.83423762333537,74.0,6.008800161734342,3.420781254132898,3.4549890666742273,3.359082424062527,0.8241505704017407,3.5842353368038857,0.771307229977529,0.8091923111461348,3.4549890666742273,0.6841449888031396,0.8686146283559896,0.7705262901643892,0.6841449888031396,0.8686146283559896,3.207255793958893,3.509044202174154,0.0594223172098548,-0.1250473223429952,0.0540551354999268,-0.24773327271533452,False,False,0.03248736485991799,0.06497472971983598,0.0345855167699274,0.0691710335398548
160,2.6666666666666665,False,False,55.60081471310709,50.0,67.20899375933834,55.31202945723972,60.350997036325275,53.42801941942323,74.0,5.600814713107091,3.4180331088967786,3.4522134399857465,3.3581499980665237,0.836487902483473,3.5846114494351746,0.7859494355949052,0.8250070933561165,3.4522134399857465,0.6984550623298397,0.8846986369904026,0.7851536707070864,0.6984550623298397,0.8846986369904026,3.203739232411794,3.507942115136439,0.05969154363428608,-0.12655203102627688,0.055728675150692464,-0.24847420757395255,False,False,0.0345855167699274,0.0691710335398548,0.036473918887762746,0.07294783777552549
165,2.75,False,False,55.22747262242751,50.0,66.82363233555185,54.93822672059534,59.984579260362466,53.05421675318507,74.0,5.227472622427513,3.414058850908517,3.448199439417602,3.355840673774116,0.8483115606418545,3.582840856246661,0.7999498266436502,0.8399774606708434,3.448199439417602,0.7119810206463967,0.8999665315649075,0.7991398865200154,0.7119810206463967,0.8999665315649075,3.1990850964590263,3.5056613150113174,0.05998907089406402,-0.12799644002444677,0.057461875593715295,-0.24911434295857582,False,False,0.036473918887762746,0.07294783777552549,0.038174014041868674,0.07634802808373735
170,2.8333333333333335,False,False,54.885616827238856,50.0,66.46697818438481,54.59600696443805,59.64965374912492,52.70991413455602,74.0,4.885616827238856,3.409060587663723,3.4431511935403605,3.352373205735172,0.8596519066881089,3.5791803495285794,0.813345769196427,0.8541456700502295,3.4431511935403605,0.7247608078237711,0.9144575836358316,0.8125222658381518,0.7247608078237711,0.9144575836358316,3.1934828866399645,3.502393553945078,0.06031191358560217,-0.1293848622264584,0.05924236040471742,-0.249668306900396,False,False,0.038174014041868674,0.07634802808373735,0.03970535375513297,0.07941070751026594
175,2.9166666666666665,False,False,54.57239515278153,50.0,66.1367536024579,54.28250289556364,59.34347406126707,52.39247586816222,74.0,4.572395152781532,3.403214153854005,3.437246295392545,3.347938220292521,0.8705370081145004,3.573860672328666,0.8261722242904418,0.8675526664091285,3.437246295392545,0.7368314285322576,0.9282100446947517,0.8253357342952313,0.7368314285322576,0.9282100446947517,3.1870974402284213,3.498305721569616,0.06065737828562312,-0.13072123787687095,0.06105942617707072,-0.2501488551641238,False,False,0.03970535375513297,0.07941070751026594,0.04108558618006658,0.08217117236013316
180,3.0,False,False,54.28522994969973,50.0,65.8308771738086,53.99512409057675,59.063540705851445,52.09951814671009,74.0,4.285229949699733,3.3966722766525215,3.4306389994190467,3.3427015808990186,0.8809928460420777,3.5670891280646866,0.8384618696040138,0.8802380082151376,3.4306389994190467,0.7482288386501473,0.9412610424111129,0.8376129364741701,0.7482288386501473,0.9412610424111129,3.180071904533619,3.4935428372299246,0.06102303419597521,-0.13200916956499031,0.06290383781087794,-0.2505670948854277,False,False,0.04108558618006658,0.08217117236013316,0.04233053689754843,0.08466107379509687
185,3.0833333333333335,False,False,54.021790374761636,50.0,65.54744604148027,53.73152889801994,58.807579031916305,51.828883652671195,74.0,4.021790374761636,3.3895673763022183,3.4234630500652403,3.336807370881772,0.8910435030726507,3.5590519292880214,0.8502452303826149,0.8922398213403995,3.4234630500652403,0.7589878669103409,0.9536465075126361,0.8493843667410602,0.7589878669103409,0.9536465075126361,3.1725303664052684,3.4882306966040857,0.06140668617223666,-0.13325195443005855,0.06476764653884537,-0.2509326836599719,False,False,0.04233053689754843,0.08466107379509687,0.04345433637209197,0.08690867274418394
190,3.1666666666666665,False,False,53.77996730555486,50.0,65.28471952780998,53.48959903971398,58.57351866436516,51.57861861895274,74.0,3.7799673055548624,3.382014039868036,3.415834180266716,3.330380531504677,0.9007113325112086,3.5499163079863703,0.8615508129380821,0.903594773500563,3.415834180266716,0.769142160038018,0.9654011237838465,0.8606785025245245,0.769142160038018,0.9654011237838465,3.1645801742088984,3.482478209155434,0.06180635028328341,-0.134452613462545,0.06664402888871779,-0.25125400605781767,False,False,0.04345433637209197,0.08690867274418394,0.04446956716043848,0.08893913432087697
195,3.25,False,False,53.557850769139755,50.0,65.04110413024114,53.267416777891185,58.359474574358444,51.34695221045796,74.0,3.5578507691397547,3.3741112037273386,3.407852315764612,3.323529191682166,0.9100171105772303,3.539832409821638,0.8724052365714331,0.9143380642628746,3.407852315764612,0.778724146287667,0.9765582961165545,0.8715219361747132,0.778724146287667,0.9765582961165545,3.156313986084456,3.4763794603868337,0.062220231853679975,-0.1356139179752076,0.06852714462222176,-0.2515383296801561,False,False,0.04446956716043848,0.08893913432087697,0.045387415348635524,0.09077483069727105
200,3.3333333333333335,False,False,53.35370970875946,50.0,64.81513986084764,53.063244465437215,58.16372978121352,51.132278052383114,74.0,3.3537097087594603,3.3659440775096856,3.3996035182847826,3.316346723235645,0.9189801732345652,3.5289349937306533,0.882833361361733,0.9245034269592088,3.3996035182847826,0.7877650135521392,0.9871501328089183,0.8819395026051553,0.7877650135521392,0.9871501328089183,3.147811575430296,3.470015529981081,0.06264670584970944,-0.1367384134070696,0.0704120116962983,-0.25179194285448636,False,False,0.045387415348635524,0.09077483069727105,0.04621781748025203,0.09243563496050405
205,3.4166666666666665,False,False,53.16597388931378,50.0,64.60548786308442,52.875506267392616,57.984719618579526,50.933137709651646,74.0,3.1659738893137828,3.3575858391458975,3.3911616975373566,3.3089135527056888,0.9276185392031823,3.51734495685601,0.892858410289686,0.9341231401201094,3.3911616975373566,0.7962946994413892,0.9972074395331847,0.8919544012824645,0.7962946994413892,0.9972074395331847,3.1391414215805398,3.4634560939236754,0.06308429941307525,-0.13782844067872024,0.07229439638631874,-0.25202027595681686,False,False,0.04621781748025203,0.09243563496050405,0.04696959831696874,0.09393919663393747
210,3.5,False,False,52.99321773788445,50.0,64.41091922039953,52.70277185031636,57.82101747869266,50.74820593262206,74.0,2.99321773788445,3.3490991276667152,3.3825901189433822,3.3012987577521073,0.935949020609779,3.505170703105369,0.9025020848383137,0.9432280462372092,3.3825901189433822,0.8043418909225211,1.0067597225847422,0.9015883117146132,0.8043418909225211,1.0067597225847422,3.130362110743394,3.45676083579158,0.06353167634753298,-0.13888615531468818,0.07417071684819776,-0.25222800819998836,False,False,0.04696959831696874,0.09393919663393747,0.047650597227905274,0.09530119445581055
215,3.5833333333333335,False,False,52.834145921966844,50.0,64.23030486277517,52.54374183361074,57.67132192264678,50.57627748342211,74.0,2.8341459219668437,3.340537357522906,3.373942731098135,3.293561473267487,0.9439873226104047,3.4925093719245974,0.9117846736605942,0.951847576500195,3.373942731098135,0.8119340319390724,1.0158351998500628,0.9108615020277739,0.8119340319390724,1.0158351998500628,3.1215235695366084,3.4499806896490215,0.06398762334986774,-0.1399135445611226,0.07603795855088658,-0.25241916156152655,False,False,0.047650597227905274,0.09530119445581055,0.0482677824706666,0.0965355649413332
220,3.6666666666666665,False,False,52.68758048023511,50.0,64.06260647532127,52.39723481162683,57.53444504110441,50.41625537142438,74.0,2.6875804802351126,3.3319458755415026,3.3652653342969177,3.285752129592815,0.9517481331900376,3.479447942206384,0.9207251542025795,0.9600097804046437,3.3652653342969177,0.8190973376912498,1.024460818193624,0.9197929304267292,0.8190973376912498,1.024460818193624,3.1126681509397494,3.443158934464841,0.0644510377889802,-0.14091244271339387,0.07789360016792335,-0.2525971833571683,False,False,0.0482677824706666,0.0965355649413332,0.04882735348609595,0.0976547069721919
225,3.75,False,False,52.552449335608436,50.0,63.90686831524101,52.26217577827837,57.409301958528566,50.26714034754562,74.0,2.5524493356084363,3.3233629792115265,3.356596609003642,3.2779135427022954,0.9592452042190703,3.4660642246915985,0.9293412873688061,0.9677413590534798,3.356596609003642,0.82585681421227,1.0326622759161141,0.9284003398609912,0.82585681421227,1.0326622759161141,3.103831590198071,3.4363321576719454,0.06492091686263435,-0.14188454484120983,0.07973554866830357,-0.252765018805571,False,False,0.04882735348609595,0.0976547069721919,0.049334831811433916,0.09866966362286783
230,3.8333333333333335,False,False,52.42777603625965,50.0,63.76220984815694,52.13758579025822,57.29490136576848,50.12802151089655,74.0,2.427776036259651,3.3148208128106758,3.3479690209387827,3.270081873935008,0.9664914247289978,3.452427754779679,0.9376497054463695,0.9750677016370083,3.3479690209387827,0.832236282537371,1.040464049596507,0.9367003457648481,0.832236282537371,1.040464049596507,3.0950438461589647,3.4295311034273728,0.06539634795949867,-0.14283141909963726,0.08156208248859009,-0.252925174779818,False,False,0.049334831811433916,0.09866966362286783,0.049795141465735784,0.09959028293147157
235,3.9166666666666665,False,False,52.31267058593146,50.0,63.62781912081808,52.02257273323739,57.19033698541113,49.99806790697104,74.0,2.312670585931457,3.3063461559338276,3.339409617493166,3.262287474793169,0.9734988872613424,3.4386005963551773,0.9456659935857576,0.9820129242085841,3.339409617493166,0.8382584064306003,1.0478894242980454,0.9447085175009762,0.8382584064306003,1.0478894242980454,3.086329841688957,3.4227814192910384,0.06587650008946133,-0.14375451777798376,0.08337180179787262,-0.25307977580420893,False,False,0.049795141465735784,0.09959028293147157,0.05021267976735523,0.10042535953471046
240,4.0,False,False,52.206321239882215,50.0,63.502946793868254,51.91632306385701,57.094779874669285,49.87652100392065,74.0,2.2063212398822145,3.297961117250029,3.3309407284225294,3.254555630489998,0.9802789480456965,3.4246380660593814,0.953404765184863,0.9885999102555889,3.3309407284225294,0.8439447230238093,1.0549605265064987,0.952439453683337,0.8439447230238093,1.0549605265064987,3.07771011519167,3.416104313406993,0.06636061625090983,-0.14465518723177961,0.08516358498446364,-0.25323061323085927,False,False,0.05021267976735523,0.10042535953471046,0.05059137956205152,0.10118275912410304
245,4.083333333333333,False,False,52.107987156650225,50.0,63.38690076516888,51.818094414744024,57.00747147888389,49.76268794630793,74.0,2.107987156650225,3.2896837447791305,3.3225805822269217,3.2469072142993314,0.986842281674754,3.4105893863824948,0.9608797315474568,0.9948503526389596,3.3225805822269217,0.8493156758122529,1.061698359258066,0.9599068517307843,0.8493156758122529,1.061698359258066,3.0692013938072704,3.409517132825019,0.06684800661910639,-0.14553467682670673,0.08693655059809746,-0.25337918841965124,False,False,0.05059137956205152,0.10118275912410304,0.05093476380796436,0.10186952761592873
250,4.166666666666667,False,False,52.01699180846431,50.0,63.279041320837365,51.727208965681456,56.92771735989267,49.65593549994435,74.0,2.0169918084643115,3.2815285626235973,3.314343848249833,3.2393592633161448,0.9931989308658279,3.3964982750144674,0.9681037661959201,1.0007847964156553,3.314343848249833,0.8543906494117381,1.0681228388739565,0.9671235721199537,0.8543906494117381,1.0681228388739565,3.0608170976035596,3.4030338723245532,0.06733804245830122,-0.14639414700391717,0.08869002407472015,-0.2535267506462735,False,False,0.05093476380796436,0.10186952761592873,0.05124599340345286,0.10249198680690572
255,4.25,False,False,51.93271706450784,50.0,63.17877675750212,51.64304749347174,56.85488152881376,49.55568460970055,74.0,1.932717064507841,3.273507042896705,3.306242113325672,3.2319254849640564,0.9993583518289845,3.382403477060988,0.9750889642152539,1.0064226822056026,3.306242113325672,0.8591880056393224,1.0742528328748937,0.9741016977035089,0.8591880056393224,1.0742528328748937,3.0525677829500637,3.396665621979168,0.0678301506692911,-0.1472346765662802,0.09042350865349613,-0.2536743303756084,False,False,0.05124599340345286,0.10249198680690572,0.05152790906931854,0.10305581813863708
260,4.333333333333333,False,False,51.85459787140433,50.0,63.08555942518942,51.565044022106036,56.7883813185829,49.46140550019064,74.0,1.85459787140433,3.265628020537595,3.298284300742971,3.224616702464616,1.0053294557007275,3.3683392459951356,0.9818466969949365,1.011782389867667,3.298284300742971,0.8637251205923713,1.080106198760826,0.9808525883573112,0.8637251205923713,1.080106198760826,3.0444615322825443,3.3904209607113893,0.06832380889315903,-0.14805726927529572,0.09213665996841813,-0.25382276846042684,False,False,0.05152790906931854,0.10305581813863708,0.05178306801813509,0.10356613603627018
265,4.416666666666667,False,False,51.78211746430675,50.0,62.99888214569439,51.49268101259221,56.72768274732484,49.37261326521958,74.0,1.7821174643067508,3.2578980577802596,3.290477038358062,3.217441246496967,1.011120646448361,3.354335778564658,0.9883876627197973,1.0168812819254618,3.290477038358062,0.8680184221012177,1.0856998230408086,0.9873869314250897,0.8680184221012177,1.0856998230408086,3.0365042966007345,3.384306302218977,0.0688185411153468,-0.14886285982424408,0.09382926386091484,-0.25397274175732765,False,False,0.05178306801813509,0.10356613603627018,0.052013776064786285,0.10402755212957257
270,4.5,False,False,51.71480304993462,50.0,62.91827496624025,51.42548502208922,56.67229631063619,49.28886388275333,74.0,1.7148030499346234,3.2503217642324063,3.28282498187473,3.2104052994098558,1.016739855602902,3.3404196083002535,0.994721932942541,1.0217357469784385,3.28282498187473,0.8720834277062876,1.0910496606729756,0.9937147882681076,0.8720834277062876,1.0910496606729756,3.028700196282707,3.378326198890734,0.0693139136945371,-0.14965231927215095,0.09550121701600389,-0.254124785592023,False,False,0.052013776064786285,0.10402755212957257,0.052222115757754095,0.10444423151550819
275,4.583333333333333,False,False,51.65222190991118,50.0,62.84330221270032,51.36302279027416,56.62177316888426,49.20975061788489,74.0,1.6522219099111766,3.2429020778079916,3.2753310985860713,3.2035131975867204,1.0221945741370135,3.3266139617629755,1.000858995550378,1.0263612424654913,3.2753310985860713,0.8759347824841053,1.0961707742474163,0.9998456371833983,0.8759347824841053,1.0961707742474163,3.021051785132574,3.3724836086598415,0.06980953178192495,-0.15042645998138604,0.09715251007377024,-0.2542793134534973,False,False,0.052222115757754095,0.10444423151550819,0.05240997104140052,0.10481994208280104
280,4.666666666666667,False,False,51.593977878908575,50.0,62.77355981067351,51.304897702910424,56.575701685332824,49.13490076879938,74.0,1.593977878908575,3.2356405111319013,3.2679969162432205,3.1967676968962078,1.027491881768119,3.3129390812209456,1.006807794417262,1.0307723367810742,3.2679969162432205,0.879586296663965,1.1010773728615473,1.0057884129541435,0.879586296663965,1.1010773728615473,3.013560281992744,3.3667801291542903,0.07030503608047312,-0.15118604011710912,0.09878321291106973,-0.2544366342504767,False,False,0.05240997104140052,0.10481994208280104,0.05257904889666724,0.10515809779333447
285,4.75,False,False,51.53970815750596,50.0,62.70867284629246,51.25074658977826,56.53370427709429,49.063972717190936,74.0,1.539708157505963,3.228537367486257,3.2608227411611197,3.190170205573517,1.032638473935081,3.299412517049921,1.0125767660123273,1.0349827506996827,3.2608227411611197,0.883050982941763,1.1057828506017267,1.0115515435300495,0.883050982941763,1.1057828506017267,3.006225773737899,3.361216202987183,0.07080009990204394,-0.15193176775791972,0.10039346182606312,-0.2545969674232209,False,False,0.05257904889666724,0.10515809779333447,0.05273089835100025,0.1054617967020005
290,4.833333333333333,False,False,51.48908042439154,50.0,62.64829334183978,51.200236826617555,56.49543455302292,48.99665325589324,74.0,1.4890804243915383,3.2215919298856113,3.2538078491844673,3.183720988362541,1.037640686668976,3.286049392802585,1.0181738732146381,1.0390053977555271,3.2538078491844673,0.886341093106306,1.1102998242531466,1.0171429837205779,0.886341093106306,1.1102998242531466,2.9990473930163333,3.355791297575688,0.07129442649761941,-0.1526643046492211,0.10198344839122075,-0.25476045616813403,False,False,0.05273089835100025,0.1054617967020005,0.05286692719797088,0.10573385439594175
295,4.916666666666667,False,False,51.44179021667913,50.0,62.59209822408697,51.1530637061789,56.46057470676693,48.93265516221379,74.0,1.4417902166791308,3.2148026264446807,3.2469506527091276,3.177419345296011,1.0425045195540923,3.272862645582103,1.0236066365646783,1.0428524236215435,3.2469506527091276,0.8894681539814335,1.1146401702475797,1.0225702464574624,0.8894681539814335,1.1146401702475797,2.9920234737074773,3.35050406247843,0.07178774662603615,-0.15338426964010998,0.10355340976930227,-0.2549271790016503,False,False,0.05286692719797088,0.10573385439594175,0.052988416722940725,0.10597683344588145
300,5.0,False,False,51.39755855072939,50.0,62.539787465784656,51.108948048660025,56.42883313787242,48.871714990123444,74.0,1.3975585507293928,3.2081671748299416,3.240248846578241,3.1712637680929534,1.0472356569538717,3.259863244081626,1.0288821631643525,1.046535244487741,3.240248846578241,0.8924430026496282,1.1188150608204521,1.0278404316557954,0.8924430026496282,1.1188150608204521,2.985151686715689,3.3453524668903154,0.07227981633271119,-0.15409224183811276,0.10510362031207432,-0.2550971598625522,False,False,0.052988416722940725,0.10597683344588145,0.05309653469170729,0.10619306938341458
305,5.083333333333333,False,False,51.35612975903759,50.0,62.491082382958574,51.06763403350657,56.39994228563926,48.81359106508405,74.0,1.356129759037593,3.2016827082589594,3.233699535341549,3.165252076803002,1.0518394876577337,3.247060386408668,1.0340071734196783,1.0500645840857123,3.233699535341549,0.8952758205870364,1.1228349990125124,1.0329602528933266,0.8952758205870364,1.1228349990125124,2.978429158413571,3.3403339196251896,0.07277041492680003,-0.15478876349867599,0.10663438428364058,-0.25527037692797805,False,False,0.05309653469170729,0.10619306938341458,0.05319234682551946,0.10638469365103892
310,5.166666666666667,False,False,51.31726952152344,50.0,62.44572407262911,51.028887222822505,56.373656647267886,48.75806165450847,74.0,1.3172695215234427,3.1953458852232917,3.2272993440755244,3.15938153901938,1.0563211230882066,3.234461679597866,1.0389880258039998,1.0534505096536213,3.2272993440755244,0.8979761669668439,1.1267098527780297,1.0379360622154763,0.8979761669668439,1.1267098527780297,2.9718525737781523,3.3354453736451117,0.0732593431244084,-0.1554743426867774,0.1081460295695873,-0.25544677029737217,False,False,0.05319234682551946,0.10638469365103892,0.05327682695558654,0.10655365391117308
315,5.25,False,False,51.28076307199187,50.0,62.403471977307085,50.992492763276715,56.34975096914251,48.704923302018315,74.0,1.2807630719918706,3.189152984857146,3.2210445147057176,3.1536489737116318,1.0606854141932707,3.2220733025241883,1.0438307398043296,1.0567024665326334,3.2210445147057176,0.900553010810375,1.1304488878834897,1.0427738730221336,0.900553010810375,1.1304488878834897,2.9654182660254764,3.3306834169558273,0.0737464213508563,-0.15614945572225847,0.10963890225010964,-0.2556262486802412,False,False,0.05327682695558654,0.10655365391117308,0.05335086602490802,0.10670173204981603
320,5.333333333333333,False,False,51.24641356266515,50.0,62.36410256414519,50.958253745683244,56.328018591419294,48.653989306575866,74.0,1.246413562665147,3.1830999896506027,3.2149309895471085,3.148050841490652,1.0649369671360194,3.2099001537583627,1.0485410171994038,1.0598293115272372,3.2149309895471085,0.9030147620931162,1.1340607997082588,1.0474793813144516,0.9030147620931162,1.1340607997082588,2.9591222943397204,3.3260443514771914,0.07423148818102154,-0.1568145494341211,0.11111336193008281,-0.25580869520738814,False,False,0.05335086602490802,0.10670173204981603,0.053415280082524115,0.10683056016504823
325,5.416666666666667,False,False,51.21404057155839,50.0,62.327408107971486,50.92598970829567,56.308269933076446,48.60508833381038,74.0,1.2140405715583924,3.1771826570092694,3.208954483579362,3.1425833229084557,1.0690801578824551,3.1979459857545107,1.0531242618051537,1.0628393449558735,3.208954483579362,0.9053693017170229,1.137553743862528,1.052057985448073,0.9053693017170229,1.137553743862528,2.9529605111082913,3.3215242613114238,0.07471439890665454,-0.1574700432388506,0.11256977773206156,-0.2559939724710709,False,False,0.053415280082524115,0.10683056016504823,0.05347081739601724,0.10694163479203447
330,5.5,False,False,51.18347873911521,50.0,62.29319556861665,50.89553527004024,56.290331104479485,48.558063147000595,74.0,1.183478739115209,3.171396580988547,3.2031105467984324,3.1372423862098575,1.073119145778259,3.186213526624581,1.0575855978114588,1.0657403413918747,3.2031105467984324,0.9076240103334761,1.140935365610566,1.0565148043927821,0.9076240103334761,1.140935365610566,2.9469286199113354,3.3171190716680248,0.0751950242186914,-0.15811633105839862,0.11400852486959234,-0.25618192688709707,False,False,0.05347081739601724,0.10694163479203447,0.05351816479134069,0.10703632958268137
335,5.583333333333333,False,False,51.15457652196669,50.0,62.261285553990476,50.866738881892054,56.27404263637809,48.512769446962416,74.0,1.154576521966689,3.1657372453774117,3.197394617831186,3.1320238457896803,1.0770578861965296,3.1747045906332043,1.0619298868232452,1.0685395790799976,3.197394617831186,0.9097857959889968,1.1442128280747719,1.0608546948646562,0.9097857959889968,1.1442128280747719,2.9410222253703884,3.312824599559376,0.07567324899477423,-0.15875378309100086,0.11542998172819008,-0.25637239246079746,False,False,0.05351816479134069,0.10703632958268137,0.053557953314486914,0.10711590662897383
340,5.666666666666667,False,False,51.12719505295203,50.0,62.2315113612819,50.839461682712944,56.25925831201042,48.4690748083576,74.0,1.1271950529520325,3.1602000691712044,3.1918020698629164,3.1269234124648824,1.0809001423306677,3.1634201784382863,1.0661617437091342,1.071243868160991,3.1918020698629164,0.9118611207091696,1.147392839339121,1.0650822670378604,0.9118611207091696,1.147392839339121,2.9352368758336778,3.308636597253044,0.07614897117813002,-0.15938274745182146,0.11683452739012745,-0.2565651940292386,False,False,0.053557953314486914,0.10711590662897383,0.05359076329707705,0.1071815265941541
345,5.75,False,False,51.101207097663526,50.0,62.20371808946685,50.8135764551434,56.24584409874853,48.42685770838693,74.0,1.1012070976635258,3.1547804453533317,3.186328249806865,3.121936736543361,1.0846494961995956,3.1523605680056885,1.0702855513518394,1.0738595774834632,3.186328249806865,0.9138560257976884,1.150481678231814,1.0692018993778676,0.9138560257976884,1.150481678231814,2.929568099763416,3.3045507893537422,0.07662210074835074,-0.16000355168577474,0.11822253954687723,-0.2567601500434491,False,False,0.05359076329707705,0.1071815265941541,0.05361712889709217,0.10723425779418434
350,5.833333333333333,False,False,51.076496098771855,50.0,62.177761817019956,50.788966668247504,56.23367716602519,48.38600663570759,74.0,1.0764960987718553,3.1494737737999694,3.1809685115379693,3.117059444558579,1.0883093589263275,3.1415253970392665,1.0743054743863683,1.0763926602237825,3.1809685115379693,0.9157761560537244,1.1534852189930112,1.0732177522886104,0.9157761560537244,1.1534852189930112,2.9240114365909697,3.3005629042877973,0.0770925587692286,-0.16061650417005813,0.11959439274982797,-0.2569570749469996,False,False,0.05361712889709217,0.10723425779418434,0.05363754217657474,0.10727508435314947
355,5.916666666666667,False,False,51.05295530026832,50.0,62.15350883935584,50.76552559762516,56.22264498044793,48.34641927107768,74.0,1.052955300268323,3.144275489028303,3.175718243918586,3.1122871704393837,1.091882980345354,3.13091373768931,1.0782254720045985,1.07884867840231,3.175718243918586,0.917626782984452,1.1564089549069754,1.077133780954273,0.917626782984452,1.1564089549069754,2.9185624627179942,3.296668700874393,0.07756027650466546,-0.16122189541785792,0.12095045695580708,-0.2571557812005918,False,False,0.05363754217657474,0.10727508435314947,0.05365245677029438,0.10730491354058876
360,6.0,False,False,51.03048694453918,50.0,62.130834961078364,50.743155524510456,56.21264448048667,48.3080017410672,74.0,1.0304869445391773,3.1391810834259952,3.170572894260255,3.1076155817961935,1.0953734579893717,3.1205241642320543,1.082049309898101,1.0812328259427797,3.170572894260255,0.9194128266655488,1.1592580205537342,1.0809537472585817,0.9194128266655488,1.1592580205537342,2.91321681326369,3.292863990589485,0.07802519461095447,-0.1618199992772309,0.12229109632923008,-0.25735608099656515,False,False,0.05365245677029438,0.10730491354058876,0.05366229119212669,0.10732458238425338
365,6.083333333333333,False,False,51.0090015358807,50.0,62.10962483860659,50.72176699523271,56.203581311407405,48.27066792781883,74.0,1.0090015358806994,3.1341861265262043,3.1655279877914664,3.1030404019265876,1.098783745501462,3.110354814349503,1.0857805714048707,1.0835499508487465,3.1655279877914664,0.9211388767958635,1.1620372132285715,1.084681230898741,0.9211388767958635,1.1620372132285715,2.907970200089461,3.2891446560587143,0.07848726237982495,-0.16241107405288302,0.12361666826724793,-0.2575577877020052,False,False,0.05366229119212669,0.10732458238425338,0.0536674318201709,0.1073348636403418
370,6.166666666666667,False,False,50.98841716467952,50.0,62.08977136917741,50.701278145983366,56.19536912632836,48.234338839313594,74.0,0.9884171646795181,3.1292862808274946,3.1605791436357697,3.0985574280740877,1.1021166605148431,3.100403444581594,1.0894226679201158,1.0858045760556252,3.1605791436357697,0.9228092125157139,1.1647510131007788,1.088319639825795,0.9228092125157139,1.1647510131007788,2.902818426571124,3.2855066662541224,0.07894643704515358,-0.1629953635399113,0.1249275226183526,-0.25776071706464565,False,False,0.0536674318201709,0.1073348636403418,0.053668235596293086,0.10733647119258617
375,6.25,False,False,50.968658887031474,50.0,62.07117512260755,50.68161408084871,56.18792894097457,48.198942029121945,74.0,0.9686588870314736,3.124477314600335,3.155722087746338,3.0941625464126234,1.1053748920387583,3.090667480471052,1.0929788486261527,1.0880009192967828,3.155722087746338,0.9244278213097673,1.167403602434435,1.0918722199528474,0.9244278213097673,1.167403602434435,2.897757399534609,3.2819460888147978,0.0794026831376522,-0.16357309798701547,0.12622400106845966,-0.25796468821172924,False,False,0.053668235596293086,0.10733647119258617,0.05366503247130308,0.10733006494260616
380,6.333333333333333,False,False,50.94965815506327,50.0,62.05374381253617,50.66270630219178,56.18118854158328,48.16441106475364,74.0,0.9496581550632683,3.119755112070806,3.150952663191514,3.0898517441747035,1.1085610073858267,3.0811440618745825,1.0964522095918559,1.0901429118512442,3.150952663191514,0.9259984168627343,1.1699988837411155,1.0953420641750655,0.9259984168627343,1.1699988837411155,2.892783138723079,3.2784590998631375,0.07985597188987126,-0.16414449498850991,0.12750643667162365,-0.258169524468435,False,False,0.05366503247130308,0.10733006494260616,0.05365812762322825,0.1073162552464565
385,6.416666666666667,False,False,50.93135229365931,50.0,62.037391804169964,50.644492185657384,56.17508193804471,48.13068503752064,74.0,0.9313522936593088,3.1151156813268184,3.1462668381400865,3.0856211192931084,1.1116774586732967,3.071830083871688,1.0998457022879455,1.0922342163643135,3.1462668381400865,0.9275244560482777,1.1725404970464774,1.0987321209943275,0.9275244560482777,1.1725404970464774,2.8878917841207317,3.275041991645411,0.08030628068216394,-0.1647097603160358,0.12877515350532454,-0.2583750540193548,False,False,0.05365812762322825,0.1073162552464565,0.053647803472660446,0.10729560694532089
390,6.5,False,False,50.91368401968922,50.0,62.022039655819235,50.62691449908154,56.16954886184221,48.09770811320653,74.0,0.9136840196892209,3.110555160251898,3.141660711854417,3.0814668878830713,1.1147265889280016,3.06272223366413,1.1031621415605732,1.0942782436381004,3.141660711854417,0.9290091549486686,1.1750318361697036,1.1020452024117278,0.9290091549486686,1.1750318361697036,2.8830796014206768,3.271691178287134,0.08075359253160319,-0.1652690886894318,0.13003046643271698,-0.2585811104337403,False,False,0.053647803472660446,0.10729560694532089,0.05363432151631787,0.10726864303263574
395,6.583333333333333,False,False,50.89660100018444,50.0,62.00761369175181,50.60992096163711,56.16453430514654,48.065429120149766,74.0,0.8966010001844396,3.1060698207559425,3.137130518963502,3.077385389853905,1.1177106378224384,3.0538170238242226,1.106404213102217,1.0962781684361016,3.137130518963502,0.9304555039447906,1.177476064056706,1.105283991395436,0.9304555039447906,1.177476064056706,2.878342985890741,3.268403199919869,0.08119789562060431,-0.165822664491311,0.1312726809563669,-0.2587875330727609,False,False,0.05363432151631787,0.10726864303263574,0.05361792399745831,0.10723584799491662
400,6.666666666666667,False,False,50.88005544622919,50.0,61.994045604103064,50.593463834618326,56.159988092083225,48.03380116687494,74.0,0.8800554462291927,3.1016560715406447,3.132672632256051,3.073373092905305,1.1206317470672358,3.045110822218592,1.1095744804557637,1.098236944581431,3.132672632256051,0.9318662821431127,1.1798761274349419,1.108451048879988,0.9318662821431127,1.1798761274349419,2.873678464861187,3.26517472540598,0.0816391828535108,-0.16637066243831833,0.13250209314992922,-0.25899416739486414,False,False,0.05361792399745831,0.10723584799491662,0.053598835429535446,0.10719767085907089
405,6.75,False,False,50.864003739617395,50.0,61.98127208177103,50.57749955098829,56.15586449005932,48.00278129569487,74.0,0.8640037396173952,3.0973104596091487,3.1282835642052405,3.0694265951335833,1.1234919654833047,3.036599878905343,1.112675391584747,1.1001573189366627,3.1282835642052405,0.9332440707407342,1.1822347703920797,1.11154882038486,0.9332440707407342,1.1822347703920797,2.869082699031826,3.2620025538611106,0.082077451455417,-0.16691324819592845,0.13371898965587015,-0.25920086517341456,False,False,0.053598835429535446,0.10719767085907089,0.053577263987698465,0.10715452797539693
410,6.833333333333333,False,False,50.84840608958418,50.0,61.96923446439442,50.56198836905217,56.15212184561533,47.9723301589338,74.0,0.8484060895841807,3.0930296707045692,3.123959967411615,3.0655426264464682,1.1262932537751777,3.0282803502764684,1.1157092850401473,1.1020418448391958,3.123959967411615,0.934591265879037,1.184554547430079,1.114579642047329,0.934591265879037,1.184554547430079,2.8645524827725586,3.258883615150478,0.08251270259088317,-0.1674505789601588,0.13492364773886312,-0.2594074846390564,False,False,0.053577263987698465,0.10715452797539693,0.053553402780940194,0.10710680556188039
415,6.916666666666667,False,False,50.833226217154376,50.0,61.95787841966522,50.54689405849297,56.148722253835295,47.94241172520811,74.0,0.8332262171543761,3.0888105288397765,3.119698634128174,3.0617180489615183,1.1290374890254176,3.0201483206935733,1.1186783957517354,1.1038928945506723,3.119698634128174,0.9359100905592354,1.1868378355689488,1.1175457465674754,0.9359100905592354,1.1868378355689488,2.860084743570396,3.255814969513904,0.08294494101827654,-0.16798280399143695,0.13611633538572976,-0.25961389055777806,False,False,0.053553402780940194,0.10710680556188039,0.05352743101642332,0.10705486203284664
420,7.0,False,False,50.81843106486026,50.0,61.94715364236419,50.53218360915039,56.14563125112773,47.91299300698124,74.0,0.8184310648602633,3.084649995061236,3.115496495011848,3.05794985654215,1.1317264689284745,3.012199821843379,1.1215848604697876,1.1057126710883405,3.115496495011848,0.9372026059724822,1.18908684585373,1.1204492685235437,0.9372026059724822,1.18908684585373,2.8556765407575573,3.2527938064558772,0.08337417476538955,-0.1685100651158583,0.137297311444029,-0.25981995425429094,False,False,0.05352743101642332,0.10705486203284664,0.053499515066064166,0.10699903013212833
425,7.083333333333333,False,False,50.80399052977301,50.0,61.93701357363241,50.51782696359445,56.14281753264575,47.88404381030632,74.0,0.8039905297730101,3.0805451655721723,3.111350617227894,3.0542351736067173,1.1343619157810159,3.0044308500197103,1.1244307228809993,1.1075032193353491,3.111350617227894,0.9384707221440507,1.1913036341650374,1.123292249540873,0.9384707221440507,1.1913036341650374,2.8513250636387104,3.2498174430202322,0.08380041482968825,-0.16903249719129843,0.13846682579233827,-0.26002555358918356,False,False,0.053499515066064166,0.10699903013212833,0.05346980944458993,0.10693961888917985
430,7.166666666666667,False,False,50.789877217964474,50.0,61.92741513910425,50.50379677239051,56.14025269328266,47.855536505712166,74.0,0.7898772179644737,3.0764932693248515,3.1072582020181,3.0505712533294713,1.1369454802444954,2.9968373815207356,1.1272179384206182,1.10926643642998,3.1072582020181,0.9397162078904393,1.1934901113327745,1.1260766430508284,0.9397162078904393,1.1934901113327745,2.8470276291208614,3.246883321554332,0.08422367490279448,-0.16955022853954071,0.13962511953623213,-0.2602305728972385,False,False,0.05346980944458993,0.10693961888917985,0.053438457707040955,0.10687691541408191
435,7.25,False,False,50.77606621867494,50.0,61.91831850462881,50.49006816782287,56.13791098779605,47.82744581635254,74.0,0.7760662186749414,3.0724916651780294,3.10321658182981,3.0469554753375965,1.1394787448945973,2.989415386333784,1.129948378801129,1.111004081580968,3.10321658182981,0.9409407002300635,1.1956480526943793,1.1288043188886605,0.9409407002300635,1.1956480526943793,2.842781678936409,3.2439890070545343,0.08464397111341126,-0.1700633813509046,0.14077242522472444,-0.260434902893401,False,False,0.053438457707040955,0.10687691541408191,0.053405593273162265,0.10681118654632453
440,7.333333333333333,False,False,50.76253489660443,50.0,61.90968684840037,50.476618554909386,56.13576910889861,47.799748622323925,74.0,0.7625348966044285,3.068537838703398,3.099223217090432,3.043385342995472,1.1419632275711153,2.9821608402651165,1.132623836276336,1.1127177853236299,3.099223217090432,0.9421457132608214,1.1977791071115444,1.1314770674960073,0.9421457132608214,1.1977791071115444,2.838584776538371,3.241132184173055,0.08506132178791459,-0.17057207206280844,0.1419089670826228,-0.2606384405520612,False,False,0.053405593273162265,0.10681118654632453,0.053371340185028225,0.10674268037005645
445,7.416666666666667,False,False,50.74926270087685,50.0,61.90148614840271,50.46342742286975,56.133805986806365,47.772423783982745,74.0,0.749262700876848,3.064629398714083,3.095275692701224,3.039858480355713,1.1444003845408823,2.97506973565834,1.1352460276582503,1.11440905804021,3.095275692701224,0.9433326463337721,1.1998848052752333,1.1340966039330398,0.9433326463337721,1.1998848052752333,2.8344346037366557,3.238310653956143,0.08547574723502338,-0.17107641170643784,0.14303496125491888,-0.26084108896456826,False,False,0.053371340185028225,0.10674268037005645,0.05333581380391128,0.10667162760782256
450,7.5,False,False,50.73623098934526,50.0,61.89368498414921,50.45047616727127,56.13200259979301,47.745451975365235,74.0,0.736230989345259,3.0607640735786497,3.091371714314436,3.036372628846399,1.1467916134854643,2.968138090832659,1.137816598102934,1.1160792981564829,3.091371714314436,0.9445027919189206,1.2019665676955555,1.1366645717148913,0.9445027919189206,1.2019665676955555,2.8303289571351358,3.23552233037424,0.08588726953907266,-0.17157650623756227,0.14415061605980384,-0.26104275717930037,False,False,0.05333581380391128,0.10667162760782256,0.053299121451651006,0.10659824290330201
455,7.583333333333333,False,False,50.723422867014754,50.0,61.886254351772415,50.43774792912587,56.1303418025717,47.71881553336753,74.0,0.7234228670147544,3.0569397073756077,3.0875091044493637,3.032925643754688,1.149138256324512,2.961361958360766,1.1403371246802607,1.1177297997055848,3.0875091044493637,0.945657342865043,1.2040257120789288,1.139182546282018,0.945657342865043,1.2040257120789288,2.826265744421366,3.232765236696797,0.086295912373344,-0.17207245684054184,0.14525613224743328,-0.26124336002799753,False,False,0.053299121451651006,0.10659824290330201,0.05326136300123822,0.10652272600247643
460,7.666666666666667,False,False,50.71082303745953,50.0,61.87916749158144,50.425227446203216,56.12880816746388,47.692498318363064,74.0,0.7108230374595266,3.0531542559359113,3.0836857984952704,3.0295154905590813,1.1514416018849094,2.954737432295705,1.1428091197414822,1.1193617594503757,3.0836857984952704,0.9467973992372049,1.2060634602766669,1.1416520384705564,0.9467973992372049,1.2060634602766669,2.822242980553667,3.230037501757242,0.08670170082629114,-0.1725643602131709,0.14635170326197144,-0.2614428179416035,False,False,0.05326136300123822,0.10652272600247643,0.05322263142100922,0.10644526284201844
465,7.75,False,False,50.69841766620126,50.0,61.87239972726562,50.41290091677453,56.127387838638484,47.666485586424955,74.0,0.6984176662012587,3.0494057828143144,3.0798998406424576,3.0261402411554545,1.153702888425165,2.9482606544465373,1.1452340340974791,1.120976283534901,3.0798998406424576,0.9479239747032129,1.2080809447766545,1.1440744976312545,0.9479239747032129,1.2080809447766545,2.8182587838840623,3.227337356147241,0.08710466124175342,-0.1730523088316882,0.14743751550478335,-0.26164105675839533,False,False,0.05322263142100922,0.10644526284201844,0.05318301327631923,0.10636602655263847
470,7.833333333333333,False,False,50.686194255099416,50.0,61.865928315978266,50.40075587410737,56.12606839765732,47.64076387160516,74.0,0.6861942550994158,3.0456924552246054,3.0761493797768513,3.022798070015652,1.1559233060238359,2.941927819793898,1.1476132600196618,1.1225743937238168,3.0761493797768513,0.9490380025252867,1.2100792147948085,1.1464513146166155,0.9490380025252867,1.2100792147948085,2.8143113722500326,3.2246631283738703,0.08750482107099167,-0.17353639119853015,0.14851374859701894,-0.26183800752681874,False,False,0.05318301327631923,0.10636602655263847,0.05314258919226989,0.10628517838453978
475,7.916666666666667,False,False,50.674141526879815,50.0,61.85973230858571,50.38878107008467,56.12483873861374,47.61532087677483,74.0,0.674141526879815,3.0420125399685602,3.072432665368246,3.0194872503119514,1.1581039988401893,2.935735181128556,1.149948134074665,1.1241570332886386,3.072432665368246,0.9501403412132978,1.2120592420230394,1.1487838246362572,0.9501403412132978,1.2120592420230394,2.8103990590631818,3.2220132410083195,0.0879022087344008,-0.17401669207534076,0.14958057564007365,-0.2620336063050641,False,False,0.05314258919226989,0.10628517838453978,0.05310143428065483,0.10620286856130966
480,8.0,False,False,50.66224931899841,50.0,61.85379241941414,50.37696637057692,56.1236889557346,47.590145375380985,74.0,0.6622493189984127,3.0383643993839344,3.0687480433777736,3.0162061500357504,1.1602460672547494,2.9296790529887957,1.1522399398031506,1.125725072408377,3.0687480433777736,0.951231779711797,1.2140219259062763,1.1510733099365553,0.951231779711797,1.2140219259062763,2.8065202494186057,3.2193862068504417,0.0882968534978994,-0.17449329269657998,0.15063816347266812,-0.26222779395916795,False,False,0.05310143428065483,0.10620286856130966,0.05305961853414752,0.10611923706829504
485,8.083333333333334,False,False,50.65050848610098,50.0,61.8480909048703,50.36530265648469,56.12261023691936,47.56522711859372,74.0,0.650508486100982,3.0347464873327947,3.065093952206123,3.0129532281345237,1.1623505698968688,2.923755814965768,1.1544899102523731,1.127279313349436,3.065093952206123,0.9523130423755879,1.2159680987036359,1.1533210023192169,0.9523130423755879,1.2159680987036359,2.8026734362450236,3.2167806251296582,0.08868878535419977,-0.1749662709738482,0.15168667292353533,-0.2624205159610993,False,False,0.05305961853414752,0.10611923706829504,0.053017207190354416,0.10603441438070883
490,8.166666666666666,False,False,50.63891081039795,50.0,61.8426114503539,50.3537817347728,56.12159476790363,47.540556751735004,74.0,0.6389108103979524,3.0311573452479834,3.0614689187004633,3.009727030687341,1.1644185255659856,2.91796191443985,1.1566992303714514,1.1288204952187608,3.0614689187004633,0.9533847935353152,1.2178985301354899,1.1555280855280672,0.9533847935353152,1.2178985301354899,2.7988571965123366,3.214195177759311,0.08907803491672905,-0.17543570168344558,0.15272625905884762,-0.2626117221881268,False,False,0.053017207190354416,0.10603441438070883,0.05297426106813749,0.10594852213627498
495,8.25,False,False,50.62744891932822,50.0,61.83733906491635,50.34239625639363,56.12063564372604,47.51612573716158,74.0,0.6274489193282164,3.0275955982524283,3.0578715542349526,3.0065261871358238,1.1664509150528033,2.912293868805463,1.1588690392777057,1.1303492984226706,3.0578715542349526,0.9544476417803934,1.2198139317440344,1.1576956975333361,0.9544476417803934,1.2198139317440344,2.7950701875104746,3.211628625658668,0.08946463332136378,-0.1759016566422772,0.15375707142371553,-0.26280136672447796,False,False,0.05297426106813749,0.10594852213627498,0.052930836878500864,0.10586167375700173
500,8.333333333333334,False,False,50.61611620993531,50.0,61.832259983156824,50.331139640617806,56.119726787001056,47.49192628315076,74.0,0.6161162099353135,3.0240599513633213,3.0543005508769547,3.0033494065845714,1.1684486828662013,2.906748267236692,1.1610004324018386,1.1318663488460972,3.0543005508769547,0.955502143973292,1.2217149609816262,1.1598249326402312,0.955502143973292,1.2217149609816262,2.7913111432107516,3.209079805154172,0.08984861213552908,-0.17636420487280513,0.15477925427721706,-0.26298940766620316,False,False,0.052930836878500864,0.10586167375700173,0.05288698751207442,0.10577397502414884
505,8.416666666666666,False,False,50.60490677942426,50.0,61.82736157387923,50.3200060053147,56.11886287252193,47.46795127835854,74.0,0.6049067794242617,3.0205491857908155,3.0507546776487238,3.000195474182462,1.1704127388713297,2.9013217720413844,1.1630944635192222,1.1333722217669402,3.0507546776487238,0.9565488090092273,1.2236022250411633,1.1619168435682241,0.9565488090092273,1.2236022250411633,2.787578870718783,3.2065476244692745,0.09023000327422315,-0.17682341275771285,0.15579294682055078,-0.2631758069299406,False,False,0.05288698751207442,0.10577397502414884,0.052842762304951746,0.10568552460990349
510,8.5,False,False,50.59381536141048,50.0,61.82263225506393,50.30899010403229,56.11803925912833,47.4441942326026,74.0,0.5938153614104777,3.0170621553388624,3.047232776892251,2.9970632475940286,1.1723439598439755,2.8960111196471074,1.1651521466740558,1.1348674454613956,3.047232776892251,0.9575881012786517,1.2254762843861218,1.1639724433546235,0.9575881012786517,1.2254762843861218,2.7838722468260837,3.204031060310248,0.09060883892472615,-0.17727934418274394,0.15679828341799684,-0.26336053006616744,False,False,0.052842762304951746,0.10568552460990349,0.052798207284755025,0.10559641456951005
515,8.583333333333334,False,False,50.58283726740971,50.0,61.81806141473797,50.298087265908975,56.11725192457067,47.42064922037223,74.0,0.5828372674097082,3.013597782914011,3.043733760743151,2.993951653568166,1.174243190945972,2.8908131212584625,1.1671744580027281,1.1363525046768428,3.043733760743151,0.9586204440024569,1.2273376561503628,1.1659927071117182,0.9586204440024569,1.2273376561503628,2.7801902146657436,3.201529154553637,0.09098515147352004,-0.17773206067438585,0.15779539381048568,-0.2635435460774076,False,False,0.052798207284755025,0.10559641456951005,0.052753365398342446,0.10550673079668489
520,8.666666666666666,False,False,50.57196833315419,50.0,61.81363933735306,50.28729334413557,56.116497409556565,47.39731083221617,74.0,0.5719683331541887,3.010155057146453,3.0402566077179176,2.99085968460969,1.1761112471261093,2.8857246632216524,1.1691623374622804,1.1378278437074096,3.0402566077179176,0.9596462221848219,1.2291868171528177,1.1679785738717783,0.9596462221848219,1.2291868171528177,2.7765317804761724,3.199041011039551,0.09135897344540811,-0.17818162152258776,0.15878440332163324,-0.2637248272417452,False,False,0.052753365398342446,0.10550673079668489,0.05270827672269991,0.10541655344539982
525,8.75,False,False,50.56120486935233,50.0,61.80935713530683,50.27660466516375,56.115772762566664,47.3741741269488,74.0,0.5612048693523306,3.006733029126268,3.036800359417531,2.987786395757862,1.177948914450734,2.8807427071289364,1.1711166904694972,1.1392938694253918,3.036800359417531,0.9606657855236422,1.231024206867169,1.1699309481099136,0.9606657855236422,1.231024206867169,2.772896010475607,3.196565792473703,0.09173033744177728,-0.17862808390174956,0.1597654330561724,-0.26390434894192394,False,False,0.05270827672269991,0.10541655344539982,0.052662978660255176,0.10532595732051035
530,8.833333333333334,False,False,50.55054361653953,50.0,61.80520668526531,50.26601798472434,56.115075491995164,47.35123459013852,74.0,0.5505436165395281,3.0033308092566706,3.033364117349237,2.984730901474655,1.179756951367964,2.8758642896926294,1.1730383894557854,1.1407509539889271,3.033364117349237,0.9616794510093357,1.2328502300774693,1.1718507013987165,0.9616794510093357,1.2328502300774693,2.7692820278490125,3.194102717440027,0.09209927608854218,-0.1790715029795914,0.16073860009078977,-0.2640820895002247,False,False,0.052662978660255176,0.10532595732051035,0.05261750611985272,0.10523501223970544
535,8.916666666666666,False,False,50.539981703695936,50.0,61.80118056896763,50.25553044513707,56.11440351966468,47.328488093886406,74.0,0.5399817036959362,2.9999475642250832,3.0299470398673343,2.9816923726445195,1.1815360899091825,2.8710865224155446,1.17492827534266,1.1421994374760926,3.0299470398673343,0.9626875054528135,1.2346652594606407,1.1737386737993347,0.9626875054528135,1.2346652594606407,2.7656890098480984,3.1916510575247177,0.092465821984548,-0.1795119320232792,0.1617040176573834,-0.26425803001923587,False,False,0.05261750611985272,0.10523501223970544,0.052571891684580506,0.10514378336916101
540,9.0,False,False,50.529516610331065,50.0,61.797272018213434,50.245139539017565,56.113755141237334,47.30593086249238,74.0,0.5295166103310649,2.9965825140920312,3.0265483392329515,2.978670033686408,1.1832870368312758,2.8664065910823084,1.1767871589423737,1.143639630209973,3.0265483392329515,0.9636902077159235,1.2364696378692932,1.1755956752964722,0.9636902077159235,1.2364696378692932,2.7621161850043423,3.189210134551793,0.09283000765932026,-0.17994942249404944,0.1626617953188414,-0.2644321542286092,False,False,0.052571891684580506,0.10514378336916101,0.05252616576726424,0.10505233153452848
545,9.083333333333334,False,False,50.5191461317605,50.0,61.793474863753694,50.234843073245514,56.11312898690014,47.28355943846419,74.0,0.5191461317605004,2.993234929497128,3.023167278792099,2.9756631597780676,1.1850104747028498,2.8618217550936595,1.1786158222879093,1.145071815054298,3.023167278792099,0.9646877909135155,1.2382636805841372,1.1774224871455319,0.9646877909135155,1.2382636805841372,2.7585628304542915,3.1867793179295494,0.09319186552983916,-0.18038402414078247,0.16361203913745026,-0.2646044483378076,False,False,0.05252616576726424,0.10505233153452848,0.052480356754839176,0.10496071350967835
550,9.166666666666666,False,False,50.508868347320096,50.0,61.7897834878231,50.22463913830979,56.1125239878566,47.261370653474984,74.0,0.5088683473200959,2.9899041289808563,3.019803170270665,2.9726710741919202,1.1867070629374592,2.8573293466637963,1.1804150198962975,1.1464962494441988,3.019803170270665,0.9656804643604371,1.2400476773094185,1.179219863087974,0.9656804643604371,1.2400476773094185,2.75502826937584,3.1843580221067342,0.09355142786521964,-0.18081578508376173,0.1645548518360691,-0.264774900894825,False,False,0.052480356754839176,0.10496071350967835,0.05243449114224777,0.10486898228449554
555,9.25,False,False,50.49868159128337,50.0,61.78619278006929,50.21452607851843,56.11193934375413,47.23936160019286,74.0,0.49868159128337197,2.9865894764203293,3.0164553711845326,2.969693145741287,1.1883774387767203,2.8529267698989087,1.1821854799689921,1.1479131673581016,3.0164553711845326,0.9666684154617906,1.2418218941098103,1.1809885305813168,0.9666684154617906,1.2418218941098103,2.751511868533689,3.1819457041367762,0.0939087267517087,-0.18124475189631095,0.1654903329522437,-0.26494350265084377,False,False,0.05243449114224777,0.10486898228449554,0.052388593656720245,0.10477718731344049
560,9.333333333333334,False,False,50.48858442626694,50.0,61.782698096649995,50.204502465948714,56.11137449415777,47.217529607567286,74.0,0.48858442626693943,2.983290378576817,3.013123282362585,2.9667287863352323,1.190022218225987,2.8486114997732894,1.1839279055327747,1.1493227810983173,3.013123282362585,0.967651811418941,1.2435865751613546,1.1827291919705658,0.967651811418941,1.2435865751613546,2.7480130359318573,3.1795418613480226,0.09426379406303731,-0.18167096967937635,0.16641857898543755,-0.2651102464307278,False,False,0.052388593656720245,0.10477718731344049,0.05234268737326937,0.10468537474653875
565,9.416666666666666,False,False,50.47857561892458,50.0,61.779295222284084,50.19456707556437,56.11082909129298,47.19587221724685,74.0,0.4785756189245802,2.9800062827525036,3.009806345580029,2.9637774486399397,1.191641996945114,2.84438108101785,1.1856429755244562,1.1507252829980554,3.009806345580029,0.968630800864607,1.2453419444298777,1.1844425254692852,0.968630800864607,1.2453419444298777,2.744531218570773,3.1771460291176052,0.09461666143182224,-0.18209448213344848,0.16733968353757644,-0.26527512700925593,False,False,0.05234268737326937,0.10468537474653875,0.05229679382192517,0.10459358764385034
570,9.5,False,False,50.46865411774673,50.0,61.77598033505618,50.18471886373739,56.110302976478536,47.174387163137794,74.0,0.4686541177467305,2.976736674553663,3.0065040412991997,2.960838623844189,1.1932373510966923,2.8402331269344057,1.1873313458224632,1.152120846951848,3.0065040412991997,0.9696055153278661,1.247088207177798,1.1861291863163843,0.9696055153278661,1.247088207177798,2.741065900306225,3.1747577787463186,0.09496736022594998,-0.18251533162398192,0.1682537374471189,-0.2654381409929747,False,False,0.05229679382192517,0.10459358764385034,0.052250933087399136,0.10450186617479827
575,9.583333333333334,False,False,50.45881903279695,50.0,61.772749973788144,50.17495694761151,56.10979615748132,47.15307235178882,74.0,0.4588190327969528,2.9734810757572316,3.003215886514804,2.957911839526272,1.1948088381539874,2.83616531814777,1.1889936502281693,1.1535096298871121,3.003215886514804,0.9705760706424124,1.2488255514127442,1.18778980765469,0.9705760706424124,1.2488255514127442,2.7376165998072786,3.1723767154316658,0.09531592152563206,-0.18293355924469978,0.16916082891686157,-0.26559928670752564,False,False,0.052250933087399136,0.10450186617479827,0.052205123901817356,0.10441024780363471
580,9.666666666666666,False,False,50.44906961722909,50.0,61.76960100780189,50.16528058690923,56.10930878852634,47.13192584503971,74.0,0.44906961722909244,2.970239042277616,2.999941432700392,2.954996657619472,1.1963569976706883,2.832175401306511,1.1906305013996952,1.1548917731032726,2.999941432700392,0.9715425682272363,1.2505541492072294,1.1894250015266608,0.9715425682272363,1.2505541492072294,2.734182868610101,3.1700024763360926,0.09566237610395678,-0.18334920487603634,0.1700610436357004,-0.2657585640902913,False,False,0.052205123901817356,0.10441024780363471,0.0521593837308943,0.1043187674617886
585,9.75,False,False,50.439405250442206,50.0,61.766530608910486,50.155689166587315,56.108841151239005,47.11094584349282,74.0,0.43940525044220635,2.967010162230448,2.9966802638527525,2.9520926724730967,1.1978823520144553,2.8282611877421013,1.1922424917407202,1.1562674035520195,2.9966802638527525,0.9725050963105638,1.2522741579602874,1.1910353597529593,0.9725050963105638,1.2522741579602874,2.7307642892645405,3.1676347287473305,0.09600675440826789,-0.1837623072414557,0.170954464894578,-0.26591597458821203,False,False,0.0521593837308943,0.1043187674617886,0.052113728854194796,0.10422745770838959
590,9.833333333333334,False,False,50.42982542274077,50.0,61.76353622548474,50.14618218226261,56.10839363859878,47.09013067253224,74.0,0.4298254227407696,2.9637940540899224,2.9934319946308214,2.9491995090059353,1.1993854070661318,2.824420552095219,1.1938301942466922,1.1576366349704132,2.9934319946308214,0.973463731012068,1.2539857215161476,1.1926214547231666,0.973463731012068,1.2539857215161476,2.7273604735702293,3.1652731683276474,0.09634908654573437,-0.1841729039583453,0.17184117369682594,-0.2660715210605922,False,False,0.052113728854194796,0.10422745770838959,0.052068174439819495,0.10413634887963899
595,9.916666666666666,False,False,50.42032972137848,50.0,61.760615558452194,50.1367592255413,56.107966738804706,47.06947876830677,74.0,0.42032972137847935,2.960590364936327,2.9901962685856907,2.9463168209489385,1.200866652886391,2.820651430917016,1.1953941633106986,1.1589995689992703,2.9901962685856907,0.9744185374108523,1.2556889712675154,1.1941838402889973,0.9744185374108523,1.2556889712675154,2.7239710608989594,3.1629175174488298,0.09668940226824518,-0.184581031588418,0.1727212488631391,-0.2662252076867313,False,False,0.052068174439819495,0.10413634887963899,0.052022734613986626,0.10404546922797325
600,10.0,False,False,50.41091781787336,50.0,61.757766539095606,50.12741997276909,56.107561022858384,47.048988666836884,74.0,0.41091781787336146,2.957398768790328,2.986972756478231,2.9434442891738946,1.202326564351471,2.8169518212523745,1.1969349354911147,1.1603562961249645,2.986972756478231,0.9753695704433908,1.2573840270876866,1.195723052452513,0.9753695704433908,1.2573840270876866,2.720595716600031,3.1605675236096347,0.0970277309627221,-0.1849867256815737,0.17359476713140376,-0.2663770398781997,False,False,0.052022734613986626,0.10404546922797325,0.051977422525867595,0.10395484505173519
605,10.083333333333334,False,False,50.401589456490896,50.0,61.754987308526196,50.11816417115488,56.10717712932142,47.0286589908038,74.0,0.40158945649089617,2.954218965030617,2.9837611546809235,2.940581620104833,1.203765601759577,2.813319779211379,1.1984530302430219,1.1617068967242359,2.9837611546809235,0.9763168759005895,1.259070998360729,1.1972396101568394,0.9763168759005895,1.259070998360729,2.7172341304853402,3.158222957932503,0.09736410163649323,-0.18539002082364642,0.17446180325157945,-0.2665270241955833,False,False,0.051977422525867595,0.10395484505173519,0.05193225040805501,0.10386450081611003
610,10.166666666666666,False,False,50.39234444379936,50.0,61.75227619871509,50.10899163088214,56.10681575556925,47.008488441762616,74.0,0.3923444437993595,2.9510506768915317,2.980561183660447,2.9377285442089214,1.2051842114094302,2.8097534185345987,1.1999489506152834,1.163051441814687,2.980561183660447,0.977260491141489,1.260749984727288,1.1987340159158066,0.977260491141489,1.260749984727288,2.713886015390919,3.1558836137363206,0.09769854291260116,-0.18579095067319784,0.17532243007587356,-0.2666751682695283,False,False,0.05193225040805501,0.10386450081611003,0.051887229632898,0.103774459265796
615,10.25,False,False,50.38318263921047,50.0,61.74963171497493,50.09990221397865,56.10647764555352,46.98847578947885,74.0,0.38318263921046736,2.9478936500372925,2.9773725865376655,2.9348848145636195,1.206582826152358,2.8062509091570877,1.2014231839150435,1.1643899939377207,2.9773725865376655,0.9782004459344444,1.2624210769569013,1.2002067565753807,0.9782004459344444,1.2624210769569013,2.710551105811777,3.153549305182067,0.09803108301918062,-0.18618954800327625,0.17617671864440165,-0.2668214807258886,False,False,0.051887229632898,0.103774459265796,0.051842370765196086,0.10368474153039217
620,10.333333333333334,False,False,50.37410394642335,50.0,61.74705251978975,50.09089582664527,56.10616358132481,46.96861986440878,74.0,0.37410394642334666,2.9447476512096067,2.974195127721703,2.932050205496922,1.207961865919256,2.8028104757754964,1.2028762023413324,1.165722607864891,2.974195127721703,0.9791367631282936,1.2640843576493832,1.2016583038408044,0.9791367631282936,1.2640843576493832,2.707229156606869,3.1512198659882475,0.09836174978449219,-0.18658584473659745,0.17702473826654463,-0.2669659711148338,False,False,0.051842370765196086,0.10368474153039217,0.051797683611258735,0.10359536722251747
625,10.416666666666666,False,False,50.365108305698136,50.0,61.74453741789864,50.08197241059865,56.105874373504115,46.948919549326796,74.0,0.36510830569813635,2.9416124669453922,2.971028591614846,2.9292245112975586,1.2093217382236638,2.799430396422154,1.204308463589339,1.167049331333683,2.971028591614846,0.9800694593518566,1.2657399019636522,1.2030891149355285,0.9800694593518566,1.2657399019636522,2.7039199417711313,3.1488951482130463,0.09869057062996922,-0.1869798719818263,0.17786655659820028,-0.26710864984371474,False,False,0.051797683611258735,0.10359536722251747,0.05175317726484426,0.10350635452968852
630,10.5,False,False,50.35619568688972,50.0,61.74208534254522,50.07313193789015,56.1056108555343,46.92937377410466,74.0,0.3561956868897198,2.9384879023615076,2.9678727813851227,2.926407544992089,1.210662838642142,2.796109001049506,1.2057204114268525,1.168370205606707,2.9678727813851227,0.9809985455434429,1.2673877781757248,1.2044996332015672,0.9809985455434429,1.2673877781757248,2.7006232532715826,3.146575021100247,0.09901757256901789,-0.187371660063264,0.1787022397151241,-0.2672495281135401,False,False,0.05175317726484426,0.10350635452968852,0.051708860149985644,0.10341772029997129
635,10.583333333333334,False,False,50.34736608301734,50.0,61.739695342809874,50.06437440222348,56.10537387415507,46.90998150737522,74.0,0.3473660830173415,2.935373780003421,2.9647275178034556,2.9235991371859145,1.2119855512730662,2.7928446701278937,1.207112476244269,1.1696852661780486,2.9647275178034556,0.9819240276220385,1.2690280483775747,1.205890288568071,0.9819240276220385,1.2690280483775747,2.6973388999445564,3.144259369985992,0.09934278219952608,-0.18776123855601012,0.17953185218253642,-0.2673886178588991,False,False,0.051708860149985644,0.10341772029997129,0.051664740038400984,0.10332948007680197
640,10.666666666666666,False,False,50.33861948794602,50.0,61.737366571954595,50.055699798881406,56.10516426754937,46.89074173800536,74.0,0.33861948794601915,2.9322699387537603,2.961592638141298,2.920799134965274,1.2132902491748192,2.7896358332587288,1.2084850755795038,1.170994543994666,2.961592638141298,0.982845907654321,1.2706607696710492,1.207261498971684,0.982845907654321,1.2706607696710492,2.6940667064501165,3.1419480952624674,0.09966622567638317,-0.18814863634034507,0.1803554571211694,-0.26752593169118155,False,False,0.051664740038400984,0.10332948007680197,0.05162082176259102,0.10324164352518204
645,10.75,False,False,50.32995533890197,50.0,61.73509827732125,50.0471075655754,56.10498225942746,46.871652973122856,74.0,0.3299553389019678,2.9291762326845783,2.958467995011424,2.918007400856292,1.21457729477691,2.786480967751927,1.20983861461947,1.172298091738494,2.958467995011424,0.9837642091440941,1.2722860194834529,1.2086136966697723,0.9837642091440941,1.2722860194834529,2.6908065121639786,3.139641111278845,0.0999879277449589,-0.18853388259439985,0.18117311626742083,-0.2676614828474455,False,False,0.05162082176259102,0.10324164352518204,0.051577031803303225,0.10315406360660645
650,10.833333333333334,False,False,50.321366091436545,50.0,61.73288981202454,50.03859016222075,56.10482050403966,46.852707483875385,74.0,0.3213660914365448,2.926092526180923,2.955353451442732,2.915223811721412,1.215847040017373,2.783378595403931,1.2111734866921233,1.1735962836720046,2.955353451442732,0.9846792655640632,1.2739041841247631,1.2099476303666508,0.9846792655640632,1.2739041841247631,2.6875581662169004,3.137338341389459,0.1003079004527585,-0.18891701810794148,0.1819848899467269,-0.26779528522583185,False,False,0.051577031803303225,0.10315406360660645,0.05153238875848367,0.10306477751696734
655,10.916666666666666,False,False,50.312825709758755,50.0,61.730740903809384,50.03012156786266,56.10465165683584,46.83388104553265,74.0,0.312825709758755,2.923018645224627,2.952248831676873,2.9124482538031797,1.2170998233355483,2.7803272570546156,1.2124900738633952,1.174890365664096,2.952248831676873,0.9855922483904531,1.2755164868469946,1.2112649132960087,0.9855922483904531,1.2755164868469946,2.684321477273048,3.1350396677407675,0.10062612118289849,-0.18929811727364299,0.18279083606389435,-0.2679273544038252,False,False,0.05153238875848367,0.10306477751696734,0.05148423327650117,0.10296846655300235
660,11.0,False,False,50.30458475707547,50.0,61.728652579926,50.021952223301675,56.10474819996991,46.81539749685335,74.0,0.3045847570754674,2.9199542514443553,2.949153793958799,2.9096805725069075,1.2183359585900617,2.7773254307333812,1.213788747235972,1.1761687726026413,2.949153793958799,0.9864919913034729,1.2771118120687517,1.2125542035634227,0.9864919913034729,1.2771118120687517,2.681096083570221,3.1327448013199435,0.10094303946611038,-0.18967678129916843,0.18359100736114442,-0.26805771038857795,False,False,0.05148423327650117,0.10296846655300235,0.051471223429499356,0.10294244685899871
665,11.083333333333334,False,False,50.29967994388683,50.0,61.72661761375882,50.01711724569737,56.108400120151096,46.79997463686554,74.0,0.2996799438868294,2.9169007437425325,2.946069751179958,2.9069204424450823,1.2195558509362563,2.774372359969206,1.2150698568310778,1.1772897885376097,2.946069751179958,0.987242088267723,1.2785538034790855,1.2136731196047095,0.987242088267723,1.2785538034790855,2.67788341795634,3.1304552469995697,0.10126401494147586,-0.1900477002698867,0.18438549581961183,-0.2681863332236176,False,False,0.051471223429499356,0.10294244685899871,0.05188713452746317,0.10377426905492634
670,11.166666666666666,False,False,50.313240104719476,50.0,61.724507600693585,50.03073719809876,56.13198330229421,46.801136630613655,74.0,0.31324010471947616,2.913880302833309,2.943019105861642,2.904169332477955,1.2207613701502729,2.771477821240284,1.2163336703313001,1.177542791146052,2.943019105861642,0.9871590914040882,1.2791590619322213,1.2139082512263941,0.9871590914040882,1.2791590619322213,2.6747063834421008,3.1281939790983126,0.1016162707861692,-0.1903836997419639,0.18517487323667048,-0.2683127224195414,False,False,0.05188713452746317,0.10377426905492634,0.054457783771371636,0.10891556754274327
675,11.25,False,False,50.390992576139006,50.0,61.72152530659408,50.108514139647575,56.22494296091954,46.8596904055755,74.0,0.3909925761390056,2.911018104200064,2.9401282852420647,2.9014501812702065,1.2219625298618073,2.7687093368541142,1.2175803134050753,1.1747664920258922,2.9401282852420647,0.9841660585623273,1.276850693042391,1.2110955204053881,0.9841660585623273,1.276850693042391,2.671694184256636,3.1260902724444435,0.10208420101649884,-0.19060043346356492,0.18596198720237878,-0.2684341009854285,False,False,0.054457783771371636,0.10891556754274327,0.06361454684903414,0.12722909369806829
680,11.333333333333334,False,False,50.62573152853928,50.0,61.71463638903958,50.34319660152562,56.48743829092588,47.0582374193311,74.0,0.6257315285392835,2.9087486804053513,2.937836167209405,2.89889222835054,1.2231966978816071,2.7663268282994617,1.2188106207925906,1.1645606298272198,2.937836167209405,0.9740391496747708,1.2674049035592043,1.200843641664369,0.9740391496747708,1.2674049035592043,2.6692944258846074,3.124591802420639,0.10284427373198457,-0.19052148015244896,0.18675563521123406,-0.26854174132479747,False,False,0.06361454684903414,0.12722909369806829,0.08636802299678631,0.17273604599357262
685,11.416666666666666,False,False,51.145955909248066,50.0,61.69572709328977,50.863256717340946,57.05766170041584,47.510666681485375,74.0,1.145955909248066,2.908128390279707,2.937209674182504,2.896943114152623,1.2245637164979872,2.765025361095994,1.220031059906172,1.1408858531614625,2.937209674182504,0.9509915474197527,1.2450349220522001,1.177149846830207,0.9509915474197527,1.2450349220522001,2.668590799780803,3.124782329686136,0.1041490688907376,-0.18989430574170985,0.1875726555036321,-0.26861887440170085,False,False,0.08636802299678631,0.17273604599357262,0.12853989923431533,0.25707979846863066
690,11.5,False,False,52.060469463769515,50.0,61.64861384242819,51.77759341800661,58.05156671591686,48.31234710765301,74.0,2.0604694637695147,2.9110598927718785,2.940170491699597,2.8966865647334696,1.226263832784011,2.7661886809313834,1.2212678590382455,1.0988864465890493,2.940170491699597,0.9103905115334554,1.2051080532432776,1.1352158680059348,0.9103905115334554,1.2051080532432776,2.671521248071853,3.1285998648858784,0.1062216066542283,-0.18849593505559392,0.18842937318628117,-0.2686492436277441,False,False,0.12853989923431533,0.25707979846863066,0.1884779123851863,0.3769558247703726
695,11.583333333333334,False,False,53.379839388201866,50.0,61.54860378701286,53.09706808154858,59.478611409490924,49.47004661051148,74.0,3.379839388201866,2.9201300914927835,2.949331392407711,2.9000605564788655,1.2286064151233087,2.771925661435722,1.2225923090389557,1.0386782070925165,2.949331392407711,0.8523889230822054,1.1477772222990654,1.0751897147407818,0.8523889230822054,1.1477772222990654,2.6806884558505852,3.1386471609521633,0.10909901520654897,-0.18628928401031108,0.1893157685444522,-0.2686429365571259,False,False,0.1884779123851863,0.3769558247703726,0.25332793833592204,0.5066558766718441
700,11.666666666666666,False,False,54.965985280350424,50.0,61.367131676196976,54.68395324721833,61.18976260032988,50.857702985633104,74.0,4.965985280350424,2.9379162202993805,2.9672953825023742,2.909667808401374,1.2319590409004801,2.784682142498729,1.2241483878703294,0.9671516562365924,2.9672953825023742,0.7836339912383553,1.0796896816263772,1.0039227357646723,0.7836339912383553,1.0796896816263772,2.698625318730831,3.1574571806666203,0.11253802538978486,-0.18351766499823707,0.19016179816424605,-0.26867006377154334,False,False,0.25332793833592204,0.5066558766718441,0.30231015031134423,0.6046203006226885
705,11.75,False,False,56.55067062529486,50.0,61.08121018708783,56.270044150193534,62.89991962826727,52.23461243068782,74.0,6.550670625294863,2.9659705998303396,2.995630305828643,2.9280412496987256,1.2366382286058732,2.8064535225352047,1.2261622982797586,0.8960368265921625,2.995630305828643,0.7153805794610818,1.0121003370721005,0.9330564974382015,0.7153805794610818,1.0121003370721005,2.7267544552325043,3.1864526090523495,0.1160635104799379,-0.18065624713108075,0.1908223032237064,-0.26887585059613883,False,False,0.30231015031134423,0.6046203006226885,0.31596384707338276,0.6319276941467655
710,11.833333333333334,False,False,57.81911664158544,50.0,60.683782681581256,57.540004963789386,64.27676064383135,53.32228403471887,74.0,7.819116641585438,3.003966257609661,3.0340059201857574,2.956603532142427,1.242784111875655,2.8379133028295183,1.2289140945974606,0.8375774260982599,3.0340059201857574,0.6593248385350721,0.9567053809805077,0.8747803796899917,0.6593248385350721,0.9567053809805077,2.7645521611933903,3.2251098077926534,0.11912795488224781,-0.17825258756318785,0.191103887606896,-0.2694537589923671,False,False,0.31596384707338276,0.6319276941467655,0.2854516460364337,0.5709032920728674
715,11.916666666666666,False,False,58.51474247378358,50.0,60.18962854391832,58.2363479483335,65.04865487571503,53.89895183354322,74.0,8.514742473783578,3.049442972286767,3.0799374020096346,2.9948309844930217,1.2502785193018404,2.877882145600071,1.2326693396595276,0.800696699786613,3.0799374020096346,0.6239382771195603,0.9219763627604649,0.8380365254545268,0.6239382771195603,0.9219763627604649,2.8093579534999593,3.270768358968689,0.12127966297385195,-0.17675842266705266,0.19083095695905428,-0.2705794485096753,False,False,0.2854516460364337,0.5709032920728674,0.21624179900215895,0.4324835980043179
720,12.0,False,False,58.51423779282298,50.0,59.63365546506543,58.23512574525024,65.08200182343143,53.864255003615334,74.0,8.514237792822982,3.098277117153571,3.1292598883251066,3.040063156234324,1.2587456407275797,2.923401859187551,1.2375930927876937,0.7893810148276953,3.1292598883251066,0.6129518262011693,0.9116442533560043,0.8268404052148526,0.6129518262011693,0.9116442533560043,2.856923301544487,3.3191797965233265,0.122263238528309,-0.176429188626526,0.1899199081982199,-0.2723365867806198,False,False,0.21624179900215895,0.4324835980043179,0.12483785015012817,0.24967570030025635
725,12.083333333333334,False,False,57.84621215867658,50.0,59.062562419545976,57.56501501448415,64.4020384494068,53.25104253007759,74.0,7.846212158676579,3.145647209117192,3.1771036812083637,3.0880515490339064,1.2676329179420902,2.970374365014664,1.2436818612908922,0.8030568872004824,3.1771036812083637,0.6257537239333497,0.9250973301030734,0.8405744295315799,0.6257537239333497,0.9250973301030734,2.9024312267197225,3.3655272057624592,0.12204044290259097,-0.1773031632671327,0.1884235245540955,-0.2746724544886412,False,False,0.12483785015012817,0.24967570030025635,0.03149802363848109,0.06299604727696217
730,12.166666666666666,False,False,56.658627448282616,50.0,58.523900415759975,56.37465749098516,63.16111051473817,52.19278096897899,74.0,6.6586274482826155,3.1870924285137314,3.218963352798869,3.133979216241091,1.2763352209677268,3.014482562717625,1.2507422267351493,0.8378585093405401,3.218963352798869,0.6586245018364428,0.9586161629464901,0.8752468663921263,0.6586245018364428,0.9586161629464901,2.9415598355712316,3.405488756513891,0.12075765360595003,-0.17923400750409724,0.18652540371502235,-0.27740351722763723,False,False,0.03149802363848109,0.06299604727696217,0.0,0.0
735,12.25,False,False,55.15371376618948,50.0,58.045307066309256,54.867092865880466,61.570016120019126,50.86276961756052,74.0,5.153713766189483,3.2215941763360934,3.2538101180994543,3.1735242960425616,1.2844643436468586,3.0531141654359404,1.2584146630033892,0.8876681628470307,3.2538101180994543,0.7058019359920424,1.0064385656507981,0.9248816905168042,0.7058019359920424,1.0064385656507981,2.973595793445815,3.4383511767822155,0.1187704028037675,-0.1818662268549882,0.18454105868276116,-0.2802143246536395,False,False,0.0,0.0,0.0,0.0
740,12.333333333333334,False,False,53.529025943566864,50.0,57.62916117623263,53.24044405672032,59.83724808221349,49.428130671973975,74.0,3.5290259435668645,3.2497728874197276,3.282270616293925,3.205973485114015,1.291943704909593,3.085956180388248,1.2662740926974,0.945818595035462,3.282270616293925,0.7610190456917163,1.0622975944650943,0.9827978845860799,0.7610190456917163,1.0622975944650943,2.999515052637123,3.465090480900799,0.11647899942963236,-0.18479954934374565,0.18281986460687438,-0.282755563656802,False,False,0.0,0.0,0.0,0.0
745,12.416666666666666,False,False,51.945397442969835,50.0,57.27024831713545,51.65575190272561,58.13812820444354,48.028361650892094,74.0,1.9453974429698349,3.272196651677699,3.304918618194476,3.232302766768961,1.2987992224574565,3.1134254137117137,1.2739965861168965,1.006218816332157,3.304918618194476,0.8184543080200162,1.1203717627217613,1.042775759638107,0.8184543080200162,1.1203717627217613,3.019988318351876,3.4863774355042927,0.11415294638960427,-0.18776450831214087,0.18145881730981683,-0.28493029984259977,False,False,0.0,0.0,0.0,0.0
750,12.5,False,False,50.51249470050423,50.0,56.963947671074244,50.222591579701,56.59513007805683,46.76030215777445,74.0,0.5124947005042273,3.2893855972767896,3.3222794532495574,3.2531828769280846,1.3050558746547993,3.1359121197190287,1.281400033537805,1.0639756485261478,3.3222794532495574,0.8733915976682637,1.1759449806656148,1.099871116210261,0.8733915976682637,1.1759449806656148,3.035508709973667,3.502705220798637,0.11196933213946703,-0.1905840508578841,0.18042576754907946,-0.28677074327589036,False,False,0.0,0.0,0.0,0.0
755,12.583333333333334,False,False,49.28863332685674,50.0,56.70614588879765,48.99903886968271,55.27462497123968,45.675790145559745,74.0,-0.7113666731432602,3.3018159071564184,3.3348340662279825,3.269106965386152,1.3107377338086061,3.1537816298698598,1.2883937189837464,1.1157866683437625,3.3348340662279825,0.9226472439377363,1.2258336124720872,1.1507906577089217,0.9226472439377363,1.2258336124720872,3.0465265657479947,3.5145242352522263,0.11004694412832472,-0.19313942440602616,0.17969016902424384,-0.28830750047998777,False,False,0.0,0.0,0.0,0.0
760,12.666666666666666,False,False,48.29076805556742,50.0,56.49316577001103,48.00179370304227,54.19735426684308,44.790214258323815,74.0,-1.709231944432581,3.309923499557372,3.3430227345529455,3.2805254005001103,1.3158679982763586,3.1673758831426198,1.2949350703481288,1.1599587737691672,3.3430227345529455,0.9645873030946845,1.268403748616902,1.1938844741391677,0.9645873030946845,1.268403748616902,3.053454218046358,3.522246870866063,0.10844497484773474,-0.19537147067448268,0.1792241363131173,-0.2895685165065873,False,False,0.0,0.0,0.0,0.0
765,12.75,False,False,47.507937356582296,50.0,56.32170681221865,47.21969723402894,53.352936705444286,44.09422347897208,74.0,-2.492062643417704,3.3141074006623956,3.3472484746690196,3.2878505444562105,1.320469023443155,3.1770148637444207,1.3010059538402006,1.196135646842022,3.3472484746690196,0.9988651436973213,1.3033087912173726,1.2288516684689512,0.9988651436973213,1.3033087912173726,3.0566691792596585,3.5262506990731284,0.10717314437535075,-0.19727050314470063,0.17900222440410873,-0.2905792954093611,False,False,0.0,0.0,0.0,0.0
770,12.833333333333334,False,False,46.913849318971835,50.0,56.18879533291669,46.626335608093065,52.71363988848601,43.564793913283275,74.0,-3.0861506810281654,3.314732835100319,3.347880163451322,3.2914599391663932,1.324562351607833,3.1829979517401648,1.3066009487052317,1.2248775147630568,3.347880163451322,1.0260168449195883,1.3310848523701588,1.2563065336481032,1.0260168449195883,1.3310848523701588,3.0565170501260868,3.526881379072191,0.10620733760710199,-0.1988606698434685,0.17900121562086868,-0.29136311332523546,False,False,0.0,0.0,0.0,0.0
775,12.916666666666666,False,False,46.476514603677685,50.0,56.09174237058022,46.18966061929788,52.245038242272074,43.173754929994885,74.0,-3.5234853963223145,3.3121340579115643,3.34525539849068,3.291699214599139,1.3281687408164615,3.1856051918462733,1.3117216444149968,1.2472365718623861,3.34525539849068,1.0470524189287191,1.3527419765424915,1.277347549608794,1.0470524189287191,1.3527419765424915,3.0533141855921717,3.5244553236946836,0.10550540468010539,-0.20018415293366698,0.17919992520400374,-0.29194121289850816,False,False,0.0,0.0,0.0,0.0
780,13.0,False,False,46.16448187414549,50.0,56.02810795182229,45.87820366424555,51.91298728607448,42.893337278063726,74.0,-3.835518125854513,3.306616949599225,3.339683119095217,3.2888847546434277,1.3313081926802017,3.1850984853192577,1.316373792427337,1.2644205372382296,3.339683119095217,1.0631318842683646,1.3694402139686532,1.293219101755267,1.0631318842683646,1.3694402139686532,3.047350138589319,3.519262143187021,0.10501967673042367,-0.20128865296986498,0.1795790240918036,-0.2923329805058983,False,False,0.0,0.0,0.0,0.0
785,13.083333333333334,False,False,45.95016293642716,50.0,55.99567060483288,45.664381666327444,51.68739423248846,42.69914787642847,74.0,-4.049837063572838,3.2984613940812855,3.3314460080220982,3.28330614088817,1.3339999792132464,3.1817227095729543,1.3205657975973708,1.2775755849069812,3.3314460080220982,1.0753562628492663,1.3822806176537004,1.3050949344467426,1.0753562628492663,1.3822806176537004,3.0388899002180745,3.5115668854005673,0.10470503274671916,-0.20221932205771487,0.18012087737846905,-0.29255610780402375,False,False,0.0,0.0,0.0,0.0
790,13.166666666666666,False,False,45.81107814739222,50.0,55.992401224871564,45.52572927205853,51.543673802376404,42.57129566337866,74.0,-4.188921852607777,3.2879234577022283,3.3208026922792504,3.275228392809321,1.3362626687252976,3.1757067698796715,1.3243078502409182,1.2876765845383034,3.3208026922792504,1.0846618886838046,1.3921995521207637,1.3139698508618949,1.0846618886838046,1.3921995521207637,3.0281759532497334,3.5016120892988845,0.10452296758246038,-0.20301469585449872,0.18080939701963405,-0.29262673902951697,False,False,0.0,0.0,0.0,0.0
795,13.25,False,False,45.729833651556575,50.0,56.01644057268375,45.444868570438004,51.462778588431,42.49438539156327,74.0,-4.270166348443425,3.275237385943558,3.307989759802994,3.264894021274309,1.3381141508018175,3.1672645872486753,1.3276113785016668,1.2954938149337523,3.307989759802994,1.0917883404080464,1.3999366259455588,1.3206280581564442,1.0917883404080464,1.3999366259455588,3.0154301544379125,3.489619667274884,0.10444281101180652,-0.20370547452570587,0.18162990747189012,-0.2925596053650814,False,False,0.0,0.0,0.00538503640291042,0.01077007280582084
800,13.333333333333334,False,False,45.69277460721394,50.0,56.064787956321624,45.40815482554317,51.42951217220668,42.456082378411,74.0,-4.307225392786059,3.260880128722115,3.293488930009336,3.2525249108563985,1.3395888329740937,3.1567186660198883,1.330487677264006,1.3015630363466426,3.293488930009336,1.0972578092616745,1.406014059748501,1.3256550041839092,1.0972578092616745,1.406014059748501,3.0011265307194432,3.476063701357236,0.1044510234018583,-0.20430522708496812,0.1825747713479,-0.29236239928989294,False,False,0.00538503640291042,0.01077007280582084,0.010654848662990712,0.021309697325981425
805,13.416666666666666,False,False,45.689117809851716,50.0,56.133407652056526,45.40481358590355,51.43186133295438,42.44663710222694,74.0,-4.310882190148284,3.2452797298416622,3.277732527140079,3.23859511603834,1.3407363259218823,3.1444855317656133,1.3329511703811394,1.3063011249893772,3.277732527140079,1.1014760411012854,1.4108376282199093,1.3294738813812275,1.1014760411012854,1.4108376282199093,2.9856921786550847,3.4613713426565367,0.1045365032305321,-0.20482508388809184,0.18363881551645767,-0.29204034848499427,False,False,0.010654848662990712,0.021309697325981425,0.014784986760892162,0.029569973521784323
810,13.5,False,False,45.71079904086822,50.0,56.21881384066415,45.42678779196363,51.461162891565,42.45902496563121,74.0,-4.289200959131783,3.2287695450589524,3.261057240509542,3.2235317606558107,1.3416002168409318,3.130922550961987,1.3350278544369887,1.310020254318688,3.261057240509542,1.1047382145811127,1.4147025383123737,1.3323918509979649,1.1047382145811127,1.4147025383123737,2.969437661760668,3.445853208701849,0.10468228399368562,-0.20528203973757542,0.18479596819230704,-0.291619578748874,False,False,0.014784986760892162,0.029569973521784323,0.018067267915374254,0.03613453583074851
815,13.583333333333334,False,False,45.75188227421346,50.0,56.31820057847599,45.46814681969217,51.511104597793484,42.48812857638268,74.0,-4.248117725786543,3.211611069489888,3.243727180184787,3.2076454352312584,1.3422160227795028,3.116316055105674,1.3367512489627613,1.312947720954753,3.243727180184787,1.107257522781234,1.4178220108803383,1.334630366814463,1.107257522781234,1.4178220108803383,2.9526023001576482,3.429748673096597,0.10487428992558523,-0.20569019817351908,0.18602149291181025,-0.29112488002713865,False,False,0.018067267915374254,0.03613453583074851,0.020733272936969672,0.041466545873939345
820,13.666666666666666,False,False,45.80800738339784,50.0,56.42927256453638,45.52453443490147,51.57705307054813,42.530190828590655,74.0,-4.191992616602157,3.194011747091654,3.2259518645625707,3.191175486627123,1.342613181086696,3.1008983085911477,1.338156100251161,1.315247117491972,3.2259518645625707,1.1091872357038672,1.4203493431875274,1.336346794247993,1.1091872357038672,1.4203493431875274,2.935376418983336,3.41324811393407,0.10510222569555538,-0.20605988178810475,0.18729624937149936,-0.29057544557923487,False,False,0.020733272936969672,0.041466545873939345,0.022954824400349502,0.045909648800699004
825,13.75,False,False,45.87595514116416,50.0,56.55011661767954,45.592734126849315,51.65558970244234,42.582438550800084,74.0,-4.124044858835838,3.17613824072781,3.2078996231350883,3.1743122664587027,1.3428165767229576,3.0848605170481433,1.3392750183815476,1.3170358267126996,3.2078996231350883,1.110637186535266,1.4223943951797158,1.337652110296176,1.110637186535266,1.4223943951797158,2.9179134515976313,3.3965050170093907,0.10535856846701619,-0.2063986401774336,0.18860539387430242,-0.289986171537457,False,False,0.022954824400349502,0.045909648800699004,0.024855837374795377,0.049711674749590755
830,13.833333333333334,False,False,45.95331310817435,50.0,56.679107511058746,45.670335318476155,51.74415396658273,42.64279372952687,74.0,-4.046686891825651,3.1581261554126567,3.189707416966783,3.1572092343035107,1.3428476650383014,3.0683624506799987,1.3401373785280157,1.3183988951687844,3.189707416966783,1.1116868539188527,1.4240366717684996,1.3386248875166986,1.1116868539188527,1.4240366717684996,2.90033868238375,3.3796447186254035,0.10563777659971518,-0.2067120412499317,0.18993730165862033,-0.28936873458303314,False,False,0.024855837374795377,0.049711674749590755,0.0265228432182925,0.053045686436585
835,13.916666666666666,False,False,46.03748194619835,50.0,56.814840324083285,45.754741188499274,51.83995486465785,42.70899699257481,74.0,-3.9625180538016522,3.1400870525833775,3.1714879231092112,3.1399917005045768,1.3427252777735017,3.0515394382968664,1.340769299043451,1.3194377702843576,3.1714879231092112,1.112432071259202,1.4253720321456749,1.3393601895396843,1.112432071259202,1.4253720321456749,2.8827555211620783,3.3627706800116464,0.10593426186131727,-0.20700569902515564,0.19128275690243512,-0.2887324019471329,False,False,0.0265228432182925,0.053045686436585,0.02790946852722607,0.05581893705445214
840,14.0,False,False,46.12839073817965,50.0,56.956108829250184,45.84587948588279,51.94298204315997,42.781028507864285,74.0,-3.8716092618203533,3.1221083438590553,3.153329427297646,3.1227631005868624,1.3424658540433108,3.034504987244741,1.3411940306170862,1.3201310205626853,3.153329427297646,1.1128506256361355,1.4263782887075056,1.3398291126680761,1.1128506256361355,1.4263782887075056,2.865244686754372,3.3459636708936134,0.10624726814482033,-0.20728039492654982,0.19263424359596737,-0.2880847405432738,False,False,0.02790946852722607,0.05581893705445214,0.029349249648876086,0.05869849929775217
845,14.083333333333334,False,False,46.224673175787764,50.0,57.101823193927224,45.94238475693218,52.051771477243506,42.8577007297631,74.0,-3.775326824212236,3.104271750813177,3.135314468321309,3.1056041788239925,1.3420844556108085,3.0173589258868057,1.3414322992957421,1.3205251159586169,3.135314468321309,1.1129862939656032,1.4270992432255427,1.3400731717368672,1.1129862939656032,1.4270992432255427,2.847882706934131,3.3293002694481384,0.10657412726692583,-0.20753882199301366,0.1939858011268294,-0.28743176138717796,False,False,0.029349249648876086,0.05869849929775217,0.030659890298892892,0.061319780597785783
850,14.166666666666666,False,False,46.324805844582464,50.0,57.250967789212396,46.04273485358244,52.16467300426144,42.937678070137636,74.0,-3.675194155417536,3.0866448694969972,3.1175113181919674,3.0885914881911347,1.341595289267155,3.0001916111025535,1.3415026687013565,1.3206783655146228,3.1175113181919674,1.1128945296218018,1.4275903734784692,1.34014428508749,1.1128945296218018,1.4275903734784692,2.8307333506421526,3.3128442945239036,0.10691200796384637,-0.207783835892821,0.19533297633193625,-0.28677796754981477,False,False,0.030659890298892892,0.061319780597785783,0.03180792483634024,0.06361584967268048
855,14.25,False,False,46.4279277456291,50.0,57.40265064634749,46.14606914811924,52.280775741810636,43.02022176624464,74.0,-3.5720722543709016,3.069280802565292,3.099973610590945,3.071788822583028,1.3410110593990445,2.9830797600245944,1.3414222234490205,1.3206191266212863,3.099973610590945,1.1126017191964759,1.4278780900209083,1.3400640314557224,1.1126017191964759,1.4278780900209083,2.8138457740781764,3.2966449517379877,0.10725896339962193,-0.20801740742481045,0.19667134114704288,-0.2861278365127684,False,False,0.03180792483634024,0.06361584967268048,0.032873645497865665,0.06574729099573133
860,14.333333333333334,False,False,46.53334131641506,50.0,57.55608553810714,46.251690293545266,52.399342246686494,43.10473378173902,74.0,-3.4666586835849387,3.0522233892552393,3.0827456231477917,3.055245362908082,1.3403431793815672,2.966088515226611,1.341206709047933,1.3203698892260491,3.0827456231477917,1.1121287836200493,1.4279833373138524,1.339848750155352,1.1121287836200493,1.4279833373138524,2.7972605438151446,3.280742856594991,0.10761344808780327,-0.20824110560599984,0.19799723344719933,-0.2854850793326471,False,False,0.032873645497865665,0.06574729099573133,0.03387282838083157,0.06774565676166314
865,14.416666666666666,False,False,46.64043024334963,50.0,57.71056311611311,46.35898214648409,52.51971605460017,43.190682090854004,74.0,-3.359569756650373,3.0355088048096146,3.0658638928577107,3.039001700205068,1.3396021263732265,2.949274417260617,1.340870521715591,1.3199510427239967,3.0658638928577107,1.1114948378980347,1.4279252534701674,1.339512905217771,1.1114948378980347,1.4279252534701674,2.7810113591146495,3.2651717568072796,0.10797421074617075,-0.20845620482596194,0.1993078639495689,-0.2848525337430612,False,False,0.03387282838083157,0.06774565676166314,0.03481105601038355,0.0696221120207671
870,14.5,False,False,46.7486422516099,50.0,57.86544210078524,46.467392576094404,52.64130779028757,43.27758938574414,74.0,-3.251357748390099,3.019166519444503,3.0493581846389484,3.0230915579609645,1.338797545833218,2.9326864912399615,1.3404268451972796,1.3193815017250654,3.0493581846389484,1.1107176633498157,1.4277216425022692,1.3390696781937095,1.1107176633498157,1.4277216425022692,2.765125653358227,3.2499591337310387,0.10834014077720378,-0.2086638383752497,0.20060094909209036,-0.28423253128072146,False,False,0.03481105601038355,0.0696221120207671,0.03569215174505698,0.07138430349011396
875,14.583333333333334,False,False,46.85748130172205,50.0,58.0201439390926,46.576425665897844,52.76358760520822,43.36502686792288,74.0,-3.1425186982779465,3.0032200876642827,3.0332522885409254,3.007542393544633,1.3379383141393932,2.916366990818168,1.339887802115921,1.3186789000059709,3.0332522885409254,1.1098138695011497,1.4273891362233229,1.3385311809140603,1.1098138695011497,1.4273891362233229,2.749625289136138,3.235126897459765,0.10871023621735199,-0.2088650305048212,0.20187460891883946,-0.2836269994047873,False,False,0.03569215174505698,0.07138430349011396,0.03651935837030721,0.07303871674061442
880,14.666666666666666,False,False,46.96650212167227,50.0,58.174148336410035,46.685636250204844,52.88607954208958,43.45260961032489,74.0,-3.0334978783277293,2.98768784062925,3.0175647190355424,2.9923760932979517,1.3370325913602175,2.900352039443485,1.3392645687169709,1.3178596926219235,3.0175647190355424,1.1087989828794997,1.4269432830510835,1.3379085785338702,1.1087989828794997,1.4269432830510835,2.734527203904288,3.220692032485844,0.10908359042916005,-0.20906070974242374,0.20312731345030155,-0.2830375151312543,False,False,0.03651935837030721,0.07303871674061442,0.03729560283050477,0.07459120566100955
885,14.75,False,False,47.07530582027631,50.0,58.32698923608695,46.79462552872125,53.00835695769554,43.53999279175628,74.0,-2.924694179723687,2.9725835029517804,3.0023093379812984,2.977609618195066,1.3360878691369347,2.8846722083588734,1.3385674588021939,1.3169392238339515,3.0023093379812984,1.107687505778121,1.4263986067803023,1.337212174446313,1.107687505778121,1.4263986067803023,2.7198439905540663,3.206667178275003,0.10945938294635082,-0.20925171805583043,0.20435784029370474,-0.28246534742723206,False,False,0.03729560283050477,0.07459120566100955,0.03802360433560991,0.07604720867121982
890,14.833333333333334,False,False,47.1835361403409,50.0,58.478251113827184,46.90303732282872,53.130038597037654,43.626868472783826,74.0,-2.816463859659102,2.957916745717016,2.9874959131741865,2.9632555844145347,1.3351110150487344,2.8693530439654573,1.3378059890238152,1.3159317793935135,2.9874959131741865,1.1064929611430556,1.4257686514778627,1.336451475648437,1.1064929611430556,1.4257686514778627,2.7055844192582077,3.1930611511167406,0.10983687208434922,-0.20943881825045785,0.2055652379425541,-0.2819114939159788,False,False,0.03802360433560991,0.07604720867121982,0.03870592941702019,0.07741185883404038
895,14.916666666666666,False,False,47.2908761307614,50.0,58.627565517349936,47.010554750842864,53.250785093100866,43.71296272780182,74.0,-2.709123869238603,2.9436936838870364,2.973130620725907,2.949322785187474,1.3341083141144205,2.854415551557347,1.3369889335792862,1.3148506319254831,2.973130620725907,1.1052279315905897,1.4250660205081933,1.3356352474615507,1.1052279315905897,1.4250660205081933,2.691753907384775,3.1798794140428295,0.11021538858271018,-0.20962270033489339,0.20674879331692253,-0.2813767133411318,False,False,0.03870592941702019,0.07741185883404038,0.03934502120009381,0.07869004240018762
900,15.0,False,False,47.39704511844096,50.0,58.774607808716084,47.11689719990567,53.37029576730943,43.79803302998763,74.0,-2.602954881559043,2.929917324275021,2.9592164975177715,2.9358166607138023,1.333085507807944,2.8398766401743947,1.3361243726483902,1.3137080836770383,2.9592164975177715,1.1039040964735682,1.424302413607375,1.3347715618819622,1.1039040964735682,1.424302413607375,2.6783549429877276,3.1671245003223603,0.11059432993033669,-0.20980398720347004,0.20790800280458877,-0.2808615545300439,False,False,0.03934502120009381,0.07869004240018762,0.039943215327876445,0.07988643065575289
905,15.083333333333334,False,False,47.50179591358907,50.0,58.91909408177975,47.221817534757406,53.488305671389774,43.88186583905861,74.0,-2.4982040864109294,2.9165879690898078,2.945753848780706,2.922739721655044,1.3320478308261132,2.8257495321172716,1.335219736776733,1.312515508133447,2.945753848780706,1.1025322683276269,1.4234886633369848,1.3338678419488588,1.1025322683276269,1.4234886633369848,2.665387466432602,3.1547963950918545,0.11097315520353779,-0.20998323980582012,0.2090425463111485,-0.2803663823481042,False,False,0.039943215327876445,0.07988643065575289,0.0405027489375159,0.0810054978750318
910,15.166666666666666,False,False,47.604912209452266,50.0,59.060778236298766,47.325099499009895,53.60458282624194,43.964274354183196,74.0,-2.395087790547734,2.9037035792841914,2.932740615077033,2.910091930762228,1.3310000457730995,2.8120441399784193,1.3342818483092653,1.3112833915014108,2.932740615077033,1.1011224295855577,1.4226347718059147,1.3329309030811147,1.1011224295855577,1.4226347718059147,2.6528492140714817,3.142892879034615,0.11135138030450387,-0.2101609619158531,0.2101522639575819,-0.27989140100555154,False,False,0.0405027489375159,0.0810054978750318,0.041025765998787336,0.08205153199757467
915,15.25,False,False,47.706206152040885,50.0,59.19944919593822,47.42655528604761,53.7189256358615,44.0450964128243,74.0,-2.2937938479591153,2.891260101402906,2.9201727024169353,2.8978710465530484,1.329946475886458,2.7987674136197143,1.333316960433569,1.3100213741776954,2.9201727024169353,1.099683769619651,1.4217499477200009,1.331966992144453,1.099683769619651,1.4217499477200009,2.640736027415306,3.1314098375573836,0.11172857354230548,-0.2103376045580443,0.21123713514044828,-0.2794366750016293,False,False,0.041025765998787336,0.08205153199757467,0.041514320732288855,0.08302864146457771
920,15.333333333333334,False,False,47.805516063291954,50.0,59.33492826112816,47.52602326388228,53.83116046144678,44.124192522299836,74.0,-2.194483936708046,2.8792517612195936,2.9080442788317895,2.8860729324863446,1.3288910359070316,2.78592365924762,1.3323307941281968,1.3087382921147492,2.9080442788317895,1.0982247219860424,1.4208426436334993,1.3309818243221798,1.0982247219860424,1.4208426436334993,2.629042130889127,3.1203415385498907,0.11210435151875009,-0.21051357012870686,0.2122972597181012,-0.2790021479426623,False,False,0.041514320732288855,0.08302864146457771,0.04197038001500568,0.08394076003001136
925,15.416666666666666,False,False,47.90270430556901,50.0,59.467066590242396,47.6233658398501,53.9411393419705,44.20144401200737,74.0,-2.09729569443099,2.867671327124877,2.8963480403961257,2.874691834719509,1.3278372611819695,2.7735148325347745,1.3313285731839044,1.3074422180391685,2.8963480403961257,1.0967530017953835,1.4199205933267323,1.3299806181116312,1.0967530017953835,1.4199205933267323,2.617760380958381,3.109680881515386,0.11247837528756377,-0.210689216243785,0.21333284111926032,-0.2785876594377448,False,False,0.04197038001500568,0.08394076003001136,0.042395825267361166,0.08479165053472233
930,15.5,False,False,47.997655278059554,50.0,59.5957428042707,47.71846746038734,54.048737857340484,44.27675130241592,74.0,-2.002344721940446,2.8565103459524894,2.8850754494120143,2.8637206312368835,1.326788335081933,2.761540807580024,1.3303150574048295,1.306140502110966,2.8850754494120143,1.095275642785196,1.4189908488852625,1.3289681285049029,1.095275642785196,1.4189908488852625,2.6068824891604905,3.0994196206064544,0.1128503467742965,-0.21086485932577004,0.21434417119444005,-0.27819296025152385,False,False,0.042395825267361166,0.08479165053472233,0.04279245410019959,0.08558490820039918
935,15.583333333333334,False,False,48.09027353730655,50.0,59.72086071130627,47.81123272978917,54.1538531175114,44.350032276783665,74.0,-1.909726462693449,2.8457593536921943,2.874216947229116,2.8531510548834724,1.3257471148081572,2.7499996233694586,1.3292945740679745,1.3048398122590972,2.874216947229116,1.0937990342963753,1.418059817683073,1.3279486783977974,1.0937990342963753,1.418059817683073,2.596399221354674,3.0895485638789935,0.11322000542397581,-0.21104077796272191,0.21533161664987732,-0.2778177258744421,False,False,0.04279245410019959,0.08558490820039918,0.043161981884046005,0.08632396376809201
940,15.666666666666666,False,False,48.1804820352166,50.0,59.84234714791657,47.901584649711545,54.256401880270325,44.421220757348976,74.0,-1.819517964783401,2.835408063327991,2.863762143961271,2.8429738926168335,1.324716155661248,2.7388877092896915,1.328271047706283,1.3035461736046183,2.863762143961271,1.0923289575659092,1.4171332986818146,1.3269261883441232,1.0923289575659092,1.4171332986818146,2.5863005753062365,3.080057750880634,0.11358712507719626,-0.21121721603870913,0.21629560691936334,-0.27746156865503435,False,False,0.043161981884046005,0.08632396376809201,0.04350604333682908,0.08701208667365816
945,15.75,False,False,48.26822046865079,50.0,59.96014993491397,47.98946297054002,54.356318788541316,44.49026507826361,74.0,-1.7317795313492113,2.8254455318521874,2.8536999871707094,2.833179163093435,1.323697733840745,2.7282000911459354,1.3272480282747428,1.3022650069714747,2.8536999871707094,1.090870621316911,1.416216518027226,1.3259042047139247,1.090870621316911,1.416216518027226,2.5765759385453713,3.070936610513635,0.11395151105575119,-0.2113943856545637,0.21723662334292548,-0.2771240486253381,False,False,0.04350604333682908,0.08701208667365816,0.04382619418715383,0.08765238837430767
950,15.833333333333334,False,False,48.353443735241484,50.0,60.07423594526908,48.07482264517668,54.45355471728518,44.557126747006855,74.0,-1.646556264758516,2.8158603083365623,2.844018911419928,2.823756274529503,1.322693867842256,2.717930579048309,1.3262287177567156,1.301001166558499,2.844018911419928,1.0894286966998978,1.4153141639966615,1.3248859262263524,1.0894286966998978,1.4153141639966615,2.567214228281235,3.0621741009530012,0.11431299743816248,-0.21157246985860123,0.2181551895330731,-0.276804683138693,False,False,0.04382619418715383,0.08765238837430767,0.04412391294460988,0.08824782588921976
955,15.916666666666666,False,False,48.43612049046923,50.0,60.18458928197157,48.15763238816937,54.54807523352196,44.621779196978885,74.0,-1.5638795095307714,2.806640564788095,2.834706970435976,2.8146941646171184,1.3217063385170489,2.7080719384479974,1.3252159952668636,1.2997589762722874,2.834706970435976,1.0880073510884598,1.4144304208008742,1.3238742291061045,1.0880073510884598,1.4144304208008742,2.558204015007269,3.0537588332558148,0.1146714445285868,-0.21175162518382762,0.21905186281983857,-0.27650295542870706,False,False,0.04412391294460988,0.08824782588921976,0.04440060279233818,0.08880120558467636
960,16.0,False,False,48.516231801317026,50.0,60.29120956358801,48.237873328673395,54.63985915708289,44.68420662115902,74.0,-1.4837681986829736,2.7977742113766113,2.8257519534903777,2.805981424131542,1.3207367078573338,2.6986160455290946,1.3242124407069777,1.29854226497112,2.8257519534903777,1.0866102809564469,1.413569001467182,1.3228716906437967,1.0866102809564469,1.413569001467182,2.5495336313015446,3.045679180165548,0.11502673649606199,-0.21193198401467317,0.2199272266751704,-0.276218322188833,False,False,0.04440060279233818,0.08880120558467636,0.04465759360496721,0.08931518720993442
965,16.083333333333332,False,False,48.59376989203237,50.0,60.39411031512995,48.315537756098784,54.72889722099602,44.74440288590053,74.0,-1.4062301079676303,2.78924899749335,2.8171414874682834,2.7976064057335464,1.3197863365688784,2.689554028091098,1.323220357031023,1.2973544003844746,2.8171414874682834,1.0852407435976164,1.4127331795649707,1.3218806114384734,1.0852407435976164,1.4127331795649707,2.541191267204768,3.037923371493998,0.1153787791804961,-0.21211365678685823,0.22078188402571453,-0.27595022026351534,False,False,0.04465759360496721,0.08931518720993442,0.044896144087355504,0.08979228817471101
970,16.166666666666668,False,False,48.66873697768711,50.0,60.49331746165878,48.390627954548634,54.81519082734425,44.80237052149484,74.0,-1.3312630223128892,2.7810525999816,2.8088631259814156,2.789557319349383,1.3188564004910934,2.6808763929903714,1.3222417911757702,1.2961983216345563,2.8088631259814156,1.0839015876056721,1.4119258196914535,1.3209030363661896,1.0839015876056721,1.4119258196914535,2.5331650534471777,3.03047957735207,0.1157274980568972,-0.21229673402888416,0.22161645137065422,-0.27569807253423795,False,False,0.044896144087355504,0.08979228817471101,0.045117444023638306,0.09023488804727661
975,16.25,False,False,48.741144181351096,50.0,60.58886792184026,48.46315511780741,54.89875088963993,44.85811978228429,74.0,-1.2588558186489038,2.773172699771965,2.8009044267696845,2.7818223153996238,1.3179479059231907,2.6725731411458855,1.3212785537133007,1.2950765705217147,2.8009044267696845,1.0825952822603258,1.411149406863336,1.3199407741721645,1.0825952822603258,1.411149406863336,2.5254431336928533,3.023335980397942,0.11607283634162124,-0.2124812882613889,0.22243155362825728,-0.2754612930768312,False,False,0.045117444023638306,0.09023488804727661,0.04532261662243012,0.09064523324486023
980,16.333333333333332,False,False,48.811010530798,50.0,60.68080829843897,48.53313834777484,54.97959676493102,44.911667778975165,74.0,-1.1889894692019993,2.765597048054621,2.793253018535167,2.7743895570453976,1.3170617039134775,2.6646338710547615,1.320332237281389,1.2939913212058582,2.793253018535167,1.0813239454559325,1.4104060744509332,1.3189954158768615,1.0813239454559325,1.4104060744509332,2.518013726875147,3.0164808381763026,0.116414753245075,-0.21266737574992578,0.22322781964113547,-0.27523929166002015,False,False,0.04532261662243012,0.09064523324486023,0.045512720941595024,0.09102544188319005
985,16.416666666666668,False,False,48.87836203075153,50.0,60.76919366252842,48.60060372614747,55.05775526449973,44.96303767419751,74.0,-1.121637969248468,2.7583135230282183,2.7858966582585003,2.767247282525725,1.3161985035672437,2.657047871706259,1.319404233847326,1.292944408578178,2.7858966582585003,1.080089370447588,1.4096976309296254,1.3180683520399272,1.080089370447588,1.4096976309296254,2.5108651806091142,3.009902536534565,0.11675322235144736,-0.21285503813059004,0.22400587827606477,-0.27503147764938607,False,False,0.045512720941595024,0.09102544188319005,0.045688754374843,0.091377508749686
990,16.5,False,False,48.943230806762045,50.0,60.85408642799297,48.66558345600708,55.13325973951776,45.01225793843875,74.0,-1.0567691932379546,2.751310178179286,2.778823279961079,2.7603838585718394,1.315358884427052,2.6498042057286146,1.3184957508601287,1.2919373552937488,2.778823279961079,1.0788930513786497,1.409025585412628,1.3171607888819836,1.0788930513786497,1.409025585412628,2.503986016585544,3.0035896350206297,0.11708823011887914,-0.2130443039150991,0.2247663550595509,-0.27483726337553493,False,False,0.045688754374843,0.091377508749686,0.045851655181842796,0.09170331036368559
995,16.583333333333332,False,False,49.0056543168853,50.0,60.935555312724205,48.72811507657729,55.20614924523883,45.059361669326876,74.0,-0.9943456831147017,2.7445752829664447,2.7720210357961093,2.753787825803087,1.3145433079775308,2.6428917835513874,1.317607826345231,1.2909713971265502,2.7720210357961093,1.0777362072568262,1.4083911716322115,1.3162737633814232,1.0777362072568262,1.4083911716322115,2.497364968775763,2.9975309050913888,0.11741977450566132,-0.213235189869724,0.2255098692952795,-0.2746560670203464,False,False,0.045851655181842796,0.09170331036368559,0.04600230504399297,0.09200461008798594
1000,16.666666666666668,False,False,49.065674627416726,50.0,61.013674382770304,48.78824073515529,55.276467766242526,45.104385960180664,74.0,-0.9343253725832739,2.738097356709953,2.7654783302770523,2.747447936933576,1.3137521283249924,2.636299429316568,1.3167413429948123,1.2900475072649624,2.7654783302770523,1.0766198049674351,1.4077953709579836,1.3154081573315581,1.0766198049674351,1.4077953709579836,2.490991015206416,2.991715361891173,0.11774786369302115,-0.21342770229752728,0.2262370316141209,-0.2744873150706364,False,False,0.04600230504399297,0.09200461008798594,0.04614153162846567,0.09228306325693134
1005,16.75,False,False,49.12333774902318,50.0,61.088522175584366,48.846006525672514,55.34426351308828,45.14737132628819,74.0,-0.8766622509768212,2.731865196418692,2.759183848382879,2.7413531885487945,1.3129856021004016,2.630015939224506,1.3158970413057451,1.2891664189296808,2.759183848382879,1.0755445807229802,1.407238933851379,1.3145647104899127,1.0755445807229802,1.407238933851379,2.4848534039985255,2.986132290294438,0.11807251492169835,-0.21362183820670055,0.22694844191155905,-0.2743304443843533,False,False,0.04614153162846567,0.09228306325693134,0.04627011114459263,0.09254022228918526
1010,16.833333333333332,False,False,49.178693029705364,50.0,61.16018089844031,48.90146187922981,55.40958827436849,45.188361176018596,74.0,-0.8213069702946356,2.7258678992232106,2.7531265782154426,2.7354928471464817,1.312243897632347,2.6240301329557,1.3150755318158946,1.2883286468879578,2.7531265782154426,1.0745110604962207,1.4067224003035363,1.3137440327610876,1.0745110604962207,1.4067224003035363,2.4789416743048776,2.980771265846741,0.11839375341557856,-0.2138175863917371,0.2276446876312983,-0.27418490391056505,False,False,0.04627011114459263,0.09254022228918526,0.046388770877596,0.092777541755192
1015,16.916666666666668,False,False,49.231792601124646,50.0,61.22873569803986,48.954659011694375,55.47249682974946,45.22740133135585,74.0,-0.7682073988753544,2.7200948800245746,2.74729582882482,2.7298564700758092,1.3115271034347786,2.6183308987665623,1.3142773064881028,1.2875345074815687,2.74729582882482,1.0735195790635446,1.4062461188833772,1.3129466156328364,1.0735195790635446,1.4062461188833772,2.4732456727239263,2.975622171182206,0.11871161140180853,-0.21401492841802416,0.22832634235738603,-0.2740501561008939,False,False,0.046388770877596,0.092777541755192,0.04649819168652119,0.09299638337304238
1020,17.0,False,False,49.28269087493293,50.0,61.29427399732138,49.00565241859301,55.53304641335179,45.264539589288596,74.0,-0.717309125067068,2.714535884914224,2.741681243763366,2.724433921953066,1.3108352360523812,2.6129072328163745,1.3135027492896723,1.2867841375216722,2.741681243763366,1.072570297994213,1.405810264731452,1.312172842660357,1.072570297994213,1.405810264731452,2.4677555657166264,2.9706752084438706,0.1190261272097799,-0.2142138395274591,0.22899396468050437,-0.27392567804673984,False,False,0.04649819168652119,0.09299638337304238,0.04659901045454894,0.09319802090909789
1025,17.083333333333332,False,False,49.33144408585656,50.0,61.35688489549931,49.05449841855803,55.59129622887954,45.29982532524665,74.0,-0.6685559141434396,2.7091810008694988,2.736272810878194,2.7192153870802485,1.3101682473045162,2.6077482732437622,1.3127521460136231,1.2860775118739822,2.736272810878194,1.0716632224114546,1.4054148563255398,1.3114229993648678,1.0716632224114546,1.4054148563255398,2.462461848504602,2.9659209081853484,0.11933734445155753,-0.2144142894625276,0.2296480973071544,-0.27381096237359204,False,False,0.04659901045454894,0.09319802090909789,0.04669182248156169,0.09338364496312337
1030,17.166666666666668,False,False,49.37810987840305,50.0,61.41665862740787,49.10125473921777,55.64730700986226,45.33330913325266,74.0,-0.6218901215969481,2.7040206621827507,2.7310608688045783,2.7141913783449754,1.3095260309667573,2.6028433294740974,1.3120256933862937,1.2854144599255506,2.7310608688045783,1.0707982167059023,1.4050597711984911,1.3106972822682565,1.0707982167059023,1.4050597711984911,2.4573553508837445,2.9613501351878746,0.11964531127294054,-0.21461624321964834,0.23028926638329628,-0.27370551792083386,False,False,0.04669182248156169,0.09338364496312337,0.04677718381043297,0.09355436762086594
1035,17.25,False,False,49.42274693418147,50.0,61.473686078292424,49.145980144714024,55.701140624161994,45.36504250213691,74.0,-0.5772530658185318,2.6990456540387573,2.726036110579145,2.7093527430358098,1.308908428927142,2.598181907204188,1.3113235075041851,1.2847946808743018,2.726036110579145,1.0699750191413862,1.4047447605483354,1.3099958073420113,1.0699750191413862,1.4047447605483354,2.452427240346251,2.9569540915857613,0.1199500796740336,-0.21481966173291567,0.2309179810066162,-0.27360887023289404,False,False,0.04677718381043297,0.09355436762086594,0.04685561347987903,0.09371122695975806
1040,17.333333333333332,False,False,49.46541463695449,50.0,61.52805835028363,49.188734100862305,55.7528597184409,45.39507752435682,74.0,-0.5345853630455082,2.6942471136152624,2.721189584751415,2.704690665966006,1.3083152368523703,2.5937537294775237,1.3106456316411867,1.2842177579443252,2.721189584751415,1.0691932554492243,1.404469462836789,1.3093186178118685,1.0691932554492243,1.404469462836789,2.447669022866288,2.952724317655451,0.12025170489246384,-0.21502450249510097,0.23153473290403603,-0.2735205618851273,False,False,0.04685561347987903,0.09371122695975806,0.04692759569836277,0.09385519139672555
1045,17.416666666666668,False,False,49.50617277266845,50.0,61.579866376898835,49.2295764735009,55.802527397777965,45.42346663354552,74.0,-0.4938272273315505,2.6896165290447196,2.716512694335167,2.7001966702608695,1.3077462093973344,2.5895487542320015,1.3099920434655608,1.283683171659368,2.716512694335167,1.0684524515357803,1.4042334165009438,1.3086656913913886,1.0684524515357803,1.4042334165009438,2.4430725416695838,2.9486526905884562,0.12055024484157584,-0.21523072012358768,0.2321399962532893,-0.2734401526655832,False,False,0.04692759569836277,0.09385519139672555,0.04699358193456315,0.0939871638691263
1050,17.5,False,False,49.545081261839826,50.0,61.629200582041044,49.26856726207706,55.85020694272772,45.45026237266108,74.0,-0.45491873816017403,2.6851457365414677,2.7119971939068823,2.69586261612902,1.30720106498955,2.5855571886725555,1.309362661704276,1.2831903119979415,2.7119971939068823,1.0677520451308122,1.4040360716056552,1.3080369468712434,1.0677520451308122,1.4040360716056552,2.4386299742750883,2.944731421536333,0.12084575960771371,-0.2154382668671293,0.23273422762945062,-0.273367219631794,False,False,0.04699358193456315,0.0939871638691263,0.047053992921454915,0.09410798584290983
1055,17.583333333333332,False,False,49.582199921808034,50.0,61.67615058010258,49.30576636125859,55.89596155600137,45.47551718641227,74.0,-0.4178000781919664,2.6808269159674754,2.7076351851271503,2.691680697905711,1.3066794902182814,2.5817695007933454,1.308757352290517,1.2827384897096363,2.7076351851271503,1.0670913966435505,1.4038768007035751,1.3074322503277926,1.0670913966435505,1.4038768007035751,2.43433382806738,2.940953051186379,0.12113831099393879,-0.21564709306608587,0.23331786605922877,-0.2733013570597702,False,False,0.047053992921454915,0.09410798584290983,0.047109220571870364,0.09421844114374073
1060,17.666666666666668,False,False,49.61758825649621,50.0,61.72080491392802,49.34123335074831,55.93985413902471,45.49928323817095,74.0,-0.3824117435037877,2.6766525850812712,2.7034191109320838,2.6876434396268793,1.3061811438564523,2.5781764283480535,1.3081759340284316,1.2823269467190677,2.7034191109320838,1.0664697991536594,1.403754908829982,1.306851420745943,1.0664697991536594,1.403754908829982,2.4301769346313824,2.9373104440996007,0.12142796211091444,-0.2158571475654083,0.23389133316751698,-0.27324217630070136,False,False,0.047109220571870364,0.09421844114374073,0.04715962980450458,0.09431925960900917
1065,17.75,False,False,49.6513052714537,50.0,61.763250827545,49.37502730995922,55.98194709478217,45.5216122484627,74.0,-0.3486947285462989,2.672615592688539,2.6993417486154243,2.6837436893654916,1.3057056605417543,2.5747689855423945,1.3076181838074097,1.2819548657204634,2.6993417486154243,1.0658864876344436,1.403669642729775,1.306294235232008,1.0658864876344436,1.403669642729775,2.4261524430562025,2.9337967820177715,0.12171477700931166,-0.21606837808601975,0.2344550334023472,-0.27318930555922183,False,False,0.04715962980450458,0.09431925960900917,0.04720556028030077,0.09441112056060154
1070,17.833333333333332,False,False,49.68340931208116,50.0,61.80357407072998,49.40720665552676,56.02230215479849,45.54255535329107,74.0,-0.3165906879188398,2.6687091108889778,2.6953962019978674,2.679974612536987,1.3052526541417708,2.5715384677000377,1.307083841396541,1.2816213790070379,2.6953962019978674,1.0653406474491802,1.403620199357507,1.3057604338458533,1.0653406474491802,1.403620199357507,2.422253812392212,2.9304055563236995,0.12199882035046916,-0.21628073155785765,0.23500935432583203,-0.2731423896056553,False,False,0.04720556028030077,0.09441112056060154,0.04724732804951491,0.09449465609902982
1075,17.916666666666668,False,False,49.713957923068534,50.0,61.841858732637306,49.43782900217114,56.06098023087608,45.562162982788344,74.0,-0.28604207693146577,2.664926626592217,2.6915758928581393,2.676329684357956,1.3048217208263972,2.5684764541317877,1.306572613848148,1.281325576461577,2.6915758928581393,1.0648314220482913,1.4036057335781869,1.3052497239058996,1.0648314220482913,1.4036057335781869,2.418474803424811,2.9271305598181536,0.12228015711660989,-0.21649415441328568,0.23555466696001437,-0.27310108943332834,False,False,0.04724732804951491,0.09449465609902982,0.04728522711099281,0.09457045422198562
1080,18.0,False,False,49.743007727196975,50.0,61.87818710188112,49.46695104021996,56.09804128434384,45.580484754316046,74.0,-0.25699227280302495,2.661261932455742,2.6878745517802995,2.6728026816214823,1.304412441869363,2.565574809417927,1.306084179537731,1.2810665129878271,2.6878745517802995,1.0643579201352293,1.4036253653367103,1.304761784133052,1.0643579201352293,1.4036253653367103,2.414809469909523,2.9239658779580773,0.1225588523488832,-0.2167085928525978,0.23609132617777773,-0.2730650818707767,False,False,0.04728522711099281,0.09457045422198562,0.04731953088501919,0.09463906177003838
1085,18.083333333333332,False,False,49.77061432177805,50.0,61.91263955062117,49.49462843200331,56.133544215289156,45.59756938200457,74.0,-0.2293856782219521,2.657709117379716,2.684286208553513,2.6693876739338,1.304024386199246,2.5628256832950846,1.305618191866052,1.2808432152355362,2.684286208553513,1.0639192221582627,1.40367818615312,1.30429626826749,1.0639192221582627,1.40367818615312,2.4112521493959047,2.920905879683601,0.12283497091758377,-0.2169239930772735,0.23661967113008808,-0.27303405915760814,False,False,0.04731953088501919,0.09463906177003838,0.04735049360220797,0.09470098720441594
1090,18.166666666666668,False,False,49.79683219111821,50.0,61.945294440361344,49.520915725165096,56.16754676969173,45.613464601031474,74.0,-0.20316780888178698,2.6542625566772315,2.6808051822440038,2.666079014539753,1.303657112719036,2.560221509321779,1.3051742826475596,1.2806546876780067,2.6808051822440038,1.063514386183803,1.403763264999327,1.303852808495094,1.063514386183803,1.403763264999327,2.407797453752286,2.91794520794584,0.1231085773213203,-0.2171403014942037,0.23714002570183634,-0.27300772849171784,False,False,0.04735049360220797,0.09470098720441594,0.047378351610788856,0.09475670322157771
1095,18.25,False,False,49.82171463350829,50.0,61.97622804732435,49.54586627856964,56.20010545979666,45.62821710284862,74.0,-0.178285366491707,2.6509169020236816,2.6774260710439184,2.662871330849063,1.3033101724120306,2.5577550024808113,1.3047520652079105,1.2804999182187475,2.6774260710439184,1.063142453320368,1.4038796537264022,1.303431018551737,1.063142453320368,1.4038796537264022,2.40444025948924,2.9150787700334035,0.12337973550765469,-0.2173574648983796,0.23765269898948516,-0.2729858115546784,False,False,0.047378351610788856,0.09475670322157771,0.04740332460512001,0.09480664921024003
1100,18.333333333333332,False,False,49.84531370134509,50.0,62.00551450541721,49.5695322032525,56.23127550044869,45.64187248354486,74.0,-0.15468629865490868,2.6476670712755794,2.674143741988335,2.6597595147613218,1.3029831102506315,2.555419155861901,1.3043511372119105,1.280377883180072,2.674143741988335,1.0628024525507296,1.4040263918999765,1.3030304964907828,1.0628024525507296,1.4040263918999765,2.401175697967078,2.9123017277828915,0.1236485087199044,-0.21757543062934248,0.23815798579455638,-0.27296804402125696,False,False,0.04740332460512001,0.09480664921024003,0.04742561677852697,0.09485123355705394
1105,18.416666666666668,False,False,49.867680153093694,50.0,62.03322576494623,49.591964313620544,56.261110756203266,45.65447520113057,74.0,-0.13231984690630583,2.644508238237056,2.6709533206194265,2.6567387128749846,1.3026754669234701,2.5532072365543006,1.3039710832418716,1.2802875518796555,2.6709533206194265,1.0624934051698631,1.404202511241376,1.3026508273188029,1.0624934051698631,1.404202511241376,2.3979991455611493,2.909609487747167,0.12391495936172059,-0.21779414670979236,0.23865616712774074,-0.2729541750582771,False,False,0.04742561677852697,0.09485123355705394,0.04744541790355118,0.09489083580710236
1110,18.5,False,False,49.88886341589611,50.0,62.05943156538019,49.61321209117314,56.28966370173785,45.666068543768915,74.0,-0.11113658410388894,2.6414358224414403,2.6678501806658548,2.653804316654158,1.3023867803952198,2.5511127808665495,1.3036114771450835,1.280227890662618,2.6678501806658548,1.062214328700608,1.4044070395463966,1.302291585323792,1.062214328700608,1.4044070395463966,2.3949062138484982,2.906997691384967,0.12417914888377846,-0.21801356196201005,0.23914751071911233,-0.27294396681735655,False,False,0.04744541790355118,0.09489083580710236,0.0474629043428892,0.0949258086857784
1115,18.583333333333332,False,False,49.90891155772462,50.0,62.08419942059321,49.63332365545168,56.31698538982994,45.67669460429695,74.0,-0.09108844227537816,2.638445479005572,2.6648299337956276,2.6509519526167327,1.3021165873124223,2.549129588978881,1.3032718841678739,1.280197866624576,2.6648299337956276,1.0619642405131522,1.4046390043078427,1.3019523361690972,1.0619642405131522,1.4046390043078427,2.391892739870194,2.9044622053261393,0.12444113768326681,-0.21823362611142372,0.2396322715305117,-0.2729371939254337,False,False,0.0474629043428892,0.0949258086857784,0.0474782399944451,0.0949564799888902
1120,18.666666666666668,False,False,49.927871268064244,50.0,62.10759461514501,49.65234574520494,56.34312543020144,45.68639426368903,74.0,-0.07212873193575575,2.635533088605793,2.661888419491851,2.6481774725981664,1.3018644242677153,2.547251719123186,1.30295186289258,1.2801964508637957,2.661888419491851,1.0617421609920707,1.4048974358855464,1.3016326389141342,1.0617421609920707,1.4048974358855464,2.3889547765154004,2.9019991117586015,0.12470098502175064,-0.218454289871725,0.24011069226675064,-0.2729336429764504,False,False,0.0474782399944451,0.0949564799888902,0.047491577173712315,0.09498315434742463
1125,18.75,False,False,49.94578784619134,50.0,62.12968021027661,49.67032370731811,56.36813197659011,45.6952071813101,74.0,-0.05421215380866329,2.6326947476167866,2.6590216950929544,2.645476944137001,1.3016298289339414,2.545473481375608,1.3026509669926378,1.280222621365456,2.6590216950929544,1.0615471163496633,1.4051813703226295,1.3013320476690298,1.0615471163496633,1.4051813703226295,2.3860885830658773,2.899604698975707,0.12495874895717352,-0.2186755050157927,0.24058300388275278,-0.27293311202707704,False,False,0.047491577173712315,0.09498315434742463,0.047503057436894654,0.09500611487378931
1130,18.833333333333332,False,False,49.96270519619232,50.0,62.15051705841155,49.68730149048092,56.392051718780806,45.703171789300306,74.0,-0.0372948038076828,2.629926758447508,2.6562260260319834,2.6428466410207925,1.3014123410787826,2.5437894311379003,1.3023687468199587,1.2802753656504593,2.6562260260319834,1.0613781412127723,1.4054898519351782,1.3010501132492664,1.0613781412127723,1.4054898519351782,2.3832906159330944,2.897275452116183,0.12521448628471887,-0.218897224437687,0.24104942608419977,-0.272935410098889,False,False,0.047503057436894654,0.09500611487378931,0.04751281234803727,0.09502562469607453
1135,18.916666666666668,False,False,49.97866582793856,50.0,62.17016382506002,49.70332164823824,56.414929884695425,45.71032529519864,74.0,-0.021334172061436618,2.627225620102318,2.653497876303341,2.640283034024639,1.301211503469775,2.5421943623754446,1.3021047508377899,1.280353682953346,2.653497876303341,1.0612342807561137,1.4058219354483754,1.3007863845521115,1.0612342807561137,1.4058219354483754,2.380557519614285,2.8950080441229917,0.12546825249502946,-0.21911940219723225,0.2415101678196505,-0.27294035668905625,False,False,0.04751281234803727,0.09502562469607453,0.047520964193361895,0.09504192838672379
1140,19.0,False,False,49.99371086330082,50.0,62.18867701712104,49.71842534297742,56.43681024335349,45.71670368536076,74.0,-0.006289136699180631,2.624588018989976,2.650833899179876,2.6377827818686383,1.3010268626788333,2.540683300672371,1.3018585269113134,1.280456586326627,2.650833899179876,1.0611145927643826,1.4061766880613407,1.3005404099330464,1.0611145927643826,1.4061766880613407,2.377886117888652,2.892799326942308,0.1257201017347136,-0.21934199356224449,0.24196542776243213,-0.272947781291224,False,False,0.047520964193361895,0.09504192838672379,0.04752762664589416,0.09505525329178832
1145,19.083333333333332,False,False,50.0078800469506,50.0,62.20611101667239,49.73265235861453,56.45773511719947,45.722341736027175,74.0,0.007880046950603514,2.622010819998386,2.64823092819837,2.63534272241548,1.3008579697947036,2.5392514961573402,1.3016296234673692,1.280583104288935,2.64823092819837,1.0610181492545967,1.406553191072158,1.3003117382454095,1.0610181492545967,1.406553191072158,2.3752734052704034,2.890646322979307,0.12597008678322297,-0.21956495503433837,0.2424153947809371,-0.2729575229279666,False,False,0.04752762664589416,0.09505525329178832,0.0475329053835707,0.0950658107671414
1150,19.166666666666668,False,False,50.021211761153104,50.0,62.22251811942275,49.7460411142013,56.4777453953331,45.727273025185085,74.0,0.02121176115310419,2.6194910578487423,2.64568596842723,2.6329598641248553,1.3007043810511631,2.5378944163473656,1.3014175905338852,1.280732282384879,2.64568596842723,1.0609440380126764,1.406950541417076,1.300099919997183,1.0609440380126764,1.406950541417076,2.3727165387313067,2.8885462168234346,0.12621825903219697,-0.21978824437220257,0.2428602483962048,-0.2729694296959231,False,False,0.0475329053835707,0.0950658107671414,0.04753689866351685,0.0950737973270337
1155,19.25,False,False,50.03374304401187,50.0,62.23794857708153,49.75862868352193,56.49688055319546,45.731529949700715,74.0,0.03374304401187089,2.617025928739075,2.6431961880264656,2.6306313777773704,1.3005656583781469,2.5366077389513744,1.301221980668804,1.2809031844064431,2.6431961880264656,1.0608913638032964,1.4073678528829292,1.2999045081856366,1.0608913638032964,1.4073678528829292,2.3702128297019818,2.8864963472523963,0.12646466847648608,-0.22001182060314672,0.24330015922593073,-0.27298335832448384,False,False,0.04753689866351685,0.0950737973270337,0.047539697855474156,0.09507939571094831
1160,19.333333333333332,False,False,50.04550961067543,50.0,62.25245064297576,49.77045081447254,56.515178671956555,45.735143742251964,74.0,0.045509610675431134,2.6146127822839507,2.6407589101067903,2.628354588477189,1.3004413698824575,2.5353873446700805,1.3010423497875994,1.2810948935702346,2.6407589101067903,1.0608592495362272,1.4078042572759912,1.2997250591758984,1.0608592495362272,1.4078042572759912,2.3677597363581118,2.8844941995210367,0.12670936370575658,-0.22023564403400742,0.24373528941424638,-0.27299917374867855,False,False,0.047539697855474156,0.09507939571094831,0.047541387936961,0.095082775873922
1165,19.416666666666668,False,False,50.05654587706292,50.0,62.266070620311815,49.78154195517011,56.53267646520203,45.738144494190294,74.0,0.056545877062923466,2.612249113754316,2.638371604891859,2.626126967939574,1.3003310902641878,2.5342293100240925,1.3008782578977942,1.281306513312129,2.638371604891859,1.06084683706326,1.4082589052213612,1.299561133418456,1.06084683706326,1.4082589052213612,2.3653548561951245,2.8825373979386613,0.12695239190923213,-0.22045967624886909,0.2441657930468022,-0.27301674869673453,False,False,0.047541387936961,0.095082775873922,0.047542047952744845,0.09508409590548969
1170,19.5,False,False,50.06688498570875,50.0,62.278852912543066,49.79193527786992,56.549409303199525,45.74056117646867,74.0,0.06688498570874657,2.6099325566190705,2.6360318821852613,2.623946127066893,1.300234401174508,2.5331299002379724,1.3007292697482629,1.2815371681260603,2.6360318821852613,1.0608532880164758,1.408730967003637,1.2994122961227277,1.0608532880164758,1.408730967003637,2.362995918892638,2.880623698736094,0.12719379887757665,-0.2206838801095845,0.2445918165508325,-0.27303596329262314,False,False,0.047542047952744845,0.09508409590548969,0.047541751441012255,0.09508350288202451
1175,19.583333333333332,False,False,50.07655883336608,50.0,62.2908400753619,49.8016627076723,56.56541124237614,45.74242166479343,74.0,0.07655883336607872,2.6076608753878787,2.6337374841417573,2.621809808814366,1.3001508915200246,2.532085562204171,1.300594955400522,1.2817860041084987,2.6337374841417573,1.0608777843619877,1.409219633123016,1.2992781177695634,1.0608777843619877,1.409219633123016,2.360680779467992,2.878750983221802,0.12743362901451727,-0.2209082197465111,0.24501349908004455,-0.2730567046737655,False,False,0.047541751441012255,0.09508350288202451,0.04754056682853732,0.09508113365707464
1180,19.666666666666668,False,False,50.08559810004598,50.0,62.30207286988844,49.8107549514039,56.58071505498261,45.74375276493202,74.0,0.08559810004597779,2.605431958752995,2.631486278340525,2.619715881344897,1.3000801577185142,2.531092917547347,1.300474890728652,1.2820521894293506,2.631486278340525,1.0609195288816249,1.4097241147792856,1.299158174667673,1.0609195288816249,1.4097241147792856,2.358407411716586,2.8769172512247967,0.127671925349935,-0.22113266054772573,0.24543097288427163,-0.2730788666239392,False,False,0.04754056682853732,0.09508113365707464,0.04753855779704794,0.09507711559409587
1185,19.75,False,False,50.09403227920169,50.0,62.31259031667607,49.8192415278752,56.59535226026616,45.74458023923854,74.0,0.09403227920169144,2.6032438130263813,2.629276251156645,2.617662331470691,1.3000218039104448,2.5301487558064872,1.3003686578540088,1.2823349146704186,2.629276251156645,1.0609777455258786,1.4102436442270263,1.299052049348984,1.0609777455258786,1.4102436442270263,2.356173901935298,2.875120614820586,0.1279087295566077,-0.22135716914453996,0.2458443636639407,-0.27310234922134713,False,False,0.04753855779704794,0.09507711559409587,0.04753578362273313,0.09507156724546625
1190,19.833333333333332,False,False,50.10188970879889,50.0,62.32242975019893,49.82715079919909,56.6093531568174,45.744928834119534,74.0,0.10188970879889325,2.6010945558671574,2.627105501425829,2.615647258377942,1.2999754421303475,2.5292500277495096,1.300275845520391,1.282633393046135,2.627105501425829,1.0610516796522742,1.4107774750161917,1.2989593309786416,1.0610516796522742,1.4107774750161917,2.353978442924112,2.8733592923353233,0.12814408197005656,-0.2215817133938609,0.24625379090949417,-0.2731270585017169,False,False,0.04753578362273313,0.09507156724546625,0.047532299490841715,0.09506459898168343
1195,19.916666666666668,False,False,50.1091976030412,50.0,62.33162687352614,49.83451000194733,56.622746854763484,45.74482230736373,74.0,0.10919760304120274,2.59898241029341,2.6249722343963438,2.613668867629718,1.2999406924417862,2.5283938388325264,1.3001960494148987,1.2829468605654348,2.6249722343963438,1.0611405982058377,1.4113248821747417,1.2988796156771514,1.0611405982058377,1.4113248821747417,2.3518193282601425,2.8716316026223123,0.1283780216093069,-0.2218062623595971,0.24665936822596857,-0.27315290613620125,False,False,0.047532299490841715,0.09506459898168343,0.04752815678723042,0.09505631357446084
1200,20.0,False,False,50.11608168036625,50.0,62.340215812924995,49.84144480588509,56.63566993882893,45.74437109906054,74.0,0.11608168036624988,2.59690569897153,2.6228747559612455,2.6117254654412276,1.2999171830393481,2.52757744281377,1.3001288724393063,1.2832697842418839,2.6228747559612455,1.0612391766864053,1.411880549178064,1.2988077134861216,1.0612391766864053,1.411880549178064,2.34969494683741,2.8699359596042533,0.12861076493618007,-0.22203060755547854,0.24706120364300777,-0.2731798091238353,False,False,0.04752815678723042,0.09505631357446084,0.04753740230803576,0.09507480461607153
1205,20.083333333333332,False,False,50.12264649387286,50.0,62.34822513939493,49.84805971037883,56.648235276364524,45.743666310093296,74.0,0.12264649387285687,2.5948635216791383,2.6208121568959295,2.6098154532208317,1.2999045949626336,2.5267985543443126,1.3000739223492204,1.2835974059402453,2.6208121568959295,1.0613428574864725,1.412439926288899,1.298739310017254,1.0613428574864725,1.412439926288899,2.3476044823425037,2.868271571751342,0.12884252034865362,-0.2222545484537728,0.24745941485541234,-0.27320767455342576,False,False,0.04753740230803576,0.09507480461607153,0.04755811257220551,0.09511622514441102
1210,20.166666666666668,False,False,50.12911896534309,50.0,62.35567483146195,49.85458148225015,56.660688772423335,45.742906173160904,74.0,0.1291189653430891,2.5928555892061977,2.61878414509826,2.607938027046923,1.2999026979841233,2.526055583607233,1.3000308188561591,1.2839188881771497,2.61878414509826,1.0614412432816858,1.4129926239498607,1.2986639843683863,1.0614412432816858,1.4129926239498607,2.3455477473381316,2.8666382761672327,0.12907373577271097,-0.22247764489546396,0.2478541310689728,-0.2732363977601282,False,False,0.04755811257220551,0.09511622514441102,0.04760836377140824,0.09521672754281647
1215,20.25,False,False,50.13614229958504,50.0,62.36257218730001,49.86165284248401,56.67373000248777,45.74265437913664,74.0,0.13614229958503898,2.5908830479369924,2.6167918784163624,2.606093011752682,1.2999113984938286,2.5253479529611003,1.2999992182185849,1.2842029129108505,2.6167918784163624,1.0615042397118841,1.4135085554664595,1.2985509705482856,1.0615042397118841,1.4135085554664595,2.343525981210871,2.8650373365391864,0.12930564255560895,-0.2226986731989664,0.24824545812282395,-0.27326589720549155,False,False,0.04760836377140824,0.09521672754281647,0.04774860418055769,0.09549720836111537
1220,20.333333333333332,False,False,50.14509160395868,50.0,62.36889018194731,49.87064779404856,56.68885360853813,45.74411452770583,74.0,0.14509160395868292,2.588951292484873,2.6148408054097216,2.6042816588750286,1.2999309833363966,2.524677796674687,1.2999788271964814,1.2843816136393709,2.6148408054097216,1.0614666757135562,1.4139225573415084,1.2983334484064017,1.0614666757135562,1.4139225573415084,2.341544770865669,2.863474363834938,0.12954094370213753,-0.22291493792581463,0.24863355842521617,-0.2732960345440527,False,False,0.04774860418055769,0.09549720836111537,0.0480872440923449,0.0961744881846898
1225,20.416666666666668,False,False,50.15887596784332,50.0,62.3745215848635,49.88447302209169,56.70922062636182,45.749831196093794,74.0,0.15887596784332203,2.5870748493088684,2.612945597801957,2.602509567350303,1.2999626393905923,2.5240535580390544,1.299969455681981,1.2843104834179486,2.612945597801957,1.061189822278159,1.4140959080353392,1.29786887499954,1.061189822278159,1.4140959080353392,2.3396190482667465,2.8619643138459403,0.12978542461739062,-0.22312066113978957,0.24901871604398318,-0.27332654953521063,False,False,0.0480872440923449,0.0961744881846898,0.04885177440896668,0.09770354881793336
1230,20.5,False,False,50.1833604679563,50.0,62.37918846779321,49.90898869392995,56.74120313440432,45.76493240709686,74.0,0.18336046795629812,2.5852876011129657,2.6111404771240956,2.6007916810563434,1.3000094813956942,2.523497075935639,1.299971178514703,1.2836969487064107,2.6111404771240956,1.0603928452994313,1.4137477808149832,1.2968685870723222,1.0603928452994313,1.4137477808149832,2.337783462152092,2.8605418589041847,0.1300508321085725,-0.22330410340697937,0.24940138178008908,-0.2733570149720035,False,False,0.04885177440896668,0.09770354881793336,0.050482853868974935,0.10096570773794987
1235,20.583333333333332,False,False,50.2297387982137,50.0,62.382263105063096,49.955379150997665,56.796958086371575,45.79920003442445,74.0,0.22973879821370247,2.5836624295078208,2.609499053802899,2.5991626605281386,1.3000785898515956,2.523057602589724,1.299984685207395,1.281980994797641,2.609499053802899,1.0585383081613822,1.4123407463439794,1.2947802661501102,1.0585383081613822,1.4123407463439794,2.3361123489190283,2.8592813587700654,0.1303597515463384,-0.22344268663625888,0.24978230496716636,-0.27338670488387073,False,False,0.050482853868974935,0.10096570773794987,0.0537802652361247,0.1075605304722494
1240,20.666666666666668,False,False,50.31816441972852,50.0,62.38243804716105,50.04378149507385,56.89836009164797,45.870235702768596,74.0,0.31816441972851806,2.582346491027957,2.6081699559382368,2.597696853844547,1.3001847768490038,2.5228376097496925,1.3000120129083264,1.278153117328684,2.6081699559382368,1.0546576280189581,1.4089062289648286,1.2906089401195004,1.0546576280189581,1.4089062289648286,2.3347554970198248,2.858332625030268,0.13075311163614467,-0.22349548930972585,0.2501626690920311,-0.273414458918412,False,False,0.0537802652361247,0.1075605304722494,0.0601004199191133,0.1202008398382266
1245,20.75,False,False,50.48275141687677,50.0,62.377158508633336,50.20828443396194,57.08239873303613,46.0078160714117,74.0,0.4827514168767735,2.5816202564897206,2.6074364590546177,2.596544061025046,1.3003570942117042,2.5230371746601405,1.3000580050603217,1.2705079186732746,2.6074364590546177,1.0471149752145243,1.4018084061172196,1.2826751017585138,1.0471149752145243,1.4018084061172196,2.3339978274458066,2.857980601584129,0.13130048744394496,-0.22339294345875027,0.2505441425295114,-0.2734386316088111,False,False,0.0601004199191133,0.1202008398382266,0.07158046918495795,0.1431609383699159
1250,20.833333333333332,False,False,50.77756392439107,50.0,62.3617157248038,50.5029202001089,57.4075910763997,46.259101160066464,74.0,0.7775639243910675,2.5819889538864698,2.6078088434253344,2.595989214514968,1.300649301428916,2.5240249382221953,1.3001330393761066,1.2563651785666208,2.6078088434253344,1.0333403115764808,1.3884772466383593,1.2683414439030913,1.0333403115764808,1.3884772466383593,2.3343514903884977,2.858737461307016,0.13211206807173848,-0.22302486699014,0.2509286178816814,-0.2734573530368367,False,False,0.07158046918495795,0.1431609383699159,0.09132085279279903,0.18264170558559806
1255,20.916666666666668,False,False,51.28235639596212,50.0,62.327916396814196,51.00742150187139,57.959997624872365,46.69361189643201,74.0,1.2823563959621183,2.5843121835030014,2.6101553053380315,2.5965444758477565,1.3011554091562485,2.526442620553318,1.3002578035684011,1.2318512412634028,2.6101553053380315,1.009620854387554,1.3651999747329364,1.2437992624861636,1.009620854387554,1.3651999747329364,2.3366857719020677,2.8614725127149794,0.13334873346953358,-0.22223038687584884,0.25131720737694785,-0.2734695334359638,False,False,0.09132085279279903,0.18264170558559806,0.12340267954941267,0.24680535909882534
1260,21.0,False,False,52.105689823285665,50.0,62.262321465393065,51.83038761853756,58.85617949098588,47.405897310146585,74.0,2.1056898232856653,2.589968837330309,2.615868525703612,2.5990791423085238,1.3020307078231135,2.531344814950019,1.3004710860067221,1.1919154690036977,2.615868525703612,0.9711188357870258,1.3271388293769897,1.2040846844778117,0.9711188357870258,1.3271388293769897,2.3423912315559865,2.867576337619597,0.13522336037329197,-0.22079663321667187,0.2517078119159848,-0.27347729414762556,False,False,0.12340267954941267,0.24680535909882534,0.17256949700583127,0.34513899401166254
1265,21.083333333333332,False,False,53.38197220025077,50.0,62.14422034877319,53.106437528147794,60.23938982884905,48.51284070109651,74.0,3.3819722002507717,2.601038319076933,2.627048702267702,2.604983784587792,1.3035170822926172,2.540364300236457,1.300841537743178,1.130820977591766,2.627048702267702,0.912345109936558,1.2688046714853385,1.143554932331017,0.912345109936558,1.2688046714853385,2.35355799705783,2.8791390857529455,0.13798369389357257,-0.21847586765520788,0.2520903834852435,-0.27349070520987206,False,False,0.17256949700583127,0.34513899401166254,0.2434016219642349,0.4868032439284698
1270,21.166666666666668,False,False,55.2585836668846,50.0,61.94379103221782,54.98354236813914,62.265464199250694,50.1420560171921,74.0,5.258583666884597,2.6204560795967953,2.646660640392763,2.6163485414053875,1.3059687896650616,2.5558748391828408,1.3014839294843423,1.0433189051438514,2.646660640392763,0.8282889210533617,1.1851867519463233,1.0570194063545841,0.8282889210533617,1.1851867519463233,2.3731249689532325,2.8990996794696966,0.1418678468024719,-0.21502998409048968,0.25243903907693355,-0.2735356714395305,False,False,0.2434016219642349,0.4868032439284698,0.3388986278277392,0.6777972556554784
1275,21.25,False,False,57.87032202902579,50.0,61.621258784078485,57.5977747031562,65.07760604961885,52.408180132737954,74.0,7.870322029025793,2.6520765862926887,2.6785973521556157,2.6361123242114646,1.309871556522302,2.5811008760258063,1.3025793359640327,0.9265197348088714,2.6785973521556157,0.7162155096292421,1.073550317842388,0.9415221804007615,0.7162155096292421,1.073550317842388,2.4049320641781184,2.9312980573014733,0.14703058303351657,-0.21030422517962932,0.25270070514585763,-0.27366528797749723,False,False,0.3388986278277392,0.6777972556554784,0.4585876976295813,0.9171753952591626
1280,21.333333333333332,False,False,61.3014968577955,50.0,61.1281817859285,61.0356839243001,68.7743508107717,55.37517311361541,74.0,11.301496857795499,2.7005600975371298,2.727565698512501,2.6681150607397957,1.3158447841989314,2.6201036102294943,1.3043968060965558,0.7821339678123241,2.727565698512501,0.5778149875440146,0.9355854875650017,0.7984523140566581,0.5778149875440146,0.9355854875650017,2.45359192318062,2.9803468810808686,0.15345151975267757,-0.20431898026830952,0.2527811825683677,-0.27397377533188116,False,False,0.4585876976295813,0.9171753952591626,0.5965681333384103,1.1931362666768206
1285,21.416666666666668,False,False,65.54093685332289,50.0,60.41201917041767,65.2891113897787,73.37127278238785,59.00688123616853,74.0,15.54093685332289,2.7710045364480935,2.7987145818125745,2.7169694021307444,1.3246153947851975,2.677566573022455,1.3073115844160947,0.6182797322475836,2.7987145818125745,0.4209298478470009,0.7791347605976312,0.6352990753081486,0.4209298478470009,0.7791347605976312,2.524104372315032,3.0512459983374867,0.1608550283500476,-0.1973498844005827,0.2525314165249122,-0.27461020949754245,False,False,0.5965681333384103,1.1931362666768206,0.7401879791814736,1.4803759583629472
1290,21.5,False,False,70.44066438421473,50.0,59.42456754117206,70.21228054299819,78.70331631817733,63.12757863590386,74.0,20.440664384214728,2.8682822441007145,2.8969650665417217,2.7876751853262594,1.3369541609503455,2.758323016058186,1.3118124493977161,0.4490568367854667,2.8969650665417217,0.2591292737859176,0.6177673265460717,0.4656204983850785,0.2591292737859176,0.6177673265460717,2.6211779711963072,3.1487039896544906,0.168710489760605,-0.1899275629995491,0.2517389231127689,-0.27578709534541446,False,False,0.7401879791814736,1.4803759583629472,0.8701689560642536,1.7403379121285072
1295,21.583333333333332,False,False,75.6927109697482,50.0,58.133502869545275,75.49575608929169,84.15674219599673,67.45940551476436,74.0,25.692710969748205,2.9961161110419217,3.026077272152341,2.884940980425399,1.3535723688759136,2.8666192068159684,1.318489304932722,0.2892664077746577,3.026077272152341,0.10661063017079025,0.4656805565037745,0.3046745618001751,0.10661063017079025,0.4656805565037745,2.748299990175042,3.276208146145641,0.17641414872911682,-0.18265577760386742,0.2501308739932999,-0.27777728197729923,False,False,0.8701689560642536,1.7403379121285072,0.9627947981347451,1.9255895962694902
1300,21.666666666666668,False,False,80.83794930808574,50.0,56.53440144379595,80.67536467162118,87.60297206519917,71.76823967107205,74.0,30.83794930808574,3.156027246457533,3.187587518922108,3.0122540681603414,1.374987900801481,3.0051876064789917,1.327993100940842,0.14645449748445571,3.187587518922108,-0.029469668475572863,0.33003087120370433,0.1614344973396783,-0.029469668475572863,0.33003087120370433,2.906694546375802,3.434982605495632,0.18357637371924862,-0.17592416596002858,0.24739508657352394,-0.2808929725463063,False,False,0.9627947981347451,1.9255895962694902,0.9942038174659646,1.9884076349319293
1305,21.75,False,False,85.31448426272394,50.0,54.6591666094568,85.18557810692704,86.96932761770456,75.9315671275372,74.0,35.31448426272394,3.3463766803467854,3.3798404471502534,3.1708385759357167,1.4013826450930358,3.174292066724168,1.3409644472497575,0.01973352010169947,3.3798404471502534,-0.1501293532706398,0.20980054566663647,0.03596039507388014,-0.1501293532706398,0.20980054566663647,3.0943968373590667,3.6230625856240426,0.19006702556493701,-0.16986287337233927,0.24322213847378915,-0.28544360979118677,False,False,0.9942038174659646,1.9884076349319293,0.9460161007771835,1.892032201554367
1310,21.833333333333332,False,False,88.54202087773507,50.0,52.57700450867114,83.66998212751753,86.22579158389026,74.16197345205539,74.0,38.54202087773507,3.5617676741276547,3.5973853508689313,3.358729711491555,1.4324830859940783,3.3709716801113916,1.3579348973770955,0.03613908026679383,3.5973853508689313,-0.1332736777728251,0.22708433240181167,0.03596039507388014,-0.1332736777728251,0.22708433240181167,3.3057100652269917,3.8347513087930785,0.19094525213501784,-0.16941275803961892,0.23736595792414716,-0.29167528564193956,False,False,0.9460161007771835,1.892032201554367,0.8107985473744752,1.6215970947489504
1315,21.916666666666668,False,False,90.02621185334071,50.0,50.38649012847717,82.72483708131215,85.39927960435422,73.03706579631381,74.0,40.02621185334071,3.7930418754339295,3.830972294188269,3.570230687010035,1.4674982442131974,3.5887179800249105,1.3792143008752822,0.03613908026679383,3.830972294188269,-0.13269414279526887,0.2280907365944574,0.03596039507388014,-0.13269414279526887,0.2280907365944574,3.531270576712128,4.060685141698253,0.19195165632766356,-0.1688332230620627,0.22971284750998366,-0.29970171747614094,False,False,0.8107985473744752,1.6215970947489504,0.5955940534471655,1.191188106894331
1320,22.0,False,False,89.3277947328636,50.0,48.20077930018865,81.73904025960293,84.53378592563014,71.93327394365713,74.0,39.327794732863595,4.027985602441492,4.068265458465907,3.7959778592051903,1.5051409869203407,3.8177537515552906,1.404785954268557,0.03613908026679383,4.068265458465907,-0.13278084184539365,0.22842967066750205,0.03596039507388014,-0.13278084184539365,0.22842967066750205,3.7588226049272,4.288608337220106,0.19229059040070823,-0.16891992211218748,0.22034287875419878,-0.30944285353870704,False,True,0.5955940534471655,1.191188106894331,0.3038145874373255,0.607629174874651
1325,22.083333333333332,False,False,87.86039872175587,50.0,46.13402670813197,80.77854487417999,83.68972147405941,70.92887497163242,74.0,37.86039872175587,4.251795458567375,4.2943134131530485,4.023715471073653,1.5436825116514172,4.045532250101893,1.4342385035508765,0.03613908026679383,4.2943134131530485,-0.1336745358376768,0.2279603795700484,0.03596039507388014,-0.1336745358376768,0.2279603795700484,3.9737043053872725,4.5038590704483,0.19182129930325456,-0.16981361610447063,0.20954565729525143,-0.320609107765776,False,True,0.3038145874373255,0.607629174874651,0.19201348070617077,0.38402696141234155
1330,22.166666666666668,False,False,86.36308281757086,50.0,44.24934460323169,79.86907965719614,82.88982984747962,70.03099357824422,74.0,36.363082817570856,4.459851479127408,4.504449993918683,4.238781687917786,1.5818004592353647,4.2628850304565615,1.466700338795162,0.03613908026679383,4.504449993918683,-0.1350996158446314,0.22695847802761185,0.03596039507388014,-0.1350996158446314,0.22695847802761185,4.171977243054095,4.702498925727857,0.19081939776081802,-0.17123869611142523,0.1980489318091747,-0.3324727508645875,False,True,0.19201348070617077,0.38402696141234155,0.177427746896406,0.354855493792812
1335,22.25,False,False,84.95003838153093,50.0,42.54465660900969,79.01339815120866,82.13366953729144,69.21037277578229,74.0,34.95003838153093,4.6527258935539315,4.6992531524894705,4.437238084390977,1.619104958322789,4.467577818492815,1.5009810809582924,0.03613908026679383,4.6992531524894705,-0.13659182699247138,0.22588822664765007,0.03596039507388014,-0.13659182699247138,0.22588822664765007,4.355334767219454,4.8862212715444135,0.18974914638085624,-0.1727309072592652,0.18696811905494304,-0.3439183852700163,False,True,0.177427746896406,0.354855493792812,0.1785503301921565,0.357100660384313
1340,22.333333333333332,False,False,83.63833330677802,50.0,40.99852132159518,78.20978428620768,81.41906413000896,68.45099039159382,74.0,33.63833330677802,4.831717873139942,4.880035051871341,4.620778019381934,1.6555788109571516,4.660079892788772,1.5360848565034058,0.03613908026679383,4.880035051871341,-0.13798567406630022,0.2249151263155426,0.03596039507388014,-0.13798567406630022,0.2249151263155426,4.525482177223391,5.056731426244284,0.18877604604874879,-0.17412475433309405,0.17669637437294305,-0.3545528746479505,False,True,0.1785503301921565,0.357100660384313,0.1827118369117829,0.3654236738235658
1345,22.416666666666668,False,False,82.4263604470211,50.0,39.590155636710676,77.45527701856679,80.74406212147875,67.74535131170802,74.0,32.426360447021096,4.998165840127598,5.048147498528874,4.791106801733838,1.691264874896609,4.8412555473475525,1.5713939490723436,0.03613908026679383,5.048147498528874,-0.13926540692341177,0.2240549327824358,0.03596039507388014,-0.13926540692341177,0.2240549327824358,4.683766460678019,5.215376396260147,0.18791585251564197,-0.1754044871902056,0.16722889773127303,-0.3643810378508556,False,True,0.1827118369117829,0.3654236738235658,0.18743923570902224,0.3748784714180445
1350,22.5,False,False,81.30725692973014,50.0,38.3016874693157,76.74648844634314,80.10640791137175,67.0877040120103,74.0,31.307256929730144,5.153321855380965,5.204855073934775,4.949571428469083,1.726215761598625,5.011994856191711,1.606573678282294,0.03613908026679383,5.204855073934775,-0.1404373168435254,0.22330136031612918,0.03596039507388014,-0.1404373168435254,0.22330136031612918,4.831386701970547,5.363355284615882,0.18716228004933536,-0.17657639711031922,0.1585002106811073,-0.3734683719642282,False,True,0.18743923570902224,0.3748784714180445,0.1919857762910172,0.3839715525820344
1355,22.583333333333332,False,False,80.27271880097396,50.0,37.118038073024344,76.07994719690649,79.50366948278864,66.47309807278504,74.0,30.272718800973962,5.298322121007135,5.3513053422172066,5.0973709932932145,1.7604832474987293,5.173138772665182,1.6414528464723113,0.03613908026679383,5.3513053422172066,-0.14151156082927083,0.2226442574016877,0.03596039507388014,-0.14151156082927083,0.2226442574016877,4.969418694381641,5.5017439030467585,0.18650517713489387,-0.17765064109606465,0.15043856082955198,-0.38188664783556536,False,True,0.1919857762910172,0.3839715525820344,0.1960955148142353,0.3921910296284706
1360,22.666666666666668,False,False,79.31447249619373,50.0,36.02651155379645,75.4522705556933,78.9333816010213,65.89719206622112,74.0,29.31447249619373,5.434184312098171,5.488526155219153,5.2355812987142,1.7941151308882932,5.32545960722542,1.6759468000649123,0.03613908026679383,5.488526155219153,-0.1424987199165692,0.2220730484321365,0.03596039507388014,-0.1424987199165692,0.2220730484321365,5.098822070409749,5.631501902325537,0.18593396816534266,-0.17863780018336303,0.14297574710638372,-0.389704084809404,False,True,0.1960955148142353,0.3921910296284706,0.1997065241569599,0.3994130483139198
1365,22.75,False,False,78.42484349452961,50.0,35.01638596662818,74.86025075789908,78.39313536467334,65.35615807450998,74.0,28.42484349452961,5.561814737366731,5.617432884740398,5.365161986367643,1.8271543860249322,5.469658413818836,1.7100156515694325,0.03613908026679383,5.617432884740398,-0.14340877509533753,0.22157775778880956,0.03596039507388014,-0.14340877509533753,0.22157775778880956,5.2204499678829785,5.753482438376143,0.18543867752201573,-0.17954785536213136,0.1360495536357451,-0.3969829168574197,False,True,0.1997065241569599,0.3994130483139198,0.20283659015507732,0.40567318031015465
1370,22.833333333333332,False,False,77.59693028165188,50.0,34.07856059515274,74.30089470323347,77.88062908197594,64.84661048499254,74.0,27.59693028165188,5.682018820911371,5.738839009120485,5.486966203129561,1.8596392189447861,5.606368780835513,1.7436428082188664,0.03613908026679383,5.738839009120485,-0.14425077030447672,0.2211493468473928,0.03596039507388014,-0.14425077030447672,0.2211493468473928,5.335060072287334,5.868443214603648,0.18501026658059896,-0.18038985057127055,0.12960420548316254,-0.40377893683315147,False,True,0.20283659015507732,0.40567318031015465,0.20553263545661465,0.4110652709132293
1375,22.916666666666668,False,False,76.82461000525703,50.0,33.20526590712437,73.77143794088398,77.39369529515862,64.36554808137814,74.0,26.82461000525703,5.7955121153514915,5.853467236505006,5.601751643445491,1.8916034657883467,5.736162834962622,1.7768240611005333,0.03613908026679383,5.853467236505006,-0.14503274853427603,0.22077977787652908,0.03596039507388014,-0.14503274853427603,0.22077977787652908,5.443325465697701,5.977057330827003,0.18464069760973525,-0.18117182880106986,0.12359009432199741,-0.4101417708073054,False,True,0.20553263545661465,0.4110652709132293,0.207848595798301,0.415697191596602
1380,23.0,False,False,76.10247891856862,50.0,32.389829407534364,73.2693443680053,76.93031318281005,63.91030554006679,74.0,26.10247891856862,5.902930706562154,5.961960013627776,5.710191398262352,1.9230770893322628,5.859557652585997,1.8095619784695116,0.03613908026679383,5.961960013627776,-0.14576180009862708,0.2204619657665941,0.03596039507388014,-0.14576180009862708,0.2204619657665941,5.5458445964383785,6.079923252941298,0.18432288549980028,-0.1819008803654209,0.11796323931352237,-0.41611541718939726,False,True,0.207848595798301,0.415697191596602,0.20983634714051783,0.41967269428103565
1385,23.083333333333332,False,False,75.42577317052805,50.0,31.62648761363353,72.7922980620182,76.48861191556934,63.478512095609325,74.0,25.425773170528046,6.004840614726252,6.0648890208735144,5.812883924689839,1.95408667089956,5.977021342226896,1.8418629454537996,0.03613908026679383,6.0648890208735144,-0.14644415132049696,0.22018968934519104,0.03596039507388014,-0.14644415132049696,0.22018968934519104,5.643150170983481,6.177573704819856,0.1840506090783972,-0.18258323158729078,0.11268468394634112,-0.4217388498900334,False,True,0.20983634714051783,0.41967269428103565,0.21154247494099204,0.4230849498819841
1390,23.166666666666668,False,False,74.79028903246964,50.0,30.910234883150054,72.33819093702854,76.0668684146017,63.06805593138424,74.0,24.790289032469644,6.101746119570363,6.162763580766066,5.910361937901668,1.9846558588765957,6.088978541922938,1.873735536278395,0.03613908026679383,6.162763580766066,-0.14708526206608458,0.21995749384394347,0.03596039507388014,-0.14708526206608458,0.21995749384394347,5.735716979405158,6.270483493764163,0.18381841357714965,-0.1832243423328784,0.10771991299809702,-0.42704660136090844,False,True,0.21154247494099204,0.4230849498819841,0.21300755390450954,0.4260151078090191
1395,23.25,False,False,74.19230978380148,50.0,30.236701335473782,71.90510839436823,75.66350170630736,62.67705329760598,74.0,24.192309783801477,6.194097067933079,6.2560380386124095,6.003100236584661,2.014805763107284,6.195815282888785,1.9051895727466421,0.03613908026679383,6.2560380386124095,-0.14768991911404436,0.2197605975302007,0.03596039507388014,-0.14768991911404436,0.2197605975302007,5.823968744312225,6.359076359444162,0.18362151726340686,-0.1838289993808382,0.1030383208317529,-0.4320692943001845,False,True,0.21300755390450954,0.4260151078090191,0.21426643350290964,0.4285328670058193
1400,23.333333333333332,False,False,73.62854133225854,50.0,29.602053687721053,71.49131426369897,75.27706529745288,62.30382161826306,74.0,23.628541332258536,6.282295266378616,6.345118219042401,6.091522551878194,2.0445552960093982,6.297883253907919,1.9362355493284613,0.03613908026679383,6.345118219042401,-0.14826232069734935,0.21959480716608448,0.03596039507388014,-0.14826232069734935,0.21959480716608448,5.908284104939051,6.443730957988804,0.18345572689929066,-0.18440140096414318,0.09861273894640288,-0.43683411410335005,False,True,0.21426643350290964,0.4285328670058193,0.21534886801192937,0.43069773602385875
1405,23.416666666666668,False,False,73.09605652980662,50.0,29.002914188472744,72.80066974551738,74.9062385068699,63.47663175147676,74.0,23.096056529806617,6.366700069583341,6.430367070279174,6.176007531463927,2.073921465497843,6.395503529057076,1.966884264271843,0.0013549002471609129,6.430367070279174,-0.18229288127545412,0.1859697132372175,0.0013482011112046167,-0.18229288127545412,0.1859697132372175,5.989001846498483,6.5247860913406,0.18461481299005658,-0.18364778152261504,0.09441902106142575,-0.4413652237806911,False,True,0.21534886801192937,0.43069773602385875,0.21628021212156698,0.43256042424313396
1410,23.5,False,False,72.59224736918438,50.0,28.436293918465807,72.29227358187077,74.54981731785095,63.01412977533867,74.0,22.592247369184378,6.447633268770187,6.512109601457889,6.256893968919542,2.1029196258887723,6.488969826225144,1.9971465737980667,0.003989833575569719,6.512109601457889,-0.18027515853032033,0.1883917629575709,6.115139244684542e-05,-0.18027515853032033,0.1883917629575709,6.066425486410163,6.602545293485581,0.18440192938200117,-0.18426499210589006,0.09043569202769142,-0.445684115047726,False,True,0.21628021212156698,0.43256042424313396,0.21708207320152365,0.4341641464030473
1415,23.583333333333332,False,False,72.1147840415589,50.0,27.899537567947718,71.81052778123346,74.20670537660234,62.5769208921939,74.0,22.114784041558906,6.525383373207573,6.590637206939649,6.334485389947872,2.131563692774698,6.578551359623915,2.0270332246895406,0.006377597377695565,6.590637206939649,-0.17847242733877336,0.1905976862979628,0.001318224824308345,-0.17847242733877336,0.1905976862979628,6.140827257206442,6.677280813360811,0.18422008892026726,-0.1848500247164689,0.08664360642116264,-0.44980994973320687,False,True,0.21708207320152365,0.4341641464030473,0.21777288495467012,0.43554576990934024
1420,23.666666666666668,False,False,71.66157986108567,50.0,27.390277442532252,71.35331478532947,73.87590510081034,62.162850409674974,74.0,21.66157986108567,6.600209365781255,6.666211459439067,6.409054035283626,2.1598663272283005,6.664495342265344,2.0565547397695756,0.008540713548600252,6.666211459439067,-0.17686597690960865,0.19260619884978913,0.002419180059541759,-0.17686597690960865,0.19260619884978913,6.2124516264430705,6.74923713476667,0.18406548530118888,-0.1854066904582089,0.08302567532760285,-0.4537598329959964,False,True,0.21777288495467012,0.43554576990934024,0.21836839768675517,0.43673679537351034
1425,23.75,False,False,71.23076116830129,50.0,26.9063949387171,70.91873390992038,73.55650909592107,61.769993758122894,74.0,21.230761168301285,6.672344002459199,6.739067442483791,6.48084438060487,2.1878390939595094,6.747029186766243,2.0857213407047013,0.010498678936610304,6.739067442483791,-0.17543923821935417,0.19443387439008186,0.0033839259469914396,-0.17543923821935417,0.19443387439008186,6.281518410584131,6.818634090253369,0.18393519545347156,-0.18593791715596447,0.07956664776957734,-0.45754903189966,False,True,0.21836839768675517,0.43673679537351034,0.2188820919401936,0.4377641838803872
1430,23.833333333333332,False,False,70.82064144861809,50.0,26.44598810400082,70.5050749061993,73.24769222669596,61.39664172715735,74.0,20.82064144861809,6.741996715596535,6.8094166827525004,6.5500762504187495,2.215492597353807,6.826362445814743,2.114542897944693,0.012268506760565288,6.8094166827525004,-0.17417777044079852,0.1960951584537845,0.004229387339319146,-0.17417777044079852,0.1960951584537845,6.348225483793877,6.885669569914346,0.1838266516932192,-0.1864462772013638,0.07625288716184553,-0.46119119895862326,False,True,0.2188820919401936,0.4377641838803872,0.21932552565553903,0.43865105131107807
1435,23.916666666666668,False,False,70.42969902024042,50.0,26.00734418349076,70.11079518483692,72.9487041732281,61.04127029227924,74.0,20.42969902024042,6.809356172522235,6.877449734247457,6.616947526854112,2.242836598705359,6.902688527488835,2.143028900722259,0.01386515389268425,6.877449734247457,-0.17306888187008124,0.197602747407449,0.00497000785576347,-0.17306888187008124,0.197602747407449,6.412751176927127,6.950521920378209,0.18373759351476474,-0.1869340357627655,0.07307218613075239,-0.4646985573203297,False,True,0.21932552565553903,0.43865105131107807,0.21970862516032186,0.4394172503206437
1440,24.0,False,False,70.05655774950867,50.0,25.588916276580306,69.73450013654322,72.65886254334276,60.70251551424227,74.0,20.05655774950867,6.8745925335974585,6.943338458933433,6.681636548652668,2.269880117434263,6.9761862153728975,2.1711884419610645,0.015301861069083317,6.943338458933433,-0.17210133057198213,0.19896788780471697,0.0056181567487783475,-0.17210133057198213,0.19896788780471697,6.475256395764876,7.013352063045875,0.18366602673563365,-0.18740319164106545,0.07001360411244217,-0.4680820631685574,False,True,0.21970862516032186,0.4394172503206437,0.2200399292389602,0.4400798584779204
1445,24.083333333333332,False,False,69.69997033968089,50.0,25.189303399703306,69.37492609451816,72.37754653738546,60.379152521221854,74.0,19.69997033968089,6.937859447775359,7.007238042253112,6.744304229405376,2.296631518636445,7.047021018988159,2.1990302142249343,0.016590425688018513,7.007238042253112,-0.17126508633775392,0.20020061442924342,0.006184460594204211,-0.17126508633775392,0.20020061442924342,6.535886493802419,7.07430536688022,0.1836101887412249,-0.18785551202577244,0.06706732462710807,-0.47135154845069316,False,True,0.2200399292389602,0.4400798584779204,0.22032679418927956,0.4406535883785591
1450,24.166666666666668,False,False,69.35880381272051,50.0,24.807233386211067,69.03092553977334,72.10419114738485,60.07007779318909,74.0,19.35880381272051,6.9992958184610545,7.069288776645665,6.80509593034132,2.323098588946374,7.11534637632525,2.226562513751309,0.01774142226465301,7.069288776645665,-0.17055113993282778,0.20130994104773026,0.006678075531408468,-0.17055113993282778,0.20130994104773026,6.594772930157212,7.133513306315424,0.18356851878307726,-0.18829256219748078,0.064224529669759,-0.4745158464884529,False,True,0.22032679418927956,0.4406535883785591,0.22057556646784499,0.44115113293568997
1455,24.25,False,False,69.03202686475063,50.0,24.441548160883656,68.70145421494536,71.83828186424627,59.774294137846375,74.0,19.032026864750634,7.059027368022357,7.1296176417025805,6.864143118236319,2.3492886023855,7.181304727131085,2.2537932502875893,0.018764381946957658,7.1296176417025805,-0.16995134906947923,0.20230401443798562,0.007106911899472834,-0.16995134906947923,0.20230401443798562,6.652034739031811,7.191094930721411,0.18353963249102798,-0.18871573101643688,0.061477289018830206,-0.4775829026707692,False,True,0.22057556646784499,0.44115113293568997,0.22079172838157063,0.44158345676314126
1460,24.333333333333332,False,False,68.71869882649837,50.0,24.091191011069924,68.38555988595414,71.57934986188398,59.49089789339692,74.0,18.71869882649837,7.117168025511418,7.188339705766532,6.921564834876611,2.375208377612887,7.245028472960717,2.2807299609660157,0.019667939392356858,7.188339705766532,-0.1694583134692551,0.2031902393272071,0.007477820845861061,-0.1694583134692551,0.2031902393272071,6.7077798336442465,7.247158168335688,0.18352229993485022,-0.18912625286161197,0.058818462569155905,-0.4805598721222859,False,True,0.22079172838157063,0.44158345676314126,0.22098002132167452,0.44196004264334904
1465,24.416666666666668,False,False,68.41796000209044,50.0,23.755195543899305,68.08237250862561,71.32696762492176,59.21906796775354,74.0,18.41796000209044,7.173821158919693,7.245559370508889,6.977469000989967,2.400864327780059,7.306640837774641,2.3073798268556334,0.02045995384788512,7.245559370508889,-0.1690652727321763,0.203975380523475,0.007796749980070673,-0.1690652727321763,0.203975380523475,6.762106164527347,7.301800984564128,0.18351542667558987,-0.18952522658006143,0.05624161405523864,-0.48345320598154284,False,True,0.22098002132167452,0.44196004264334904,0.22114455024177965,0.4422891004835593
1470,24.5,False,False,68.12902319451524,50.0,23.432676073173454,67.79109560224792,71.08074498599612,58.95805640642691,74.0,18.12902319451524,7.229080670515607,7.301371477220763,7.031953574545737,2.426262504012471,7.366256640974345,2.3337496911469846,0.02114760961375396,7.301371477220763,-0.1687660222879692,0.20466564696520176,0.00806887376834311,-0.1687660222879692,0.20466564696520176,6.815102749518731,7.355112411972408,0.1835180373514478,-0.18991363190172314,0.05374093475164532,-0.4862687277020319,False,True,0.22114455024177965,0.4422891004835593,0.22128887243299572,0.44257774486599144
1475,24.583333333333332,False,False,67.85116625519856,50.0,23.122819223280658,67.51099867619249,70.84032553922161,58.70718025191588,74.0,17.851166255198564,7.2830319714335845,7.35586229114792,7.08510758074557,2.4514086333890623,7.423982993166636,2.35984607817572,0.021737499657529046,7.35586229114792,-0.16855484402844248,0.20526676108942354,0.008298703296577515,-0.16855484402844248,0.20526676108942354,6.866850590547019,7.407173467073639,0.1835292614318945,-0.19029234368597153,0.051311175925718544,-0.4890117006009014,False,True,0.22128887243299572,0.44257774486599144,0.2214160731186025,0.442832146237205
1480,24.666666666666668,False,False,67.58372551948875,50.0,22.82487657297534,67.24141054832415,70.6053833976274,58.46581447481556,74.0,17.583725519488752,7.33575284963392,7.40911037813026,7.137012028810329,2.4763081521643278,7.4799199235835445,2.3856752126893235,0.02223569595481422,7.40911037813026,-0.16842644837354562,0.2057840167663959,0.008490178988949992,-0.16842644837354562,0.2057840167663959,6.91742349041144,7.4580579671093945,0.18354832081158168,-0.19066214432835984,0.04894758897913487,-0.49168688771881985,False,True,0.2214160731186025,0.442832146237205,0.221528829958546,0.443057659917092
1485,24.75,False,False,67.32609001025176,50.0,22.538158190819388,66.98171345813441,70.37562026406636,58.23338583091416,74.0,17.32609001025176,7.387314243585162,7.461187386021013,7.187740728760417,2.5009662348700714,7.53416094692081,2.4112430389174055,0.022647808587198597,7.461187386021013,-0.16837592598491266,0.2062223275866909,0.008646749210811322,-0.16837592598491266,0.2062223275866909,6.966888781104699,7.507833258373984,0.18357451899949231,-0.19102373457211125,0.04664587235297102,-0.49429860491631405,False,True,0.221528829958546,0.443057659917092,0.22162946820003346,0.4432589364000669
1490,24.833333333333332,False,False,67.07769630892568,50.0,22.262026937811214,66.73133785159695,70.15076278703766,58.00936748950776,74.0,17.07769630892568,7.437780932492106,7.512158741817027,7.237361019739342,2.525387819843263,7.586793576361925,2.4365552391286327,0.02297903601082908,7.512158741817027,-0.1683987069499461,0.2065862676777412,0.00877143714265003,-0.1683987069499461,0.2065862676777412,7.015307973804036,7.556560866206883,0.18360723166691212,-0.19137774296077517,0.04440212438985647,-0.4968507680129912,False,True,0.22162946820003346,0.4432589364000669,0.22172000792076518,0.44344001584153037
1495,24.916666666666668,False,False,66.83802400783215,50.0,21.99589343225965,66.48975776251113,69.93056017491422,57.79327433021256,74.0,16.838024007832146,7.4872121525679916,7.562084274093672,7.285934420005459,2.5495776316494836,7.63789978870037,2.461617251453324,0.023234207834730115,7.562084274093672,-0.16849052627442646,0.20688010621184613,0.008866897667621743,-0.16849052627442646,0.20688010621184613,7.062737339419943,7.604297075542843,0.183645898377116,-0.19172473410915658,0.04221280144917117,-0.4993469346737287,False,True,0.22172000792076518,0.44344001584153037,0.22180220457261648,0.44360440914523297
1500,25.0,False,False,66.60659166974978,50.0,21.73921158810468,66.25648670523547,69.71478204413378,57.58465880494541,74.0,16.606591669749776,7.535662147699469,7.6110187691764635,7.333517207481393,2.5735402008060273,7.68755644673773,2.4864342868250744,0.023417821595148783,7.6110187691764635,-0.1686473943634536,0.2071078369258331,0.008935466278717287,-0.1686473943634536,0.2071078369258331,7.1092284275190245,7.651093449836086,0.1836900153306843,-0.19206521595860238,0.04007468065962261,-0.501790341657439,False,True,0.22180220457261648,0.44360440914523297,0.22187758383740058,0.44375516767480117
1505,25.083333333333332,False,False,66.38295323109114,50.0,21.49147465128702,66.03107402801933,69.50321647893742,57.383107297694856,74.0,16.382953231091136,7.583180661852491,7.6590124684710155,7.380160938677555,2.597279881153044,7.735835683501848,2.511011344952026,0.023534074276421964,7.6590124684710155,-0.1688655718646306,0.20727320327846468,0.00897920078164134,-0.1688655718646306,0.20727320327846468,7.154828530503433,7.696997295241116,0.18373912900204273,-0.19239964614105257,0.03798482677010018,-0.5041839379675821,False,True,0.22187758383740058,0.44375516767480117,0.22194747164352244,0.4438949432870449
1510,25.166666666666668,False,False,66.16669479379937,50.0,21.252211669931327,65.81310164923563,69.2956682821796,57.188236896216466,74.0,16.166694793799365,7.629813379695407,7.7061115134923615,7.425912912872274,2.620800865173575,7.782805252281637,2.535353229271917,0.023586889873340625,7.7061115134923615,-0.16914154771096013,0.2073797204081215,0.00899991728697387,-0.16914154771096013,0.2073797204081215,7.199581099115152,7.742052076118309,0.18379283053478088,-0.19272843758430075,0.03594056262594769,-0.5065304143772096,False,True,0.22194747164352244,0.4438949432870449,0.2220130200576125,0.444026040115225
1515,25.25,False,False,65.95743175854882,50.0,21.020984343444027,65.60218115375314,69.0919573985679,56.9996925411036,74.0,15.957431758548822,7.675602321154291,7.752358344365835,7.4708165876167305,2.644107197522697,7.828528846000941,2.559464560877766,0.02357994315688302,7.752358344365835,-0.16947202028113437,0.20743069397307862,0.00899922113590037,-0.16947202028113437,0.20743069397307862,7.243526114622051,7.786297787221301,0.1838507508161956,-0.1930519634380174,0.03393944285546624,-0.508832229743784,False,True,0.2220130200576125,0.444026040115225,0.2220752296535414,0.4441504593070828
1520,25.333333333333332,False,False,65.7548062581983,50.0,20.797384203459785,65.39795118509718,68.89191749340338,56.81714448465624,74.0,15.7548062581983,7.720586194949953,7.7977920568994525,7.514911950921675,2.6672027869911723,7.8730663890421635,2.5833497914251105,0.02351668067341052,7.7977920568994525,-0.169853880749882,0.20742923680171566,0.00897853366736854,-0.169853880749882,0.20742923680171566,7.286700422420593,7.829771287300997,0.18391255612830515,-0.1933705614232925,0.03197923040154471,-0.5110916344788592,False,True,0.2220752296535414,0.4441504593070828,0.22213496886721135,0.4442699377344227
1525,25.416666666666668,False,False,65.5584848558895,50.0,20.581030086167118,65.20007511031102,68.69539467148012,56.64028602999008,74.0,15.558484855889503,7.764800715583029,7.84244872273886,7.558235854860795,2.690091417099149,7.916474304272221,2.607013215049125,0.023400339168629217,7.84244872273886,-0.1702841985005416,0.2073782834804877,0.008939115295243029,-0.1702841985005416,0.2073782834804877,7.329138031244824,7.872506598315862,0.1839779443118585,-0.19368453766917082,0.030057875577002235,-0.513310691494036,False,True,0.22213496886721135,0.4442699377344227,0.22219299076830779,0.44438598153661557
1530,25.5,False,False,65.36815647683991,50.0,20.37156586111601,65.00823892382826,68.50224632226386,56.468831513490315,74.0,15.368156476839914,7.8082788877221505,7.886361676599372,7.600822314780343,2.7127767554897444,7.958805757711197,2.6304589793320097,0.023233961863070363,7.886361676599372,-0.17076020823843932,0.20728060324108122,0.008882085569030097,-0.17076020823843932,0.20728060324108122,7.370870381692898,7.914535173959716,0.18404664137801086,-0.19399417010150968,0.028173497360343802,-0.5154912949064743,False,True,0.22219299076830779,0.44438598153661557,0.22224994761402006,0.4444998952280401
1535,25.583333333333332,False,False,65.18353054688001,50.0,20.16865838633187,64.82214935900535,68.31234007880873,56.30251449723089,74.0,15.183530546880007,7.851051261500976,7.929561774115986,7.642702777826306,2.7352623622702756,8.000110883011297,2.653691095369058,0.023020412976411535,7.929561774115986,-0.1712792984659368,0.2071388114858897,0.008808440584243727,-0.1712792984659368,0.2071388114858897,7.411926587362077,7.9558861407980075,0.18411839850947817,-0.19429971144234834,0.026324366682021427,-0.5176351867539086,False,True,0.22224994761402006,0.4444998952280401,0.2223064034956445,0.444612806991289
1540,25.666666666666668,False,False,65.00433531422152,50.0,19.971995663573992,64.64153218538647,68.1255528790926,56.14108614728376,74.0,15.004335314221521,7.893146161834699,7.972077623453046,7.683906364080043,2.7575516974298004,8.040436987674939,2.6767134469866716,0.022762390721372868,7.972077623453046,-0.17183900114475242,0.20695538012620512,0.008719068049913403,-0.17183900114475242,0.20695538012620512,7.452333651513099,7.996586514933441,0.18419298940483225,-0.1946013918661253,0.024508891480395256,-0.5197439719399473,False,True,0.2223064034956445,0.444612806991289,0.22236284534240264,0.4447256906848053
1545,25.75,False,False,64.83031633390468,50.0,19.78128517099806,64.46613067489284,67.9417701195625,55.984313779177334,74.0,14.830316333904676,7.934589894518613,8.0139357934638,7.724460083223271,2.779648127445173,8.079828742731449,2.699529799168102,0.02246243889962898,8.0139357934638,-0.17243698245156305,0.20673264682711848,0.008614760525733801,-0.17243698245156305,0.20673264682711848,7.492116661859004,8.036661396796038,0.1842702079274895,-0.19489942135119204,0.02272560333223872,-0.5218191316047953,False,True,0.22236284534240264,0.4447256906848053,0.22241969250800564,0.4448393850160113
1550,25.833333333333332,False,False,64.66123509692983,50.0,19.59625235340644,64.29570421112444,67.76088489169081,55.8319795448042,74.0,14.661235096929829,7.975406931564397,8.055161000880041,7.764389029327521,2.801554931173577,8.118328357407771,2.7221438057433507,0.022122957438195954,8.055161000880041,-0.1730710343305428,0.20647282345547405,0.008496226843499243,-0.1730710343305428,0.20647282345547405,7.53129896578588,8.076134146365119,0.1843498660172781,-0.19519399176873875,0.020973145485077893,-0.5238620350941607,False,True,0.22241969250800564,0.4448393850160113,0.2224773051329366,0.4449546102658732
1555,25.916666666666668,False,False,64.49686778828791,50.0,19.416639252777514,64.13002702951859,67.58279729325434,55.68387924735054,74.0,14.496867788287915,8.015620077958808,8.095776278738395,7.8037165560755,2.823275305117147,8.155975740166658,2.744559016399054,0.0217462119398715,8.095776278738395,-0.17373906679797688,0.20617800377573783,0.008364102196037494,-0.17373906679797688,0.20617800377573783,7.569902328059098,8.115026540876762,0.18443179183586633,-0.19548527873784838,0.019250262138367447,-0.5258739506792969,False,True,0.2224773051329366,0.4449546102658732,0.22253599144725406,0.4450719828945081
1560,26.0,False,False,64.33700416001899,50.0,19.242203263919635,63.96888707826186,67.40741380687594,55.53982127315174,74.0,14.337004160018992,8.05525062178992,8.135803128007819,7.84246443446793,2.8448123681345896,8.19280864734286,2.7667788830626,0.021334342291875148,8.135803128007819,-0.1744391009793442,0.2058501704133883,0.00821895687899996,-0.1744391009793442,0.2058501704133883,7.607947072844034,8.153358916845724,0.18451582812151315,-0.19577344327121934,0.017555788837904984,-0.5278560551637845,False,True,0.22253599144725406,0.4450719828945081,0.22259601415540417,0.44519202831080834
1565,26.083333333333332,False,False,64.18144650709073,50.0,19.072716001951648,63.812084981438815,67.2346467391113,55.39962562258329,74.0,14.181446507090726,8.094318469474171,8.175261654168914,7.880652994844879,2.8661691656654003,8.228862820481595,2.788806765712491,0.020889370568138475,8.175261654168914,-0.17516926267239075,0.2054912012923066,0.008061303993008551,-0.17516926267239075,0.2054912012923066,7.645452211671539,8.191150298032106,0.18460183072416814,-0.19605863324052922,0.015888643863192442,-0.5298094424973749,False,True,0.22259601415540417,0.44519202831080834,0.22265759602463828,0.44531519204927655
1570,26.166666666666668,False,False,64.03000873533134,50.0,18.907962269915416,63.659433090835094,67.06441371403828,55.26312302668415,74.0,14.030008735331336,8.13284226762966,8.214170690305957,7.918301254851823,2.887348673524203,8.264172113371854,2.810645937664295,0.020413208372401643,8.214170690305957,-0.17592777631234477,0.20510287567001598,0.007891606179373413,-0.17592777631234477,0.20510287567001598,7.682435558802251,8.228418510806856,0.18468966729761432,-0.19634098468474642,0.014247820500898456,-0.5317351315037069,False,True,0.22265759602463828,0.44531519204927655,0.22272092478125663,0.44544184956251326
1575,26.25,False,False,63.882515511910746,50.0,18.747739116214333,63.510754630936376,66.89663721590952,55.13015415197364,74.0,13.882515511910746,8.17083951297483,8.252547908104578,7.955427034804553,2.908353801315673,8.298768609667931,2.8322995903785904,0.0199076634013818,8.252547908104578,-0.17671295956750271,0.20468687954254172,0.007710281477238823,-0.17671295956750271,0.20468687954254172,7.718913835287795,8.265180288214136,0.1847792161411599,-0.19662062296888452,0.012632380109558028,-0.533634072816783,False,True,0.22272092478125663,0.44544184956251326,0.2227861574048382,0.4455723148096764
1580,26.333333333333332,False,False,63.73880148995973,50.0,18.591854972776318,63.36588291137937,66.73124417597725,55.000568870251634,74.0,13.738801489959727,8.208326651483796,8.290409917998634,7.992047061750966,2.92918739551437,8.332682731904603,2.8537708378342366,0.019374445654766533,8.290409917998634,-0.17752321816825406,0.20424481081582244,0.0075177085950144835,-0.17752321816825406,0.20424481081582244,7.754902762888036,8.301451363889726,0.1848703651610559,-0.1968976638230206,0.011041445891091684,-0.5355071551105981,False,True,0.2227861574048382,0.4455723148096764,0.2228534238979104,0.4457068477958208
1585,26.416666666666668,False,False,63.59871059987625,50.0,18.44012886588763,63.2246606082943,66.56816559908853,54.87422559361743,74.0,13.598710599876249,8.245319167898582,8.327772359577569,8.028177063388881,2.9498522422484377,8.365943342633106,2.8750627205072368,0.018815173159591723,8.327772359577569,-0.1783570411093239,0.2037781841038965,0.007314231464306432,-0.1783570411093239,0.2037781841038965,7.790417148880591,8.337246556871706,0.18496301094430478,-0.19717221426891562,0.009474197294137454,-0.5373552106969779,False,True,0.2228534238979104,0.4457068477958208,0.22292283059820925,0.4458456611964185
1590,26.5,False,False,63.46209540070572,50.0,18.29238969255786,63.08693911288405,66.4073362260927,54.75099067242871,74.0,13.46209540070572,8.281831666581676,8.364649983247492,8.063831852876149,2.9703510698214486,8.398577838335168,2.8961782089923216,0.01823137715014127,8.364649983247492,-0.1792129962927606,0.2032884350863333,0.007100163164204787,-0.1792129962927606,0.2032884350863333,7.825470962689028,8.372579848229773,0.185057057936192,-0.1974443734429019,0.007929864982280321,-0.5391790205584641,False,True,0.22292283059820925,0.4458456611964185,0.22299446309130974,0.4459889261826195
1595,26.583333333333332,False,False,63.32881648571888,50.0,18.148475556073436,62.952577925095845,66.24869422849935,54.63073783657696,74.0,13.328816485718882,8.317877944588743,8.40105672403463,8.0990254054594,2.990686551002557,8.430612236710276,2.9171202073014846,0.017624507085974985,8.40105672403463,-0.1800897262529429,0.20277692478363815,0.006875789625928519,-0.1800897262529429,0.20277692478363815,7.8600774051588616,8.407464450342369,0.18515241769766316,-0.19771423333891788,0.00640772630773867,-0.5409793188757686,False,True,0.22299446309130974,0.4459889261826195,0.2230683887740974,0.4461367775481948
1600,26.666666666666668,False,False,63.19874193695464,50.0,18.008233155096434,62.821444102748956,66.09218093218425,54.51334768830989,74.0,13.19874193695464,8.353471057748811,8.4370057683263,8.133770927750614,3.0108613051115376,8.462071257875486,2.9378915558707885,0.0169959352137721,8.4370057683263,-0.18098594425543435,0.20224494345880079,0.006641372619969843,-0.18098594425543435,0.20224494345880079,7.894248971223446,8.441912869563687,0.18524900824502868,-0.19798187946920645,0.004907101237387579,-0.5427567971028537,False,True,0.2230683887740974,0.4461367775481948,0.22314465911235912,0.44628931822471823
1605,26.75,False,False,63.071746824064554,50.0,17.871517221277287,62.69341175794843,65.93774056726087,54.39870723909164,74.0,13.071746824064554,8.388623380456972,8.472509614261542,8.168080920393567,3.0308778999221335,8.492978399967436,2.9584950343040797,0.016346960775999834,8.472509614261542,-0.1819004306780446,0.2016937142366303,0.006397152538238516,-0.1819004306780446,0.2016937142366303,7.9279975066245845,8.475936962945395,0.18534675346063045,-0.19824739145404444,0.003427348683853637,-0.5445121076369572,False,True,0.22314465911235912,0.44628931822471823,0.22322331163056566,0.4464466232611313
1610,26.833333333333332,False,False,62.94771274329389,50.0,17.73819000088858,62.56836158672448,65.78532004152578,54.2867094780698,74.0,12.947712743293891,8.423346659811187,8.5075801264093,8.20196723478499,3.0507388534043827,8.52335600959142,2.9789333638796713,0.015678814101856915,8.5075801264093,-0.18283202945408686,0.2011243966608842,0.0061433509126345605,-0.18283202945408686,0.2011243966608842,7.961334259283538,8.509547989608727,0.18544558255902727,-0.19851084355594378,0.0019678631994271,-0.5462458671257622,False,True,0.22322331163056566,0.4464466232611313,0.22330437166651823,0.44660874333303646
1615,26.916666666666668,False,False,62.826527392876216,50.0,17.60812077646149,62.4461804431501,65.63486873514537,54.177252981344054,74.0,12.826527392876216,8.457652064659388,8.542228585305983,8.235441124446133,3.0704466353241395,8.55322534752239,2.9992092098437566,0.014992660286179672,8.542228585305983,-0.18377964486706236,0.20053808989996538,0.0058801724650493275,-0.18377964486706236,0.20053808989996538,7.994269925856582,8.542756657301117,0.1855454296137857,-0.19877230515324204,0.0005280719951343826,-0.5479586594494013,False,True,0.22330437166651823,0.44660874333303646,0.22338785391965268,0.44677570783930537
1620,27.0,False,False,62.708084181507296,50.0,17.481185424823778,62.32676094094758,65.4863383144859,54.070241547228434,74.0,12.708084181507296,8.491550230064414,8.576465732365058,8.268513291578849,3.090003668715908,8.5826066500266,3.0193251835119788,0.014289602765338714,8.576465732365058,-0.18474223840449303,0.19993583589346142,0.005607807054866499,-0.18474223840449303,0.19993583589346142,8.026814693954103,8.575573164616383,0.1856462331281227,-0.19903184116983175,-0.0008925677486750772,-0.5496510384109552,False,True,0.22338785391965268,0.44677570783930537,0.22347376381788933,0.44694752763577866
1625,27.083333333333332,False,False,62.59228186690868,50.0,17.357266008308514,62.21000108944949,65.33968256319866,53.965583863061134,74.0,12.592281866908678,8.525051297642275,8.610301810618697,8.301193929285244,3.1094123312431785,8.611519186140221,3.0392838441986796,0.01357068659882316,8.610301810618697,-0.1857188258596945,0.19931862225073707,0.005326431333605797,-0.1857188258596945,0.19931862225073707,8.058978280453196,8.608007239308376,0.18574793565191391,-0.19928951245851764,-0.0022945713103208476,-0.5513235301655008,False,True,0.22347376381788933,0.44694752763577866,0.22356209872482818,0.44712419744965637
1630,27.166666666666668,False,False,62.47902422179645,50.0,17.236250396229153,62.09580395571607,65.19485722886145,53.86319319632829,74.0,12.47902422179645,8.558164952182363,8.643746601704187,8.333492759880787,3.1286749564588603,8.639981311211974,3.0590877009913666,0.01283690158895297,8.643746601704187,-0.1867084745580866,0.19868738502498245,0.005036210311709511,-0.1867084745580866,0.19868738502498245,8.090769966289614,8.640068173083979,0.18585048343602947,-0.19954537614703957,-0.003678428620208507,-0.5529766354145735,False,True,0.22356209872482818,0.44712419744965637,0.22365284900633103,0.44730569801266207
1635,27.25,False,False,62.36821972484142,50.0,17.11803191400719,61.984077353125734,65.05181988364752,53.762987110149716,74.0,12.368219724841417,8.590900454916579,8.676809459465744,8.365419069686796,3.1477938349768793,8.668010516990366,3.0787392143862986,0.012089185194572565,8.676809459465744,-0.18771030075417125,0.19804301131658608,0.004737298559257397,-0.18771030075417125,0.19804301131658608,8.12219862807563,8.671764853222015,0.18595382612201353,-0.1997994859487438,-0.005044606243728822,-0.5546108313901144,False,True,0.22365284900633103,0.44730569801266207,0.22374599897314126,0.4474919979462825
1640,27.333333333333332,False,False,62.2597812744475,50.0,17.002509017595443,61.874733551392865,64.91052979764594,53.66488719864265,74.0,12.259781274447498,8.623266673766919,8.709499340504587,8.396981740648823,3.1667712155647907,8.695623478512378,3.098240797799438,0.011328425312303807,8.709499340504587,-0.18872346713156035,0.1973863417734522,0.004429841494538778,-0.18872346713156035,0.1973863417734522,8.153272766855231,8.703105791329465,0.18605791646114841,-0.20005189244386415,-0.006393549175122359,-0.5562265736493561,False,True,0.22374599897314126,0.4474919979462825,0.2238415277141408,0.4476830554282816
1645,27.416666666666668,False,False,62.153625923389,50.0,16.889584991070308,61.76768900796387,64.77094782359492,53.56881884195281,74.0,12.153625923389,8.6552721108676,8.741824831976276,8.428189279092347,3.185609306166066,8.722836098028676,3.1175948189656726,0.010555462895927122,8.741824831976276,-0.18974718043723493,0.1967181729570789,0.004113976321195878,-0.18974718043723493,0.1967181729570789,8.184000534276356,8.734099149514728,0.1861627100611518,-0.20030264333316206,-0.007725682461547478,-0.5578242976999199,False,True,0.2238415277141408,0.4476830554282816,0.22393940983301414,0.44787881966602827
1650,27.5,False,False,62.049674632538355,50.0,16.779167665469345,61.66286412086734,64.63303629191344,53.474710980863485,74.0,12.049674632538355,8.68692492762786,8.773794176904138,8.459049841895542,3.2043102748597394,8.74966354618103,3.1368036012378337,0.009771094384459503,8.773794176904138,-0.19078068928089423,0.19603925954354068,0.0037898330092957623,-0.19078068928089423,0.19603925954354068,8.21438975643181,8.764752764229549,0.18626816515908118,-0.20055178366535373,-0.009041412674589466,-0.5594044204723279,False,True,0.22393940983301414,0.44787881966602827,0.22403961609959105,0.4480792321991821
1655,27.583333333333332,False,False,61.947852042085195,50.0,16.67116915713369,61.56018299633493,64.49675891502721,53.38249590517619,74.0,11.947852042085195,8.718232967574686,8.805415297250432,8.48957126033068,3.2228762507642115,8.77612030062972,3.1558694247959056,0.008976074056654397,8.805415297250432,-0.19182328198829773,0.19535031647047135,0.003457535100687892,-0.19182328198829773,0.19535031647047135,8.24444795559506,8.79507416800581,0.18637424241381695,-0.20079935604495214,-0.010341129244622493,-0.5609673416553722,False,True,0.22403961609959105,0.4480792321991821,0.2241421140256271,0.4482842280512542
1660,27.666666666666668,False,False,61.84808625880069,50.0,16.565505623977486,61.459573234959436,64.36208070008576,53.29210905894232,74.0,11.848086258800691,8.749203777190662,8.83669581496257,8.519761061800434,3.24130932489121,8.802220182312736,3.1747945277757057,0.0081711162089141,8.83669581496257,-0.1928742846097455,0.19465202092890255,0.0031172004118616317,-0.1928742846097455,0.19465202092890255,8.274182370054453,8.82507060929073,0.18648090471998846,-0.20104540081865963,-0.011625205671839112,-0.5625134449081166,False,True,0.2241421140256271,0.4482842280512542,0.22424686837385255,0.4484937367477051
1665,27.75,False,False,61.750308658035664,50.0,16.4620970382517,61.36096573130376,64.22896786925702,53.20348885812482,74.0,11.750308658035664,8.779844624940523,8.867643071189928,8.54962648967259,3.2596115509552375,8.827976389503815,3.1935811073254126,0.007356897244908396,8.867643071189928,-0.1939330590004529,0.19394501428320116,0.0027689416635894304,-0.1939330590004529,0.19394501428320116,8.303599972228927,8.854749070563585,0.18658811703829276,-0.2012899562453613,-0.012894000626342716,-0.564043098961001,False,True,0.22424686837385255,0.4484937367477051,0.2243538416077577,0.4487076832155154
1670,27.833333333333332,False,False,61.654453699263975,50.0,16.360866974501732,61.2642944888466,64.09738778686663,53.11657652219618,74.0,11.654453699263975,8.810162518660634,8.898264143847241,8.579174521396256,3.2777849461431896,8.85340152982308,3.2122313205973616,0.006534057618036968,8.898264143847241,-0.19499900103103945,0.19322990386088768,0.0024128671105700054,-0.19499900103103945,0.19322990386088768,8.332707485230216,8.884116284898846,0.1866958462428507,-0.20153305864907642,-0.014147858948394543,-0.5655566586170249,False,True,0.2243538416077577,0.4487076832155154,0.22446299428902675,0.4489259885780535
1675,27.916666666666668,False,False,61.56045875409045,50.0,16.261742411534,61.16949644262955,63.96730889272233,53.0313159131176,74.0,11.560458754090448,8.840164221468225,8.928565863682907,8.60841188506453,3.295831491848328,8.878507650341916,3.2307472856818165,0.005703203773891801,8.928565863682907,-0.1960715387878395,0.19250726475262567,0.0020490809807142797,-0.1960715387878395,0.19250726475262567,8.361511398019823,8.913178751124136,0.18680406097873387,-0.2017747425617313,-0.015387112558771676,-0.5670544656630838,False,True,0.22446299428902675,0.4489259885780535,0.22457428542836927,0.44914857085673854
1680,28.0,False,False,61.46826394574169,50.0,16.164653547313094,61.07651130397324,63.838700641029256,52.94765339380039,74.0,11.46826394574169,8.869856266331595,8.958554828994911,8.637345074571979,3.313753134372269,8.90330626591261,3.2491310824886757,0.00486490976897585,8.958554828994911,-0.19715013107592005,0.1917776413094992,0.0016776839437170567,-0.19715013107592005,0.1917776413094992,8.390017979294614,8.941942747706769,0.18691273154052335,-0.2020150408448959,-0.016612081288142733,-0.5685368497002976,False,True,0.22457428542836927,0.44914857085673854,0.22468767279515456,0.4493753455903091
1685,28.083333333333332,False,False,61.377811999145585,50.0,16.0695336258062,60.98528140128206,63.711533444360754,52.86553768396741,74.0,11.377811999145585,8.899244969428485,8.98823741912277,8.66598036350069,3.3315517855982475,8.927808385843168,3.2673847535824283,0.004019719110156075,8.98823741912277,-0.19823426570171696,0.19104154886066593,0.0012987735210572282,-0.19823426570171696,0.19104154886066593,8.418233290221387,8.970414345489269,0.18702182975050985,-0.20225398481187304,-0.017823073633500996,-0.5700041289013829,False,True,0.22468767279515456,0.4493753455903091,0.22480311319038881,0.44960622638077763
1690,28.166666666666668,False,False,61.28904810078461,50.0,15.976318774875821,60.89575154648229,63.58577862220268,52.78491973838639,74.0,11.289048100784612,8.928336442407195,9.017619806831267,8.694323817855327,3.349229323638538,8.952024539028553,3.285510304975141,0.003168146167363375,9.017619806831267,-0.1993234581595722,0.19029947502710337,0.0009124444520693943,-0.1993234581595722,0.19029947502710337,8.446163196129016,8.998599419382435,0.18713132885974,-0.20249160432693558,-0.0190203874488315,-0.571456610702251,False,True,0.22480311319038881,0.44960622638077763,0.22492056268715296,0.44984112537430593
1695,28.25,False,False,61.2019197675798,50.0,15.884947854400522,60.80786889578801,63.461408353636585,52.70575262090231,74.0,11.201919767579803,8.95713660365374,9.046707969690278,8.722381307755725,3.366787593458568,8.975964797641032,3.303509706881689,0.002310677821742502,9.046707969690278,-0.20041725008552172,0.18955188126809966,0.0005187889282296965,-0.20041725008552172,0.18955188126809966,8.47381337725601,9.026503659113825,0.18724120344635717,-0.2027279279072642,-0.02020431057645311,-0.5728945924342685,False,True,0.22492056268715296,0.44984112537430593,0.22503997684216157,0.45007995368432313
1700,28.333333333333332,False,False,61.11637672412623,50.0,15.795362313872047,60.72158283166374,63.3383956337705,52.62799139697506,74.0,11.116376724126233,8.985651188658132,9.075507700544714,8.750158518184918,3.3842284074799736,8.9996387994747,3.321384894441044,0.0014477747606269986,9.075507700544714,-0.20151520804573816,0.18879920409308437,0.00011789695922743705,-0.20151520804573816,0.18879920409308437,8.501189338641717,9.05413257911988,0.18735142933245738,-0.20296298280636516,-0.021375121424833665,-0.5743183619029963,False,True,0.22503997684216157,0.45007995368432313,0.2251613108816072,0.4503226217632144
1705,28.416666666666668,False,False,61.03237078765935,50.0,15.707506058780723,60.636844843016185,63.216714233564616,52.551593025230765,74.0,11.032370787659353,9.013885759563708,9.104024617159345,8.777660958880798,3.4015535461645765,9.023055769032089,3.339137768406933,0.0005798729049547546,9.104024617159345,-0.20261692219279331,0.18804185640563312,0.0005770057954123331,-0.20261692219279331,0.18804185640563312,8.528296419240752,9.081491527661266,0.18746198350067836,-0.20319679509774807,-0.022533089498079306,-0.5757281979185933,False,True,0.2251613108816072,0.4503226217632144,0.22528451986417203,0.45056903972834406
1710,28.5,False,False,60.94985576018429,50.0,15.62132532515821,60.51330374867227,63.09633866273359,52.442433615749174,74.0,10.949855760184292,9.041845713975249,9.132264171115002,8.804893973451009,3.418764758581042,9.046224537434286,3.3567701958109226,0.0005798729049547546,9.132264171115002,-0.2028820606544913,0.1881201731148977,0.0005770057954123331,-0.2028820606544913,0.1881201731148977,8.55513980033244,9.108585695233192,0.18754030020994295,-0.20346193355944606,-0.023678475881810712,-0.5771243707825615,False,True,0.22528451986417203,0.45056903972834406,0.22540955882376473,0.45081911764752947
1715,28.583333333333332,False,False,60.868787327247084,50.0,15.536768561698196,60.391114733108644,62.97724413673552,52.33449171263219,74.0,10.868787327247084,9.069536293094147,9.16023165602509,8.831862747782816,3.435863762955745,9.069153561230067,3.3742840106005443,0.0005798729049547546,9.16023165602509,-0.2031461510750956,0.18819862959463693,0.0005770057954123331,-0.2031461510750956,0.18819862959463693,8.5817245130006,9.135420122046087,0.18761875668968217,-0.20372602398005035,-0.02481153397900293,-0.5785071430244901,False,True,0.22540955882376473,0.45081911764752947,0.2255363828941118,0.4510727657882236
1720,28.666666666666668,False,False,60.78912296287116,50.0,15.453786318923036,60.270251799779565,62.859406543591255,52.2277434049224,74.0,10.789122962871161,9.096962589242297,9.18793221513472,8.858572317523343,3.4528522472092282,9.091850940174027,3.3916810142548455,0.0005798729049547546,9.18793221513472,-0.20340921347942217,0.1882772088193769,0.0005770057954123331,-0.20340921347942217,0.1882772088193769,8.608055445633738,9.161999705526695,0.18769733591442214,-0.20398908638437693,-0.025932509608026066,-0.5798767695009825,False,True,0.2255363828941118,0.4510727657882236,0.22566494741737125,0.4513298948347425
1725,28.75,False,False,60.71082184022061,50.0,15.372331144906525,60.15068965921406,62.74280241322819,52.1221650376371,74.0,10.71082184022061,9.124129552830311,9.215370848358614,8.885027575580217,3.469731869479427,9.114324434038652,3.4089629763794598,0.0005798729049547546,9.215370848358614,-0.20367125688935467,0.18835590474814332,0.0005770057954123331,-0.20367125688935467,0.18835590474814332,8.63413735084784,9.188329207241706,0.18777603184318856,-0.20425112979430943,-0.027041641116907655,-0.5812334975107731,False,True,0.22566494741737125,0.4513298948347425,0.2257952080384033,0.4515904160768066
1730,28.833333333333332,False,False,60.63384474758754,50.0,15.292357487102606,60.03240369878608,62.62740889138005,52.01773362304607,74.0,10.633844747587538,9.15104199882031,9.242552418808513,8.911233279044772,3.486504258632739,9.136581478520702,3.4261316352830793,0.0005798729049547546,9.242552418808513,-0.20393229017136916,0.18843471147718105,0.0005770057954123331,-0.20393229017136916,0.18843471147718105,8.659974851376795,9.214413258789069,0.1878548385722263,-0.20451216307632392,-0.028139160019444276,-0.5825775674317182,False,True,0.2257952080384033,0.4515904160768066,0.2259271207863157,0.4518542415726314
1735,28.916666666666668,False,False,60.55815400933357,50.0,15.213821599864602,59.91536995455956,62.513203714110986,51.914426812533016,74.0,10.55815400933357,9.177704612728663,9.26948165885595,8.937194055082932,3.50317101476385,9.158629200297938,3.443188698536933,0.0005798729049547546,9.26948165885595,-0.20419232204788054,0.1885136232288465,0.0005770057954123331,-0.20419232204788054,0.1885136232288465,8.685572445808894,9.240256367535318,0.18793375032389173,-0.2047721949528353,-0.029225291320631896,-0.5839092130470558,False,True,0.2259271207863157,0.4518542415726314,0.22606064214473537,0.45212128428947074
1740,29.0,False,False,60.48371341144461,50.0,15.136681457271834,59.79956508502317,62.40016518405554,51.812222870287165,74.0,10.483713411444612,9.204121956209642,9.296163175771738,8.962914406672105,3.519733709685146,9.180474431288355,3.460135843518794,0.0005798729049547546,9.296163175771738,-0.20445136110787185,0.1885926343412127,0.0005770057954123331,-0.20445136110787185,0.1885926343412127,8.71093451392687,9.265862921956481,0.18801276143625795,-0.2050312340128266,-0.03030025381525725,-0.5852286618448677,False,True,0.22606064214473537,0.45212128428947074,0.22619572911201852,0.45239145822403704
1745,29.083333333333332,False,False,60.41048813138447,50.0,15.060896670910779,59.684966346547206,62.28827214823281,51.71110064864149,74.0,10.410488131384469,9.230298472257049,9.32260145697962,8.988398717941676,3.536193887406415,9.202123722160426,3.4769747179427535,0.0005798729049547546,9.32260145697962,-0.20470941581597105,0.18867173925922304,0.0005770057954123331,-0.20470941581597105,0.18867173925922304,8.736065321683926,9.291237196614917,0.18809186635426828,-0.2052892887209258,-0.03136426036470219,-0.5865361352956935,False,True,0.22619572911201852,0.45239145822403704,0.2263323392524656,0.4526646785049312
1750,29.166666666666668,False,False,60.33844467195811,50.0,14.986428412283402,59.57155157041178,62.17750397729591,51.611039564920944,74.0,10.338444671958108,9.25623849005729,9.348800874957863,9.013651259149421,3.5525530646054757,9.223583355139544,3.4937069403759624,0.0005798729049547546,9.348800874957863,-0.20496649452017549,0.18875093252719283,0.0005770057954123331,-0.20496649452017549,0.18875093252719283,8.760969025847448,9.316383356803897,0.18817105962223807,-0.20554636742513024,-0.03241751815396654,-0.5878318491104153,False,True,0.2263323392524656,0.4526646785049312,0.22647043073963838,0.45294086147927676
1755,29.25,False,False,60.26755079891761,50.0,14.913239339541406,59.4592991412699,62.067840546091034,51.512019579677535,74.0,10.267550798917611,9.281946229524173,9.374765691819416,9.038676191325672,3.568812731090288,9.244859356152704,3.5103341007432918,0.0005798729049547546,9.374765691819416,-0.2052226054584064,0.18883020878247614,0.0005770057954123331,-0.2052226054584064,0.18883020878247614,8.785649678339256,9.341305462888624,0.18825033587752138,-0.20580247836336116,-0.03346022893079237,-0.5891160134801599,False,True,0.22647043073963838,0.45294086147927676,0.22660996239266595,0.4532199247853319
1760,29.333333333333332,False,False,60.19777548206272,50.0,14.84129352826649,59.34818797692233,61.95926221541247,51.414021176199626,74.0,10.197775482062717,9.307425805542826,9.400500063598255,9.06347757061394,3.584974350253015,9.265957506350734,3.5268577608208385,0.0005798729049547546,9.400500063598255,-0.20547775676405872,0.1889095627501337,0.0005770057954123331,-0.20547775676405872,0.1889095627501337,8.810111230298387,9.366007474369882,0.18832968984517895,-0.20605762966901348,-0.03449258922837295,-0.5903888332998672,False,True,0.22660996239266595,0.4532199247853319,0.2267508937061175,0.453501787412235
1765,29.416666666666668,False,False,60.12908883960939,50.0,14.770556406037969,59.238197509293066,61.85174981485134,51.317025341194366,74.0,10.129088839609388,9.332681231947499,9.426008044266974,9.088059352334135,3.60103935951647,9.286883353044612,3.5432794547190825,0.0005798729049547546,9.426008044266974,-0.2057319564706861,0.18898898923846166,0.0005770057954123331,-0.2057319564706861,0.18898898923846166,8.83435753589,9.390493253693702,0.1884091163335069,-0.20631182937564085,-0.03551479057327178,-0.5916505083769739,False,True,0.2267508937061175,0.453501787412235,0.22689318487454835,0.4537863697490967
1770,29.5,False,False,60.06146208561344,50.0,14.700994690547944,59.12930766650483,61.74528462664526,51.221013546550765,74.0,10.061462085613442,9.357716425255703,9.451293589508259,9.11242539479185,3.6170091707733145,9.307642220090047,3.559600689356331,0.0005798729049547546,9.451293589508259,-0.20598521251594656,0.18906848313525548,0.0005770057954123331,-0.20598521251594656,0.18906848313525548,8.858392355881728,9.414766569828522,0.18848861023030072,-0.20656508542090132,-0.03652701967973648,-0.5929012336265309,False,True,0.22689318487454835,0.4537863697490967,0.22703679681188024,0.4540735936237605
1775,29.583333333333332,False,False,59.994867480254904,50.0,14.632576331041307,59.021498855963934,61.639848370445605,51.12596773209975,74.0,9.994867480254904,9.382535208178995,9.476360560260785,9.136579462855124,3.6328851708183287,9.328239217752214,3.5758229449231207,0.0005798729049547546,9.476360560260785,-0.20623753274491624,0.18914803940470212,0.0005770057954123331,-0.20623753274491624,0.18914803940470212,8.882219361006793,9.438831101629113,0.18856816649974736,-0.206817405649871,-0.03752945863167234,-0.5941411992539916,False,True,0.22703679681188024,0.4540735936237605,0.227181691166585,0.45436338233317
1780,29.666666666666668,False,False,59.929278282801526,50.0,14.565270452874003,58.91475194837209,61.535423188925975,51.03187028929508,74.0,9.929278282801526,9.407141312928799,9.501212726058087,9.160525231317953,3.6486687217740297,9.348679252080476,3.5919476753380626,0.0005798729049547546,9.501212726058087,-0.20648892491286658,0.18922765308480458,0.0005770057954123331,-0.20648892491286658,0.18922765308480458,8.905842135131454,9.46269044100477,0.18864778017984982,-0.20706879781782134,-0.03852228505331645,-0.5953705909266329,False,True,0.227181691166585,0.45436338233317,0.22732783033297368,0.45465566066594737
1785,29.75,False,False,59.864668707082835,50.0,14.499047304997731,58.80904826259106,61.43199163416449,50.938704045745915,74.0,9.864668707082835,9.431538384333955,9.525853768177294,9.184266288068113,3.664361161509896,9.36896703382092,3.6079763086956467,0.0005798729049547546,9.525853768177294,-0.20673939668758742,0.18930731928525713,0.0005770057954123331,-0.20673939668758742,0.18930731928525713,8.92926417824258,9.486348095907692,0.18872744638030237,-0.20731926959254218,-0.03950567226960189,-0.5965895899347142,False,True,0.22732783033297368,0.45465566066594737,0.22747517745900062,0.45495035491800123
1790,29.833333333333332,False,False,59.801013879319335,50.0,14.433878210192546,58.70436955129249,61.32953665473693,50.846452250537844,74.0,9.801013879319335,9.455729982785133,9.550287282612985,9.207806137075135,3.6799638040554,9.38910708689281,3.623910247706386,0.0005798729049547546,9.550287282612985,-0.20698895565132652,0.18938703318570088,0.0005770057954123331,-0.20698895565132652,0.18938703318570088,8.952488909269842,9.509807493155904,0.18880716028074612,-0.20756882855628128,-0.04047978945708053,-0.5977983733431422,False,True,0.22747517745900062,0.45495035491800123,0.22762369645115696,0.4552473929023139
1795,29.916666666666668,False,False,59.73828979816153,50.0,14.36973551788121,58.60069798733237,61.228041583465526,50.75509856028541,74.0,9.738289798161532,9.47971958701979,9.574516782889988,9.231148201212873,3.6954779400070374,9.409103756453334,3.639750870129684,0.0005798729049547546,9.574516782889988,-0.20723760930240903,0.18946679003429492,0.0005770057954123331,-0.20723760930240903,0.18946679003429492,8.975519668755492,9.533071981103832,0.18888691712934016,-0.2078174822073638,-0.04144480178615595,-0.5989971141344963,False,True,0.22762369645115696,0.4552473929023139,0.2277733519766619,0.4555467039533238
1800,30.0,False,False,59.67647329680416,50.0,14.306592559371097,58.49801615079459,61.12749012577213,50.66462702586348,74.0,9.676473296804161,9.503510596760158,9.59854570272776,9.254295824929663,3.710904836929516,9.4289612165735,3.6554995291997208,0.0005798729049547546,9.59854570272776,-0.20748536505658924,0.18954658514655226,0.0005770057954123331,-0.20748536505658924,0.18954658514655226,8.998359721383675,9.556144832172343,0.1889667122415975,-0.208065237961544,-0.04240087055541686,-0.6001859813440849,False,True,0.2277733519766619,0.4555467039533238,0.2279241094633477,0.4558482189266954
1805,30.083333333333332,False,False,59.615542007050394,50.0,14.244423605378984,58.396307016653495,61.02786634858985,50.575022079769845,74.0,9.615542007050394,9.527106335215556,9.622377398567712,9.27725227677801,3.7262457397512474,9.448683477546576,3.671157554044671,0.0005798729049547546,9.622377398567712,-0.20773223024818266,0.18962641390439286,0.0005770057954123331,-0.20773223024818266,0.18962641390439286,9.02101225838002,9.57902924524907,0.1890465409994381,-0.20831210315313742,-0.04334815331864306,-0.601365140187692,False,True,0.2279241094633477,0.4558482189266954,0.22807593509752158,0.45615187019504316
1810,30.166666666666668,False,False,59.555474325208806,50.0,14.18320382570522,58.295553943009985,60.92915466979175,50.48626852407576,74.0,9.555474325208806,9.550510051459298,9.646015151973891,9.300020751814545,3.7415018711542545,9.468274392849166,3.6867262500994733,0.0005798729049547546,9.646015151973891,-0.20797821213101605,0.18970627175537289,0.0005770057954123331,-0.20797821213101605,0.18970627175537289,9.043480399791251,9.601728347968782,0.18912639885041813,-0.2085580850359708,-0.044286804005109204,-0.6025347521826401,False,True,0.22807593509752158,0.45615187019504316,0.22822879581997535,0.4564575916399507
1815,30.25,False,False,59.49624937971565,50.0,14.122909250931343,58.19574065985997,60.83133984809816,50.39835151892428,74.0,9.49624937971565,9.573724922689536,9.66946217191643,9.322604373880017,3.7566744319586167,9.487737665773702,3.702206899512351,0.0005798729049547546,9.66946217191643,-0.20822331787923257,0.18978615421205883,0.0005770057954123331,-0.20822331787923257,0.18978615421205883,9.065767196653828,9.624245198882731,0.18920628130710407,-0.20880319078418733,-0.04521697303369976,-0.6036949752626022,False,True,0.22822879581997535,0.4564575916399507,0.22838265932061014,0.4567653186412203
1820,30.333333333333332,False,False,59.43784700037948,50.0,14.063516736024553,58.09685125835746,60.73440697342907,50.31125657154029,74.0,9.437847000379477,9.59675405638253,9.692721596946354,9.34500619776828,3.7717646015015327,9.507076855750082,3.717600761545312,0.0005798729049547546,9.692721596946354,-0.20846755458797897,0.18986605685151361,0.0005770057954123331,-0.20846755458797897,0.18986605685151361,9.087875633059596,9.646582789525038,0.18928618394655886,-0.20904742749293373,-0.046138807421316486,-0.604845963886758,False,True,0.22838265932061014,0.4567653186412203,0.22853749403149637,0.45707498806299274
1825,30.416666666666668,False,False,59.380247689155105,50.0,14.005003925739757,57.99887018053823,60.63834145766953,50.22496952571882,74.0,9.380247689155105,9.619600492346086,9.715796497269547,9.367229211292317,3.7867735380110883,9.526295384372931,3.7329090729687566,0.0005798729049547546,9.715796497269547,-0.20871092927400087,0.18994597531487312,0.0005770057954123331,-0.20871092927400087,0.18994597531487312,9.10980862812593,9.668744046383544,0.18936610240991836,-0.20929080217895563,-0.04705245088600307,-0.6059878691436182,False,True,0.22853749403149637,0.45707498806299274,0.22869326911897322,0.45738653823794645
1830,30.5,False,False,59.32343259235779,50.0,13.947349221716905,57.90178220947304,60.54312902582039,50.13947655176124,74.0,9.32343259235779,9.642267204680211,9.738689876727014,9.389276337254737,3.801702378974804,9.54539654115019,3.748133048450349,0.0005798729049547546,9.738689876727014,-0.20895344887616815,0.19002590530698893,0.0005770057954123331,-0.20895344887616815,0.19002590530698893,9.131569037877002,9.690731832781799,0.18944603240203417,-0.2095333217811229,-0.04795804394521497,-0.6071208388500118,False,True,0.22869326911897322,0.45738653823794645,0.22884995447462814,0.4576999089492563
1835,30.583333333333332,False,False,59.26738347423543,50.0,13.890531751178386,57.80557245982197,60.448755707508006,50.05476413683124,74.0,9.26738347423543,9.664757103651374,9.761404674687887,9.4111504353294,3.8165522415030204,9.564383488987545,3.763273880938288,0.0005798729049547546,9.761404674687887,-0.2091951202559472,0.19010584259612112,0.0005770057954123331,-0.2091951202559472,0.19010584259612112,9.153159657042403,9.712548950678348,0.18952596969116636,-0.20977499316090195,-0.04885572400953819,-0.6082450176454834,False,True,0.22884995447462814,0.4576999089492563,0.22900752070545077,0.45801504141090155
1840,30.666666666666668,False,False,59.21208269182261,50.0,13.834531337136752,57.7102263687641,60.355207828829755,49.97081907570499,74.0,9.212082691822609,9.687073037486277,9.78394376786114,9.432854303860376,3.8313242226871824,9.583259269422554,3.7783327420390562,0.0005798729049547546,9.78394376786114,-0.20943595019783554,0.19018578301366634,0.0005770057954123331,-0.20943595019783554,0.19018578301366634,9.174583220778603,9.734198142388912,0.18960591010871158,-0.2100158231027903,-0.04974562547222838,-0.6093605470825381,False,True,0.22900752070545077,0.45801504141090155,0.22916593912338062,0.45833187824676125
1845,30.75,False,False,59.157513171002705,50.0,13.779328470029455,57.615729687279135,60.26247200451387,49.88762846189185,74.0,9.157513171002705,9.709217794090458,9.806309972031363,9.454390681583757,3.846019399953068,9.602026807621373,3.7933107823897876,0.0005798729049547546,9.806309972031363,-0.20967594540977177,0.1902657224539067,0.0005770057954123331,-0.20967594540977177,0.1902657224539067,9.195842406318418,9.755682092236546,0.18968584954895193,-0.21025581831472653,-0.05062787979481698,-0.6104675657129448,False,True,0.22916593912338062,0.45833187824676125,0.22932518173400926,0.4586503634680185
1850,30.833333333333332,False,False,59.10365838371283,50.0,13.724904280701892,57.52206847175894,60.170535130373814,49.805179679103986,74.0,9.103658383712833,9.731194102696609,9.828506043723575,9.475762249277482,3.860638831409018,9.62068891715028,3.8082091320253024,0.0005798729049547546,9.828506043723575,-0.20991511252353118,0.1903456568737708,0.0005770057954123331,-0.20991511252353118,0.1903456568737708,9.21693983455316,9.777003428134448,0.18976578396881605,-0.21049498542848594,-0.05150261558912739,-0.6115662091704142,False,True,0.22932518173400926,0.4586503634680185,0.22948522122507303,0.45897044245014607
1855,30.916666666666668,False,False,59.05050232622681,50.0,13.671240514665286,57.42922907592984,60.07938437603944,49.72346039305467,74.0,9.050502326226812,9.753004635447095,9.850534681801566,9.496971631343804,3.87518355618919,9.639248304533458,3.823028900739908,0.0005798729049547546,9.850534681801566,-0.2101534580951155,0.19042558229259804,0.0005770057954123331,-0.2101534580951155,0.19042558229259804,9.237878071551723,9.798164723105726,0.18984570938764328,-0.21073333100007025,-0.05236995869583971,-0.612656610249843,False,True,0.22948522122507303,0.45897044245014607,0.22964603095430822,0.45929206190861643
1860,31.0,False,False,58.99802949845807,50.0,13.6183195075606,57.33719814306725,59.989007177948736,49.64245854356718,74.0,8.998029498458067,9.774652008914769,9.872398529003917,9.518021397328724,3.8896545947919003,9.657707573607857,3.837771178444026,0.0005798729049547546,9.872398529003917,-0.21039098860514416,0.19050549479189827,0.0005770057954123331,-0.21039098860514416,0.19050549479189827,9.258659630020489,9.819168496743986,0.1899256218869435,-0.21097086151009892,-0.05323003225993084,-0.6137388989834278,False,True,0.22964603095430822,0.45929206190861643,0.22980758493711553,0.45961516987423107
1865,31.083333333333332,False,False,58.94622488422672,50.0,13.56612416176361,57.245962598486194,59.899391232584904,49.56216233697702,74.0,8.946224884226723,9.796138785565805,9.894100173421464,9.538914063382236,3.9040529494130607,9.67606922968533,3.8524370355156923,0.0005798729049547546,9.894100173421464,-0.2106277104592516,0.19058539051510265,0.0005770057954123331,-0.2106277104592516,0.19058539051510265,9.2792869707077,9.840017216618323,0.1900055176101479,-0.21120758336420636,-0.0540829568031409,-0.6148132027137638,False,True,0.22980758493711553,0.45961516987423107,0.2299698578339292,0.4599397156678584
1870,31.166666666666668,False,False,58.895073932438976,50.0,13.514637924070342,57.15550964229246,59.81052448994529,49.48256023881156,74.0,8.895073932438976,9.817467475168039,9.91564214991972,9.559652093663011,3.918379604274774,9.69433568353163,3.86702752314702,0.0005798729049547546,9.91564214991972,-0.21086362998849717,0.19066526566729997,0.0005770057954123331,-0.21086362998849717,0.19066526566729997,9.299762503755534,9.860713299626097,0.1900853927623452,-0.21144350289345193,-0.05492885029362249,-0.6158796461641849,False,True,0.2299698578339292,0.4599397156678584,0.23013282493740336,0.4602656498748067
1875,31.25,False,False,58.84456253913,50.0,13.463844764405948,57.065826742380416,59.72239514722942,49.403640966733015,74.0,8.844562539130003,9.83864053614793,9.937026941509409,9.580237901690815,3.932635525949099,9.712509255171327,3.8815436736856435,0.0005798729049547546,9.937026941509409,-0.2110987534497882,0.1907451165149562,0.0005770057954123331,-0.2110987534497882,0.1907451165149562,9.320088590002943,9.881259113296387,0.19016524361000145,-0.21167862635474297,-0.055767828213021176,-0.6169383515064659,False,True,0.23013282493740336,0.4602656498748067,0.23029646215947525,0.4605929243189505
1880,31.333333333333332,False,False,58.794677030324394,50.0,13.413729155503106,56.976901627664645,59.634991642734484,49.32539348373072,74.0,8.794677030324394,9.859660376899074,9.958256980668065,9.600673851649665,3.946821663677022,9.73059217752723,3.895986500971199,0.0005798729049547546,9.958256980668065,-0.21133308702632178,0.19082493938561446,0.0005770057954123331,-0.21133308702632178,0.19082493938561446,9.340267542242012,9.901656977046999,0.1902450664806597,-0.21191295993127654,-0.05660000362106565,-0.6179894384260525,False,True,0.23029646215947525,0.4605929243189505,0.23046074601831526,0.4609214920366305
1885,31.416666666666668,False,False,58.74540414567179,50.0,13.36427605349975,56.88872228153339,59.54830264994796,49.247806991550576,74.0,8.745404145671792,9.880529357044942,9.979334650615392,9.620962259644505,3.96093894968268,9.748586599902326,3.91035700066689,0.0005798729049547546,9.979334650615392,-0.21156663682804408,0.19090473066757246,0.0005770057954123331,-0.21156663682804408,0.19090473066757246,9.360301626430394,9.921909163397533,0.1903248577626177,-0.21214650973299884,-0.05742548721785923,-0.6190330241849988,False,True,0.23046074601831526,0.4609214920366305,0.2306256536253412,0.4612513072506824
1890,31.5,False,False,58.6967310228164,50.0,13.31547087940828,56.80127693551295,59.46231707182712,49.170870924349686,74.0,8.696731022816401,9.901249788658308,10.000262286544892,9.641105394913964,3.9749882994828414,9.766494591311936,3.924656150586176,0.0005798729049547546,10.000262286544892,-0.2117994088921314,0.19098448680953878,0.0005770057954123331,-0.2117994088921314,0.19098448680953878,9.380193062862203,9.942017899140913,0.19040461390458402,-0.21237928179708615,-0.0582443874039793,-0.6200692236826892,False,True,0.2306256536253412,0.4612513072506824,0.2307911626721142,0.4615823253442284
1895,31.583333333333332,False,False,58.64864518246324,50.0,13.267299501411884,56.714554063132844,59.377024035256525,49.094574942565735,74.0,8.648645182463241,9.921823937439624,10.02104217681402,9.661105481001558,3.988970612191697,9.784318143673211,3.9388849110146156,0.0005798729049547546,10.02104217681402,-0.21203140918349114,0.19106420432026444,0.0005770057954123331,-0.21203140918349114,0.19106420432026444,9.399944027299533,9.961985366475504,0.19048433141530968,-0.2126112820884459,-0.059056810338516286,-0.6210981495144878,False,True,0.2307911626721142,0.4615823253442284,0.23095725141739845,0.4619145028347969
1900,31.666666666666668,False,False,58.601134514104366,50.0,13.219748217945622,56.62854237398218,59.29241288567521,49.01890892699048,74.0,8.601134514104366,9.942254023856485,10.04167656409505,9.680964696887518,4.002886770820981,9.802059174858861,3.953044225026907,0.0005798729049547546,10.04167656409505,-0.21226264359528396,0.19114387976815259,0.0005770057954123331,-0.21226264359528396,0.19114387976815259,9.419556652066605,9.981813704099903,0.19056400686319783,-0.21284251650023872,-0.059862859995147844,-0.6221199120284453,False,True,0.23095725141739845,0.4619145028347969,0.23112389867415462,0.46224779734830923
1905,31.75,False,False,58.554187262372444,50.0,13.17280374152267,56.54323080794887,59.20847318186569,48.94386297303854,74.0,8.554187262372444,9.962542224246066,10.062167646488527,9.700685178083255,4.016737642575458,9.81971953162151,3.967135018799178,0.0005798729049547546,10.062167646488527,-0.21249311794946757,0.1912235097808434,0.0005770057954123331,-0.21249311794946757,0.1912235097808434,9.439033027108405,10.001505008272169,0.19064363687588864,-0.21307299085442233,-0.060662638216358644,-0.6231346193801226,False,True,0.23112389867415462,0.46224779734830923,0.2312910837967775,0.462582167593555
1910,31.833333333333332,False,False,58.5077920139894,50.0,13.126453183268353,56.458608529633025,59.12519469089733,48.86942738520214,74.0,8.507792013989402,9.98269067188242,10.082517578601244,9.720269017690287,4.030524079143802,9.837300992394773,3.9811582019165077,0.0005798729049547546,10.082517578601244,-0.21272283799736022,0.19130309104477713,0.0005770057954123331,-0.21272283799736022,0.19130309104477713,9.458375201015585,10.02106133383533,0.19072321813982238,-0.21330271090231498,-0.06145624476591394,-0.6241423775856596,False,True,0.2312910837967775,0.462582167593555,0.23145878666837813,0.46291757333675626
1915,31.916666666666668,False,False,58.46193768528006,50.0,13.080684038126435,56.37466492292753,59.04256738321796,48.79559267168397,74.0,8.461937685280063,10.002701458010211,10.102728472590313,9.739718267425458,4.044246916984913,9.85480526997687,3.9951146676757725,0.0005798729049547546,10.102728472590313,-0.21295180942022537,0.19138262030473446,0.0005770057954123331,-0.21295180942022537,0.19138262030473446,9.47758518201714,10.040484695210655,0.1908027473997797,-0.21353168232518013,-0.06224377737965803,-0.6251432905731722,False,True,0.23145878666837813,0.46291757333675626,0.2316269876881812,0.4632539753763624
1920,32.0,False,False,58.41661351022299,50.0,13.035484170704805,56.29138958575829,58.960581427886844,48.722349539200145,74.0,8.416613510222987,10.022576632846514,10.12280239917498,9.759034938613897,4.057906977609683,9.872234014102164,4.00900529338384,0.0005798729049547546,10.12280239917498,-0.21318003782987405,0.19146209436335596,0.0005770057954123331,-0.21318003782987405,0.19146209436335596,9.496664938942446,10.05977706736029,0.1908822214584012,-0.2137599107348288,-0.06302533181468917,-0.6261374602325329,False,True,0.2316269876881812,0.4632539753763624,0.23179566775913263,0.46359133551826526
1925,32.083333333333336,False,False,58.371809029012155,50.0,12.990841801728635,56.20877232497795,58.8792271879436,48.649688887946326,74.0,8.371809029012155,10.042318206552089,10.14274138861761,9.77822100315137,4.071505067858272,9.889588813905885,4.022830940651105,0.0005798729049547546,10.14274138861761,-0.2134075287692867,0.19154151008064121,0.0005770057954123331,-0.2134075287692867,0.19154151008064121,9.515616402153974,10.078940386720552,0.19096163717568646,-0.21398740167424146,-0.06380100189705828,-0.6271249864636363,False,True,0.23179566775913263,0.46359133551826526,0.2319648082757129,0.4639296165514258
1930,32.166666666666664,False,False,58.327514077103324,50.0,12.946745495071767,56.126803151406484,58.79849521590742,48.57760180671981,74.0,8.327514077103324,10.06192815017349,10.162547431675225,9.797278394437264,4.085041980172903,9.906871200286885,4.036592455680443,0.0005798729049547546,10.162547431675225,-0.2136342877132513,0.19162086437342898,0.0005770057954123331,-0.2136342877132513,0.19162086437342898,9.534441464452016,10.097976552107237,0.19104099146847422,-0.21421416061820606,-0.06457087956798802,-0.6281059672232097,False,True,0.2319648082757129,0.4639296165514258,0.23213439111178535,0.4642687822235707
1935,32.25,False,False,58.28371877472295,50.0,12.903184145337846,56.04547227501333,58.718376249401686,48.5060795681917,74.0,8.28371877472295,10.081408396557249,10.182222480522821,9.816209008279627,4.098518492866236,9.924082648173087,4.05029066955161,0.0005798729049547546,10.182222480522821,-0.21386032006901756,0.19170015421485886,0.0005770057954123331,-0.21386032006901756,0.19170015421485886,9.553141981952596,10.116887425594102,0.1911202813099041,-0.21444019297397232,-0.0653350549287186,-0.6290804985702252,False,True,0.23213439111178535,0.4642687822235707,0.23230439860885507,0.46460879721771015
1940,32.333333333333336,False,False,58.240413516815885,50.0,12.860146965965,55.9647701002353,58.638861206898895,48.43511362432261,74.0,8.240413516815885,10.100760841237339,10.201768449649713,9.83501470377335,4.1119353703853365,9.941224578694078,4.0639263985011045,0.0005798729049547546,10.201768449649713,-0.2140856311769656,0.19177937663381706,0.0005770057954123331,-0.2140856311769656,0.19177937663381706,9.57171977493972,10.135674833365686,0.1911995037288623,-0.21466550408192037,-0.06609361628402688,-0.6300486747099932,False,True,0.23230439860885507,0.46460879721771015,0.23247481356433877,0.46494962712867755
1945,32.416666666666664,False,False,58.19758896341162,50.0,12.817623477828988,55.88468722142532,58.55994118358175,48.36469560191663,74.0,8.197588963411619,10.11998734329699,10.221187216729959,9.853697304152703,4.125293363571294,9.958298361264939,4.077500444197542,0.0005798729049547546,10.221187216729959,-0.21431022631128913,0.1918585287143662,0.0005770057954123331,-0.21431022631128913,0.1918585287143662,9.590176628693005,10.154340566545505,0.19127865580941145,-0.21489009921624388,-0.06684665018445379,-0.6310105880369541,False,True,0.23247481356433877,0.46494962712867755,0.23264561922016816,0.4652912384403363
1950,32.5,False,False,58.15523603038864,50.0,12.775603498320805,55.80521441842712,58.48160744731604,48.29481729830795,74.0,8.155236030388643,10.139089726205903,10.240480623467962,9.872258597619254,4.138593209914513,9.975305315585421,4.091013594012599,0.0005798729049547546,10.240480623467962,-0.2145341106806891,0.19193760759516146,0.0005770057954123331,-0.2145341106806891,0.19193760759516146,9.608514294291673,10.172886382000597,0.1913577346902067,-0.21511398358564385,-0.06759424146736492,-0.6319663291762883,False,True,0.23264561922016816,0.4652912384403363,0.23281679925155055,0.4656335985031011
1955,32.583333333333336,False,False,58.1133458806184,50.0,12.734077130876656,55.726342652271434,58.403851434731116,48.22547067717513,74.0,8.113345880618397,10.15806977863383,10.25965047642017,9.890700338146136,4.151835633805736,9.992246713558101,4.104466621287495,0.0005798729049547546,10.25965047642017,-0.21475728942907962,0.192016610468854,0.0005770057954123331,-0.21475728942907962,0.192016610468854,9.626734489395869,10.191314003123388,0.19143673756389923,-0.21533716233403438,-0.06833647329678172,-0.6329159870243011,False,True,0.23281679925155055,0.4656335985031011,0.23298833775599928,0.46597667551199856
1960,32.666666666666664,False,False,58.071909915470364,50.0,12.693034754938765,55.64806306098924,58.32666474740472,48.15664786447835,74.0,8.071909915470364,10.17692925524143,10.278698547793844,9.909024246259628,4.165021346782821,10.009123781129178,4.117860285595156,0.0005798729049547546,10.278698547793844,-0.21497976763630308,0.19209553458148243,0.0005770057954123331,-0.21497976763630308,0.19209553458148243,9.644838899006123,10.209625120591713,0.19151566167652767,-0.21555964054125784,-0.06907342720213094,-0.6338596487877215,False,True,0.23298833775599928,0.46597667551199856,0.23316021924251276,0.4663204384850255
1965,32.75,False,False,58.03091976666211,50.0,12.652467016327137,55.57036695553814,58.250039148148026,48.08834114451477,74.0,8.030919766662109,10.195669877449236,10.297626576223728,9.927232009798917,4.178151047773321,10.025937700055318,4.131195332997997,0.0005798729049547546,10.297626576223728,-0.21520155031885316,0.19217437723185476,0.0005770057954123331,-0.21520155031885316,0.19217437723185476,9.662829176201841,10.22782139310784,0.1915945043269,-0.21578142322380792,-0.06980518311588746,-0.6347974000218866,False,True,0.23316021924251276,0.4663204384850255,0.23333242862107625,0.4666648572421525
1970,32.833333333333336,False,False,57.99036728843761,50.0,12.612364818002916,55.49324581583796,58.17396655738794,48.02054295608807,74.0,7.990367288437611,10.214293334185596,10.316436267527452,9.94532528465484,4.1912254233329165,10.042689609599726,4.144472496301415,0.0005798729049547546,10.316436267527452,-0.21542264243060652,0.1922531357709204,0.0005770057954123331,-0.21542264243060652,0.1922531357709204,9.680706942859551,10.245904448117251,0.19167326286596564,-0.21600251533556128,-0.07053181941020092,-0.635729324667901,False,True,0.23333242862107625,0.4666648572421525,0.23350495119230913,0.46700990238461826
1975,32.916666666666664,False,False,57.950244550059224,50.0,12.57271931120566,55.41669128691193,58.098439049643396,47.9532458887878,74.0,7.9502445500592245,10.232801282614295,10.335129295440439,9.963305695488401,4.204245147879724,10.059380608160597,4.157692495303051,0.0005798729049547546,10.335129295440439,-0.21564304886355884,0.1923318076011358,0.0005770057954123331,-0.21564304886355884,0.1923318076011358,9.698473790351658,10.263875882507932,0.19175193469618104,-0.2162229217685136,-0.07125341293250642,-0.6366555050887808,False,True,0.23350495119230913,0.46700990238461826,0.23367777263740802,0.46735554527481604
1980,33.0,False,False,57.91054382859835,50.0,12.533521886946886,55.340695175129866,58.023448850092244,47.8864426793747,74.0,7.91054382859835,10.251195348842614,10.35370730233104,9.981174836429794,4.217210883924555,10.07601175483479,4.170856037037796,0.0005798729049547546,10.35370730233104,-0.21586277444856694,0.19241039017582207,0.0005770057954123331,-0.21586277444856694,0.19241039017582207,9.71613128022643,10.28173726329087,0.1918305172708673,-0.2164426473535217,-0.07197003904017052,-0.6375760221046107,False,True,0.23367777263740802,0.46735554527481604,0.23385087900824647,0.46770175801649294
1985,33.083333333333336,False,False,57.871257602011724,50.0,12.494764167844096,55.265249444550236,57.94898833122645,47.82012620826834,74.0,7.871257602011724,10.269477128610495,10.3721718998966,9.99893427175865,4.230123282297134,10.0925840709196,4.183963816018645,0.0005798729049547546,10.3721718998966,-0.21608182395609454,0.19248888099851777,0.0005770057954123331,-0.21608182395609454,0.19248888099851777,9.733680944869807,10.299490128262406,0.191909008093563,-0.2166616968610493,-0.07268177163419409,-0.6384909550267928,False,True,0.23385087900824647,0.46770175801649294,0.2340242567177767,0.4680485134355534
1990,33.166666666666664,False,False,57.83237854248997,50.0,12.456438000279618,55.190346213357714,57.87505000959238,47.754289496133474,74.0,7.83237854248997,10.287648187961478,10.390524669841094,10.016585536566106,4.242982982368362,10.109098541355198,4.197016514473439,0.0005798729049547546,10.390524669841094,-0.21630020209696088,0.19256727762232717,0.0005770057954123331,-0.21630020209696088,0.19256727762232717,9.751124288149713,10.317135986649042,0.1919874047173724,-0.21688007500191564,-0.07338868319205183,-0.6394003816913809,False,True,0.2340242567177767,0.4680485134355534,0.234197892530598,0.468395785061196
1995,33.25,False,False,57.79389951006656,50.0,12.418535446869726,55.115977750393434,57.801626542613626,47.68892570056178,74.0,7.793899510066559,10.30571006389601,10.40876716453497,10.034130137399377,4.25579061226862,10.125556116110312,4.210014802577476,0.0005798729049547546,10.40876716453497,-0.21651791352309116,0.19264557764926482,0.0005770057954123331,-0.21651791352309116,0.19264557764926482,9.76846278604345,10.334676319735348,0.19206570474431006,-0.21709778642804592,-0.07409084479962225,-0.6403043784915194,False,True,0.234197892530598,0.468395785061196,0.23437177355380928,0.46874354710761856
2000,33.333333333333336,False,False,57.75581354647497,50.0,12.381048779229971,55.04213647177489,57.7287107254941,47.624028112845714,74.0,7.755813546474968,10.32366426500771,10.426900907657789,10.051569552889399,4.268546789102218,10.141957711513543,4.222959338682116,0.0005798729049547546,10.426900907657789,-0.21673496282826785,0.1927237787295977,0.0005770057954123331,-0.21673496282826785,0.1927237787295977,9.78569788724871,10.352112581475486,0.19214390582464294,-0.2173148357332226,-0.07478832618230236,-0.641203020409078,False,True,0.23437177355380928,0.46874354710761856,0.23454588722800318,0.46909177445600636
2005,33.416666666666664,False,False,57.718113869243645,50.0,12.343970471023766,54.96881493760274,57.65629548819864,47.55959015484147,74.0,7.718113869243645,10.341512272103179,10.44492739482421,10.068905234362099,4.281252119157989,10.158304211532588,4.235850769539375,0.0005798729049547546,10.44492739482421,-0.21695135454888284,0.1928018785611858,0.0005770057954123331,-0.21695135454888284,0.1928018785611858,9.802831013778786,10.369446199088905,0.19222200565623104,-0.2175312274538376,-0.0754811957353052,-0.642096381045425,False,True,0.23454588722800318,0.46909177445600636,0.23472022131857379,0.46944044263714757
2010,33.5,False,False,57.68079386601766,50.0,12.307293191281502,54.89600584875202,57.58437389250906,47.49560537591798,74.0,7.680793866017659,10.35925553880584,10.462848094193898,10.086138606433845,4.293907198116098,10.17459646900358,4.248689730522561,0.0005798729049547546,10.462848094193898,-0.21716709316468807,0.1928798748888217,0.0005770057954123331,-0.21716709316468807,0.1928798748888217,9.819863561542444,10.38667857364074,0.19230000198386693,-0.21774696606964283,-0.07616952055315807,-0.6429845326514538,False,True,0.23472022131857379,0.46944044263714757,0.23489476390715347,0.46978952781430694
2015,33.583333333333336,False,False,57.64384708909761,50.0,12.27100979797838,54.82370204374505,57.5129391291534,47.43206744998933,74.0,7.643847089097612,10.376895492144365,10.48066444706581,10.103271067591592,4.3065126112511125,10.190835306812623,4.261476845843028,0.0005798729049547546,10.48066444706581,-0.21738218309954527,0.19295776550357013,0.0005770057954123331,-0.21738218309954527,0.19295776550357013,9.83679690090901,10.403811080607346,0.19237789259861537,-0.21796205600450003,-0.07685336645846341,-0.6438675461568,False,True,0.23489476390715347,0.46978952781430694,0.23506950338334015,0.4701390067666803
2020,33.666666666666664,False,False,57.60726725018607,50.0,12.235113331859537,54.75189649570369,57.441984515006105,47.36897017262769,74.0,7.607267250186069,10.394433533126131,10.498377868457393,10.120303990758178,4.319068933631381,10.207021519031478,4.274212728763037,0.0005798729049547546,10.498377868457393,-0.21759662872217328,0.19303554824210825,0.0005770057954123331,-0.21759662872217328,0.19303554824210825,9.853632377259041,10.420845070427486,0.1924556753371535,-0.21817650162712804,-0.07753279802990676,-0.6447454911983517,False,True,0.23506950338334015,0.4701390067666803,0.2352444284366003,0.4704888568732006
2025,33.75,False,False,57.571048215332205,50.0,12.199597010501748,54.6805823093785,57.37150349035737,47.30630745825426,74.0,7.571048215332205,10.411871037296201,10.515989747669163,10.137238723843264,4.331576730314757,10.223155872009322,4.286897981804835,0.0005798729049547546,10.515989747669163,-0.2178104343468927,0.19311322098606779,0.0005770057954123331,-0.2178104343468927,0.19311322098606779,9.870371311521138,10.437781869039606,0.19253334808111303,-0.21839030725184747,-0.07820787862955747,-0.645618436148025,False,True,0.2352444284366003,0.4704888568732006,0.23541952804833752,0.47083905609667503
2030,33.833333333333336,False,False,57.53518400006668,50.0,12.16445422260152,54.609752718252814,57.30148961624937,47.24407333740572,74.0,7.535184000066678,10.42920935528226,10.533501448835084,10.154076590280372,4.344036556540749,10.239239105422383,4.299533196955968,0.0005798729049547546,10.533501448835084,-0.21802360423436745,0.19319078166137843,0.0005770057954123331,-0.21802360423436745,0.19319078166137843,9.887015000695236,10.454622778405616,0.19261090875642367,-0.2186034771393222,-0.07887867042946795,-0.6464864481398482,False,True,0.23541952804833752,0.47083905609667503,0.23559479148424503,0.47118958296849006
2035,33.916666666666664,False,False,57.49966876471846,50.0,12.129678522479523,54.53940108171917,57.23193657187764,47.18226195407395,74.0,7.499668764718457,10.446449813325943,10.550914311459202,10.170818889550425,4.356448957919101,10.255271933283186,4.31211895587084,0.0005798729049547546,10.550914311459202,-0.21823614259234184,0.1932682282376138,0.0005770057954123331,-0.21823614259234184,0.1932682282376138,9.903564718362844,10.47136907702159,0.19268835533265904,-0.2188160154972966,-0.07954523443761197,-0.647349593096358,False,True,0.23559479148424503,0.47118958296849006,0.23577020828684075,0.4715404165736815
2040,34.0,False,False,57.4644968099052,50.0,12.095263624792636,54.46952088232643,57.16283815205597,47.12086756311639,74.0,7.464496809905199,10.46359371380093,10.56822965093894,10.187466897692218,4.368814470614901,10.271255044911014,4.32465583006867,0.0005798729049547546,10.56822965093894,-0.21844805357637345,0.19334555872734197,0.0005770057954123331,-0.21844805357637345,0.19334555872734197,9.920021715184571,10.488022020415762,0.1927656858223872,-0.2190279264813282,-0.08020763052317825,-0.6482079357543693,False,True,0.23577020828684075,0.4715404165736815,0.23594576826811278,0.47189153653622556
2045,34.083333333333336,False,False,57.42966257219061,50.0,12.06120339944411,54.40010572309522,57.09418826474254,47.05988452773529,74.0,7.429662572190608,10.480642335718262,10.585448759075444,10.204021867800167,4.38113362153022,10.287189105865211,4.337144381127771,0.0005798729049547546,10.585448759075444,-0.2186593412905612,0.19342277118547746,0.0005770057954123331,-0.2186593412905612,0.19342277118547746,9.936387219385383,10.50458284163423,0.1928428982805227,-0.21923921419551595,-0.08086591744121385,-0.6490615396900612,False,True,0.23594576826811278,0.47189153653622556,0.23612146150246374,0.4722429230049275
2050,34.166666666666664,False,False,57.39516061990159,50.0,12.027491866683889,54.33114932489995,57.02598092862627,46.999307317023245,74.0,7.3951606199015885,10.497596935219184,10.602572904571376,10.220485030509806,4.393406928482378,10.303074758842804,4.349585160876295,0.0005798729049547546,10.602572904571376,-0.21887000978826765,0.1934998637086394,0.0005770057954123331,-0.21887000978826765,0.1934998637086394,9.952662437227868,10.521052751714715,0.19291999080368463,-0.2194498826932224,-0.08152015285666181,-0.6499104673435081,False,True,0.23612146150246374,0.4722429230049275,0.23629727831982683,0.47259455663965366
2055,34.25,False,False,57.36098564909796,50.0,11.99412319239093,54.26264552391551,56.95821027077108,46.939130503573416,74.0,7.360985649097962,10.514458746055947,10.619603333516507,10.236857594471292,4.405634900378839,10.318912624541865,4.361978711579443,0.0005798729049547546,10.619603333516507,-0.21908006307283598,0.19357683443451268,0.0005770057954123331,-0.21908006307283598,0.19357683443451268,9.968848553473956,10.537432940148685,0.19299696152955792,-0.21965993597779074,-0.0821703933678215,-0.6507547800425506,False,True,0.23629727831982683,0.47259455663965366,0.2364732092988911,0.4729464185977822
2060,34.333333333333336,False,False,57.327132479688785,50.0,11.961091683529872,54.1945882691268,56.89087052431702,46.87934876115214,74.0,7.327132479688785,10.531228980060858,10.636541269861466,10.25314074681132,4.417818037388834,10.334703302492025,4.374325566123211,0.0005798729049547546,10.636541269861466,-0.21928950509830064,0.19365368154121523,0.0005770057954123331,-0.21928950509830064,0.19365368154121523,9.984946731835342,10.55372457533227,0.19307380863626047,-0.2198693780032554,-0.08281669452919616,-0.6515945380261243,False,True,0.2364732092988911,0.4729464185977822,0.23664924526056247,0.47329849052112494
2065,34.416666666666664,False,False,57.29359605168934,50.0,11.928391783774643,54.12697161989937,56.82395602623641,46.81995686243231,74.0,7.293596051689342,10.547908827603937,10.653387915879977,10.269335653583806,4.429956831111718,10.350447371853425,4.386626248194709,0.0005798729049547546,10.653387915879977,-0.21949833977009137,0.1937304032466693,0.0005770057954123331,-0.21949833977009137,0.1937304032466693,10.000958115412978,10.569928805006166,0.19315053034171453,-0.22007821267504613,-0.08345911087381097,-0.652429800466999,False,True,0.23664924526056247,0.47329849052112494,0.23682537726162411,0.47365075452324823
2070,34.5,False,False,57.26037142161273,50.0,11.896018069292424,54.05978974360943,56.757461215143636,46.760949676785486,74.0,7.2603714216127315,10.564499458039547,10.670144452619942,10.28544346020957,4.442051764742137,10.366145392185349,4.398881272459109,0.0005798729049547546,10.670144452619942,-0.21970657094573076,0.1938069978079794,0.0005770057954123331,-0.21970657094573076,0.1938069978079794,10.016883827125943,10.586046756684958,0.19322712490302463,-0.22028644385068552,-0.08409769593498417,-0.6532606254939992,False,True,0.23682537726162411,0.47365075452324823,0.23700159658852968,0.47400319317705936
2075,34.583333333333336,False,False,57.227453758990464,50.0,11.863965244680813,53.99303691333162,56.69138062915706,46.702322168130955,74.0,7.227453758990464,10.581002020142227,10.68681204034365,10.301465291905451,4.454103313232045,10.38179790418578,4.411091144733276,0.0005798729049547546,10.68681204034365,-0.21991420243552487,0.1938834635208157,0.0005770057954123331,-0.21991420243552487,0.1938834635208157,10.032724970130005,10.602079538076127,0.19330359061586094,-0.22049407534047963,-0.08473250226752249,-0.6540870702136452,False,True,0.23700159658852968,0.47400319317705936,0.23717789475135553,0.47435578950271107
2080,34.666666666666664,False,False,57.19483834301694,50.0,11.83222813905246,53.92670750558314,56.625708903811855,46.644069392840514,74.0,7.19483834301694,10.597417642532088,10.703391818957408,10.317402254103065,4.4661119434496275,10.397405430402992,4.423256362156122,0.0005798729049547546,10.703391818957408,-0.2201212380032465,0.19395979871880298,0.0005770057954123331,-0.2201212380032465,0.19395979871880298,10.048482628226095,10.618028237488927,0.19337992581384822,-0.22070111090820127,-0.08536358146848144,-0.6549091907313134,False,True,0.23717789475135553,0.47435578950271107,0.23735426347793825,0.4747085269558765
2085,34.75,False,False,57.16252055931308,50.0,11.800801702260557,53.860795998122235,56.560440770022225,46.58618649769649,74.0,7.16252055931308,10.613747434090062,10.719884908430963,10.333255432857511,4.478078114335173,10.412968475920279,4.435377413355731,0.0005798729049547546,10.719884908430963,-0.22032768136681077,0.1940360017729169,0.0005770057954123331,-0.22032768136681077,0.1940360017729169,10.06415786625909,10.633893924233615,0.19345612886796215,-0.22090755427176553,-0.0859909841973483,-0.6557270421718737,False,True,0.23735426347793825,0.4747085269558765,0.23753069470821161,0.47506138941642323
2090,34.833333333333336,False,False,57.13049589680332,50.0,11.769681001259983,53.79529696780019,56.49557105209177,46.5286687179024,74.0,7.130495896803318,10.62999248436325,10.736292409206882,10.349025895246353,4.490002277053937,10.428487529014909,4.447454778613326,0.0005798729049547546,10.736292409206882,-0.22053353619894356,0.19411207109088618,0.0005770057954123331,-0.22053353619894356,0.19411207109088618,10.07975173050704,10.649677649011098,0.19353219818593143,-0.22111340910389832,-0.08661476019578451,-0.6565406786998427,False,True,0.23753069470821161,0.47506138941642323,0.2377071805885657,0.4754143611771314
2095,34.916666666666664,False,False,57.09875994470278,50.0,11.73886121659811,53.73020508846472,56.43109466577071,46.471511375143805,74.0,7.098759944702778,10.646153863960684,10.752615402600291,10.364714689759069,4.501884875146066,10.443963061792276,4.459488930024097,0.0005798729049547546,10.752615402600291,-0.2207388061278419,0.1941880051166011,0.0005770057954123331,-0.2207388061278419,0.1941880051166011,10.095265249061233,10.665380444293417,0.19360813221164633,-0.22131867903279667,-0.08723495830687433,-0.657350153539058,False,True,0.2377071805885657,0.4754143611771314,0.23788371346654882,0.47576742693309765
2100,35.0,False,False,57.127587258853296,50.0,11.708337639030432,53.66551512891407,56.36700661635883,46.414709875698634,74.0,7.127587258853296,10.66223262493972,10.768854951189118,10.380322846677325,4.513726344673617,10.4593955307962,4.471480331654948,0.0005798729049547546,10.768854951189118,-0.22094349473782687,0.19426380232952997,0.0005770057954123331,-0.22094349473782687,0.19426380232952997,10.110699432197244,10.681003324695196,0.1936839294245752,-0.22152336764278163,-0.0878516264939222,-0.6581555189918742,False,True,0.23788371346654882,0.47576742693309765,0.24653293304935203,0.49306586609870406
2105,35.083333333333336,False,False,57.19372103725317,50.0,11.677936135977035,53.599561722667865,56.301533488017476,46.356322265229714,74.0,7.1937210372531695,10.678643118255241,10.785429549437794,10.39585137844622,4.525554133147009,10.474978335034152,4.4834278738460585,0.0005798729049547546,10.785429549437794,-0.22113470551356348,0.19435236130056563,0.0005770057954123331,-0.22113470551356348,0.19435236130056563,10.126481767124703,10.696973781723838,0.19377248839561087,-0.22171457841851824,-0.08845576771395613,-0.6589477823130903,False,True,0.24653293304935203,0.49306586609870406,0.25243316240630786,0.5048663248126157
2110,35.166666666666664,False,False,57.23905169853102,50.0,11.647387917456086,53.53138259708789,56.233637077881454,46.29528643316147,74.0,7.239051698531021,10.695626284918772,10.80258254776796,10.411727774424271,4.537412406072829,10.491015055780519,4.495334913350324,0.0005798729049547546,10.80258254776796,-0.22130685379134304,0.19445926874080993,0.0005770057954123331,-0.22130685379134304,0.19445926874080993,10.142863880763782,10.713543446556404,0.19387939583585517,-0.2218867266962978,-0.08903910121155612,-0.6597186670041779,False,True,0.25243316240630786,0.5048663248126157,0.2504887070397283,0.5009774140794566
2115,35.25,False,False,57.30139954903404,50.0,11.616657081650345,53.46164674501836,56.16415262175378,46.2329592280699,74.0,7.301399549034038,10.713017163004952,10.820147334635003,10.428203663660092,4.549309779146846,10.507545448276867,4.507222330800417,0.0005798729049547546,10.820147334635003,-0.22147823253036059,0.19456623373036208,0.0005770057954123331,-0.22147823253036059,0.19456623373036208,10.15964573331102,10.730512283605849,0.19398636082540732,-0.22205810543531534,-0.0896350510291537,-0.6605016013239826,False,True,0.2504887070397283,0.5009774140794566,0.25368476322079514,0.5073695264415903
2120,35.333333333333336,False,False,57.47452271583431,50.0,11.58576139322976,53.3899559239557,56.09273677982538,46.169161524892154,74.0,7.474522715834311,10.730916691296606,10.838225858209572,10.445079008458436,4.561246210763647,10.524548578950256,4.5191132078004514,0.0005798729049547546,10.838225858209572,-0.221651769274876,0.19467033075622114,0.0005770057954123331,-0.221651769274876,0.19467033075622114,10.176911611803764,10.747964584085857,0.19409045785126638,-0.22223164217983077,-0.09026127412371565,-0.6613142464058086,False,True,0.25368476322079514,0.5073695264415903,0.27020843694599583,0.5404168738919917
2125,35.416666666666664,False,False,57.39666121323998,50.0,11.554358807789527,53.313354803756376,56.01618319326327,46.10024181387075,74.0,7.39666121323998,10.750065979249328,10.85756663904182,10.46243809794481,4.573280320322189,10.542422217895494,4.5310166233010065,0.0005798729049547546,10.85756663904182,-0.22179988525882638,0.19479914060773765,0.0005770057954123331,-0.22179988525882638,0.19479914060773765,10.195439488518055,10.76667832440912,0.1942192677027829,-0.22237975816378114,-0.09088831463269997,-0.6621271505237658,False,True,0.27020843694599583,0.5404168738919917,0.23684194583361753,0.47368389166723507
2130,35.5,False,False,57.453588075614135,50.0,11.522856099190363,53.23890372556827,55.942024121482824,46.034664270386585,74.0,7.453588075614135,10.768701436440312,10.876388450804715,10.481058906463588,4.585351029089876,10.560691773435185,4.542956596924736,0.0005798729049547546,10.876388450804715,-0.22198399236154387,0.19489125342095834,0.0005770057954123331,-0.22198399236154387,0.19489125342095834,10.213407542149655,10.784831687368758,0.19431138051600358,-0.22256386526649863,-0.09155676343595687,-0.6629809086550598,False,True,0.23684194583361753,0.47368389166723507,0.2555464696539858,0.5110929393079716
2135,35.583333333333336,False,False,57.53020062411513,50.0,11.491560204084323,53.162834713339876,55.86652972381727,45.968748125693885,74.0,7.530200624115132,10.787766072546232,10.895643733271694,10.499119614759206,4.5974089830456855,10.578997791406325,4.554953126470507,0.0005798729049547546,10.895643733271694,-0.22218801832714535,0.1949627434592981,0.0005770057954123331,-0.22218801832714535,0.1949627434592981,10.231719163711366,10.803328068036016,0.19438287055434333,-0.2227678912321001,-0.09231566523567736,-0.6639245695603275,False,True,0.2555464696539858,0.5110929393079716,0.259229173420874,0.518458346841748
2140,35.666666666666664,False,False,57.6028628854209,50.0,11.4600609429108,53.08467240372432,55.78860974089156,45.8997694609932,74.0,7.6028628854208975,10.807380947818537,10.915454757296722,10.517523615873692,4.609522804622618,10.597822281827936,4.566971611424888,0.0005798729049547546,10.915454757296722,-0.22236097081401757,0.19506460506411508,0.0005770057954123331,-0.22236097081401757,0.19506460506411508,10.250640434712112,10.822433551939737,0.19448473215916032,-0.22294084371897233,-0.09302120535698499,-0.6648143225846095,False,True,0.259229173420874,0.518458346841748,0.2597625293481142,0.5195250586962284
2145,35.75,False,False,57.659098930537695,50.0,11.42832657753307,53.0046025760022,55.70874865509152,45.82920381501866,74.0,7.659098930537695,10.827501572155064,10.935776587876616,10.536536993325925,4.621700891145882,10.617204027446029,4.579014323081498,0.0005798729049547546,10.935776587876616,-0.22253281588171633,0.1951668741678723,0.0005770057954123331,-0.22253281588171633,0.1951668741678723,10.270055649041378,10.84203243695118,0.19458700126291753,-0.2231126887866711,-0.09374415092543487,-0.6657209388352374,False,True,0.2597625293481142,0.5195250586962284,0.25851267338316913,0.5170253467663383
2150,35.833333333333336,False,False,57.687522270650135,50.0,11.396421392559944,52.9231410278551,55.62753725891227,45.75779121339382,74.0,7.687522270650135,10.84800016945329,10.956480171147822,10.55604404299628,4.633935674082958,10.637067661723117,4.591095585361885,0.0005798729049547546,10.956480171147822,-0.2227105318032819,0.1952625744818805,0.0005770057954123331,-0.2227105318032819,0.1952625744818805,10.289822720779377,10.86198264109456,0.19468270157692574,-0.22329040470823666,-0.09449753005326222,-0.6666574503684455,False,True,0.25851267338316913,0.5170253467663383,0.25552502724411197,0.5110500544882239
2155,35.916666666666664,False,False,57.67786093689492,50.0,11.364470163343285,52.84109081758688,55.54582124951117,45.68638641509788,74.0,7.677860936894923,10.86867585264029,10.977362611166694,10.575902680936968,4.6462087421860465,10.657263994868059,4.603224618518585,0.0005798729049547546,10.977362611166694,-0.2228984429199531,0.1953473836416424,0.0005770057954123331,-0.2228984429199531,0.1953473836416424,10.309736754746346,10.882079273096705,0.19476751073668763,-0.22347831582490785,-0.09528333806998823,-0.6676258564203472,False,True,0.25552502724411197,0.5110500544882239,0.25085720596053424,0.5017144119210685
2160,36.0,False,False,57.62248015642199,50.0,11.332649960524748,52.7595009612288,55.464685218682206,45.6160143956112,74.0,7.622480156421993,10.889264505867539,10.998157150926215,10.595908013921527,4.658491634340586,10.67757824609032,4.615401712855612,0.0005798729049547546,10.998157150926215,-0.22310015416546639,0.19541769868261114,0.0005770057954123331,-0.22310015416546639,0.19541769868261114,10.329533542713728,10.90205812859862,0.19483782577765638,-0.22368002707042114,-0.0960990223275946,-0.6686236082124868,False,True,0.25085720596053424,0.5017144119210685,0.2447897949687697,0.4895795899375394
2165,36.083333333333336,False,False,57.517971040327005,50.0,11.301178255226247,52.67958598168492,55.38537038228452,45.54779132477212,74.0,7.517971040327005,10.90945867422709,11.01855326096936,10.615795835656174,4.670747350676114,10.697743054293534,4.627617697870984,0.0005798729049547546,11.01855326096936,-0.22331824698954342,0.19547094011675908,0.0005770057954123331,-0.22331824698954342,0.19547094011675908,10.348909306210903,10.921615432962577,0.19489106721180433,-0.22389811989449818,-0.09693782800678363,-0.6696439547584578,False,True,0.2447897949687697,0.4895795899375394,0.23784881051466944,0.4756976210293389
2170,36.166666666666664,False,False,57.36629428886878,50.0,11.270293622674458,52.6026062936899,55.3091496940615,45.48280167440542,74.0,7.3662942888687795,10.928937595961456,11.03822697192107,10.63526236958674,4.682933285545985,10.717461070230394,4.639854194528512,0.0005798729049547546,11.03822697192107,-0.2235537206063741,0.19550611068415033,0.0005770057954123331,-0.2235537206063741,0.19550611068415033,10.367551063785335,10.940438208532626,0.19492623777919557,-0.22413359351132886,-0.09778876338844356,-0.6706759081357347,False,True,0.23784881051466944,0.4756976210293389,0.23075699218093715,0.4615139843618743
2175,36.25,False,False,57.17513825892051,50.0,11.240230473039745,52.529723099636186,55.237178322634065,45.42195984092237,74.0,7.175138258920512,10.947404018004772,11.05687805818482,10.65399463615898,4.695005436415823,10.736435748548672,4.652084589045765,0.0005798729049547546,11.05687805818482,-0.22380555820304016,0.1955242291445726,0.0005770057954123331,-0.22380555820304016,0.1955242291445726,10.385173312814862,10.958240956447222,0.19494435623961784,-0.22438543110799491,-0.09863710173759799,-0.6717047453699578,False,True,0.23075699218093715,0.4615139843618743,0.2243334716155793,0.4486669432311586
2180,36.333333333333336,False,False,56.95730425819556,50.0,11.211191253697308,52.46184985920529,55.170343177256576,45.36588130699704,74.0,6.957304258195563,10.964622226974042,11.074268449243782,10.671707134631042,4.706923360114886,10.754406301726926,4.664275976817924,0.0005798729049547546,11.074268449243782,-0.2240705761667522,0.1955284810503538,0.0005770057954123331,-0.2240705761667522,0.1955284810503538,10.40155523787552,10.97480286500743,0.19494860814539905,-0.22465044907170695,-0.0994655842363521,-0.6727132113682615,False,True,0.2243334716155793,0.4486669432311586,0.2193604354617415,0.438720870923483
2185,36.416666666666664,False,False,56.72914063327794,50.0,11.183320613959367,52.39952627567206,55.10913832620988,45.31478823609705,74.0,6.729140633277943,10.980450640401058,11.090255146805069,10.688179051441475,4.718655102581617,10.7711811904903,4.676392116579174,0.0005798729049547546,11.090255146805069,-0.22434364028314993,0.19552400254811544,0.0005770057954123331,-0.22434364028314993,0.19552400254811544,10.416571794009547,10.989998892945254,0.19494412964316069,-0.2249235131881047,-0.10025625385981485,-0.6736833527955213,False,True,0.2193604354617415,0.438720870923483,0.21644445984292257,0.43288891968584514
2190,36.5,False,False,56.531041567119175,50.0,11.156686115802685,52.34283895157357,55.05359064903786,45.26846951699773,74.0,6.531041567119175,10.994862674511591,11.104811301256706,10.7032853434774,4.730181240373568,10.786664111150113,4.688397149156093,0.0005798729049547546,11.104811301256706,-0.22461825355750084,0.19551729255762684,0.0005770057954123331,-0.22461825355750084,0.19551729255762684,10.430212559205986,11.003818621904617,0.19493741965267208,-0.2251981264624556,-0.100992679352089,-0.6745987420507209,False,True,0.21644445984292257,0.43288891968584514,0.2191046744268509,0.4382093488537018
2195,36.583333333333336,False,False,56.479474612952544,50.0,11.131211570499602,52.290792083507064,55.00259643447,45.22559260632254,74.0,6.479474612952544,11.008107620225593,11.118188696427849,10.717015590555302,4.741507482531964,10.800940288922003,4.700259003365151,0.0005798729049547546,11.118188696427849,-0.22488255973315258,0.19552020925340421,0.0005770057954123331,-0.22488255973315258,0.19552020925340421,10.442745390217317,11.0165299122583,0.19494033634844946,-0.22546243263810734,-0.10165878416954932,-0.6754433062105321,False,True,0.2191046744268509,0.4382093488537018,0.2383811638896414,0.4767623277792828
2200,36.666666666666664,False,False,56.44958304745724,50.0,11.106431185934625,52.23930145550536,54.95177841333223,45.18141990900511,74.0,6.449583047457239,11.02122300838812,11.131435238472001,10.729637651237809,4.752709874173808,10.81459177764426,4.7119525022304325,0.0005798729049547546,11.131435238472001,-0.2251046797635068,0.19556463359278842,0.0005770057954123331,-0.2251046797635068,0.19556463359278842,10.455244718075493,11.029207198624341,0.19498476068783366,-0.22568455266846155,-0.1022280398476596,-0.6761905203965082,False,True,0.2383811638896414,0.4767623277792828,0.24135908791277516,0.4827181758255503
2205,36.75,False,False,56.422984710703375,50.0,11.081919764958414,52.187797461638404,54.900575405489114,45.13575696631165,74.0,6.422984710703375,11.034353776663215,11.144697314429846,10.742225958349916,4.763861543533368,10.828153548214997,4.7234798099153625,0.0005798729049547546,11.144697314429846,-0.22529218658818775,0.19564299453982678,0.0005770057954123331,-0.22529218658818775,0.19564299453982678,10.467848667616868,11.041988609391288,0.19506312163487202,-0.2258720594931425,-0.10270870503855889,-0.676848646812978,False,True,0.24135908791277516,0.4827181758255503,0.24193702986510304,0.4838740597302061
2210,36.833333333333336,False,False,56.39711874555998,50.0,11.05761368924854,52.13622464709416,54.849247013790055,45.089882658408875,74.0,6.397118745559979,11.047514132199076,11.157989273521068,10.754918638504078,4.774973603505639,10.841702602636907,4.734881159606807,0.0005798729049547546,11.157989273521068,-0.22547541292884235,0.19572496126952305,0.0005770057954123331,-0.22547541292884235,0.19572496126952305,10.480493520160095,11.05481042939644,0.1951450883645683,-0.2260552858337971,-0.10317884412462774,-0.6774957533609722,False,True,0.24193702986510304,0.4838740597302061,0.2421816765418356,0.4843633530836712
2215,36.916666666666664,False,False,56.3715847000537,50.0,11.033501930810601,52.08459673197422,54.7978554353212,45.04398911040229,74.0,6.3715847000537025,11.060700658011857,11.171307664591977,10.767651974778268,4.7860480929820675,10.855249078043876,4.746192623641853,0.0005798729049547546,11.171307664591977,-0.22565837814326375,0.19580651631376264,0.0005770057954123331,-0.22565837814326375,0.19580651631376264,10.49316404447421,11.067657430894249,0.19522664340880788,-0.2262382510482185,-0.10365023369772786,-0.6781436201177673,False,True,0.2421816765418356,0.4843633530836712,0.2423748166673851,0.4847496333347702
2220,37.0,False,False,56.346297966870324,50.0,11.00958086771277,52.032936052022066,54.74642924960227,44.99811703216505,74.0,6.346297966870324,11.073907721046192,11.184646798256654,10.780410737684228,4.797085761324516,10.868793727300824,4.757436198838093,0.0005798729049547546,11.184646798256654,-0.22584157592987258,0.19588716785688012,0.0005770057954123331,-0.22584157592987258,0.19588716785688012,10.505853259139903,11.080522635917932,0.19530729495192536,-0.22642144883482734,-0.10412416233872257,-0.6787935391167519,False,True,0.2423748166673851,0.4847496333347702,0.242557436795044,0.485114873590088
2225,37.083333333333336,False,False,56.32123051779483,50.0,10.985848086495253,51.981264872542326,54.69499116344311,44.95228564692114,74.0,6.321230517794831,11.087129685514403,11.198000982369548,10.793187947528917,4.808087140038018,10.882335836565025,4.768623945017214,0.0005798729049547546,11.198000982369548,-0.22602502543913397,0.19596689862429026,0.0005770057954123331,-0.22602502543913397,0.19596689862429026,10.518555611212802,11.093400494943058,0.1953870257193355,-0.22660489834408873,-0.10460048742648986,-0.6794453711567456,False,True,0.242557436795044,0.485114873590088,0.24273677973491634,0.48547355946983267
2230,37.166666666666664,False,False,56.29636897886826,50.0,10.962301452632104,51.929603987089045,54.643561605680894,44.9065099515588,74.0,6.296368978868259,11.100361271857954,11.211364884576534,10.80597805307793,4.819052703903578,10.895874415165393,4.779762496601767,0.0005798729049547546,11.211364884576534,-0.22620867913092793,0.19604575802516436,0.0005770057954123331,-0.22620867913092793,0.19604575802516436,10.53126609308013,11.106286003744541,0.1954658851202096,-0.2267885520358827,-0.1050788808319929,-0.6800987914964036,False,True,0.24273677973491634,0.48547355946983267,0.24291467800998295,0.4858293560199659
2235,37.25,False,False,56.27170538970661,50.0,10.938938933406988,51.87797248611033,54.59215920377629,44.86080315972725,74.0,6.271705389706611,11.11359761766296,11.22473359383959,10.818776048412335,4.829982901883057,10.90940842101434,4.7908557495015165,0.0005798729049547546,11.22473359383959,-0.22639248127993858,0.19612380364708812,0.0005770057954123331,-0.22639248127993858,0.19612380364708812,10.54398012664795,11.119174587584194,0.19554393074213336,-0.22697235418489334,-0.10555900625539572,-0.6807534671916393,False,True,0.24291467800998295,0.4858293560199659,0.2430917899309871,0.4861835798619742
2240,37.333333333333336,False,False,56.24723424049341,50.0,10.915758548749238,51.826387774025406,54.54080091493305,44.81517715428458,74.0,6.2472342404934125,11.126834275164155,11.238102617915796,10.831577357116071,4.840878165954554,10.922936821701766,4.801906226235257,0.0005798729049547546,11.238102617915796,-0.22657637777333714,0.19620109145842393,0.0005770057954123331,-0.22657637777333714,0.19620109145842393,10.55669353254721,11.1320620704171,0.19562121855346917,-0.2271562506782919,-0.10604054749869718,-0.6814090853685855,False,True,0.2430917899309871,0.4861835798619742,0.24326840320469859,0.48653680640939717
2245,37.416666666666664,False,False,56.2229512643744,50.0,10.892758352673297,51.77486565731551,54.48950213662406,44.76964265214899,74.0,6.222951264374402,11.140067190508786,11.251467862413874,10.844377801482155,4.8517389147013334,10.936458616315083,4.812915733696937,0.0005798729049547546,11.251467862413874,-0.22676031817897846,0.19627767374016086,0.0005770057954123331,-0.22676031817897846,0.19627767374016086,10.569402504313983,11.144944649072134,0.1956978008352061,-0.22734019108393322,-0.10652321334173998,-0.6820653580998908,False,True,0.24326840320469859,0.48653680640939717,0.2434446564538213,0.4868893129076426
2250,37.5,False,False,56.198852889082985,50.0,10.869936425148836,51.72342045438136,54.43827682061045,44.724209314859905,74.0,6.1988528890829855,11.153292677322918,11.264825604096147,10.857173576693057,4.862565555110654,10.949972843899712,4.823885678032115,0.0005798729049547546,11.264825604096147,-0.22694425618316635,0.1963535986481928,0.0005770057954123331,-0.22694425618316635,0.1963535986481928,10.582103581593373,11.157818866456216,0.19577372574323804,-0.2275241290881211,-0.10700673763993152,-0.6827220225027748,False,True,0.2434446564538213,0.4868893129076426,0.24362062161420903,0.48724124322841805
2255,37.583333333333336,False,False,56.174935971756454,50.0,10.847290868311475,51.67206510921261,54.3871375856771,44.67888584105732,74.0,6.1749359717564545,11.166507389161072,11.278172463052684,10.869961224024795,4.873358483617634,10.963478586384152,4.8348172190655125,0.0005798729049547546,11.278172463052684,-0.22712814954521054,0.1964289102588066,0.0005770057954123331,-0.22712814954521054,0.1964289102588066,10.594793623543815,11.170681584958881,0.19584903735385184,-0.2277080224501653,-0.10749087809380242,-0.6833788395088689,False,True,0.24362062161420903,0.48724124322841805,0.24379633908667436,0.4875926781733487
2260,37.666666666666664,False,False,56.15119766205184,50.0,10.824819804638935,51.62081130166274,54.336095825262724,44.633680048654625,74.0,6.1511976620518425,11.179708292685413,11.291505375612267,10.882737604251348,4.8841180867973195,10.976974969026848,4.845711350066703,0.0005798729049547546,11.291505375612267,-0.22731195988080638,0.19650364878534568,0.0005770057954123331,-0.22731195988080638,0.19650364878534568,10.607469783389467,11.183529961004986,0.19592377588039092,-0.22789183278576114,-0.10797541460728155,-0.6840355922228003,False,True,0.24379633908667436,0.4875926781733487,0.24397183352584642,0.48794366705169284
2265,37.75,False,False,56.10319994210026,50.0,10.802521376058266,51.569669551518345,54.28516180835986,44.588598949351464,74.0,6.103199942100261,11.192892642301612,11.304821568724627,10.895499872197227,4.894844741880629,10.99046115971728,4.856568942257585,0.0005798729049547546,11.304821568724627,-0.22749565238793712,0.19657785085235072,0.0005770057954123331,-0.22749565238793712,0.19657785085235072,10.62012948452886,11.196361421163664,0.19599797794739596,-0.22807552529289188,-0.10846014756096345,-0.6846920841957669,False,True,0.24397183352584642,0.48794366705169284,0.24071254475032874,0.4814250895006575
2270,37.833333333333336,False,False,56.23741879997377,50.0,10.780451301698221,51.51929832089096,54.23503951555406,44.54440116437288,74.0,6.237418799973767,11.205890409206456,11.31794931329852,10.908245452846263,4.905527864508788,11.003858148139471,4.867391406832433,0.0005798729049547546,11.31794931329852,-0.22768442488743626,0.1966463204550399,0.0005770057954123331,-0.22768442488743626,0.1966463204550399,10.632597509308848,11.209000750922552,0.19606644755008515,-0.22826429779239102,-0.10894856237596784,-0.685351803989672,False,True,0.24071254475032874,0.4814250895006575,0.26626464489616364,0.5325292897923273
2275,37.916666666666664,False,False,56.3157921077957,50.0,10.758235677647733,51.46485191517608,54.18054560867862,44.49544337967504,74.0,6.315792107795701,11.219953234638863,11.332152766985253,10.9207991301157,4.916238406626004,11.017673073873501,4.878173146051951,0.0005798729049547546,11.332152766985253,-0.22783834370978176,0.19674899307255686,0.0005770057954123331,-0.22783834370978176,0.19674899307255686,10.646164365786174,11.222738461449685,0.1961691201676021,-0.22841821661473652,-0.10941430553556764,-0.6859884011990793,False,True,0.26626464489616364,0.5325292897923273,0.2599223634520408,0.5198447269040816
2280,38.0,False,False,56.3189042652154,50.0,10.735595110323928,51.40797804744214,54.123353265245335,44.44359198379879,74.0,6.3189042652154015,11.234658074853085,11.347004655601616,10.934451413617928,4.927033202935691,11.03228616762277,4.888920839621712,0.0005798729049547546,11.347004655601616,-0.22797142109366897,0.1968718582694385,0.0005770057954123331,-0.22797142109366897,0.1968718582694385,10.660415829178227,11.237160331044489,0.19629198536448375,-0.22855129399862373,-0.10984432455712678,-0.6865888264233888,False,True,0.2599223634520408,0.5198447269040816,0.2503776819322633,0.5007553638645266
2285,38.083333333333336,False,False,56.38585004162858,50.0,10.712843379714101,51.350770034592294,54.06609825806278,44.39278393176138,74.0,6.385850041628579,11.24946486036255,11.361959508966176,10.948788080111358,4.937856119368623,11.047266379052552,4.899680785244098,0.0005798729049547546,11.361959508966176,-0.22813498849346459,0.19696358638820302,0.0005770057954123331,-0.22813498849346459,0.19696358638820302,10.674696090040895,11.251610553315976,0.19638371348324826,-0.22871486139841934,-0.11034895565020086,-0.6872634189252818,False,True,0.2503776819322633,0.5007553638645266,0.25973994511630794,0.5194798902326159
2290,38.166666666666664,False,False,56.46069313533003,50.0,10.69000813335478,51.29155895761217,54.00688220399629,44.34046658075174,74.0,6.4606931353300325,11.264806573346355,11.377454639079819,10.963153321678435,4.948703624205109,11.062575320215542,4.910468743870923,0.0005798729049547546,11.377454639079819,-0.22830027143812914,0.1970529536904669,0.0005770057954123331,-0.22830027143812914,0.1970529536904669,10.68947939525967,11.266563378174093,0.19647308078551215,-0.2288801443430839,-0.11089126090572599,-0.6879752438201479,False,True,0.25973994511630794,0.5194798902326159,0.2617900471501041,0.5235800943002082
2295,38.25,False,False,56.51756838407803,50.0,10.666932254144712,51.23021669509334,53.945387116521914,44.28587587855021,74.0,6.517568384078032,11.28071823582797,11.39352541818625,10.978021386716883,4.9596084784882,11.078430299787813,4.921277176144574,0.0005798729049547546,11.39352541818625,-0.22845257216402753,0.1971546597241745,0.0005770057954123331,-0.22845257216402753,0.1971546597241745,10.704846714589767,11.28209977837014,0.19657478681921975,-0.2290324450689823,-0.11142563981610998,-0.6886787035964836,False,True,0.2617900471501041,0.5235800943002082,0.26027649141269077,0.5205529828253815
2300,38.333333333333336,False,False,56.53298338276899,50.0,10.64364733295642,51.167299813461895,53.88233751798816,44.23020528689399,74.0,6.53298338276899,11.297057185784226,11.410027757642068,10.993473246479954,4.970567671171606,11.094787650522647,4.932114754104868,0.0005798729049547546,11.410027757642068,-0.22860925895695847,0.19725133798160835,0.0005770057954123331,-0.22860925895695847,0.19725133798160835,10.720618487993685,11.29804019683461,0.1966714650766536,-0.22918913186191323,-0.11198756080745831,-0.6894092696483831,False,True,0.26027649141269077,0.5205529828253815,0.2553104124385435,0.510620824877087
2305,38.416666666666664,False,False,56.48846633199089,50.0,10.620295113406513,51.10395987152997,53.81898205908943,44.174805361164665,74.0,6.488466331990892,11.313525354898555,11.426660608447541,11.009329342414148,4.98155608666964,11.111448823772246,4.94299240024354,0.0005798729049547546,11.426660608447541,-0.22877982538118996,0.19733349667039193,0.0005770057954123331,-0.22877982538118996,0.19733349667039193,10.736483147987572,11.314073069023818,0.19675362376543717,-0.22935969828614472,-0.11258753942372302,-0.6901774604599691,False,True,0.2553104124385435,0.510620824877087,0.24739407379110404,0.49478814758220807
2310,38.5,False,False,56.377581691046885,50.0,10.597107083031446,51.041788433009415,53.756990924423675,44.12129687987135,74.0,6.377581691046885,11.329708678636486,11.44300576542285,11.025278108505695,4.99252940337337,11.12808657222097,4.95391165494842,0.0005798729049547546,11.44300576542285,-0.22897163815513374,0.1973937708378543,0.0005770057954123331,-0.22897163815513374,0.1973937708378543,10.752022127992358,11.329779831271328,0.19681389793289955,-0.2295515110600885,-0.11322593415152227,-0.6909836374304916,False,True,0.24739407379110404,0.49478814758220807,0.238057743388415,0.47611548677683
2315,38.583333333333336,False,False,56.210564771296404,50.0,10.574363226247016,50.9824848981929,53.69810677025466,44.07121940150144,74.0,6.210564771296404,11.345163057237636,11.458614687810012,11.040900979631843,5.003431382253614,11.144301325660951,4.964859531902886,0.0005798729049547546,11.458614687810012,-0.2291880258666737,0.19742883365573924,0.0005770057954123331,-0.2291880258666737,0.19742883365573924,10.766796974770111,11.344722033224551,0.19684896075078448,-0.22976789877162845,-0.11389265458546127,-0.6918177130399012,False,True,0.238057743388415,0.47611548677683,0.22958574624243105,0.4591714924848621
2320,38.666666666666664,False,False,55.999036017132795,50.0,10.55232677892505,50.92741707615003,53.64368351565625,44.02558468306557,74.0,5.999036017132795,11.359529041250712,11.473124331663218,11.055759503997331,5.014206486341454,11.159713242755455,4.97580773080003,0.0005798729049547546,11.473124331663218,-0.22942624037007778,0.19744143502333103,0.0005770057954123331,-0.22942624037007778,0.19744143502333103,10.780465285807425,11.358557275228424,0.19686156211837627,-0.23000611327503254,-0.11456705643479381,-0.6926590458557929,False,True,0.22958574624243105,0.4591714924848621,0.2222571342604925,0.444514268520985
2325,38.75,False,False,55.86180561959543,50.0,10.531205646553019,50.87760091725759,53.594687254523,43.98497575609128,74.0,5.86180561959543,11.372537822031958,11.486263200252278,11.069511280517926,5.024807939948003,11.174018139233832,4.986716782176585,0.0005798729049547546,11.486263200252278,-0.22968028653457215,0.19743757181891694,0.0005770057954123331,-0.22968028653457215,0.19743757181891694,10.7927811441364,11.371039643146652,0.19685769891396218,-0.2302601594395269,-0.11522355710562593,-0.6934820561158777,False,True,0.2222571342604925,0.444514268520985,0.23123511277921582,0.46247022555843165
2330,38.833333333333336,False,False,55.824313251297426,50.0,10.51091350904872,50.83090595188459,53.548734412722354,43.946455782239916,74.0,5.824313251297426,11.384742658479121,11.498590085063913,11.081910393641525,5.035246600230264,11.187333447797954,4.997540566657217,0.0005798729049547546,11.498590085063913,-0.22992142360356477,0.19744598654060094,0.0005770057954123331,-0.22992142360356477,0.19744598654060094,10.804341094207324,11.382765684234634,0.19686611363564618,-0.23050129650851953,-0.11582440082927903,-0.6942489908565896,False,True,0.23123511277921582,0.46247022555843165,0.2444167455202281,0.4888334910404562
2335,38.916666666666664,False,False,55.80069902323309,50.0,10.491053684534776,50.78462249307168,53.502822947467386,43.906640839200534,74.0,5.8006990232330935,11.396850580295734,11.51081908609869,11.093553389220979,5.045597598039204,11.200226148802994,5.008241049572044,0.0005798729049547546,11.51081908609869,-0.23012251390063157,0.19749381860035267,0.0005770057954123331,-0.23012251390063157,0.19749381860035267,10.815899455248356,11.39448972049943,0.1969139456953979,-0.23070238680558633,-0.11632936559925966,-0.6949196308503343,False,True,0.2444167455202281,0.4888334910404562,0.24638147928636187,0.49276295857272373
2340,39.0,False,False,55.77920305777954,50.0,10.471374141630662,50.7383930123471,53.45671695075167,43.8659040907426,74.0,5.77920305777954,11.408954989534667,11.523044539430014,11.105194587873893,5.055910340982865,11.213057348561106,5.01881947667191,0.0005798729049547546,11.523044539430014,-0.23030013936662647,0.1975644877869345,0.0005770057954123331,-0.23030013936662647,0.1975644877869345,10.82751568938678,11.406271216821251,0.19698461488197974,-0.23088001227158123,-0.11677332260876305,-0.6955288500432335,False,True,0.24638147928636187,0.49276295857272373,0.24681067842045176,0.4936213568409035
2345,39.083333333333336,False,False,55.75818711680046,50.0,10.451839060095878,50.69218045586467,53.41059037226766,43.82508626364628,74.0,5.758187116800457,11.421065595207285,11.535276251159358,11.116893453104016,5.066191967124221,11.225876164814892,5.0293062832820405,0.0005798729049547546,11.535276251159358,-0.23047482485472912,0.19763747097088752,0.0005770057954123331,-0.23047482485472912,0.19763747097088752,10.839146060477386,11.418066439782121,0.19705759806593276,-0.23105469775968387,-0.1172098113772364,-0.6961301906819717,False,True,0.24681067842045176,0.4936213568409035,0.24702650191197567,0.49405300382395134
2350,39.166666666666664,False,False,55.73739565718073,50.0,10.432442166117156,50.645991071018685,53.36448001761441,43.78430453880079,74.0,5.737395657180727,11.433180777786854,11.547512585564723,11.128606250129753,5.076443808572286,11.238688942664778,5.0397276768444454,0.0005798729049547546,11.547512585564723,-0.23064913534221507,0.19771020489279761,0.0005770057954123331,-0.23064913534221507,0.19771020489279761,10.850781317200614,11.429866140764233,0.19713033198784286,-0.23122900824716983,-0.11764644480049036,-0.6967312683641094,False,True,0.24702650191197567,0.49405300382395134,0.2472093062949305,0.494418612589861
2355,39.25,False,False,55.71677539739781,50.0,10.41318134450448,50.59983665255779,53.31840171190706,43.74358270361638,74.0,5.716775397397811,11.445297455018425,11.55975042956861,11.140323728982423,5.086666371878302,11.251496029443429,5.050099270973862,0.0005798729049547546,11.55975042956861,-0.23082339454694942,0.19778236754683529,0.0005770057954123331,-0.23082339454694942,0.19778236754683529,10.862417479841795,11.441666342729485,0.19720249464188053,-0.23140326745190418,-0.11808408683912397,-0.6973329497268139,False,True,0.2472093062949305,0.494418612589861,0.24738534705058549,0.49477069410117097
2360,39.333333333333336,False,False,55.69630911772147,50.0,10.394055153523354,50.553729110823724,53.27236775861332,43.702931320727934,74.0,5.696309117721469,11.457412503313662,11.5719866283468,11.15204191128564,5.096860024023755,11.264296842320192,5.060429451116122,0.0005798729049547546,11.5719866283468,-0.23099762190925505,0.19785394119892222,0.0005770057954123331,-0.23099762190925505,0.19785394119892222,10.874051446645963,11.45346394657451,0.19727406829396746,-0.2315774948142098,-0.11852268177228886,-0.6979351817008368,False,True,0.24738534705058549,0.49477069410117097,0.24755924682167346,0.4951184936433469
2365,39.416666666666664,False,False,55.67598881094102,50.0,10.375062302311605,50.507679587816966,53.22638917891972,43.66235842917492,74.0,5.675988810941021,11.469522990127304,11.584218220028577,11.163757696610237,5.107025095579197,11.277090629585231,5.0707227224220786,0.0005798729049547546,11.584218220028577,-0.23117179358268392,0.19792495139599306,0.0005770057954123331,-0.23117179358268392,0.19792495139599306,10.885680430599562,11.465256167912639,0.1973450784910383,-0.23175166648763867,-0.11896205211593802,-0.6985377894290146,False,True,0.24755924682167346,0.4951184936433469,0.24773216199292672,0.49546432398585344
2370,39.5,False,False,55.655809807920235,50.0,10.35620155211356,50.461698303815076,53.18047600177815,43.621871057193985,74.0,5.655809807920235,11.481626215191746,11.596442477343663,11.1754682992561,5.11716190038819,11.289876613781866,5.080981660041414,0.0005798729049547546,11.596442477343663,-0.23134587998443562,0.1979954294156106,0.0005770057954123331,-0.23134587998443562,0.1979954294156106,10.897301887198473,11.477040464842151,0.19741555651065584,-0.23192575288939038,-0.11940201250151183,-0.6991405901451895,False,True,0.24773216199292672,0.49546432398585344,0.24790450162748082,0.49580900325496163
2375,39.583333333333336,False,False,55.68971907435334,50.0,10.33747168942081,50.415794558724464,53.13463733712998,43.58147549684413,74.0,5.6897190743533415,11.493719711193371,11.608656908305305,11.187171176020312,5.127270741132633,11.302654029768524,5.091207888787118,0.0005798729049547546,11.608656908305305,-0.2315198521047846,0.1980654059565711,0.0005770057954123331,-0.2315198521047846,0.1980654059565711,10.908913496831065,11.488814520329605,0.19748553305161634,-0.23209972500973935,-0.1198423879756998,-0.6997434114742394,False,True,0.24790450162748082,0.49580900325496163,0.2556595408068513,0.5113190816137027
2380,39.666666666666664,False,False,55.80319464327779,50.0,10.318756718680646,50.36857452746103,53.0873763246059,43.53955757663812,74.0,5.803194643277791,11.506171155468994,11.621232867023684,11.198864008580335,5.137376093635393,11.315594836631098,5.101401149127878,0.0005798729049547546,11.621232867023684,-0.23168213718434005,0.19814645546167714,0.0005770057954123331,-0.23168213718434005,0.19814645546167714,10.920894866899328,11.50095794433116,0.19756658255672238,-0.2322620100892948,-0.12027492269252349,-0.700338000124356,False,True,0.2556595408068513,0.5113190816137027,0.267460518763555,0.53492103752711
2385,39.75,False,False,55.946331776345104,50.0,10.299777857925832,50.31803442465273,53.03652990193717,43.493848403065954,74.0,5.9463317763451045,11.519510656126252,11.634705762687515,11.210926405615243,5.147538144463652,11.329117834502881,5.111563721551338,0.0005798729049547546,11.634705762687515,-0.23181780217675246,0.19825351265506325,0.0005770057954123331,-0.23181780217675246,0.19825351265506325,10.933795949684335,11.514020691658319,0.1976736397501085,-0.23239767508170722,-0.12068507102919668,-0.7009098130031806,False,True,0.267460518763555,0.53492103752711,0.2729344249386249,0.5458688498772498
2390,39.833333333333336,False,False,56.168249767370945,50.0,10.280316271373948,50.26353828263678,52.98150894943693,43.4441333801549,74.0,6.168249767370945,11.533908939476902,11.649248028871671,11.223908320671327,5.15780705256183,11.343554258937303,5.12171633944587,0.0005798729049547546,11.649248028871671,-0.23193463082423488,0.19837879546670617,0.0005770057954123331,-0.23193463082423488,0.19837879546670617,10.947768825584063,11.528154845215951,0.1977989225617514,-0.23251450372918964,-0.12109318365572008,-0.701479203287608,False,True,0.2729344249386249,0.5458688498772498,0.285574475474494,0.571148950948988
2395,39.916666666666664,False,False,56.48429050615449,50.0,10.260158390291977,50.20319733020077,52.92043858893578,43.38889705505159,74.0,6.484290506154487,11.549869237963211,11.665367930342843,11.237961835400007,5.1682337663658,11.359231323588146,5.131894800075409,0.0005798729049547546,11.665367930342843,-0.23203295034008434,0.19852197834993493,0.0005770057954123331,-0.23203295034008434,0.19852197834993493,10.963293380146458,11.543840293035597,0.19794210544498017,-0.2326128232450391,-0.12152763730724558,-0.7020745501963841,False,True,0.285574475474494,0.571148950948988,0.3010578711622746,0.6021157423245492
2400,40.0,False,False,56.88785606796268,50.0,10.23896462490336,50.134794314248,52.85097214991081,43.325846495836814,74.0,6.88785606796268,11.567984643687444,11.683664490124318,11.253566836591027,5.178898631291306,11.376673194901828,5.142136178357749,0.0005798729049547546,11.683664490124318,-0.23210128609004213,0.19869453760010214,0.0005770057954123331,-0.23210128609004213,0.19869453760010214,10.980972057381011,11.561679481587278,0.19811466469514738,-0.2326811589949969,-0.12198500853703997,-0.7026924327433068,False,True,0.3010578711622746,0.6021157423245492,0.31643750680080607,0.6328750136016121
2405,40.083333333333336,False,False,57.3366411896843,50.0,10.216388643296497,50.05636429532721,52.771127803123655,43.25339982004032,74.0,7.3366411896843005,11.58878531902253,11.704673172212756,11.271325769484145,5.189887123358567,11.39642203313687,5.152489418580182,0.0005798729049547546,11.704673172212756,-0.23214031279048297,0.1988958001564249,0.0005770057954123331,-0.23214031279048297,0.1988958001564249,11.001317951725577,11.58218550774653,0.19831592725147015,-0.23272018569543773,-0.12248766446622561,-0.7033552204871789,False,True,0.31643750680080607,0.6328750136016121,0.3266430191124191,0.6532860382248382
2410,40.166666666666664,False,False,57.615628655469216,50.0,10.19219704889936,49.96710650551102,52.680201049231194,43.17141272472379,74.0,7.615628655469216,11.612496566945293,11.728621532614746,11.291751729736053,5.201264170174426,11.418855126509856,5.163017828549273,0.0005798729049547546,11.728621532614746,-0.23216240704957924,0.19911339106085127,0.0005770057954123331,-0.23216240704957924,0.19911339106085127,11.024522058802615,11.605549369550891,0.1985335181558965,-0.232742279954534,-0.12307216306385449,-0.7040994738121302,False,True,0.3266430191124191,0.6532860382248382,0.30703902063563526,0.6140780412712705
2415,40.25,False,False,57.71040999294719,50.0,10.166692287726903,49.871781613298,52.58345047357951,43.086028904785266,74.0,7.710409992947191,11.63786552694634,11.754244182215803,11.315035714176753,5.212980500233616,11.443523745604358,5.173795115466136,0.0005798729049547546,11.754244182215803,-0.23222279128042725,0.1992920895449639,0.0005770057954123331,-0.23222279128042725,0.1992920895449639,11.049252607772484,11.630439298553386,0.19871221664000915,-0.232802664185382,-0.12380488366241771,-0.7049915744433193,False,True,0.30703902063563526,0.6140780412712705,0.2839728016422765,0.567945603284553
2420,40.333333333333336,False,False,57.45114539358688,50.0,10.140626140469308,49.775315865835196,52.48626664834724,43.003009256915355,74.0,7.451145393586877,11.663586754045825,11.780222621586283,11.339845953162936,5.2248840515546355,11.469271248627557,5.184873753552046,0.0005798729049547546,11.780222621586283,-0.23236267609785552,0.19939068663320172,0.0005770057954123331,-0.23236267609785552,0.19939068663320172,11.074135917360827,11.655481615850146,0.19881081372824697,-0.23294254900281028,-0.12474100573613711,-0.7060867042254557,False,True,0.2839728016422765,0.567945603284553,0.2354634297451908,0.4709268594903816
2425,40.416666666666664,False,False,56.79676293303634,50.0,10.115097176880425,49.68678295065501,52.398063017000645,42.93110222120549,74.0,6.796762933036341,11.687236128363754,11.804108489647392,11.364808766605487,5.236737158729721,11.494373611473515,5.196240767132455,0.0005798729049547546,11.804108489647392,-0.2326151061784588,0.1993761392828552,0.0005770057954123331,-0.2326151061784588,0.1993761392828552,11.09675658421686,11.67826092043893,0.19879626637790043,-0.23319497908341355,-0.12584756920846196,-0.7073519054305315,False,True,0.2354634297451908,0.4709268594903816,0.1781364350220515,0.356272870044103
2430,40.5,False,False,55.76488384308222,50.0,10.09158272957879,49.61594232759874,52.329013897701735,42.879667137381254,74.0,5.764883843082217,11.706189472727278,11.823251367454551,11.387508752327896,5.248204140410625,11.516476282259685,5.207817091918697,0.0005798729049547546,11.823251367454551,-0.23301328356107173,0.19921524708362198,0.0005770057954123331,-0.23301328356107173,0.19921524708362198,11.11448938509547,11.696151991401411,0.19863537417866722,-0.2335931564660265,-0.12709937605314003,-0.708761982359082,False,True,0.1781364350220515,0.356272870044103,0.1198673884971451,0.2397347769942902
2435,40.583333333333336,False,False,55.41436839906345,50.0,10.071559723417067,49.571744755096276,52.288107860627356,42.855786660221476,74.0,5.414368399063449,11.7180280742097,11.835208354951797,11.405320688248441,5.258932964234997,11.533194176336966,5.219437452618314,0.0005798729049547546,11.835208354951797,-0.23355069280922833,0.19891452709517532,0.0005770057954123331,-0.23355069280922833,0.19891452709517532,11.125004829673317,11.706825340719508,0.19833465419022056,-0.2341305657141831,-0.12838301423228948,-0.7102035252784802,False,True,0.1198673884971451,0.2397347769942902,0.20713933466939877,0.41427866933879753
2440,40.666666666666664,False,False,55.3497470772497,50.0,10.054326111483519,49.5357864032101,52.254853818228334,42.83483045768923,74.0,5.349747077249702,11.72766747154027,11.844944146255672,11.415915085196414,5.269047930889319,11.545627454033278,5.23083998162292,0.0005798729049547546,11.844944146255672,-0.23398756388424924,0.19871375097410685,0.0005770057954123331,-0.23398756388424924,0.19871375097410685,11.133558830852458,11.715536883579217,0.1981338780691521,-0.234567436789204,-0.1294072626764553,-0.7113853154032146,False,True,0.20713933466939877,0.41427866933879753,0.24463568802198665,0.4892713760439733
2445,40.75,False,False,55.324675052585604,50.0,10.03793538089306,49.500495976340474,52.220250190780206,42.8058455245406,74.0,5.324675052585604,11.73713457175013,11.85450591746763,11.424547857215838,5.278967241786705,11.556891732278586,5.241801437482319,0.0005798729049547546,11.85450591746763,-0.23421419087118794,0.19872262624800696,0.0005770057954123331,-0.23421419087118794,0.19872262624800696,11.14246533718393,11.724600570794394,0.1981427533430522,-0.2347940637761427,-0.12990534667323672,-0.7120405802837002,False,True,0.24463568802198665,0.4892713760439733,0.249949251851619,0.499898503703238
2450,40.833333333333336,False,False,55.30546202596351,50.0,10.021741816034222,49.464880176370386,52.184626275943835,42.773903980646764,74.0,5.305462025963507,11.74669575657911,11.8641627141449,11.433532953989161,5.288832165822237,11.568023634734292,5.252363286685253,0.0005798729049547546,11.8641627141449,-0.2343756481470978,0.19879608014722658,0.0005770057954123331,-0.2343756481470978,0.19879608014722658,11.151640163384954,11.733932219324188,0.19821620724227182,-0.23495552105205256,-0.13023049482071158,-0.712522550759946,False,True,0.249949251851619,0.499898503703238,0.2508643929333682,0.5017287858667364
2455,40.916666666666664,False,False,55.28737231471054,50.0,10.005656018473516,49.42884055905708,52.148484925340114,42.74132610283611,74.0,5.287372314710538,11.756377685215737,11.873941462067895,11.442786191354571,5.298662724568241,11.579164763032553,5.2626608977341265,0.0005798729049547546,11.873941462067895,-0.23452970411419535,0.1988763458717411,0.0005770057954123331,-0.23452970411419535,0.1988763458717411,11.16095418877136,11.743402710705645,0.19829647296678635,-0.2351095770191501,-0.13053875136225024,-0.7129872732965357,False,True,0.2508643929333682,0.5017287858667364,0.2511629319245387,0.5023258638490774
2460,41.0,False,False,55.26965128206024,50.0,9.98966460339453,49.39240057859745,52.11193524961515,42.708443041628136,74.0,5.269651282060238,11.766174313508705,11.883836056643792,11.452178449738502,5.30846229574042,11.590333998989978,5.272797147041183,0.0005798729049547546,11.883836056643792,-0.2346836893470218,0.1989560944440164,0.0005770057954123331,-0.2346836893470218,0.1989560944440164,11.17037953812779,11.75298417192414,0.19837622153906165,-0.23526356225197656,-0.13085188471965203,-0.7134565185160024,False,True,0.2511629319245387,0.5023258638490774,0.251363973671282,0.502727947342564
2465,41.083333333333336,False,False,55.25213720628419,50.0,9.97376497891105,49.3555996000385,52.07502793283483,42.67532662859762,74.0,5.252137206284189,11.776075300370291,11.893836053373994,11.461681855025965,5.31823187078782,11.601532794680432,5.2828304996227455,0.0005798729049547546,11.893836053373994,-0.2348385294349167,0.19903440186656207,0.0005770057954123331,-0.2348385294349167,0.19903440186656207,11.179903348552768,11.762663742258612,0.1984545289616073,-0.23541840233987146,-0.13117231111538175,-0.7139327048212252,False,True,0.251363973671282,0.502727947342564,0.2515444202239481,0.5030888404478961
2470,41.166666666666664,False,False,55.29218096482534,50.0,9.957956315942155,49.31847737137099,52.0378037864948,42.64201162936779,74.0,5.2921809648253415,11.78607017346959,11.903930875204285,11.47128354540569,5.327972034130767,11.612759800598145,5.292791417782101,0.0005798729049547546,11.903930875204285,-0.23499427166816825,0.19911122243580753,0.0005770057954123331,-0.23499427166816825,0.19911122243580753,11.189515275693484,11.772431079516585,0.19853134953085277,-0.235574144573123,-0.13149979568770043,-0.7144155995108008,False,True,0.2515444202239481,0.5030888404478961,0.2597867267068959,0.5195734534137918
2475,41.25,False,False,55.389053517708724,50.0,9.942126748342886,49.27961119928156,51.998728611305204,42.6068433956126,74.0,5.389053517708724,11.796542634104197,11.91450806044524,11.480973177605033,5.337708996682809,11.624196863494062,5.302694263969815,0.0005798729049547546,11.91450806044524,-0.23513855136552977,0.1991989224146126,0.0005770057954123331,-0.23513855136552977,0.1991989224146126,11.199612059240057,11.78268292552861,0.19861904950965784,-0.23571842427048453,-0.13182513491662995,-0.714896001205183,False,True,0.2597867267068959,0.5195734534137918,0.2684214148368473,0.5368428296736946
2480,41.333333333333336,False,False,55.48562033875002,50.0,9.926060054661221,49.23764757562567,51.9563307706347,42.568298331605796,74.0,5.485620338750017,11.807858962516972,11.925937552142143,11.491147492384332,5.347494462197303,11.636199276535802,5.312549938071655,0.0005798729049547546,11.925937552142143,-0.23526136175089532,0.19930751015561743,0.0005770057954123331,-0.23526136175089532,0.19930751015561743,11.210575400420955,11.793800983643871,0.19872763725066267,-0.23584123465585008,-0.1321365684982716,-0.7153621517211874,False,True,0.2684214148368473,0.5368428296736946,0.26951729938202057,0.5390345987640411
2485,41.416666666666664,False,False,55.62311500121953,50.0,9.909656628129284,49.19273060413907,51.910866656374175,42.52704644112841,74.0,5.6231150012195315,11.819982404251032,11.938182228293543,11.502188192032413,5.357355114387847,11.648931048695966,5.322383961121766,0.0005798729049547546,11.938182228293543,-0.23537664970793384,0.19942304034663497,0.0005770057954123331,-0.23537664970793384,0.19942304034663497,11.222340904858907,11.805720861586304,0.1988431674416802,-0.2359565226128886,-0.13246136670723985,-0.7158413234346366,False,True,0.26951729938202057,0.5390345987640411,0.2764118081941067,0.5528236163882134
2490,41.5,False,False,55.813752664959054,50.0,9.89284741028095,49.143947987453224,51.861462669072026,42.482462968488065,74.0,5.813752664959054,11.833161764207077,11.951493381849147,11.514030883222606,5.367311261543709,11.662507350528033,5.3322281744817115,0.0005798729049547546,11.951493381849147,-0.2354869389077746,0.19954299088299038,0.0005770057954123331,-0.2354869389077746,0.19954299088299038,11.235136914671958,11.818670903555851,0.19896311797803562,-0.23606681181272937,-0.13282247829329563,-0.7163564671771887,False,True,0.2764118081941067,0.5528236163882134,0.285381395281769,0.570762790563538
2495,41.583333333333336,False,False,56.061522887744516,50.0,9.875464968192574,49.09010804898427,51.806816604357216,42.433156579762866,74.0,6.061522887744516,11.847722653915412,11.966199880454566,11.526903909113905,5.377407177908112,11.67720939865034,5.342106828884523,0.0005798729049547546,11.966199880454566,-0.2355819466345196,0.19967764604203492,0.0005770057954123331,-0.2355819466345196,0.19967764604203492,11.249303951992653,11.832991633747799,0.19909777313708016,-0.23616181953947435,-0.1332082467067668,-0.7168959284619127,False,True,0.285381395281769,0.570762790563538,0.29537747753555466,0.5907549550711093
2500,41.666666666666664,False,False,56.36260196105841,50.0,9.857316267100273,49.02995891578206,51.7456413502847,42.37802048136348,74.0,6.3626019610584095,11.864008800555883,11.982648888561442,11.541147792870227,5.387695016893507,11.693364703314248,5.352047873211294,0.0005798729049547546,11.982648888561442,-0.235659615588346,0.19982906468006761,0.0005770057954123331,-0.235659615588346,0.19982906468006761,11.26518030675557,11.849021344140544,0.19924919177511285,-0.23623948849330076,-0.1336275444208983,-0.717468581805873,False,True,0.29537747753555466,0.5907549550711093,0.3053392675412365,0.610678535082473
2505,41.75,False,False,56.62078063547377,50.0,9.83821393312276,48.96238861637797,51.67682198977205,42.31619883050241,74.0,6.620780635473771,11.882328266152559,12.001151548814084,11.557100825448057,5.398227781371951,11.711295680322845,5.362087376254828,0.0005798729049547546,12.001151548814084,-0.23572121357297252,0.1999959805448948,0.0005770057954123331,-0.23572121357297252,0.1999959805448948,11.283061547461063,11.867055605259488,0.19941610763994005,-0.23630108647792727,-0.13409594355459653,-0.7180900013530209,False,True,0.3053392675412365,0.610678535082473,0.3022516285057007,0.6045032570114014
2510,41.833333333333336,False,False,56.83729626089446,50.0,9.81816478366116,48.88875121737916,51.6019043503555,42.249686288358674,74.0,6.837296260894462,11.902321598332248,12.02134481431557,11.575058576360275,5.409014432812611,11.73099974964563,5.372270448393257,0.0005798729049547546,12.02134481431557,-0.23578916463225322,0.20015597113926026,0.0005770057954123331,-0.23578916463225322,0.20015597113926026,11.302552768126212,11.886699513128175,0.1995760982343055,-0.23636903753720798,-0.13464530118739582,-0.7187920461893587,False,True,0.3022516285057007,0.6045032570114014,0.29898563338948136,0.5979712667789627
2515,41.916666666666664,False,False,56.979627162323915,50.0,9.797349991385644,48.81030904613342,51.52234394028761,42.18023947508624,74.0,6.979627162323915,11.923652870153768,12.042889398855307,11.594626140627193,5.420021872619506,11.75217892517648,5.38263928654942,0.0005798729049547546,12.042889398855307,-0.2358810341787797,0.200291472592268,0.0005770057954123331,-0.2358810341787797,0.200291472592268,11.32328110515587,11.907580206139546,0.19971159968731325,-0.23646090708373446,-0.13530919271576103,-0.7196082936994372,False,True,0.29898563338948136,0.5979712667789627,0.29080439104662203,0.5816087820932441
2520,42.0,False,False,56.9693005563044,50.0,9.776004168772744,48.729086492217576,51.440221273471394,42.10970227767932,74.0,6.969300556304397,11.945776709667088,12.06523447676376,11.615430655647707,5.431202117835865,11.774440922389426,5.393211004251687,0.0005798729049547546,12.06523447676376,-0.2360016438905916,0.20039766476269524,0.0005770057954123331,-0.2360016438905916,0.20039766476269524,11.344708723622805,11.929159851336223,0.19981779185774048,-0.23658151679554637,-0.13607462542753623,-0.7205257531409544,False,True,0.29080439104662203,0.5816087820932441,0.27096655869417946,0.5419331173883589
2525,42.083333333333336,False,False,56.76220179361551,50.0,9.754558759906061,48.64899252280747,51.3596605113394,42.04209395718669,74.0,6.76220179361551,11.967629669835091,12.087305966533442,11.636934287479514,5.442456550716132,11.797048274326487,5.4039826296617175,0.0005798729049547546,12.087305966533442,-0.23617196031527102,0.20045358263492252,0.0005770057954123331,-0.23617196031527102,0.20045358263492252,11.36576028153337,11.950363108676394,0.19987370972996776,-0.23675183322022578,-0.13694285785704885,-0.7215456850000717,False,True,0.27096655869417946,0.5419331173883589,0.2436211211341002,0.4872422422682004
2530,42.166666666666664,False,False,56.35478773532089,50.0,9.733653547714127,48.574882646603704,51.28576339395843,41.98221224766898,74.0,6.35478773532089,11.987882392937518,12.107761216866892,11.658061695104882,5.453630127067807,11.818890889766353,5.414926276690694,0.0005798729049547546,12.107761216866892,-0.23641280759317418,0.20043840359572526,0.0005770057954123331,-0.23641280759317418,0.20043840359572526,11.38509809543967,11.96985229664612,0.1998585306907705,-0.23699268049812894,-0.13790892022077195,-0.7226631214272228,False,True,0.2436211211341002,0.4872422422682004,0.21408188291342006,0.4281637658268401
2535,42.25,False,False,55.794442991424745,50.0,9.713993615941547,48.511512179044814,51.22338465959962,41.934106664911276,74.0,5.794442991424745,12.005225123032758,12.125277374263087,11.677475196042895,5.464543813053963,11.83872937446087,5.425974565741258,0.0005798729049547546,12.125277374263087,-0.23672823521510086,0.20034807967662832,0.0005770057954123331,-0.23672823521510086,0.20034807967662832,11.401442329365132,11.986347581185122,0.19976820677167356,-0.23730810812005562,-0.13892979307796516,-0.7238350448979549,False,True,0.21408188291342006,0.4281637658268401,0.18946528256290837,0.37893056512581674
2540,42.333333333333336,False,False,55.13203221999058,50.0,9.696184003742232,48.46228078364813,51.17584324547061,41.89997652590751,74.0,5.1320322199905775,12.01871426995893,12.13890141265852,11.693894955275127,5.475035059905412,11.855486448049428,5.437019620941925,0.0005798729049547546,12.13890141265852,-0.23710347119131994,0.20019738438490367,0.0005770057954123331,-0.23710347119131994,0.20019738438490367,11.41391166955373,11.99896765043614,0.1996175114799489,-0.2376833440962747,-0.13993376222237863,-0.7249897431047891,False,True,0.18946528256290837,0.37893056512581674,0.1706571672233485,0.341314334446697
2545,42.416666666666664,False,False,54.96630218772734,50.0,9.680639570176623,48.429214553841184,51.1449747889335,41.88052603214096,74.0,4.966302187727337,12.027782067998025,12.148059888678006,11.706439659994935,5.484982352504296,11.868413599893035,5.447928269079933,0.0005798729049547546,12.148059888678006,-0.23751443603673614,0.20001039871842585,0.0005770057954123331,-0.23751443603673614,0.20001039871842585,11.422013874828524,12.00722026510366,0.1994305258134711,-0.2380943089416909,-0.14083962357434565,-0.7260460138494818,False,True,0.1706571672233485,0.341314334446697,0.2350958818954676,0.4701917637909352
2550,42.5,False,False,54.929662789346054,50.0,9.666598451070797,48.39934231656122,51.11654030994454,41.859697587024236,74.0,4.929662789346054,12.03597939045687,12.156339184361439,11.714617069966092,5.494553227243583,11.87884954753769,5.458551947629431,0.0005798729049547546,12.156339184361439,-0.23782093336882906,0.19992732056775672,0.0005770057954123331,-0.23782093336882906,0.19992732056775672,11.429481348743423,12.014837830605853,0.19934744766280196,-0.23840080627378382,-0.14150135375558648,-0.7268578356180164,False,True,0.2350958818954676,0.4701917637909352,0.2521078662920325,0.504215732584065
2555,42.583333333333336,False,False,54.911003038143505,50.0,9.652927708774286,48.36936688973216,51.08672078048466,41.83350661101008,74.0,4.911003038143505,12.044210208762639,12.164652310850265,11.722159589674638,5.504018779063559,11.888798896173594,5.468804573074284,0.0005798729049547546,12.164652310850265,-0.23799515092678572,0.1999759636970351,0.0005770057954123331,-0.23799515092678572,0.1999759636970351,11.43731682524262,12.02282308273417,0.19939609079208034,-0.23857502383174048,-0.14182922811609444,-0.7273354856076448,False,True,0.2521078662920325,0.504215732584065,0.25460495450909704,0.5092099090181941
2560,42.666666666666664,False,False,54.89510332471171,50.0,9.639363811881324,48.33888536306033,51.05608879957839,41.80578174127078,74.0,4.895103324711712,12.052585325298512,12.173111178551498,11.730069953988394,5.5134431368864,11.898727527741915,5.478763339369471,0.0005798729049547546,12.173111178551498,-0.23814139474586812,0.2000520235696317,0.0005770057954123331,-0.23814139474586812,0.2000520235696317,11.445370334037305,12.031026053030214,0.19947215066467694,-0.23872126765082288,-0.14208512552128383,-0.7277408445141926,False,True,0.25460495450909704,0.5092099090181941,0.25511560037183745,0.5102312007436749
2565,42.75,False,False,54.879789800398356,50.0,9.62587034572924,48.3078866248979,51.024902093701975,41.777553972335234,74.0,4.879789800398356,12.061108074467805,12.181719155212484,11.738198193533758,5.522835723223751,11.908697667811456,5.488532221627455,0.0005798729049547546,12.181719155212484,-0.23828517314575814,0.20012999335982634,0.0005770057954123331,-0.23828517314575814,0.20012999335982634,11.453574432959345,12.039379301139602,0.19955012045487158,-0.2388650460507129,-0.14233985407288152,-0.7281447222531394,False,True,0.25511560037183745,0.5102312007436749,0.2553434002923305,0.510686800584661
2570,42.833333333333336,False,False,54.86470081434122,50.0,9.612442018931404,48.27641140134795,50.99323881299787,41.74899023927979,74.0,4.864700814341219,12.069767537988636,12.190465213368523,11.746476867049473,5.532198417637189,11.91871609941796,5.498181079462204,0.0005798729049547546,12.190465213368523,-0.2384297026470448,0.20020665803634277,0.0005770057954123331,-0.2384297026470448,0.20020665803634277,11.461908810702655,12.04786251755349,0.199626785131388,-0.23900957555199956,-0.14260269581503238,-0.728556402665868,False,True,0.2553434002923305,0.510686800584661,0.25552450325749043,0.5110490065149809
2575,42.916666666666664,False,False,54.84975257852946,50.0,9.599078019931682,48.244505344464734,50.961149226905086,41.720142188126204,74.0,4.849752578529461,12.07855141644263,12.199336930607057,11.754885664128071,5.54153198854872,11.92878166028477,5.507748463983997,0.0005798729049547546,12.199336930607057,-0.238575322419808,0.20028167991378643,0.0005770057954123331,-0.238575322419808,0.20028167991378643,11.470360457134868,12.056462693920396,0.19970180700883167,-0.23915519532476276,-0.14287423668666044,-0.7289764734721889,False,True,0.25552450325749043,0.5110490065149809,0.25569488305874594,0.5113897661174919
2580,43.0,False,False,54.83491598213459,50.0,9.585778280080376,48.212212129017296,50.92867709617544,41.69104349101085,74.0,4.834915982134589,12.087447925877417,12.20832240513619,11.763411575527632,5.550836997787365,11.938891923431425,5.517254634097145,0.0005798729049547546,12.20832240513619,-0.23872197752095095,0.20035511541533407,0.0005770057954123331,-0.23872197752095095,0.20035511541533407,11.478918049787136,12.065168509536182,0.19977524251037931,-0.2393018504259057,-0.14315389560000824,-0.7294043553490539,False,True,0.25569488305874594,0.5113897661174919,0.25586151606139124,0.5117230321227825
2585,43.083333333333336,False,False,54.82017761228332,50.0,9.572542881804338,48.17957235591903,50.89586246762587,41.661723080558296,74.0,4.820177612283317,12.096446100878776,12.217410561887563,11.77204327966166,5.560113944622936,11.94904425594565,5.526710505785857,0.0005798729049547546,12.217410561887563,-0.238869559604768,0.2004270743621867,0.0005770057954123331,-0.238869559604768,0.2004270743621867,11.48757122082382,12.073969598313877,0.19984720145723195,-0.23944943250972275,-0.14344096357368663,-0.7298393410637427,False,True,0.25586151606139124,0.5117230321227825,0.2560263660341168,0.5120527320682337
2590,43.166666666666664,False,False,54.77415353544071,50.0,9.559371935496614,48.146623453125095,50.86274214466701,41.632207163815586,74.0,4.7741535354407105,12.105535823814941,12.226591182053092,11.780770409568849,5.569363296497645,11.959236037809482,5.536122400153714,0.0005798729049547546,12.226591182053092,-0.23901795762068012,0.2004976692758561,0.0005770057954123331,-0.23901795762068012,0.2004976692758561,11.49631043500387,12.082856426745234,0.19991779637090135,-0.23959783052563488,-0.1437347553078574,-0.7302807470492212,False,True,0.2560263660341168,0.5120527320682337,0.25177996188638646,0.5035599237727729
2595,43.25,False,False,54.88902838996268,50.0,9.546320478808568,48.11417884444694,50.83019047740031,41.60341453738544,74.0,4.889028389962682,12.114492649614224,12.235637576110367,11.789583430874552,5.578571434881559,11.969364285681893,5.545495166113628,0.0005798729049547546,12.235637576110367,-0.2391737815189235,0.20056029167249642,0.0005770057954123331,-0.2391737815189235,0.20056029167249642,11.50490493085088,12.091598235070935,0.19998041876754166,-0.23975365442387825,-0.1440393410394325,-0.7307326452594864,False,True,0.25177996188638646,0.5035599237727729,0.2742761762223704,0.5485523524447408
2600,43.333333333333336,False,False,54.919615097191254,50.0,9.533160463314985,48.07825224638369,50.793909251011506,41.57072559254578,74.0,4.9196150971912544,12.12441795272714,12.245662132254411,11.798251582960908,5.587796737310874,11.979845221704199,5.554825450288631,0.0005798729049547546,12.245662132254411,-0.23930130378354972,0.20065067052992527,0.0005770057954123331,-0.23930130378354972,0.20065067052992527,11.514490366956355,12.101330683584,0.20007079762497051,-0.23988117668850448,-0.14433144867041037,-0.7311717652980558,False,True,0.2742761762223704,0.5485523524447408,0.263693005659173,0.527386011318346
2605,43.416666666666664,False,False,54.98612885460981,50.0,9.519768659397428,48.041081970433424,50.75621699932433,41.53658702805142,74.0,4.9861288546098095,12.134694847531032,12.256041796006341,11.807910525270177,5.597073715865537,11.990902411450127,5.564118815096366,0.0005798729049547546,12.256041796006341,-0.239418297728547,0.20075103399152291,0.0005770057954123331,-0.239418297728547,0.20075103399152291,11.524455574626002,12.111442605276245,0.20017116108656816,-0.23999817063350176,-0.14459919073009608,-0.7315862213803399,False,True,0.263693005659173,0.527386011318346,0.2692874456314486,0.5385748912628971
2610,43.5,False,False,55.0369983461132,50.0,9.506231549868943,48.001840135061734,50.716554178160635,41.50125135602366,74.0,5.036998346113201,12.14555334628728,12.267008879750152,11.817949089951124,5.606382946621837,12.002375646417715,5.573410262270626,0.0005798729049547546,12.267008879750152,-0.2395468067700391,0.2008393400940542,0.0005770057954123331,-0.2395468067700391,0.2008393400940542,11.534949468917175,12.122082916875877,0.20025946718909943,-0.24012667967499385,-0.14492596287427517,-0.7320594108329779,False,True,0.2692874456314486,0.5385748912628971,0.2679444206133273,0.5358888412266546
2615,43.583333333333336,False,False,55.02496158319454,50.0,9.49251982142114,47.96100344592828,50.675252532817446,41.46456499604698,74.0,5.024961583194539,12.156862834653317,12.278431462999851,11.828516192896526,5.615734582869027,12.014317766205618,5.5827116789739435,0.0005798729049547546,12.278431462999851,-0.23967360213384528,0.20092881906012827,0.0005770057954123331,-0.23967360213384528,0.20092881906012827,11.545885373708545,12.133164943917295,0.2003489461551735,-0.24025347503880004,-0.14526651908255594,-0.732546089291306,False,True,0.2679444206133273,0.5358888412266546,0.2598274178358414,0.5196548356716828
2620,43.666666666666664,False,False,54.92805619275697,50.0,9.478772801617978,47.920196025303575,50.63413238384953,41.42864522892892,74.0,4.928056192756969,12.168174106751874,12.289855847819393,11.83952515881292,5.625094912481842,12.02646872971035,5.592035468559284,0.0005798729049547546,12.289855847819393,-0.2398189521630512,0.20099920399064825,0.0005770057954123331,-0.2398189521630512,0.20099920399064825,11.556781772063673,12.144207171104838,0.2004193310856935,-0.24039882506800597,-0.14564867671455417,-0.7330740757557201,False,True,0.2598274178358414,0.5196548356716828,0.24808442641570963,0.49616885283141926
2625,43.75,False,False,54.758540559866944,50.0,9.46524328357691,47.881521412868935,50.59543954663971,41.395694085338484,74.0,4.758540559866944,12.178903340488084,12.300692373892964,11.850494471584256,5.634398786497096,12.038355583835095,5.601384365751012,0.0005798729049547546,12.300692373892964,-0.23999510088499368,0.20103825229784614,0.0005770057954123331,-0.23999510088499368,0.20103825229784614,11.567042770054545,12.15461370613645,0.20045837939289138,-0.24057497378994844,-0.14607866775651424,-0.733649603838419,False,True,0.24808442641570963,0.49616885283141926,0.23733260761461267,0.47466521522922533
2630,43.833333333333336,False,False,54.6955662623228,50.0,9.452193864880044,47.84670245706143,50.56092105116997,41.367095487781256,74.0,4.695566262322799,12.188570559227536,12.31045626481981,11.860828238095497,5.643575599038958,12.049484574473487,5.610739168425843,0.0005798729049547546,12.31045626481981,-0.24020130629412112,0.2010467074224425,0.0005770057954123331,-0.24020130629412112,0.2010467074224425,11.576203177300266,12.163919360242508,0.20046683451748773,-0.24078117919907588,-0.14653690457730306,-0.7342530875195443,False,True,0.23733260761461267,0.47466521522922533,0.2511307774112273,0.5022615548224546
2635,43.916666666666664,False,False,54.67483510979292,50.0,9.439556032917778,47.812982436841644,50.527445974293144,41.338955415589574,74.0,4.674835109792923,12.19793957665847,12.319918972425056,11.870061268771387,5.652639187750959,12.059982306023551,5.6200557984957715,0.0005798729049547546,12.319918972425056,-0.24039471157127368,0.20106742761438523,0.0005770057954123331,-0.24039471157127368,0.20106742761438523,11.585092469812524,12.172953611031454,0.20048755470943047,-0.24097458447622844,-0.14696536139360106,-0.7348265026125311,False,True,0.2511307774112273,0.5022615548224546,0.2567994607754198,0.5135989215508396
2640,44.0,False,False,54.659971417902796,50.0,9.427075066258155,47.77929609760657,50.493704078561734,41.309599650376896,74.0,4.659971417902796,12.207306039413465,12.3293790998076,11.87902304042199,5.661654121750702,12.070325902518897,5.629293249718379,0.0005798729049547546,12.3293790998076,-0.2405558897658639,0.2011198412506888,0.0005770057954123331,-0.2405558897658639,0.2011198412506888,11.594058392335011,12.18206420482934,0.20053996834573404,-0.24113576267081865,-0.1473148949782601,-0.7353207074725887,False,True,0.2567994607754198,0.5135989215508396,0.25771557255533006,0.5154311451106601
2645,44.083333333333336,False,False,54.64601207997137,50.0,9.414669659201266,47.74551413533841,50.459766269862634,41.27980616636532,74.0,4.646012079971371,12.216705933754628,12.338872993092174,11.888061298582176,5.670641509544915,12.080666825193749,5.638453955722898,0.0005798729049547546,12.338872993092174,-0.24070749101388145,0.20118129961744882,0.0005770057954123331,-0.24070749101388145,0.20118129961744882,11.603082235553948,12.191232433890512,0.20060142671249406,-0.2412873639188362,-0.14764055920166186,-0.7357907575382256,False,True,0.25771557255533006,0.5154311451106601,0.25798343860006,0.51596687720012
2650,44.166666666666664,False,False,54.632264480742265,50.0,9.402328549063569,47.711633419488436,50.42571532838728,41.24991133513515,74.0,4.632264480742265,12.22614020464599,12.34840160669245,11.89715733472223,5.679604552790311,12.09102448491251,5.647556544620022,0.0005798729049547546,12.34840160669245,-0.24085799945536648,0.2012433199923878,0.0005770057954123331,-0.24085799945536648,0.2012433199923878,11.612142081835447,12.200436382135084,0.20066344708743303,-0.24143787236032124,-0.14796522455736572,-0.7362595248570027,False,True,0.25798343860006,0.51596687720012,0.2581608887229614,0.5163217774459228
2655,44.25,False,False,54.61862100380077,50.0,9.390050005840294,47.67766708954939,50.391576504221675,41.219968863506544,74.0,4.618621003800769,12.235605264586479,12.357961317232343,11.906289231985266,5.688543995532331,12.101400297610818,5.65661578309932,0.0005798729049547546,12.357961317232343,-0.24100846669070178,0.20130485218858135,0.0005770057954123331,-0.24100846669070178,0.20130485218858135,11.621231278449208,12.209669398372794,0.2007249792836266,-0.24158833959565654,-0.14829191885954884,-0.7367300387831346,False,True,0.2581608887229614,0.5163217774459228,0.25832423401864174,0.5166484680372835
2660,44.333333333333336,False,False,54.60500879274025,50.0,9.377833626022266,47.6436296096226,50.35736577729041,41.18999508104402,74.0,4.60500879274025,12.245097146188874,12.367548117650763,11.915450338411002,5.69746022646161,12.111793202413148,5.6656402732152635,0.0005798729049547546,12.367548117650763,-0.24115900312275657,0.20136578721233384,0.0005770057954123331,-0.24115900312275657,0.20136578721233384,11.630345625909166,12.218927284643783,0.20078591430737908,-0.24173887602771132,-0.14862083300698004,-0.7372024917415967,False,True,0.25832423401864174,0.5166484680372835,0.25847744532649886,0.5169548906529977
2665,44.416666666666664,False,False,54.557287395347494,50.0,9.365679288164472,47.60953592761562,50.32309826735442,41.160001956056824,74.0,4.557287395347494,12.254611735423309,12.377157852777541,11.924636455276474,5.706353546612097,12.12220163996118,5.674634650342207,0.0005798729049547546,12.377157852777541,-0.24130960377945765,0.2014261314406254,0.0005770057954123331,-0.24130960377945765,0.2014261314406254,11.63948114316718,12.228206061412417,0.20084625853567065,-0.2418894766844124,-0.14895179136512482,-0.737676709610362,False,True,0.25847744532649886,0.5169548906529977,0.2538314448780376,0.5076628897560752
2670,44.5,False,False,54.843368796626415,50.0,9.353643733326734,47.57623762944267,50.289692816733364,41.130960607484695,74.0,4.8433687966264145,12.263911166067409,12.386550277728084,11.933843602289798,5.7152089134065305,12.132514614075308,5.683602345378106,0.0005798729049547546,12.386550277728084,-0.24146755049281876,0.2014786044421017,0.0005770057954123331,-0.24146755049281876,0.2014786044421017,11.648392673654989,12.237260573609369,0.20089873153714694,-0.24204742339777352,-0.1492897041187149,-0.7381576040730948,False,True,0.2538314448780376,0.5076628897560752,0.3006035999193758,0.6012071998387516
2675,44.583333333333336,False,False,55.986783605531855,50.0,9.341228045628966,47.53553194870417,50.24829279627338,41.09343017616722,74.0,5.986783605531855,12.275288467762552,12.398041352440178,11.942826623632179,5.724160808669632,12.143694350955709,5.692533993799799,0.0005798729049547546,12.398041352440178,-0.24156005561450516,0.20159599526152672,0.0005770057954123331,-0.24156005561450516,0.20159599526152672,11.659444915295238,12.248455520642793,0.20101612235657196,-0.24213992851945992,-0.14958583179738483,-0.73859643714494,False,True,0.3006035999193758,0.6012071998387516,0.4238348756590907,0.8476697513181815
2680,44.666666666666664,False,False,57.38924235768969,50.0,9.32648730972734,47.46670474966879,50.17638274716388,41.02367885565394,74.0,7.389242357689689,12.29454877996879,12.417494267768479,11.953950217969016,5.733743511810878,12.15950963479705,5.701419814169742,0.0005798729049547546,12.417494267768479,-0.2414095609110639,0.20195586352457148,0.0005770057954123331,-0.2414095609110639,0.20195586352457148,11.678663321767628,12.267816357664602,0.20137599061961672,-0.24198943381601865,-0.1496779101038772,-0.7388309460008511,False,True,0.4238348756590907,0.8476697513181815,0.47037445699731545,0.9407489139946309
2685,44.75,False,False,57.1396618928846,50.0,9.30767342439384,47.36450236003753,50.06876718061027,40.91906120126547,74.0,7.139661892884597,12.32320223576518,12.446434258122832,11.973239839716115,5.744464317043697,12.183381039142176,5.710398069344184,0.0005798729049547546,12.446434258122832,-0.24106232059358296,0.20251195640817246,0.0005770057954123331,-0.24106232059358296,0.20251195640817246,11.707474608966466,12.296769802028134,0.2019320835032177,-0.24164219349853772,-0.14966445609469758,-0.7389596491563655,False,True,0.47037445699731545,0.9407489139946309,0.2505943769662068,0.5011887539324136
2690,44.833333333333336,False,False,55.73449612180485,50.0,9.287173030607292,47.27049084186291,49.97196746213886,40.833968443539334,74.0,5.7344961218048525,12.349616150650379,12.473112312156882,12.002122205497301,5.755718140139322,12.210686753119148,5.719849082682477,0.0005798729049547546,12.473112312156882,-0.24105608784980886,0.20272652210843173,0.0005770057954123331,-0.24105608784980886,0.20272652210843173,11.733442115079805,12.322879193367436,0.20214664920347697,-0.24163596075476362,-0.1502331187894459,-0.7396701970770767,False,True,0.2505943769662068,0.5011887539324136,0.08644294101077865,0.1728858820215573
2695,44.916666666666664,False,False,56.375821114156956,50.0,9.26952052232025,47.21238821490831,49.91670477778979,40.80029703161493,74.0,6.375821114156956,12.365968321630048,12.489628004846349,12.02816065422362,5.766265264646828,12.232517452190068,5.730009559627569,0.0005798729049547546,12.489628004846349,-0.24162297091929785,0.20236745376548435,0.0005770057954123331,-0.24162297091929785,0.20236745376548435,11.748289046308596,12.337867739316527,0.2017875808605296,-0.2422028438242526,-0.15176026552982158,-0.741338958537753,False,True,0.08644294101077865,0.1728858820215573,0.36239759393283943,0.7247951878656789
2700,45.0,False,False,54.75713635421162,50.0,9.25316511961121,47.13900263177248,49.84455780745166,40.7451896401149,74.0,4.757136354211617,12.386651708278105,12.510518225360887,12.04307839281256,5.776497356701356,12.251921188021893,5.740472733928844,0.0005798729049547546,12.510518225360887,-0.2419388002656372,0.20225892229129364,0.0005770057954123331,-0.2419388002656372,0.20225892229129364,11.767696478930933,12.357416517573794,0.20167904938633888,-0.24251867317059195,-0.15310170778709242,-0.7428217464299536,False,True,0.36239759393283943,0.7247951878656789,0.05059102151040887,0.10118204302081774
2705,45.083333333333336,False,False,54.49802432037149,50.0,9.238494013901061,47.105773401023704,49.812829504884476,40.7251340066706,74.0,4.498024320371492,12.39602828111799,12.51998856392917,12.062556498252363,5.786299401563395,12.268093073989693,5.7508391272501225,0.0005798729049547546,12.51998856392917,-0.24233467796957578,0.20206982697653844,0.0005770057954123331,-0.24233467796957578,0.20206982697653844,11.776240107764181,12.366101224364222,0.20148995407158368,-0.24291455087453054,-0.15388733956494782,-0.7437484561649885,False,True,0.05059102151040887,0.10118204302081774,0.22811080546707724,0.4562216109341545
2710,45.166666666666664,False,False,54.4508619054501,50.0,9.226829747067256,47.07820436154273,49.78872455492225,40.71517353126087,74.0,4.450861905450097,12.403812921381153,12.527851050594965,12.071170666064202,5.795273170903851,12.27839388909923,5.761114684365915,0.0005798729049547546,12.527851050594965,-0.24285696350328803,0.20175380971636694,0.0005770057954123331,-0.24285696350328803,0.20175380971636694,11.782734547822756,12.372736476097307,0.20117393681141219,-0.2434368364082428,-0.15511457449765764,-0.7451165027722091,False,True,0.22811080546707724,0.4562216109341545,0.2559431991970812,0.5118863983941624
2715,45.25,False,False,54.43289328232701,50.0,9.21565761673024,47.05097712324499,49.76183560175225,40.692529684871175,74.0,4.432893282327008,12.41150573062496,12.53562078793121,12.077735511960032,5.804099307195089,12.287847199535216,5.770954050741661,0.0005798729049547546,12.53562078793121,-0.24304424284911422,0.20177228589167268,0.0005770057954123331,-0.24304424284911422,0.20177228589167268,11.789982724806315,12.380125199855366,0.20119241298671792,-0.24362411575406898,-0.15549558807584418,-0.7456380631248951,False,True,0.2559431991970812,0.5118863983941624,0.2598989377816452,0.5197978755632904
2720,45.333333333333336,False,False,54.419265086869636,50.0,9.204594089525557,47.02340415106794,49.73409208807538,40.66778132404776,74.0,4.419265086869636,12.419300974914691,12.543493984663838,12.08505396233084,5.81288257933618,12.297220427876088,5.780392974394459,0.0005798729049547546,12.543493984663838,-0.24318544206976336,0.20183633079890964,0.0005770057954123331,-0.24318544206976336,0.20183633079890964,11.79746531050185,12.387748068795759,0.20125645789395488,-0.24376531497471812,-0.15574591586807962,-0.7460286741619875,False,True,0.2598989377816452,0.5197978755632904,0.2606101423146272,0.5212202846292544
2725,45.416666666666664,False,False,54.40646353802467,50.0,9.193586485418678,46.99542387491895,49.70587445129874,40.64251010952196,74.0,4.406463538024667,12.427216265484203,12.551488428139045,12.092606689648804,5.821637863583541,12.306617505486896,5.789575740241975,0.0005798729049547546,12.551488428139045,-0.24332140288255946,0.20190510407586204,0.0005770057954123331,-0.24332140288255946,0.20190510407586204,11.805080000586056,12.39550277995336,0.20132523117090728,-0.24390127578751422,-0.15598564818568583,-0.7464084275529892,False,True,0.2606101423146272,0.5212202846292544,0.2608638181557185,0.521727636311437
2730,45.5,False,False,54.39392237789957,50.0,9.182627166212782,46.967059972031265,49.67726692174827,40.616951361103574,74.0,4.393922377899571,12.435245122308713,12.5595975735318,12.100291390269707,5.830367745994955,12.316051796841124,5.798606677966179,0.0005798729049547546,12.5595975735318,-0.24345749313833112,0.20197323922277224,0.0005770057954123331,-0.24345749313833112,0.20197323922277224,11.81280426861015,12.403366808225513,0.20139336631781748,-0.24403736604328588,-0.15623076530628666,-0.7467933049216491,False,True,0.2608638181557185,0.521727636311437,0.2610442401424076,0.5220884802848152
2735,45.583333333333336,False,False,54.381518604579796,50.0,9.171714924727851,46.93834691554007,49.64831206952382,40.59116016665021,74.0,4.381518604579796,12.443377993178757,12.567811773110545,12.108085538417832,5.839073036042553,12.325523742738115,5.807543564920867,0.0005798729049547546,12.567811773110545,-0.24359438091305158,0.20204006951071676,0.0005770057954123331,-0.24359438091305158,0.20204006951071676,11.820626798175075,12.41132883854735,0.201460196605762,-0.24417425381800634,-0.1564829345631953,-0.74718497493547,False,True,0.2610442401424076,0.5220884802848152,0.26120888044725527,0.5224177608945105
2740,45.666666666666664,False,False,54.36921263778627,50.0,9.160849607319705,46.909318996839545,49.61904503464332,40.56516536241964,74.0,4.369212637786269,12.451605355552365,12.57612140910789,12.115977818361213,5.847754233919743,12.335031703805715,5.816416023073422,0.0005798729049547546,12.57612140910789,-0.24373208469159383,0.20210557779786814,0.0005770057954123331,-0.24373208469159383,0.20210557779786814,11.828538258170273,12.419379541130667,0.20152570489291338,-0.24431195759654858,-0.15674186797722278,-0.7475831509376167,False,True,0.26120888044725527,0.5224177608945105,0.2613684199176478,0.5227368398352956
2745,45.75,False,False,54.35698750518168,50.0,9.15003128068129,46.88000846455375,49.58949785247254,40.53899034543045,74.0,4.356987505181678,12.459918243895407,12.584517426334362,12.12395889965047,5.856411758394029,12.344573643342127,5.825239261282365,0.0005798729049547546,12.584517426334362,-0.24387052890329675,0.2021698409939452,0.0005770057954123331,-0.24387052890329675,0.2021698409939452,11.836530137568984,12.427510406259358,0.20158996808899043,-0.2444504018082515,-0.1570070200750031,-0.747987288765378,False,True,0.2613684199176478,0.5227368398352956,0.26152570318499613,0.5230514063699923
2750,45.833333333333336,False,False,54.344834650824204,50.0,9.139260065471902,46.85044519434559,49.55970002094917,40.51265608710473,74.0,4.344834650824204,12.468308344596855,12.592991428042824,12.132020271914172,5.865045992824826,12.354147462611552,5.834021496629186,0.0005798729049547546,12.592991428042824,-0.244009625905511,0.202232948076683,0.0005770057954123331,-0.244009625905511,0.202232948076683,11.84459459372601,12.435713592587275,0.20165307517172823,-0.24458949881046577,-0.15727783545554885,-0.7483968343168144,False,True,0.26152570318499613,0.5230514063699923,0.26168177264399944,0.5233635452879989
2755,45.916666666666664,False,False,54.332749229671215,50.0,9.12853608902806,46.82065670358311,49.529678668174455,40.486181718774986,74.0,4.332749229671215,12.476767993412336,12.60153567334646,12.140154093156642,5.873657298838158,12.3637510951315,5.8427675657406635,0.0005798729049547546,12.60153567334646,-0.2441492904125189,0.20229498566292958,0.0005770057954123331,-0.2441492904125189,0.20229498566292958,11.852724408504287,12.443981883264932,0.20171511275797482,-0.24472916331747366,-0.15755379008152737,-0.748811264842173,False,True,0.26168177264399944,0.5233635452879989,0.26183708082789725,0.5236741616557945
2760,46.0,False,False,54.32072818586973,50.0,9.117859468111789,46.79066826891402,49.49945870392225,40.459584755088315,74.0,4.320728185869733,12.485290143753184,12.610143045190716,12.14835314588461,5.8822460218756785,12.373382540142572,5.851480619527247,0.0005798729049547546,12.610143045190716,-0.24428944272681774,0.20235603477737849,0.0005770057954123331,-0.24428944272681774,0.20235603477737849,11.86091294869736,12.452308646362068,0.20177616187242373,-0.2448693156317725,-0.1578343988286477,-0.7492300964933563,False,True,0.26183708082789725,0.5236741616557945,0.261991841636671,0.523983683273342
2765,46.083333333333336,False,False,54.3087693941832,50.0,9.107230302139513,46.7605030762302,49.4690629784222,40.432881245051725,74.0,4.3087693941832015,12.493868325728574,12.61880700898586,12.156610797529714,5.89081249389563,12.38303987486617,5.860162915381097,0.0005798729049547546,12.61880700898586,-0.24443000946432125,0.20241617012738328,0.0005770057954123331,-0.24443000946432125,0.20241617012738328,11.869154124415543,12.460687793253943,0.20183629722242852,-0.245009882369276,-0.1581192157319169,-0.7496528845703168,False,True,0.261991841636671,0.523983683273342,0.2621461634266745,0.524292326853349
2770,46.166666666666664,False,False,54.2968712568644,50.0,9.096648670741715,46.73018237681158,49.43851243988839,40.406085897862994,74.0,4.296871256864399,12.502496603342378,12.627521569375801,12.164920958834742,5.899357034875352,12.392721258014815,5.868816194552708,0.0005798729049547546,12.627521569375801,-0.24457092350552545,0.2024754601518075,0.0005770057954123331,-0.24457092350552545,0.2024754601518075,11.877442347727857,12.469113737263365,0.20189558724685275,-0.2451507964104802,-0.15840783211243625,-0.7500792216479439,False,True,0.2621461634266745,0.524292326853349,0.26230010573327467,0.5246002114665493
2775,46.25,False,False,54.28503250441062,50.0,9.086114633228206,46.69972563910198,49.4078262850052,40.37921219433295,74.0,4.285032504410623,12.51116953282637,12.636281228154633,12.17327804249561,5.907879953765438,12.402424929478252,5.877441869560848,0.0005798729049547546,12.636281228154633,-0.24471212366827166,0.20253396734827722,0.0005770057954123331,-0.24471212366827166,0.20253396734827722,11.885772493120658,12.477581354119442,0.20195409444332246,-0.24529199657322642,-0.15869987403519126,-0.750508735033975,False,True,0.26230010573327467,0.5246002114665493,0.26245370450860456,0.5249074090172091
2780,46.333333333333336,False,False,54.27325209007457,50.0,9.075628228910645,46.66915069200946,49.377022099976095,40.35227248772594,74.0,4.273252090074571,12.519882123273806,12.645080944506544,12.18167692362005,5.91638154917749,12.412149208317413,5.886041123633801,0.0005798729049547546,12.645080944506544,-0.24485355428642486,0.20259174869451835,0.0005770057954123331,-0.24485355428642486,0.20259174869451835,11.894139860421218,12.486085944881266,0.2020118757895636,-0.24543342719137962,-0.1589949996252784,-0.7509410840853263,False,True,0.26245370450860456,0.5249074090172091,0.26260698361346707,0.5252139672269341
2785,46.416666666666664,False,False,54.261529128933454,50.0,9.065189477811884,46.63847385839594,49.34611599149789,40.325278095876655,74.0,4.261529128933454,12.528629799955045,12.653916097954596,12.190112902651242,5.924862109932691,12.421892490022328,5.894614968309013,0.0005798729049547546,12.653916097954596,-0.24499516477033237,0.20264885608791366,0.0005770057954123331,-0.24499516477033237,0.20264885608791366,11.902540140361515,12.494623201501792,0.2020689831829589,-0.24557503767528713,-0.1592928964528042,-0.7513759575930816,False,True,0.26260698361346707,0.5252139672269341,0.26275996019041253,0.5255199203808251
2790,46.5,False,False,54.24986285921961,50.0,9.054798381546647,46.607710078613906,49.31512270780977,40.298239385687054,74.0,4.249862859219611,12.537408370360067,12.662782454063668,12.198581670931652,5.933321915530212,12.43165324347196,5.903164280183204,0.0005798729049547546,12.662782454063668,-0.24513690918048,0.20270533677186162,0.0005770057954123331,-0.24513690918048,0.20270533677186162,11.910969382745975,12.503189174995722,0.20212546386690686,-0.24571678208543477,-0.15959327906794663,-0.7518130713176934,False,True,0.26275996019041253,0.5255199203808251,0.2629126472806503,0.5258252945613006
2795,46.583333333333336,False,False,54.238252615601716,50.0,9.044454924271747,46.57687302444923,49.28405575029155,40.27116585077105,74.0,4.238252615601716,12.546213992871298,12.67167613280001,12.207079278870848,5.941761236564012,12.441430007801577,5.911689826524486,0.0005798729049547546,12.67167613280001,-0.2452787458265669,0.20276123373671692,0.0005770057954123331,-0.2452787458265669,0.20276123373671692,11.919423967099267,12.511780246087365,0.20218136083176216,-0.24585861873152165,-0.1598958867126452,-0.7522521657007442,False,True,0.2629126472806503,0.5258252945613006,0.2630650551799604,0.5261301103599209
2800,46.666666666666664,False,False,54.22669780948622,50.0,9.034159073655673,46.54597520402361,49.2529274762041,40.244066182848535,74.0,4.226697809486218,12.555043147915333,12.680593579394486,12.215602106593316,5.950180335102647,12.451221389277569,5.920192284378004,0.0005798729049547546,12.680593579394486,-0.2454206368958633,0.20281658609144784,0.0005770057954123331,-0.2454206368958633,0.20281658609144784,11.927900575638418,12.520393098182891,0.20223671318649308,-0.24600050980081806,-0.1602004812115947,-0.7526930037560682,False,True,0.2630650551799604,0.5261301103599209,0.26321719220234047,0.5264343844046809
2805,46.75,False,False,54.215197913851995,50.0,9.023910781841991,46.51502805827058,49.22174919319293,40.21694833740034,74.0,4.215197913851995,12.563892611425068,12.689531537539319,12.224146836910656,5.958579465040292,12.461026058230168,5.92867225548641,0.0005798729049547546,12.689531537539319,-0.24556254811112616,0.2028714294057358,0.0005770057954123331,-0.24556254811112616,0.2028714294057358,11.936396168406102,12.529024692503693,0.20229155650078104,-0.24614242101608091,-0.1605068450356253,-0.7531353691332168,False,True,0.26321719220234047,0.5264343844046809,0.2633690651530244,0.5267381303060488
2810,46.833333333333336,False,False,54.203752451266254,50.0,9.013709986392058,46.484042049600156,49.190531246163246,40.18981959403952,74.0,4.203752451266254,12.57275943044327,12.698487024747703,12.232710430454897,5.966958872423974,12.470842746070945,5.93713027827605,0.0005798729049547546,12.698487024747703,-0.24570444841685365,0.20292579602373562,0.0005770057954123331,-0.24570444841685365,0.20292579602373562,11.944907960405162,12.537672245221028,0.20234592311878086,-0.2462843213218084,-0.16081477952667456,-0.7535790643425404,False,True,0.2633690651530244,0.5267381303060488,0.2635206796493931,0.5270413592987861
2815,46.916666666666664,False,False,54.19236098427512,50.0,9.003556611199102,46.45302674334482,49.15928309710678,40.16268661201326,74.0,4.192360984275119,12.581640900704999,12.70745730971205,12.241290102813096,5.975318795760495,12.48067024240969,5.945566837646882,0.0005798729049547546,12.70745730971205,-0.24584630969209928,0.2029797153512763,0.0005770057954123331,-0.24584630969209928,0.2029797153512763,11.95343340058196,12.546333206439458,0.20239984244632153,-0.24642618259705404,-0.1611241032725914,-0.7540239091300904,False,True,0.2635206796493931,0.5270413592987861,0.2636720403550522,0.5273440807101044
2820,47.0,False,False,54.18102310764056,50.0,8.99345056736874,46.421990882545735,49.12801339842584,40.13555548121663,74.0,4.181023107640563,12.59053454604554,12.716439891505996,12.249883303510709,5.983659466305556,12.490507392278817,5.953982373045681,0.0005798729049547546,12.716439891505996,-0.24598810648790423,0.20303321411844327,0.0005770057954123331,-0.24598810648790423,0.20303321411844327,11.961970152515407,12.55500524088598,0.2024533412134885,-0.246567979392859,-0.16143465062001638,-0.7544697389905881,False,True,0.2636720403550522,0.5273440807101044,0.26382315115941624,0.5276463023188325
2825,47.083333333333336,False,False,54.16973844204786,50.0,8.983391754062964,46.39094245660226,49.09673006026433,40.108431769070535,74.0,4.1697384420478585,12.599438099490435,12.72543248048534,12.258487696700694,5.991981108337069,12.50035309346935,5.9623772851612795,0.0005798729049547546,12.72543248048534,-0.24612981578742413,0.20308631661946644,0.0005770057954123331,-0.24612981578742413,0.20308631661946644,11.970516076677992,12.563686210171177,0.20250644371451168,-0.2467096886923789,-0.161746270314163,-0.7549164038073481,False,True,0.26382315115941624,0.5276463023188325,0.2639740153198204,0.5279480306396408
2830,47.166666666666664,False,False,54.15850662900059,50.0,8.973380059306223,46.359888764271794,49.065440312318835,40.08132056358996,74.0,4.158506629000591,12.608349485894374,12.734432980753319,12.267101143424584,6.0002839394143,12.510206293980222,5.9707519414966805,0.0005798729049547546,12.734432980753319,-0.2462714167869119,0.20313904493175167,0.0005770057954123331,-0.2462714167869119,0.20313904493175167,11.97906921414479,12.57237415649827,0.2025591720267969,-0.24685128969186665,-0.16205882425504825,-0.7553637666085287,False,True,0.2639740153198204,0.5279480306396408,0.26412463557608395,0.5282492711521679
2835,47.25,False,False,54.147327326681946,50.0,8.963415360752691,46.3288364714709,49.034150760569815,40.054226512944304,74.0,4.147327326681946,12.617266806005322,12.743439474065376,12.27572168532153,6.008568170624147,12.520065989580708,5.979106681017907,0.0005798729049547546,12.743439474065376,-0.24641289069583644,0.20319141911577657,0.0005770057954123331,-0.24641289069583644,0.20319141911577657,11.987627771635182,12.581067287705007,0.2026115462108218,-0.2469927636007912,-0.16237218636036843,-0.7558117024301936,False,True,0.26412463557608395,0.5282492711521679,0.2642750142438378,0.5285500284876756
2840,47.333333333333336,False,False,54.13620020660468,50.0,8.953497526414822,46.29779166429597,49.002867439339,40.027153861788825,74.0,4.136200206604677,12.626188321839562,12.752450205057958,12.284347529670095,6.0168340068157375,12.529931221484736,5.987441818040108,0.0005798729049547546,12.752450205057958,-0.24655422055453521,0.2032434573974524,0.0005770057954123331,-0.24655422055453521,0.2032434573974524,11.996190107780965,12.589763963531793,0.20266358449249763,-0.24713409345948997,-0.16268624152616518,-0.7562600972769928,False,True,0.2642750142438378,0.5285500284876756,0.2644251532909224,0.5288503065818448
2845,47.416666666666664,False,False,54.12512495090553,50.0,8.943626415353407,46.26675989764982,48.971595859049735,40.00010648462543,74.0,4.12512495090553,12.635112443261976,12.761463567694596,12.292977035656378,6.0250816468242805,12.539801074134857,5.995757645481872,0.0005798729049547546,12.761463567694596,-0.24669539106792268,0.20329517633442945,0.0005770057954123331,-0.24669539106792268,0.20329517633442945,12.004754720522186,12.598462683017674,0.2027153034294747,-0.24727526397287744,-0.1630008846769222,-0.7567088471724102,False,True,0.2644251532909224,0.5288503065818448,0.2645750544000688,0.5291501088001376
2850,47.5,False,False,54.114101250167636,50.0,8.933801878330428,46.235746239830675,48.94034105003724,39.97308791643114,74.0,4.114101250167636,12.64403771567404,12.77047809283078,12.30160870176993,6.033311283685029,12.549674673093042,6.0040544375953395,0.0005798729049547546,12.77047809283078,-0.24683638845388908,0.2033465909677129,0.0005770057954123331,-0.24683638845388908,0.2033465909677129,12.013320235539974,12.607162072933239,0.20276671806275814,-0.24741626135884384,-0.1633160198975414,-0.7571578572908066,False,True,0.2645750544000688,0.5291501088001376,0.2647247190205667,0.5294494380411334
2855,47.583333333333336,False,False,54.10312880167322,50.0,8.924023758424909,46.204755313412925,48.90910760272969,39.946101380774294,74.0,4.103128801673222,12.65296280871955,12.779492436806747,12.310241154236607,6.041523104838072,12.559551183035005,6.012332452260888,0.0005798729049547546,12.779492436806747,-0.24697720030513437,0.20339771495984238,0.0005770057954123331,-0.24697720030513437,0.20339771495984238,12.021885395642329,12.61586087716651,0.20281784205488762,-0.24755707321008913,-0.1636315596402369,-0.7576070411644178,False,True,0.2647247190205667,0.5294494380411334,0.2648741484105998,0.5297482968211996
2860,47.666666666666664,False,False,54.09220730800885,50.0,8.9142918916139,46.173791332722814,48.87789970449554,39.91914981562152,74.0,4.092207308008852,12.661886505925187,12.788505370984439,12.31887313640442,6.04971729232459,12.569429805844445,6.02059193291987,0.0005798729049547546,12.788505370984439,-0.2471178154632833,0.20344856072079137,0.0005770057954123331,-0.2471178154632833,0.20344856072079137,12.030449051025611,12.624557946984513,0.2028686878158366,-0.24769768836823805,-0.16394742399992523,-0.7580563199588273,False,True,0.2648741484105998,0.5297482968211996,0.2650233436722291,0.5300466873444581
2865,47.75,False,False,54.08133647595733,50.0,8.904606107319182,46.14285813818843,48.84672117342961,39.892235897022374,74.0,4.081336475957329,12.670807695199535,12.797515772151531,12.327503499005061,6.0578940229751215,12.579309778803388,6.028833110206276,0.0005798729049547546,12.797515772151531,-0.24725822390421995,0.2034991395226459,0.0005770057954123331,-0.24725822390421995,0.2034991395226459,12.03901015034044,12.633252232099277,0.20291926661769114,-0.2478380968091747,-0.16426354005225363,-0.758505621811091,False,True,0.2650233436722291,0.5300466873444581,0.2651723057800543,0.5303446115601086
2870,47.833333333333336,False,False,54.0705160156235,50.0,8.89496622892166,46.11195922782153,48.8155754893288,39.865362060844426,74.0,4.070516015623497,12.67972536012024,12.806522613721443,12.33613119121986,6.066053468590349,12.58919037287465,6.037056203327775,0.0005798729049547546,12.806522613721443,-0.24739841663367174,0.20354946160403475,0.0005770057954123331,-0.24739841663367174,0.20354946160403475,12.047567732496312,12.641942772472541,0.20296958869908,-0.2479782895386265,-0.16457984124890146,-0.7589548812251312,False,True,0.2651723057800543,0.5303446115601086,0.2653210356048503,0.5306420712097006
2875,47.916666666666664,False,False,54.05974563974984,50.0,8.885372074244557,46.08109778606732,48.784465822088215,39.83853052271731,74.0,4.059745639749842,12.688638571944644,12.81552495766409,12.344755252484426,6.07419579611482,12.59907089107246,6.045261421238016,0.0005798729049547546,12.81552495766409,-0.2475383855921483,0.2035995362652043,0.0005770057954123331,-0.2475383855921483,0.2035995362652043,12.056120919144634,12.65062869079887,0.20301966336024954,-0.24811825849710306,-0.1648962668652203,-0.759404038519456,False,True,0.2653210356048503,0.5306420712097006,0.26546953393295336,0.5309390678659067
2880,48.0,False,False,54.049025063185674,50.0,8.875823456007083,46.050276710240155,48.75339505773029,39.811743296331926,74.0,4.049025063185674,12.697546482284348,12.824521947107192,12.353374804971752,6.082321167804001,12.608950666917222,6.053448963634887,0.0005798729049547546,12.824521947107192,-0.24767812356841998,0.20364937195455304,0.0005770057954123331,-0.24767812356841998,0.20364937195455304,12.064668907784439,12.659309185611463,0.20306949904959828,-0.24825799647337474,-0.16521276149572905,-0.7598530393227527,False,True,0.26546953393295336,0.5309390678659067,0.2656178014821433,0.5312356029642866
2885,48.083333333333336,False,False,54.038354002481235,50.0,8.866320182250078,46.01949863474537,48.722365822262006,39.785002210229365,74.0,4.038354002481235,12.706448316389046,12.833512799552937,12.36198904669795,6.090429741385016,12.618829062970478,6.061619021813598,0.0005798729049547546,12.833512799552937,-0.24781762412078714,0.20369897634737633,0.0005770057954123331,-0.24781762412078714,0.20369897634737633,12.073210965439781,12.667983524959643,0.20311910344242157,-0.2483974970257419,-0.16552927459329325,-0.7603018341131556,False,True,0.2656178014821433,0.5312356029642866,0.2657658389147825,0.531531677829565
2890,48.166666666666664,False,False,54.027732175581335,50.0,8.856862056735011,45.9887659532703,48.69138050353999,39.7583089232031,74.0,4.027732175581335,12.71534336698931,12.842496800659204,12.370597245199711,6.098521670211379,12.628705469446155,6.069771779398521,0.0005798729049547546,12.842496800659204,-0.2479568815054548,0.20374835641750472,0.0005770057954123331,-0.2479568815054548,0.20374835641750472,12.081746422861716,12.676651040610912,0.20316848351254996,-0.24853675441040957,-0.16584576004829188,-0.7607503777974873,False,True,0.2657658389147825,0.531531677829565,0.2659136468484284,0.5318272936968568
2895,48.25,False,False,54.01715930159994,50.0,8.847448879317838,45.95808083911426,48.66044127130822,39.73166493842826,74.0,4.017159301599939,12.724230988652158,12.85147329853868,12.379198731736313,6.106597103412029,12.638579302894364,6.077907412973611,0.0005798729049547546,12.85147329853868,-0.24809589061138707,0.20379751850246342,0.0005770057954123331,-0.24809589061138707,0.20379751850246342,12.090274669211727,12.68531112273446,0.20321764559750866,-0.24867576351634182,-0.16616217580422088,-0.7611986293269535,False,True,0.2659136468484284,0.5318272936968568,0.2660612258646711,0.5321224517293422
2900,48.333333333333336,False,False,54.00663510065861,50.0,8.838080446299031,45.92744526381175,48.62955009556017,39.705071616422565,74.0,4.006635100658613,12.733110592606947,12.860441698533016,12.387792895973092,6.114656186034911,12.648450004954015,6.086026092627989,0.0005798729049547546,12.860441698533016,-0.24823464690106758,0.20384646836272424,0.0005770057954123331,-0.24823464690106758,0.20384646836272424,12.098795147186793,12.69396321502634,0.20326659545776948,-0.24881451980602234,-0.16647848350667616,-0.7616465513462227,False,True,0.2660612258646711,0.5321224517293422,0.2662085765162469,0.5324171530324938
2905,48.416666666666664,False,False,53.99615929377609,50.0,8.828756550751393,45.89686101419153,48.598708763364186,39.67853018693495,74.0,3.9961592937760884,12.741981642002639,12.869401458422665,12.396379181106568,6.122699059185339,12.658317041170765,6.094127982430357,0.0005798729049547546,12.869401458422665,-0.24837314635664298,0.203895211235576,0.0005770057954123331,-0.24837314635664298,0.203895211235576,12.107307348549774,12.702606810239912,0.20331533833062124,-0.24895301926159774,-0.16679464818275314,-0.7620941098728906,False,True,0.2662085765162469,0.5324171530324938,0.2663556993328994,0.5327113986657988
2910,48.5,False,False,53.985731602797976,50.0,8.81947698282653,45.86632970800214,48.56791889428028,39.65204175985005,74.0,3.9857316027979763,12.750843647560664,12.87835208403627,12.404957079394844,6.130725860159398,12.668179899876836,6.102213240843639,0.0005798729049547546,12.87835208403627,-0.2485113854309702,0.20394375188408984,0.0005770057954123331,-0.2485113854309702,0.20394375188408984,12.115810810031457,12.711241446087985,0.20336387897913508,-0.24909125833592496,-0.1671106379482854,-0.7625412740048141,False,True,0.2663556993328994,0.5327113986657988,0.26650259482612876,0.5330051896522575
2915,48.583333333333336,False,False,53.975351750358065,50.0,8.810241530041608,45.83585280822351,48.53718195448528,39.62560733518981,74.0,3.9753517503580653,12.75969616359053,12.887293125226435,12.413526128059722,6.138736722572575,12.678038091129489,6.110282021089353,0.0005798729049547546,12.887293125226435,-0.24864936100313184,0.20399209464161713,0.0005770057954123331,-0.24864936100313184,0.20399209464161713,12.12430510957364,12.719866701485984,0.20341222173666237,-0.2492292339080866,-0.16742642374045147,-0.7629880156527946,False,True,0.26650259482612876,0.5330051896522575,0.2666492634930776,0.5332985269861552
2920,48.666666666666664,False,False,53.9650194598639,50.0,8.801049977547436,45.805431636174774,48.506499269714155,39.59922781228663,74.0,3.9650194598639033,12.768538784338018,12.896224172181398,12.422085905529812,6.146731776483807,12.687891145704961,6.118334471469587,0.0005798729049547546,12.896224172181398,-0.24878707033801875,0.20404024345221963,0.0005770057954123331,-0.24878707033801875,0.20404024345221963,12.132789862884895,12.728482193107787,0.20346037054726487,-0.2493669432429735,-0.167741979073611,-0.7634343092965032,False,True,0.2666492634930776,0.5332985269861552,0.2667957058196583,0.5335914116393166
2925,48.75,False,False,53.954734455501026,50.0,8.79190210837892,45.77506738351912,48.475872037116154,39.572903998196146,74.0,3.9547344555010255,12.777371140638364,12.905144852044748,12.430636027996341,6.154711148515144,12.697738614144951,6.126370735653118,0.0005798729049547546,12.905144852044748,-0.24892451104961752,0.20408820190739446,0.0005770057954123331,-0.24892451104961752,0.20408820190739446,12.141264720283198,12.737087572228441,0.2035083290024397,-0.24950438395457228,-0.16805727981630625,-0.7638801317615496,False,True,0.2667957058196583,0.5335914116393166,0.26694192228309466,0.5338838445661893
2930,48.833333333333336,False,False,53.94449646225095,50.0,8.78279770368917,45.744761123257724,48.445301336116486,39.546636615413064,74.0,3.944496462250953,12.786192896848979,12.914054825817468,12.43917614625582,6.162674961967193,12.707580065852763,6.134390952931191,0.0005798729049547546,12.914054825817468,-0.24906168106766963,0.20413597327942867,0.0005770057954123331,-0.24906168106766963,0.20413597327942867,12.149729363801539,12.745682521829858,0.20355610037447391,-0.24964155397262439,-0.16837230398760994,-0.764325462015929,False,True,0.26694192228309466,0.5338838445661893,0.2670879133539388,0.5341758267078776
2935,48.916666666666664,False,False,53.93430520591991,50.0,8.773736542968066,45.71451381979812,48.41478813836629,39.52042630894691,74.0,3.9343052059199124,12.795003748038495,12.92295378551888,12.447705942815698,6.170623336930505,12.717415088236429,6.142395258447419,0.0005798729049547546,12.92295378551888,-0.24919857860739889,0.2041835605516831,0.0005770057954123331,-0.24919857860739889,0.2041835605516831,12.158183504534772,12.75426675394773,0.20360368764672834,-0.24977845151235364,-0.1686870315711495,-0.7647702809841075,False,True,0.2670879133539388,0.5341758267078776,0.26723367949777743,0.5344673589955549
2940,49.0,False,False,53.92416041317416,50.0,8.764718404246366,45.68432633817426,48.38433331685771,39.49427365281115,74.0,3.9241604131741568,12.803803417410718,12.931841451584825,12.45622512924125,6.178556390393059,12.727243285896222,6.150383783405732,0.0005798729049547546,12.931841451584825,-0.24933520214203164,0.20423096644608593,0.0005770057954123331,-0.24933520214203164,0.20423096644608593,12.166626880207565,12.762840007239568,0.20365109354113117,-0.2499150750469864,-0.1690014443452572,-0.7652145713772605,False,True,0.26723367949777743,0.5344673589955549,0.2673792211764537,0.5347584423529074
2945,49.083333333333336,False,False,53.91406181158061,50.0,8.755743064286293,45.65419945248959,48.353937654273196,39.46817915597401,74.0,3.914061811580609,12.812591653943976,12.940717570483416,12.464733443723567,6.1864742363439955,12.737064279854158,6.158356655259396,0.0005798729049547546,12.940717570483416,-0.24947155037785662,0.20427819344808484,0.0005770057954123331,-0.24947155037785662,0.20427819344808484,12.175059252945182,12.771402044755558,0.20369832054313008,-0.2500514232828114,-0.16931552572785868,-0.7656583175382341,False,True,0.2673792211764537,0.5347584423529074,0.2675245388491658,0.5350490776983317
2950,49.166666666666664,False,False,53.90400912965043,50.0,8.746810298759229,45.62413385364866,48.32360185063378,39.44214326781561,74.0,3.904009129650433,12.821368230227826,12.949581912530105,12.47323064885037,6.194376985873732,12.746877706823161,6.16631399788389,0.0005798729049547546,12.949581912530105,-0.24960762223159555,0.20432524382928852,0.0005770057954123331,-0.24960762223159555,0.20432524382928852,12.183480407230144,12.7799526518953,0.20374537092433376,-0.2501874951365503,-0.16962926063480488,-0.7661015052999609,False,True,0.2675245388491658,0.5350490776983317,0.2676696329732792,0.5353392659465585
2955,49.25,False,False,53.89400209688395,50.0,8.73791988241176,45.59413015643661,48.29332653030449,39.41616638313217,74.0,3.894002096883952,12.830132940480715,12.958434269885522,12.481716529562721,6.202264747270586,12.756683218513691,6.1742559317357335,0.0005798729049547546,12.958434269885522,-0.24974341680987466,0.20437211966800808,0.0005770057954123331,-0.24974341680987466,0.20437211966800808,12.191890148029387,12.788491634535033,0.20379224676305333,-0.2503232897148294,-0.16994263535048937,-0.7665441218561355,False,True,0.2676696329732792,0.5353392659465585,0.2678145040049428,0.5356290080098856
2960,49.333333333333336,False,False,53.88404044381599,50.0,8.729071589220325,45.56418890600187,48.26311224841127,39.390248846724944,74.0,3.884040443815991,12.838885598733459,12.967274454720794,12.49019089128221,6.210137626114052,12.766480480975805,6.18218257399921,0.0005798729049547546,12.967274454720794,-0.24987893339060635,0.20441882286788735,0.0005770057954123331,-0.24987893339060635,0.20441882286788735,12.200288299077638,12.797018817311105,0.2038389499629326,-0.2504588062955611,-0.17025563740968863,-0.7669861556431563,False,True,0.2678145040049428,0.5356290080098856,0.2679591523995891,0.5359183047991782
2965,49.416666666666664,False,False,53.87412390206086,50.0,8.720265192535493,45.534310583791935,48.23295949671825,39.36439095760822,74.0,3.874123902060859,12.847626037164702,12.976102297536348,12.498653558194372,6.2179957253648395,12.776269173974654,6.19009403872251,0.0005798729049547546,12.976102297536348,-0.2500141714061073,0.20446535517479683,0.0005770057954123331,-0.2500141714061073,0.20446535517479683,12.20867470130409,12.805534042046713,0.20388548226984207,-0.2505940443110621,-0.17056825548963594,-0.7674275962322579,False,True,0.2679591523995891,0.5359183047991782,0.26810357861233247,0.5362071572246649
2970,49.5,False,False,53.864252204355815,50.0,8.711500465216602,45.50449561298848,48.20286870901106,39.338592972868064,74.0,3.8642522043558145,12.856354104575656,12.984917645621413,12.507104371675402,6.225839145451791,12.786048990397644,6.197990436944598,0.0005798729049547546,12.984917645621413,-0.2501491304277954,0.20451171819214944,0.0005770057954123331,-0.2501491304277954,0.20451171819214944,12.217049211390398,12.814037166309962,0.20393184528719469,-0.25072900333275017,-0.17088047931145134,-0.7678684342310156,False,True,0.26810357861233247,0.5362071572246649,0.2682477830982016,0.5364955661964032
2975,49.583333333333336,False,False,53.85442508460323,50.0,8.70277717975705,45.474744363483744,48.17284026602721,39.312855111200506,74.0,3.8544250846032284,12.86506966499251,12.993720361642435,12.515543188850181,6.233667984355788,12.795819635691394,6.205871876813899,0.0005798729049547546,12.993720361642435,-0.2502838101523196,0.20455791339478202,0.0005770057954123331,-0.2502838101523196,0.20455791339478202,12.22541170044904,12.822528062092315,0.20397804048982726,-0.25086368305727436,-0.1711922995501194,-0.7683086611933945,False,True,0.2682477830982016,0.5364955661964032,0.26839176631239386,0.5367835326247877
2980,49.666666666666664,False,False,53.84464227791046,50.0,8.694095108401115,45.44505715643703,48.142874499972,39.28717755615611,74.0,3.8446422779104594,12.873772596385791,13.00251032234965,12.523969881270677,6.241482337690759,12.805580827326967,6.213738463699781,0.0005798729049547546,13.00251032234965,-0.2504182103889935,0.204603942141534,0.0005770057954123331,-0.2504182103889935,0.204603942141534,12.233762052812061,12.831006614597408,0.20402406923657923,-0.25099808329394824,-0.1715037077522421,-0.7687482695375891,False,True,0.26839176631239386,0.5367835326247877,0.268535528710381,0.537071057420762
2985,49.75,False,False,53.83490352062745,50.0,8.685454023252902,45.41543426844649,48.11297169865423,39.26156045911489,74.0,3.8349035206274493,12.882462789496968,13.011287417391937,12.532384333704734,6.249282298781886,12.815332294291755,6.221590300297552,0.0005798729049547546,13.011287417391937,-0.25055233104841246,0.20464980568664243,0.0005770057954123331,-0.25055233104841246,0.20464980568664243,12.242100164920965,12.839472721130997,0.20406993278168767,-0.2511322039533672,-0.17181469626093993,-0.7691872524709726,False,True,0.268535528710381,0.537071057420762,0.2686790707479996,0.5373581414959993
2990,49.833333333333336,False,False,53.82520855038207,50.0,8.676853696377577,45.385875935368794,48.08313210927418,39.23600394201439,74.0,3.8252085503820723,12.891140146763263,13.020051548230896,12.540786443025981,6.257067958741115,12.825073776606574,6.229427486727695,0.0005798729049547546,13.020051548230896,-0.25068617213214517,0.20469550519006208,0.0005770057954123331,-0.25068617213214517,0.20469550519006208,12.250425944309312,12.847926290083652,0.20411563228510732,-0.2512660450370999,-0.17212525814724344,-0.7696256039215843,False,True,0.2686790707479996,0.5373581414959993,0.2688223928815285,0.537644785763057
2995,49.916666666666664,False,False,53.81555710611276,50.0,8.668293899895744,45.35638235581629,48.05335594189255,39.21050809985081,74.0,3.815557106112763,12.89980458133251,13.028802627145836,12.549176117196481,6.264839406540048,12.83480502486656,6.237250120629898,0.0005798729049547546,13.028802627145836,-0.25081973372340094,0.2047410417268096,0.0005770057954123331,-0.25081973372340094,0.2047410417268096,12.258739308670336,12.856367239998423,0.20416116882185484,-0.2513996066283557,-0.1724353871474129,-0.7700633184755006,False,True,0.2688223928815285,0.537644785763057,0.2689654955676818,0.5379309911353636
3000,50.0,False,False,53.80594892809875,50.0,8.659774406071378,45.3269536943588,48.02364337260762,39.18507300297281,74.0,3.8059489280987506,12.908456016160502,13.037540576322106,12.55755327433438,6.27259672908034,12.844525799804584,6.245058297252339,0.0005798729049547546,13.037540576322106,-0.2509530159785838,0.20478641629542169,0.0005770057954123331,-0.2509530159785838,0.20478641629542169,12.267040185002426,12.864795498716399,0.20420654339046693,-0.2515328888835386,-0.17274507760570756,-0.7705003913196808,False,True,0.2689654955676818,0.5379309911353636,0.2691083792636275,0.538216758527255
3005,50.083333333333336,False,False,53.79638375798758,50.0,8.651294987393328,45.297590084455,47.99399454646476,39.159698699184325,74.0,3.796383757987577,12.917094383183924,13.046265327015764,12.565917841859413,6.280340011261657,12.854235871875959,6.252852109536693,0.0005798729049547546,13.046265327015764,-0.25108601911965,0.20483162982560887,0.0005770057954123331,-0.25108601911965,0.20483162982560887,12.275328508826043,12.873211002593695,0.20425175692065412,-0.25166589202460476,-0.17305432442206836,-0.7709368181897212,False,True,0.2691083792636275,0.538216758527255,0.2692510444269416,0.5385020888538832
3010,50.166666666666664,False,False,53.78686133882058,50.0,8.642855416651528,45.26829163113615,47.964409580121085,39.134385215672886,74.0,3.7868613388205787,12.925719622562589,13.054976818788216,12.574269755709869,6.288069336047287,12.863935020863254,6.260631648199142,0.0005798729049547546,13.054976818788216,-0.2512187434271956,0.2048766831851795,0.0005770057954123331,-0.2512187434271956,0.2048766831851795,12.283604223466051,12.881613695783852,0.20429681028022473,-0.25179861633215034,-0.17336312300436418,-0.7713725953221644,False,True,0.2692510444269416,0.5385020888538832,0.2693934915156354,0.5387869830312708
3015,50.25,False,False,53.77738141505509,50.0,8.634455467007456,45.23905841346324,47.93488856428567,39.1091325607777,74.0,3.777381415055089,12.934331681985107,13.063674998804958,12.582608959624952,6.295784784527505,12.873623035500136,6.268397001807818,0.0005798729049547546,13.063674998804958,-0.2513511892342059,0.20492157718630186,0.0005770057954123331,-0.2513511892342059,0.20492157718630186,12.291867279394038,12.890003529580227,0.2043417042813471,-0.25193106213916067,-0.17367146922473076,-0.7718077194109192,False,True,0.2693934915156354,0.5387869830312708,0.26953572098799355,0.5390714419759871
3020,50.333333333333336,False,False,53.767943732585294,50.0,8.626094912059898,45.2098904867762,47.90543156595415,39.083940725610745,74.0,3.7679437325852945,12.942930516032739,13.072359821193066,12.590935404487134,6.3034864359807505,12.883299713113207,6.276148256856811,0.0005798729049547546,13.072359821193066,-0.2514833569204061,0.20496631259116513,0.0005770057954123331,-0.2514833569204061,0.20496631259116513,12.300117633625625,12.89838046181335,0.20438643968621037,-0.25206322982536083,-0.17397935937971631,-0.772242187567441,False,True,0.26953572098799355,0.5390714419759871,0.26967773330265565,0.5393554666053113
3025,50.416666666666664,False,False,53.758548038760175,50.0,8.617773525905903,45.1807878847535,47.876038630455334,39.058809685543174,74.0,3.758548038760175,12.95151608559655,13.081031246452516,12.599249047719487,6.311174367932696,12.892964859280857,6.283885497837092,0.0005798729049547546,13.081031246452516,-0.2516152469071561,0.20501089011709545,0.0005770057954123331,-0.2516152469071561,0.20501089011709545,12.308355249168114,12.90674445629868,0.2044310172121407,-0.25219511981211085,-0.17428679015383608,-0.7726759972844022,False,True,0.26967773330265565,0.5393554666053113,0.269819528918468,0.539639057836936
3030,50.5,False,False,53.74919408239949,50.0,8.609491083197412,45.15175062129719,47.84670978332499,39.03373940156817,74.0,3.749194082399491,12.960088357343384,13.089689240916819,12.607549852733397,6.318848656213288,12.902618287508238,6.291608807304493,0.0005798729049547546,13.089689240916819,-0.2517468596528394,0.205055310441179,0.0005770057954123331,-0.2517468596528394,0.205055310441179,12.316580094514391,12.915095482330516,0.20447543753622424,-0.25232673255779414,-0.17459375858630288,-0.7731091464024278,False,True,0.269819528918468,0.539639057836936,0.26996110829444564,0.5399222165888913
3035,50.583333333333336,False,False,53.73988161380799,50.0,8.601247359193778,45.122778692259,47.81744503202221,39.008729821550524,74.0,3.739881613807988,12.968647303226579,13.098333776258844,12.615837788422454,6.3265093750118275,12.912259818917443,6.2993182659449545,0.0005798729049547546,13.098333776258844,-0.2518781956486998,0.20509957420443595,0.0005770057954123331,-0.2518781956486998,0.20509957420443595,12.324792143179032,12.92343351421823,0.2045197012994812,-0.25245806855365455,-0.17490026204061415,-0.7735416330798124,False,True,0.26996110829444564,0.5399222165888913,0.27010247188974373,0.5402049437794875
3040,50.666666666666664,False,False,53.73061038478727,50.0,8.593042129810527,45.0938720770202,47.78824436750078,38.98378088137228,74.0,3.730610384787269,12.97719290003769,13.106964829038066,12.624112828698632,6.334156596930145,12.921889281952136,6.307013952637204,0.0005798729049547546,13.106964829038066,-0.252009255415084,0.20514368201558925,0.0005770057954123331,-0.252009255415084,0.20514368201558925,12.332991373273323,12.931758530861298,0.2045638091106345,-0.25258912832003877,-0.17520629817676792,-0.7739734557647431,False,True,0.27010247188974373,0.5402049437794875,0.27024362016353637,0.5404872403270727
3045,50.75,False,False,53.72138014864627,50.0,8.584875171664535,45.06503073993817,47.75910776564824,38.95889250598332,74.0,3.7213801486462685,12.985725128995778,13.115582380285735,12.63237495206731,6.34179039303397,12.931506512095813,6.31469594451299,0.0005798729049547546,13.115582380285735,-0.25214003949805225,0.20518763445446536,0.0005770057954123331,-0.25214003949805225,0.20518763445446536,12.341177767115722,12.94007051535986,0.2046077615495106,-0.252719912403007,-0.17551186492587512,-0.7744046131700131,False,True,0.27024362016353637,0.5404872403270727,0.27038455357500785,0.5407691071500157
3050,50.833333333333336,False,False,53.712190660209615,50.0,8.576746262115833,45.036254631670324,47.730035188603594,38.93406461036428,74.0,3.7121906602096146,12.994243975371115,13.124186415124825,12.64062414123779,6.349410832902514,12.941111351603007,6.322364317015021,0.0005798729049547546,13.124186415124825,-0.252270548466321,0.20523143207506206,0.0005770057954123331,-0.252270548466321,0.20523143207506206,12.349351310874964,12.948369454657865,0.2046515591701073,-0.2528504213712758,-0.17581696046696038,-0.7748351042498616,False,True,0.27038455357500785,0.5407691071500157,0.2705252725832321,0.5410505451664642
3055,50.916666666666664,False,False,53.703041675824366,50.0,8.568655179306404,45.00754369038637,47.70102658596402,38.909297100409695,74.0,3.703041675824366,13.002749428140422,13.132776922421826,12.648860382766415,6.357017984676362,12.950703649242731,6.330019143952737,0.0005798729049547546,13.132776922421826,-0.2524007829085095,0.2052750754083135,0.0005770057954123331,-0.2524007829085095,0.2052750754083135,12.357511994242959,12.956655339216063,0.20469520250335874,-0.25298065581346424,-0.176121583205763,-0.775264928178867,False,True,0.2705252725832321,0.5410505451664642,0.270665777647103,0.541331555294206
3060,51.0,False,False,53.693932953364204,50.0,8.560601702195939,44.978897842877764,47.67208189588972,38.884589873737575,74.0,3.693932953364204,13.011241479671007,13.141353894467716,12.65708366672951,6.364611915103718,12.96028326005351,6.3376604975559925,0.0005798729049547546,13.141353894467716,-0.25253074343065707,0.2053185649645834,0.0005770057954123331,-0.25253074343065707,0.2053185649645834,12.365659810135114,12.964928162712345,0.20473869205962864,-0.2531106163356118,-0.17642573175537102,-0.7756940843326028,False,True,0.270665777647103,0.541331555294206,0.2708060692251214,0.5416121384502428
3065,51.083333333333336,False,False,53.68486425225227,50.0,8.552585610594988,44.95031700557347,47.64320104611564,38.85994282043167,74.0,3.684864252252268,13.019720125431366,13.14991732668568,12.66529398642373,6.3721926895850665,12.969850045109396,6.3452884485267775,0.0005798729049547546,13.14991732668568,-0.25266043065399013,0.20536190123590878,0.0005770057954123331,-0.25266043065399013,0.20536190123590878,12.373794754415657,12.973187921767172,0.20478202833095402,-0.2532403035589449,-0.17672940491850753,-0.7761225722700225,False,True,0.2708060692251214,0.5416121384502428,0.27094614777814036,0.5418922955562807
3070,51.166666666666664,False,False,53.67583533369982,50.0,8.544606685195504,44.92180108546937,47.61438395487747,38.8353558237215,74.0,3.6758353336998226,13.02818536372617,13.158467217363432,12.673491338091415,6.379760372216295,12.979403871296478,6.352903066089051,0.0005798729049547546,13.158467217363432,-0.2527898452129087,0.20540508469802501,0.0005770057954123331,-0.2527898452129087,0.20540508469802501,12.381916825646112,12.98143461569207,0.20482521179307026,-0.25336971811786346,-0.17703260167136214,-0.7765503917173202,False,True,0.27094614777814036,0.5418922955562807,0.27108601379998504,0.5421720275999701
3075,51.25,False,False,53.666845962245944,50.0,8.536664707598675,44.89334998097343,47.58563053175347,38.81082876059966,74.0,3.6668459622459437,13.036637195455082,13.167003567409633,12.68167572066909,6.387315025830471,12.988944611100052,6.36050441803675,0.0005798729049547546,13.167003567409633,-0.25291898775312405,0.20544811581223818,0.0005770057954123331,-0.25291898775312405,0.20544811581223818,12.390026024856459,12.98966824626089,0.20486824290728342,-0.2534988606580788,-0.1773353211487425,-0.7769775425531744,False,True,0.27108601379998504,0.5421720275999701,0.27122566800246695,0.5424513360049339
3080,51.333333333333336,False,False,53.65789591283569,50.0,8.52875946033825,44.864963582643625,47.556940678396536,38.78636150234733,74.0,3.6578959128356914,13.045075623902443,13.175526380141468,12.689847135558676,6.394856712038976,12.998472142406813,6.368092570780092,0.0005798729049547546,13.175526380141468,-0.2530478589296652,0.20549099502742946,0.0005770057954123331,-0.2530478589296652,0.20549099502742946,12.398122355346453,12.997888817511148,0.2049111221224747,-0.25362773183461995,-0.17763756263031993,-0.7774040247950147,False,True,0.27122566800246695,0.5424513360049339,0.2713651121072266,0.5427302242144532
3085,51.416666666666664,False,False,53.64898499618678,50.0,8.520890726890912,44.83664177369843,47.5283142890251,38.76195391483095,74.0,3.6489849961867833,13.05350065459372,13.184035661139657,12.6980055864288,6.402385491275129,13.00798634834326,6.375667589390194,0.0005798729049547546,13.184035661139657,-0.2531764594036434,0.2055337227833013,0.0005770057954123331,-0.2531764594036434,0.2055337227833013,12.406205822554199,13.006096335612698,0.20495384987834653,-0.2537563323085982,-0.17793932552695857,-0.7778298385854576,False,True,0.2713651121072266,0.5427302242144532,0.2715043514774891,0.5430087029549782
3090,51.5,False,False,53.64011313334514,50.0,8.51305829164339,44.80838442989036,47.499751250228876,38.737605858115415,74.0,3.640113133345139,13.061912295340965,13.192531418294376,12.706151079083448,6.409901422851076,13.017487117225226,6.383229537642395,0.0005798729049547546,13.192531418294376,-0.25330478983432614,0.20557629951831433,0.0005770057954123331,-0.25330478983432614,0.20557629951831433,12.41427643411791,13.01429080892951,0.20499642661335957,-0.2538846627392809,-0.17824060936486497,-0.7782549841764652,False,True,0.2715043514774891,0.5430087029549782,0.2716434022510612,0.5432868045021224
3095,51.583333333333336,False,False,53.63128054136707,50.0,8.505261939732222,44.780191417637816,47.47125143889426,38.71331718418694,74.0,3.631280541367069,13.070310556807437,13.20101366237551,12.71428362152371,6.417404565058367,13.026974342830798,6.39077847806022,0.0005798729049547546,13.20101366237551,-0.25343285085781597,0.20561872569101833,0.0005770057954123331,-0.25343285085781597,0.20561872569101833,12.422334200469654,13.0224722486135,0.20503885278606357,-0.25401272376277073,-0.1785414137620105,-0.7786794619058561,False,True,0.2716434022510612,0.5432868045021224,0.27178230760436806,0.5435646152087361
3100,51.666666666666664,False,False,53.622488134344906,50.0,8.497501456555852,44.752062587928506,47.442814715568865,38.68908773012116,74.0,3.6224881343449056,13.078695454335374,13.209482408878728,12.722403224541576,6.424894975384665,13.036447925499878,6.398314471967031,0.0005798729049547546,13.209482408878728,-0.25356064303416437,0.20566100183294939,0.0005770057954123331,-0.25356064303416437,0.20566100183294939,12.43037913672193,13.030640670491152,0.20508112892799463,-0.2541405159391191,-0.17884173838757533,-0.7791032721567976,False,True,0.27178230760436806,0.5435646152087361,0.2719211696265842,0.5438423392531684
3105,51.75,False,False,53.61373828734618,50.0,8.489776626556207,44.72399776120803,47.414440908128505,38.6649173016807,74.0,3.6137382873461803,13.087067012471211,13.217937682595924,12.730509903606542,6.43237271099435,13.045907775081746,6.405837579566308,0.0005798729049547546,13.217937682595924,-0.25368816673111244,0.20570312866489965,0.0005770057954123331,-0.25368816673111244,0.20570312866489965,12.438411267307364,13.038796099703282,0.2051232557599449,-0.2542680396360672,-0.17914158289264215,-0.7795264152885597,False,True,0.2719211696265842,0.5438423392531684,0.27206020380171125,0.5441204076034225
3110,51.833333333333336,False,False,53.60503613619709,50.0,8.482087230561362,44.69599669526062,47.38612977721258,38.64080563919191,74.0,3.605036136197093,13.095425274587884,13.226379527333762,12.738603683505323,6.439837829735689,13.055353817531685,6.413347860101433,0.0005798729049547546,13.226379527333762,-0.25381542189762774,0.20574510732339046,0.0005770057954123331,-0.25381542189762774,0.20574510732339046,12.44643063580144,13.046938580527808,0.2051652344184357,-0.2543952948025825,-0.17944094680595413,-0.7799488915323227,False,True,0.27206020380171125,0.5441204076034225,0.2721998209469275,0.544399641893855
3115,51.916666666666664,False,False,53.596391570219126,50.0,8.474433040601212,44.668059024421794,47.35788095106307,38.61675235421412,74.0,3.596391570219126,13.10377032111252,13.234808024323646,12.746684608164625,6.44729039208454,13.064786007940647,6.420845372200764,0.0005798729049547546,13.234808024323646,-0.253942407670113,0.2057869397544742,0.0005770057954123331,-0.253942407670113,0.2057869397544742,12.454437323456416,13.05506819491373,0.20520706684951945,-0.25452228057506776,-0.1797398294099164,-0.7803707008672305,False,True,0.2721998209469275,0.544399641893855,0.2723407358939903,0.5446814717879807
3120,52.0,False,False,53.58782199975981,50.0,8.466813810728866,44.640184155295486,47.32969381418045,38.59275682304882,74.0,3.587821999759811,13.11210230083414,13.243223323842482,12.754752759185074,6.4547304645885095,13.074204353776544,6.42833017459892,0.0005798729049547546,13.243223323842482,-0.2540691217568294,0.20582862932932125,0.0005770057954123331,-0.2540691217568294,0.20582862932932125,12.462431480905945,13.06318509418582,0.2052487564243665,-0.25464899466178414,-0.18003822965666139,-0.7807918429365373,False,True,0.2723407358939903,0.5446814717879807,0.2724840937185344,0.5449681874370688
3125,52.083333333333336,False,False,53.57935584201217,50.0,8.459229262128076,44.612371102815956,47.30156733302469,38.56881802288964,74.0,3.57935584201217,13.120421480188366,13.25162569499025,12.762808287545884,6.462158125491209,13.083608952803647,6.4358023275384655,0.0005798729049547546,13.25162569499025,-0.2541955595690827,0.20587018171304367,0.0005770057954123331,-0.2541955595690827,0.20587018171304367,12.470413377858119,13.071289548737685,0.2052903088080889,-0.25477543247403744,-0.18033614625256433,-0.7812123171321304,False,True,0.2724840937185344,0.5449681874370688,0.2726315948165361,0.5452631896330722
3130,52.166666666666664,False,False,53.571036483902574,50.0,8.451679060810022,44.5846182523675,47.273499804264034,38.54493429958942,74.0,3.5710364839025743,13.128728314882038,13.260015598030858,12.770851463297902,6.469573473238223,13.093000050145994,6.4432618952811165,0.0005798729049547546,13.260015598030858,-0.25432171311384066,0.2059116059720888,0.0005770057954123331,-0.25432171311384066,0.2059116059720888,12.478383474972212,13.079382019908603,0.20533173306713404,-0.2549015860187954,-0.18063357812225433,-0.781632123058646,False,True,0.2726315948165361,0.5452631896330722,0.272785592422651,0.545571184845302
3135,52.25,False,False,53.562926285427245,50.0,8.44416278662517,44.5569230396807,47.245488517721704,38.521103063211285,74.0,3.5629262854272454,13.137023546444297,13.26839378190874,12.778882747440408,6.476976638444322,13.102378117939168,6.450708950264129,0.0005798729049547546,13.26839378190874,-0.25444756972714405,0.20595291584083728,0.0005770057954123331,-0.25444756972714405,0.20595291584083728,12.486342520245252,13.087463256370123,0.20537304293588252,-0.2550274426320988,-0.1809305255386171,-0.7820512616634883,False,True,0.272785592422651,0.545571184845302,0.2729491330687459,0.5458982661374918
3140,52.333333333333336,False,False,53.55511002694429,50.0,8.436679893194977,44.52928155044385,47.217529337181496,38.497320418356466,74.0,3.5551100269442912,13.14530832324006,13.276761406472462,12.786902888307687,6.484367799607248,13.111743958810985,6.4581435794857045,0.0005798729049547546,13.276761406472462,-0.25457311079882256,0.205994130996898,0.0005770057954123331,-0.25457311079882256,0.205994130996898,12.494291669114258,13.095534414228364,0.20541425809194325,-0.2551529837037773,-0.18122699224409722,-0.7824697373582037,False,True,0.2729491330687459,0.5458982661374918,0.27312591377718354,0.5462518275543671
3145,52.416666666666664,False,False,53.54769712369577,50.0,8.42922965965677,44.501688055030336,47.18961621645492,38.4735807493276,74.0,3.5476971236957695,13.153584341440139,13.28512018485454,12.794913041671311,6.491747202395287,13.121098831146737,6.465565893651878,0.0005798729049547546,13.28512018485454,-0.2546983106995373,0.2060352781340749,0.0005770057954123331,-0.2546983106995373,0.2060352781340749,12.502232623423097,13.103597195990924,0.20545540522912015,-0.25527818360449206,-0.18152298886361606,-0.7828875614314423,False,True,0.27312591377718354,0.5462518275543671,0.2733201395751287,0.5466402791502574
3150,52.5,False,False,53.54082195987893,50.0,8.421811136654256,44.474134508509145,47.16174068346637,38.449876293290465,74.0,3.540821959878933,13.16185399698471,13.293472536954559,12.80291490970701,6.499115181762494,13.130444590112292,6.472976039438229,0.0005798729049547546,13.293472536954559,-0.2548231361536364,0.2060763915895219,0.0005770057954123331,-0.2548231361536364,0.2060763915895219,12.510167780007414,13.111653999151855,0.20549651868456714,-0.25540300905859115,-0.18181853780270352,-0.7833047569471443,False,True,0.2733201395751287,0.5466402791502574,0.2735362795503611,0.5470725591007222
3155,52.583333333333336,False,False,53.534641839912354,50.0,8.414423090558813,44.446610059649764,47.13389133889297,38.42619674524698,74.0,3.5346418399123536,13.170120535460295,13.301821740814898,12.810910889579635,6.506472185539417,13.139783834338047,6.480374214907094,0.0005798729049547546,13.301821740814898,-0.2549475462930558,0.20611751328985187,0.0005770057954123331,-0.2549475462930558,0.20611751328985187,12.518100375680403,13.119708061177496,0.2055376403848971,-0.2555274191980106,-0.18211367963740166,-0.783721365134495,False,True,0.2735362795503611,0.5470725591007222,0.273778736224674,0.547557472449348
3160,52.666666666666664,False,False,53.529332298726366,50.0,8.407063951192356,44.41910062236942,47.10605342542443,38.40252894458276,74.0,3.5293322987263664,13.178388183814674,13.31017206565282,12.81890421842895,6.513818797608808,13.149120044721196,6.487760687698112,0.0005798729049547546,13.31017206565282,-0.2550714935743277,0.20615869183413754,0.0005770057954123331,-0.2550714935743277,0.20615869183413754,12.526034612622874,13.127763584896583,0.20557881892918278,-0.25565136647928244,-0.18240848075623717,-0.7841374530299454,False,True,0.273778736224674,0.547557472449348,0.2740514581308081,0.5481029162616162
3165,52.75,False,False,53.525079818587564,50.0,8.399731769092014,44.391588566917264,47.0782085269018,38.37885669272442,74.0,3.525079818587564,13.186662246593531,13.318528869059467,12.826899098759728,6.521155758402568,13.158457699650036,6.495135815128808,0.0005798729049547546,13.318528869059467,-0.25519492564825863,0.20619998062424347,0.0005770057954123331,-0.25519492564825863,0.20619998062424347,12.533975747194463,13.135825827311507,0.2056201077192887,-0.2557747985532134,-0.18270304174795982,-0.7845531218650041,False,True,0.2740514581308081,0.5481029162616162,0.2743575361974255,0.548715072394851
3170,52.833333333333336,False,False,53.522072318659546,50.0,8.39242418843078,44.36405258489074,47.050334452383886,38.35516074461132,74.0,3.5220723186595464,13.194949150256127,13.326898641758689,12.834900787252984,6.52848398032303,13.167802350572973,6.502500064872353,0.0005798729049547546,13.326898641758689,-0.25531778815407724,0.20624143507068846,0.0005770057954123331,-0.25531778815407724,0.20624143507068846,12.541930126304973,13.143901135969728,0.2056615621657337,-0.255897661059032,-0.18299750578896123,-0.7849685154537163,False,True,0.2743575361974255,0.548715072394851,0.27469882899418385,0.5493976579883677
3175,52.916666666666664,False,False,53.52048806601959,50.0,8.385138441021866,44.33646777192415,47.02240534871883,38.33141900393187,74.0,3.5204880660195883,13.203256422131872,13.335288986353191,12.84291563113735,6.535804555836014,13.177160643427957,6.509854034499165,0.0005798729049547546,13.335288986353191,-0.25544002828600443,0.2062831090260845,0.0005770057954123331,-0.25544002828600443,0.2062831090260845,12.54990515868673,13.151996920236131,0.20570323612112973,-0.2560199011909592,-0.18329206611706006,-0.7853838276664611,False,True,0.27469882899418385,0.5493976579883677,0.2750756595525642,0.5501513191051284
3180,53.0,False,False,53.52048386258423,50.0,8.377871365442587,44.308805955670564,46.99439206774773,38.30760693500904,74.0,3.5204838625842285,13.211592595398455,13.34370852135244,12.850951039461432,6.543118756400004,13.186540274905708,6.517198467944361,0.0005798729049547546,13.34370852135244,-0.25556159887036795,0.20632505070803184,0.0005770057954123331,-0.25556159887036795,0.20632505070803184,12.557909213335671,13.160121549734221,0.20574517780307708,-0.2561414717753227,-0.1835869716182188,-0.7857993080167684,False,True,0.2750756595525642,0.5501513191051284,0.27548661814046915,0.5509732362809383
3185,53.083333333333336,False,False,53.522183465652326,50.0,8.37061945337544,44.281036276484336,46.96626279298275,38.2836981850395,74.0,3.5221834656523257,13.219967037512431,13.352166707887555,12.859015381534945,6.550428021039223,13.195949877450962,6.524534266941021,0.0005798729049547546,13.352166707887555,-0.25568246261248223,0.2063672984522491,0.0005770057954123331,-0.25568246261248223,0.2063672984522491,12.565951443436498,13.168284178271282,0.20578742554729434,-0.256262335517437,-0.18388252961627316,-0.7862152644510569,False,True,0.27548661814046915,0.5509732362809383,0.2759284927742793,0.5518569855485586
3190,53.166666666666664,False,False,53.52566719234781,50.0,8.363378923016015,44.25312600646102,46.937983908087254,38.25966539147979,74.0,3.525667192347811,13.228389706069466,13.360673603130161,12.867117810853891,6.557733934162471,13.205398832718657,6.531862495655457,0.0005798729049547546,13.360673603130161,-0.25580259613552414,0.2064098766737066,0.0005770057954123331,-0.25580259613552414,0.2064098766737066,12.574041540516037,13.176494497991795,0.20583000376875185,-0.2563824690404789,-0.18417910513836588,-0.7866320626141245,False,True,0.2759284927742793,0.5518569855485586,0.27639633463356617,0.5527926692671323
3195,53.25,False,False,53.53096354844002,50.0,8.356145817103297,44.225041571752364,46.90952106837186,38.235481132919645,74.0,3.5309635484400204,13.236870842347354,13.369239550770828,12.875268019253916,6.565038193081254,13.214897019208601,6.539184377160339,0.0005798729049547546,13.369239550770828,-0.2559219934421614,0.20645279240500833,0.0005770057954123331,-0.2559219934421614,0.20645279240500833,12.582189429628055,13.184762434562327,0.20587291950005357,-0.25650186634711614,-0.1844771162085017,-0.787050121142773,False,True,0.27639633463356617,0.5527926692671323,0.27688365114475283,0.5537673022895057
3200,53.333333333333336,False,False,53.53804353104627,50.0,8.348916121047466,44.19674972560026,46.880840419082205,38.21111896948579,74.0,3.53804353104627,13.24542061810764,13.377874824288718,12.883475932095191,6.572342566495599,13.224454505329161,6.546501280941473,0.0005798729049547546,13.377874824288718,-0.25604066848031115,0.20649603273064127,0.0005770057954123331,-0.25604066848031115,0.20649603273064127,12.59040492140836,13.19309779922664,0.2059161598256865,-0.2566205413852659,-0.18477702506207727,-0.7874699028803569,False,True,0.27688365114475283,0.5537673022895057,0.27738270719979446,0.5547654143995889
3205,53.416666666666664,False,False,53.546818011634194,50.0,8.34168589497385,44.16821880701528,46.851909892146494,38.18655451171953,74.0,3.546818011634194,13.254048755085645,13.386589242636502,12.8917513603175,6.579648845910609,13.23408120361914,6.553814701291919,0.0005798729049547546,13.386589242636502,-0.25615865657805814,0.2065395633520681,0.0005770057954123331,-0.25615865657805814,0.2065395633520681,12.598697340372835,13.201509917103788,0.20595969044711335,-0.2567385294830129,-0.18507932553271367,-0.7878919022636666,False,True,0.27738270719979446,0.5547654143995889,0.2778849060540418,0.5557698121080836
3210,53.5,False,False,53.55713834215871,50.0,8.334451412415817,44.13942001343079,46.82270050715846,38.16176645529925,74.0,3.5571383421587086,13.26276413868353,13.395391780070364,12.90010362873831,6.586958792459419,13.243786504888165,6.561126227130688,0.0005798729049547546,13.395391780070364,-0.2562760146169328,0.20658332841445748,0.0005770057954123331,-0.2562760146169328,0.20658332841445748,12.607075150602306,13.210007252873044,0.20600345550950272,-0.25685588752188754,-0.18538452719731957,-0.7883166294680581,False,True,0.2778849060540418,0.5557698121080836,0.27838121650980424,0.5567624330196085
3215,53.583333333333336,False,False,53.5688000726289,50.0,8.32720929794317,44.110328615220105,46.793187602815095,38.13673752262785,74.0,3.5688000726289033,13.27157444761981,13.40429019209601,12.908541201737675,6.594274081902134,13.253578912418563,6.568437504422554,0.0005798729049547546,13.40429019209601,-0.2563928199238057,0.20662725161479978,0.0005770057954123331,-0.2563928199238057,0.20662725161479978,12.615545599924564,13.218597054955943,0.20604737870984502,-0.25697269282876045,-0.18569313714006697,-0.7887445921714455,False,True,0.27838121650980424,0.5567624330196085,0.2788626120158068,0.5577252240316136
3220,53.666666666666664,False,False,53.58154944700496,50.0,8.319956656197917,44.08092504522013,46.76335193124581,38.111455260351136,74.0,3.58154944700496,13.280485819807891,13.413290678005971,12.917071327440254,6.601596250636598,13.263465696100731,6.575750192909695,0.0005798729049547546,13.413290678005971,-0.2565091679668531,0.20667123850594982,0.0005770057954123331,-0.2565091679668531,0.20667123850594982,12.624114402018305,13.227285037620291,0.20609136560099506,-0.25708904087180784,-0.18600564038568024,-0.7891762759876659,False,True,0.2788626120158068,0.5577252240316136,0.27932048978677987,0.5586409795735597
3225,53.75,False,False,53.595092172801074,50.0,8.312691185558421,44.05119580639827,46.73318055858884,38.08591265316567,74.0,3.595092172801074,13.289502571819217,13.422397597537408,12.925699719819299,6.608926645409566,13.273452584613548,6.583065919251232,0.0005798729049547546,13.422397597537408,-0.2566251690301389,0.206715179822055,0.0005770057954123331,-0.2566251690301389,0.206715179822055,12.632785472826065,13.23607511739311,0.20613530691710025,-0.25720504193509364,-0.1863224801442982,-0.7896121247113435,False,True,0.27932048978677987,0.5586409795735597,0.27974704314343046,0.5594940862868609
3230,53.833333333333336,False,False,53.60910384692766,50.0,8.305411270846989,44.02113415422252,46.70266752940549,38.060108527506294,74.0,3.6091038469276597,13.29862698532032,13.431613255173524,12.934430295109587,6.6162663790895,13.283543510800028,6.590386228878957,0.0005798729049547546,13.431613255173524,-0.2567409441073689,0.20675895558480936,0.0005770057954123331,-0.2567409441073689,0.20675895558480936,12.641560733663987,13.244969216170505,0.2061790826798546,-0.2573208170123237,-0.18664403900301885,-0.7900525215095371,False,True,0.27974704314343046,0.5594940862868609,0.280135567024327,0.560271134048654
3235,53.916666666666664,False,False,53.623241367612515,50.0,8.298116050995091,43.9907405257006,46.671814268563004,38.03404773258019,74.0,3.623241367612515,13.307859169289074,13.440937760981965,12.943264974917245,6.623616294399804,13.293740421589968,6.597712538911715,0.0005798729049547546,13.440937760981965,-0.25685662029491835,0.20680243971043588,0.0005770057954123331,-0.25685662029491835,0.20680243971043588,12.650439988882718,13.253967138878545,0.20622256680548112,-0.2574364931998731,-0.18697062210341997,-0.790497772099247,False,True,0.280135567024327,0.560271134048654,0.28048068407447757,0.5609613681489551
3240,54.0,False,False,53.63715466513702,50.0,8.290805459229674,43.96002270301789,46.640629710611016,38.00774109957873,74.0,3.637154665137018,13.31719700204005,13.450368972060451,12.952203563880632,6.630976936965046,13.30404315957467,6.605046094339825,0.0005798729049547546,13.450368972060451,-0.2569723259772046,0.20684550482432287,0.0005770057954123331,-0.2569723259772046,0.20684550482432287,12.659420881278297,13.263066528884229,0.20626563191936811,-0.25755219888215936,-0.1873024431762218,-0.7909480907821536,False,True,0.28048068407447757,0.5609613681489551,0.28077848603951483,0.5615569720790297
3245,54.083333333333336,False,False,53.65049813374062,50.0,8.28348023500422,43.928995714960436,46.609130162152226,37.98120519182082,74.0,3.6504981337406193,13.326636152501884,13.459902514026902,12.961243705081262,6.638348538442728,13.314449419015803,6.612387929420801,0.0005798729049547546,13.459902514026902,-0.25708818608643547,0.20688802700128386,0.0005770057954123331,-0.25708818608643547,0.20688802700128386,12.668498924036825,13.272262899940197,0.2063081540963291,-0.2576680589913902,-0.18763961408670582,-0.7914035899900771,False,True,0.28077848603951483,0.5615569720790297,0.28102659174777644,0.5620531834955529
3250,54.166666666666664,False,False,53.66294123200613,50.0,8.27614190844433,43.89768149284232,46.57733891626594,37.95446186840055,74.0,3.6629412320061334,13.336170176097191,13.469531877858163,12.97038091198851,6.645731009945335,13.32495477499327,6.619738835852912,0.0005798729049547546,13.469531877858163,-0.257204317688133,0.20692989018004374,0.0005770057954123331,-0.257204317688133,0.20692989018004374,12.677667604107908,13.281549739558194,0.20635001727508898,-0.25778419059308777,-0.18798213829996868,-0.7918642737502548,False,True,0.28102659174777644,0.5620531834955529,0.2812241283192462,0.5624482566384924
3255,54.25,False,False,53.67417782707968,50.0,8.268792759415604,43.86610830874687,46.545285648995254,37.92753769124396,74.0,3.6741778270796814,13.345790677196703,13.47924858396867,12.979608671833052,6.653123945438809,13.33555278081864,6.627099338853066,0.0005798729049547546,13.47924858396867,-0.25732082609907525,0.20697099004530578,0.0005770057954123331,-0.25732082609907525,0.20697099004530578,12.68691854873773,13.290918675542223,0.20639111714035102,-0.25790069900403,-0.18832990842644826,-0.7923300352309415,False,True,0.2812241283192462,0.5624482566384924,0.2813716461810889,0.5627432923621778
3260,54.333333333333336,False,False,53.68393397740248,50.0,8.261435754389353,43.8343100321228,46.51300563587647,37.900463210199106,74.0,3.683933977402482,13.35548752758207,13.48904240285789,12.988918612139976,6.660526634361754,13.346235125934815,6.634469681798689,0.0005798729049547546,13.48904240285789,-0.25743780169113184,0.20701123722392406,0.0005770057954123331,-0.25743780169113184,0.20701123722392406,12.696241744564349,13.300359695083836,0.2064313643189693,-0.2580176745960866,-0.1886827077740545,-0.7928006582935421,False,True,0.2813716461810889,0.5627432923621778,0.28147098095543466,0.5629419619108693
3265,54.416666666666664,False,False,53.691973968858704,50.0,8.254074465043729,43.80232524601823,46.48053883138496,37.87327216297791,74.0,3.6919739688587043,13.365249128700865,13.498901619987874,12.998300719824092,6.667938082361879,13.356991844383806,6.641849819633929,0.0005798729049547546,13.498901619987874,-0.25755531747830507,0.20705055969787264,0.0005770057954123331,-0.25755531747830507,0.20705055969787264,12.705625797214497,13.309861404359008,0.20647068679291788,-0.2581351903832598,-0.1890402156288662,-0.7932758227733778,False,True,0.28147098095543466,0.5629419619108693,0.2815250764156336,0.5630501528312672
3270,54.5,False,False,53.698104532003526,50.0,8.246712972993237,43.77019626659207,46.447928856139654,37.84600062669532,74.0,3.6981045320035264,13.375062704705801,13.50881333175286,13.007743600786753,6.675357038799729,13.367811562576694,6.649239420818701,0.0005798729049547546,13.50881333175286,-0.25767342752971734,0.20708890439126582,0.0005770057954123331,-0.25767342752971734,0.20708890439126582,12.715058218706648,13.319411315931248,0.20650903148631106,-0.2582533004346721,-0.18940201582161187,-0.7937551130462115,False,True,0.2815250764156336,0.5630501528312672,0.28153778267585,0.5630755653517
3275,54.583333333333336,False,False,53.7021772672195,50.0,8.239355765202035,43.73796810930449,46.4152219360732,37.8186861557737,74.0,3.702177267219497,13.38491461325675,13.518763759389318,13.017234767318948,6.68278202952407,13.37868177450679,6.656637877235174,0.0005798729049547546,13.518763759389318,-0.2577921662019529,0.2071262379380258,0.0005770057954123331,-0.2577921662019529,0.2071262379380258,12.724525730071193,13.328996151371788,0.20654636503307103,-0.25837203910690765,-0.18976760801752945,-0.7942380293181248,False,True,0.28153778267585,0.5630755653517,0.2815136428314425,0.563027285662885
3280,54.666666666666664,False,False,53.70408938639388,50.0,8.232007624545105,43.70568744277135,46.38246583498243,37.79136693752689,74.0,3.704089386393882,13.39479066170908,13.528738568326172,13.026760940721491,6.6902113933708165,13.38958913262873,6.664044321175432,0.0005798729049547546,13.528738568326172,-0.2579115481425269,0.20716254667842207,0.0005770057954123331,-0.2579115481425269,0.20716254667842207,12.734014567323511,13.338602147232708,0.2065826737734673,-0.2584914210474817,-0.19013642109346485,-0.7947240010026615,False,True,0.2815136428314425,0.563027285662885,0.281457679666653,0.562915359333306
3285,54.75,False,False,53.7037829421878,50.0,8.224673519678518,43.67340156715557,46.34970881742638,37.76408099225061,74.0,3.7037829421878,13.404676417474517,13.538723181649262,13.03630835727811,6.697643320866215,13.400519743272136,6.67145764832182,0.0005798729049547546,13.538723181649262,-0.25803156898376,0.20719783596520586,0.0005770057954123331,-0.25803156898376,0.20719783596520586,12.743510780129979,13.348215353712998,0.2066179630602511,-0.25861144188871477,-0.19050782793626375,-0.795212401519283,False,True,0.281457679666653,0.562915359333306,0.2813751920438555,0.562750384087711
3290,54.833333333333336,False,False,53.70124275905154,50.0,8.217358497918738,43.64115744866301,46.31699867335275,37.73686543954552,74.0,3.7012427590515387,13.41455750287394,13.54870307790268,13.045863066921488,6.705075893710194,13.411459456543128,6.67887654549921,0.0005798729049547546,13.54870307790268,-0.25815220662343774,0.2072321288829588,0.0005770057954123331,-0.25815220662343774,0.2072321288829588,12.753000514046807,13.35782191689742,0.20665225597800405,-0.2587320795283925,-0.19088116100525987,-0.7957025638558726,False,True,0.2813751920438555,0.562750384087711,0.2812715684070591,0.5625431368141182
3295,54.916666666666664,False,False,53.69649330502115,50.0,8.210067584262674,43.60900083569944,46.28438182960276,37.70975584726809,74.0,3.69649330502115,13.424419866562058,13.55866406522768,13.055411215472112,6.712507123761184,13.422394142060709,6.686299521920543,0.0005798729049547546,13.55866406522768,-0.2582734229750367,0.20726546449787608,0.0005770057954123331,-0.2582734229750367,0.20726546449787608,12.762470268948688,13.367408337185184,0.20668559159292132,-0.25885329587999145,-0.19125572804249558,-0.7961937962789918,False,True,0.2812715684070591,0.5625431368141182,0.2811521226548147,0.5623042453096294
3300,55.0,False,False,53.68959475211407,50.0,8.202805689052681,43.57697547595838,46.251902566998,37.68278567425517,74.0,3.6895947521140684,13.434250025462847,13.568592525717476,13.064939303066936,6.719934990423515,13.433309943454216,6.693724942655475,0.0005798729049547546,13.568592525717476,-0.2583951660651104,0.20729789576038876,0.0005770057954123331,-0.2583951660651104,0.20729789576038876,12.771907128076723,13.376961698337942,0.206718022855434,-0.2589750389700652,-0.19163082737953374,-0.7966853976407524,False,True,0.2811521226548147,0.5623042453096294,0.2810219556016276,0.5620439112032553
3305,55.083333333333336,False,False,53.68063846848836,50.0,8.195577526147318,43.5451224475199,46.219602355421735,37.65598581305715,74.0,3.680638468488361,13.444035273001363,13.578475625731377,13.074434413207332,6.727357475537543,13.44419350620185,6.701151063115403,0.0005798729049547546,13.578475625731377,-0.25851737235739847,0.2073294871810629,0.0005770057954123331,-0.25851737235739847,0.2073294871810629,12.781298953917952,13.386469863359327,0.20674961427610813,-0.2590972452623532,-0.19200576237204992,-0.7971766718134248,False,True,0.2810219556016276,0.5620439112032553,0.28088584344788853,0.5617716868957771
3310,55.166666666666664,False,False,53.66974217034288,50.0,8.188387542834391,43.51347961123371,46.18751931345044,37.629384234516024,74.0,3.6697421703428788,13.453763851163933,13.588301489675572,13.083884408638639,6.734772595078344,13.455032175025007,6.708576063454798,0.0005798729049547546,13.588301489675572,-0.25863996919089416,0.20736031239254146,0.0005770057954123331,-0.25863996919089416,0.20736031239254146,12.790634548800936,13.395921635090595,0.2067804394875867,-0.2592198420958489,-0.19237985458497775,-0.7976669408746364,False,True,0.28088584344788853,0.5617716868957771,0.2807481531718363,0.5614963063436726
3315,55.25,False,False,53.65704493869927,50.0,8.181239862144665,43.482081186453094,46.155687793877355,37.603005732260186,74.0,3.657044938699272,13.463425085498722,13.598059336353709,13.093278091945766,6.742178427169894,13.465814158594045,6.715998081926033,0.0005798729049547546,13.598059336353709,-0.2587628772309607,0.20739045169843495,0.0005770057954123331,-0.2587628772309607,0.20739045169843495,12.799903779592597,13.405306880907494,0.2068105787934802,-0.25934275013591546,-0.19275245544621455,-0.7981555567611114,False,True,0.2807481531718363,0.5614963063436726,0.2806127835650885,0.561225567130177
3320,55.333333333333336,False,False,53.64270227842027,50.0,8.174138237712597,43.45095744771335,46.1241380920247,37.57687176211046,74.0,3.6427022784202734,13.473009483538698,13.607739578374085,13.102605330250046,6.749573136110122,13.476528660693422,6.723415246380942,0.0005798729049547546,13.607739578374085,-0.25888601284719703,0.20741998969546596,0.0005770057954123331,-0.25888601284719703,0.20741998969546596,12.809097667172376,13.414616622194444,0.2068401167905112,-0.2594658857521518,-0.19312295617964104,-0.7986419112017096,False,True,0.2806127835650885,0.561225567130177,0.2804831297538544,0.5609662595077088
3325,55.416666666666664,False,False,53.62688136645441,50.0,8.167086020894615,43.42013453628595,46.0928962701306,37.55100036901828,74.0,3.6268813664544126,13.48250879826417,13.617333886246813,13.111857144683409,6.756954992271775,13.487165978201329,6.7308257032773,0.0005798729049547546,13.617333886246813,-0.25900929034779613,0.20744901303911736,0.0005770057954123331,-0.25900929034779613,0.20744901303911736,12.818208442419579,13.42384309033195,0.2068691401341626,-0.2595891632527509,-0.1934907959148635,-0.7991254438272346,False,True,0.2804831297538544,0.5609662595077088,0.28036206845804995,0.5607241369160999
3330,55.5,False,False,53.60975660534339,50.0,8.16008613950359,43.389634377697476,46.06198408832628,37.52540619245416,74.0,3.6097566053433923,13.491916059115022,13.626835219706173,13.121025766375764,6.764322387890852,13.49771756724114,6.738227643712694,0.0005798729049547546,13.626835219706173,-0.259132624016542,0.20747760840664492,0.0005770057954123331,-0.259132624016542,0.20747760840664492,12.827229571274477,13.432979751757713,0.20689773550169016,-0.2597124969214968,-0.19385546794845965,-0.7996056484316956,False,True,0.28036206845804995,0.5607241369160999,0.28025196090625243,0.5605039218125049
3335,55.583333333333336,False,False,53.59150556806313,50.0,8.153141087248315,43.35947469425958,46.0314190307547,37.50010054008337,74.0,3.591505568063127,13.501225573718765,13.636237829455952,13.130104661516096,6.771673848876445,13.50817607965356,6.745619326165119,0.0005798729049547546,13.636237829455952,-0.25925592991443547,0.2075058606954596,0.0005770057954123331,-0.25925592991443547,0.2075058606954596,12.836155752030134,13.442021305258507,0.20692598779050483,-0.2598358028193902,-0.1942165241974454,-0.8000820774258184,False,True,0.28025196090625243,0.5605039218125049,0.2801546702051935,0.560309340410387
3340,55.666666666666664,False,False,53.57230539245974,50.0,8.146252922775176,43.329669100345214,46.00121441415725,37.47509151903008,74.0,3.5723053924597394,13.510432903935774,13.645537232975132,13.13908852864432,6.77900804287289,13.518535372524346,6.752999095763602,0.0005798729049547546,13.645537232975132,-0.2593791274225865,0.20753385148024303,0.0005770057954123331,-0.2593791274225865,0.20753385148024303,12.844982888397622,13.450963655035423,0.20695397857528827,-0.25995900032754127,-0.19457357793970864,-0.8005543445775096,False,True,0.2801546702051935,0.560309340410387,0.280071590013979,0.560143180027958
3345,55.75,False,False,53.55232965868962,50.0,8.13942327709016,43.30022726748877,45.97137956567923,37.45038421396059,74.0,3.5523296586896222,13.519534820060118,13.65473016826072,13.147973271716523,6.786323783877657,13.528790493897157,6.760365400039609,0.0005798729049547546,13.65473016826072,-0.2595021405160009,0.20756165773916938,0.0005770057954123331,-0.2595021405160009,0.20756165773916938,12.853708042085215,13.459803863283101,0.20698178483421462,-0.26008201342095566,-0.19492630497761887,-0.8010221261755053,False,True,0.280071590013979,0.560143180027958,0.28000368155429933,0.5600073631085987
3350,55.833333333333336,False,False,53.53174576164665,50.0,8.13265336808253,43.271155146285125,45.94192005662305,37.42598090152279,74.0,3.531745761646647,13.528529237080718,13.663814529451527,13.156755952684158,6.793620033768673,13.538937648024055,6.767716801218604,0.0005798729049547546,13.663814529451527,-0.2596248987689438,0.2075893508485502,0.0005770057954123331,-0.2596248987689438,0.2075893508485502,12.862329368669354,13.468540086060731,0.20700947794359545,-0.26020477167389855,-0.19527444339079558,-0.8014851607821729,False,True,0.28000368155429933,0.5600073631085987,0.27995151625871145,0.5599030325174229
3355,55.916666666666664,False,False,53.51071277256238,50.0,8.125944020867351,43.242455232414,45.91283797930214,37.40188129127859,74.0,3.5107127725623783,13.537415136832367,13.672789288200692,13.165434727365042,6.800895901124622,13.54897414358056,6.775051985200135,0.0005798729049547546,13.672789288200692,-0.25974733810158473,0.20761699583619747,0.0005770057954123331,-0.25974733810158473,0.20761699583619747,12.870846040440414,13.477171496137851,0.2070371229312427,-0.2603272110065395,-0.19561779206284058,-0.8019432477602777,False,True,0.27995151625871145,0.5599030325174229,0.27991532168646677,0.5598306433729335
3360,56.0,False,False,53.48937976977629,50.0,8.119295692703147,43.214126864824905,45.88413225492035,37.37808278408021,74.0,3.489379769776292,13.546192479678536,13.681654404475323,13.174008768289132,6.808150637734356,13.558898328223426,6.782369767444273,0.0005798729049547546,13.681654404475323,-0.2598694012846252,0.2076446508768037,0.0005770057954123331,-0.2598694012846252,0.2076446508768037,12.879258159707673,13.48569819629935,0.20706477797184894,-0.26044927418957997,-0.19595620817597315,-0.8023962447676496,False,True,0.27991532168646677,0.5598306433729335,0.27989502869090727,0.5597900573818145
3365,56.083333333333336,False,False,53.46788460791629,50.0,8.112708501312866,43.18616654508447,45.85579896142515,37.35458073979678,74.0,3.4678846079162895,13.554862109096382,13.690410730187345,13.18247817800351,6.815383633189564,13.568709512721798,6.789669096033353,0.0005798729049547546,13.690410730187345,-0.2599910382236886,0.2076723670075608,0.0005770057954123331,-0.2599910382236886,0.2076723670075608,12.88756666577259,13.494121126318788,0.20709249410260605,-0.26057091112864333,-0.1962896038685571,-0.8028440644147548,False,True,0.27989502869090727,0.5597900573818145,0.2798903181822955,0.559780636364591
3370,56.166666666666664,False,False,53.446353087109976,50.0,8.10618225553192,43.158568268033186,45.82783167147259,37.33136874733423,74.0,3.4463530871099763,13.56342565220414,13.699059908726182,13.190843896045688,6.822594407941155,13.578407887670632,6.796949052211859,0.0005798729049547546,13.699059908726182,-0.26011220604859414,0.20770018803889356,0.0005770057954123331,-0.26011220604859414,0.20770018803889356,12.895773238451797,13.502441966481408,0.2071203151339388,-0.2606920789535489,-0.19661794224477447,-0.8032866702743853,False,True,0.2798903181822955,0.559780636364591,0.2799006661770376,0.5598013323540753
3375,56.25,False,False,53.42489847899986,50.0,8.09971648731873,43.13132385514428,45.80022179192472,37.308438890956644,74.0,3.4248984789998573,13.571885418905325,13.707604273094377,13.199107602466603,6.829782605177379,13.587994435520784,6.804208848726477,0.0005798729049547546,13.707604273094377,-0.26023286903445686,0.20772815063336839,0.0005770057954123331,-0.26023286903445686,0.20772815063336839,12.903880200672534,13.510663040179617,0.20714827772841363,-0.2608127419394116,-0.19694123291476018,-0.8037240724218435,False,True,0.2799006661770376,0.5598013323540753,0.2799253861465417,0.5598507722930834
3380,56.333333333333336,False,False,53.40362136386016,50.0,8.093310484283364,43.10442328326116,45.772958897612305,37.28578200796756,74.0,3.403621363860161,13.58024430194214,13.716046744961561,13.207271620426075,6.836947981852687,13.597470840352509,6.811447826294251,0.0005798729049547546,13.716046744961561,-0.2603529983820858,0.20775628452530234,0.0005770057954123331,-0.2603529983820858,0.20775628452530234,12.911890422292355,13.518787217732717,0.20717641162034758,-0.26093287128704057,-0.19725952722884443,-0.8041563226692059,False,True,0.2799253861465417,0.5598507722930834,0.2799636679683721,0.5599273359367442
3385,56.416666666666664,False,False,53.382609732600166,50.0,8.086963322013233,43.077855002663256,45.746031053389544,37.26338793381729,74.0,3.382609732600166,13.588505679768046,13.724390736565727,13.215338820012537,6.8440903991632736,13.606839397495147,6.818665448522621,0.0005798729049547546,13.724390736565727,-0.26047257188465506,0.2077846128541005,0.0005770057954123331,-0.26047257188465506,0.2077846128541005,12.919807226925723,13.526817823213532,0.20720473994914573,-0.2610524447896098,-0.19757291335219485,-0.804583509640004,False,True,0.2799636679683721,0.5599273359367442,0.28001461303440717,0.5600292260688143
3390,56.5,False,False,53.36193930848932,50.0,8.080673895596291,43.05160623962967,45.71942511974018,37.24124573163574,74.0,3.361939308489319,13.596673323779683,13.73264005701748,13.223312525069627,6.851209812729837,13.616102924768915,6.825861295591846,0.0005798729049547546,13.73264005701748,-0.2605915735062952,0.2078131525856722,0.0005770057954123331,-0.2605915735062952,0.2078131525856722,12.927634303205618,13.534758545710055,0.20723327968071745,-0.26117144641124995,-0.19788151130742548,-0.8050057538118622,False,True,0.28001461303440717,0.5600292260688143,0.2800772652833906,0.5601545305667812
3395,56.583333333333336,False,False,53.341674045689764,50.0,8.074440949858058,43.02566327980942,45.69312703834328,37.21934390404263,74.0,3.3416740456897642,13.604751311100348,13.740798824211351,13.231196424457837,6.858306262711975,13.625264676806358,6.833035056990958,0.0005798729049547546,13.740798824211351,-0.2607099928963535,0.20784191499817933,0.0005770057954123331,-0.2607099928963535,0.20784191499817933,12.935375621575908,13.542613356117846,0.20726204209322457,-0.26128986580130825,-0.1981854680935058,-0.8054232026354438,False,True,0.2800772652833906,0.5601545305667812,0.2801506381003122,0.5603012762006244
3400,56.666666666666664,False,False,53.321866764789576,50.0,8.068263107937867,43.00001172974501,45.667122095046885,37.19767058584033,74.0,3.3218667647895757,13.612743943788086,13.748871383225968,13.238994488846878,6.8653798640431365,13.634328263609378,6.840186523574543,0.0005798729049547546,13.748871383225968,-0.26082782486075334,0.20787090621068338,0.0005770057954123331,-0.26082782486075334,0.20787090621068338,12.943035357407094,13.55038643025581,0.20729103330572862,-0.2614076977657081,-0.19848495297015845,-0.8058360258188735,False,True,0.2801506381003122,0.5603012762006244,0.28023373716235234,0.5604674743247047
3405,56.75,False,False,53.302559889216944,50.0,8.062138897927127,42.97463675481904,45.64139515862153,37.17621371685052,74.0,3.302559889216944,13.620655675055556,13.756862231806112,13.246710893831452,6.87243079694101,13.643297574218808,6.847315579180314,0.0005798729049547546,13.756862231806112,-0.2609450688093449,0.2079001277358047,0.0005770057954123331,-0.2609450688093449,0.2079001277358047,12.95061782095738,13.55808207882729,0.20732025483084995,-0.2615249417142997,-0.1987801529788218,-0.8062444108487323,False,True,0.28023373716235234,0.5604674743247047,0.28032557941685243,0.5606511588337049
3410,56.833333333333336,False,False,53.283786250427596,50.0,8.056066777381304,42.949523292698196,45.61593089446565,37.15496119471143,74.0,3.283786250427596,13.628491042838013,13.764775953266392,13.254349949892335,6.879459297816501,13.652176706121402,6.8544221920192525,0.0005798729049547546,13.764775953266392,-0.2610617281954864,0.2079295770401466,0.0005770057954123331,-0.2610617281954864,0.2079295770401466,12.958127394464839,13.565704684512284,0.20734970413519185,-0.26164160110044116,-0.19907126875410874,-0.8066485588015535,False,True,0.28032557941685243,0.5606511588337049,0.280425208451936,0.560850416903872
3415,56.916666666666664,False,False,53.26556993389637,50.0,8.05004515559314,42.92465624203229,45.59071395311422,37.133901007912165,74.0,3.265569933896373,13.636254610831301,13.772617156939614,13.261916039488561,6.886465650675443,13.660969900796072,6.86150640602083,0.0005798729049547546,13.772617156939614,-0.2611778099614759,0.2079592480988733,0.0005770057954123331,-0.2611778099614759,0.2079592480988733,12.965568476455193,13.57325864627523,0.20737937519391855,-0.26175768286643064,-0.19935851066438381,-0.8070486804844208,False,True,0.280425208451936,0.560850416903872,0.28053170657069215,0.5610634131413843
3420,57.0,False,False,53.247927142051346,50.0,8.044072413580139,42.90002062673371,45.565729133961206,37.1130213497098,74.0,3.2479271420513456,13.643950916942158,13.78039042611158,13.269413561365212,6.893450179081147,13.669681485607837,6.868568332287572,0.0005798729049547546,13.78039042611158,-0.26129332400091476,0.2079891319333529,0.0005770057954123331,-0.26129332400091476,0.2079891319333529,12.972945433182113,13.580748330805363,0.20740925902839813,-0.2618731969058695,-0.19964209530621702,-0.8074449929294669,False,True,0.28053170657069215,0.5610634131413843,0.28064420390925526,0.5612884078185105
3425,57.083333333333336,False,False,53.23086705423709,50.0,8.038146921794564,42.87560173661948,45.540961525056275,37.0923107138622,74.0,3.2308670542370876,13.651584428947421,13.788100273236896,13.276846881993738,6.900413238723128,13.678315822094198,6.875608140785988,0.0005798729049547546,13.788100273236896,-0.2614082826467208,0.2080192171231527,0.0005770057954123331,-0.2614082826467208,0.2080192171231527,12.980262556981735,13.588178030871237,0.20743934421819793,-0.26198815555167554,-0.19992224236565903,-0.8078377162551611,False,True,0.28064420390925526,0.5612884078185105,0.2807618849505142,0.5615237699010284
3430,57.166666666666664,False,False,53.214392667500455,50.0,8.032267055607392,42.8513852455541,45.516396620183585,37.071757973320665,74.0,3.214392667500455,13.65915950704384,13.795751102114279,13.284220293926486,6.907355210617556,13.686877260553217,6.882626052375383,0.0005798729049547546,13.795751102114279,-0.2615227001913449,0.20804949028582992,0.0005770057954123331,-0.2615227001913449,0.20804949028582992,12.987524031217133,13.595551930265243,0.20746961738087516,-0.26210257309629964,-0.2001991718490359,-0.8082270708971464,False,True,0.2807618849505142,0.5615237699010284,0.28088399278388065,0.5617679855677613
3435,57.25,False,False,53.198501605392266,50.0,8.026431208653818,42.827357308497454,45.49202041468708,37.051352443174466,74.0,3.1985016053922664,13.66668037288366,13.803347176612496,13.291537980741188,6.914276494948446,13.695370100733403,6.889622331252959,0.0005798729049547546,13.803347176612496,-0.26163659244381515,0.20807993651989506,0.0005770057954123331,-0.26163659244381515,0.20807993651989506,12.994733901409491,13.6028740749348,0.2075000636149403,-0.2622164653487699,-0.20047310167769616,-0.8086132752030046,False,True,0.28088399278388065,0.5617679855677613,0.2810098314492257,0.5620196628984514
3440,57.333333333333336,False,False,53.18318688503584,50.0,8.020637804154049,42.803504639044014,45.467819481682405,37.031083929229275,74.0,3.1831868850358376,13.674151084629592,13.810892595475888,13.298803988172146,6.921177505544775,13.703798558340795,6.8965972778724804,0.0005798729049547546,13.810892595475888,-0.2617499763265466,0.2081105398080101,0.0005770057954123331,-0.2617499763265466,0.2081105398080101,13.00189605209726,13.610148349841554,0.20753066690305533,-0.2623298492315014,-0.20074424563433446,-0.8089965433786279,False,True,0.2810098314492257,0.5620196628984514,0.28113876668331794,0.5622775333666359
3445,57.416666666666664,False,False,53.1684376354156,50.0,8.0148853043422,42.779814569157345,45.44378103040244,37.01094276364452,74.0,3.1684376354156,13.681575517522958,13.818391272698188,13.306022200969407,6.928058664977668,13.712166737015389,6.903551222375435,0.0005798729049547546,13.818391272698188,-0.26186286951341076,0.2081412833789257,0.0005770057954123331,-0.26186286951341076,0.2081412833789257,13.009014188929607,13.617378461054845,0.20756141047397095,-0.2624427424183655,-0.20101281164334317,-0.809377083768581,False,True,0.28113876668331794,0.5622775333666359,0.2812702253627596,0.5625404507255192
3450,57.5,False,False,53.15423976217945,50.0,8.009172218149033,42.756275092857685,45.41989294847243,36.99091982905831,74.0,3.1542397621794507,13.688957349437617,13.825846922931992,13.313196324992226,6.934920400253104,13.72047860538502,6.9104845185575705,0.0005798729049547546,13.825846922931992,-0.26197529010935877,0.20817215002786718,0.0005770057954123331,-0.26197529010935877,0.20817215002786718,13.016091825482892,13.624567922568215,0.20759227712291242,-0.26255516301431353,-0.20127900036377788,-0.8097550974491003,False,True,0.2812702253627596,0.5625404507255192,0.2814036939092772,0.5628073878185544
3455,57.583333333333336,False,False,53.140576556241314,50.0,8.003497107291551,42.732874895628534,45.396143829910365,36.97100657260081,74.0,3.1405765562413137,13.696300050886487,13.833263051395353,13.320329874025553,6.941763139069123,13.728737978777145,6.917397538379975,0.0005798729049547546,13.833263051395353,-0.26208725637090635,0.20820312239605476,0.0005770057954123331,-0.26208725637090635,0.20820312239605476,13.023132274285722,13.631720047324494,0.2076232494911,-0.2626671292758611,-0.20154300407085834,-0.8101307771096309,False,True,0.2814036939092772,0.5628073878185544,0.28153871589412466,0.5630774317882493
3460,57.666666666666664,False,False,53.127429245132966,50.0,7.997858590924892,42.70960337127565,45.37252299061016,36.951195011143895,74.0,3.1274292451329657,13.70360687895439,13.840642947743936,13.327426160805107,6.948587306601777,13.73694850515532,6.924290667022566,0.0005798729049547546,13.840642947743936,-0.26219878646602224,0.20823418321082504,0.0005770057954123331,-0.26219878646602224,0.20823418321082504,13.030138641546754,13.638837941943631,0.20765431030587028,-0.262778659370977,-0.20180500580030447,-0.8105043061971813,False,True,0.28153871589412466,0.5630774317882493,0.281674889048831,0.563349778097662
3465,57.75,False,False,53.11477748741162,50.0,7.992255349011131,42.68645062790859,45.34902047299638,36.93147772906405,74.0,3.1147774874116223,13.710880874647698,13.847989683394175,13.334488291745192,6.955393322781132,13.74511365484487,6.931164298468635,0.0005798729049547546,13.847989683394175,-0.2623098982713631,0.20826531548840177,0.0005770057954123331,-0.2623098982713631,0.20826531548840177,13.03711382509706,13.645924504665075,0.207685442583447,-0.26288977117631784,-0.20206517872910013,-0.8108758582971145,False,True,0.281674889048831,0.563349778097662,0.2818118618608103,0.5636237237216206
3470,57.833333333333336,False,False,53.102599811512285,50.0,7.986686124555533,42.66340748462854,45.32562704144809,36.91184786971053,74.0,3.1025998115122846,13.718124863175698,13.855306111807455,13.341519164881067,6.9621816000169074,13.753236713619506,6.9380188316016005,0.0005798729049547546,13.855306111807455,-0.26242060920438137,0.208296502701796,0.0005770057954123331,-0.26242060920438137,0.208296502701796,13.044060515083611,13.652982426041302,0.20771662979684125,-0.26300048210933613,-0.202323685766153,-0.8112455967238432,False,True,0.2818118618608103,0.5636237237216206,0.2819493299053326,0.5638986598106652
3475,57.916666666666664,False,False,53.09087400126685,50.0,7.981149724854276,42.64046546040218,45.30233416998154,36.89229912167812,74.0,3.0908740012668474,13.725341456708648,13.862594871275734,13.348521470562456,6.968952541332785,13.761320778734978,6.944854666789625,0.0005798729049547546,13.862594871275734,-0.26253093608754235,0.2083277289165963,0.0005770057954123331,-0.26253093608754235,0.2083277289165963,13.050981196980207,13.660014191948767,0.20774785601164153,-0.2631108089924971,-0.20258067932696733,-0.8116136742955273,False,True,0.2819493299053326,0.5638986598106652,0.28208703203963414,0.5641740640792683
3480,58.0,False,False,53.07957743093376,50.0,7.975645021890003,42.61761675648801,45.279134023564175,36.87282570088556,74.0,3.0795774309337602,13.73253305919112,13.869858389783031,13.355497694464486,6.975706538868823,13.769368757515958,6.951672202929601,0.0005798729049547546,13.869858389783031,-0.26264089504172516,0.2083589788975753,0.0005770057954123331,-0.26264089504172516,0.2083589788975753,13.05787815651513,13.667022088515585,0.20777910599262053,-0.2632207679466799,-0.20283630126744612,-0.8119802332679011,False,True,0.28208703203963414,0.5641740640792683,0.28222474656251184,0.5644494931250237
3485,58.083333333333336,False,False,53.068687353014255,50.0,7.970170952002007,42.5948542336596,45.2560194343082,36.853422329361365,74.0,3.068687353014255,13.739701872825309,13.877098891553562,13.362450122515359,6.982443972712493,13.777383368126387,6.95847183491913,0.0005798729049547546,13.877098891553562,-0.2627505014058171,0.20839023818910254,0.0005770057954123331,-0.2627505014058171,0.20839023818910254,13.064753486149979,13.674008208600378,0.20781036528414779,-0.2633303743107719,-0.20309068295318333,-0.8123454054035832,False,True,0.28222474656251184,0.5644494931250237,0.28236228742158714,0.5647245748431743
3490,58.166666666666664,False,False,53.058181142408664,50.0,7.964726514948367,42.572171385348106,45.23298387366696,36.834084211539256,74.0,3.058181142408664,13.746849905875974,13.884318404934735,13.36938084737518,6.989165210020442,13.785367142180212,6.965253951523597,0.0005798729049547546,13.884318404934735,-0.2628597696795253,0.20842149317234,0.0005770057954123331,-0.2628597696795253,0.20842149317234,13.071609092779754,13.680974459492417,0.20784162026738523,-0.26343964258448005,-0.20334394544231849,-0.8127093121549809,False,True,0.28236228742158714,0.5647245748431743,0.2824995005325648,0.5649990010651296
3495,58.25,False,False,53.048036500612426,50.0,7.959310772466665,42.54956230770353,45.21002142163326,36.81480700877122,74.0,3.048036500612426,13.753978981485577,13.891518771300433,13.376291776136085,6.995870604395187,13.793322428877808,6.972018933604536,0.0005798729049547546,13.891518771300433,-0.2629687134865123,0.20845273110211338,0.0005770057954123331,-0.2629687134865123,0.20845273110211338,13.078446706359982,13.687922571538735,0.20787285819715862,-0.26354858639146705,-0.20359619976169796,-0.8130720649404513,False,True,0.2824995005325648,0.5649990010651296,0.2826362602589166,0.5652725205178332
3500,58.333333333333336,False,False,53.03823162368978,50.0,7.9539228464298475,42.52702166745555,45.187126733818005,36.79558681267232,74.0,3.038231623689782,13.761090747224486,13.898701654696731,13.38318463894936,7.002560495483255,13.801251400382375,6.978767152675555,0.0005798729049547546,13.898701654696731,-0.26307734555508805,0.20848394012622845,0.0005770057954123331,-0.26307734555508805,0.20848394012622845,13.085267889201333,13.694854107438802,0.2079040672212737,-0.2636572184600428,-0.2038475472579293,-0.8134337654953985,False,True,0.2826362602589166,0.5652725205178332,0.2827724660867507,0.5655449321735014
3505,58.416666666666664,False,False,53.028745337717965,50.0,7.948561916683332,42.504544668341225,45.16429500717316,36.77642011782743,74.0,3.0287453377179645,13.768186685135685,13.905868551987043,13.390060998320067,7.0092352087637675,13.809156058179516,6.985498969752814,0.0005798729049547546,13.905868551987043,-0.2631856777138541,0.20851510928983294,0.0005770057954123331,-0.2631856777138541,0.20851510928983294,13.092074045705333,13.701770471980248,0.20793523638487818,-0.26376555061880885,-0.2040980800067942,-0.8137945062817096,False,True,0.2827724660867507,0.5655449321735014,0.2829080395184181,0.5658160790368362
3510,58.5,False,False,53.019557205282545,50.0,7.943227218639947,42.48212701675913,45.14152194501502,36.757303794308775,74.0,3.0195572052825455,13.775268122066354,13.913020803287017,13.39692225884279,7.01589505549902,13.817038240191467,6.992214734468072,0.0005798729049547546,13.913020803287017,-0.26329372089988706,0.20854622852724083,0.0005770057954123331,-0.26329372089988706,0.20854622852724083,13.09886643234621,13.708672922020739,0.20796635562228608,-0.2638735938048418,-0.204347881266278,-0.8141543709408072,False,True,0.2829080395184181,0.5658160790368362,0.2830429211988254,0.5660858423976508
3515,58.583333333333336,False,False,53.010647606442596,50.0,7.9379180406993015,42.45976488721072,45.11880372190353,36.73823506038045,74.0,3.010647606442596,13.782336240109288,13.920159602510381,13.403769677183474,7.022540332821284,13.824899628444589,6.998914784413789,0.0005798729049547546,13.920159602510381,-0.2634014851772471,0.20857728864343075,0.0005770057954123331,-0.2634014851772471,0.20857728864343075,13.105646167732964,13.715562576550067,0.207997415738476,-0.26398135808220186,-0.20459702596031448,-0.8145134347774174,False,True,0.2830429211988254,0.5660858423976508,0.2831770682806583,0.5663541365613166
3520,58.666666666666664,False,False,53.00199779738663,50.0,7.932633721550076,42.43745488799768,45.09613694884183,36.71921145569922,74.0,3.001997797386629,13.789392087005272,13.927286007875324,13.410604372141515,7.02917132393253,13.832741757114487,7.005599444691743,0.0005798729049547546,13.927286007875324,-0.26350897976381094,0.20860828128721995,0.0005770057954123331,-0.26350897976381094,0.20860828128721995,13.112414242612527,13.722440426693332,0.2080284083822652,-0.2640888526687657,-0.20484558118199203,-0.8148717652627973,False,True,0.2831770682806583,0.5663541365613166,0.2833104520285179,0.5666209040570358
3525,58.75,False,False,52.99358994978017,50.0,7.927373647404892,42.415194027561476,45.07351863917715,36.70023081526134,74.0,2.993589949780173,13.79643658638332,13.934400952247154,13.41742733465293,7.035788298396294,13.840566020797054,7.012269027638166,0.0005798729049547546,13.934400952247154,-0.2636162130646357,0.20863919891790786,0.0005770057954123331,-0.2636162130646357,0.20863919891790786,13.11917152969935,13.729307345540567,0.2080593260129531,-0.26419608596959043,-0.20509360670658694,-0.8152294225478034,False,True,0.2833104520285179,0.5666209040570358,0.2834430556573108,0.5668861113146216
3530,58.833333333333336,False,False,52.98540717356973,50.0,7.9221372492101665,42.392979681776154,45.05094617550902,36.681291244291835,74.0,2.985407173569733,13.80347054773879,13.941505253216178,13.42423943761996,7.042391512503258,13.84837368287611,7.018923832700933,0.0005798729049547546,13.941505253216178,-0.26372319271026934,0.2086700347669725,0.0005770057954123331,-0.26372319271026934,0.2086700347669725,13.125918793238538,13.736164097709896,0.20809016186201773,-0.2643030656152241,-0.2053411555062823,-0.8155864599776397,False,True,0.2834430556573108,0.5668861113146216,0.28357487239627654,0.5671497447925531
3535,58.916666666666664,False,False,52.97743352576758,50.0,7.916923999866526,42.37080956243954,45.02841727784496,36.662391094226145,74.0,2.97743352576758,13.810494676070062,13.948599622830763,13.431041445474218,7.048981209694337,13.856165883878527,7.025564146445907,0.0005798729049547546,13.948599622830763,-0.2638299255986192,0.20870078279620904,0.0005770057954123331,-0.2638299255986192,0.20870078279620904,13.132656698229303,13.743011348570993,0.20812090989125429,-0.26440979850357393,-0.20558827425976922,-0.81594292460146,False,True,0.28357487239627654,0.5671497447925531,0.28370590376758364,0.5674118075351673
3540,59.0,False,False,52.96965400750108,50.0,7.911733411488996,42.3486816871492,45.00592997318535,36.64352893989303,74.0,2.9696540075010773,13.817509581112757,13.955684676923886,13.437834023400148,7.055557621027124,13.863943649726163,7.032190242672029,0.0005798729049547546,13.955684676923886,-0.26393641793917927,0.20873143765350946,0.0005770057954123331,-0.26393641793917927,0.20873143765350946,13.13938581925259,13.749849673072749,0.2081515647485547,-0.264516290844134,-0.20583500385113673,-0.8162988576712955,False,True,0.28370590376758364,0.5674118075351673,0.2838361580664555,0.567672316132911
3545,59.083333333333336,False,False,52.96205455137488,50.0,7.906565032730825,42.326594350698684,44.983482566668414,36.62470355797275,74.0,2.9620545513748766,13.824515786126371,13.962760943987634,13.44461774616267,7.062120965673469,13.871707899810557,7.038802382616558,0.0005798729049547546,13.962760943987634,-0.26404267529859027,0.20876199462730918,0.0005770057954123331,-0.26404267529859027,0.20876199462730918,13.146106648861796,13.756679564134018,0.20818212172235442,-0.264622548203545,-0.2060813798536163,-0.8166542951258382,False,True,0.2838361580664555,0.567672316132911,0.28396564902860677,0.5679312980572135
3550,59.166666666666664,False,False,52.95462200096862,50.0,7.901418446189936,42.30454609808559,44.961073614362384,36.60591390677443,74.0,2.9546220009686195,13.831513736202083,13.969828873564104,13.451393106497907,7.068671451437695,13.879459454830998,7.045400815233845,0.0005798729049547546,13.969828873564104,-0.2641487026466696,0.20879244960056473,0.0005770057954123331,-0.2641487026466696,0.20879244960056473,13.152819605508585,13.76350144056943,0.20821257669560997,-0.2647285755516244,-0.2063274329946747,-0.8170092680555197,False,True,0.28396564902860677,0.5679312980572135,0.28409439467024183,0.5681887893404837
3555,59.25,False,False,52.94734408407837,50.0,7.896293265912334,42.28253569918542,44.93870189775529,36.587159107351525,74.0,2.9473440840783667,13.838503806072247,13.976888844132969,13.458160523039007,7.075209275286562,13.887199044349572,7.051985777532953,0.0005798729049547546,13.976888844132969,-0.26425450440219106,0.20882279900498021,0.0005770057954123331,-0.26425450440219106,0.20882279900498021,13.159525040986603,13.77031565453316,0.20824292610002546,-0.2648343773071458,-0.20657318959980842,-0.8173638031463657,False,True,0.28409439467024183,0.5681887893404837,0.2842224162856218,0.5684448325712436
3560,59.333333333333336,False,False,52.940209381109305,50.0,7.891189135003714,42.260562125113964,44.91636639996073,36.56843842595309,74.0,2.9402093811093053,13.845486307412104,13.983941170486226,13.464920347759882,7.081734623883459,13.894927314028171,7.058557494961155,0.0005798729049547546,13.983941170486226,-0.2643600844778305,0.20885303977606864,0.0005770057954123331,-0.2643600844778305,0.20885303977606864,13.166223247385583,13.777122498473037,0.20827316687111389,-0.26493995738278525,-0.20681867201318838,-0.8177179231006431,False,True,0.2842224162856218,0.5684448325712436,0.2843497375873958,0.5686994751747916
3565,59.416666666666664,False,False,52.9332072898419,50.0,7.886105723356749,42.23862452627415,44.894066283632895,36.54975125779164,74.0,2.933207289841903,13.852461495632616,13.990986110588942,13.471672872929311,7.088247674120649,13.902644832522325,7.065116181821923,0.0005798729049547546,13.990986110588942,-0.26446544632380725,0.20888316930951795,0.0005770057954123331,-0.26446544632380725,0.20888316930951795,13.172914463555836,13.783922211595065,0.2083032964045632,-0.265045319228762,-0.20706389899387645,-0.818071647033106,False,True,0.2843497375873958,0.5686994751747916,0.28447638397540775,0.5689527679508155
3570,59.5,False,False,52.92632798762265,50.0,7.881042725498844,42.2167222120623,44.87180087056244,36.53109711209457,74.0,2.926327987622649,13.859429576170092,13.998023871931792,13.478418337575452,7.094748593644433,13.910352098015045,7.0716620417176355,0.0005798729049547546,13.998023871931792,-0.26457059296985713,0.20891318541922413,0.0005770057954123331,-0.26457059296985713,0.20891318541922413,13.179598881089646,13.790714985844845,0.20833331251426937,-0.2651504658748119,-0.2073088860869472,-0.8184249908421464,False,True,0.28447638397540775,0.5689527679508155,0.28460238192018794,0.5692047638403759
3575,59.583333333333336,False,False,52.91956239187657,50.0,7.875999858563304,42.19485463219158,44.849569622907794,36.51247559839543,74.0,2.9195623918765676,13.866390710283941,14.005054617386781,13.485156933467245,7.101237541369151,13.918049544381219,7.078195268008496,0.0005798729049547546,14.005054617386781,-0.2646755270652621,0.20894308629726863,0.0005770057954123331,-0.2646755270652621,0.20894308629726863,13.18627664983122,13.797500971417525,0.20836321339231387,-0.26525539997021685,-0.20755364596925574,-0.8187779675555618,False,True,0.28460238192018794,0.5692047638403759,0.2847277584483379,0.5694555168966758
3580,59.666666666666664,False,False,52.91290211969805,50.0,7.8709768603842605,42.173021359576204,44.82737212600395,36.493886414012806,74.0,2.912902119698053,13.873345020378162,14.012078470581944,13.491888810624372,7.107714667976777,13.925737546978993,7.084716044280472,0.0005798729049547546,14.012078470581944,-0.2647802509167401,0.20897287047603513,0.0005770057954123331,-0.2647802509167401,0.20897287047603513,13.192947882930776,13.80428028181195,0.20839299757108037,-0.2653601238216949,-0.20779818876999379,-0.8191305876511681,False,True,0.2847277584483379,0.5694555168966758,0.28485254071762206,0.5697050814352441
3585,59.75,False,False,52.9063394471522,50.0,7.865973487714598,42.151222074710944,44.80520807268007,36.4753293326592,74.0,2.906339447152199,13.88029259486557,14.019095520814227,13.498614082371363,7.114180116399606,13.933416428069625,7.091224544816206,0.0005798729049547546,14.019095520814227,-0.26488476652406606,0.20900253679259576,0.0005770057954123331,-0.26488476652406606,0.20900253679259576,13.199612661461627,13.811052998447714,0.208422663887641,-0.2654646394290208,-0.20804252236651344,-0.8194828593526005,False,True,0.28485254071762206,0.5697050814352441,0.2849767556707047,0.5699535113414094
3590,59.833333333333336,False,False,52.89986726880769,50.0,7.8609895145645226,42.12945655147176,44.78307724901041,36.45680419411763,74.0,2.8998672688076894,13.887233492596287,14.026105827522251,13.505332829954671,7.1206340222841895,13.941086461871368,7.097720935063768,0.0005798729049547546,14.026105827522251,-0.26498907561335006,0.20903208435543888,0.0005770057954123331,-0.26498907561335006,0.20903208435543888,13.206271038621143,13.817819174866205,0.20845221145048412,-0.2655689485183048,-0.20828665265604585,-0.8198347889011082,False,True,0.2849767556707047,0.5699535113414094,0.2851004297573103,0.5702008595146206
3595,59.916666666666664,False,False,52.89347905792481,50.0,7.856024730657722,42.10772464425912,44.760979521418136,36.4383108949215,74.0,2.8934790579248073,13.894167746873674,14.03310942434241,13.512045106743674,7.127076514435218,13.948747879256269,7.10420537209915,0.0005798729049547546,14.03310942434241,-0.26509317966794693,0.20906151251356705,0.0005770057954123331,-0.26509317966794693,0.20906151251356705,13.212923043538307,13.824578840538122,0.2084816396086123,-0.2656730525729017,-0.20853058380428813,-0.8201863808041026,False,True,0.2851004297573103,0.5702008595146206,0.2852235887155713,0.5704471774311426
