time_s,BIS,Ce_prop,Ce_remi,Cp_prop,Cp_remi,u_prop,u_remi,MAP,CO,HR,SV,TPR,ce_del,ce_bis
0,93.0,0.0,0.0,0.0,0.0,2.0,4.0,91.8363360109734,5.634131043618,62.8881,89.58978,0.0163,0.0,0.0
5,92.99998780702175,0.0004025410015331911,0.0028995892186122435,0.3250507080196994,0.9872704259465785,2.0,4.0,91.8363360109734,5.634131043618,62.8881,89.58978,0.0163,0.0004025410015331911,0.0
10,92.99983424892095,0.0016054719583180463,0.0115342968141521,0.6473858218818438,1.960457728561777,2.0,4.0,91.78571796728548,5.632280501872954,62.88535334344256,89.56426580149392,0.01629636839585016,0.0016054719583180463,0.0
15,92.9992416245927,0.0036001178728964633,0.025788455131713482,0.9670293701807983,2.9197762967241006,2.0,4.0,91.69516806903408,5.628901824586843,62.8776688615442,89.52147760092078,0.0162900634842329,0.0036001178728964633,0.0
20,92.99777773231494,0.006377884449528439,0.04554832369219684,1.2840051677450666,3.865437230098139,2.0,4.0,91.5706821091231,5.624131140305777,62.86477064688736,89.46395703718751,0.016281747317887847,0.006377884449528439,0.0
25,92.99777773231494,0.006377884449528439,0.04554832369219684,1.2840051677450666,3.865437230098139,2.0,4.0,91.5706821091231,5.624131140305777,62.86477064688736,89.46395703718751,0.016281747317887847,0.006377884449528439,0.0
30,92.9948985141606,0.00993025736751553,0.07070205872986109,1.5983368175400097,4.797648389643923,2.0,4.0,91.41626628592434,5.618043835432912,62.846630663035036,89.3929201321101,0.016271903346386053,0.00993025736751553,0.0
35,92.98996427270824,0.014248801561013102,0.10113968320275557,1.9100477125536257,5.7166144473505724,2.0,4.0,91.23487945026599,5.610691815609589,62.82329086049772,89.30910397655565,0.016260896596822533,0.014248801561013102,0.0
40,92.98225271004738,0.019325160505273564,0.1367530572687403,2.219161037665545,6.622536935206158,2.0,4.0,91.02882493691484,5.60211621136695,62.79482025997766,89.2130304406248,0.016249006893540193,0.019325160505273564,0.0
45,92.97097003462152,0.02515105550926328,0.17743584921991443,2.525699771499389,7.515614293415498,2.0,4.0,90.79995348964914,5.592352606592065,62.761300363485866,89.10511054110759,0.01623645000185028,0.02515105550926328,0.0
50,92.97097003462152,0.02515105550926328,0.17743584921991443,2.525699771499389,7.515614293415498,2.0,4.0,90.79995348964914,5.592352606592065,62.761300363485866,89.10511054110759,0.01623645000185028,0.02515105550926328,0.0
55,92.95340193267229,0.03171828501459639,0.22308350686838394,2.8296866882586382,8.396041917877445,2.0,4.0,90.54978720950005,5.581433494673231,62.722819093816135,88.9856925328075,0.016223392663536763,0.03171828501459639,0.00046002438791359346
60,92.9270906362952,0.03901872390072927,0.27359322937640757,3.1311443595461617,9.264012206933039,2.0,4.0,90.27960373260925,5.569389546489273,62.67946791236399,88.85508655364112,0.01620996394290969,0.03901872390072927,0.0014500540679541554
65,92.89017790726226,0.047044322796359776,0.32886393952406784,3.430095156167547,10.119714607395705,2.0,4.0,89.99049674927205,5.556250311141417,62.631340304103965,88.71357828466174,0.016196263974792985,0.047044322796359776,0.0028464132540170772
70,92.83989255471252,0.055787107396976135,0.38879625640771853,3.7265612499183796,10.963335659874561,2.0,4.0,89.68342065947714,5.542044622433708,62.57853091499037,88.56143698806676,0.01618237072585929,0.055787107396976135,0.0046907653901910595
75,92.83989255471252,0.055787107396976135,0.38879625640771853,3.7265612499183796,10.963335659874561,2.0,4.0,89.68342065947714,5.542044622433708,62.57853091499037,88.56143698806676,0.01618237072585929,0.055787107396976135,0.0046907653901910595
80,92.77313121440545,0.06523917778850051,0.45329246856256494,4.020564615355615,11.795059043401647,2.0,4.0,89.3592238551267,5.5268008424091475,62.521135026434855,88.39892046221385,0.016168345196997325,0.06523917778850051,0.007018096861137295
85,92.68648667541733,0.07539270777697316,0.5222565075028347,4.312127031553177,12.615065619373794,2.0,4.0,89.01867360008522,5.510547009808042,62.45924821537806,88.22627820953012,0.0161542354037891,0.07539270777697316,0.00985745836919831
90,92.57628363904863,0.08623994422422314,0.5955939216730964,4.601270083841939,13.423533474819655,2.0,4.0,88.66247463770162,5.493310930656684,62.392966122131334,88.04375352028917,0.016140079408740602,0.08623994422422314,0.013232722524136376
95,92.43862087143341,0.09777320638947237,0.6732118508043866,4.8880151655342035,14.220637965002245,2.0,4.0,88.29128310570339,5.475120232414237,62.322384283756634,87.85158487335411,0.016125907625369466,0.09777320638947237,0.017163302567072082
100,92.43862087143341,0.09777320638947237,0.6732118508043866,4.8880151655342035,14.220637965002245,2.0,4.0,88.29128310570339,5.475120232414237,62.322384283756634,87.85158487335411,0.016125907625369466,0.09777320638947237,0.017163302567072082
105,92.26941896472061,0.10998488527682014,0.7550190006688968,5.172383479632843,15.006551755367228,2.0,4.0,87.90571694249394,5.45600239454189,62.24759800899127,87.65000689269657,0.016111744567860457,0.10998488527682014,0.0216648060791933
110,92.06447310509675,0.12286744298855568,0.8409256182270742,5.454396040525224,15.78144486284696,2.0,4.0,87.5063636723474,5.435984763496544,62.168702280538604,87.43925100714598,0.01609761018094933,0.12286744298855568,0.026749614521960507
115,91.81951036491843,0.13641341208424684,0.9308434671610817,5.7340736756620485,16.545484696530213,2.0,4.0,87.093786232891,5.41509455728188,62.085791676050896,87.21954590732408,0.01608352085297804,0.13641341208424684,0.03242738737653468
120,91.53025104896477,0.15061539494555354,1.024685803788655,6.011437027221256,17.2988360977073,2.0,4.0,86.66852733941913,5.39335886293797,61.99896030233156,86.99111786129654,0.016069490190053375,0.15061539494555354,0.03870549492721463
125,91.53025104896477,0.15061539494555354,1.024685803788655,6.011437027221256,17.2988360977073,2.0,4.0,86.66852733941913,5.39335886293797,61.99896030233156,86.99111786129654,0.016069490190053375,0.15061539494555354,0.03870549492721463
130,91.19247355269286,0.1654660631467147,1.122367353351489,6.286506553757114,18.041661379300223,2.0,4.0,86.23111275413403,5.3708046292489255,61.908301739205456,86.75419093022363,0.01605552960994467,0.1654660631467147,0.04558938625489187
135,90.80208204994652,0.18095815683065833,1.2238042866723735,6.559302531834625,18.774120364687235,2.0,4.0,85.78205373423081,5.34745865623681,61.81390899069188,86.50898711230262,0.016041648799693307,0.18095815683065833,0.053082899918260346
140,90.35517613690372,0.1970844840906849,1.3289141971753877,6.8298450576493925,19.496370425931193,2.0,4.0,85.32184886286888,5.323347582539865,61.71587444186614,86.25572643476427,0.016027856069875543,0.1970844840906849,0.06118852488752255
145,89.84812134132225,0.21383792035767357,1.4376160782635539,7.098154048633061,20.20856652142078,2.0,4.0,84.85098541532913,5.29849787145563,61.61428982028263,85.99462700796127,0.016014158630211633,0.21383792035767357,0.06990761887285088
150,89.84812134132225,0.21383792035767357,1.4376160782635539,7.098154048633061,20.20856652142078,2.0,4.0,84.85098541532913,5.29849787145563,61.61428982028263,85.99462700796127,0.016014158630211633,0.21383792035767357,0.06990761887285088
155,89.2776191838683,0.23121140779276292,1.5498303010484287,7.36424924504447,20.910861232933673,2.0,4.0,84.36994037435552,5.272935796211098,61.50924616115443,85.72590505167287,0.01600056280506584,0.23121140779276292,0.07924059052294039
160,88.64077527388892,0.249197954685457,1.6654785924262065,7.628150211546642,21.60340480213048,2.0,4.0,83.87918118029667,5.246687424869039,61.40083377570247,85.44977490102517,0.015987074202803372,0.249197954685457,0.0891870512127835
165,87.93516375706498,0.2677906348571082,1.7844840134949824,7.889876338769734,22.286345166488278,2.0,4.0,83.37916628058758,5.219778605170657,61.28914222223675,85.16644899750011,0.015973697849558804,0.2677906348571082,0.09974594137826182
170,87.15888632664905,0.2869825870697296,1.9067709383079112,8.149446844860076,22.95982799468222,2.0,4.0,82.8703455274148,5.192234949536169,61.17426027963682,84.87613786912462,0.015960438295423776,0.2869825870697296,0.11091563563773893
175,87.15888632664905,0.2869825870697296,1.9067709383079112,8.149446844860076,22.95982799468222,2.0,4.0,82.8703455274148,5.192234949536169,61.17426027963682,84.87613786912462,0.015960438295423776,0.2869825870697296,0.11091563563773893
180,86.31062398014045,0.30676701444008847,2.0322650329570777,8.406880777015424,23.62399672142384,2.0,4.0,82.3531604606767,5.16408182038728,61.0562759229733,84.57905010292677,0.015947299699155548,0.30676701444008847,0.12269403029132625
185,85.38967976167407,0.3271371838590347,2.160893234982974,8.662197013006537,24.27899258176428,2.0,4.0,81.82804450454606,5.135344315912812,60.93527630106564,84.27539231200637,0.015934285896076483,0.3271371838590347,0.1350786162155287
190,84.39601088393513,0.34808642541601686,2.292583733104556,8.915414262685225,24.924954644870724,2.0,4.0,81.29542309930622,5.106047256366687,60.81134771581076,83.96536909901654,0.01592140045275524,0.34808642541601686,0.14806653967477468
195,83.3302488723056,0.3696081318287406,2.4272659472649303,9.166551069478963,25.56201984728409,2.0,4.0,80.75571378510958,5.076215170963248,60.68457560314629,83.64918301743982,0.015908646711243646,0.3696081318287406,0.16165465314729444
200,83.3302488723056,0.3696081318287406,2.4272659472649303,9.166551069478963,25.56201984728409,2.0,4.0,80.75571378510958,5.076215170963248,60.68457560314629,83.64918301743982,0.015908646711243646,0.3696081318287406,0.16165465314729444
205,82.19370671125539,0.3916957578779218,2.564870508987802,9.415625811872205,26.190323025666007,2.0,4.0,80.20932625048441,5.0458722854161975,60.55504451553404,83.32703453172745,0.015896027825022235,0.3916957578779218,0.17583955790401634
210,80.98837238455484,0.4143428198470913,2.705329242039882,9.66265670487451,26.80999694904282,2.0,4.0,79.65666235549624,5.015042510153093,60.42283810586595,82.99912197712912,0.01588354678833312,0.4143428198470913,0.1906176397778403
215,79.71688866601869,0.4375428949674046,2.848575143394527,9.907661801475598,27.421172350554457,2.0,4.0,79.0981161372283,4.983749429226142,60.288039112707686,82.66564151985584,0.01587120646021531,0.4375428949674046,0.20598509930910225
220,78.38251951035919,0.46128962086741226,2.9945423644919757,10.15065899408746,28.023977958715687,2.0,4.0,78.53407380351551,4.952016289931182,60.15072934680512,82.32678711807185,0.015859009584277217,0.46128962086741226,0.22193797724397246
225,78.38251951035919,0.46128962086741226,2.9945423644919757,10.15065899408746,28.023977958715687,2.0,4.0,78.53407380351551,4.952016289931182,60.15072934680512,82.32678711807185,0.015859009584277217,0.46128962086741226,0.22193797724397246
230,76.98910388532707,0.48557669502774736,3.1431661927915764,10.391666015973621,28.61854052819728,2.0,4.0,77.96491371952675,4.919865993139848,60.01098967878664,81.9827504840997,0.015846958805024222,0.48557669502774736,0.23847217618940836
235,75.54099834690624,0.5103978742406855,3.2943830336115223,10.630700442665702,29.204984870134464,2.0,4.0,77.39100639074718,4.88732108434431,59.868900028000894,81.63372104813172,0.01583505668139053,0.5103978742406855,0.25558347908530304
240,74.04301006096104,0.5357469740745344,3.448130392251641,10.867779693367341,29.783433881969902,2.0,4.0,76.81271444509818,4.85440374540965,59.724539352434434,81.27988592367066,0.015823305697992816,0.5357469740745344,0.27326756503667193
245,72.50032229371924,0.5616178683428099,3.604346856394865,11.102921032345643,30.354008576838364,2.0,4.0,76.23039261629324,4.821135787025364,59.57798563965825,80.92142987486575,0.01581170827451996,0.5616178683428099,0.291520022951826
250,72.50032229371924,0.5616178683428099,3.604346856394865,11.102921032345643,30.354008576838364,2.0,4.0,76.23039261629324,4.821135787025364,59.57798563965825,80.92142987486575,0.01581170827451996,0.5616178683428099,0.291520022951826
255,70.91841461235306,0.5880044885781557,3.762972078783089,11.336141570310234,30.91682811250011,2.0,4.0,75.6443877300246,4.787538641844654,59.42931589875529,80.5585352858643,0.015800266773591736,0.5880044885781557,0.3103363633528844
260,69.30298014582436,0.6149008235109641,3.9239467601631666,11.567458265780042,31.472009819829953,2.0,4.0,75.05503869417892,4.753633358297939,59.27860615318443,80.19138213226316,0.015788983507355043,0.6149008235109641,0.3297120286596786
265,67.65984225335512,0.6423009185526571,4.087212632498881,11.796887926437906,32.01966923086877,2.0,4.0,74.46267649396523,4.719440595065175,59.125931434538636,79.82014795471444,0.01577786074303514,0.6423009185526571,0.3496424021945521
270,65.99487283950094,0.6701988752835852,4.252712442444773,12.024447210473136,32.55992010644425,2.0,4.0,73.86762419258886,4.684980616190186,58.97136577715738,79.44500783471625,0.015766900707618683,0.6701988752835852,0.3701228161116856
275,65.99487283950094,0.6701988752835852,4.252712442444773,12.024447210473136,32.55992010644425,2.0,4.0,73.86762419258886,4.684980616190186,58.97136577715738,79.44500783471625,0.015766900707618683,0.6701988752835852,0.3701228161116856
280,64.31391435381234,0.6985888509455029,4.420389935077791,12.250152627912122,33.09287446336742,2.0,4.0,73.27019693790612,4.650273286819006,58.81498221355512,79.06613437259962,0.015756105591812692,0.6985888509455029,0.3911485584186435
285,62.62270723769036,0.7274650579385804,4.590189837882771,12.474020541937081,33.61864260121152,2.0,4.0,72.67070197533705,4.615338069543448,58.65685277062955,78.68369766770752,0.015745477553397443,0.7274650579385804,0.41271487922839756
290,60.92682425280133,0.7568217633229113,4.762057844987829,12.696067170193093,34.1373331286796,2.0,4.0,72.069438667187,4.58019402133037,58.49704846661474,78.29786530074871,0.015735018720070205,0.7568217633229113,0.4348169963559929
295,59.23161276710114,0.7866532883244756,4.9359406016458065,12.916308586083481,34.649052989567245,2.0,4.0,71.46669851842825,4.54485979101667,58.335639308745684,77.90880231829917,0.01572473119185958,0.7866532883244756,0.457450100354277
300,59.23161276710114,0.7866532883244756,4.9359406016458065,12.916308586083481,34.649052989567245,2.0,4.0,71.46669851842825,4.54485979101667,58.335639308745684,77.90880231829917,0.01572473119185958,0.7866532883244756,0.457450100354277
305,57.54214570827126,0.8169540078455185,5.1117856889579665,13.134760720053677,35.153907488326475,2.0,4.0,70.86276520891244,4.509353617349669,58.172694291602006,77.51667121941529,0.01571461704317644,0.8169540078455185,0.48060935906694224
310,55.86318154006933,0.8477183499793065,5.289541608836187,13.351439360863639,35.652000315237125,2.0,4.0,70.25791463192304,4.473693327552368,58.00828139609986,77.12163194431672,0.015704678324556125,0.8477183499793065,0.5042899217638929
315,54.199133291216846,0.8789407955292199,5.469157769199979,13.566360156848958,36.14343357119164,2.0,4.0,69.65241493892552,4.4378963363929,57.84246758910203,76.72384186509073,0.015694917064137344,0.8789407955292199,0.52848692291307
320,52.554046381334736,0.9106158775321451,5.650584469404703,13.779538617170742,36.62830779209923,2.0,4.0,69.04652659033597,4.401979645737548,57.67531882361735,76.3234557783665,0.01568533526891565,0.9106158775321451,0.5531954856339658
325,52.554046381334736,0.9106158775321451,5.650584469404703,13.779538617170742,36.62830779209923,2.0,4.0,69.04652659033597,4.401979645737548,57.67531882361735,76.3234557783665,0.01568533526891565,0.9106158775321451,0.5531954856339658
330,50.93158475211268,0.9427381807861275,5.83377288589739,13.990990113054357,37.1067219729152,2.0,4.0,68.44050241209787,4.365959844566722,57.5069000395615,75.92062589990397,0.01567593492580322,0.9427381807861275,0.5784107248707393
335,49.33502462821757,0.9753023413822464,6.01867505809667,14.200729879017162,37.57877359130136,2.0,4.0,67.83458765783398,4.329853109433409,57.33727516505211,75.5155018610392,0.015666718002521476,0.9753023413822464,0.6041277503168223
340,47.76725510158473,1.0083030462406755,6.205243874493334,14.408773014085298,38.04455863092297,2.0,4.0,67.22902007632413,4.2936752053438685,57.16650711821221,75.10823070692703,0.015657686448348845,1.0083030462406755,0.6303416691179665
345,46.23078465187467,1.0417350326508903,6.393433058968123,14.615134482999654,38.50417160438793,2.0,4.0,66.62402998404647,4.257441487040483,56.99465780945654,74.69895689651968,0.015648842194742527,1.0417350326508903,0.6570475883765927
350,46.23078465187467,1.0417350326508903,6.393433058968123,14.615134482999654,38.50417160438793,2.0,4.0,66.62402998404647,4.257441487040483,56.99465780945654,74.69895689651968,0.015648842194742527,1.0417350326508903,0.6570475883765927
355,44.72775267997,1.0755930878159878,6.5831971573233785,14.819829117411098,38.957705575833685,2.0,4.0,66.01984034251257,4.221166900667048,56.82178814423652,74.28782230421949,0.015640187155850156,1.0755930878159878,0.6842406174769393
360,43.259945133941535,1.1098720484010784,6.774491524025262,15.022871617065077,39.40525218316729,2.0,4.0,65.41666684012131,4.18486598579706,56.647958026219996,73.87496622314363,0.015631723228924827,1.1098720484010784,0.7119158702477282
365,41.828813340702176,1.144566800085717,6.967272309153272,15.224276550975649,39.84690165996388,2.0,4.0,64.81471797825402,4.148552877805906,56.47322636088309,73.46052536993804,0.015623452294654939,1.144566800085717,0.7400684669767513
370,40.43549521423977,1.1796722771203345,7.161496445553866,15.424058358589088,40.28274285702884,2.0,4.0,64.21419516133389,4.112241310568257,56.29765105949189,73.04463389107822,0.015615376217418608,1.1796722771203345,0.7686935362898641
375,40.43549521423977,1.1796722771203345,7.161496445553866,15.424058358589088,40.28274285702884,2.0,4.0,64.21419516133389,4.112241310568257,56.29765105949189,73.04463389107822,0.015615376217418608,1.1796722771203345,0.7686935362898641
380,39.08083808585761,1.2151834618866375,7.3571216361950205,15.62223135093713,40.712863263628854,2.0,4.0,63.615292790573335,4.075944619462374,56.121289043452705,72.62742337059498,0.01560749684547096,1.2151834618866375,0.7977862169052865
385,37.7654224869208,1.2510953844619368,7.554106341718631,15.818809711779926,41.13734902839688,2.0,4.0,63.01819836113719,4.039675744663401,55.94419624901007,72.2090228391633,0.015599816011071469,1.2510953844619368,0.8273416592727548
390,36.489586304744144,1.287403122187373,7.7524097681876905,16.01380749873886,41.55628497991612,2.0,4.0,62.42309256245341,4.003447234708263,55.766427632272666,71.78955878449389,0.015592335530557397,1.287403122187373,0.8573550271059749
395,35.25344882298654,1.3241017992400015,7.951991855025224,16.207238644419252,41.96975464698782,2.0,4.0,61.83014938140796,3.967271250315091,55.58803717454776,71.36915516296726,0.015585057204368683,1.3241017992400015,0.8878214988158644
400,35.25344882298654,1.3241017992400015,7.951991855025224,16.207238644419252,41.96975464698782,2.0,4.0,61.83014938140796,3.967271250315091,55.58803717454776,71.36915516296726,0.015585057204368683,1.3241017992400015,0.8878214988158644
405,34.05693424573868,1.3611865862087065,8.152813263142036,16.399116957523102,42.37784027858785,2.0,4.0,61.239536208167266,3.93115956844069,55.40907788796551,70.94793341245104,0.01557798281702876,1.3611865862087065,0.9187362688512879
410,32.89979438684127,1.3986526996739055,8.354835363250315,16.58945612395187,42.78062286351676,2.0,4.0,60.65141394437815,3.895123586559961,55.22960182137529,70.52601246624319,0.015571114137085285,1.3986526996739055,0.9500945489533006
415,31.78163028111195,1.4364954017910134,8.558020224360257,16.778269707899515,43.178182149748146,2.0,4.0,60.06593711350201,3.859174327151668,55.049660066496486,70.10350876808378,0.015564452917014178,1.4364954017910134,0.9818915693283556
420,30.70191254107103,1.4747099998776314,8.762330602456856,16.965571152935745,43.57059666347976,2.0,4.0,59.48325397304796,3.8233224423754333,54.869302764307164,69.68053628817987,0.015558000893089981,1.4747099998776314,1.0141225797454112
425,30.70191254107103,1.4747099998776314,8.762330602456856,16.965571152935745,43.57059666347976,2.0,4.0,59.48325397304796,3.8233224423754333,54.869302764307164,69.68053628817987,0.015558000893089981,1.4747099998776314,1.0141225797454112
430,29.660000340988987,1.5132918460044287,8.967729929354075,17.151373783079645,43.957943727892165,2.0,4.0,58.90350662847757,3.7875782189253315,54.688579111654526,69.25720654018915,0.015551759785225123,1.5132918460044287,1.046782850561473
435,28.65515895964768,1.552236336589682,9.174182301723654,17.335690803863766,44.34029948161919,2.0,4.0,58.326831148561595,3.751951583045913,54.507537368071475,68.83362859910947,0.015545731296780396,1.552236336589682,1.0798676736797148
440,27.686575854452514,1.591538911997443,9.381652470295865,17.51853530338871,44.717738896934826,2.0,4.0,57.75335768197765,3.7164521056969773,54.32622486278451,68.40990912002218,0.01553991711434868,1.591538911997443,1.1133723634440056
445,26.75337527303411,1.6311950561392987,9.590105829229527,17.699920253368344,45.09033579766077,2.0,4.0,57.183210574945846,3.681089007853913,54.14468800189854,67.9861523576392,0.015534318907513688,1.6311950561392987,1.1472922574733844
450,26.75337527303411,1.6311950561392987,9.590105829229527,17.699920253368344,45.09033579766077,2.0,4.0,57.183210574945846,3.681089007853913,54.14468800189854,67.9861523576392,0.015534318907513688,1.6311950561392987,1.1472922574733844
455,25.85463143495862,1.6712002960796948,9.799508405648693,17.87985851016572,45.45816287679898,2.0,4.0,56.616508489707854,3.6458711659308585,53.96297227574476,67.5624601866047,0.015528938328585346,1.6712002960796948,1.1816227174397793
460,24.989380336426265,1.7115502016447885,10.009826849343405,18.05836281581976,45.821291713893395,2.0,4.0,56.053364523663426,3.6108071173144722,53.78112226637845,67.13893212250402,0.015523777012313236,1.7115502016447885,1.2163591297920324
465,24.156630245700313,1.7522403850348018,10.221028422631983,18.23544579906279,46.17979279212509,2.0,4.0,55.49388632898598,3.5759050659964933,53.59918165521385,66.71566534353325,0.01551883657557938,1.7522403850348018,1.2514969064290966
470,23.35537096727876,1.7932665004398407,10.433080990382365,18.411119976329058,46.53373551514486,2.0,4.0,54.938176232548045,3.541172888293809,53.417193230784,66.29275471278511,0.015514118617071557,1.7932665004398407,1.2870314853250957
475,23.35537096727876,1.7932665004398407,10.433080990382365,18.411119976329058,46.53373551514486,2.0,4.0,54.938176232548045,3.541172888293809,53.417193230784,66.29275471278511,0.015514118617071557,1.7932665004398407,1.2870314853250957
480,22.584581959261627,1.8346242436591524,10.645953010189997,18.585397752754226,46.88318822364729,2.0,4.0,54.38633135599472,3.506618138645159,53.235198896613944,65.87029280110757,0.015509624716938184,1.8346242436591524,1.3229583311087647
485,21.843239391672384,1.8763093517237888,10.859613522709902,18.758291423166,47.22821821169032,2.0,4.0,53.83844373581169,3.4722480554740645,53.05323967919589,65.44836991049313,0.015505356436425782,1.8763093517237888,1.359272935599651
490,21.130322234290446,1.9183176025226438,11.07403214214049,18.929813173065938,47.568891742764166,2.0,4.0,53.2946004432418,3.438069567108023,52.871355736055946,65.0270740979583,0.015501315317499886,1.9183176025226438,1.395970818303311
495,20.444817461391835,1.96064481443184,11.289179046856798,19.099975079602483,47.90527406561349,2.0,4.0,52.75488370391264,3.4040892977444432,52.68958636390199,64.60649119987416,0.015497502882450274,1.96064481443184,1.4330475268676226
500,20.444817461391835,1.96064481443184,11.289179046856798,19.099975079602483,47.90527406561349,2.0,4.0,52.75488370391264,3.4040892977444432,52.68958636390199,64.60649119987416,0.015497502882450274,1.96064481443184,1.4330475268676226
505,19.785724458147627,2.003286845947427,11.505024970190814,19.26878911253539,48.23742942981655,2.0,4.0,52.21937101704413,3.370313573454202,52.507970006843074,64.18670485670971,0.015493920633481295,2.003286845947427,1.4704986375021956
510,19.152058709696405,2.04623959532137,11.721541191356632,19.436267135191528,48.565421101125125,2.0,4.0,51.68813527411346,3.336748428214163,52.32654426467109,63.767796538152226,0.015490570052288028,2.04623959532137,1.5083197553627965
515,18.54285484942085,2.089499000200793,11.938699526518189,19.60242090541219,48.88931137656884,2.0,4.0,51.16124487686082,3.303399609960347,52.1453459011958,63.349845568568625,0.015487452599619016,2.089499000200793,1.5465065149025607
520,17.957169137990746,2.133061037270451,12.156472319997365,19.767262076491964,49.20916159932756,2.0,4.0,50.63876385452771,3.270272586653923,51.96441085262491,62.93292915277476,0.01548456971482621,2.133061037270451,1.585054580191699
525,17.957169137990746,2.133061037270451,12.156472319997365,19.767262076491964,49.20916159932756,2.0,4.0,50.63876385452771,3.270272586653923,51.96441085262491,62.93292915277476,0.01548456971482621,2.133061037270451,1.585054580191699
530,17.39408143950493,2.176921721898399,12.374832435620284,19.930802198109255,49.52503217337535,2.0,4.0,50.12075198022482,3.2373725523524843,51.78377423598123,62.51712240207941,0.015481922815402829,2.176921721898399,1.6239596452073133
535,16.852696755745995,2.2210771077848377,12.593753248199661,20.09305271724852,49.83698257789957,2.0,4.0,49.607264886334406,3.204704433279544,51.60347035754939,62.10249836057214,0.015479513296509739,2.2210771077848377,1.66321743409485
540,16.332146374285458,2.265523286614094,12.813208635151113,20.25402497911428,50.14507138149852,2.0,4.0,49.098354178857726,3.172272893885497,51.423532721344934,61.68912803162484,0.015477342530490986,2.265523286614094,1.702823701402647
545,15.831588681044394,2.310256387709723,13.033172968241319,20.413730228037032,50.44935625616104,2.0,4.0,48.594067550624274,3.1400823428936753,51.243994037599094,61.277080404577994,0.015475411866379102,2.310256387709723,1.7427742322909658
550,15.831588681044394,2.310256387709723,13.033172968241319,20.413730228037032,50.44935625616104,2.0,4.0,48.594067550624274,3.1400823428936753,51.243994037599094,61.277080404577994,0.015475411866379102,2.310256387709723,1.7427742322909658
555,15.350209682997402,2.355272577692691,13.253621105466022,20.572179608371055,50.74989399103147,2.0,4.0,48.09444889328597,3.1081369393254725,51.06488623125286,60.86642248158428,0.015473722629390783,2.355272577692691,1.7830648427168074
560,14.887223282053768,2.4005680601426205,13.474528383055858,20.72938416538425,51.04674050596315,2.0,4.0,47.59953840802472,3.076440598498865,50.88624045045449,60.457219304582914,0.015472276120413539,2.4005680601426205,1.8236913795957808
565,14.441871336793838,2.446139075262068,13.695870607607985,20.885354846140054,51.33995086486382,2.0,4.0,47.109372714907465,3.0449969979949536,50.70808707505461,60.04953398237957,0.015471073615483917,2.446139075262068,1.8646497209422077
570,14.013423544693936,2.4919818995438043,13.917624048341628,21.040102500371503,51.62957928883608,2.0,4.0,46.623984960828295,3.0138095835875136,50.530455725093965,59.6434277178075,0.0154701163652579,2.4919818995438043,1.9059357759885955
575,14.013423544693936,2.4919818995438043,13.917624048341628,21.040102500371503,51.62957928883608,2.0,4.0,46.623984960828295,3.0138095835875136,50.530455725093965,59.6434277178075,0.0154701163652579,2.4919818995438043,1.9059357759885955
580,13.601177173749747,2.5380928454410734,14.139765429475586,21.193637881347517,51.915679169115975,2.0,4.0,46.143404925982374,2.982881575130823,50.35337526927867,59.2389598349472,0.015469405594474068,2.5380928454410734,1.9475454852855525
585,13.204456669000095,2.5844682610408047,14.362271922725789,21.34597164673146,52.19830307981302,2.0,4.0,45.66765912882084,2.952215972401332,50.17687383343849,58.836187806382206,0.01546894250141014,2.5844682610408047,1.9894748207831916
590,12.822613156354663,2.631104529739748,14.585121139921092,21.497114359432082,52.47750279045444,2.0,4.0,45.196770929441286,2.921815560889059,50.000978808963886,58.435167280470374,0.01546872825733349,2.631104529739748,2.03171978589498
595,12.455023863325536,2.6779980699235097,14.808291125735433,21.647076488446867,52.753329278336814,2.0,4.0,44.73076063137264,2.891682917534841,49.825716861217934,58.0359521086107,0.015468764005946267,2.6779980699235097,2.074276415544963
600,12.455023863325536,2.6779980699235097,14.808291125735433,21.647076488446867,52.753329278336814,2.0,4.0,44.73076063137264,2.891682917534841,49.825716861217934,58.0359521086107,0.015468764005946267,2.6779980699235097,2.074276415544963
605,12.101091473738435,2.725145334648461,15.031760350534567,21.79586840969788,53.02583274068807,2.0,4.0,44.26964558171723,2.8618204164098624,49.65111393791949,57.6385943724867,0.015469050862825713,2.725145334648461,2.1171407761992804
610,11.760243431236987,2.7725428113264936,15.255507703335605,21.943500406860185,53.295062606642645,2.0,4.0,43.81344026961785,2.8322302343341317,49.477195277494246,57.24314441126843,0.01546958991486035,2.7725428113264936,2.160308965882781
615,11.431931204373285,2.820187021412599,15.47951248487759,22.089982672182856,53.56106754903278,2.0,4.0,43.36215642302065,2.8029143564308305,49.30398541739068,56.84965084875627,0.015470382219682612,2.820187021412599,2.203777114181558
620,11.115629524281402,2.8680745200952438,15.703754400801405,22.235325307302723,53.82389549599874,2.0,4.0,42.915803103709216,2.7738745816137076,49.13150820235811,56.458160620450336,0.015471428805098626,2.8680745200952438,2.247541382232182
625,11.115629524281402,2.8680745200952438,15.703754400801405,22.235325307302723,53.82389549599874,2.0,4.0,42.915803103709216,2.7738745816137076,49.13150820235811,56.458160620450336,0.015471428805098626,2.8680745200952438,2.247541382232182
630,10.81083560433828,2.9162018959895173,15.9282135549373,22.37953832405084,54.0835936424207,2.0,4.0,42.47438680058818,2.7451125280048965,48.959786792684504,56.06871900053019,0.015472730668515755,2.9162018959895173,2.291597962698335
635,10.517068349809946,2.964565770833027,16.152870442698397,22.52263164525181,54.340208461175095,2.0,4.0,42.03791152119889,2.7166296382808044,48.78884367239156,55.68136962873093,0.015474288776368582,2.964565770833027,2.335943079735562
640,10.23386756424307,3.0131627991845176,16.37770594457849,22.664615105515942,54.5937857142181,2.0,4.0,41.60637888145203,2.688427184943873,48.61870065738541,55.29615453710172,0.015476104063543999,3.0131627991845176,2.380572988944791
645,9.96079315827501,3.061989668125186,16.602701319752555,22.805498452024413,54.84437046349892,2.0,4.0,41.179788193565955,2.6605062755182742,48.44937890356097,54.913114176634586,0.015478177432806097,3.061989668125186,2.425483977315256
650,9.96079315827501,3.061989668125186,16.602701319752555,22.805498452024413,54.84437046349892,2.0,4.0,41.179788193565955,2.6605062755182742,48.44937890356097,54.913114176634586,0.015478177432806097,3.061989668125186,2.425483977315256
655,9.697424365585633,3.111043096962674,16.82783819977835,22.945291345307396,55.09200708170545,2.0,4.0,40.75813655220208,2.6328678576677587,48.280898914858554,54.53228744375113,0.01548050975422153,3.111043096962674,2.470672363157423
660,9.443358969885026,3.1603198369377115,17.053098582397563,23.084003360015302,55.336739262844915,2.0,4.0,40.34141891879138,2.6055127242340785,48.11328055127148,54.15371170663654,0.015483101864586065,3.1603198369377115,2.5161344960264858
665,9.19821254611081,3.209816670933385,17.27846482543494,23.221643985683123,55.57861003266208,2.0,4.0,39.929628204049,2.5784415181945937,47.946543036803604,53.7774228314102,0.01548595456685302,3.209816670933385,2.561866756636982
670,8.961617718385355,3.2595304131870098,17.50391964079387,23.35822262748799,55.817661758897366,2.0,4.0,39.52275534867621,2.551654737537819,47.78070496737592,53.403455208123404,0.01548906862956432,3.2595304131870098,2.607865556769049
675,8.961617718385355,3.2595304131870098,17.50391964079387,23.35822262748799,55.817661758897366,2.0,4.0,39.52275534867621,2.551654737537819,47.78070496737592,53.403455208123404,0.01548906862956432,3.2595304131870098,2.607865556769049
680,8.733223436743685,3.309457909004587,17.729446088546965,23.49374860699998,56.05393616138754,2.0,4.0,39.12078940225135,2.5251527400558573,47.61578431868158,53.03184177657532,0.01549244478628488,3.309457909004587,2.6541273391667977
685,8.512694274180362,3.35959603447781,17.955027571120112,23.628231162926234,56.287474322011235,2.0,4.0,38.72371760031359,2.498935748052795,47.45179845398891,52.66261405193861,0.015496083735041062,3.35959603447781,2.700648577429296
690,8.299709745165885,3.4099416962036155,18.180647827568574,23.761679451848483,56.518316694481705,2.0,4.0,38.331525439645674,2.473003852968312,47.28876413189214,52.29580215018745,0.01549998613776395,3.4099416962036155,2.7474257758945995
695,8.093963646445232,3.460491831006237,18.406290927943708,23.894102548953956,56.74650311398926,2.0,4.0,37.94419675176328,2.4473570199158714,47.12669751400965,51.93143481332063,0.015504152619738178,3.460491831006237,2.794455469517247
700,8.093963646445232,3.460491831006237,18.406290927943708,23.894102548953956,56.74650311398926,2.0,4.0,37.94419675176328,2.4473570199158714,47.12669751400965,51.93143481332063,0.015504152619738178,3.460491831006237,2.794455469517247
705,7.8951634206432715,3.5112434056617556,18.63194126774889,24.02550944875984,56.97207280669559,2.0,4.0,37.56171377462097,2.4219950921350137,46.96561417262993,51.56953943437358,0.015508583769057074,3.5112434056617556,2.8417342237396364
710,7.703029542958859,3.5621934166251137,18.85758356248325,24.155909065831246,57.195064399082284,2.0,4.0,37.18405722254598,2.3969177953573766,46.80552909830532,51.21014208221314,0.015513280136084892,3.5621934166251137,2.889258634357671
715,7.517294931026257,3.613338889759576,19.083202842271874,24.2853102354928,57.415515927155774,2.0,4.0,36.81120635441318,2.372124742086223,46.64645670739405,50.853267526110116,0.015518242232926867,3.613338889759576,2.937025327381025
720,7.337704377851921,3.6646768800686145,19.30878444658111,24.413721714533917,57.63346484551096,2.0,4.0,36.44313904007536,2.347615435789329,46.48841084955089,50.49893926008461,0.015523470532907889,3.6646768800686145,2.985030958888397
725,7.337704377851921,3.6646768800686145,19.30878444658111,24.413721714533917,57.63346484551096,2.0,4.0,36.44313904007536,2.347615435789329,46.48841084955089,50.49893926008461,0.015523470532907889,3.6646768800686145,2.985030958888397
730,7.164014007594716,3.716204471430194,19.53431401901767,24.54115218190776,57.84894803625558,2.0,4.0,36.079831825065135,2.3233892750052223,46.33140481516711,50.147179527019965,0.015528965470060559,3.716204471430194,3.0332722148780746
735,6.995990753842463,3.7679187763334387,19.75977750221022,24.667610239424008,58.062001817797615,2.0,4.0,35.72125999358555,2.2994455573628643,46.17545134276062,49.79800934254151,0.015534727438623393,3.7679187763334387,3.0817458111141245
740,6.833411859945016,3.819816935617661,19.98516113277217,24.79310441243545,58.27266195349767,2.0,4.0,35.36739762980765,2.275783483514929,46.02056262631683,49.451448518656825,0.015540756792549959,3.819816935617661,3.1304484929685197
745,6.676064400889473,3.8718961182137246,20.210451436344396,24.917643150518476,58.48096366018851,2.0,4.0,35.01821767749468,2.252402160984975,45.86675032258159,49.107515687154525,0.01554705384502971,3.8718961182137246,3.17937703525947
750,6.676064400889473,3.8718961182137246,20.210451436344396,24.917643150518476,58.48096366018851,2.0,4.0,35.01821767749468,2.252402160984975,45.86675032258159,49.107515687154525,0.01554705384502971,3.8718961182137246,3.17937703525947
755,6.523744826146171,3.9241535208877263,20.435635222716705,25.041234828147473,58.686941616563786,2.0,4.0,34.67369199797344,2.229300607928846,45.71402555830682,48.76622832275933,0.015553618868021292,3.9241535208877263,3.2285282420862575
760,6.37625852286925,3.976586367986977,20.660699581026723,25.163887745363265,58.89062997143789,2.0,4.0,34.3337914264739,2.2064777568107417,45.562398937450396,48.42760276604111,0.015560452091799104,3.976586367986977,3.2778989466608017
765,6.233419398804344,4.029191911188257,20.885631875035088,25.285610128435586,59.092062351879015,2.0,4.0,33.99848582685977,2.183932457994464,45.41188054833114,48.09165424607641,0.015567553704513855,4.029191911188257,3.3274860111362283
770,6.095049484233186,4.081967429248326,21.11041973847572,25.406410130519635,59.29127187121726,2.0,4.0,33.66774414477265,2.1616634832504187,45.26247997074047,47.75839690286098,0.015574923851767909,4.081967429248326,3.377286326432662
775,6.095049484233186,4.081967429248326,21.11041973847572,25.406410130519635,59.29127187121726,2.0,4.0,33.66774414477265,2.1616634832504187,45.26247997074047,47.75839690286098,0.015574923851767909,4.081967429248326,3.377286326432662
780,5.960978552271854,4.134910227756675,21.335051070480002,25.526295832306822,59.48829113692983,2.0,4.0,33.34153445921369,2.1396695291790144,45.11420628301189,47.42784380947258,0.015582562636206141,4.134910227756675,3.427296812060468
785,5.8310437568325,4.188017638890483,21.559514031073743,25.645275242669697,59.68315225840507,2.0,4.0,33.019824032586946,2.117949220551157,44.9670680690498,47.100006993983044,0.015590470117123084,4.188017638890483,3.477514415941162
790,5.705089287558195,4.241287021171785,21.783797036745767,25.763356299301144,59.875886854587314,2.0,4.0,32.702579359229354,2.096501113566617,44.82107342531907,46.77489746111971,0.015598646310087078,4.241287021171785,3.5279361142261614
795,5.582966041044429,4.294715759226802,22.007888756087024,25.880546869347896,60.06652606150431,2.0,4.0,32.38976621245267,2.0753236990310535,44.676229967796836,46.45252521367563,0.015607091186582173,4.294715759226802,3.5785589111136087
800,5.582966041044429,4.294715759226802,22.007888756087024,25.880546869347896,60.06652606150431,2.0,4.0,32.38976621245267,2.0753236990310535,44.676229967796836,46.45252521367563,0.015607091186582173,4.294715759226802,3.5785589111136087
805,5.464531307669645,4.348301263547439,22.231778105499124,25.996854750038395,60.255100539679084,2.0,4.0,32.08134969012294,2.05441540545258,44.53254483888805,46.13289927366921,0.015615804673668488,4.348301263547439,3.6293798386634206
810,5.3496484733688305,4.402040970254916,22.45545424497121,26.112287669305065,60.44164048142794,2.0,4.0,31.777294258804016,2.0337746020587666,44.39002471430634,45.81602770325349,0.015624786653661734,4.402040970254916,3.6803959566107465
815,5.23818673569771,4.455932340865518,22.678906573924134,26.226853286401063,60.6261756180464,2.0,4.0,31.477563796491136,2.0133996017350193,44.24867580992174,45.501917625375825,0.015634036963832604,4.455932340865518,3.731604352177984
820,5.130020833552749,4.5099728620584445,22.902124727120825,26.340559192511527,60.80873522688483,2.0,4.0,31.182121633961444,1.9932886638853262,44.10850388857682,45.19057524418883,0.015643555396126683,4.5099728620584445,3.7830021398855376
825,5.130020833552749,4.5099728620584445,22.902124727120825,26.340559192511527,60.80873522688483,2.0,4.0,31.182121633961444,1.9932886638853262,44.10850388857682,45.19057524418883,0.015643555396126683,4.5099728620584445,3.7830021398855376
830,5.025030789928948,4.564160045445748,23.125098570641885,26.453412911359376,60.989348138315314,2.0,4.0,30.89093059476837,1.973439997216383,43.96951426687283,44.882005865213685,0.015653341696905545,4.564160045445748,3.8345864613614236
835,4.923101667117194,4.61849142734432,23.34781819792537,26.565421899805727,61.16804274259166,2.0,4.0,30.603953033906844,1.9538517624461431,43.831711821927385,44.5762139152572,0.015663395566709697,4.61849142734432,3.8863544851499157
840,4.824123333762614,4.6729645685499355,23.570273925869746,26.676593548444977,61.34484699660396,2.0,4.0,30.321150875176453,1.9345220749378693,43.69510099810529,44.27320296208388,0.01567371666004394,4.6729645685499355,3.9383034065193065
845,4.727990243226316,4.727577054113323,23.792456290999045,26.78693518219457,61.5197884305295,2.0,4.0,30.04248564727,1.9154490072607895,43.55968581372397,43.97297573384484,0.015684304585185806,4.727577054113323,3.9904304472689516
850,4.727990243226316,4.727577054113323,23.792456290999045,26.78693518219457,61.5197884305295,2.0,4.0,30.04248564727,1.9154490072607895,43.55968581372397,43.97297573384484,0.015684304585185806,4.727577054113323,3.9904304472689516
855,4.634601222713016,4.7823264931182266,24.01435604568927,26.896454060879517,61.692894154381456,2.0,4.0,29.767918518614433,1.896630591678467,43.425469867735096,43.67553413826511,0.015695158904017587,4.7823264931182266,4.042732855535702
860,4.543859272649044,4.837210518461478,24.235964154455054,27.005157379811735,61.864190864457086,2.0,4.0,29.497410330991563,1.878064822566031,43.29245634638375,43.38087928159122,0.015706279131882554,4.837210518461478,4.0952079055998265
865,4.4556713758150295,4.892226786635033,24.45727179029568,27.113052270364186,62.033704849686885,2.0,4.0,29.23092163196587,1.8597496587574331,43.16064802984677,43.08901148730124,0.01571766473746586,4.892226786635033,4.147852897690561
870,4.369948315759018,4.947372977509956,24.678270331099515,27.22014580053995,62.20146199788623,2.0,4.0,28.968412706146356,1.841683025823885,43.03004729885141,42.79993031457915,0.015729315142700633,4.947372977509956,4.200665157791346
875,4.369948315759018,4.947372977509956,24.678270331099515,27.22014580053995,62.20146199788623,2.0,4.0,28.968412706146356,1.841683025823885,43.03004729885141,42.79993031457915,0.015729315142700633,4.947372977509956,4.200665157791346
880,4.28660450403612,5.002646794122356,24.8989513561059,27.326444975536216,62.36748780191101,2.0,4.0,28.70984360530962,1.8238628182846723,42.90065614127592,42.51363457655565,0.01574122972269975,5.002646794122356,4.253642037444879
885,4.205557815839981,5.058045962461226,25.119306642423737,27.43195673830324,62.53180736571877,2.0,4.0,28.455174177411035,1.8062869017515353,42.77247615873311,42.230122358317914,0.01575340780571369,5.058045962461226,4.306780913558071
890,4.126729433612368,5.1135682312582045,25.339328161605703,27.536687970098342,62.694445410336705,2.0,4.0,28.204364094510765,1.7889531150078133,42.64550857313829,41.949391034690244,0.015765848673114938,5.1135682312582045,4.3600791882069565
895,4.050043698234319,5.169211371779203,25.559008076277394,27.64064549103497,62.85542627973809,2.0,4.0,27.957372879641238,1.7718592720235722,42.51975423326258,41.67143728778829,0.01577855155940923,5.169211371779203,4.413534288441706
900,4.050043698234319,5.169211371779203,25.559008076277394,27.64064549103497,62.85542627973809,2.0,4.0,27.957372879641238,1.7718592720235722,42.51975423326258,41.67143728778829,0.01577855155940923,5.169211371779203,4.413534288441706
905,3.9754279674224335,5.22497317761792,25.778338736820427,27.743836060626872,63.014773946628424,2.0,4.0,27.714159932642332,1.7550031639079118,42.39521362127293,41.39625712434887,0.015791515652274084,5.22497317761792,4.467143666091742
910,3.9028124809702547,5.280851464491195,25.997312678108717,27.84626637832743,63.172512018142704,2.0,4.0,27.47468455499051,1.738382560799676,42.271886859259524,41.123845892838084,0.01580474009262486,5.280851464491195,4.520904797571087
915,3.8321302324930997,5.336844070036206,26.21592261629707,27.94794308406419,63.328663741455244,2.0,4.0,27.23890597364777,1.7219952136977816,42.14977371575185,40.854198300339924,0.015818223974708636,5.336844070036206,4.574815183683988
920,3.763316847350197,5.392948853609484,26.43416144566131,28.04887275876862,63.48325200930333,2.0,4.0,27.006783363955908,1.705838856232375,42.028873612224004,40.58730842922794,0.015831966346226172,5.392948853609484,4.628872349430884
925,3.763316847350197,5.392948853609484,26.43416144566131,28.04887275876862,63.48325200930333,2.0,4.0,27.006783363955908,1.705838856232375,42.028873612224004,40.58730842922794,0.015831966346226172,5.392948853609484,4.628872349430884
930,3.6963104664345536,5.449163696087725,26.65202223548908,28.149061924901194,63.63629936542605,2.0,4.0,26.77827587160156,1.6899112063780333,41.9091856295902,40.32316975362229,0.015845966208482117,5.449163696087725,4.68307384381478
935,3.631051635535968,5.505486499670403,26.869498227020586,28.24851704697174,63.78782800991962,2.0,4.0,26.553342633677012,1.6742099681102167,41.79070851469102,40.06177515563462,0.015860222516563674,5.505486499670403,4.737417239648089
940,3.567483199997227,5.561915187684143,27.086582830438463,28.347244532055228,63.93785980451045,2.0,4.0,26.331942798861338,1.658732833006178,41.67344068677106,39.80311694140319,0.01587473417954781,5.561915187684143,4.791900133359984
945,3.505550204397622,5.618447704388852,27.303269621906033,28.445250730302906,64.08641627774725,2.0,4.0,26.114035546746486,1.643477481791522,41.55738024394842,39.54718685692043,0.015889500060737125,5.618447704388852,4.846520144804329
950,3.505550204397622,5.618447704388852,27.303269621906033,28.445250730302906,64.08641627774725,2.0,4.0,26.114035546746486,1.643477481791522,41.55738024394842,39.54718685692043,0.015889500060737125,5.618447704388852,4.846520144804329
955,3.4451997970110853,5.67508201478559,27.519552340653146,28.542541935448902,64.23351863011337,2.0,4.0,25.899580106331996,1.628441585833612,41.44252496967644,39.293976103655496,0.015904518977924404,5.67508201478559,4.901274917068219
960,3.3863811387990808,5.731816104426169,27.735424886108905,28.639124385312357,64.37918773906073,2.0,4.0,25.688535773712545,1.613622808583012,41.32887233919797,39.04347535397396,0.01591978970368589,5.731816104426169,4.9561621162811935
965,3.3290453167109177,5.788647979224457,27.95088131508055,28.73500426229502,64.5234441639663,2.0,4.0,25.480861928980964,1.599018806964117,41.21641952599233,38.79567476635682,0.015935310965703216,5.788647979224457,5.01117943142513
970,3.273145261074788,5.845575665269374,28.165915838977718,28.830187693874475,64.66630815101263,2.0,4.0,25.27651805237032,1.5846272327161632,41.105163408215034,38.55056400042115,0.015951081447113956,5.845575665269374,5.0663245741449145
975,3.273145261074788,5.845575665269374,28.165915838977718,28.830187693874475,64.66630815101263,2.0,4.0,25.27651805237032,1.5846272327161632,41.105163408215034,38.55056400042115,0.015951081447113956,5.845575665269374,5.0663245741449145
980,3.2186356668752296,5.9025972086395715,28.380522821081446,28.924680753092932,64.80779963799324,2.0,4.0,25.075463739657025,1.5704457336857505,40.99510057513035,38.3081322317443,0.015967099786890617,5.9025972086395715,5.121595278559879
985,3.1654729187217185,5.959710675219773,28.594696773857166,29.018489459041707,64.94793825904446,2.0,4.0,24.877658716847726,1.5564719550720345,40.88622733353634,38.06836816649407,0.01598336458024801,5.959710675219773,5.176989301076053
990,3.113615019324655,6.0169141505187635,28.808432356311023,29.111619777341357,65.08674334930437,2.0,4.0,24.683062854171215,1.5427035406257041,40.77853971418242,37.83126005586623,0.01599987437907871,6.0169141505187635,5.232504420199257
995,3.0630215213029146,6.074205739489014,29.021724371388853,29.204077620617564,65.22423394950036,2.0,4.0,24.491636179397087,1.5291381338028736,40.67203347817887,37.596795710331975,0.016016627692416432,6.074205739489014,5.288138436349112
1000,3.0630215213029146,6.074205739489014,29.021724371388853,29.204077620617564,65.22423394950036,2.0,4.0,24.491636179397087,1.5291381338028736,40.67203347817887,37.596795710331975,0.016016627692416432,6.074205739489014,5.288138436349112
1005,3.0136534621575066,6.131583566347923,29.234567763417104,29.29586884897276,65.36042881046615,2.0,4.0,24.303338890501994,1.5157733788749874,40.56670412339788,37.36496251369671,0.016033622986926992,6.131583566347923,5.343889171673913
1010,2.965473302253585,6.189045774400667,29.446957615585106,29.38699927045357,65.49534639758951,2.0,4.0,24.118131367704052,1.502606921995828,40.462546890865724,37.135747436972046,0.016050858687426582,6.189045774400667,5.399754469866472
1015,2.9184448656616553,6.246590525864635,29.65888914746802,29.477474641514103,65.62900489519166,2.0,4.0,23.935974184885588,1.4896364122267032,40.359556771145186,36.90913705206271,0.016068333177426952,6.246590525864635,5.4557321959809055
1020,2.8725332837161375,6.304216001695448,29.87035771258978,29.567300667475102,65.76142221083933,2.0,4.0,23.756828120423904,1.4768595025208702,40.257728510707594,36.68511754526987,0.01608604479970713,6.304216001695448,5.511820236250414
1025,2.8725332837161375,6.304216001695448,29.87035771258978,29.567300667475102,65.76142221083933,2.0,4.0,23.756828120423904,1.4768595025208702,40.257728510707594,36.68511754526987,0.01608604479970713,6.304216001695448,5.511820236250414
1030,2.827704941157222,6.361920401414535,30.081358796025512,29.656483002978998,65.8926159795908,2.0,4.0,23.58065416744956,1.4642738506682516,40.15705661829356,36.46367473061263,0.01610399185691122,6.361920401414535,5.568016497906061
1035,2.783927424728489,6.419701942938261,30.291888012042673,29.74502725244095,66.02260356817655,2.0,4.0,23.40741354355083,1.4518771202014602,40.05753537126144,36.24479406296882,0.01612217261217179,6.419701942938261,5.6243189089965835
1040,2.741169474109739,6.4775588624085865,30.501941101780453,29.832938970495825,66.15140207911581,2.0,4.0,23.23706769994302,1.4396669812641518,39.95915882192248,36.0284606510365,0.01614058528975838,6.4775588624085865,5.680725418209243
1045,2.6994009350700026,6.53548941402525,30.7115139309667,29.920223662441245,66.27902835476985,2.0,4.0,23.069578330120756,1.4276411114427145,39.86192080386144,35.81465927011772,0.016159228075750494,6.53548941402525,5.737233994691732
1050,2.6994009350700026,6.53548941402525,30.7115139309667,29.920223662441245,66.27902835476985,2.0,4.0,23.069578330120756,1.4276411114427145,39.86192080386144,35.81465927011772,0.016159228075750494,6.53548941402525,5.737233994691732
1055,2.658592714732791,6.593491869879456,30.920602487671886,30.006886784676656,66.40549898133305,2.0,4.0,22.904907378010666,1.4157971965622531,39.76581493824145,35.60337437472527,0.016178099118734572,6.593491869879456,5.793842627875174
1060,2.6187167388498835,6.65156451978906,31.12920288009949,30.092933745138495,66.53083029276273,2.0,4.0,22.743017045642013,1.4041329314478543,39.67083464009176,35.39459011101377,0.016197196530524236,6.65156451978906,5.850549327298196
1065,2.5797459109864747,6.709705671135233,31.337311334412203,30.178369903731497,66.65503837464853,2.0,4.0,22.583869800351962,1.392646020652076,39.576973124576966,35.18829032903617,0.016216518386903196,6.709705671135233,5.907352122432115
1070,2.541654073524441,6.767913648700591,31.544924192593445,30.263200572756155,66.77813906802243,2.0,4.0,22.4274283815419,1.3813341791495826,39.48422341324612,34.984458594826364,0.01623606272839012,6.767913648700591,5.964249062507238
1075,2.541654073524441,6.767913648700591,31.544924192593445,30.263200572756155,66.77813906802243,2.0,4.0,22.4274283815419,1.3813341791495826,39.48422341324612,34.984458594826364,0.01623606272839012,6.767913648700591,5.964249062507238
1080,2.5044159703964226,6.826186794508782,31.752037910343628,30.347431017332365,66.90014797311034,2.0,4.0,22.273655807000896,1.3701951329998505,39.39257834026021,34.7830782023089,0.016255827561024717,6.826186794508782,6.021238216340288
1085,2.4680072114665705,6.884523467665515,31.958649055010568,30.431066455819323,67.0210804530259,2.0,4.0,22.122515378811915,1.3592266199788412,39.302030558596286,34.58413218503659,0.016275810857174274,6.884523467665515,6.078317672162967
1090,2.4324042384794495,6.94292204420101,32.16475430355361,30.514112060231664,67.14095163740774,2.0,4.0,21.97397068885601,1.3484263901805174,39.21257254622653,34.387603327756615,0.01629601055635992,6.94292204420101,6.135485537451671
1095,2.3975842925015485,7.001380916913876,32.37035044054082,30.596572956651904,67.25977642600074,2.0,4.0,21.82798562392924,1.3377922065890655,39.12419661227042,34.1934741778058,0.016316424566101707,7.001380916913876,6.19273993875834
1100,2.3975842925015485,7.001380916913876,32.37035044054082,30.596572956651904,67.25977642600074,2.0,4.0,21.82798562392924,1.3377922065890655,39.12419661227042,34.1934741778058,0.016316424566101707,7.001380916913876,6.19273993875834
1105,2.3635253827843457,7.059898495216379,32.57543435617881,30.67845422563921,67.37756949218247,2.0,4.0,21.684524370486912,1.3273218456226803,39.03689490311809,34.00172705633562,0.016337050762781767,7.059898495216379,6.250079021542495
1110,2.3302062569811426,7.118473204981112,32.7800030443747,30.759760902634532,67.49434528643528,2.0,4.0,21.543551419029004,1.317013097649728,38.950659408523094,33.81234406936747,0.01635788699252459,7.118473204981112,6.3075009500044095
1115,2.297606372653462,7.177103488389038,32.984053600829576,30.840497978362134,67.6101180397652,2.0,4.0,21.40503156814052,1.3068637674781076,38.865481967662404,33.62530711867845,0.01637893107209363,7.177103488389038,6.365003906919493
1120,2.2657058700062294,7.235787803778897,33.187583221163145,30.920670399227532,67.72490176706833,2.0,4.0,21.26892992820013,1.2968716748186102,38.78135427516178,33.44059791251836,0.016400180789803244,7.235787803778897,6.422586093473798
1125,2.2657058700062294,7.235787803778897,33.187583221163145,30.920670399227532,67.72490176706833,2.0,4.0,21.26892992820013,1.2968716748186102,38.78135427516178,33.44059791251836,0.016400180789803244,7.235787803778897,6.422586093473798
1130,2.2344855457935324,7.294524625497967,33.39058919906893,31.000283067711926,67.83871027044553,2.0,4.0,21.135211924769806,1.287034654723044,38.69826788708434,33.25819797615788,0.016421633906445104,7.294524625497967,6.480245729100767
1135,2.2039268283402436,7.353312443754174,33.593068924499605,31.07934084276308,67.95155714246614,2.0,4.0,21.00384330167816,1.2773505579978954,38.61621422688029,33.07808866226837,0.016443288156228107,7.353312443754174,6.537981051319109
1140,2.174011753627269,7.412149764469518,33.79501988188205,31.157848540182748,68.06345576938169,2.0,4.0,20.874790123809547,1.2678172515942712,38.53518459129562,32.900251161133596,0.01646514124773081,7.412149764469518,6.595790315571889
1145,2.144722942390686,7.471035109134833,33.99643964836145,31.23581093301064,68.1744193342902,2.0,4.0,20.748018779610845,1.2584326189748476,38.45517015623768,32.7246665106934,0.016487190864865477,7.471035109134833,6.653671795066808
1150,2.144722942390686,7.471035109134833,33.99643964836145,31.23581093301064,68.1744193342902,2.0,4.0,20.748018779610845,1.2584326189748476,38.45517015623768,32.7246665106934,0.016487190864865477,7.471035109134833,6.653671795066808
1155,2.1160435781879556,7.529967014665841,34.1973258920743,31.313232751904984,68.28446082025195,2.0,4.0,20.62349598332726,1.2491945604585433,38.37616198259541,32.551315606419564,0.016509434667852676,7.529967014665841,6.711623780617657
1160,2.08795738638608,7.588944033260501,34.397676370449545,31.390118685519685,68.39359301335726,2.0,4.0,20.501188776978324,1.240100993543609,38.29815102201202,32.380179211023936,0.016531870294205508,7.588944033260501,6.769644580486974
1165,2.060448614029653,7.647964732257648,34.597488928537615,31.466473380878142,68.50182850574735,2.0,4.0,20.38106453208484,1.2311498532098173,38.22112812260798,32.21123796399893,0.016554495359722404,7.647964732257648,6.827732520229861
1170,2.0335020105478776,7.7070276939969,34.79676149736687,31.54230144374371,68.60917969858873,2.0,4.0,20.263090951157263,1.2223390922004218,38.14508403465203,32.04447239099056,0.016577307459487524,7.7070276939969,6.885885942539051
1175,2.0335020105478776,7.7070276939969,34.79676149736687,31.54230144374371,68.60917969858873,2.0,4.0,20.263090951157263,1.2223390922004218,38.14508403465203,32.04447239099056,0.016577307459487524,7.7070276939969,6.885885942539051
1180,2.0071028092625625,7.7661315156798185,34.99549209232698,31.61760743898691,68.71565880500188,2.0,4.0,20.14723606895549,1.2136666812845243,38.070009416178124,31.879862913003844,0.01660030416887773,7.7661315156798185,6.944103207091084
1185,1.9812367096603936,7.825274809232329,35.193678811578835,31.69239589094931,68.82127785294499,2.0,4.0,20.033468253530007,1.2051306095004968,37.99589483854604,31.71738985544083,0.016623483044575137,7.825274809232329,7.002382690393737
1190,1.9558898603946773,7.884456201168372,35.391319834490645,31.76667128380424,68.92604868805347,2.0,4.0,19.92175620705372,1.1967288843810702,37.92273079194344,31.55703345697118,0.01664684162558418,7.884456201168372,7.060722785634603
1195,1.9310488429837278,7.943674332454778,35.588413420099656,31.840438061914217,69.02998297643576,2.0,4.0,19.81206896645371,1.1884595321606977,37.85050769082734,31.3987738782354,0.016670377434252277,7.943674332454778,7.1191219025308685
1200,1.9310488429837278,7.943674332454778,35.588413420099656,31.840438061914217,69.02998297643576,2.0,4.0,19.81206896645371,1.1884595321606977,37.85050769082734,31.3987738782354,0.016670377434252277,7.943674332454778,7.1191219025308685
1205,1.9067006561744506,8.002927858377367,35.78495790559924,31.913700630185268,69.1330922074263,2.0,4.0,19.70437590385178,1.1803205979657792,37.77921587930281,31.24259121038065,0.016694087977292986,8.002927858377367,7.177578467180263
1210,1.8828327009410089,8.062215448408248,35.9809517048509,31.986463354418028,69.23538769629617,2.0,4.0,19.598646726822217,1.1723101459883256,37.70884563643668,31.088465483429307,0.01671797074681071,8.062215448408248,7.236090921913185
1215,1.8594327660905492,8.121535786074304,36.17639330692073,32.058730561655764,69.33688058692215,2.0,4.0,19.494851478475262,1.1644262596436237,37.63938718150443,30.93637667448023,0.016742023221325945,8.121535786074304,7.294657725146019
1220,1.8364890144485457,8.180887568826885,36.37128127464006,32.13050654052927,69.43758185441474,2.0,4.0,19.392960537374062,1.1566670417124463,37.570830679168004,30.786304715742855,0.016766242866800087,8.180887568826885,7.353277351235611
1225,1.8364890144485457,8.180887568826885,36.37128127464006,32.13050654052927,69.43758185441474,2.0,4.0,19.392960537374062,1.1566670417124463,37.570830679168004,30.786304715742855,0.016766242866800087,8.180887568826885,7.353277351235611
1230,1.8139899695983672,8.240269507912634,36.565614243189856,32.2017955415987,69.53750230770592,2.0,4.0,19.292944617292925,1.1490306144683426,37.503166244582665,30.638229502404222,0.016790627137658803,8.240269507912634,7.411948290334912
1235,1.7919245031502697,8.299680328245525,36.75939091870842,32.27260177769237,69.63665259209705,2.0,4.0,19.194774766824363,1.141515119790534,37.43638394843099,30.49213090032902,0.01681517347781304,8.299680328245525,7.470669048249792
1240,1.7702818225166368,8.359118768280007,36.9526100769222,32.34292942424256,69.73504319176776,2.0,4.0,19.098422368841895,1.1341187192629072,37.370473821882044,30.347988753592716,0.0168398793216767,8.359118768280007,7.529438146297
1245,1.7490514591712838,8.418583579885315,37.14527056179917,32.41278261961826,69.83268443224624,2.0,4.0,19.00385913982585,1.1268395942596194,37.30542586147392,30.205782891848177,0.016864742095180085,8.418583579885315,7.5882541211633
1250,1.7490514591712838,8.418583579885315,37.14527056179917,32.41278261961826,69.83268443224624,2.0,4.0,19.00385913982585,1.1268395942596194,37.30542586147392,30.205782891848177,0.016864742095180085,8.418583579885315,7.5882541211633
1255,1.7282232573715248,8.478073528220905,37.33737128422454,32.482165465455,69.92958648284166,2.0,4.0,18.911057129058555,1.1196759460177803,37.241230033917994,30.065493137525774,0.01688975921677811,8.478073528220905,7.647115524765742
1260,1.7077873633229785,8.537587391613021,37.528911220698355,32.551082026981774,70.02575935903918,2.0,4.0,18.81998871769544,1.112625995697683,37.177876280823,29.927099312867288,0.016914928098452513,8.537587391613021,7.706020924113082
1265,1.6877342147678718,8.597123961432352,37.71988941205474,32.61953633334501,70.12121292485824,2.0,4.0,18.73062661771839,1.1056879844310483,37.11535452333747,29.790581246794,0.016940246146707087,8.597123961432352,7.7649689011683485
1270,1.6680545309785089,8.65668204197281,37.91030496220235,32.68753237792964,70.21595689517457,2.0,4.0,18.642943870777046,1.0988601733577152,37.05365466670893,29.655918781609213,0.01696571076355513,8.65668204197281,7.823958052712527
1275,1.6680545309785089,8.65668204197281,37.91030496220235,32.68753237792964,70.21595689517457,2.0,4.0,18.642943870777046,1.0988601733577152,37.05365466670893,29.655918781609213,0.01696571076355513,8.65668204197281,7.823958052712527
1280,1.6487393031384983,8.716260450331387,38.100157036885754,32.755074118677385,70.31000083800666,2.0,4.0,18.55691384692403,1.092140843651218,36.99276660475829,29.52309177953559,0.016991319347498274,8.716260450331387,7.882986990209401
1285,1.6297797850951667,8.775858016289105,38.28944486246738,32.82216547840213,70.403354176767,2.0,4.0,18.472510243249502,1.0855282965336692,36.93268022426815,29.392080129087894,0.01701706929449586,8.775858016289105,7.942054339671495
1290,1.6111674844672166,8.835473582193028,38.47816772472974,32.88881034510251,70.4960261924788,2.0,4.0,18.389707082420387,1.0790208532803565,36.87338540928358,29.262863751281497,0.01704295799892413,8.835473582193028,8.001158741527139
1295,1.5928941540925194,8.895106002839343,38.66632496769759,32.955012572271784,70.58802602595871,2.0,4.0,18.308478711129396,1.0726168552144542,36.814872045324265,29.135422605677196,0.0170689828545244,8.895106002839343,8.060298850488657
1300,1.5928941540925194,8.895106002839343,38.66632496769759,32.955012572271784,70.58802602595871,2.0,4.0,18.308478711129396,1.0726168552144542,36.814872045324265,29.135422605677196,0.0170689828545244,8.895106002839343,8.060298850488657
1305,1.5749517838018363,8.95475414535749,38.85391599247971,33.02077597920483,70.67936267996599,2.0,4.0,18.22879979845874,1.0663146636922383,36.75713002350672,29.009736696263136,0.017095141255339587,8.95475414535749,8.119473335421644
1310,1.5573325925043804,9.01441688909534,39.04094025612998,33.08610435130251,70.77004502131865,2.0,4.0,18.150645334163265,1.0601126600791797,36.70014924457557,28.88578607717429,0.017121430596638284,9.01441688909534,8.178680879215353
1315,1.5400290205724048,9.074093125505401,39.227397270527455,33.15100144037327,70.86008178297718,2.0,4.0,18.073990626877563,1.0540092457172845,36.64391962284298,28.76355085825042,0.017147848275825776,9.074093125505401,8.237920178654196
1320,1.5230337225121815,9.133781758032054,39.41328660127521,33.21547096493209,70.94948156609617,2.0,4.0,17.998811302251386,1.0480028418840412,36.588431090035165,28.64301121043324,0.017174391693341333,9.133781758032054,8.297189944290277
1325,1.5230337225121815,9.133781758032054,39.41328660127521,33.21547096493209,70.94948156609617,2.0,4.0,17.998811302251386,1.0480028418840412,36.588431090035165,28.64301121043324,0.017174391693341333,9.133781758032054,8.297189944290277
1330,1.5063395599093639,9.193481701999804,39.59860786661751,33.279516610496714,71.03825284204459,2.0,4.0,17.925083301017565,1.0420918897433156,36.5336735990454,28.52414737100363,0.017201058253541162,9.193481701999804,8.356488900317071
1335,1.4899395946375478,9.253191884502547,39.78336073637516,33.34314202988135,71.12640395439486,2.0,4.0,17.852782876996415,1.0362748502885373,36.479637127592646,28.406939648659897,0.017227845365566423,9.253191884502547,8.415815784444119
1340,1.4738270823188344,9.312911244293808,39.96754493089863,33.40635084348764,71.21394312088158,2.0,4.0,17.78188659504057,1.030550204278504,36.42631168178522,28.29136842843809,0.017254750444195784,9.312911244293808,8.47516934777283
1345,1.4579954660263468,9.372638731678002,40.151160220038804,33.469146639593085,71.30087843532995,2.0,4.0,17.712371328923826,1.0249164521661212,36.37368729958908,28.177414176475306,0.017281770910681955,9.372638731678002,8.53454835467333
1350,1.4579954660263468,9.372638731678002,40.151160220038804,33.469146639593085,71.30087843532995,2.0,4.0,17.712371328923826,1.0249164521661212,36.37368729958908,28.177414176475306,0.017281770910681955,9.372638731678002,8.53454835467333
1355,1.4424383702185395,9.43237330840265,40.334206422134905,33.53153297463695,71.38721786955485,2.0,4.0,17.644214259177595,1.019372114020389,36.32175405420012,28.065057444617338,0.01730890419357173,9.43237330840265,8.59395158266237
1360,1.4271495948958801,9.492113947551577,40.51668340301951,33.593513373503555,71.4729692752305,2.0,4.0,17.57739287087842,1.0139157294419396,36.27050205732032,27.95427887487169,0.017336147729509074,9.492113947551577,8.653377822282266
1365,1.4121231099708496,9.551859633439072,40.69859107504022,33.655091329803064,71.5581403857316,2.0,4.0,17.511884951389682,1.0085458574724104,36.219921462337325,27.84505920370727,0.017363498964020813,9.551859633439072,8.712825876980897
1370,1.3973530498427493,9.611609361505002,40.87992939609783,33.716270306149795,71.64273881794618,2.0,4.0,17.447668588060758,1.0032610764979486,36.17000246740746,27.737379266202165,0.01739095535228455,9.611609361505002,8.772294562992716
1375,1.3973530498427493,9.611609361505002,40.87992939609783,33.716270306149795,71.64273881794618,2.0,4.0,17.447668588060758,1.0032610764979486,36.17000246740746,27.737379266202165,0.01739095535228455,9.611609361505002,8.772294562992716
1380,1.3828337081687465,9.671362138210867,41.060698368700706,33.77705373443804,71.72677207406048,2.0,4.0,17.38472216588649,0.9980599841471135,36.12073531844193,27.63122000004082,0.017418514359878387,9.671362138210867,8.83178270922081
1385,1.3685595328235962,9.731116980936802,41.240898039035066,33.83744501611543,71.81024754331655,2.0,4.0,17.323024365129957,0.9929411971834498,36.07211031199651,27.52656244936208,0.01744617346351222,9.731116980936802,8.891289157119969
1390,1.3545251210401261,9.790872917879495,41.42052849605096,33.89744752245387,71.89317250374286,2.0,4.0,17.262554158911172,0.9879033513929925,36.02411779806447,27.4233877684597,0.017473930151740168,9.790872917879495,8.950812760580757
1395,1.3407252147237045,9.850628987951039,41.59958987056376,33.957064594818036,71.9755541238583,2.0,4.0,17.203290810764454,0.982945101466955,35.976748182773235,27.321677225336867,0.017501781925653964,9.850628987951039,9.010352385814585
1400,1.3407252147237045,9.850628987951039,41.59958987056376,33.957064594818036,71.9755541238583,2.0,4.0,17.203290810764454,0.982945101466955,35.976748182773235,27.321677225336867,0.017501781925653964,9.850628987951039,9.010352385814585
1405,1.327154695933288,9.910384240678685,41.77808233437073,34.01629954493153,72.05739946435001,2.0,4.0,17.14521387216687,0.978065120879846,35.929991930985004,27.221412205116316,0.017529726299557038,9.910384240678685,9.069906911239826
1410,1.313808582522853,9.970137736105501,41.95600609938265,34.07515565514063,72.13871547972548,2.0,4.0,17.088303180040217,0.9732621017632533,35.8838395688015,27.122574213307903,0.017557760801619048,9.970137736105501,9.129475227368852
1415,1.3006820239366164,10.02988854469194,42.1333614167701,34.1336361786757,72.21950901993927,2.0,4.0,17.032538854228854,0.968534754775528,35.838281685973584,27.02514487893525,0.017585882974510702,10.02988854469194,9.189056236696114
1420,1.287770297152207,10.08963574721827,42.310148576124256,34.191744339910294,72.29978683199475,2.0,4.0,16.97790129495554,0.9638818089675892,35.793308938216114,26.929105957523348,0.017614090376018732,10.08963574721827,9.248648853587138
1425,1.287770297152207,10.08963574721827,42.310148576124256,34.191744339910294,72.29978683199475,2.0,4.0,16.97790129495554,0.9638818089675892,35.793308938216114,26.929105957523348,0.017614090376018732,10.08963574721827,9.248648853587138
1430,1.2750688027658157,10.149378434687918,42.486367904631884,34.249483334617906,72.37955556152126,2.0,4.0,16.924371180257438,0.9593020116450729,35.748912049428604,26.83443933394907,0.017642380579640852,10.149378434687918,9.30825200416857
1435,1.2625730612138852,10.209115708231655,42.66201976626448,34.306856330226495,72.45882175432705,2.0,4.0,16.87192946340423,0.9547941282270284,35.70508181382256,26.741127025156334,0.017670751175160627,10.209115708231655,9.367864626219095
1440,1.25027870912605,10.268846679012658,42.83710456098105,34.36386646607068,72.53759185792836,2.0,4.0,16.820557370300357,0.9503569421013754,35.66180909795604,26.6491511827381,0.017699199769202183,10.268846679012658,9.427485669061376
1445,1.2381814958041844,10.328570468132439,43.01162272394459,34.42051685364178,72.61587222305506,2.0,4.0,16.770236396873134,0.9459892544773114,35.6190848426764,26.558494095387047,0.017727723985764735,10.328570468132439,9.487114093454892
1450,1.2381814958041844,10.328570468132439,43.01162272394459,34.42051685364178,72.61587222305506,2.0,4.0,16.770236396873134,0.9459892544773114,35.6190848426764,26.558494095387047,0.017727723985764735,10.328570468132439,9.487114093454892
1455,1.2262772798227957,10.388286206537604,43.18557472475191,34.4768105768355,72.69366910513315,2.0,4.0,16.720948306448552,0.9416898842348699,35.576900064972094,26.46913819121718,0.017756321466736846,10.388286206537604,9.546748871489768
1460,1.2145620257459484,10.447993034927467,43.35896106667656,34.53275069219754,72.77098866574448,2.0,4.0,16.672675127116474,0.9374576677718098,35.5352458597345,26.381066039958277,0.01778498987239052,10.447993034927467,9.606388986481502
1465,1.203031800956424,10.5076901036625,43.53178228592474,34.58834022916693,72.84783697406411,2.0,4.0,16.62539914908672,0.9332914588480201,35.49411340143074,26.294260355025518,0.01781372688185508,10.5076901036625,9.666033432866584
1470,1.1916827725927845,10.567376572673583,43.704038950903985,34.643582190317275,72.92422000827553,2.0,4.0,16.57910292203773,0.9291901284276113,35.453493945688656,26.20870399546632,0.017842530193570957,10.567376572673583,9.725681216099147
1475,1.1916827725927845,10.567376572673583,43.704038950903985,34.643582190317275,72.92422000827553,2.0,4.0,16.57910292203773,0.9291901284276113,35.453493945688656,26.20870399546632,0.017842530193570957,10.567376572673583,9.725681216099147
1480,1.1805112045901751,10.627051611372117,43.875731661504275,34.69847955159574,73.00014365696424,2.0,4.0,16.53376925245912,0.9251525645188664,35.4133788307951,26.124379967786737,0.017871397525723393,10.627051611372117,9.78533135254837
1485,1.1695134548211144,10.686714398560913,44.04686104839159,34.75303526256004,73.07561372048988,2.0,4.0,16.48938120098967,0.9211776720122133,35.373759479108614,26.041271427659577,0.01790032661665626,10.686714398560913,9.844982869396944
1490,1.1586859723322647,10.746364122345893,44.217427772313506,34.80725224661323,73.1506359123373,2.0,4.0,16.445922079751945,0.917264372516377,35.334627398387866,25.959361681516615,0.017929315225266005,10.746364122345893,9.904634804540311
1495,1.1480252946738005,10.805999980048611,44.38743252341684,34.86113340123644,73.22521586044682,2.0,4.0,16.40337544968497,0.9134116041928669,35.29597418303717,25.878634188027082,0.017958361131375986,10.805999980048611,9.964286206486868
1500,1.1480252946738005,10.805999980048611,44.38743252341684,34.86113340123644,73.22521586044682,2.0,4.0,16.40337544968497,0.9134116041928669,35.29597418303717,25.878634188027082,0.017958361131375986,10.805999980048611,9.964286206486868
1505,1.1375280453178505,10.865621178119524,44.556876020576915,34.914681598219516,73.29935910852429,2.0,4.0,16.36172511787597,0.9096183215889433,35.257791515270256,25.799072559464904,0.017987462136091228,10.865621178119524,10.023936134259014
1510,1.1271909311626445,10.925226932052084,44.72575901073852,34.96789968388964,73.37307111733072,2.0,4.0,16.320955134892674,0.9058834954692139,35.220071166193904,25.720660562966977,0.01801661606213394,10.925226932052084,10.083583657295094
1515,1.1170107401192269,10.984816466297586,44.89408226826815,35.020790479337904,73.4463572659524,2.0,4.0,16.281049792116878,0.9022061126459905,35.182804996812706,25.643382121684827,0.018045820754159832,10.984816466297586,10.143227855352208
1520,1.1069843387776643,11.044389014180789,45.06184659431749,35.073356780643834,73.51922285305132,2.0,4.0,16.241993619080684,0.898585175808548,35.14598495895649,25.567221315832136,0.018075074079055578,11.044389014180789,10.20286781840986
1525,1.1069843387776643,11.044389014180789,45.06184659431749,35.073356780643834,73.51922285305132,2.0,4.0,16.241993619080684,0.898585175808548,35.14598495895649,25.567221315832136,0.018075074079055578,11.044389014180789,10.20286781840986
1530,1.097108670149936,11.103943817816301,45.2290528161979,35.12560135909796,73.59167309809649,2.0,4.0,16.2037713808062,0.8950197033514061,35.10960309613188,25.49216238363039,0.01810437392621759,11.103943817816301,10.262502646574486
1535,1.0873807514865064,11.16348012802572,45.39570178676576,35.17752696142241,73.66371314257637,2.0,4.0,16.166368075149776,0.8915087292017682,35.073651544299565,25.4181897221552,0.018133718207812375,11.16348012802572,10.322131449984836
1540,1.0777976721639817,11.222997204255519,45.56179438381847,35.229136309989464,73.73534805119259,2.0,4.0,16.12976893015169,0.8880513026462323,35.03812253257877,25.34528788808573,0.018163104859018727,11.222997204255519,10.381753348718156
1545,1.0683565916413755,11.282494314495683,45.727331509500914,35.28043210303827,73.80658281303543,2.0,4.0,16.09395940139208,0.8846464881568898,35.00300838388054,25.273441598359415,0.018192531838252046,11.282494314495683,10.441367472697255
1550,1.0683565916413755,11.282494314495683,45.727331509500914,35.28043210303827,73.80658281303543,2.0,4.0,16.09395940139208,0.8846464881568898,35.00300838388054,25.273441598359415,0.018192531838252046,11.282494314495683,10.441367472697255
1555,1.0590547374823132,11.341970735199064,45.892314089722305,35.33141701488954,73.87742234274128,2.0,4.0,16.05892516935405,0.8812933652169288,34.96830151547151,25.202635730734762,0.01822199712737106,11.341970735199064,10.500972961598354
1560,1.0498894034408721,11.40142575120149,46.056743073583156,35.38209369615839,73.94787148163219,2.0,4.0,16.024652136794717,0.8779910281458446,34.9339944394696,25.132855324264348,0.018251498731867263,11.40142575120149,10.560568964759778
1565,1.0408579476087283,11.460858655642575,46.22061943281228,35.43246477396528,74.01793499883807,2.0,4.0,15.991126426124955,0.8747385859243684,34.90007976327355,25.06408557968063,0.01828103468103736,11.460858655642575,10.62015464109148
1570,1.0319577906216608,11.52026874988725,46.3839441612136,35.482532852145034,74.08761759240161,2.0,4.0,15.958334376798538,0.8715351620192056,34.86655018992765,24.996311859696895,0.01831060302813907,11.52026874988725,10.679729158985317
1575,1.0319577906216608,11.52026874988725,46.3839441612136,35.482532852145034,74.08761759240161,2.0,4.0,15.958334376798538,0.8715351620192056,34.86655018992765,24.996311859696895,0.01831060302813907,11.52026874988725,10.679729158985317
1580,1.0231864139228577,11.579655343448012,46.54671827412263,35.53230051145405,74.1569238903662,2.0,4.0,15.926262542711408,0.8683798942076892,34.83339851842362,24.929519689225767,0.018340201850530577,11.579655343448012,10.739291696226177
1585,1.0145413580812601,11.639017753907863,46.70894280787255,35.58177030977566,74.22585845184722,2.0,4.0,15.894897689611737,0.8652719344024368,34.80061764394104,24.86369475551779,0.018369829249794023,11.639017753907863,10.798841439903875
1590,1.0060202211631548,11.698355306843961,46.87061881926955,35.63094478232362,74.29442576808682,2.0,4.0,15.864226792521322,0.8622104484760974,34.768200558028276,24.798822908222256,0.018399483351843327,11.698355306843961,10.858377586325835
1595,0.9976206571547834,11.757667335751947,47.03174738507747,35.6798264418438,74.36263026349258,2.0,4.0,15.834237033169062,0.8591946160862846,34.7361403487254,24.73489015937292,0.018429162307016727,11.757667335751947,10.917899340930568
1600,0.9976206571547834,11.757667335751947,47.03174738507747,35.6798264418438,74.36263026349258,2.0,4.0,15.834237033169062,0.8591946160862846,34.7361403487254,24.73489015937292,0.018429162307016727,11.757667335751947,10.917899340930568
1605,0.9893403744343487,11.816953181970966,47.19232960151149,35.72841777881418,74.4304762966601,2.0,4.0,15.80491579743689,0.8562236305007631,34.704430200630846,24.67188268330073,0.0184588642901544,11.816953181970966,10.9774059182019
1610,0.9811771342917694,11.876212194609364,47.352366583740746,35.776721261642884,74.49796816138007,2.0,4.0,15.776250672818886,0.8532966984229844,34.673063394913555,24.60978681647612,0.018488587500661464,11.876212194609364,11.036896541583992
1615,0.9731287494943643,11.935443730471052,47.51185946539974,35.82473933686459,74.56511008762969,2.0,4.0,15.748229445893914,0.8504130398180318,34.642033309272186,24.548589057282985,0.018518330162556846,11.935443730471052,11.096370443397085
1620,0.9651930828969739,11.994647153982552,47.67080939810834,35.87247442933515,74.63190624254902,2.0,4.0,15.720840099812456,0.8475718877390612,34.6113334178432,24.488276065726843,0.018548090524508256,11.994647153982552,11.155826864754047
1625,0.9651930828969739,11.994647153982552,47.67080939810834,35.87247442933515,74.63190624254902,2.0,4.0,15.720840099812456,0.8475718877390612,34.6113334178432,24.488276065726843,0.018548090524508256,11.994647153982552,11.155826864754047
1630,0.9573680460948708,12.053821837120676,47.82921755100037,35.919928942424484,74.69836073140229,2.0,4.0,15.6940708117979,0.844772488154297,34.580957291059335,24.428834663079353,0.018577866859853742,12.053821837120676,11.215265055477632
1635,0.9496515981181233,12.112967159340895,47.987085110260466,35.96710525820774,74.76447759852438,2.0,4.0,15.667909950662896,0.8420140997746561,34.55089859546035,24.37025183146144,0.01860765746661014,12.112967159340895,11.274684274018467
1640,0.9420417441658913,12.172082507506321,48.144413278669276,36.014005737654756,74.83026082825293,2.0,4.0,15.642346074341052,0.8392959938820599,34.52115109345745,24.3125147133673,0.01863746066746883,12.172082507506321,11.334083787373832
1645,0.934536534379248,12.231167275817354,48.301203275156624,36.06063272081788,74.89571434584597,2.0,4.0,15.617367927434527,0.836617454158499,34.491708643053244,24.25561061113152,0.01866727480977917,12.231167275817354,11.393462871007099
1650,0.934536534379248,12.231167275817354,48.301203275156624,36.06063272081788,74.89571434584597,2.0,4.0,15.617367927434527,0.836617454158499,34.491708643053244,24.25561061113152,0.01866727480977917,12.231167275817354,11.393462871007099
1655,0.9271340626514473,12.290220865741963,48.45745633436273,36.10698852701803,74.96084201838559,2.0,4.0,15.592964438777697,0.8339777765159041,34.46256519751878,24.199526986341358,0.018697098265519952,12.290220865741963,11.452820808767962
1660,0.9198324654739025,12.349242685946594,48.61317370620727,36.15307545502918,75.0256476556677,2.0,4.0,15.569124719017449,0.8313762689268835,34.433714805029226,24.144251459196514,0.018726929431259354,12.349242685946594,11.512156892813296
1665,0.9126299208172384,12.408232152227702,48.768356655466086,36.19889578326117,75.09013501107805,2.0,4.0,15.545838058210247,0.8288122512563755,34.405151608259935,24.089771807818323,0.018756766728103627,12.408232152227702,11.571470423528835
1670,0.9055246470457519,12.467188687443912,48.92300646135552,36.24445176994087,75.15430778245498,2.0,4.0,15.52309392343643,0.8262850550942675,34.37686984394428,24.03607596751056,0.01878660860163502,12.467188687443912,11.630760709451447
1675,0.9055246470457519,12.467188687443912,48.92300646135552,36.24445176994087,75.15430778245498,2.0,4.0,15.52309392343643,0.8262850550942675,34.37686984394428,24.03607596751056,0.01878660860163502,12.467188687443912,11.630760709451447
1680,0.8985149018644734,12.526111721448784,49.077124417124224,36.2897456532918,75.21816961293872,2.0,4.0,15.500881956432023,0.823794023589035,34.34886384239506,23.983152029973922,0.01881645352183925,12.526111721448784,11.690027067192196
1685,0.891598981297534,12.58500069102419,49.23071182965228,36.334779651712054,75.28172409180786,2.0,4.0,15.479191971238178,0.8213385112824333,34.3211280269908,23.930988242476086,0.018846299983022903,12.58500069102419,11.749268821360008
1690,0.8847752186968734,12.643855039814307,49.38377001905756,36.379555963950715,75.34497475530279,2.0,4.0,15.458013951868756,0.8189178839452979,34.29365691362855,23.879573006979427,0.018876146503721148,12.643855039814307,11.808485304486107
1695,0.8780419837803208,12.702674218260185,49.53630031830917,36.424076769282685,75.40792508743661,2.0,4.0,15.437338049996129,0.8165315184144876,34.266445110144815,23.828894879228304,0.018905991626596133,12.702674218260185,11.867675856949095
1700,0.8780419837803208,12.702674218260185,49.53630031830917,36.424076769282685,75.40792508743661,2.0,4.0,15.437338049996129,0.8165315184144876,34.266445110144815,23.828894879228304,0.018905991626596133,12.702674218260185,11.867675856949095
1705,0.871397681698042,12.761457683534926,49.68830407284794,36.46834422768191,75.47057852079358,2.0,4.0,15.417154582655456,0.8141788024310092,34.23948731570575,23.778942567797824,0.01893583391832638,12.761457683534926,11.926839826900673
1710,0.8648407521262982,12.820204899479451,49.83978264021372,36.51236047999316,75.5329384373153,2.0,4.0,15.397454029967713,0.8118591344793616,34.21277832016852,23.729704933105904,0.018965671969487626,12.820204899479451,11.985976570192088
1715,0.8583696683878657,12.878915336538832,49.990737389679474,36.556127648102176,75.59500816907482,2.0,4.0,15.378227032881608,0.8095719236281327,34.1863130034148,23.68117098639055,0.018995504394425388,12.878915336538832,12.04508545030119
1720,0.8519829365979774,12.937588471699218,50.14116970189204,36.599647835104356,75.65679099903888,2.0,4.0,15.35946439093463,0.8073165893718821,34.1600863346582,23.633329888654096,0.019025329831119635,12.937588471699218,12.10416583826021
1725,0.8519829365979774,12.937588471699218,50.14116970189204,36.599647835104356,75.65679099903888,2.0,4.0,15.35946439093463,0.8073165893718821,34.1600863346582,23.633329888654096,0.019025329831119635,12.937588471699218,12.10416583826021
1730,0.8456790948351767,12.996223788425333,50.291080968519424,36.642923125471945,75.71829016181842,2.0,4.0,15.341157060033309,0.8050925614743372,34.13409337172666,23.586170949576093,0.019055146941041906,12.996223788425333,12.16321711258411
1735,0.8394567123360162,13.054820776598525,50.44047259190454,36.68595558521973,75.77950884440762,2.0,4.0,15.323296150253023,0.8028992798129357,34.10832926032141,23.539683626396712,0.019084954409005244,13.054820776598525,12.22223865919964
1740,0.8333143887132479,13.113378932455394,50.589345984725234,36.728747262069234,75.84045018691155,2.0,4.0,15.305872923657303,0.8007361942247366,34.082789233253706,23.493857522772192,0.019114750943007228,13.113378932455394,12.281229871375004
1745,0.8272507531960827,13.171897758526963,50.73770256966067,36.77130018561148,75.9011172832627,2.0,4.0,15.288878792136893,0.7986027643537246,34.057468609660546,23.448682387604034,0.019144535274066496,13.171897758526963,12.340190149650153
1750,0.8272507531960827,13.171897758526963,50.73770256966067,36.77130018561148,75.9011172832627,2.0,4.0,15.288878792136893,0.7986027643537246,34.057468609660546,23.448682387604034,0.019144535274066496,13.171897758526963,12.340190149650153
1755,0.8212644638926321,13.23037676357842,50.8855437790637,36.8136163674683,75.96151318192643,2.0,4.0,15.27230531526866,0.7964984594995339,34.032362794200814,23.404148113843533,0.01917430615605302,13.23037676357842,12.399118901767771
1760,0.8153542070730424,13.288815462549376,51.03287105463934,36.85569780145218,76.02164088659569,2.0,4.0,15.256144198194514,0.7944227584676125,34.00746727623295,23.36024473727323,0.019204062365512514,13.288815462549376,12.45801554260476
1765,0.8095186964732193,13.347213376494697,51.179685847129164,36.89754646372474,76.081503356875,2.0,4.0,15.240387289520314,0.7923751494208394,33.98277762897533,23.316962435266703,0.019233802701485243,13.347213376494697,12.516879494104485
1770,0.8037566726181069,13.405570032525857,51.32598961600155,36.93916431295373,76.141103508954,2.0,4.0,15.225026579234967,0.7903551297326216,33.958289508650616,23.27429152552824,0.01926352598531956,13.405570032525857,12.57571018520952
1775,0.8037566726181069,13.405570032525857,51.32598961600155,36.93916431295373,76.141103508954,2.0,4.0,15.225026579234967,0.7903551297326216,33.958289508650616,23.27429152552824,0.01926352598531956,13.405570032525857,12.57571018520952
1780,0.7980669021642797,13.463884963752816,51.47178382914765,36.98055329046871,76.2004442162706,2.0,4.0,15.210054196649834,0.788362205841485,33.93399865361519,23.232222464813944,0.01929323106048047,13.463884963752816,12.634507051795058
1785,0.7924481772607663,13.522157709226454,51.61706996258296,37.02171532041529,76.25952831016396,2.0,4.0,15.195462408358333,0.7863958931071678,33.909900883474705,23.190745847635366,0.019322916792353515,13.522157709226454,12.693269536602916
1790,0.7868993149279646,13.580387813881485,51.76184950015457,37.06265230990795,76.31835858051751,2.0,4.0,15.18124361621603,0.7844557156682413,33.885992098186975,23.14985240494737,0.019352582068044254,13.580387813881485,12.751997089176092
1795,0.7814191564538788,13.63857482847993,51.90612393325372,37.10336614918166,76.37693777639201,2.0,4.0,15.167390355341055,0.7825412063012565,33.86226827715308,23.10953300282126,0.019382225796173644,13.63857482847993,12.81068916579398
1800,0.7814191564538788,13.63857482847993,51.90612393325372,37.10336614918166,76.37693777639201,2.0,4.0,15.167390355341055,0.7825412063012565,33.86226827715308,23.10953300282126,0.019382225796173644,13.63857482847993,12.81068916579398
1805,0.7760065668070268,13.696718309555079,52.04989476053383,37.14385871174197,76.43526860664899,2.0,4.0,15.153895292135092,0.7806519062814408,33.83872547829788,23.06977864110467,0.019411846906669573,13.696718309555079,12.869345229408143
1810,0.7706604340657606,13.75481781935597,52.19316348763384,37.18413185451388,76.49335374056449,2.0,4.0,15.140751222324814,0.7787873652449455,33.81535983714086,23.030580452069294,0.019441444350554813,13.75481781935597,12.927964749578637
1815,0.7653796688633179,13.812872925792373,52.3359316269066,37.22418741798932,76.55119580843358,2.0,4.0,15.127951069023844,0.7769471410526526,33.792167565858165,22.991929699047752,0.019471017099731685,13.812872925792373,12.986547202410947
1820,0.7601632038481512,13.870883202380265,52.478200697152566,37.26402722637338,76.60879740216537,2.0,4.0,15.11548788081533,0.7751307996555539,33.76914495233693,22.953817775060735,0.019500564146763648,13.870883202380265,13.045092070493492
1825,0.7601632038481512,13.870883202380265,52.478200697152566,37.26402722637338,76.60879740216537,2.0,4.0,15.11548788081533,0.7751307996555539,33.76914495233693,22.953817775060735,0.019500564146763648,13.870883202380265,13.045092070493492
1830,0.7550099931589784,13.928848228187817,52.61997222335835,37.30365308772918,76.66616107586906,2.0,4.0,15.103354829855002,0.773337914961701,33.74628835922273,22.91623620143549,0.019530084504654068,13.928848228187817,13.10359884283566
1835,0.7499190119143009,13.986767587781861,52.76124773644038,37.34306679412149,76.72328934643093,2.0,4.0,15.091545209994885,0.7715680687047378,33.723594222961,22.879176626416918,0.01955957720662244,13.986767587781861,13.16206701480645
1840,0.7448892557157905,14.044640871174833,52.90202877299325,37.382270121759035,76.7801846940825,2.0,4.0,15.080052434927463,0.7698208503140107,33.70105905283323,22.84263082377206,0.019589041305878237,14.044640871174833,13.220496088073633
1845,0.739919740165135,14.102467673772226,53.042316875043,37.421264831135574,76.83684956295988,2.0,4.0,15.068870036350495,0.7680958567862692,33.67867942998897,22.806590691389257,0.019618475875392682,14.102467673772226,13.278885570543498
1850,0.739919740165135,14.102467673772226,53.042316875043,37.421264831135574,76.83684956295988,2.0,4.0,15.068870036350495,0.7680958567862692,33.67867942998897,22.806590691389257,0.019618475875392682,14.102467673772226,13.278885570543498
1855,0.7350095003939856,14.160247596320495,53.18211358980505,37.460052667169684,76.8932863616547,2.0,4.0,15.057991662152295,0.7663926925589502,33.65645200647411,22.7710482498728,0.019647880007668587,14.160247596320495,13.337234976301076
1860,0.7301575906065239,14.217980244855445,53.32142046944673,37.49863535934335,76.94949746375647,2.0,4.0,15.047411074617532,0.7647109693850498,33.634373504256466,22.735995641134057,0.01967725281450855,14.217980244855445,13.395543825551023
1865,0.7253630836343632,14.275665230651091,53.46023907085441,37.537014621839255,77.00548520838657,2.0,4.0,15.03712214865351,0.7630503062095848,33.612440714249225,22.70142512698006,0.019706593426781625,14.275665230651091,13.4538116445589
1870,0.7206250705034165,14.333302170168983,53.59857095540509,37.575192153676895,77.06125190072423,2.0,4.0,15.027118870036853,0.7614103290476372,33.590650495333094,22.667329087700267,0.01973590099418876,14.333302170168983,13.512037965593093
1875,0.7206250705034165,14.333302170168983,53.59857095540509,37.575192153676895,77.06125190072423,2.0,4.0,15.027118870036853,0.7614103290476372,33.590650495333094,22.667329087700267,0.01973590099418876,14.333302170168983,13.512037965593093
1880,0.7159426600122032,14.390890685007982,53.73641768874234,37.613169638847495,77.11679981252422,2.0,4.0,15.0173953336806,0.759790670863985,33.568999773377726,22.633700020652554,0.019765174685027108,14.390890685007982,13.570222326867205
1885,0.7113149783214823,14.448430401854507,53.873780840556705,37.65094874644768,77.17213118262679,2.0,4.0,15.007945741921596,0.7581909714543122,33.54748554026309,22.600530538849032,0.01979441368595347,14.448430401854507,13.628364272482965
1890,0.7067411685546574,14.50592095243323,54.01066198437021,37.68853113081196,77.2272482174596,2.0,4.0,14.998764402828234,0.7566108773280006,33.5261048529015,22.567813369542694,0.01982361720174699,14.50592095243323,13.686463352373723
1895,0.70222039040884,14.563361973458205,54.147062697325154,37.725918431644075,77.28215309153212,2.0,4.0,14.989845728528294,0.7550500415924886,33.50485483226076,22.53554135281538,0.0198527844550713,14.563361973458205,13.744519122248358
1900,0.70222039040884,14.563361973458205,54.147062697325154,37.725918431644075,77.28215309153212,2.0,4.0,14.989845728528294,0.7550500415924886,33.50485483226076,22.53554135281538,0.0198527844550713,14.563361973458205,13.744519122248358
1905,0.6977518197761015,14.620753106584468,54.28298455997701,37.76311227414716,77.33684794792234,2.0,4.0,14.981184233557062,0.7535081238392058,33.48373266238915,22.503707440168085,0.019881914686236294,14.620753106584468,13.802531143535742
1910,0.6933346483746163,14.678093998360056,54.41842915609131,37.8001142691527,77.39133489875601,2.0,4.0,14.9727745332254,0.7519847900310639,33.46273558944266,22.472304693113962,0.019911007152959685,14.678093998360056,13.860498983329755
1915,0.6889680833895397,14.735384300178474,54.553398072444594,37.83692601324842,77.44561602567859,2.0,4.0,14.96461134200789,0.7504797123915082,33.44186092071513,22.441326281774984,0.019940061130128448,14.735384300178474,13.918422214334711
1920,0.6846513471231788,14.792623668231593,54.687892898629244,37.873549088904966,77.49969338031988,2.0,4.0,14.956689471950854,0.7489925692951168,33.42110602367168,22.41076548348269,0.019969075909560385,14.792623668231593,13.976300414811329
1925,0.6846513471231788,14.792623668231593,54.687892898629244,37.873549088904966,77.49969338031988,2.0,4.0,14.956689471950854,0.7489925692951168,33.42110602367168,22.41076548348269,0.019969075909560385,14.792623668231593,13.976300414811329
1930,0.6803836766543157,14.849811763462966,54.821915226862146,37.909985064601486,77.55356898475164,2.0,4.0,14.949003831100205,0.7475230451597421,33.40046832498605,22.38061568138369,0.01999805079976588,14.849811763462966,14.034133168523184
1935,0.676164323506228,14.906948251521593,54.95546665179718,37.9462354949501,77.60724483193796,2.0,4.0,14.941549421949029,0.7460708303401861,33.379945309582126,22.35087036305051,0.020026985125710016,14.906948251521593,14.091920064683666
1940,0.6719925533233777,14.964032802716078,55.0885487703414,37.98230192081926,77.66072288617906,2.0,4.0,14.934321339904795,0.7446356210234009,33.35953451968027,22.3215231190983,0.020055878228575193,14.964032802716078,14.149660697903375
1945,0.6678676455564698,15.02106509196923,55.22116318147488,38.018185869456005,77.7140050835479,2.0,4.0,14.927314771776107,0.7432171191252055,33.33923355384874,22.292567641807924,0.020084729465524313,15.02106509196923,14.207354668138022
1950,0.6678676455564698,15.02106509196923,55.22116318147488,38.018185869456005,77.7140050835479,2.0,4.0,14.927314771776107,0.7432171191252055,33.33923355384874,22.292567641807924,0.020084729465524313,15.02106509196923,14.207354668138022
1955,0.663788893155342,15.07804479877306,55.35331148607418,38.053888854607116,77.76709333232044,2.0,4.0,14.920524994278905,0.74181503218851,33.31904006606072,22.26399772375597,0.02011353820946473,15.07804479877306,14.265001580636824
1960,0.6597556022699536,15.134971607144191,55.484995286739384,38.08941237663923,77.81998951339901,2.0,4.0,14.913947372561902,0.7404290732830334,33.298951764757085,22.23580725645208,0.02014230384881302,15.134971607144191,14.32260104589129
1965,0.6557670919589214,15.191845205579687,55.61621618762449,38.12475792265785,77.87269548072938,2.0,4.0,14.907577358751368,0.7390589609065124,33.27896641191561,22.207990228984112,0.020171025787260714,15.191845205579687,14.380152679584583
1970,0.6518226939053164,15.248665287013264,55.74697579427137,38.15992696662529,77.92521306171135,2.0,4.0,14.901410490514865,0.7377044188873798,33.259081822126674,22.18054072667148,0.020199703443541064,15.248665287013264,14.43765610254125
1975,0.6518226939053164,15.248665287013264,55.74697579427137,38.15992696662529,77.92521306171135,2.0,4.0,14.901410490514865,0.7377044188873798,33.259081822126674,22.18054072667148,0.020199703443541064,15.248665287013264,14.43765610254125
1980,0.6479217521398226,15.30543154877192,55.87727571344704,38.19492096947762,77.97754405760304,2.0,4.0,14.895442389644073,0.7363651762889124,33.239295861675885,22.153452929727187,0.020228336251196993,15.30543154877192,14.495110940677467
1985,0.6440636227707728,15.362143692532948,56.007117552984205,38.229741379240515,78.02969024391898,2.0,4.0,14.889668760656338,0.735040967314826,33.21960644763389,22.126721111928774,0.02025692365835023,15.362143692532948,14.552516824951686
1990,0.640247673721035,15.418801424281344,56.136502921625116,38.2643896311441,78.08165337082214,2.0,4.0,14.884085389415118,0.7337315312163165,33.20001154695373,22.100339639298713,0.02028546512747186,15.418801424281344,14.609873391315753
1995,0.6364732844713643,15.475404454267608,56.26543342886857,38.29886714773677,78.13343516350986,2.0,4.0,14.878688141768855,0.7324366122005247,33.180509175575864,22.074302968794417,0.0203139601351542,15.475404454267608,14.667180280666521
2000,0.6364732844713643,15.475404454267608,56.26543342886857,38.29886714773677,78.13343516350986,2.0,4.0,14.878688141768855,0.7324366122005247,33.180509175575864,22.074302968794417,0.0203139601351542,15.475404454267608,14.667180280666521
2005,0.6327398458103914,15.531952496965923,56.3939106848201,38.333175338998,78.18503732259394,2.0,4.0,14.873472962208416,0.7311559593404197,33.16109739754122,22.048605647008305,0.020342408171884242,15.531952496965923,14.724437138797796
2010,0.6290467595905369,15.588445271032716,56.52193630004526,38.36731560245012,78.23646152447483,2.0,4.0,14.868435872542834,0.7298893264860842,33.14177432411246,22.02324230887812,0.020370808741818628,15.588445271032716,14.781643616352827
2015,0.6253934384902209,15.644882499265607,56.64951188542588,38.401289323269175,78.28770942171015,2.0,4.0,14.863572970593243,0.72863647217739,33.12253811290368,21.99820767640787,0.02039916136256028,15.644882499265607,14.838799368777156
2020,0.6217793057818852,15.701263908562725,56.776639052019405,38.435097874394685,78.33878264337747,2.0,4.0,14.858880428904904,0.7273971595580524,33.10338696701878,21.973496557399553,0.02042746556493673,15.701263908562725,14.895904056271922
2025,0.6217793057818852,15.701263908562725,56.776639052019405,38.435097874394685,78.33878264337747,2.0,4.0,14.858880428904904,0.7273971595580524,33.10338696701878,21.973496557399553,0.02042746556493673,15.701263908562725,14.895904056271922
2030,0.6182037951056287,15.757589229882388,56.90331941092112,38.468742616638515,78.38968279543163,2.0,4.0,14.85435449347707,0.7261711562910428,33.08431913419849,21.94910384419598,0.020455720892780242,15.757589229882388,14.952957343747602
2035,0.614666350248541,15.813858198203171,57.02955457312926,38.50222489879276,78.44041146105647,2.0,4.0,14.849991482510726,0.724958234475358,33.065332905976625,21.925024512434906,0.02048392690270972,15.813858198203171,15.009958900778168
2040,0.6111664249293796,15.870070552484314,57.15534614941299,38.53554605773664,78.49097020101125,2.0,4.0,14.845787785173881,0.7237581705641202,33.04642661684527,21.901253619814607,0.020512083163914546,15.870070552484314,15.06690840155561
2045,0.607703482588505,15.926226035626517,57.28069575018313,38.568707418542445,78.5413605539717,2.0,4.0,14.841739860384351,0.722570745284,33.027598643429315,21.877786304871186,0.020540189257940322,15.926226035626517,15.123805524844977
2050,0.607703482588505,15.926226035626517,57.28069575018313,38.568707418542445,78.5413605539717,2.0,4.0,14.841739860384351,0.722570745284,33.027598643429315,21.877786304871186,0.020540189257940322,15.926226035626517,15.123805524844977
2055,0.604276996182918,15.982324394433073,57.40560498536568,38.601710294580606,78.59158403686588,2.0,4.0,14.837844235609921,0.7213957435559498,33.00884740367049,21.854617785767726,0.020568244778476616,15.982324394433073,15.18064995393974
2060,0.6008864479863121,16.038365379571367,57.53007546427801,38.63455598762373,78.64164214520484,2.0,4.0,14.834097505685639,0.7202329544172272,32.990171356020724,21.831743359095476,0.020596249331146715,16.038365379571367,15.237441376617568
2065,0.5975313293938314,16.094348745534724,57.654108795507724,38.667245787949774,78.69153635340824,2.0,4.0,14.830496331648153,0.7190821709446996,32.97156899864535,21.809158398687167,0.020624202533299465,16.094348745534724,15.29417948509657
2070,0.5942111407318151,16.150274250604603,57.777706586794075,38.69978097444429,78.741268115125,2.0,4.0,14.827037439586947,0.717943190179414,32.95303886863594,21.78685835444264,0.020652104013803196,16.150274250604603,15.350863975991862
2075,0.5942111407318151,16.150274250604603,57.777706586794075,38.69978097444429,78.741268115125,2.0,4.0,14.827037439586947,0.717943190179414,32.95303886863594,21.78685835444264,0.020652104013803196,16.150274250604603,15.350863975991862
2080,0.5909253910717496,16.206141656813138,57.90087044491201,38.73216281470173,78.79083886354894,2.0,4.0,14.823717619512248,0.716815813052414,32.934579541232885,21.7648387511669,0.02067995341284181,16.206141656813138,15.407494550272581
2085,0.5876735980489229,16.261950729906026,58.02360197555871,38.764392565125924,78.84025001172972,2.0,4.0,14.820533724239557,0.7156998443117966,32.916189629057996,21.743095187420654,0.020707750381713023,16.261950729906026,15.464070913219258
2090,0.5844552876853868,16.317701239305755,58.145902783242605,38.79647147102954,78.88950295287884,2.0,4.0,14.817482668290555,0.7145950924509861,32.89786778135695,21.721623334383494,0.02073549458262881,16.317701239305755,15.520592774381596
2095,0.5812699942170099,16.373392958075154,58.26777447117481,38.82840076673281,78.93859906067111,2.0,4.0,14.814561426810247,0.7135013696382154,32.87961268325177,21.700418934729697,0.020763185688518086,16.373392958075154,15.577059847536633
2100,0.5812699942170099,16.373392958075154,58.26777447117481,38.82840076673281,78.93859906067111,2.0,4.0,14.814561426810247,0.7135013696382154,32.87961268325177,21.700418934729697,0.020763185688518086,16.373392958075154,15.577059847536633
2105,0.5781172599247668,16.42902566288129,58.38921864116296,38.860181675661245,78.98753968954138,2.0,4.0,14.811767034500246,0.7124184916471997,32.86142305500333,21.67947780151688,0.020790823382831638,16.42902566288129,15.63347185064731
2110,0.5749966349699775,16.484599133959694,58.51023689350743,38.89181541044255,79.03632617497676,2.0,4.0,14.809096584567909,0.7113462777889835,32.84329765128393,21.65879581708736,0.020818407359349304,16.484599133959694,15.689828505821312
2115,0.5719076772333267,16.540113155078917,58.630830826899796,38.923303173002644,79.08495983380439,2.0,4.0,14.806547227691322,0.7102845508449525,32.825235260460026,21.63836893198243,0.02084593732198947,16.540113155078917,15.74612953927046
2120,0.568849952157862,16.595567513505394,58.751002038323634,38.95464615466089,79.13344196447471,2.0,4.0,14.804116170999848,0.7092331370009898,32.80723470388498,21.61819316386954,0.02087341298462086,16.595567513505394,15.802374681270301
2125,0.568849952157862,16.595567513505394,58.751002038323634,38.95464615466089,79.13344196447471,2.0,4.0,14.804116170999848,0.7092331370009898,32.80723470388498,21.61819316386954,0.02087341298462086,16.595567513505394,15.802374681270301
2130,0.5658230325955174,16.650961999968658,58.87075212295752,38.985845536224396,79.18177384734052,2.0,4.0,14.801800677070124,0.708191865782766,32.789294835202014,21.598264596482377,0.020900834070876628,16.650961999968658,15.858563666120208
2135,0.5628264986573015,16.706296408626834,58.99008267408021,39.01690248808148,79.22995674493158,2.0,4.0,14.799598062937362,0.7071605699921437,32.77141453965726,21.57857937857386,0.020928200313970812,16.706296408626834,15.914696232103704
2140,0.5598599375669266,16.761570537032494,59.10899528297803,39.04781817029439,79.27799190222517,2.0,4.0,14.797505699121725,0.7061390856446855,32.75359273342295,21.559133722882123,0.020955511456517112,16.761570537032494,15.970772121449269
2145,0.5569229435178329,16.816784186098786,59.22749153885431,39.07859373269112,79.32588054691239,2.0,4.0,14.795521008669756,0.7051272519082518,32.73582836293072,21.539923905109465,0.020982767250349994,16.816784186098786,16.02679108029146
2150,0.5569229435178329,16.816784186098786,59.22749153885431,39.07859373269112,79.32588054691239,2.0,4.0,14.795521008669756,0.7051272519082518,32.73582836293072,21.539923905109465,0.020982767250349994,16.816784186098786,16.02679108029146
2155,0.5540151175336234,16.87193716006589,59.34557302874098,39.109230314956406,79.37362388966045,2.0,4.0,14.79364146621044,0.7041249110426644,32.718120404214936,21.520946262914144,0.021009967456348186,16.87193716006589,16.082752858632386
2160,0.5511360673315551,16.927029266467798,59.46324133741212,39.139729046721975,79.42122312437088,2.0,4.0,14.791864597026075,0.7031319083404364,32.70046786226624,21.50219719491522,0.02103711184426049,16.927029266467798,16.138657210303492
2165,0.5482854071893399,16.982060316099354,59.58049804729961,39.17009104765594,79.46867942843379,2.0,4.0,14.790187976137476,0.7021480920685385,32.682869770394944,21.48367315971022,0.021064200192533983,16.982060316099354,16.1945038929278
2170,0.5454627578148887,17.037030122983648,59.69734473841073,39.20031742755139,79.51599396297824,2.0,4.0,14.788609227403553,0.7011733134111976,32.66532518960461,21.46537067490571,0.021091232288144558,17.037030122983648,16.250292667882356
2175,0.5454627578148887,17.037030122983648,59.69734473841073,39.20031742755139,79.51599396297824,2.0,4.0,14.788609227403553,0.7011733134111976,32.66532518960461,21.46537067490571,0.021091232288144558,17.037030122983648,16.250292667882356
2180,0.5426677462190241,17.091938504339666,59.813782988247624,39.23040928641424,79.56316787311883,2.0,4.0,14.787126022634977,0.7002074264137074,32.64783320797544,21.447286316160664,0.021118207926429815,17.091938504339666,16.30602330026116
2185,0.5399000055911927,17.14678528055026,59.929814371728824,39.26036771455028,79.61020228819835,2.0,4.0,14.785736080721886,0.6992502879272406,32.63039294005768,21.429416716242724,0.021145126910924336,17.14678528055026,16.361695558838328
2190,0.5371591751779903,17.20157027513042,60.04544046111248,39.29019379265139,79.65709832202691,2.0,4.0,14.784437166775309,0.698301757554643,32.61300352627483,21.41175856409707,0.02117198905319726,17.20157027513042,16.417309216031633
2195,0.5344449001643028,17.256293314695792,60.16066282592157,39.319888591881096,79.70385707311726,2.0,4.0,14.783227091282347,0.697361697597202,32.595664132336694,21.394308603928117,0.02119879417269226,17.256293314695792,16.472864047866388
2200,0.5344449001643028,17.256293314695792,60.16066282592157,39.319888591881096,79.70385707311726,2.0,4.0,14.783227091282347,0.697361697597202,32.595664132336694,21.394308603928117,0.02119879417269226,17.256293314695792,16.472864047866388
2205,0.5317568315572458,17.310954228931557,60.27548303287085,39.349453173959276,79.75047962491654,2.0,4.0,14.782103709274729,0.6964299730023684,32.57837394866216,21.37706363429374,0.021225542096569783,17.310954228931557,16.528359833939646
2210,0.5290946260728049,17.365552850561524,60.38990264579559,39.37888859124616,79.79696704603445,2.0,4.0,14.78106491951077,0.6955064513124225,32.56113218981166,21.360020507212145,0.0212522326595517,17.365552850561524,16.583796357384735
2215,0.5264579460247774,17.420089015317554,60.503923225582035,39.40819588682555,79.84332039046807,2.0,4.0,14.780108663670475,0.6945910026140684,32.543938093929285,21.343176127281186,0.02127886570376821,17.420089015317554,16.6391734048361
2220,0.5238464592164433,17.474562561909238,60.61754633009967,39.43737609458734,79.88954069782295,2.0,4.0,14.779232925563571,0.6936834994889404,32.526790922194365,21.326527450810143,0.021305441078607063,17.474562561909238,16.694490766394484
2225,0.5238464592164433,17.474562561909238,60.61754633009967,39.43737609458734,79.88954069782295,2.0,4.0,14.779232925563571,0.6936834994889404,32.526790922194365,21.326527450810143,0.021305441078607063,17.474562561909238,16.694490766394484
2230,0.5212598388345526,17.52897333199387,60.73077351413507,39.46643023930924,79.93562899353114,2.0,4.0,14.77843573035049,0.6927838169650131,32.50968995828261,21.310071484963828,0.02133195864056511,17.52897333199387,16.749748235592406
2235,0.5186977633456422,17.583321170146696,60.843606329327464,39.49535933673784,79.98158628906558,2.0,4.0,14.777715143775936,0.6918918324688963,32.49263450783658,21.29380528691897,0.021358418253102102,17.583321170146696,16.80494560936004
2240,0.5161599163946846,17.63760592383142,60.95604632410588,39.52416439366891,80.02741358215141,2.0,4.0,14.777069271415,0.6910074257790019,32.475623897945496,21.277725963032754,0.021384819786496773,17.63760592383142,16.860082687991227
2245,0.5136459867059955,17.691827443370986,61.06809504362795,39.55284640802701,80.07311185697395,2.0,4.0,14.776496257931644,0.6901304789795731,32.45865747663427,21.26183066802351,0.021411163117705176,17.691827443370986,16.915159275110028
2250,0.5136459867059955,17.691827443370986,61.06809504362795,39.55284640802701,80.07311185697395,2.0,4.0,14.776496257931644,0.6901304789795731,32.45865747663427,21.26183066802351,0.021411163117705176,17.691827443370986,16.915159275110028
2255,0.5111556679863725,17.74598558191866,61.17975402972026,39.58140636894434,80.11868208438348,2.0,4.0,14.775994286349347,0.6892608764155572,32.441734612361685,21.246116604163312,0.02143744813022125,17.74598558191866,16.970175177637362
2260,0.5086886588302519,17.80008019542932,61.29102482082021,39.609845256839,80.16412522209697,2.0,4.0,14.775561577333818,0.688398504648312,32.42485469352761,21.230581020482557,0.021463674713939618,17.80008019542932,17.025130205758117
2265,0.5062446626269832,17.854111142631062,61.40190895191945,39.63816404349239,80.2094422148966,2.0,4.0,14.775196388487606,0.6875432524121329,32.40801712798921,21.21522121198633,0.0214898427650206,17.854111142631062,17.080024172888482
2270,0.5038233874702343,17.90807828499704,61.51240795450873,39.66636369212607,80.25463399482528,2.0,4.0,14.77489701365638,0.6866950105715843,32.39122134258604,21.200034518882397,0.0215159521857574,17.90807828499704,17.134856895643594
2275,0.5038233874702343,17.90807828499704,61.51240795450873,39.66636369212607,80.25463399482528,2.0,4.0,14.77489701365638,0.6866950105715843,32.39122134258604,21.200034518882397,0.0215159521857574,17.90807828499704,17.134856895643594
2280,0.5014245460692308,17.961981486717576,61.622523356524276,39.69444515747789,80.29970148137927,2.0,4.0,14.774661782246836,0.6858536720796271,32.37446678267385,21.185018325820952,0.02154200288444546,17.961981486717576,17.18962819380548
2285,0.49904785566201326,18.015820614672517,61.73225668229558,39.722409385877356,80.34464558169765,2.0,4.0,14.774489058555979,0.6850191319365247,32.35775291166713,21.170170061145676,0.021567994775253976,18.015820614672517,17.24433789029131
2290,0.4966930379305552,18.06959553840386,61.84160945249459,39.75025731532049,80.38946719074909,2.0,4.0,14.774377241111699,0.6841912871495195,32.34107921059025,21.155487196156322,0.021593927778099556,18.06959553840386,17.29898581112187
2295,0.494359818917701,18.123306130088604,61.95058318408631,39.77798987554387,80.43416719151561,2.0,4.0,14.774324762024422,0.6833700366932629,32.324445177637074,21.14096724438249,0.02161980181852196,18.123306130088604,17.353571785390464
2300,0.494359818917701,18.123306130088604,61.95058318408631,39.77798987554387,80.43416719151561,2.0,4.0,14.774324762024422,0.6833700366932629,32.324445177637074,21.14096724438249,0.02161980181852196,18.123306130088604,17.353571785390464
2305,0.4920479289459081,18.176952264511893,62.05917939028075,39.80560798809808,80.4787464551736,2.0,4.0,14.774330086349766,0.6825552814709905,32.3078503277389,21.126607760868623,0.021645616827561966,18.176952264511893,17.408095645231967
2310,0.48975710253776583,18.230533819040364,62.16739958048615,39.83311256642054,80.52320584127204,2.0,4.0,14.774391711461941,0.6817469242764266,32.291294192140825,21.112406341469978,0.02167137274164129,18.230533819040364,17.462557225792228
2315,0.48748707833810556,18.284050673595765,62.27524526026366,39.860504515907586,80.567546197908,2.0,4.0,14.77450816643787,0.6809448697564097,32.27477631798615,21.098360622159642,0.021697069502444547,18.284050673595765,17.51695636519772
2320,0.4852375990379727,18.337502710628808,62.38271793128314,39.88778473398603,80.6117683618994,2.0,4.0,14.77467801145176,0.6801490243742218,32.25829626790901,21.08446827834622,0.02172270705680326,18.337502710628808,17.57129290452552
2325,0.4852375990379727,18.337502710628808,62.38271793128314,39.88778473398603,80.6117683618994,2.0,4.0,14.77467801145176,0.6801490243742218,32.25829626790901,21.08446827834622,0.02172270705680326,18.337502710628808,17.57129290452552
2330,0.4830084113000055,18.390889815093278,62.48981909128036,39.91495411018399,80.65587315895523,2.0,4.0,14.774899837180094,0.6793592963736167,32.241853619634824,21.070727024202373,0.021748285356581874,18.390889815093278,17.625566687773517
2335,0.48079926568557596,18.444211874420343,62.59655023401538,39.94201352620112,80.69986140384304,2.0,4.0,14.775172264216755,0.6785755957435275,32.22544796558878,21.057134612003818,0.021773804358565726,18.444211874420343,17.679777561830882
2340,0.47860991658335195,18.497468778493147,62.70291284923213,39.96896385597824,80.74373390055396,2.0,4.0,14.775493942498342,0.6777978341834506,32.209078912511984,21.04368883147889,0.021799264024351034,18.497468778493147,17.733925376448894
2345,0.47644012213943654,18.550660419621597,62.80890842261924,39.9958059657663,80.78749144246511,2.0,4.0,14.775863550739286,0.6770259250694857,32.19274608108536,21.030387509168342,0.021824664320236754,18.550660419621597,17.788009984211904
2350,0.47644012213943654,18.550660419621597,62.80890842261924,39.9958059657663,80.78749144246511,2.0,4.0,14.775863550739286,0.6770259250694857,32.19274608108536,21.030387509168342,0.021824664320236754,18.550660419621597,17.788009984211904
2355,0.4742896441889428,18.603786692517424,62.91453843577202,40.02254071419478,80.83113481249957,2.0,4.0,14.776279795876812,0.6762597834210269,32.176449105561026,21.01722850779546,0.021850005217118423,18.603786692517424,17.84203124050872
2360,0.4721582481890465,18.656847494269435,63.01980436615561,40.04916895233942,80.87466478328393,2.0,4.0,14.77674141252555,0.6754993258680929,32.16018763340117,21.00420972564624,0.02187528669038384,18.656847494269435,17.895989003504116
2365,0.4700457031534171,18.709842724319014,63.12470768706921,40.075691523789416,80.91808211730333,2.0,4.0,14.777247162441615,0.6747444706192821,32.143961324924334,20.991329095959532,0.021900508719810658,18.709842724319014,17.94988313411066
2370,0.467951781587999,18.762772284435844,63.2292498676115,40.10210926471397,80.96138756705419,2.0,4.0,14.777795833996061,0.6739951374303447,32.12776985295882,20.97858458632705,0.021925671289465796,18.762772284435844,18.003713495960845
2375,0.467951781587999,18.762772284435844,63.2292498676115,40.10210926471397,80.96138756705419,2.0,4.0,14.777795833996061,0.6739951374303447,32.12776985295882,20.97858458632705,0.021925671289465796,18.762772284435844,18.003713495960845
2380,0.46587625942821376,18.815636078693856,63.3334323726471,40.12842300392825,81.00458187519463,2.0,4.0,14.778386241657605,0.673251247573362,32.111612902503396,20.965974198103137,0.02195077438760669,18.815636078693856,18.057479955379385
2385,0.4638189159773276,18.868434013447402,63.43725666277413,40.15463356295881,81.04766577469249,2.0,4.0,14.779017225484335,0.6725127238065169,32.09549017039487,20.953495965824132,0.02197581800658434,18.868434013447402,18.11118238135583
2390,0.4617795338462116,18.921165997307636,63.54072419429279,40.18074175610835,81.09063998897116,2.0,4.0,14.779687650624469,0.6717794903444522,32.07940136498271,20.9411479566372,0.02200080214274813,18.921165997307636,18.16482064551747
2395,0.4597578988943525,18.973831941119123,63.64383641917501,40.20674839051998,81.13350523205317,2.0,4.0,14.780396406825883,0.6710514728292011,32.06334620581049,20.928928269738538,0.022025726796352407,18.973831941119123,18.218394622102334
2400,0.4597578988943525,18.973831941119123,63.64383641917501,40.20674839051998,81.13350523205317,2.0,4.0,14.780396406825883,0.6710514728292011,32.06334620581049,20.928928269738538,0.022025726796352407,18.973831941119123,18.218394622102334
2405,0.45775380017200007,19.02643175793667,63.74659478503509,40.23265426624084,81.17626220870153,2.0,4.0,14.78114240795436,0.6703285983016842,32.047324423304005,20.916835035820906,0.02205059197146478,19.02643175793667,18.271904187932595
2410,0.45576702986355144,19.078965363002364,63.849000735101356,40.25846017628523,81.21891161455892,2.0,4.0,14.781924591520326,0.6696107951737567,32.03133575846601,20.90486641653013,0.022075397675876147,19.078965363002364,18.325349222388198
2415,0.45379738323208585,19.131432673722813,63.95105570818876,40.28416690669709,81.26145413628484,2.0,4.0,14.78274191821411,0.6688979932008037,32.01537996257751,20.89302060393075,0.022100143921012363,19.131432673722813,18.378729607380627
2420,0.45184465856502243,19.183833609646616,64.0527611386725,40.30977523661198,81.30389045169052,2.0,4.0,14.783593371449399,0.6681901234548674,31.999456796905477,20.88129581998045,0.02212483072184761,19.183833609646616,18.43204522732702
2425,0.45184465856502243,19.183833609646616,64.0527611386725,40.30977523661198,81.30389045169052,2.0,4.0,14.783593371449399,0.6681901234548674,31.999456796905477,20.88129581998045,0.02212483072184761,19.183833609646616,18.43204522732702
2430,0.4499086571209716,19.23616809244202,64.15411845646247,40.33528593831856,81.34622122987183,2.0,4.0,14.784477956914937,0.6674871182983008,31.983566032416775,20.869690316013315,0.022149458096819386,19.23616809244202,18.485295969124508
2435,0.4479891830774534,19.28843604587482,64.25512908697878,40.360699777319354,81.38844713134016,2.0,4.0,14.78539470213424,0.666788911357936,31.967707449498416,20.858202372231677,0.022174026067745083,19.28843604587482,18.5384817221247
2440,0.44608604348002245,19.340637395786413,64.35579445112806,40.38601751239118,81.43056880815128,2.0,4.0,14.786342656033206,0.6660954374997591,31.95188083768385,20.846830297206488,0.02219853465974019,19.340637395786413,18.591602378108586
2445,0.4441990481919902,19.3927720700721,64.45611596528072,40.41123989564487,81.47258690403227,2.0,4.0,14.787320888515568,0.6654066328040816,31.936085995385266,20.83557242738613,0.022222983901138027,19.3927720700721,18.644657831261398
2450,0.4441990481919902,19.3927720700721,64.45611596528072,40.41123989564487,81.47258690403227,2.0,4.0,14.787320888515568,0.6654066328040816,31.936085995385266,20.83557242738613,0.022222983901138027,19.3927720700721,18.644657831261398
2455,0.44232800984556775,19.444839998659567,64.55609504124902,40.43636767258457,81.51450205450641,2.0,4.0,14.788328490045965,0.6647224345412001,31.920322729631827,20.824427126613422,0.022247373823411055,19.444839998659567,18.697647978148026
2460,0.4404727437937197,19.496841113487562,64.65573308626614,40.46140158216649,81.55631488701623,2.0,4.0,14.789364571240618,0.6640427811475359,31.904590855813677,20.813392785650898,0.022271704461093663,19.496841113487562,18.750572717688378
2465,0.43863306806311186,19.54877534848479,64.75503150296585,40.48634235685705,81.59802602104469,2.0,4.0,14.790428262465436,0.6633676122022448,31.88889019743168,20.80246782171404,0.022295975851706475,19.54877534848479,18.803431951133163
2470,0.43680880330794025,19.600642639548973,64.85399168936324,40.51119072269064,81.63963606823445,2.0,4.0,14.791518713441361,0.6626968684042858,31.873220585852764,20.79165067801244,0.022320188035682142,19.600642639548973,18.856225582039777
2475,0.43680880330794025,19.600642639548973,64.85399168936324,40.51119072269064,81.63963606823445,2.0,4.0,14.791518713441361,0.6626968684042858,31.873220585852764,20.79165067801244,0.022320188035682142,19.600642639548973,18.856225582039777
2480,0.43499977276472634,19.652442924526138,64.95261503883613,40.535947399326766,81.68114563250535,2.0,4.0,14.792635092857026,0.6620304915499474,31.85758186007075,20.780939823298855,0.022344341056292547,19.652442924526138,18.908953516248463
2485,0.4332058022079792,19.704176143190075,65.0509029401073,40.560613100106714,81.72255531017004,2.0,4.0,14.793776587988427,0.6613684245108171,31.84197386647265,20.770333751425863,0.02236843495957746,19.704176143190075,18.961615661858698
2490,0.4314267199067672,19.755842237221994,65.14885677722752,40.585188532109726,81.76386569004792,2.0,4.0,14.794942404325566,0.6607106112121856,31.826396458610247,20.75983098091013,0.02239246979427459,19.755842237221994,19.014211929205786
2495,0.4296623565821136,19.807441150190357,65.24647792955929,40.60967439620868,81.8050773535773,2.0,4.0,14.796131765205981,0.6600569966118819,31.810849496976914,20.749430054504177,0.022416445611751025,19.807441150190357,19.066742230837647
2500,0.4296623565821136,19.807441150190357,65.24647792955929,40.60967439620868,81.8050773535773,2.0,4.0,14.796131765205981,0.6600569966118819,31.810849496976914,20.749430054504177,0.022416445611751025,19.807441150190357,19.066742230837647
2505,0.42791254536521706,19.858972827530927,65.3437677717614,40.63407138712525,81.84619087492578,2.0,4.0,14.797343911455025,0.6594075266795295,31.795332848789567,20.73912953877546,0.02244036246593603,19.858972827530927,19.119206481491837
2510,0.4261771217566377,19.910437216526965,65.44072767377416,40.65838019348457,81.88720682109907,2.0,4.0,14.798578101032746,0.6587621483762124,31.779846387775663,20.728928023692706,0.022464220413255177,19.910437216526965,19.171604598072843
2515,0.4244559235860237,19.961834266289646,65.53735900080537,40.682601497869435,81.928125752048,2.0,4.0,14.799833608687344,0.6581208096345499,31.764389993965157,20.718824122219402,0.022488019512565776,19.961834266289646,19.223936499629417
2520,0.42274879097293194,20.013163927738628,65.63366311331703,40.70673597687403,81.96894822077404,2.0,4.0,14.80110972561501,0.6574834593391653,31.7489635534873,20.708816469914257,0.022511759825093642,20.013163927738628,19.276202107332338
2525,0.42274879097293194,20.013163927738628,65.63366311331703,40.70673597687403,81.96894822077404,2.0,4.0,14.80110972561501,0.6574834593391653,31.7489635534873,20.708816469914257,0.022511759825093642,20.013163927738628,19.276202107332338
2530,0.4210555662881461,20.06442615358282,65.7296413670127,40.730784301157136,82.009674773433,2.0,4.0,14.802405759126108,0.656850047307547,31.73356695837223,20.69890372453863,0.022535441414371096,20.06442615358282,19.328401344452224
2535,0.41937609411591836,20.115620898301316,65.82529511282553,40.754747135494895,82.05030594943742,2.0,4.0,14.803721032317585,0.656220524271292,31.718200106357234,20.689084565670758,0.022559064346176244,20.115620898301316,19.380534136337577
2540,0.41771022121687906,20.166748118124534,65.92062569690702,40.778625138833135,82.09084228155712,2.0,4.0,14.80505488375146,0.6555948418577241,31.702862900697617,20.679357694326647,0.022582628688473456,20.166748118124534,19.432600410393107
2545,0.41605779649164276,20.217807771015483,66.01563446061637,40.80241896433913,82.13128429601839,2.0,4.0,14.806406667139301,0.6549729525718795,31.68755524998206,20.66972183258758,0.022606134511355083,20.217807771015483,19.484600096058156
2550,0.41605779649164276,20.217807771015483,66.01563446061637,40.80241896433913,82.13128429601839,2.0,4.0,14.806406667139301,0.6549729525718795,31.68755524998206,20.66972183258758,0.022606134511355083,20.217807771015483,19.484600096058156
2555,0.41441867094521,20.26879981665125,66.11032274051047,40.826129259453005,82.17163251260162,2.0,4.0,14.807775751032716,0.6543548097788568,31.672277067952447,20.66017572323415,0.02262958188698436,20.26879981665125,19.536533124785368
2560,0.4127926976519376,20.319724216404627,66.20469186833459,40.84975666593864,82.21188744473737,2.0,4.0,14.809161518519534,0.653740367686519,31.65702827332798,20.65071812938662,0.022652970889539454,20.319724216404627,19.58839943001961
2565,0.4111797317212762,20.37058093332593,66.29874317101357,40.87330181993411,82.25204959960104,2.0,4.0,14.810563366925756,0.6531295813285424,31.641808789633608,20.64134783415159,0.022676301595158696,20.37058093332593,19.640198947176962
2570,0.40957963026413324,20.42136993212497,66.3924779706437,40.89676535200169,82.29211947820605,2.0,4.0,14.811980707523155,0.6525224065478106,31.62661854503258,20.632063640274897,0.02269957408188691,20.42136993212497,19.691931613624035
2575,0.40957963026413324,20.42136993212497,66.3924779706437,40.89676535200169,82.29211947820605,2.0,4.0,14.811980707523155,0.6525224065478106,31.62661854503258,20.632063640274897,0.02269957408188691,20.42136993212497,19.691931613624035
2580,0.4079922523598327,20.472091179153228,66.48589758448519,40.9201478871774,82.33209757549565,2.0,4.0,14.813412965242309,0.6519187999801379,31.611457472163142,20.622864369800528,0.02272278842962288,20.472091179153228,19.743597368657362
2585,0.40641745902378545,20.522744642386137,66.57900332495517,40.94345004502017,82.3719843804333,2.0,4.0,14.81485957839116,0.6513187190383252,31.59632550797922,20.613748863735548,0.022745944720067867,20.522744642386137,19.795196153483104
2590,0.40485511317572787,20.573330291405576,66.67179649962124,40.96667243966048,82.41178037609161,2.0,4.0,14.81631999837884,0.6507221218965348,31.581222593595054,20.60471598172095,0.022769043036675252,20.573330291405576,19.84672791119683
2595,0.40330507960855755,20.623848097382517,66.7642784111957,40.98981567984857,82.45148603973996,2.0,4.0,14.817793689444791,0.6501289674749827,31.5661486741337,20.59576460170825,0.022792083464601178,20.623848097382517,19.898192586763532
2600,0.40330507960855755,20.623848097382517,66.7642784111957,40.98981567984857,82.45148603973996,2.0,4.0,14.817793689444791,0.6501289674749827,31.5661486741337,20.59576460170825,0.022792083464601178,20.623848097382517,19.898192586763532
2605,0.40176722495777994,20.674298033059827,66.8564503575302,41.01288036900236,82.49110184293083,2.0,4.0,14.81928012839299,0.6495392154249385,31.551103698579293,20.586893619641792,0.022815066090656266,20.674298033059827,19.94959012699786
2610,0.40024141767156607,20.72468007273523,66.94831363161096,41.035867105254745,82.53062825158474,2.0,4.0,14.820778804331313,0.6489528261140318,31.53608761963306,20.57810194914669,0.02283799100325831,20.72468007273523,20.00092048054449
2615,0.398727527981265,20.77499419224443,67.03986952155451,41.058776481500615,82.57006572607393,2.0,4.0,14.822289218415792,0.6483697606118526,31.521100393572933,20.56938852122223,0.02286085829238599,20.77499419224443,20.052183597858694
2620,0.39722542787255577,20.825240368944403,67.13111931060396,41.081609085443404,82.60941472130469,2.0,4.0,14.82381088359985,0.6477899806758467,31.50614198011673,20.56075228394075,0.02288366804953358,20.825240368944403,20.103379431187065
2625,0.39722542787255577,20.825240368944403,67.13111931060396,41.081609085443404,82.60941472130469,2.0,4.0,14.82381088359985,0.6477899806758467,31.50614198011673,20.56075228394075,0.02288366804953358,20.825240368944403,20.103379431187065
2630,0.39573499105718213,20.87541858169682,67.22206427712578,41.1043654996412,82.64867568679854,2.0,4.0,14.82534332438828,0.6472134487374952,31.49121234228885,20.552192202151794,0.022906420367666564,20.87541858169682,20.154507934548505
2635,0.3942560929451133,20.925528810851652,67.312705694607,41.12704630155249,82.68784906677212,2.0,4.0,14.826886076595995,0.6466401278887761,31.47631144629037,20.54370725719152,0.022929115341178242,20.925528810851652,20.205569063715263
2640,0.3927886106172025,20.97557103823091,67.40304483165303,41.14965206358149,82.72693530021577,2.0,4.0,14.828438687111408,0.6460699818689003,31.46143926137249,20.535296446597332,0.02295175306584725,20.97557103823091,20.25656277619424
2645,0.3913324227985697,21.025545247112547,67.4930829519858,41.17218335312305,82.76593482097113,2.0,4.0,14.83000071366437,0.6455029750513175,31.446595759713276,20.52695878382745,0.022974333638795988,21.025545247112547,20.307489031208448
2650,0.3913324227985697,21.025545247112547,67.4930829519858,41.17218335312305,82.76593482097113,2.0,4.0,14.83000071366437,0.6455029750513175,31.446595759713276,20.52695878382745,0.022974333638795988,21.025545247112547,20.307489031208448
2655,0.38988740983216985,21.07545142221451,67.58282131444241,41.194640732607176,82.80484805780725,2.0,4.0,14.831571724598579,0.6449390724309862,31.4317809162976,20.518693297985568,0.022996857158449922,21.07545142221451,20.358347789678657
2660,0.38845345365309925,21.12528954967892,67.67226117297432,41.217024759543136,82.84367543449581,2.0,4.0,14.833151298648435,0.6443782396119044,31.416994708800246,20.510499033550367,0.023019323724497793,21.12528954967892,20.409139014205135
2665,0.3870304377633005,21.17505961705644,67.76140377664684,41.2393359865632,82.88241736988503,2.0,4.0,14.834739024720168,0.643820442794892,31.402237117472065,20.50237505010983,0.02304173343785266,21.17505961705644,20.459862669049684
2670,0.3856182472066223,21.22476161329075,67.85025036963921,41.26157496146598,82.92107427797252,2.0,4.0,14.836334501677282,0.6432656487656256,31.387508125029203,20.49432042210032,0.023064086400613804,21.22476161329075,20.51051872011773
2675,0.3856182472066223,21.22476161329075,67.85025036963921,41.26157496146598,82.92107427797252,2.0,4.0,14.836334501677282,0.6432656487656256,31.387508125029203,20.49432042210032,0.023064086400613804,21.22476161329075,20.51051872011773
2680,0.3842167685445048,21.27439552870319,67.9388021912449,41.28374222725939,82.95964656797698,2.0,4.0,14.837937338130088,0.6427138248829143,31.37280771654523,20.48633423855026,0.023086382716029443,21.27439552870319,20.56110713494065
2685,0.38282588983203425,21.323961354977556,68.02706047587257,41.30583832220318,82.9981346444088,2.0,4.0,14.83954715222943,0.6421649390672179,31.358135879346186,20.478415602828463,0.023108622488460268,21.323961354977556,20.61162788265819
2690,0.38144550059442395,21.373459085144994,68.11502645304721,41.327863779851185,83.03653890713964,2.0,4.0,14.841163571464374,0.6416189597893976,31.343492602908462,20.47056363239685,0.023130805823343776,21.373459085144994,20.66208093400118
2695,0.38007549180389333,21.42288871356909,68.20270134741183,41.3498191290931,83.0748597514709,2.0,4.0,14.842786232463892,0.6410758560596982,31.32887787875944,20.462777458567675,0.023152932827159387,21.42288871356909,20.71246626127425
2700,0.38007549180389333,21.42288871356909,68.20270134741183,41.3498191290931,83.0748597514709,2.0,4.0,14.842786232463892,0.6410758560596982,31.32887787875944,20.462777458567675,0.023152932827159387,21.42288871356909,20.71246626127425
2705,0.3787157558571437,21.472250235931064,68.2900863787295,41.37170489419593,83.11309756820108,2.0,4.0,14.844414780802383,0.6405355974169544,31.314291700380853,20.455056226265018,0.0231750036073943,21.472250235931064,20.762783838338837
2710,0.3773661865529192,21.521543649215122,68.37718276188569,41.39352159484508,83.15125274369228,2.0,4.0,14.84604887080908,0.6399981539180201,31.299734063114798,20.447399093790594,0.023197018272510157,21.521543649215122,20.813033640596228
2715,0.3760266790703497,21.570768951693932,68.46399170689114,41.41526974618505,83.18932565993549,2.0,4.0,14.84768816538116,0.6394634961274128,31.285204964072328,20.439805232593727,0.023218976931910378,21.570768951693932,20.86321564497091
2720,0.3746971299473927,21.619926142914235,68.55051441888493,41.436949858859776,83.22731669461503,2.0,4.0,14.849332335800513,0.63893159510717,31.27070440204461,20.432273827045417,0.023240879695908274,21.619926142914235,20.913329829893964
2725,0.3746971299473927,21.619926142914235,68.55051441888493,41.436949858859776,83.22731669461503,2.0,4.0,14.849332335800513,0.63893159510717,31.27070440204461,20.432273827045417,0.023240879695908274,21.619926142914235,20.913329829893964
2730,0.3733774370598155,21.669015223682614,68.63675209813803,41.45856243905266,83.26522622117191,2.0,4.0,14.85098106155419,0.6384024224069155,31.25623237741656,20.4248040742165,0.02326272667569583,21.669015223682614,20.96337617528663
2735,0.3720674996004476,21.718036196051358,68.72270594005714,41.48010798852616,83.30305460886633,2.0,4.0,14.852634030158335,0.6378759500541278,31.241788892082887,20.41739518365975,0.023284517983313206,21.718036196051358,21.013354662544028
2740,0.3707672180589867,21.766989063304514,68.80837713518883,41.50158700466107,83.34080222283905,2.0,4.0,14.854290936985647,0.6373521505446096,31.22737394936654,20.41004637719588,0.023306253731618914,21.766989063304514,21.063265274519104
2745,0.3694764942019191,21.815873829944007,68.89376686922414,41.52299998049548,83.378469424172,2.0,4.0,14.855951485096217,0.6368309968331516,31.212987553939474,20.402756888703387,0.023327934034260655,21.815873829944007,21.113107995506613
2750,0.3694764942019191,21.815873829944007,68.89376686922414,41.52299998049548,83.378469424172,2.0,4.0,14.855951485096217,0.6368309968331516,31.212987553939474,20.402756888703387,0.023327934034260655,21.815873829944007,21.113107995506613
2755,0.3681952310529937,21.864690501675934,68.97887632300339,41.54434740476333,83.41605656994788,2.0,4.0,14.85761538507179,0.6363124623243909,31.198629711745678,20.395525963912178,0.02334955900564683,21.864690501675934,21.16288281122732
2760,0.3669233328739807,21.913439085396977,69.06370667252136,41.565629761932676,83.45356401330888,2.0,4.0,14.859282354853232,0.6357965208638535,31.184300429926427,20.388352860200865,0.023371128760918666,21.913439085396977,21.21258970881236
2765,0.36566070514572857,21.962119589180936,69.14825908893278,41.586847532243574,83.49099210351442,2.0,4.0,14.860952119581334,0.6352831467291857,31.169999716747725,20.381236846397737,0.023392643415923006,21.962119589180936,21.262228676787664
2770,0.36440725454961864,22.010732022265394,69.23253473855806,41.60800119174564,83.52834118599814,2.0,4.0,14.86262441144071,0.6347723146215618,31.15572758152985,20.374177202585244,0.023414103087185677,22.010732022265394,21.31179970505865
2775,0.36440725454961864,22.010732022265394,69.23253473855806,41.60800119174564,83.52834118599814,2.0,4.0,14.86262441144071,0.6347723146215618,31.15572758152985,20.374177202585244,0.023414103087185677,22.010732022265394,21.31179970505865
2780,0.3631628889493328,22.05927639503851,69.31653478288945,41.62909121233528,83.56561160242393,2.0,4.0,14.864298969506839,0.6342639996572712,31.141484034578973,20.36717321990806,0.023435507891885497,22.05927639503851,21.36130278489493
2785,0.36192751737290507,22.107752719025925,69.40026037859737,41.650118061792604,83.60280369074107,2.0,4.0,14.86597553959623,0.6337581773594789,31.127269087120837,20.36022420038453,0.023456857947828865,22.107752719025925,21.410737908915284
2790,0.36070104999512864,22.156161006877813,69.48371267753707,41.671082203817974,83.6399177852387,2.0,4.0,14.867653874119457,0.6332548236501538,31.113082751236387,20.35332945672152,0.02347815337342491,22.156161006877813,21.46010507107264
2795,0.359483398120247,22.204501272356033,69.56689282675558,41.69198409806826,83.67695421659923,2.0,4.0,14.869333731937294,0.6327539148421663,31.09892503979935,20.34648831213263,0.02349939428766125,22.204501272356033,21.509404266639343
2800,0.359483398120247,22.204501272356033,69.56689282675558,41.69198409806826,83.67695421659923,2.0,4.0,14.869333731937294,0.6327539148421663,31.09892503979935,20.34648831213263,0.02349939428766125,22.204501272356033,21.509404266639343
2805,0.35827447416497193,22.252773530321416,69.64980196849889,41.71282420019276,83.71391331195109,2.0,4.0,14.871014878219633,0.632255427631546,31.08479596641571,20.33970010015959,0.023520580810080266,22.252773530321416,21.55863549219246
2810,0.3570741916418001,22.300977796721163,69.73244124021944,41.73360296186879,83.75079539492066,2.0,4.0,14.872697084307303,0.631759339089902,31.070695545365027,20.332964164496946,0.023541713060755965,22.300977796721163,21.607798745599215
2815,0.35588246514257094,22.349114088576368,69.81481177458384,41.754320830836974,83.78760078568334,2.0,4.0,14.874380127576634,0.6312656266569968,31.05662379154356,20.326279858819834,0.023562791160271344,22.349114088576368,21.656894026002668
2820,0.3546992103223374,22.397182423969642,69.89691469948087,41.774978250936215,83.8243298010139,2.0,4.0,14.87606379130679,0.6307742681334755,31.042580720409184,20.31964654661486,0.023583815229696287,22.397182423969642,21.705921333807396
2825,0.3546992103223374,22.397182423969642,69.89691469948087,41.774978250936215,83.8243298010139,2.0,4.0,14.87606379130679,0.6307742681334755,31.042580720409184,20.31964654661486,0.023583815229696287,22.397182423969642,21.705921333807396
2830,0.3535243438836062,22.445182822032887,69.97875113802971,41.79557566213836,83.860982754336,2.0,4.0,14.877747864549791,0.6302852416737456,31.028566347927978,20.313063601014058,0.023604785390566003,22.445182822032887,21.754880670665372
2835,0.35235778356063463,22.493115302935166,70.06032220858833,41.816113500582546,83.89755995577104,2.0,4.0,14.87943214200312,0.6297985257790008,31.01458069052255,20.306530404631744,0.023625701764859928,22.493115302935166,21.803772039462014
2840,0.3511994481042535,22.540979887870677,70.14162902476231,41.836592198609246,83.9340617121862,2.0,4.0,14.881116423884965,0.6293140992903931,31.00062376502197,20.300046349404386,0.023646564474981143,22.540979887870677,21.852595444302306
2845,0.3500492572667184,22.588776599046856,70.22267269541368,41.85701218479399,83.97048832724177,2.0,4.0,14.882800515811994,0.6288319413823433,30.98669558861333,20.293610836433295,0.023667373643736285,22.588776599046856,21.90135089049706
2850,0.3500492572667184,22.588776599046856,70.22267269541368,41.85701218479399,83.97048832724177,2.0,4.0,14.882800515811994,0.6288319413823433,30.98669558861333,20.293610836433295,0.023667373643736285,22.588776599046856,21.90135089049706
2855,0.34890713178705823,22.63650545967259,70.30345432467011,41.87737388398084,84.00684010143775,2.0,4.0,14.884484228679552,0.62835203155599,30.97279617879485,20.287223275830147,0.02368812939431589,22.63650545967259,21.950038384549305
2860,0.3477729933763811,22.684166493946552,70.38397501193431,41.89767771731552,84.04311733215972,2.0,4.0,14.886167378544425,0.627874349632776,30.958925553330545,20.280883086565307,0.023708831850275263,22.684166493946552,21.998657934140855
2865,0.34664676470380584,22.731759727045606,70.46423585189353,41.91792410227826,84.0793203137241,2.0,4.0,14.887849786509848,0.6273988757481644,30.94508373020635,20.274589696318806,0.023729481135515734,22.731759727045606,22.047209548118936
2870,0.345528369382194,22.779285185113377,70.54423793452948,41.93811345271637,84.11544933742255,2.0,4.0,14.889531278612997,0.6269255903454881,30.931270727587727,20.26834254133409,0.023750077374266425,22.779285185113377,22.095693236482944
2875,0.345528369382194,22.779285185113377,70.54423793452948,41.93811345271637,84.11544933742255,2.0,4.0,14.889531278612997,0.6269255903454881,30.931270727587727,20.26834254133409,0.023750077374266425,22.779285185113377,22.095693236482944
2880,0.3444177319545503,22.8267428952489,70.62398234512816,41.958246178876465,84.1515046915659,2.0,4.0,14.891211685714694,0.6264544741699235,30.917486563778688,20.262141066274282,0.023770620691066384,22.8267428952489,22.144109010371423
2885,0.34331477788030895,22.874132885495364,70.70347016429018,41.97832268743649,84.18748666152726,2.0,4.0,14.89289084339141,0.6259855082625904,30.9037312571822,20.255984724081102,0.02379111121074722,22.874132885495364,22.19245688204899
2890,0.342219433522132,22.921455184828996,70.78270246794112,41.998343381537396,84.22339552978447,2.0,4.0,14.8945685918295,0.6255186739547752,30.890004826261954,20.24987297583631,0.023811549058416075,22.921455184828996,22.240736864893588
2895,0.3411316261326789,22.96870982314803,70.86168032734203,42.018308660814554,84.25923157596202,2.0,4.0,14.896244775721566,0.6250539528622704,30.876307289505448,20.243805290625545,0.023831934359439096,22.96870982314803,22.288948973383693
2900,0.3411316261326789,22.96870982314803,70.86168032734203,42.018308660814554,84.25923157596202,2.0,4.0,14.896244775721566,0.6250539528622704,30.876307289505448,20.243805290625545,0.023831934359439096,22.96870982314803,22.288948973383693
2905,0.3400512838418024,23.015896831261763,70.94040480910023,42.03821892142889,84.29499507687223,2.0,4.0,14.897919244165031,0.6245913268798359,30.862638665388364,20.237781145404735,0.02385226723942521,23.015896831261763,22.337093223085727
2910,0.3389783356438727,23.06301624087977,71.01887697518026,42.05807455609775,84.3306863065558,2.0,4.0,14.899591850562693,0.6241307781757695,30.8489989723402,20.231800024868782,0.023872547824210374,23.06301624087977,22.385169630641553
2915,0.33791271138522916,23.11006808460116,71.09709788291492,42.077875954125446,84.36630553632189,2.0,4.0,14.901262452525462,0.6236722891865957,30.835388228711132,20.22586142132267,0.02389277623984216,23.11006808460116,22.433178213756126
2920,0.3368543417520584,23.15705239590398,71.17506858501655,42.097623501433624,84.40185303478732,2.0,4.0,14.902930911776997,0.6232158426118592,30.82180645274005,20.21996483455484,0.02391295261256474,23.15705239590398,22.481118991185244
2925,0.3368543417520584,23.15705239590398,71.17506858501655,42.097623501433624,84.40185303478732,2.0,4.0,14.902930911776997,0.6232158426118592,30.82180645274005,20.21996483455484,0.02391295261256474,23.15705239590398,22.481118991185244
2930,0.33580315825824414,23.203969209134684,71.25279012958849,42.11731758059126,84.43732906791546,2.0,4.0,14.904597094060403,0.622761421409031,30.808253662523796,20.214109771712867,0.02393307706880422,23.203969209134684,22.52899198272337
2935,0.3347590932335862,23.250818559497734,71.33026356013669,42.136958570844435,84.47273389905426,2.0,4.0,14.906260869046797,0.6223090087885157,30.794729875987528,20.2082957471813,0.023953149735154344,23.250818559497734,22.576797209191632
2940,0.3337220798121052,23.29760048304528,71.40748991558132,42.15654684814586,84.50806778897399,2.0,4.0,14.907922110245831,0.6218585882087656,30.781235110856155,20.202522282461754,0.023973170738362557,23.29760048304528,22.624534692425947
2945,0.3326920519206311,23.34431501666694,71.48447023026883,42.17608278518413,84.54333099590411,2.0,4.0,14.909580694918034,0.6214101433714944,30.767769384626902,20.196788906055097,0.02399314020531641,23.34431501666694,22.672204455265163
2950,0.3326920519206311,23.34431501666694,71.48447023026883,42.17608278518413,84.54333099590411,2.0,4.0,14.909580694918034,0.6214101433714944,30.767769384626902,20.196788906055097,0.02399314020531641,23.34431501666694,22.672204455265163
2955,0.3316689442674772,23.390962198079688,71.56120553398387,42.19556675141265,84.5785237755698,2.0,4.0,14.911236503988997,0.6209636582169898,30.75433271454291,20.191095153345746,0.02401305826303028,23.390962198079688,22.719806521539404
2960,0.330652692331455,23.437542065817834,71.6376968519615,42.21499911307844,84.61364638122781,2.0,4.0,14.912889421965355,0.6205191169195251,30.740925117567855,20.185440566488033,0.024032925038632455,23.437542065817834,22.76734091605849
2965,0.3296432323508469,23.484054659223084,71.71394520489955,42.234380233250555,84.64869906370183,2.0,4.0,14.914539336852515,0.6200765038828633,30.72754661036156,20.179824694294627,0.024052740659352534,23.484054659223084,22.814807664600472
2970,0.32864050131281886,23.530500018434722,71.78995160897101,42.25371047184833,84.68368207141727,2.0,4.0,14.916186140074101,0.6196358037358561,30.714197209256614,20.17424709212686,0.024072505252509112,23.530500018434722,22.862206793900295
2975,0.32864050131281886,23.530500018434722,71.78995160897101,42.25371047184833,84.68368207141727,2.0,4.0,14.916186140074101,0.6196358037358561,30.714197209256614,20.17424709212686,0.024072505252509112,23.530500018434722,22.862206793900295
2980,0.32764443694274803,23.57687818437987,71.86571707583664,42.272990185669315,84.71859565043557,2.0,4.0,14.917829726393112,0.6191970013281342,30.700876930235896,20.168707321787128,0.02409221894549782,23.57687818437987,22.90953833163851
2985,0.3266549776940053,23.62318919876382,71.94124261265767,42.29221972841703,84.75344004448793,2.0,4.0,14.919469993834696,0.6187600817258851,30.687585788911058,20.163204951413082,0.024111881865779637,23.62318919876382,22.956802306430166
2990,0.3256720627375671,23.669433104060523,72.01652922210864,42.31139945072841,84.78821549500856,2.0,4.0,14.921106843610588,0.6183250302077211,30.674323800501895,20.157739555373805,0.024131494140869514,23.669433104060523,23.003998747813753
2995,0.3246956319521388,23.715609943503104,72.09157790239031,42.33052970020103,84.82292224116739,2.0,4.0,14.922740180045105,0.6178918322606302,30.661090979816585,20.152310714167758,0.02415105589832528,23.715609943503104,23.051127686240264
3000,0.3246956319521388,23.715609943503104,72.09157790239031,42.33052970020103,84.82292224116739,2.0,4.0,14.922740180045105,0.6178918322606302,30.661090979816585,20.152310714167758,0.02415105589832528,23.715609943503104,23.051127686240264
3005,0.32372562591420717,23.761719761074477,72.16638964724277,42.34961082142013,84.85756051990235,2.0,4.0,14.924369910502712,0.6174604735760117,30.647887341232792,20.146918014322576,0.024170567265736832,23.761719761074477,23.098189153062403
3010,0.3227619858883486,23.807762601498098,72.24096544595854,42.368643155985275,84.89213056595106,2.0,4.0,14.92599594531714,0.6170309400457963,30.63471289867959,20.141561048296662,0.024190028370715617,23.807762601498098,23.145183180523837
3015,0.32180465381762247,23.85373851022874,72.31530628339596,42.38762704253698,84.92663261188217,2.0,4.0,14.927618197721955,0.616603217758642,30.621567665620226,20.136239414382477,0.02420943934088436,23.85373851022874,23.192109801748554
3020,0.32085357231424894,23.899647533443414,72.38941313999244,42.40656281678285,84.96106688812606,2.0,4.0,14.929236583782638,0.6161772929962127,30.608451655035612,20.13095271661156,0.024228800303867086,23.899647533443414,23.238969050730383
3025,0.32085357231424894,23.899647533443414,72.38941313999244,42.40656281678285,84.96106688812606,2.0,4.0,14.929236583782638,0.6161772929962127,30.608451655035612,20.13095271661156,0.024228800303867086,23.899647533443414,23.238969050730383
3030,0.3199086846503292,23.94548971803233,72.46328699177808,42.42545081152373,84.9954336230052,2.0,4.0,14.930851022330094,0.6157531522295326,30.595364879408635,20.12570056466129,0.024248111387279364,23.94548971803233,23.285760962322527
3035,0.3189699347486936,23.99126511158999,72.53692881038911,42.44429135667945,85.02973304276401,2.0,4.0,14.932461434895545,0.6153307821154143,30.5823073507092,20.120482573763187,0.024267372718718865,23.99126511158999,23.332485572227288
3040,0.31803726717400593,24.036973762406323,72.61033956308171,42.463084779314386,85.06396537159827,2.0,4.0,14.934067745646864,0.6149101694929641,30.56927908037998,20.115298364612944,0.0242865844257561,24.036973762406323,23.379142916985785
3045,0.3171106271239381,24.082615719457934,72.68352021274563,42.48183140366286,85.09813083168406,2.0,4.0,14.935669881326202,0.6144913013801567,30.556280079322896,20.11014756328197,0.024305746635925458,24.082615719457934,23.42573303396787
3050,0.3171106271239381,24.082615719457934,72.68352021274563,42.48183140366286,85.09813083168406,2.0,4.0,14.935669881326202,0.6144913013801567,30.556280079322896,20.11014756328197,0.024305746635925458,24.082615719457934,23.42573303396787
3055,0.3161899604204734,24.12819103239943,72.75647171791817,42.50053155115422,85.13222964320627,2.0,4.0,14.937267771188985,0.6140741649704828,30.543310357886256,20.105029801130556,0.02432485947671644,24.12819103239943,23.472255961362126
3060,0.3152752135013799,24.173699751554835,72.82919503279807,42.51918554043776,85.16626202438671,2.0,4.0,14.938861346944185,0.6136587476296634,30.530369925852582,20.099944714722504,0.024343923075565165,24.173699751554835,23.518711738165845
3065,0.31436633341184006,24.219141927909053,72.90169110725952,42.537793687407394,85.20022819151173,2.0,4.0,14.940450542695938,0.6132450368924371,30.517458792427085,20.09489194574137,0.024362937559846056,24.219141927909053,23.56510040417528
3070,0.31346326779615197,24.264517613099475,72.97396088686625,42.5563563052261,85.23412835895947,2.0,4.0,14.942035294886285,0.6128330204594068,30.504576966226754,20.089871140908034,0.0243819030568638,24.264517613099475,23.6114219999758
3075,0.31346326779615197,24.264517613099475,72.97396088686625,42.5563563052261,85.23412835895947,2.0,4.0,14.942035294886285,0.6128330204594068,30.504576966226754,20.089871140908034,0.0243819030568638,24.264517613099475,23.6114219999758
3080,0.3125659648895862,24.309826859407604,73.04600531288575,42.57487370435017,85.26796273922666,2.0,4.0,14.943615542239247,0.6124226861939566,30.491724455270074,20.08488195189983,0.024400819693845482,24.309826859407604,23.657676566932345
3085,0.31167437351044214,24.35506971975081,73.11782532230349,42.593346192553234,85.30173154295511,2.0,4.0,14.945191225706107,0.6120140221192328,30.478901266967334,20.079924035271123,0.024419687597932973,24.35506971975081,23.7038641471798
3090,0.31078844305208975,24.40024624767413,73.18942184783722,42.61177407495008,85.33543497895764,2.0,4.0,14.946762288411747,0.6116070164151826,30.466107408111508,20.074997052375128,0.02443850689617548,24.40024624767413,23.74998478361353
3095,0.3099081234752248,24.445356497342168,73.26079581795139,42.630157654020216,85.36907325424369,2.0,4.0,14.948328675602305,0.6112016574156586,30.453342884869706,20.07010066928728,0.02445727771552234,24.445356497342168,23.796038519880025
3100,0.3099081234752248,24.445356497342168,73.26079581795139,42.630157654020216,85.36907325424369,2.0,4.0,14.948328675602305,0.6112016574156586,30.453342884869706,20.07010066928728,0.02445727771552234,24.445356497342168,23.796038519880025
3105,0.30903336530030856,24.490400523531065,73.33194815687162,42.64849722963132,85.40264657404462,2.0,4.0,14.949890334593814,0.6107979336055804,30.440607702775164,20.065234556729827,0.024476000182815986,24.490400523531065,23.842025400367575
3110,0.3081641195999367,24.535378381620536,73.40287978459914,42.666793099062346,85.43615514183853,2.0,4.0,14.951447214722062,0.6103958336181567,30.427901866719782,20.060398389997808,0.024494674424785128,24.535378381620536,23.887945470197117
3115,0.3073003379915633,24.580290127586018,73.4735916169254,42.685045557026555,85.46959915937465,2.0,4.0,14.952999267293471,0.6099953462321627,30.415225380947142,20.055591848886284,0.0245133005680381,24.580290127586018,23.933798775213095
3120,0.30644197263008266,24.62513581799084,73.54408456544674,42.703254895694265,85.50297882669757,2.0,4.0,14.95454644553706,0.6095964603692746,30.402578249046066,20.05081461761888,0.024531878739056424,24.62513581799084,23.97958536197445
3125,0.30644197263008266,24.62513581799084,73.54408456544674,42.703254895694265,85.50297882669757,2.0,4.0,14.95454644553706,0.6095964603692746,30.402578249046066,20.05081461761888,0.024531878739056424,24.62513581799084,23.97958536197445
3130,0.30558897620078085,24.669915509978544,73.614359537579,42.721421404715414,85.53629434217086,2.0,4.0,14.956088704557438,0.6091991650914591,30.38996047394462,20.046066384777532,0.02455040906418852,24.669915509978544,24.02530527774564
3135,0.30474130191223026,24.714629261265184,73.68441743657237,42.739545371241924,85.5695459025005,2.0,4.0,14.957626001288833,0.6088034495984163,30.37737205790462,20.041346843233498,0.024568891669643628,24.714629261265184,24.07095857048786
3140,0.3038989034892836,24.759277130131792,73.754259161526,42.757627079949884,85.60273370275785,2.0,4.0,14.959158294450141,0.608409303225076,30.364813002516584,20.036655690079566,0.024587326681485874,24.759277130131792,24.116545288850205
3145,0.30306173516633805,24.803859175416857,73.82388560740299,42.775666813061505,85.63585793640235,2.0,4.0,14.960685544500897,0.6080167154391446,30.35228330869512,20.03199262656342,0.024605714225628534,24.803859175416857,24.162065482161033
3150,0.30306173516633805,24.803859175416857,73.82388560740299,42.775666813061505,85.63585793640235,2.0,4.0,14.960685544500897,0.6080167154391446,30.35228330869512,20.03199262656342,0.024605714225628534,24.803859175416857,24.162065482161033
3155,0.3022297516804855,24.848375456508897,73.8932976650452,42.793664850366895,85.66891879530384,2.0,4.0,14.962207713598263,0.6076256758387031,30.339782976674755,20.027357358022172,0.024624054427828435,24.848375456508897,24.20751920041935
3160,0.30140290826500404,24.892826033339126,73.96249622118818,42.81162146924565,85.70191646976456,2.0,4.0,14.963724765554907,0.6072361741498534,30.327312006006167,20.02274959381806,0.02464234741368054,24.892826033339126,24.25290649428627
3165,0.30058116064270735,24.937210966374128,74.03148215847615,42.82953694468822,85.73485114854073,2.0,4.0,14.965236665797878,0.6068482002244158,30.314870395552834,20.018169047275226,0.024660593308612686,24.937210966374128,24.298227415076656
3170,0.2997644650195497,24.981530316608684,74.10025635547697,42.84741154931714,85.76772301886395,2.0,4.0,14.966743381328273,0.6064617440376691,30.302458143488064,20.013615435617602,0.02467879223788046,24.981530316608684,24.343482014750677
3175,0.2997644650195497,24.981530316608684,74.10025635547697,42.84741154931714,85.76772301886395,2.0,4.0,14.966743381328273,0.6064617440376691,30.302458143488064,20.013615435617602,0.02467879223788046,24.981530316608684,24.343482014750677
3180,0.29895277807835896,25.025784145558596,74.16881968669718,42.865245553408,85.80053226646217,2.0,4.0,14.968244880681878,0.6060767956861411,30.290075247292407,20.009088479907874,0.024696944326562262,25.025784145558596,24.388670345905584
3185,0.29814605697251295,25.069972515253635,74.23717302259705,42.883039224910334,85.83327907558038,2.0,4.0,14.969741133890661,0.6056933453854442,30.27772170375145,20.004587904987513,0.024715049699554466,25.069972515253635,24.433792461767506
3190,0.29734425931981434,25.114095488230518,74.30531722960579,42.90079282946816,85.86596362900094,2.0,4.0,14.971232112445081,0.6053113834681523,30.26539750895393,20.000113439417824,0.024733108481566787,25.114095488230518,24.478848416183332
3195,0.2965473431964796,25.158153127525985,74.37325317013652,42.9185066304405,85.8985861080637,2.0,4.0,14.97271778925724,0.604930900381724,30.25310265829024,19.995664815422007,0.024751120797117727,25.158153127525985,24.523838263612674
3200,0.2965473431964796,25.158153127525985,74.37325317013652,42.9185066304405,85.8985861080637,2.0,4.0,14.97271778925724,0.604930900381724,30.25310265829024,19.995664815422007,0.024751120797117727,25.158153127525985,24.523838263612674
3205,0.29575526713114186,25.202145496669917,74.44098170260156,42.93618088892165,85.93114669268569,2.0,4.0,14.974198138624871,0.6045518866864681,30.240837146451213,19.99124176882824,0.024769086770530205,25.202145496669917,24.56876205911993
3210,0.29496799009903896,25.24607265967855,74.50850368142756,42.95381586376126,85.96364556138062,2.0,4.0,14.975673136196093,0.6041743330535492,30.228600967427287,19.986844039013743,0.02478700652592729,25.24607265967855,24.61361985836637
3215,0.2941854715161156,25.289934681047708,74.57581995707066,42.971411811584225,85.99608289127805,2.0,4.0,14.977142758934955,0.6037982302630354,30.21639411450793,19.98247136884977,0.0248048801872281,25.289934681047708,24.658411717602355
3220,0.29340767123350986,25.33373162574617,74.64293137603185,42.98896898681046,86.02845885814222,2.0,4.0,14.978606985087769,0.6034235692019857,30.204216580281415,19.978123504647563,0.02482270787814378,25.33373162574617,24.703137693659606
3225,0.29340767123350986,25.33373162574617,74.64293137603185,42.98896898681046,86.02845885814222,2.0,4.0,14.978606985087769,0.6034235692019857,30.204216580281415,19.978123504647563,0.02482270787814378,25.33373162574617,24.703137693659606
3230,0.29263454953176904,25.377463559209037,74.70983878087213,43.006487641674426,86.06077363639064,2.0,4.0,14.980065794150136,0.6030503408625759,30.19206835663483,19.973800196105252,0.024840489722173655,25.377463559209037,24.747797843943516
3235,0.2918660671154356,25.42113054733119,74.77654301022778,43.023968026244546,86.09302739911246,2.0,4.0,14.981519166834785,0.6026785363402637,30.179949434754423,19.969501196255656,0.02485822584260149,25.42113054733119,24.792392226425612
3240,0.2911021851075617,25.46473265646084,74.8430448988257,43.04141038844238,86.1252203180864,2.0,4.0,14.98296708504005,0.6023081468319903,30.167859805126188,19.965226261414962,0.024875916362491847,25.46473265646084,24.836920899636038
3245,0.2903428650443942,25.508269953393086,74.90934527749864,43.05881497406168,86.1573525637986,2.0,4.0,14.984409531819084,0.6019391636344186,30.15579945753673,19.960975151132267,0.024893561404686584,25.508269953393086,24.88138392265609
3250,0.2903428650443942,25.508269953393086,74.90934527749864,43.05881497406168,86.1573525637986,2.0,4.0,14.984409531819084,0.6019391636344186,30.15579945753673,19.960975151132267,0.024893561404686584,25.508269953393086,24.88138392265609
3255,0.28958806887004584,25.55174250536357,74.97544497320064,43.076182026787315,86.18942430546002,2.0,4.0,14.985846491349792,0.6015715781422086,30.143768381074377,19.956747628140032,0.024911161091801463,25.55174250536357,24.925781355110903
3260,0.28883775893132224,25.595150380042202,75.04134480902218,43.09351178821388,86.22143571102372,2.0,4.0,14.98727794890537,0.6012053818463264,30.131766564130523,19.952543458305353,0.024928715546222863,25.595150380042202,24.970113257162115
3265,0.2880918979725777,25.638493645526918,75.10704560420571,43.11080449786433,86.25338694720179,2.0,4.0,14.988703890825585,0.6008405663323885,30.11979399440124,19.948362410582043,0.024946224890104618,25.638493645526918,25.01437968950065
3270,0.28735044913069885,25.68177237033752,75.17254817416087,43.128060393208266,86.28527817948208,2.0,4.0,14.990124304488605,0.6004771232790386,30.107850658889085,19.944204256963552,0.024963689245364927,25.68177237033752,25.058580713339634
3275,0.28735044913069885,25.68177237033752,75.17254817416087,43.128060393208266,86.28527817948208,2.0,4.0,14.990124304488605,0.6004771232790386,30.107850658889085,19.944204256963552,0.024963689245364927,25.68177237033752,25.058580713339634
3280,0.2866133759301306,25.72498662340957,75.23785333047988,43.145279709680224,86.31710957214463,2.0,4.0,14.991539178283578,0.6001150444563598,30.09593654390516,19.9400687724367,0.02498110873368341,25.72498662340957,25.102716390407178
3285,0.28588064227790255,25.768136474088344,75.30296188095292,43.162462680697665,86.34888128827791,2.0,4.0,14.992948501583701,0.5997543217243151,30.08405163507135,19.935955734936122,0.024998483476498242,25.768136474088344,25.146786782939543
3290,0.28515221245889677,25.81122199212285,75.36787462958345,43.17960953767888,86.38059348979472,2.0,4.0,14.994352264720023,0.599394947031224,30.072195917322784,19.931864925299607,0.025015813595003378,25.81122199212285,25.190791953674054
3295,0.28442805113110126,25.854243247659895,75.43259237660368,43.196720510060736,86.41224633744798,2.0,4.0,14.995750458955742,0.5990369124122662,30.060369374910483,19.927796127224074,0.025033099210145904,25.854243247659895,25.234731965842247
3300,0.28442805113110126,25.854243247659895,75.43259237660368,43.196720510060736,86.41224633744798,2.0,4.0,14.995750458955742,0.5990369124122662,30.060369374910483,19.927796127224074,0.025033099210145904,25.854243247659895,25.234731965842247
3305,0.2837081233207783,25.897200311238212,75.49711591848981,43.21379582531622,86.44383999084614,2.0,4.0,14.997143076461132,0.5986802099880175,30.04857199140422,19.92374912722234,0.025050340442623446,25.897200311238212,25.27860688316315
3310,0.2829923944180166,25.940093253782674,75.56144604797747,43.230835708971874,86.47537460846848,2.0,4.0,14.998530110289023,0.5983248319630146,30.036803749695533,19.91972371458063,0.0250675374128817,25.940093253782674,25.322416769836444
3315,0.28228083017208405,25.982922146598504,75.62558355407708,43.24784038462504,86.5068503476801,2.0,4.0,14.99991155435088,0.5979707706243501,30.025064632000923,19.915719681316816,0.02508469024111204,25.982922146598504,25.366161690535794
3320,0.2815733966869516,26.025687061365606,75.6895292220892,43.26481007396097,86.53826736474673,2.0,4.0,15.001287403393343,0.5976180183402935,30.01335461986523,19.911736822139243,0.025101799047249216,26.025687061365606,25.40984171040233
3325,0.2815733966869516,26.025687061365606,75.6895292220892,43.26481007396097,86.53826736474673,2.0,4.0,15.001287403393343,0.5976180183402935,30.01335461986523,19.911736822139243,0.025101799047249216,26.025687061365606,25.40984171040233
3330,0.2808700604169019,26.06838807013291,75.75328383361995,43.28174499676978,86.56962581484929,2.0,4.0,15.002657652975385,0.5972665675589423,30.00167369416515,19.907774934406447,0.02511886395096913,26.06838807013291,25.453456895037977
3335,0.28017078816215246,26.111025245312803,75.81684816659626,43.29864537096324,86.60092585209821,2.0,4.0,15.004022299445937,0.5969164108068985,29.99002183511293,19.90383381808734,0.02513588507168672,26.111025245312803,25.497007310499033
3340,0.27947554706459243,26.153598659675577,75.88022299528134,43.31551141259145,86.63216762954765,2.0,4.0,15.005381339922065,0.5965675406879736,29.978399022260206,19.89991327572221,0.02515286252855387,26.153598659675577,25.54049302328977
3345,0.2787843046034766,26.196108386343973,75.94340909028993,43.33234333585933,86.66335129920928,2.0,4.0,15.006734772267615,0.5962199498819172,29.966805234501955,19.896013112384292,0.025169796440457477,26.196108386343973,25.583914100356022
3350,0.2787843046034766,26.196108386343973,75.94340909028993,43.33234333585933,86.66335129920928,2.0,4.0,15.006734772267615,0.5962199498819172,29.966805234501955,19.896013112384292,0.025169796440457477,26.196108386343973,25.583914100356022
3355,0.2780970285913753,26.238554498787753,76.00640721860367,43.349141353142976,86.6944770120661,2.0,4.0,15.008082595072365,0.5958736311431735,29.955240450080627,19.892133135642037,0.02518668692601754,26.238554498787753,25.627270609078952
3360,0.27741368716993975,26.280937070818332,76.06921814358641,43.36590567500589,86.72554491808593,2.0,4.0,15.009424807631653,0.5955285772996607,29.94370464659037,19.888273155521937,0.025203534103585334,26.280937070818332,25.670562617268768
3365,0.2767342488059512,26.323256176583463,76.13184262499954,43.38263651021501,86.75655516623466,2.0,4.0,15.010761409926483,0.5951847812515768,29.932197800981413,19.88443298447206,0.02522033809124167,26.323256176583463,25.713790193158584
3370,0.27605868228725683,26.365511890561987,76.19428141901726,43.399334065756676,86.78750790448939,2.0,4.0,15.01209240260407,0.5948422359702273,29.920719889564545,19.8806124373261,0.025237099006795216,26.365511890561987,25.75695340539827
3375,0.27605868228725683,26.365511890561987,76.19428141901726,43.399334065756676,86.78750790448939,2.0,4.0,15.01209240260407,0.5948422359702273,29.920719889564545,19.8806124373261,0.025237099006795216,26.365511890561987,25.75695340539827
3380,0.27538695671889,26.40770428755861,76.25653527824191,43.4159985468524,86.81840327985131,2.0,4.0,15.013417786958845,0.5945009344968775,29.909270888015698,19.876811331268097,0.0252538169677809,26.40770428755861,25.80005232304847
3385,0.27471904151913407,26.449833442698758,76.31860495171922,43.4326301569745,86.84924143835842,2.0,4.0,15.014737564913933,0.5941608699416278,29.897850771380682,19.873029485797698,0.025270492091458378,26.449833442698758,25.84308701557452
3390,0.27405490641575625,26.49189943142347,76.38049118495354,43.4492290978616,86.88002252509806,2.0,4.0,15.016051739002997,0.5938220354823105,29.886459514079977,19.869266722696,0.025287124494810555,26.49189943142347,25.8860575528406
3395,0.2733945214421851,26.533902329484334,76.44219471992311,43.46579556953401,86.9107466842192,2.0,4.0,15.01736031235256,0.59348442436341,29.875097089913655,19.865522865991974,0.025303714294542187,26.533902329484334,25.928964005103804
3400,0.2733945214421851,26.533902329484334,76.44219471992311,43.46579556953401,86.9107466842192,2.0,4.0,15.01736031235256,0.59348442436341,29.875097089913655,19.865522865991974,0.025303714294542187,26.533902329484334,25.928964005103804
3405,0.2727378569338583,26.57584221293849,76.50371629509526,43.48232977030897,86.94141405894462,2.0,4.0,15.01866328866469,0.5931480298950018,29.863763472066367,19.861797741929415,0.025320261607078544,26.57584221293849,25.97180644300836
3410,0.2720848835244709,26.617719158143675,76.56505664544163,43.4988318968157,86.97202479158285,2.0,4.0,15.019960672200169,0.5928128454517166,29.85245863311246,19.85809117893447,0.025336766548564125,26.617719158143675,26.01458493757985
3415,0.2714355721424653,26.659533241753323,76.62621650245335,43.51530214401039,87.00257902353997,2.0,4.0,15.021252467761954,0.5924788644717213,29.841182545021123,19.854403007583688,0.025353229234861444,26.659533241753323,26.057299560219505
3420,0.27078989400736475,26.7012845407117,76.68719659415619,43.53174070519102,87.03307689533116,2.0,4.0,15.022538680679087,0.5921460804557205,29.829935179161673,19.85073306057254,0.02536964978154988,26.7012845407117,26.099950382698573
3425,0.27078989400736475,26.7012845407117,76.68719659415619,43.53174070519102,87.03307689533116,2.0,4.0,15.022538680679087,0.5921460804557205,29.829935179161673,19.85073306057254,0.02536964978154988,26.7012845407117,26.099950382698573
3430,0.2701478206263488,26.742973132249098,76.74799764512575,43.54814777201204,87.06351854659223,2.0,4.0,15.023819316790997,0.5918144869659812,29.818716506308874,19.847081172684558,0.02538602830392457,26.742973132249098,26.142537477152718
3435,0.2695093237907713,26.784599093877087,76.80862037650249,43.56452353449897,87.09390411609078,2.0,4.0,15.02509438243212,0.5914840776253726,29.80752649664834,19.84344718076091,0.025402364916995355,26.784599093877087,26.185060916076498
3440,0.268874375572679,26.82616250338379,76.86906550600688,43.58086818106279,87.12423374173734,2.0,4.0,15.026363884416929,0.591154846116427,29.796365119782006,19.839830923670462,0.025418659735485804,26.82616250338379,26.227520772317877
3445,0.26824294832155715,26.86766343882923,76.92933374795449,43.59718189851428,87.15450756059627,2.0,4.0,15.02762783002527,0.5908267861804184,29.785232344733675,19.836232242280374,0.02543491287383227,26.86766343882923,26.2699171190728
3450,0.26824294832155715,26.86766343882923,76.92933374795449,43.59718189851428,87.15450756059627,2.0,4.0,15.02762783002527,0.5908267861804184,29.785232344733675,19.836232242280374,0.02543491287383227,26.86766343882923,26.2699171190728
3455,0.26761501466093307,26.909101978540704,76.989425813271,43.61346487207817,87.18472570889656,2.0,4.0,15.028886226988096,0.5904998916164598,29.774128139954595,19.832650979427143,0.02545112444618301,26.909101978540704,26.312250029879806
3460,0.26699054748512197,26.95047820110821,77.04934240950723,43.62971728540721,87.21488832204236,2.0,4.0,15.030139083473516,0.5901741562806179,29.763052473329118,19.82908697988814,0.025467294566397344,26.95047820110821,26.35451957861476
3465,0.2663695199560152,26.99179218537994,77.10908424085417,43.645939320596106,87.24499553462347,2.0,4.0,15.031386408073159,0.589849574085045,29.752005312180405,19.82554009035357,0.025483423348044872,26.99179218537994,26.39672583948551
3470,0.2657519054998829,27.033044010457775,77.16865200815788,43.662131158195294,87.27504748042563,2.0,4.0,15.032628209788902,0.5895261389971285,29.740986623276168,19.82201015939895,0.02549951090440474,27.033044010457775,26.43886888702677
3475,0.2657519054998829,27.033044010457775,77.16865200815788,43.662131158195294,87.27504748042563,2.0,4.0,15.032628209788902,0.5895261389971285,29.740986623276168,19.82201015939895,0.02549951090440474,27.033044010457775,26.43886888702677
3480,0.26513767780421915,27.07423375569287,77.22804640893449,43.678292977224636,87.30504429244058,2.0,4.0,15.033864498019865,0.5892038450386553,29.729996372834474,19.81849703745794,0.02551555734846495,27.07423375569287,26.48094879609484
3485,0.2645268108147292,27.115361500681257,77.28726813738508,43.694424955186996,87.33498610287616,2.0,4.0,15.035095282549786,0.588882686284996,29.719034526529587,19.815000576795732,0.0255315627929217,27.115361500681257,26.5229656418626
3490,0.2639192787321605,27.1564273252595,77.34631788441057,43.71052726808164,87.36487304316597,2.0,4.0,15.036320573534619,0.5885626568643004,29.70810104949783,19.811520631482743,0.025547527350178807,27.1564273252595,26.564919499814412
3495,0.2633150560093469,27.1974313095004,77.40519633762658,43.72660009041759,87.39470524397922,2.0,4.0,15.037540381490487,0.5882437509567121,29.697195906343513,19.80805705736882,0.025563451132347134,27.1974313095004,26.606810445741083
3500,0.2633150560093469,27.1974313095004,77.40519633762658,43.72660009041759,87.39470524397922,2.0,4.0,15.037540381490487,0.5882437509567121,29.697195906343513,19.80805705736882,0.025563451132347134,27.1974313095004,26.606810445741083
3505,0.26271411734832384,27.238373533708714,77.46390418137821,43.7426435952268,87.42448283523014,2.0,4.0,15.038754717281916,0.5879259627935973,29.686319061144864,19.80460971205784,0.02557933425124408,27.238373533708714,26.648638555734973
3510,0.26211643769721604,27.279254078416972,77.52244209675493,43.75865795407725,87.45420594608746,2.0,4.0,15.03996359211032,0.5876092866567878,29.675470477460014,19.801178454882667,0.0255951768183931,27.279254078416972,26.690403906185008
3515,0.2615219922475376,27.320073024381287,77.58081076160519,43.77464333708591,87.48387470498358,2.0,4.0,15.041167017502836,0.5872937168778405,29.664650118332997,19.79776314688061,0.025610978945023278,27.320073024381287,26.732106573771897
3520,0.26093075643120756,27.360830452577225,77.63901085055127,43.79059991293158,87.51348923962375,2.0,4.0,15.042365005301328,0.5869792478373084,29.653857946299766,19.79436365076916,0.025626740742068933,27.360830452577225,26.773746635463205
3525,0.26093075643120756,27.360830452577225,77.63901085055127,43.79059991293158,87.51348923962375,2.0,4.0,15.042365005301328,0.5869792478373084,29.653857946299766,19.79436365076916,0.025626740742068933,27.360830452577225,26.773746635463205
3530,0.2603427059178358,27.40152644419572,77.69704303500393,43.80652784886766,87.54304967699504,2.0,4.0,15.043557567651746,0.5866658739640279,29.643093923394243,19.7909798309222,0.025642462320169247,27.40152644419572,26.815324168508766
3535,0.2597578166118666,27.442161080639025,77.75490798317703,43.822427310734724,87.57255614337515,2.0,4.0,15.044744716993732,0.5863535897344203,29.63235801115439,19.78761155334657,0.02565814378966796,27.442161080639025,26.85683925043579
3540,0.25917606464993526,27.482734443516716,77.81260636010222,43.838298462973064,87.60200876434116,2.0,4.0,15.04592646605041,0.5860423896718033,29.62165017062829,19.78425868565894,0.02567378526061308,27.482734443516716,26.8982919590443
3545,0.25859742639809724,27.523246614641707,77.87013882764346,43.854141468635085,87.63140766477808,2.0,4.0,15.047102827818522,0.5857322683457195,29.61097036238022,19.78092109706318,0.02568938684275663,27.523246614641707,26.939682372402487
3550,0.25859742639809724,27.523246614641707,77.87013882764346,43.854141468635085,87.63140766477808,2.0,4.0,15.047102827818522,0.5857322683457195,29.61097036238022,19.78092109706318,0.02568938684275663,27.523246614641707,26.939682372402487
3555,0.2580218784492132,27.56369767602635,77.92750604451162,43.869956489397595,87.66075296888734,2.0,4.0,15.048273815558751,0.5854232203712763,29.600318546496787,19.777598658328,0.02570494864555443,27.56369767602635,26.981010568842102
3560,0.25744939762030583,27.604087709878534,77.98470866627898,43.88574368557396,87.69004480019505,2.0,4.0,15.049439442786275,0.5851152404084969,29.589694682593024,19.774291241764907,0.025720470778165923,27.604087709878534,27.02227662695396
3565,0.25687996094995924,27.644416798597845,78.04174734539373,43.90150321612623,87.71928328156034,2.0,4.0,15.050599723261593,0.5848083231616865,29.579098729818508,19.770998721206634,0.025735953349454017,27.644416798597845,27.063480625583477
3570,0.25631354569580367,27.684685024771767,78.09862273119437,43.91723523867703,87.74846853518326,2.0,4.0,15.051754670981547,0.584502463378808,29.568530646863497,19.767720971985785,0.025751396467984966,27.684685024771767,27.10462264382616
3575,0.25631354569580367,27.684685024771767,78.09862273119437,43.91723523867703,87.74846853518326,2.0,4.0,15.051754670981547,0.584502463378808,29.568530646863497,19.767720971985785,0.025751396467984966,27.684685024771767,27.10462264382616
3580,0.2557501293319575,27.7248924711719,78.15533546992411,43.93293990952148,87.7776006826129,2.0,4.0,15.052904300170596,0.5841976558508716,29.557990391965053,19.764457870913915,0.025766800242028286,27.7248924711719,27.145702761023284
3585,0.25518968954656884,27.765039220750243,78.21188620474533,43.94861738363891,87.80667984475515,2.0,4.0,15.054048625272253,0.5838938954113342,29.547477922913167,19.76120929626086,0.025782164779556683,27.765039220750243,27.186721056757513
3590,0.25463220423937116,27.805125356635518,78.26827557575378,43.96426781470453,87.83570614188045,2.0,4.0,15.05518766094081,0.5835911769355113,29.536993197056894,19.757975127734433,0.025797490188246036,27.805125356635518,27.227677610848573
3595,0.25407765151918227,27.845150962129477,78.32450421999296,43.97989135510095,87.86467969363139,2.0,4.0,15.056321422033196,0.5832894953399994,29.526536171310468,19.75475524646044,0.025812776575475385,27.845150962129477,27.26857250334905
