time_s,time_min,falla_prop_inyectada,falla_remi_inyectada,BIS,BIS_ref,BIS_desde_Ce_real,BIS_desde_Ce_bis,BIS_mas,BIS_menos,age_patient,error,Ce_remi_pred,Ce_remi_corr,Ce_remi_prom,Ce_prop,Ce_remi,Ce_bis,Ce_prop_obs,Ce_remi_obs,Ce_bis_menos,Ce_bis_mas,Ce_bis_inv,Ce_prop_menos,Ce_prop_mas,Ce_remi_menos,Ce_remi_mas,r_prop_sup,r_prop_inf,r_remi_sup,r_remi_inf,fallo_prop,fallo_remi,u_prop_app,u_remi_app,u_prop_cmd,u_remi_cmd
0,0.0,False,False,93.0,50.0,98.8,93.0,93.0,92.98617050583682,74.0,43.0,0.0,0.0,0.06,0.0,0.0,0.0,7.35781213734299e-12,0.0,0.0,0.0008516696527757772,7.321432349272073e-12,-0.05324687867621981,0.042423949740375944,-0.053049077232834634,0.11085276830149611,0.042423949733018135,-0.053246878683577616,0.11085276830149611,-0.053049077232834634,False,False,0.0,0.0,6.043972499999999,12.087944999999998
5,0.08333333333333333,False,False,92.9820329973238,50.0,98.78309264597125,92.92279960579083,92.83181320933852,92.6081764910726,74.0,42.9820329973238,0.29484020376562414,0.29778860580328037,0.02890184553433074,0.01927387911056376,0.13764640790836807,0.0,7.35781213734299e-12,0.29778860580328037,0.0,0.015999683059970925,7.321432349272073e-12,-0.011617768820023161,0.03712299549076285,0.4498423727680889,0.5373608255872309,0.037122995483405044,-0.011617768827380973,0.2395722197839505,0.15205376696480855,False,False,6.043972499999999,12.087944999999998,0.36791960302133986,0.7358392060426797
10,0.16666666666666666,False,False,92.85717671042218,50.0,98.60512954413085,92.723633867251,92.68826303481438,92.21482091774602,74.0,42.85717671042218,0.5796023880389035,0.5853984119192925,0.4936015991776599,0.057905539168809854,0.4069413492768468,0.0005272052246289467,7.35781213734299e-12,0.5853984119192925,0.0,0.024801247251724015,0.0005266714312256226,-0.03092608206379566,0.04942770470740157,0.6240408384892164,0.7613502772596665,0.04942770470004376,-0.030926082071153473,0.175951865340374,0.03864242656992389,False,False,0.36791960302133986,0.7358392060426797,0.3552132267257703,0.7104264534515407
15,0.25,False,False,92.4727209211322,50.0,98.19303891853278,92.41946473232407,92.3234756939553,91.5628105640896,74.0,42.47272092113219,0.8543431173460283,0.8628865485194885,0.6926955578744415,0.09716799083833001,0.6710799308490847,0.014667814453724837,0.0005292884321261227,0.8628865485194885,0.0,0.03362843981013063,0.014652963465005088,-0.021607933589836502,0.04428737867356146,0.942234244554764,1.0588538419812146,0.043758090241435336,-0.022137222021962624,0.19596729346172603,0.07934769603527547,False,False,0.3552132267257703,0.7104264534515407,0.32012039965450584,0.6402407993090117
20,0.3333333333333333,False,False,91.71308284729794,50.0,97.52579142331182,91.6912976530562,91.995228458661,90.97703555582403,74.0,41.71308284729794,1.1180311358695514,1.1292114472282468,1.0005440432679893,0.13687230066426503,0.9290964046515493,0.038562330718174886,0.020106993301369586,1.1292114472282468,0.0,0.037948704240696934,0.03852328678954109,-5.5925238048384895e-05,0.07813676905725053,1.1637730174669578,1.2983946558941917,0.05802977575588095,-0.02016291853941797,0.16918320866594483,0.03456157023871098,False,False,0.32012039965450584,0.6402407993090117,0.2665379167307912,0.5330758334615824
25,0.4166666666666667,False,False,90.56121308714083,50.0,96.60479429036499,90.5233522403392,91.54507015946841,90.00765604137843,74.0,40.56121308714083,1.3688408117752215,1.3825292198929737,1.2310838366805748,0.17670809862421377,1.1791896169074187,0.0682406979635484,0.048905716022736676,1.3825292198929737,0.0,0.05249386965331605,0.06817160502801016,0.029021882933893225,0.10374605424945157,1.4192582919627472,1.5500282525460372,0.0548403382267149,-0.01988383308884345,0.16749903265306343,0.036729072069773494,False,False,0.2665379167307912,0.5330758334615824,0.207304710927349,0.414609421854698
30,0.5,False,False,89.06247456015042,50.0,95.451400226762,89.00510018560828,91.01176686115947,88.82860633457257,74.0,39.06247456015042,1.604854946978402,1.6209034964481859,1.484643272254392,0.21630202613972493,1.419168874004047,0.10123686995259437,0.0814064684591449,1.6209034964481859,0.004375962901034147,0.07191297162076674,0.10113436876922606,0.059250419240639216,0.1395682115892932,1.6332117902611338,1.7719095879902333,0.0581617431301483,-0.022156049218505683,0.15100609154204747,0.012308293812947957,False,False,0.207304710927349,0.414609421854698,0.1510248485131441,0.3020496970262882
35,0.5833333333333334,False,False,87.2884579282704,50.0,94.1025225800016,87.20940622801966,89.94937518762839,87.3384992246149,74.0,37.288457928270404,1.8244949523716802,1.8427399018953972,1.7025606891256837,0.25528833347709756,1.646967521178439,0.1361286404598579,0.11630932711900642,1.8427399018953972,0.026039224980777168,0.09721678412763385,0.1359908117625764,0.09262937464152256,0.17312692106075125,1.845120556122843,1.9848926278790036,0.056817593941744834,-0.023679952477483862,0.1421527259836064,0.002380654227445822,False,False,0.1510248485131441,0.3020496970262882,0.10175308362761126,0.20350616725522253
40,0.6666666666666666,False,False,85.31875175495489,50.0,92.60445690205273,85.2171224696663,88.66097782881045,85.67245364771615,74.0,35.31875175495489,2.026688293238129,2.0469551761705103,1.9150065920009234,0.29334864339810535,1.8609187959880629,0.17202856690236354,0.1527614199789332,2.0469551761705103,0.05169895785861696,0.12550672739794877,0.1718543899356064,0.12653807638409906,0.2102502041117217,2.0314914785824594,2.1758525728817,0.05748878413278852,-0.026223343594834136,0.12889739671118994,-0.015463697588050884,False,False,0.10175308362761126,0.20350616725522253,0.061210389910853424,0.12242077982170685
45,0.75,False,False,83.23103137755598,50.0,91.00656426863328,83.10701466437814,87.16603242780954,83.83729052523513,74.0,33.23103137755598,2.2109058470826803,2.233014905553507,2.10367202573208,0.33022825911029385,2.0598556465957407,0.20831650039275135,0.19012876003772364,2.233014905553507,0.07998244047056535,0.156625956143791,0.20810558229400158,0.161637812824364,0.24668234163817734,2.204625706964478,2.351362348554359,0.056553581600453706,-0.028490947213359624,0.11834744300085198,-0.028389198589028997,False,False,0.061210389910853424,0.12242077982170685,0.029797676068164136,0.05959535213632827
50,0.8333333333333334,False,False,81.09484633248685,50.0,89.35599082610617,80.94946725422021,85.53305948481574,81.92284837800261,74.0,31.094846332486853,2.377130831068691,2.4009021393793777,2.2779940277594184,0.3657402115762465,2.2431203721147805,0.2445219908037911,0.22790053469006127,2.4009021393793777,0.1102569563505992,0.18932496740477892,0.24427441506918515,0.196732785413326,0.2840988312857758,2.3577426328447664,2.5078432144711704,0.056198296595714514,-0.031167749276735268,0.10694107509179274,-0.043159506534611314,False,False,0.029797676068164136,0.05959535213632827,0.007030720716725891,0.014061441433451782
55,0.9166666666666666,False,False,78.96802274232327,50.0,87.69403897099306,78.8028672970366,83.80471266318017,79.961942330751,74.0,28.96802274232327,2.525786985260703,2.55104485511331,2.4327929236579684,0.39976214229862034,2.4105235011102115,0.28027588722911595,0.26565258588817414,2.55104485511331,0.14180180992251112,0.22329585730991824,0.2799921110669402,0.23191298256191392,0.3209238325868875,2.4953145946486566,2.6480115751656155,0.05527124669871336,-0.03373960332626022,0.09696672005230544,-0.05573026046465346,False,False,0.007030720716725891,0.014061441433451782,0.0,0.0
60,1.0,False,False,76.89438567246734,50.0,86.05266405104426,76.71134020936763,82.03186463123895,78.00666240678434,74.0,26.894385672467337,2.658042605991029,2.6846230320509394,2.571663084907136,0.43225467319809424,2.5624582252597206,0.31528832898303666,0.3030037144794824,2.6846230320509394,0.17418584213669924,0.25790205644659253,0.31496910312785076,0.26655253913329485,0.3575070531656916,2.6167228999023973,2.772242075937683,0.05450333868620921,-0.036451175346187525,0.08761904388674369,-0.06790013214854218,False,False,0.0,0.0,0.0,0.0
65,1.0833333333333333,False,False,74.90383623329815,50.0,84.45372093811993,74.70488363028834,80.25065491803255,76.08397254203174,74.0,24.90383623329815,2.7753146904470953,2.8030678373515663,2.69448248792004,0.46325242484296103,2.6998136582048957,0.349343051168463,0.3396651782543177,2.8030678373515663,0.20694865391720957,0.29282786728790466,0.3489893453011519,0.30059842900969364,0.3932332250909028,2.7245376398294887,2.8825706901731896,0.053568046836585115,-0.039066749244624055,0.07950285282162328,-0.07853019752207757,False,False,0.0,0.0,0.0,0.0
70,1.1666666666666667,False,False,73.01502690955914,50.0,82.91225530197916,72.80211277473093,78.49528912098494,74.22339396950309,74.0,23.01502690955914,2.8789012044713718,2.9076902165160856,2.803554165001339,0.49281105616972637,2.823581883769268,0.3823031643524864,0.37544907880695066,2.9076902165160856,0.23977331507019062,0.32769174249585775,0.3819160867312803,0.33378347930986507,0.4281673336524977,2.819311849307546,2.9798623519129515,0.05271825484554704,-0.04166559949708559,0.07217213539686584,-0.08837836720853964,False,False,0.0,0.0,0.0,0.0
75,1.25,False,False,71.23830275443552,50.0,81.43878480844474,71.01325549114547,76.7892663658518,72.44097234069375,74.0,21.238302754435523,2.9699910439557535,2.999690954395311,2.8995871006102485,0.5209842408034043,2.9346927819440687,0.4140966511632044,0.41023372778409795,2.999690954395311,0.2723755312939872,0.3622629760430633,0.41367738299718443,0.36606457507274215,0.462077857802975,2.9025253240673297,3.0654378075120485,0.051844130018877055,-0.0441691527113558,0.06574685311673756,-0.09716563032798131,False,False,0.0,0.0,0.0,0.0
80,1.3333333333333333,False,False,69.5781323915366,50.0,80.04019288249677,69.34262176669797,75.15083358868823,70.74972361109846,74.0,19.5781323915366,3.049673163021952,3.080169894652171,2.983981565789689,0.547823737098145,3.0340178241453337,0.44469150983318684,0.443940234017673,3.080169894652171,0.3045558691497524,0.39632448825199146,0.4442412647277252,0.3973318691459578,0.49496891441718793,2.9749936302718623,3.1402135942592575,0.051028680399514914,-0.04660836487171521,0.06004369960708633,-0.10517626438030891,False,False,0.0,0.0,0.0,0.0
85,1.4166666666666667,False,False,68.03500637697825,50.0,78.72050977935935,67.7905277670924,73.59138803421037,69.15563084977575,74.0,18.035006376978245,3.1189449386766435,3.15013438806341,3.05760361226556,0.5733794557142634,3.1223736392207293,0.47407877433413703,0.4765161843830811,3.15013438806341,0.3361500735947286,0.42973389652431115,0.4735987749557808,0.4275583274421591,0.5267513744512062,3.0377635225941177,3.2051919456494713,0.05023519006812516,-0.04895785694092197,0.055057557586061456,-0.11237086546929209,False,False,0.0,0.0,0.0,0.0
90,1.5,False,False,66.60677778472913,50.0,77.48157155625609,66.35465202485318,72.11828344076189,67.66196186392713,74.0,16.606777784729132,3.1787198358015005,3.2105070341595154,3.1214777341217945,0.5976995248182504,3.2005253640011473,0.50226316248551,0.5079265067798133,3.2105070341595154,0.36703935284562483,0.46236980322903154,0.5017546267362832,0.45669539590892444,0.5574166241185619,3.0916275245885583,3.26120051916289,0.04949011733874853,-0.051231110870888885,0.05069348500337467,-0.11887950957095716,False,False,0.0,0.0,0.0,0.0
95,1.5833333333333333,False,False,65.28959758542399,50.0,76.32356163852648,65.03097973398317,70.73508207410336,66.26863815747625,74.0,15.28959758542399,3.229834430997144,3.2621327753071157,3.176414021875724,0.6208303529893076,3.2691897913631727,0.5292580390513915,0.5381484453785288,3.2621327753071157,0.39712768078450134,0.49414655169201493,0.5287221712868359,0.48472753954347625,0.5869295333681113,3.137403825021317,3.309047454271195,0.04878108798958247,-0.053420905835052546,0.046914678964079304,-0.12472895028579867,False,False,0.0,0.0,0.0,0.0
100,1.6666666666666667,False,False,64.07856959036368,50.0,75.24544683678702,63.81446233602597,69.44295418290005,64.97402311031723,74.0,14.078569590363685,3.2730548489056357,3.305785397394692,3.223225639646256,0.6428166899130081,3.32903832798945,0.5550825700614115,0.567168638318808,3.305785397394692,0.4263431649407314,0.5249940334971631,0.55452055526589,0.5116349947054305,0.6152850828403506,3.1757905963667463,3.3494450616444356,0.04811644452154251,-0.05553364361337754,0.043659664249743546,-0.1299948010279457,False,False,0.0,0.0,0.0,0.0
105,1.75,False,False,62.96820952443138,50.0,74.24532249142922,62.699478564716614,68.24112639782685,63.77500702346366,74.0,12.96820952443138,3.3090826601511014,3.3421734867526123,3.262617829005591,0.663701684939859,3.3806997732816275,0.5797599811445595,0.5949812578749789,3.3421734867526123,0.4546287061877316,0.5548610265884044,0.579172980746489,0.5374129946863456,0.6424730875300151,3.207455676189313,3.383061093087181,0.04749182965503618,-0.057568263188633284,0.04088760633456889,-0.13471781056329935,False,False,0.0,0.0,0.0011038174793336908,0.0022076349586673816
110,1.8333333333333333,False,False,61.9526263811033,50.0,73.3204290049615,61.6800150474224,67.12709434400004,62.66727213763916,74.0,11.9526263811033,3.33861413292539,3.3720002742546438,3.295258384638247,0.6835304635939703,3.4247880687101455,0.6033161921946693,0.6215810391792821,3.3720002742546438,0.4819415015354751,0.5837074631112029,0.6027053413944942,0.5620511835244485,0.6684892707112531,3.2330811894032907,3.410584756213229,0.04690823153197099,-0.0595298556548336,0.038584481958585215,-0.13891908485135307,False,False,0.0011038174793336908,0.0022076349586673816,0.00566919056171622,0.01133838112343244
115,1.9166666666666667,False,False,61.025300199769006,50.0,72.4665854897067,60.74944100434319,66.096290187655,61.64479144531222,74.0,11.025300199769006,3.3624550834611497,3.396079634295761,3.32183297280826,0.7023610218313991,3.461980959036124,0.6257790660539253,0.6469549709563308,3.396079634295761,0.5082464275183094,0.6115021180313381,0.6251454718460536,0.5855359018193204,0.6933191859307373,3.2535221642912324,3.432873528351633,0.04636421497440646,-0.06141906913701045,0.036793894055871856,-0.14255747000452867,False,False,0.00566919056171622,0.01133838112343244,0.010070791765041123,0.020141583530082247
120,2.0,False,False,60.17932860928027,50.0,71.67871243219702,59.900756869618874,65.14468451380763,60.702435869042006,74.0,10.179328609280269,3.381332945433345,3.4151462748876784,3.3431978463214325,0.7202595175631457,3.4929840304582225,0.6471818173873679,0.671114511114929,3.4151462748876784,0.5335129636352515,0.6382171220507664,0.6465265531400747,0.6078901915791094,0.7169888928359694,3.2694124548481143,3.450565690913562,0.045874381721040414,-0.06322431953581964,0.03541941602588361,-0.14573382003956414,False,False,0.010070791765041123,0.020141583530082247,0.014204150632533927,0.028408301265067853
125,2.0833333333333335,False,False,59.40789618491067,50.0,70.95183562983485,59.127063639315665,64.26741516017816,59.83452158113814,74.0,9.407896184910669,3.3958983547858965,3.4298573383337554,3.359989072880838,0.7372881700467226,3.5184449196742285,0.6675673040323543,0.6940850585135468,3.4298573383337554,0.5577265861542422,0.6638408286794211,0.6668913997097207,0.6291328848607138,0.7395178666246038,3.2813777130088524,3.4642896890162462,0.04543280811105699,-0.06495217365283301,0.03443235068249084,-0.148479625324903,False,False,0.014204150632533927,0.028408301265067853,0.01802709898375085,0.0360541979675017
130,2.1666666666666665,False,False,58.70445574769804,50.0,70.28119724685806,58.421742919348105,63.459715545929754,59.03568880716892,74.0,8.704455747698042,3.4067296980247863,3.440796995005034,3.3728337010125493,0.7535049479405471,3.538953827621087,0.6869844429158327,0.7159019540041391,3.440796995005034,0.5808830865519523,0.6883713412030373,0.6862888789677073,0.6493007578487694,0.7609447484674139,3.2899388285639866,3.4745696273631443,0.04504279446327475,-0.06660119615536975,0.03377263235811023,-0.15085816644104755,False,False,0.01802709898375085,0.0360541979675017,0.021523303777656516,0.04304660755531303
135,2.25,False,False,58.06286738947586,50.0,69.66231676191131,57.77859457488537,62.7166151719661,58.30055317881574,74.0,8.062867389475862,3.414338561812828,3.4484819474309565,3.3822542279635655,0.7689635501041454,3.555046028550123,0.7054843847917118,0.7366062746478657,3.4484819474309565,0.6029907345240919,0.7118191886862134,0.7047700898554012,0.6684297752886447,0.781306514880619,3.295574077186755,3.481886323650838,0.04470024023275332,-0.06817649935922099,0.03340437621988146,-0.1529078702442015,False,False,0.021523303777656516,0.04304660755531303,0.024697892034401994,0.04939578406880399
140,2.3333333333333335,False,False,57.47746162661086,50.0,69.09102017351867,57.191898409604384,62.033320635781436,57.624044134285484,74.0,7.477461626610861,3.419175780422108,3.453367538226329,3.3887302004187965,0.7837135380392378,3.567205307194984,0.7231181485305167,0.7562420648526587,3.453367538226329,0.6240659466929344,0.7342027432645187,0.7223859996162446,0.6865614349289054,0.8006460356351248,3.298693928630035,3.4866527660776883,0.04440397078246616,-0.06968062992375323,0.033285227851359345,-0.15467360959629373,False,False,0.024697892034401994,0.04939578406880399,0.02756799968072715,0.0551359993614543
145,2.4166666666666665,False,False,56.94305256950368,50.0,68.56344726023882,56.65642592058939,61.40517600792005,57.00133156674165,74.0,6.943052569503678,3.421637557959543,3.4558539335391387,3.3926733473538615,0.7978005695824665,3.575867935527932,0.7399353134611928,0.77485465830644,3.4558539335391387,0.6441320965313239,0.7555472153779278,0.7391861373593657,0.7037366444076527,0.8190052564862197,3.299664375665734,3.4892371198185277,0.04415059817977973,-0.07111801389878725,0.033383186279388966,-0.15618955787340472,False,False,0.02756799968072715,0.0551359993614543,0.030156313378094532,0.060312626756189064
150,2.5,False,False,56.45492372843101,50.0,68.076045363486,56.16742483498793,60.82780118818977,56.42793684478891,74.0,6.454923728431012,3.4220713374371603,3.456292050811532,3.394450747742131,0.8112666791575903,3.58142678578283,0.7559833370470498,0.7924896593616086,3.456292050811532,0.663216992140979,0.7758820581222488,0.7552179124927989,0.719997584496427,0.8364274736007883,3.2988028890709056,3.4899588951923297,0.04393781423917964,-0.07249207486518161,0.03366684438079792,-0.15748916174062622,False,False,0.030156313378094532,0.060312626756189064,0.03248736485991799,0.06497472971983598
155,2.5833333333333335,False,False,56.00880016173434,50.0,67.62555540195449,55.720590154429615,60.29708141132435,55.89970222971848,74.0,6.008800161734342,3.420781254132898,3.4549890666742273,3.3943808921316174,0.8241505704017407,3.5842353368038857,0.771307229977529,0.8091923111461348,3.4549890666742273,0.6813517861280183,0.795239949027716,0.7705262901643892,0.7353856581137186,0.8529550523978632,3.2963888953747547,3.489099338064399,0.04376274125172841,-0.07380665303241618,0.034110271390171754,-0.15860017129947268,False,False,0.03248736485991799,0.06497472971983598,0.0345855167699274,0.0691710335398548
160,2.6666666666666665,False,False,55.60081471310709,50.0,67.20899375933834,55.31202945723972,59.809202529937174,55.412810479805145,74.0,5.600814713107091,3.4180331088967786,3.4522134399857465,3.3927441167195767,0.836487902483473,3.5846114494351746,0.7859494355949052,0.8250070933561165,3.4522134399857465,0.6985697055297238,0.8136555037075938,0.7851536707070864,0.7499419857708477,0.8686300639768417,3.2926654495624024,3.486903179013523,0.04362297062072518,-0.07506510758526885,0.0346897390277765,-0.1595479904233441,False,False,0.0345855167699274,0.0691710335398548,0.036473918887762746,0.07294783777552549
165,2.75,False,False,55.22747262242751,50.0,66.82363233555185,54.93822672059534,59.36063587248815,54.96375830657838,74.0,5.227472622427513,3.414058850908517,3.448199439417602,3.3897843142879625,0.8483115606418545,3.582840856246661,0.7999498266436502,0.8399774606708434,3.448199439417602,0.7149053696284174,0.8311646251514769,0.7991398865200154,0.7637066823318392,0.8834934872387222,3.287845043603487,3.483584424741097,0.043516026567878785,-0.0762707783390042,0.03538498532349488,-0.16035439581411515,False,False,0.036473918887762746,0.07294783777552549,0.038174014041868674,0.07634802808373735
170,2.8333333333333335,False,False,54.885616827238856,50.0,66.46697818438481,54.59600696443805,58.94813544884439,54.54934484914508,74.0,4.885616827238856,3.409060587663723,3.4431511935403605,3.385714734172292,0.8596519066881089,3.5791803495285794,0.813345769196427,0.8541456700502295,3.4431511935403605,0.7303941327908814,0.8478038475257225,0.8125222658381518,0.7767189572453962,0.8975853589186258,3.282112402607151,3.4793291866155722,0.04343968886839633,-0.07742671280483326,0.036177993075211745,-0.1610387909332096,False,False,0.038174014041868674,0.07634802808373735,0.03970535375513297,0.07941070751026594
175,2.9166666666666665,False,False,54.57239515278153,50.0,66.1367536024579,54.28250289556364,58.56871904251614,54.16664639596643,74.0,4.572395152781532,3.403214153854005,3.437246295392545,3.3807207946113618,0.8705370081145004,3.573860672328666,0.8261722242904418,0.8675526664091285,3.437246295392545,0.7450716686910673,0.8636099366137852,0.8253357342952313,0.7890168433590972,0.9109444796421289,3.275628286593559,3.4742994851679976,0.04339181323300034,-0.07853582305003137,0.037053189775452466,-0.16161800879898625,False,False,0.03970535375513297,0.07941070751026594,0.04108558618006658,0.08217117236013316
180,3.0,False,False,54.28522994969973,50.0,65.8308771738086,53.99512409057675,58.21965332145053,53.81299668742072,74.0,4.285229949699733,3.3966722766525215,3.4306389994190467,3.3749638858807782,0.8809928460420777,3.5670891280646866,0.8384618696040138,0.8802380082151376,3.4306389994190467,0.7589736029912002,0.8786195278047526,0.8376129364741701,0.8006371994686583,0.9236084353151073,3.2685321265683878,3.4686359033715757,0.04337042709996963,-0.07960080874647935,0.03799690395252897,-0.16210687285065895,False,False,0.04108558618006658,0.08217117236013316,0.04233053689754843,0.08466107379509687
185,3.0833333333333335,False,False,54.021790374761636,50.0,65.54744604148027,53.73152889801994,57.89843453324074,53.48596410284025,74.0,4.021790374761636,3.3895673763022183,3.4234630500652403,3.368584014969982,0.8910435030726507,3.5590519292880214,0.8502452303826149,0.8922398213403995,3.4234630500652403,0.7721352543337929,0.8928688769370626,0.8493843667410602,0.8116156054346495,0.9356134865833112,3.2609447594121135,3.4624603289084668,0.04337366524291175,-0.08062421590574997,0.03899727884322646,-0.16251829065312684,False,False,0.04233053689754843,0.08466107379509687,0.04345433637209197,0.08690867274418394
190,3.1666666666666665,False,False,53.77996730555486,50.0,65.28471952780998,53.48959903971398,57.60277122005366,53.18333177162468,74.0,3.7799673055548624,3.382014039868036,3.415834180266716,3.3617025441602904,0.9007113325112086,3.5499163079863703,0.8615508129380821,0.903594773500563,3.415834180266716,0.7845914164376852,0.906393648089268,0.8606785025245245,0.8219863528261802,0.9469945676306074,3.2529706173550355,3.4558781548560584,0.043399794130044356,-0.0816084206743829,0.04004397458934239,-0.16286356291168058,False,False,0.04345433637209197,0.08690867274418394,0.04446956716043848,0.08893913432087697
195,3.25,False,False,53.557850769139755,50.0,65.04110413024114,53.267416777891185,57.33056643766519,52.903077911316565,74.0,3.5578507691397547,3.3741112037273386,3.407852315764612,3.354424386105547,0.9100171105772303,3.539832409821638,0.8724052365714331,0.9143380642628746,3.407852315764612,0.7963761958393444,0.9192287581093327,0.8715219361747132,0.8317824087759202,0.957785249840528,3.2446997832910944,3.448980342619829,0.04344718557765348,-0.08255565548695432,0.041128026855217215,-0.16315253247351746,False,False,0.04446956716043848,0.08893913432087697,0.045387415348635524,0.09077483069727105
200,3.3333333333333335,False,False,53.35370970875946,50.0,64.81513986084764,53.063244465437215,57.079901502868644,52.64335821377272,74.0,3.3537097087594603,3.3659440775096856,3.3996035182847826,3.3468400629554615,0.9189801732345652,3.5289349937306533,0.882833361361733,0.9245034269592088,3.3996035182847826,0.8075228804831605,0.9314082502243896,0.8819395026051553,0.8410354161452613,0.9680177462758909,3.2362097329805524,3.441845172424084,0.04351431931668204,-0.0834680108139475,0.04224165413930159,-0.1633937853042302,False,False,0.045387415348635524,0.09077483069727105,0.04621781748025203,0.09243563496050405
205,3.4166666666666665,False,False,53.16597388931378,50.0,64.60548786308442,52.875506267392616,56.84902048202517,52.40248937674081,74.0,3.1659738893137828,3.3575858391458975,3.3911616975373566,3.339027452702318,0.9276185392031823,3.51734495685601,0.892858410289686,0.9341231401201094,3.3911616975373566,0.8180638409238852,0.9429652003023821,0.8919544012824645,0.8497756904713772,0.977722910027463,3.22756690802893,3.434539823010136,0.04359976990735359,-0.0843474496487322,0.043378125472779416,-0.16359478950842643,False,False,0.04621781748025203,0.09243563496050405,0.04696959831696874,0.09393919663393747
210,3.5,False,False,52.99321773788445,50.0,64.41091922039953,52.70277185031636,56.63631601270462,52.178934264403054,74.0,2.99321773788445,3.3490991276667152,3.3825901189433822,3.331053365519533,0.935949020609779,3.505170703105369,0.9025020848383137,0.9432280462372092,3.3825901189433822,0.8280304540003529,0.9539316447062816,0.9015883117146132,0.8580322323604489,0.9869302494133524,3.218828079782602,3.4271217420388815,0.04370220317614315,-0.08519581387676034,0.044531623095499295,-0.16376203916078014,False,False,0.04696959831696874,0.09393919663393747,0.047650597227905274,0.09530119445581055
215,3.5833333333333335,False,False,52.834145921966844,50.0,64.23030486277517,52.54374183361074,56.440316170026875,51.971288337943726,74.0,2.8341459219668437,3.340537357522906,3.373942731098135,3.322974910910742,0.9439873226104047,3.4925093719245974,0.9117846736605942,0.951847576500195,3.373942731098135,0.8374530474555021,0.9643385288569344,0.9108615020277739,0.8658327424609519,0.995667944683635,3.2100415619097697,3.4196398643174324,0.04382036818343993,-0.08601483403924315,0.04569713321929747,-0.16390116918836517,False,False,0.047650597227905274,0.09530119445581055,0.0482677824706666,0.0965355649413332
220,3.6666666666666665,False,False,52.68758048023511,50.0,64.06260647532127,52.39723481162683,56.259672504440566,51.77826742322096,74.0,2.6875804802351126,3.3319458755415026,3.3652653342969177,3.3148407131136013,0.9517481331900376,3.479447942206384,0.9207251542025795,0.9600097804046437,3.3652653342969177,0.846360860670696,0.974215671394818,0.9197929304267292,0.8732036443430548,1.0039628730099666,3.2012482712529593,3.4121356778899155,0.043953092605322874,-0.08680613606158893,0.0468703435929978,-0.16401706304395836,False,False,0.0482677824706666,0.0965355649413332,0.04882735348609595,0.0976547069721919
225,3.75,False,False,52.552449335608436,50.0,63.90686831524101,52.26217577827837,56.09314910196321,51.59869662485907,74.0,2.5524493356084363,3.3233629792115265,3.356596609003642,3.3066919745714376,0.9592452042190703,3.4660642246915985,0.9293412873688061,0.9677413590534798,3.356596609003642,0.854782019659782,0.9835917423267292,0.9284003398609912,0.8801701102504648,1.0118406359024774,3.1924826651853935,3.404644166057672,0.044099276848997615,-0.08757124880301503,0.048047557054029966,-0.1641139438182484,False,False,0.04882735348609595,0.0976547069721919,0.049334831811433916,0.09866966362286783
230,3.8333333333333335,False,False,52.42777603625965,50.0,63.76220984815694,52.13758579025822,55.93961265038854,51.43150033648061,74.0,2.427776036259651,3.3148208128106758,3.3479690209387827,3.2985634156215324,0.9664914247289978,3.452427754779679,0.9376497054463695,0.9750677016370083,3.3479690209387827,0.8627435234740561,0.9924942522378686,0.9367003457648481,0.8867560915867352,1.0193255914090225,3.1837735645309104,3.3971946345579482,0.04425788977201417,-0.0883116100502731,0.049225613619165554,-0.16419545640787225,False,False,0.049334831811433916,0.09866966362286783,0.049795141465735784,0.09959028293147157
235,3.9166666666666665,False,False,52.31267058593146,50.0,63.62781912081808,52.02257273323739,55.79802340502418,51.27569321658666,74.0,2.312670585931457,3.3063461559338276,3.339409617493166,3.2904840995444293,0.9734988872613424,3.4386005963551773,0.9456659935857576,0.9820129242085841,3.339409617493166,0.8702712405226867,1.0009495511737245,0.9447085175009762,0.8929843515439599,1.026440888234464,3.1751448788212313,3.3898114406501922,0.044427964025879896,-0.08902857266462416,0.05040182315702646,-0.16426473867193447,False,False,0.049795141465735784,0.09959028293147157,0.05021267976735523,0.10042535953471046
240,4.0,False,False,52.206321239882215,50.0,63.502946793868254,51.91632306385701,55.66742699754905,51.13037205438702,74.0,2.2063212398822145,3.297961117250029,3.3309407284225294,3.282478159735712,0.9802789480456965,3.4246380660593814,0.953404765184863,0.9885999102555889,3.3309407284225294,0.8773899129146195,1.0089828352908796,0.952439453683337,0.8988765004239944,1.0332085025005355,3.1666162437848233,3.3825146340805983,0.04460859224494662,-0.08972340983159455,0.05157390565806885,-0.1643244846377061,False,False,0.05021267976735523,0.10042535953471046,0.05059137956205152,0.10118275912410304
245,4.083333333333333,False,False,52.107987156650225,50.0,63.38690076516888,51.818094414744024,55.54694700391693,50.99470842764537,74.0,2.107987156650225,3.2896837447791305,3.3225805822269217,3.2745654389327106,0.986842281674754,3.4105893863824948,0.9608797315474568,0.9948503526389596,3.3225805822269217,0.884123167606156,1.0166181601089648,0.9599068517307843,0.9044530325421223,1.0396492759506972,3.1582035824795485,3.3753205213513833,0.044798923311737626,-0.09039732009683732,0.05273993912446162,-0.1643769997473732,False,False,0.05059137956205152,0.10118275912410304,0.05093476380796436,0.10186952761592873
250,4.166666666666667,False,False,52.01699180846431,50.0,63.279041320837365,51.727208965681456,55.43577820653641,50.86794207704855,74.0,2.0169918084643115,3.2815285626235973,3.314343848249833,3.2667620519154656,0.9931989308658279,3.3964982750144674,0.9681037661959201,1.0007847964156553,3.314343848249833,0.8904935331225248,1.0238784591425163,0.9671235721199537,0.9097333644758907,1.0457829554243414,3.149919598609479,3.368242161878474,0.04499815900868609,-0.09105143193976462,0.05389831362864106,-0.16442424964035407,False,False,0.05093476380796436,0.10186952761592873,0.05124599340345286,0.10249198680690572
255,4.25,False,False,51.93271706450784,50.0,63.17877675750212,51.64304749347174,55.333180482870574,50.74937492129565,74.0,1.932717064507841,3.273507042896705,3.306242113325672,3.2590808802439764,0.9993583518289845,3.382403477060988,0.9750889642152539,1.0064226822056026,3.306242113325672,0.8965224608663412,1.0307855669529036,0.9741016977035089,0.9147358741664979,1.0516282330833984,3.1417742103723416,3.36128980440643,0.045205550877795764,-0.09168680803910467,0.05504769108075802,-0.16446790295333047,False,False,0.05124599340345286,0.10249198680690572,0.05152790906931854,0.10305581813863708
260,4.333333333333333,False,False,51.85459787140433,50.0,63.08555942518942,51.565044022106036,55.23847326140809,50.638365647936006,74.0,1.85459787140433,3.265628020537595,3.298284300742971,3.251532007389386,1.0053294557007275,3.3683392459951356,0.9818466969949365,1.011782389867667,3.298284300742971,0.9022303501386315,1.0373602457593054,0.9808525883573112,0.9194779406958971,1.0572027872391212,3.1337749317194246,3.3544712705918776,0.0454203973714542,-0.09230444917176994,0.056186969848906365,-0.16450936902354663,False,False,0.05152790906931854,0.10305581813863708,0.05178306801813509,0.10356613603627018
265,4.416666666666667,False,False,51.78211746430675,50.0,62.99888214569439,51.49268101259221,55.151030488077794,50.53432481873451,74.0,1.7821174643067508,3.2578980577802596,3.290477038358062,3.244123101155651,1.011120646448361,3.354335778564658,0.9883876627197973,1.0168812819254618,3.290477038358062,0.907636576167119,1.0436222149212595,0.9873869314250897,0.9239759838958046,1.0625233229307847,3.1259272073408626,3.3477922920899656,0.045642041005322875,-0.09290529802965719,0.05731525373190349,-0.16454983101719955,False,False,0.05178306801813509,0.10356613603627018,0.052013776064786285,0.10402755212957257
270,4.5,False,False,51.71480304993462,50.0,62.91827496624025,51.42548502208922,55.07027605662973,50.43671043957724,74.0,1.7148030499346234,3.2503217642324063,3.28282498187473,3.236859749715414,1.016739855602902,3.3404196083002535,0.994721932942541,1.0217357469784385,3.28282498187473,0.9127595203613017,1.0495901825244285,0.9937147882681076,0.9282455045633597,1.067605613042704,3.118234706791411,3.341256806581203,0.045869866064265574,-0.09349024241507875,0.05843182470647301,-0.16459027508331925,False,False,0.052013776064786285,0.10402755212957257,0.052222115757754095,0.10444423151550819
275,4.583333333333333,False,False,51.65222190991118,50.0,62.84330221270032,51.36302279027416,54.995679651344226,50.34502394151697,74.0,1.6522219099111766,3.2429020778079916,3.2753310985860713,3.229745756686307,1.0221945741370135,3.3266139617629755,1.000858995550378,1.0263612424654913,3.2753310985860713,0.9176166024741271,1.055281878762142,0.9998456371833983,0.9323011237958735,1.0724645384737386,3.1106995826045187,3.3348672176051335,0.04610329600824725,-0.09406011866961783,0.059536119019062195,-0.16463151598155257,False,False,0.052222115757754095,0.10444423151550819,0.05240997104140052,0.10481994208280104
280,4.666666666666667,False,False,51.593977878908575,50.0,62.77355981067351,51.304897702910424,54.92675296721991,50.25880653591811,74.0,1.593977878908575,3.2356405111319013,3.2679969162432205,3.2227834001048263,1.027491881768119,3.3129390812209456,1.006807794417262,1.0307723367810742,3.2679969162432205,0.922224313951328,1.0607140904039225,1.0057884129541435,0.9361566222462526,1.0771141281676815,3.103322696621792,3.3286246224455938,0.04634179138660732,-0.09461571453482154,0.06062770620237323,-0.16467421962142836,False,False,0.05240997104140052,0.10481994208280104,0.05257904889666724,0.10515809779333447
285,4.75,False,False,51.53970815750596,50.0,62.70867284629246,51.25074658977826,54.86304626696263,50.177635902242265,74.0,1.539708157505963,3.228537367486257,3.2608227411611197,3.215973659533693,1.032638473935081,3.299412517049921,1.0125767660123273,1.0349827506996827,3.2608227411611197,0.9265982522035838,1.0659026960958136,1.0115515435300495,0.9398249787177649,1.081567598426559,3.0961038182879013,3.322529011833149,0.04658484772687621,-0.09515777198191777,0.06170627067202927,-0.16471892287321843,False,False,0.05257904889666724,0.10515809779333447,0.05273089835100025,0.1054617967020005
290,4.833333333333333,False,False,51.48908042439154,50.0,62.64829334183978,51.200236826617555,54.804145242218205,50.10112317512962,74.0,1.4890804243915383,3.2215919298856113,3.2538078491844673,3.209316415060525,1.037640686668976,3.286049392802585,1.0181738732146381,1.0390053977555271,3.2538078491844673,0.9307531554274093,1.0708627021266426,1.0171429837205779,0.943318407845737,1.0858373912592276,3.0890417982041947,3.3165794447722337,0.046831993503700486,-0.09568698990979019,0.06277159558776635,-0.16476605098027264,False,False,0.05273089835100025,0.1054617967020005,0.05286692719797088,0.10573385439594175
295,4.916666666666667,False,False,51.44179021667913,50.0,62.59209822408697,51.1530637061789,54.749668150893605,50.02891020201734,74.0,1.4417902166791308,3.2148026264446807,3.2469506527091276,3.202810621488214,1.0425045195540923,3.272862645582103,1.0236066365646783,1.0428524236215435,3.2469506527091276,0.934702937609878,1.075608278302913,1.0225702464574624,0.9466483970412979,1.0899352119438768,3.0821347198537685,3.3107742014185435,0.04708278832233326,-0.09620402658024563,0.06382354870941587,-0.16481593285535912,False,False,0.05286692719797088,0.10573385439594175,0.052988416722940725,0.10597683344588145
300,5.0,False,False,51.39755855072939,50.0,62.539787465784656,51.108948048660025,54.699263202495096,49.960667043118626,74.0,1.3975585507293928,3.2081671748299416,3.240248846578241,3.196454460636156,1.0472356569538717,3.259863244081626,1.0288821631643525,1.046535244487741,3.240248846578241,0.9384607235188291,1.0801527937406135,1.0278404316557954,0.9498257425620938,1.0938720656731384,3.075380032064674,3.3051109165849866,0.047336821185397504,-0.09670950192564709,0.06486207000674549,-0.16486881451356705,False,False,0.052988416722940725,0.10597683344588145,0.05309653469170729,0.10619306938341458
305,5.083333333333333,False,False,51.35612975903759,50.0,62.491082382958574,51.06763403350657,54.65260616706331,49.896089689310976,74.0,1.356129759037593,3.2016827082589594,3.233699535341549,3.19024547432483,1.0518394876577337,3.247060386408668,1.0340071734196783,1.0500645840857123,3.233699535341549,0.9420388834849629,1.0845088523864108,1.0329602528933266,0.9528605842142629,1.0976582927893013,3.068774664479834,3.29958669615523,0.04759370870358892,-0.09720399987144945,0.06588716081368107,-0.1649248708617148,False,False,0.05309653469170729,0.10619306938341458,0.05319234682551946,0.10638469365103892
310,5.166666666666667,False,False,51.31726952152344,50.0,62.44572407262911,51.028887222822505,54.609398189310326,49.83489797928355,74.0,1.3172695215234427,3.1953458852232917,3.2272993440755244,3.184180680317532,1.0563211230882066,3.234461679597866,1.0389880258039998,1.0534505096536213,3.2272993440755244,0.9454490676738613,1.0886883279716593,1.0379360622154763,0.955762439399263,1.1013036033263393,3.062315128036442,3.294198218417136,0.04785309367271795,-0.09768807025435833,0.06689887434161168,-0.16498421603908264,False,False,0.05319234682551946,0.10638469365103892,0.05327682695558654,0.10655365391117308
315,5.25,False,False,51.28076307199187,50.0,62.403471977307085,50.992492763276715,54.56936378474989,49.776833693228646,74.0,1.2807630719918706,3.189152984857146,3.2210445147057176,3.178256673226789,1.0606854141932707,3.2220733025241883,1.0438307398043296,1.0567024665326334,3.2210445147057176,0.9487022398609353,1.0927023984171376,1.0427738730221336,0.9585402355944972,1.104817109950528,3.055997602225323,3.2889418220951065,0.04811464341789451,-0.09816223093813625,0.06789730738938893,-0.1650469124803946,False,False,0.05327682695558654,0.10655365391117308,0.05335086602490802,0.10670173204981603
320,5.333333333333333,False,False,51.24641356266515,50.0,62.36410256414519,50.958253745683244,54.53224900461884,49.72165880966157,74.0,1.246413562665147,3.1830999896506027,3.2149309895471085,3.172469712160215,1.0649369671360194,3.2099001537583627,1.0485410171994038,1.0598293115272372,3.2149309895471085,0.9518087104245754,1.0965615794081962,1.0474793813144516,0.9612023419779193,1.1082073600124605,3.0498180106951405,3.283813582654001,0.0483780484852232,-0.09862696954931793,0.06888259310689238,-0.16511297885196807,False,False,0.05335086602490802,0.10670173204981603,0.053415280082524115,0.10683056016504823
325,5.416666666666667,False,False,51.21404057155839,50.0,62.327408107971486,50.92598970829567,54.49781975127302,49.669153907531864,74.0,1.2140405715583924,3.1771826570092694,3.208954483579362,3.1668157966745705,1.0690801578824551,3.1979459857545107,1.0531242618051537,1.0628393449558735,3.208954483579362,0.954778168575007,1.1002757571618158,1.052057985448073,0.9637565996554659,1.111482366171757,3.0437720865854296,3.2788093782656227,0.048643021215883486,-0.09908274530040762,0.0698548946862605,-0.16518239699393256,False,False,0.053415280082524115,0.10683056016504823,0.05347081739601724,0.10694163479203447
330,5.5,False,False,51.18347873911521,50.0,62.29319556861665,50.89553527004024,54.46586023212967,49.61911670174084,74.0,1.183478739115209,3.171396580988547,3.2031105467984324,3.161290732425526,1.073119145778259,3.186213526624581,1.0575855978114588,1.0657403413918747,3.2031105467984324,0.9576197136616367,1.1038542202320174,1.0565148043927821,0.9662103507884421,1.1146496358938425,3.0378554288126565,3.273924946668284,0.04890929450196779,-0.0995299906034326,0.07081439986985139,-0.16525511798577597,False,False,0.05347081739601724,0.10694163479203447,0.05351816479134069,0.10703632958268137
335,5.583333333333333,False,False,51.15457652196669,50.0,62.261285553990476,50.866738881892054,54.43617153883933,49.571360699071775,74.0,1.154576521966689,3.1657372453774117,3.197394617831186,3.15589018774047,1.0770578861965296,3.1747045906332043,1.0619298868232452,1.0685395790799976,3.197394617831186,0.9603418855329257,1.1073056903309204,1.0608546948646562,0.9685704664129984,1.1177161996130238,3.0320635503925075,3.269155934008439,0.04917662053302618,-0.09996911266699926,0.07176131617725323,-0.16533106743867831,False,False,0.05351816479134069,0.10703632958268137,0.053557953314486914,0.10711590662897383
340,5.666666666666667,False,False,51.12719505295203,50.0,62.2315113612819,50.839461682712944,54.408570341318025,49.52571396432835,74.0,1.1271950529520325,3.1602000691712044,3.1918020698629164,3.1506097422004733,1.0809001423306677,3.1634201784382863,1.0661617437091342,1.071243868160991,3.1918020698629164,0.9629526938691498,1.1106383520888587,1.0650822670378604,0.9708433732638547,1.1206886378759449,3.026391919756937,3.2644979366280333,0.04944476971495382,-0.10040049489713632,0.07269586676511697,-0.16541015010597926,False,False,0.053557953314486914,0.10711590662897383,0.05359076329707705,0.1071815265941541
345,5.75,False,False,51.101207097663526,50.0,62.20371808946685,50.8135764551434,54.38288768492061,49.482017985367484,74.0,1.1012070976635258,3.1547804453533317,3.186328249806865,3.145444928192485,1.0846494961995956,3.1523605680056885,1.0702855513518394,1.0738595774834632,3.186328249806865,0.9654596465227281,1.1138598817909322,1.0692018993778676,0.9730350790714922,1.1235731069364423,3.0208359959144584,3.259946536650807,0.04971352945297913,-0.10082449841197094,0.07361828684394212,-0.16549225389240663,False,False,0.05359076329707705,0.1071815265941541,0.05361712889709217,0.10723425779418434
350,5.833333333333333,False,False,51.076496098771855,50.0,62.177761817019956,50.788966668247504,54.35896788474798,49.44012663095853,74.0,1.0764960987718553,3.1494737737999694,3.1809685115379693,3.1403912662826325,1.0883093589263275,3.1415253970392665,1.0743054743863683,1.0763926602237825,3.1809685115379693,0.967869776718859,1.1169774749452592,1.0732177522886104,0.97515119697021,1.1263753634408318,3.015391258204597,3.2554973321226615,0.04998270321704923,-0.10124146325357253,0.07452882058469212,-0.16557725333337237,False,False,0.05361712889709217,0.10723425779418434,0.05363754217657474,0.10727508435314947
355,5.916666666666667,False,False,51.05295530026832,50.0,62.15350883935584,50.76552559762516,54.3366675060883,49.39990519097602,74.0,1.052955300268323,3.144275489028303,3.175718243918586,3.135444295163629,1.091882980345354,3.13091373768931,1.0782254720045985,1.07884867840231,3.175718243918586,0.9701896692200621,1.1199978727887874,1.077133780954273,0.9771969687768017,1.1291007879649262,3.010053231311304,3.2511459623747405,0.050252109562616276,-0.10165170962550818,0.07542771845615448,-0.16566501260728206,False,False,0.05363754217657474,0.10727508435314947,0.05365245677029438,0.10730491354058876
360,6.0,False,False,51.03048694453918,50.0,62.130834961078364,50.743155524510456,54.31585442380057,49.36122949193939,74.0,1.0304869445391773,3.1391810834259952,3.170572894260255,3.1305995968430222,1.0953734579893717,3.1205241642320543,1.082049309898101,1.0812328259427797,3.170572894260255,0.9724254854434431,1.1229273877215922,1.0809537472585817,0.9791772867275148,1.1317544069918473,3.004817506123701,3.2468881292010656,0.050521581049067565,-0.10205553921526489,0.0763152349408105,-0.16575538813655433,False,False,0.05365245677029438,0.10730491354058876,0.05366229119212669,0.10732458238425338
365,6.083333333333333,False,False,51.0090015358807,50.0,62.10962483860659,50.72176699523271,54.29640695751041,49.32398508463135,74.0,1.0090015358806994,3.1341861265262043,3.1655279877914664,3.125852817662383,1.098783745501462,3.110354814349503,1.0857805714048707,1.0835499508487465,3.1655279877914664,0.9745829873877665,1.1257719275286278,1.084681230898741,0.9810967147892324,1.1343409144478822,2.9996797569648592,3.2427196143745456,0.05079096359913571,-0.10245323605951406,0.07719162658307921,-0.16584823082660716,False,False,0.05366229119212669,0.10732458238425338,0.0536674318201709,0.1073348636403418
370,6.166666666666667,False,False,50.98841716467952,50.0,62.08977136917741,50.701278145983366,54.2782130705411,49.28806649251556,74.0,0.9884171646795181,3.1292862808274946,3.1605791436357697,3.121199685669702,1.1021166605148431,3.100403444581594,1.0894226679201158,1.0858045760556252,3.1605791436357697,0.9766675606285105,1.1285370186488826,1.088319639825795,0.9829595082148156,1.136864691467532,2.994635755649449,3.2386362939650577,0.051060115411906803,-0.1028450678408096,0.07805715032928795,-0.1659433879863208,False,False,0.0536674318201709,0.1073348636403418,0.053668235596293086,0.10733647119258617
375,6.25,False,False,50.968658887031474,50.0,62.07117512260755,50.68161408084871,54.26116963339243,49.25337652133462,74.0,0.9686588870314736,3.124477314600335,3.155722087746338,3.1166360248072533,1.1053748920387583,3.090667480471052,1.0929788486261527,1.0880009192967828,3.155722087746338,0.9786842361358222,1.1312278282484411,1.0918722199528474,0.9847696326273752,1.1393298256736295,2.989681382777778,3.234634149869647,0.05132890637684673,-0.10323128666940762,0.07891206212330903,-0.16604070496856016,False,False,0.053668235596293086,0.10733647119258617,0.05366503247130308,0.10733006494260616
380,6.333333333333333,False,False,50.94965815506327,50.0,62.05374381253617,50.66270630219178,54.245181741718426,49.21982562052277,74.0,0.9496581550632683,3.119755112070806,3.150952663191514,3.1121577663237128,1.1085610073858267,3.0811440618745825,1.0964522095918559,1.0901429118512442,3.150952663191514,0.9806377111435906,1.1338491853271584,1.0953420641750655,0.9865307816831519,1.141740129023244,2.9848126366267183,3.230709278917682,0.05159721717199983,-0.10361213016809234,0.07975661572616799,-0.16614002656479565,False,False,0.05366503247130308,0.10733006494260616,0.05365812762322825,0.1073162552464565
385,6.416666666666667,False,False,50.93135229365931,50.0,62.037391804169964,50.644492185657384,54.23016208799599,49.18733129542561,74.0,0.9313522936593088,3.1151156813268184,3.1462668381400865,3.1077609577722,1.1116774586732967,3.071830083871688,1.0998457022879455,1.0922342163643135,3.1462668381400865,0.9825323689382555,1.1364056007288996,1.0987321209943275,0.9882463941528639,1.144099155060171,2.9800256399560667,3.226857899871614,0.0518649386958574,-0.10398782221144964,0.08059106173152752,-0.16624119818401972,False,False,0.05365812762322825,0.1073162552464565,0.053647803472660446,0.10729560694532089
390,6.5,False,False,50.91368401968922,50.0,62.022039655819235,50.62691449908154,54.216030379447766,49.15581756338206,74.0,0.9136840196892209,3.110555160251898,3.141660711854417,3.1034417699138404,1.1147265889280016,3.06272223366413,1.1031621415605732,1.0942782436381004,3.141660711854417,0.9843722977298953,1.1389012862191394,1.1020452024117278,0.9899196697744765,1.1464102149278632,2.9753166450117945,3.2230763586066575,0.05213197128976277,-0.1043585738636239,0.08141564675224044,-0.1663440668426226,False,False,0.053647803472660446,0.10729560694532089,0.05363432151631787,0.10726864303263574
395,6.583333333333333,False,False,50.89660100018444,50.0,62.00761369175181,50.60992096163711,54.2027128012991,49.12521445261459,74.0,0.8966010001844396,3.1060698207559425,3.137130518963502,3.0991965018092262,1.1177106378224384,3.0538170238242226,1.106404213102217,1.0962781684361016,3.137130518963502,0.9861613085154811,1.1413401725409567,1.105283991395436,0.991553584316269,1.148676392582463,2.9706820369746665,3.219361131719622,0.052398224146361416,-0.10472458411983254,0.08223061275612009,-0.16644848198883544,False,False,0.05363432151631787,0.10726864303263574,0.05361792399745831,0.10723584799491662
400,6.666666666666667,False,False,50.88005544622919,50.0,61.994045604103064,50.593463834618326,54.19014152079633,49.09545753961105,74.0,0.8800554462291927,3.1016560715406447,3.132672632256051,3.095021584347144,1.1206317470672358,3.045110822218592,1.1095744804557637,1.098236944581431,3.132672632256051,0.987902952010792,1.1437259265269428,1.108451048879988,0.9931509040248472,1.1509005593813595,2.9661183360734173,3.215708828787605,0.05266361479992843,-0.10508604055658388,0.08303619653155403,-0.16655429618263362,False,False,0.05361792399745831,0.10723584799491662,0.053598835429535446,0.10719767085907089
405,6.75,False,False,50.864003739617395,50.0,61.98127208177103,50.57749955098829,54.17825422700845,49.066487520339834,74.0,0.8640037396173952,3.0973104596091487,3.1282835642052405,3.0909135824305114,1.1234919654833047,3.036599878905343,1.112675391584747,1.1001573189366627,3.1282835642052405,0.9896005347583526,1.1460619673753802,1.11154882038486,0.9947141987203434,1.1530853873101876,2.9616221985556774,3.2121161934711577,0.05292806837352493,-0.1054431202163193,0.08383262926591728,-0.16666136564956302,False,False,0.053598835429535446,0.10719767085907089,0.053577263987698465,0.10715452797539693
410,6.833333333333333,False,False,50.84840608958418,50.0,61.96923446439442,50.56198836905217,54.16699370819718,49.038249816736965,74.0,0.8484060895841807,3.0930296707045692,3.123959967411615,3.0868691960134176,1.1262932537751777,3.0282803502764684,1.1157092850401473,1.1020418448391958,3.123959967411615,0.9912571342491191,1.1483514819292844,1.114579642047329,0.9962458548470101,1.1552333621571271,2.9571904166868297,3.208580103633348,0.05319151731793137,-0.10579598999218565,0.08462013622173314,-0.16676955072478528,False,False,0.053577263987698465,0.10715452797539693,0.053553402780940194,0.10710680556188039
415,6.916666666666667,False,False,50.833226217154376,50.0,61.95787841966522,50.54689405849297,54.15630745765563,49.010694210139405,74.0,0.8332262171543761,3.0888105288397765,3.119698634128174,3.082885260160089,1.1290374890254176,3.0201483206935733,1.1186783957517354,1.1038928945506723,3.119698634128174,0.9928756133595059,1.1505974392607254,1.1175457465674754,0.9977480870418676,1.1573467951977465,2.9528199179263432,3.2050975706254423,0.053453900647074226,-0.10614480750880473,0.08539893649726826,-0.1668787162018308,False,False,0.053553402780940194,0.10710680556188039,0.05352743101642332,0.10705486203284664
420,7.0,False,False,50.81843106486026,50.0,61.94715364236419,50.53218360915039,54.146147312242434,48.98377450532688,74.0,0.8184310648602633,3.084649995061236,3.115496495011848,3.0789587442758926,1.1317264689284745,3.012199821843379,1.1215848604697876,1.1057126710883405,3.115496495011848,0.9944586338595325,1.1528026043169577,1.1204492685235437,0.9992229496168124,1.1594278347863487,2.9485077634131294,3.2016657378717612,0.05371516369800822,-0.10648972147152813,0.08616924285991301,-0.16698873159871885,False,False,0.05352743101642332,0.10705486203284664,0.053499515066064166,0.10699903013212833
425,7.083333333333333,False,False,50.80399052977301,50.0,61.93701357363241,50.51782696359445,54.136469115810236,48.95744821804342,74.0,0.8039905297730101,3.0805451655721723,3.111350617227894,3.0750867506424453,1.1343619157810159,3.0044308500197103,1.1244307228809993,1.1075032193353491,3.111350617227894,0.9960086692575136,1.1549695508944893,1.123292249540873,1.0006723469882122,1.1614784768883415,2.9442511458751253,3.198281878869862,0.05397525755299237,-0.10683087234713695,0.08693126164196796,-0.1670994713527687,False,False,0.053499515066064166,0.10699903013212833,0.05346980944458993,0.10693961888917985
430,7.166666666666667,False,False,50.789877217964474,50.0,61.92741513910425,50.50379677239051,54.127232409006204,48.93167628721626,74.0,0.7898772179644737,3.0764932693248515,3.1072582020181,3.0712665123724934,1.1369454802444954,2.9968373815207356,1.1272179384206182,1.10926643642998,3.1072582020181,0.9975280168670836,1.1571006738274863,1.1260766430508284,1.0020980436108076,1.163500575110929,2.940047387064131,3.1949433947079187,0.05423413868094906,-0.10716839281917245,0.08768519268981878,-0.16721081495396906,False,False,0.05346980944458993,0.10693961888917985,0.053438457707040955,0.10687691541408191
435,7.25,False,False,50.77606621867494,50.0,61.91831850462881,50.49006816782287,54.11840014227288,48.90642280892337,74.0,0.7760662186749414,3.0724916651780294,3.10321658182981,3.067495390886025,1.1394787448945973,2.989415386333784,1.129948378801129,1.111004081580968,3.10321658182981,0.9990188091826961,1.1591982004772863,1.1288043188886605,1.0035016733199655,1.165495850136592,2.93589393480414,3.1916478111883095,0.054491768555623876,-0.10750240826100255,0.08843122935849967,-0.1673226470256699,False,False,0.053438457707040955,0.10687691541408191,0.053405593273162265,0.10681118654632453
440,7.333333333333333,False,False,50.76253489660443,50.0,61.90968684840037,50.476618554909386,54.10993841010604,48.881654790275824,74.0,0.7625348966044285,3.068537838703398,3.099223217090432,3.0637708729962245,1.1419632275711153,2.9821608402651165,1.132623836276336,1.1127177853236299,3.099223217090432,1.0004830246043284,1.1612642015642518,1.1314770674960073,1.00488474815951,1.1674658986369761,2.931788359730117,3.1883927756350463,0.05474811331334628,-0.10783303716411985,0.08916955854461417,-0.16743485736031527,False,False,0.053405593273162265,0.10681118654632453,0.053371340185028225,0.10674268037005645
445,7.416666666666667,False,False,50.74926270087685,50.0,61.90148614840271,50.46342742286975,54.10181620474782,48.85734192149891,74.0,0.749262700876848,3.064629398714083,3.095275692701224,3.0600905676825816,1.1444003845408823,2.97506973565834,1.1352460276582503,1.11440905804021,3.095275692701224,1.0019224975520815,1.163300601383183,1.1340966039330398,1.006248666377762,1.1694122013502,2.927728351784284,3.185176053452751,0.05500314330999001,-0.10816039166244806,0.08990036075152696,-0.1675473409169399,False,False,0.053371340185028225,0.10674268037005645,0.05333581380391128,0.10667162760782256
450,7.5,False,False,50.73623098934526,50.0,61.89368498414921,50.45047616727127,54.09400519018553,48.83345636691568,74.0,0.736230989345259,3.0607640735786497,3.091371714314436,3.0564522026185177,1.1467916134854643,2.968138090832659,1.137816598102934,1.1160792981564829,3.091371714314436,1.0033389279028941,1.1653091873349464,1.1366645717148913,1.007594720409115,1.171336131139233,2.9237117165279924,3.181995524495795,0.05525683298275008,-0.10848457774736797,0.09062381018135879,-0.1676599977864437,False,False,0.05333581380391128,0.10667162760782256,0.053299121451651006,0.10659824290330201
455,7.583333333333333,False,False,50.723422867014754,50.0,61.886254351772415,50.43774792912587,54.08647949069978,48.80997256960532,74.0,0.7234228670147544,3.0569397073756077,3.0875091044493637,3.0528536205118937,1.149138256324512,2.961361958360766,1.1403371246802607,1.1177297997055848,3.0875091044493637,1.0047338899633917,1.1672916189887927,1.139182546282018,1.0089241038924792,1.173238960082999,2.9197363713195514,3.178849179298523,0.05550916037741427,-0.10880569581310562,0.09134007484915951,-0.16777273312981222,False,False,0.053299121451651006,0.10659824290330201,0.05326136300123822,0.10652272600247643
460,7.666666666666667,False,False,50.71082303745953,50.0,61.87916749158144,50.425227446203216,54.079215497103775,48.78686707249047,74.0,0.7108230374595266,3.0531542559359113,3.0836857984952704,3.0492927753090373,1.1514416018849094,2.954737432295705,1.1428091197414822,1.1193617594503757,3.0836857984952704,1.0061088408232786,1.1692494365201311,1.1416520384705564,1.010237918568721,1.1751218664426144,2.915800341401377,3.1757351152103563,0.055760106992238656,-0.10912384088165483,0.09204931671508598,-0.16788545709389346,False,False,0.05326136300123822,0.10652272600247643,0.05322263142100922,0.10644526284201844
465,7.75,False,False,50.69841766620126,50.0,61.87239972726562,50.41290091677453,54.07219168652322,48.76411835207746,74.0,0.6984176662012587,3.0494057828143144,3.0798998406424576,3.045767728305867,1.153702888425165,2.9482606544465373,1.1452340340974791,1.120976283534901,3.0798998406424576,1.0074651282425557,1.1711840686774297,1.1440744976312545,1.0115371805249103,1.176985940970851,2.9119017559337474,3.172651532473477,0.05600965743594988,-0.10943910300999082,0.09275169183101939,-0.16799808470871014,False,False,0.05322263142100922,0.10644526284201844,0.05318301327631923,0.10636602655263847
470,7.833333333333333,False,False,50.686194255099416,50.0,61.865928315978266,50.40075587410737,54.06538845655375,48.74170666554742,74.0,0.6861942550994158,3.0456924552246054,3.0761493797768513,3.0422766442036124,1.1559233060238359,2.941927819793898,1.1476132600196618,1.1225743937238168,3.0761493797768513,1.008803998019252,1.1730968402252573,1.1464513146166155,1.0128228261830756,1.178832192962751,2.908038844007043,3.169596730275399,0.05625779923893415,-0.10975156754074122,0.0934473504985478,-0.1681105357698085,False,False,0.05318301327631923,0.10636602655263847,0.05314258919226989,0.10628517838453978
475,7.916666666666667,False,False,50.674141526879815,50.0,61.85973230858571,50.38878107008467,54.0587879714283,48.719613909032326,74.0,0.674141526879815,3.0420125399685602,3.072432665368246,3.038817787141221,1.1581039988401893,2.935735181128556,1.149948134074665,1.1241570332886386,3.072432665368246,1.010126600921336,1.1749889789474297,1.1487838246362572,1.0140957178940921,1.1806615559082698,2.904209930659559,3.1665691028037726,0.05650452261963124,-0.11006131539454644,0.09413643743552669,-0.16822273470868687,False,False,0.05314258919226989,0.10628517838453978,0.05310143428065483,0.10620286856130966
480,8.0,False,False,50.66224931899841,50.0,61.85379241941414,50.37696637057692,54.0523740195418,48.697823486448705,74.0,0.6622493189984127,3.0383643993839344,3.0687480433777736,3.035389516731666,1.1602460672547494,2.9296790529887957,1.1522399398031506,1.125725072408377,3.0687480433777736,1.0114339991965877,1.1768616222243395,1.1510733099365553,1.0153566490129313,1.1824748926233704,2.9004134329238287,3.1635671353267703,0.05674982021499342,-0.11036842339544561,0.09481909194899663,-0.16833461045394493,False,False,0.05310143428065483,0.10620286856130966,0.05305961853414752,0.10611923706829504
485,8.083333333333334,False,False,50.65050848610098,50.0,61.8480909048703,50.36530265648469,54.046131882779335,48.67632018924909,74.0,0.650508486100982,3.0347464873327947,3.065093952206123,3.0319902841252997,1.1623505698968688,2.923755814965768,1.1544899102523731,1.127279313349436,3.065093952206123,1.0127271726296168,1.1787158231539159,1.1533210023192169,1.0166063489345318,1.1842730003390236,2.8966478559206927,3.16058940031847,0.05699368698958751,-0.11067296441490426,0.09549544811234689,-0.16844609628543017,False,False,0.05305961853414752,0.10611923706829504,0.053017207190354416,0.10603441438070883
490,8.166666666666666,False,False,50.63891081039795,50.0,61.8426114503539,50.3537817347728,54.04004821425879,48.65509008402501,74.0,0.6389108103979524,3.0311573452479834,3.0614689187004633,3.028618628119581,1.1644185255659856,2.91796191443985,1.1566992303714514,1.1288204952187608,3.0614689187004633,1.0140070242785362,1.1805525563489487,1.1555280855280672,1.0178454874959244,1.1860566151539402,2.89291178901707,3.157634553645529,0.05723611993517941,-0.11097500772283642,0.09616563494506547,-0.1685571296833932,False,False,0.053017207190354416,0.10603441438070883,0.05297426106813749,0.10594852213627498
495,8.25,False,False,50.62744891932822,50.0,61.83733906491635,50.34239625639363,54.034110926625296,48.63412040983991,74.0,0.6274489193282164,3.0275955982524283,3.0578715542349526,3.0252731713312997,1.1664509150528033,2.912293868805463,1.1588690392777057,1.1303492984226706,3.0578715542349526,1.015274385792278,1.1823727233120136,1.1576956975333361,1.0190746792917624,1.1878264163983345,2.8892039020606504,3.154701330828533,0.057477117975663905,-0.11127461913090819,0.09682977659358061,-0.16866765217430224,False,False,0.05297426106813749,0.10594852213627498,0.052930836878500864,0.10586167375700173
500,8.333333333333334,False,False,50.61611620993531,50.0,61.832259983156824,50.331139640617806,54.02830908827123,48.613399482914836,74.0,0.6161162099353135,3.0240599513633213,3.0543005508769547,3.021952616444592,1.1684486828662013,2.906748267236692,1.1610004324018386,1.1318663488460972,3.0543005508769547,1.0165300224115934,1.1841771574912259,1.1598249326402312,1.0202944876097264,1.1895830306153585,2.885522941702121,3.1517885433888937,0.05771668176926137,-0.11157186123637075,0.09748799251193896,-0.16877760917483364,False,False,0.052930836878500864,0.10586167375700173,0.05288698751207442,0.10577397502414884
505,8.416666666666666,False,False,50.60490677942426,50.0,61.82736157387923,50.3200060053147,54.022632827694515,48.592916608830436,74.0,0.6049067794242617,3.0205491857908155,3.0507546776487238,3.0186557425455076,1.1704127388713297,2.9013217720413844,1.1630944635192222,1.1333722217669402,3.0507546776487238,1.0177746376382124,1.1859666290014954,1.1619168435682241,1.021505428177905,1.1913270353524348,2.8818677278134963,3.1488950752899934,0.05795481358549459,-0.11186679358903517,0.09814039764126958,-0.16888694983522745,False,False,0.05288698751207442,0.10577397502414884,0.052842762304951746,0.10568552460990349
510,8.5,False,False,50.59381536141048,50.0,61.82263225506393,50.30899010403229,54.01707324485103,48.57266200119807,74.0,0.5938153614104777,3.0170621553388624,3.047232776892251,3.015381401551745,1.1723439598439755,2.8960111196471074,1.1651521466740558,1.1348674454613956,3.047232776892251,1.019008877614872,1.1877418490541811,1.1639724433546235,1.0227079725450818,1.1930589625835681,2.8782371500091406,3.146019879479405,0.05819151712217252,-0.11215947291631378,0.09878710258715406,-0.16899562688311054,False,False,0.052842762304951746,0.10568552460990349,0.052798207284755025,0.10559641456951005
515,8.583333333333334,False,False,50.58283726740971,50.0,61.81806141473797,50.298087265908975,54.011622329909976,48.55262670714402,74.0,0.5828372674097082,3.013597782914011,3.043733760743151,3.0121285147442727,1.174243190945972,2.8908131212584625,1.1671744580027281,1.1363525046768428,3.043733760743151,1.020233335194101,1.1895034740731634,1.1659927071117182,1.0239025514692794,1.194779302138091,2.8746301642745227,3.143161974537302,0.05842679746124824,-0.11244995320756335,0.0994282137941509,-0.1691035964686285,False,False,0.052798207284755025,0.10559641456951005,0.052753365398342446,0.10550673079668489
520,8.666666666666666,False,False,50.57196833315419,50.0,61.81363933735306,50.28729334413557,54.00627288698681,48.53280253741983,74.0,0.5719683331541887,3.010155057146453,3.0402566077179176,3.008896069405912,1.1761112471261093,2.8857246632216524,1.1691623374622804,1.1378278437074096,3.0402566077179176,1.0214485537943598,1.191252109596129,1.1679785738717783,1.0250895576896835,1.1964885045110845,2.8710457897062334,3.1403204414348127,0.058660660803674824,-0.11273828601772617,0.10006383371689509,-0.16921081801168425,False,False,0.052753365398342446,0.10550673079668489,0.05270827672269991,0.10541655344539982
525,8.75,False,False,50.56120486935233,50.0,61.80935713530683,50.27660466516375,54.00101846576297,48.51318200371822,74.0,0.5612048693523306,3.006733029126268,3.036800359417531,3.0056831155705233,1.177948914450734,2.8807427071289364,1.1711166904694972,1.1392938694253918,3.036800359417531,1.0226550309169176,1.1929883138345445,1.1699309481099136,1.0262693489868202,1.1981869839604684,2.867483105365691,3.1374944204047757,0.05889311453507662,-0.11302452043857159,0.10069406098724487,-0.16931725405183995,False,False,0.05270827672269991,0.10541655344539982,0.052662978660255176,0.10532595732051035
530,8.833333333333334,False,False,50.55054361653953,50.0,61.80520668526531,50.26601798472434,53.995853296262645,48.49375825895588,74.0,0.5505436165395281,3.0033308092566706,3.033364117349237,3.0024887628852333,1.179756951367964,2.8758642896926294,1.1730383894557854,1.1407509539889271,3.033364117349237,1.0238532215209124,1.194712601089927,1.1718507013987165,1.027442250577621,1.199875120937452,2.8639412472478014,3.1346831079263775,0.05912416694852496,-0.11330870341130606,0.10131899057714033,-0.16942287010143575,False,False,0.052662978660255176,0.10532595732051035,0.05261750611985272,0.10523501223970544
535,8.916666666666666,False,False,50.539981703695936,50.0,61.80118056896763,50.25553044513707,53.99077223053616,48.474525043854,74.0,0.5399817036959362,2.9999475642250832,3.0299470398673343,2.9993121775870897,1.1815360899091825,2.8710865224155446,1.17492827534266,1.1421994374760926,3.0299470398673343,1.0250435410953878,1.1964254448653096,1.1737386737993347,1.0286085577813302,1.2015532647864442,2.860419405365033,3.1318857538241343,0.05935382731035155,-0.11359087969476245,0.10193871395679999,-0.16952763450230135,False,False,0.05261750611985272,0.10523501223970544,0.052571891684580506,0.10514378336916101
540,9.0,False,False,50.529516610331065,50.0,61.797272018213434,50.245139539017565,53.98577068706644,48.45547663607128,74.0,0.5295166103310649,2.9965825140920312,3.0265483392329515,2.9961525795945834,1.1832870368312758,2.8664065910823084,1.1767871589423737,1.143639630209973,3.0265483392329515,1.0262263686037043,1.1981272808474093,1.1755956752964722,1.0297685380529535,1.2032217358111503,2.856916820946565,3.129101658481064,0.05958210560117738,-0.1138710921570194,0.10255331924811228,-0.16963151828638656,False,False,0.052571891684580506,0.10514378336916101,0.05252616576726424,0.10505233153452848
545,9.083333333333334,False,False,50.5191461317605,50.0,61.793474863753694,50.234843073245514,53.98084460151942,48.4366078051049,74.0,0.5191461317605004,2.993234929497128,3.023167278792099,2.9930092397138144,1.1850104747028498,2.8618217550936595,1.1786158222879093,1.145071815054298,3.023167278792099,1.0274020491451734,1.1998185096044502,1.1774224871455319,1.0309224333366487,1.2048808276593737,2.8534327837515274,3.1263301701650623,0.05980901260507565,-0.11414938171764932,0.1031628913729632,-0.1697344950405717,False,False,0.05252616576726424,0.10505233153452848,0.052480356754839176,0.10496071350967835
550,9.166666666666666,False,False,50.508868347320096,50.0,61.7897834878231,50.22463913830979,53.975990379401715,48.41791376899332,74.0,0.5088683473200959,2.9899041289808563,3.019803170270665,2.9898814769582946,1.1867070629374592,2.8573293466637963,1.1804150198962975,1.1464962494441988,3.019803170270665,1.028570896520932,1.2014994991867607,1.179219863087974,1.0320704618262506,1.2065308091137665,2.8499666294948485,3.123570682467158,0.06003455966956772,-0.1144257876179482,0.10376751219649272,-0.16983654077581667,False,False,0.052480356754839176,0.10496071350967835,0.05243449114224777,0.10486898228449554
555,9.25,False,False,50.49868159128337,50.0,61.78619278006929,50.21452607851843,53.971204854214626,48.399390156009,74.0,0.49868159128337197,2.9865894764203293,3.0164553711845326,2.9867686559810034,1.1883774387767203,2.8529267698989087,1.1821854799689921,1.1479131673581016,3.0164553711845326,1.02973319555072,1.2031705874768845,1.1809885305813168,1.0332128199775106,1.2081719261331787,2.846517737383726,3.12082263184966,0.06025875877507714,-0.11470034738059098,0.10436726066512758,-0.1699376338008065,False,False,0.05243449114224777,0.10486898228449554,0.052388593656720245,0.10477718731344049
560,9.333333333333334,False,False,50.48858442626694,50.0,61.782698096649995,50.204502465948714,53.966485247455374,48.38103296808019,74.0,0.48858442626693943,2.983290378576817,3.013123282362585,2.983670184616693,1.190022218225987,2.8486114997732894,1.1839279055327747,1.1493227810983173,3.013123282362585,1.0308892042948237,1.2048320844435605,1.1827291919705658,1.034349684080198,1.2098044034528206,2.843085527762444,3.118085495302034,0.06048162235450327,-0.11497309701811931,0.10496221293944874,-0.17003775460014126,False,False,0.052388593656720245,0.10477718731344049,0.05234268737326937,0.10468537474653875
565,9.416666666666666,False,False,50.47857561892458,50.0,61.779295222284084,50.19456707556437,53.961829132925224,48.36283854812463,74.0,0.4785756189245802,2.9800062827525036,3.009806345580029,2.980585511532239,1.191641996945114,2.84438108101785,1.1856429755244562,1.1507252829980554,3.009806345580029,1.0320391560761426,1.2064842741945883,1.1844425254692852,1.035481211971021,1.2114284463242435,2.8396694598628835,3.115358788101878,0.06070316332618808,-0.11524407102703438,0.10555244252184925,-0.17013688571714525,False,False,0.05234268737326937,0.10468537474653875,0.05229679382192517,0.10459358764385034
570,9.5,False,False,50.46865411774673,50.0,61.77598033505618,50.18471886373739,53.95723440290123,48.344803549111,74.0,0.4686541177467305,2.976736674553663,3.0065040412991997,2.977514123982381,1.1932373510966923,2.8402331269344057,1.1873313458224632,1.152120846951848,3.0065040412991997,1.033183261405921,1.2081274169322105,1.1861291863163843,1.0366075443931284,1.2130442419009637,2.8362690296579394,3.1126420616782804,0.060923394949115695,-0.11551330255871961,0.10613802037908071,-0.17023501164126031,False,False,0.05229679382192517,0.10459358764385034,0.052250933087399136,0.10450186617479827
575,9.583333333333334,False,False,50.45881903279695,50.0,61.772749973788144,50.17495694761151,53.952699238020024,48.32692490648692,74.0,0.4588190327969528,2.9734810757572316,3.003215886514804,2.9744555456681097,1.1948088381539874,2.83616531814777,1.1889936502281693,1.1535096298871121,3.003215886514804,1.0343217097342987,1.209761750732223,1.18778980765469,1.0377288064690053,1.2146519607365862,2.832883767814751,3.1099349015745155,0.06114233084947407,-0.1157808234181068,0.10671901505971126,-0.17033211870005305,False,False,0.052250933087399136,0.10450186617479827,0.052205123901817356,0.10441024780363471
580,9.666666666666666,False,False,50.44906961722909,50.0,61.76960100780189,50.16528058690923,53.948222078771416,48.30919981209624,74.0,0.44906961722909244,2.970239042277616,2.999941432700392,2.9714093346946333,1.1963569976706883,2.832175401306511,1.1906305013996952,1.1548917731032726,2.999941432700392,1.035454671115093,1.2113874932362712,1.1894250015266608,1.0388451089038044,1.216251758012511,2.829513237744669,3.107236925507005,0.06135998490923833,-0.11604666419946819,0.10729549280661299,-0.17042819495572337,False,False,0.052205123901817356,0.10441024780363471,0.0521593837308943,0.1043187674617886
585,9.75,False,False,50.439405250442206,50.0,61.766530608910486,50.155689166587315,53.94380159990815,48.29162569074152,74.0,0.43940525044220635,2.967010162230448,2.9966802638527525,2.9683750816258367,1.1978823520144553,2.8282611877421013,1.1922424917407202,1.1562674035520195,2.9966802638527525,1.036582297729226,1.2130048432018283,1.1910353597529593,1.0399565492536385,1.2178437748298125,2.8261570337466444,3.104547781517343,0.06157637127779303,-0.11631085429838106,0.10786751766459046,-0.17052323010610815,False,False,0.0521593837308943,0.1043187674617886,0.052113728854194796,0.10422745770838959
590,9.833333333333334,False,False,50.42982542274077,50.0,61.76353622548474,50.14618218226261,53.93943668631469,48.27420017809104,74.0,0.4298254227407696,2.9637940540899224,2.9934319946308214,2.9653524076319937,1.1993854070661318,2.824420552095219,1.1938301942466922,1.1576366349704132,2.9934319946308214,1.0377047253290266,1.2146139819721222,1.1926214547231666,1.0410632129296347,1.2194281392360904,2.8228147792407734,3.1018671462140515,0.061791504265677144,-0.11657342204077858,0.10843515158323003,-0.17061721539004804,False,False,0.052113728854194796,0.10422745770838959,0.052068174439819495,0.10413634887963899
595,9.916666666666666,False,False,50.42032972137848,50.0,61.760615558452194,50.1367592255413,53.93512641167354,48.256921101115424,74.0,0.42032972137847935,2.960590364936327,2.9901962685856907,2.9623409627274127,1.200866652886391,2.820651430917016,1.1953941633106986,1.1589995689992703,2.9901962685856907,1.038822074546513,1.2162150748091605,1.1941838402889973,1.0421651743318852,1.221004967381524,2.819486125088645,3.099194723100851,0.06200539838225372,-0.1168343946673851,0.10899845451516033,-0.1707101434970455,False,False,0.052068174439819495,0.10413634887963899,0.052022734613986626,0.10404546922797325
600,10.0,False,False,50.41091781787336,50.0,61.757766539095606,50.12741997276909,53.93087001802253,48.23978645935432,74.0,0.41091781787336146,2.957398768790328,2.986972756478231,2.959340424094748,1.202326564351471,2.8169518212523745,1.1969349354911147,1.1603562961249645,2.986972756478231,1.0399344521472955,1.2178082721715515,1.195723052452513,1.0432624976363358,1.2225743643271345,2.816170747997136,3.0965302409880304,0.06221806820217002,-0.11709379848862866,0.10955748450979952,-0.17080200848109506,False,False,0.052022734613986626,0.10404546922797325,0.051977422525867595,0.10395484505173519
605,10.083333333333334,False,False,50.401589456490896,50.0,61.754987308526196,50.11816417115488,53.926666898278455,48.22279440885405,74.0,0.40158945649089617,2.954218965030617,2.9837611546809235,2.9563504944925834,1.203765601759577,2.813319779211379,1.1984530302430219,1.1617068967242359,2.9837611546809235,1.041041952141747,1.2193937108488053,1.1972396101568394,1.0443552379407637,1.2241364252115137,2.8128683490023643,3.0938734524837095,0.062429528487277786,-0.1173516587834722,0.11011229780278597,-0.17089280567855925,False,False,0.051977422525867595,0.10395484505173519,0.05193225040805501,0.10386450081611003
610,10.166666666666666,False,False,50.39234444379936,50.0,61.75227619871509,50.10899163088214,53.92251657811074,48.205943245559524,74.0,0.3923444437993595,2.9510506768915317,2.980561183660447,2.953370900743037,1.2051842114094302,2.8097534185345987,1.1999489506152834,1.163051441814687,2.980561183660447,1.0421446569083872,1.2209715151070917,1.1987340159158066,1.045443441749987,1.2256912357561232,2.8095786520304578,3.0912241325616456,0.06263979394143626,-0.11760800006469996,0.11066294890119854,-0.17098253162998933,False,False,0.05193225040805501,0.10386450081611003,0.051887229632898,0.103774459265796
615,10.25,False,False,50.38318263921047,50.0,61.74963171497493,50.09990221397865,53.91841870212092,48.18923139255928,74.0,0.38318263921046736,2.9478936500372925,2.9773725865376655,2.950401392296052,1.206582826152358,2.8062509091570877,1.2014231839150435,1.1643899939377207,2.9773725865376655,1.0432426381179774,1.2225417976350053,1.2002067565753807,1.0465271480467204,1.2272388733556656,2.8063014025319375,3.0885820772024135,0.06284887941794493,-0.11786284589100027,0.11120949066474806,-0.17107118400572796,False,False,0.051887229632898,0.103774459265796,0.051842370765196086,0.10368474153039217
620,10.333333333333334,False,False,50.37410394642335,50.0,61.74705251978975,50.09089582664527,53.91437301858476,48.172657386079955,74.0,0.37410394642334666,2.9447476512096067,2.974195127721703,2.9474417398671755,1.207961865919256,2.8028104757754964,1.2028762023413324,1.165722607864891,2.974195127721703,1.0443359577043312,1.2241046605353647,1.2016583038408044,1.0476063887521554,1.2287794075575804,2.8030363661865136,3.0859471021047815,0.0630567996926894,-0.11811621911273562,0.1117519743830786,-0.17115876153518927,False,False,0.051842370765196086,0.10368474153039217,0.051797683611258735,0.10359536722251747
625,10.416666666666666,False,False,50.365108305698136,50.0,61.74453741789864,50.08197241059865,53.91037936749528,48.15621986443546,74.0,0.36510830569813635,2.9416124669453922,2.971028591614846,2.9444917341456476,1.2093217382236638,2.799430396422154,1.204308463589339,1.167049331333683,2.971028591614846,1.0454246686796043,1.2256601961608355,1.2030891149355285,1.0486811895843642,1.2303129009388407,2.7997833276751756,3.083319041464164,0.06326356960515778,-0.11836814174931876,0.11229044984931802,-0.17124526393967043,False,False,0.051797683611258735,0.10359536722251747,0.05175317726484426,0.10350635452968852
630,10.5,False,False,50.356195686890096,50.0,61.74208534254522,50.07313193789015,53.90643766802268,48.139917556479716,74.0,0.3561956868900964,2.9384879023615076,2.9678727813851227,2.94155118456967,1.210662838642142,2.796109001049506,1.2057204114268525,1.168370205606707,2.9678727813851227,1.0465088159607319,1.2272084879600946,1.2044996332015672,1.0497515704149385,1.2318394094804321,2.796542089516571,3.0806977468151877,0.06346920387372523,-0.1186186351917684,0.11282496543006504,-0.17133069186855154,False,False,0.05175317726484426,0.10350635452968852,0.05170886015003859,0.10341772030007718
635,10.583333333333334,False,False,50.34736608318123,50.0,61.73969534280986,50.06437440222347,53.902547909017954,48.12374927278019,74.0,0.3473660831812282,2.935373780003424,2.9647275178034582,2.9386199181658794,1.2119855512730662,2.792844670127895,1.207112476244269,1.1696852661780486,2.9647275178034582,1.0475884370521267,1.2287496111796632,1.205890288568071,1.0508175461421294,1.2333589834578507,2.793312470964685,3.0780830859353623,0.06367371727980209,-0.11886772003591917,0.11335556813190406,-0.1714150468387734,False,False,0.05170886015003859,0.10341772030007718,0.051664740061386806,0.10332948012277361
640,10.666666666666666,False,False,50.33861950545076,50.0,61.73736657194854,50.055699816309144,53.898710137832104,48.107713895314404,74.0,0.33861950545075814,2.932269938754887,2.961592638142436,2.9356977784500238,1.2132902491748927,2.7896358332592563,1.2084850755794998,1.1709945431853066,2.961592638142436,1.0486635627877285,1.2302836336245269,1.2072614981516836,1.0518791268123506,1.2348716675794664,2.7900943069650177,3.0754749418071117,0.06387712439415982,-0.11911541637295597,0.11388230366467589,-0.17149833117741808,False,False,0.051664740061386806,0.10332948012277361,0.05162082420138979,0.10324164840277958
645,10.75,False,False,50.3299559772314,50.0,61.73509827666596,50.04710820352429,53.89492445331441,48.091810370890194,74.0,0.3299559772313998,2.929176232805692,2.958467995133749,2.9327846243860645,1.2145772947849036,2.7864809678089917,1.2098386146190216,1.1722980620717955,2.958467995133749,1.0497342178814586,1.2318106162266171,1.2086136667543999,1.0529363185611995,1.2363775019439442,2.78688744716643,3.072873211635296,0.0640794398721487,-0.11936174351059603,0.114405216501547,-0.1715805479673187,False,False,0.05162082420138979,0.10324164840277958,0.051577119215682796,0.10315423843136559
650,10.833333333333334,False,False,50.32137553020132,50.0,61.732889787256646,50.03859959626204,53.89119099567895,48.07603770180292,74.0,0.3213755302013226,2.926092530674814,2.955353455981562,2.929880329400863,1.2158470403193715,2.7833785975579364,1.2111734866762647,1.1735958439250045,2.955353455981562,1.0508004216001359,1.2333306137352433,1.209947187273565,1.053989123582491,1.2378765220252341,2.783691754986072,3.070277805917687,0.06428067810022964,-0.11960672034251352,0.11492434993612521,-0.17166170099548994,False,False,0.051577119215682796,0.10315423843136559,0.051533631225898824,0.10306726245179765
655,10.916666666666666,False,False,50.31287820016694,50.0,61.730740508551136,50.03017403019881,53.88750994120233,48.06039494079012,74.0,0.3128782001669421,2.923018714286215,2.952248901429077,2.9269847804518796,1.2170998281560514,2.7803272913760826,1.2124900736484538,1.1748879059916455,2.952248901429077,1.0518621882176173,1.234843675188258,1.211262441214376,1.0550375409307744,1.2393687594906113,2.7805071067247273,3.067688647565739,0.06448085349896582,-0.1198503650608711,0.11543974613666164,-0.1717417947043498,False,False,0.051533631225898824,0.10306726245179765,0.05149036586054816,0.10298073172109631
660,11.0,False,False,50.30446402349399,50.0,61.72864991160968,50.021831541782475,53.883881494160335,48.04488118355081,74.0,0.30446402349399193,2.9199546780947583,2.949154224875706,2.924097877145233,1.218335991199838,2.7773256619194444,1.213788746452969,1.1761742620308269,2.949154224875706,1.0529195275764844,1.2363498444902856,1.212559799129167,1.0560815665931402,1.240854242287595,2.777333390730208,3.065105671073253,0.06467998025676813,-0.12009269543768664,0.11595144619754683,-0.1718208341454983,False,False,0.05149036586054816,0.10298073172109631,0.05144732828388778,0.10289465656777556
665,11.083333333333334,False,False,50.29613303394882,50.0,61.72661752610877,50.01357216451602,53.88030588199783,48.02949556414173,74.0,0.29613303394881996,2.916900328259765,2.946069331542363,2.9212195309017304,1.219555853232409,2.7743723643512364,1.2150698654442182,1.1774549227113766,2.946069331542363,1.053972445500346,1.2378491608411113,1.213839620998124,1.057121194051158,1.2423329952206004,2.7741705066063167,3.0625288217305426,0.06487807250922373,-0.12033372866021863,0.11645949018817969,-0.17189882493604625,False,False,0.05144732828388778,0.10289465656777556,0.0514045232230726,0.1028090464461452
670,11.166666666666666,False,False,50.28788525991425,50.0,61.724642933370475,50.0053959259493,53.87678334919281,48.01423724922677,74.0,0.2878852599142476,2.9138555818638356,2.942994137682474,2.9183496641684297,1.2207597292466086,2.7714660950883196,1.2163337808119792,1.178729895965016,2.942994137682474,1.0550209442521434,1.2393416592096467,1.2151022566685699,1.0581564144917766,1.2438050401761689,2.7710183644652115,3.0599580548818395,0.06507514421115279,-0.12057348147323954,0.1169639171993655,-0.17197577321726243,False,False,0.0514045232230726,0.1028090464461452,0.05136195499362296,0.10272390998724593
675,11.25,False,False,50.27972072194697,50.0,61.7227257599871,49.99730284570363,53.87331415263321,47.9991054336763,74.0,0.2797207219469726,2.9108203661746717,2.9399285698364186,2.9154882096735255,1.221947925766302,2.7686055905736917,1.2175808329621096,1.1799991872806732,2.9399285698364186,1.056065022917815,1.2408273707328188,1.2163480461917517,1.0591872171303929,1.2452703964599994,2.7678768842208807,3.057393335223757,0.06527120917932616,-0.12081197015028033,0.11746476538733841,-0.17205168561553785,False,False,0.05136195499362296,0.10272390998724593,0.05131962752329632,0.10263925504659265
680,11.333333333333334,False,False,50.27163943064697,50.0,61.72086567199784,49.989292933589674,53.869898557273565,47.98409933642346,74.0,0.27163943064697094,2.9077946179477148,2.9368725641271918,2.912635109722319,1.223120741152387,2.7657896260756285,1.2188113528804734,1.1812627999840788,2.9368725641271918,1.0571046777686581,1.2423063230927625,1.2175773202181972,1.060213589446544,1.2467290810462412,2.7647459949217286,3.0548346361427337,0.06546628106216246,-0.1210492105375347,0.11796207201554187,-0.1721265692054632,False,False,0.05131962752329632,0.10263925504659265,0.05127754437458858,0.10255508874917715
685,11.416666666666666,False,False,50.26364138481082,50.0,61.71906236957606,49.98136618751383,53.8665368324763,47.96921819693441,74.0,0.26364138481081767,2.904778282767534,2.9338260655952095,2.909790315532231,1.2242784658956174,2.7630170145139434,1.2200256624808925,1.1825207355173644,2.9338260655952095,1.0581399025853935,1.2437785408553172,1.218790400349144,1.0612355174701527,1.2481811088770025,2.7616256341202403,3.052281939089485,0.06566037335963815,-0.12128521804721171,0.11845587349427555,-0.17220043147496922,False,False,0.05127754437458858,0.10255508874917715,0.0512357087658359,0.1024714175316718
690,11.5,False,False,50.25572656984368,50.0,61.71731558218968,49.9735225911843,53.863229248375056,47.95446127170576,74.0,0.2557265698436808,2.901771314425962,2.9307890275702215,2.9069537866048627,1.2254213828968565,2.7602866053136683,1.2212240749378904,1.1837729937186579,2.9307890275702215,1.0591706889728492,1.2452440457987721,1.2199875994147533,1.062252986038658,1.2496264931324021,2.7585157472778006,3.049735232988516,0.0658534994137443,-0.12152000767999982,0.11894620541829459,-0.17227328029242095,False,False,0.0512357087658359,0.1024714175316718,0.051194123591091406,0.10238824718218281
695,11.583333333333334,False,False,50.24789495640623,50.0,61.7156250641991,49.965762114148525,53.85997607246438,47.9398278309697,74.0,0.2478949564062276,2.898773674335097,2.927761411078448,2.9041254901331586,1.226549767735352,2.757597283286391,1.2224068950049551,1.185019572983956,2.927761411078448,1.0601970266568574,1.246702857224461,1.2211692218987538,1.063265978889722,1.2510652453358848,2.755416287202908,3.047194513680953,0.06604567235192871,-0.12175359409423403,0.11943310260250506,-0.17234512387554002,False,False,0.051194123591091406,0.10238824718218281,0.051152791438784664,0.10230558287756933
700,11.666666666666666,False,False,50.24014649927555,50.0,61.71399059085962,49.95808470943862,53.856777567511216,47.925317156575275,74.0,0.24014649927555354,2.8957853309733537,2.9247431842830873,2.9013054004419305,1.2276638889255886,2.754947967539332,1.2235744193189955,1.1862604705320063,2.9247431842830873,1.0612189037164794,1.2481549922023323,1.2223355640995124,1.0642744790076692,1.2524973757129498,2.752327213520982,3.0446597833988847,0.0662369051809435,-0.12198599152433709,0.11991659911579733,-0.17241597076210535,False,False,0.051152791438784664,0.10230558287756933,0.05111171460937712,0.10222342921875424
705,11.75,False,False,50.23248113639956,50.0,61.71241195469777,49.95049031324991,53.85363398843084,47.910928538959524,74.0,0.23248113639955648,2.8928062593628443,2.921734321956473,2.898493498459933,1.2287640081632534,2.7523376104121726,1.2247269366916704,1.1874956825661775,2.921734321956473,1.0622363068535534,1.2496004658535067,1.223486914569321,1.0652784686648016,1.2539228932444555,2.7492484921741704,3.042131050269639,0.06642721067827795,-0.12221721390137597,0.12039672831316617,-0.17248582978230242,False,False,0.05111171460937712,0.10222342921875424,0.05107089513189148,0.10214179026378296
710,11.833333333333334,False,False,50.22489878812718,50.0,61.71088896223328,49.942978844766195,53.850545580662526,47.8966612754512,74.0,0.22489878812717734,2.889836440576449,2.9187348049822135,2.895689771221905,1.2298503805608154,2.7497651964415626,1.225864728388182,1.1887252044216166,2.9187348049822135,1.0632492215905511,1.2510392915608135,1.2246235542608248,1.0662779296163816,1.2553418058733048,2.746180094949554,3.039608327848381,0.06661660145168824,-0.12244727480523498,0.1208735228661677,-0.17255471003265965,False,False,0.05107089513189148,0.10214179026378296,0.05103033477957113,0.10206066955914227
715,11.916666666666666,False,False,50.2173993565974,50.0,61.709421431019614,49.93555020330899,53.847512578378165,47.88251466843178,74.0,0.2173993565973973,2.886875861273016,2.915744619885746,2.8928942113989677,1.230923254873203,2.747229741353152,1.2269880683941419,1.1899490308301301,2.915744619885746,1.0642576324689481,1.252471481179528,1.2257457568930932,1.0672728433883036,1.256754120803522,2.74312199903426,3.037091634677562,0.06680508997339185,-0.12267618744182651,0.12134701479181587,-0.17262262085148583,False,False,0.05103033477957113,0.10206066955914227,0.05099003508459544,0.10198007016919088
720,12.0,False,False,50.20998272527181,50.0,61.708009186979005,49.92820427131564,53.84453520188113,47.8684880227861,74.0,0.20998272527180717,2.883924513259203,2.912763758391795,2.890106816855911,1.2319828737140317,2.7447302910809497,1.2280972236710592,1.1911671559054686,2.912763758391795,1.0652615232762432,1.2538970452764495,1.226853789171264,1.0682631910806526,1.2581598443149629,2.740074186596074,3.034580993871786,0.06699268840949424,-0.12290396482481603,0.12181723547999068,-0.1726895717957211,False,False,0.05099003508459544,0.10198007016919088,0.050949997351984126,0.10189999470396825
725,12.083333333333334,False,False,50.20264875859664,50.0,61.70665206200865,49.92094091056567,53.84161365795934,47.85458064596909,74.0,0.2026487585966379,2.8809823930765552,2.909792217007321,2.88732759023393,1.2330294737628207,2.742265920813714,1.2291924544009831,1.1923795734376381,2.909792217007321,1.0662608771392676,1.255315993234977,1.227947910991543,1.0692489539270045,1.2595589823334787,2.7370366443881817,3.0320764327267713,0.06717940889584062,-0.12313061951063364,0.12228421571945036,-0.1727555726191392,False,False,0.050949997351984126,0.10189999470396825,0.05091022267272004,0.10182044534544007
730,12.166666666666666,False,False,50.19539730178126,50.0,61.70534989183679,49.913759964247795,53.83874813668278,47.8407918449345,74.0,0.1953973017812629,2.878049501612474,2.906829996628599,2.8845565385574767,1.234063285963608,2.7398357340680843,1.230274014220807,1.1935862769076175,2.906829996628599,1.067255676765389,1.2567283335077861,1.2290283757487033,1.0702301129866447,1.2609515401337532,2.7340093633767784,3.029577982351094,0.06736526322613567,-0.12335616392097282,0.12274798572249512,-0.1728206332518205,False,False,0.05091022267272004,0.10182044534544007,0.05087071193613463,0.10174142387226925
735,12.25,False,False,50.188228180681115,50.0,61.704102514108996,49.90666125606562,53.835938812038926,47.82712092645987,74.0,0.18822818068111502,2.8751258437338083,2.9038771021711463,2.881793672863936,1.2350845357153588,2.737438861788079,1.2313421504467108,1.1947872596345133,2.9038771021711463,1.0682459045123085,1.2581340736978286,1.2300954304971583,1.0712066495417236,1.2623375227468228,2.7309923383903083,3.027085677319527,0.0675502631123095,-0.12358061009278964,0.1232085751483809,-0.17288476378083795,False,False,0.05087071193613463,0.10174142387226925,0.050831465841582504,0.10166293168316501
740,12.333333333333334,False,False,50.181141201774615,50.0,61.702909766686226,49.89964459047691,53.83318584013665,47.813567195326875,74.0,0.181141201774615,2.8722114279418567,2.900933542221275,2.8790390078549177,1.2360934430545383,2.7350744614705627,1.2323971042891946,1.1959825148638539,2.900933542221275,1.0692315425577512,1.2595332207389498,1.2311493162145326,1.0721785449966856,1.2637169348696202,2.727985567789197,3.024599555346803,0.06773442000576635,-0.12380396986716824,0.12366601312552783,-0.17294797443207832,False,False,0.050831465841582504,0.10166293168316501,0.05079248490954082,0.10158496981908165
745,12.416666666666666,False,False,50.17413615222351,50.0,61.70177148613736,49.892709752188026,53.83048935914796,47.80012995404103,74.0,0.17413615222351098,2.8693062660476367,2.897999328708113,2.876292561568,1.2370902228302099,2.7327417163162604,1.2334391110591434,1.1971720358853146,2.897999328708113,1.070212572989002,1.2609257809960899,1.232190267962733,1.0731457811106258,1.265089781107219,2.724989053154958,3.022119656980708,0.06791774522190441,-0.12402625477468887,0.1241203282725949,-0.17301027555315507,False,False,0.05079248490954082,0.10158496981908165,0.05075376949202156,0.10150753898404312
750,12.5,False,False,50.16721280000789,50.0,61.70068750641047,49.88585650647848,53.82784948813191,47.786808501567855,74.0,0.16721280000788852,2.866410372866334,2.8950744765949974,2.8735543550678333,1.2380750848719937,2.73043983440586,1.2344684003653297,1.1983558161062957,2.8950744765949974,1.0711889779360728,1.2623117604088758,1.2332185151222348,1.074108339969461,1.266456065954652,2.7220027989976643,3.019646025313485,0.06810024984835628,-0.12424747613683462,0.12457154871848752,-0.1730716775973331,False,False,0.05075376949202156,0.10150753898404312,0.050715319782472776,0.10143063956494555
755,12.583333333333334,False,False,50.16037089412724,50.0,61.699657657668276,49.87908460067236,53.82526632693752,47.773602133025996,74.0,0.16037089412724015,2.863523765929896,2.892159003589195,2.8708244121555744,1.2390482341512068,2.7281680479007364,1.2354851963037499,1.1995338490666383,2.892159003589195,1.0721607396536563,1.263691164583725,1.2342342815677967,1.075066204017831,1.2678157938382415,2.7190268124807577,3.0171787057105273,0.06828194477160321,-0.12446764504880736,0.12501970212133218,-0.17313219110843736,False,False,0.050715319782472776,0.10143063956494555,0.05067713582511616,0.10135427165023232
760,12.666666666666666,False,False,50.15361016486021,50.0,61.698681765273605,49.872393762060604,53.8227399563628,47.76051013960909,74.0,0.15361016486021128,2.860646465216804,2.8892529298689724,2.8681027590956427,1.2400098709354976,2.7259256122677864,1.2364897176391578,1.2007061286152112,2.8892529298689724,1.0731278405876308,1.2650639988702956,1.2352377858295314,1.076019356305938,1.2691689693716501,2.7160611031623145,3.014717745555484,0.06846284075643894,-0.12468677230927327,0.1254648156865117,-0.1731918267066579,False,False,0.05067713582511616,0.10135427165023232,0.05063921752382366,0.10127843504764732
765,12.75,False,False,50.14693032407546,50.0,61.697759648912744,49.8657837004294,53.820270436862245,47.74753180723066,74.0,0.1469303240754627,2.857778492898084,2.8863562778270646,2.8653894243588995,1.2409601909372616,2.723711805527882,1.2374821779791696,1.201872648865765,2.8863562778270646,1.0740902635004383,1.2664302684965512,1.2362292413125489,1.0769677802723574,1.2705155971476858,2.7131056827518174,3.012263194010814,0.06864294828192086,-0.12490486859340755,0.12590691618374938,-0.1732505950752472,False,False,0.05063921752382366,0.10127843504764732,0.05060156465044863,0.10120312930089725
770,12.833333333333334,False,False,50.14033106558785,50.0,61.69689112184444,49.85925410704984,53.81785780966921,47.73466641730315,74.0,0.14033106558785136,2.8549198730986833,2.88346907182967,2.862684438381316,1.2418993854561204,2.7215259275274155,1.238462785941253,1.203033404314656,2.88346907182967,1.0750479914878421,1.2677899785949893,1.2372088564287425,1.077911460044311,1.2718556820473674,2.710160564881659,3.009815101793047,0.06882227773271143,-0.12512194427034506,0.12634602996337696,-0.17330850694801114,False,False,0.05060156465044863,0.10120312930089725,0.050564176852797356,0.10112835370559471
775,12.916666666666666,False,False,50.13381206555365,50.0,61.69607599026397,49.8528046557741,53.8155020957922,47.72191324564438,74.0,0.13381206555364855,2.8520706316733953,2.880591337990129,2.859987833337353,1.2428276415157287,2.7193672992324105,1.2394317453129433,1.2041883898555625,2.880591337990129,1.0760010080842028,1.2691431343171677,1.2381768347432172,1.0788503802804996,1.2731892290913487,2.707225764892538,3.0073735209618686,0.06900083923578615,-0.12533800957506291,0.1267821829717395,-0.17336557309759115,False,False,0.050564176852797356,0.10112835370559471,0.05052705366212589,0.10105410732425178
780,13.0,False,False,50.12737298289954,50.0,61.695314052772005,49.84643500248466,53.813203296755376,47.70927156292573,74.0,0.12737298289953713,2.8492307959965157,2.877723103956481,2.8572996429272033,1.243745141995162,2.717235262044662,1.2403892552055822,1.2053376008677787,2.877723103956481,1.0769492972885653,1.270489740868824,1.2391333751646472,1.0797845263915993,1.2745162436688053,2.7043012996319984,3.00493850472233,0.06917864280102659,-0.12555307447617947,0.12721540076584903,-0.1734218043244824,False,False,0.05052705366212589,0.10105410732425178,0.050490194500254736,0.10098038900050947
785,13.083333333333334,False,False,50.12101345978066,50.0,61.694605099938904,49.8401447875927,53.81096139393473,47.69674063388507,74.0,0.12101345978066291,2.8464003947645184,2.874864398712164,2.854619902177164,1.2446520657551272,2.7151291771393677,1.2413355102018677,1.206481033157352,2.874864398712164,1.0778928436483566,1.2718298036024087,1.240078672091704,1.0807138843160602,1.2758367313214387,2.701387187265443,3.0025101072394693,0.06935569816408682,-0.1257671488412917,0.1276457085273055,-0.17347721144672068,False,False,0.050490194500254736,0.10098038900050947,0.05045359868633301,0.10090719737266601
790,13.166666666666666,False,False,50.11473312206297,50.0,61.69394891395582,49.8339336337725,53.8087763499939,47.68431971839398,74.0,0.11473312206297237,2.8435794578110185,2.872015252389129,2.8519486472524562,1.2455485877592252,2.7130484248237208,1.2422707004975067,1.2076186831189535,2.872015252389129,1.0788316322487042,1.2731633280150205,1.2410129155155574,1.0816384408928728,1.2771506981242597,2.6984834470988694,3.00008838346463,0.06953201500530626,-0.12598024222608073,0.12807313107550122,-0.17353180529025947,False,False,0.05045359868633301,0.10090719737266601,0.05041726544320751,0.10083453088641502
795,13.25,False,False,50.1085315798262,50.0,61.69334526836458,49.827801148939656,53.80664810747988,47.672008070024205,74.0,0.10853157982619877,2.840768015933364,2.869175696092698,2.84928591528175,1.246434879190484,2.7109924039159066,1.2431950120372197,1.2087505476475873,2.869175696092698,1.0797656488221292,1.274490319866529,1.2419362911955887,1.0825581835043014,1.2784581503361587,2.6955900994127666,2.9976733889728893,0.06970760268857146,-0.12619236414328583,0.1284976928801913,-0.17358559667993134,False,False,0.05041726544320751,0.10083453088641502,0.050381193903515975,0.10076238780703195
800,13.333333333333334,False,False,50.10240842788337,50.0,61.69279392785908,49.82174692541158,53.804576590721155,47.65980493752762,74.0,0.10240842788336835,2.837966100730232,2.8663457617375343,2.8466317441928277,1.2473111075633738,2.7089605311439864,1.2441086266453616,1.2098766242268812,2.8663457617375343,1.0806948797118412,1.2758107851511087,1.2428489807765346,1.083473100412393,1.2797590947440716,2.6927071653065164,2.995265179810963,0.06988247051719032,-0.12640352381448827,0.12891941807342855,-0.17363859643101787,False,False,0.050381193903515975,0.10076238780703195,0.05034538311540572,0.10069076623081144
805,13.416666666666666,False,False,50.09636324631405,50.0,61.69229464815081,49.81577054087982,53.80256170499883,47.6477095639162,74.0,0.09636324631404847,2.835173744449611,2.863525481894107,2.84398617255874,1.2481774368315004,2.70695224056412,1.2450117221513797,1.2109969109290888,2.863525481894107,1.0816193119508317,1.2771247301843778,1.2437511619056296,1.0843831805588662,1.2810535384703579,2.689834666552744,2.992863812355009,0.07005662754126907,-0.1266137303702226,0.12933833046090193,-0.173690815341363,False,False,0.05034538311540572,0.10069076623081144,0.05030983204803295,0.1006196640960659
810,13.5,False,False,50.090395601007515,50.0,61.69184717589306,49.809871558385574,53.80060333758427,47.63572118718913,74.0,0.09039560100751487,2.832390979846619,2.8607148896450854,2.8413492394538764,1.2490340274911673,2.704966982997596,1.2459044725103752,1.2121114064592349,2.8607148896450854,1.082538933257217,1.2784321616066068,1.2446430083790347,1.0852884137430594,1.2823414891580696,2.6869726254610793,2.9904693431778173,0.07023008269883468,-0.12682299271617548,0.12975445353273196,-0.17374226418400607,False,False,0.05030983204803295,0.1006196640960659,0.050274539596673135,0.10054907919334627
815,13.583333333333334,False,False,50.084505044214076,50.0,61.69145124865689,49.80404952810956,53.79870135748227,47.623839039922544,74.0,0.08450504421407601,2.8296178400506156,2.8579140184511216,2.8387209843194485,1.2498810366809914,2.703004225486159,1.2467870479189382,1.2132201101109696,2.8579140184511216,1.0834537320834237,1.2797330864395937,1.2455246901857664,1.086188790445616,1.2836229548017875,2.684121064750809,2.9880818289248365,0.07040284469081781,-0.12703131966535364,0.13016781047371495,-0.17379295370031267,False,False,0.050274539596673135,0.10054907919334627,0.05023950458769972,0.10047900917539944
820,13.666666666666666,False,False,50.07869111510114,50.0,61.69110659495442,49.79830398661234,53.79685561671266,47.612062350216775,74.0,0.07869111510113669,2.8268543584410923,2.8551229020255033,2.836101446837823,1.250718618277739,2.7010634507651003,1.2476596149265042,1.214323021840146,2.8551229020255033,1.0843636975960584,1.281027512074048,1.246396373727339,1.0870843020382284,1.2848979439643669,2.6812800074319307,2.9857013261985923,0.0705749221242209,-0.1272387198019176,0.13057842417308896,-0.1738428945935726,False,False,0.05023950458769972,0.10047900917539944,0.05020472578318399,0.10040945156636798
825,13.75,False,False,50.07295334031249,50.0,61.69081293430389,49.79263445820638,53.79506594988065,47.60039034113957,74.0,0.07295334031248757,2.8241005685318736,2.8523415742171925,2.8334906668152615,1.2515469229885527,2.6991441567536096,1.2485223365424079,1.215420142235389,2.8523415742171925,1.0852688197280533,1.282315446329082,1.2472582218470507,1.0879749406118309,1.2861664656119638,2.6784494766941633,2.983327891450993,0.07074632337657483,-0.1274452016235581,0.1309863172338006,-0.17389209752302914,False,False,0.05020472578318399,0.10040945156636798,0.05017020188535476,0.10034040377070952
830,13.833333333333334,False,False,50.067291234528334,50.0,61.69056997733209,49.787040455032134,53.79333217528575,47.58882223152639,74.0,0.06729123452833363,2.821356503863162,2.8495700689017935,2.830888684072578,1.252366098439722,2.6972458560618735,1.2493753723388343,1.216511472547527,2.8495700689017935,1.086169089161689,1.2835968974424163,1.248110393947127,1.088860699115944,1.287428529260074,2.675629495803454,2.980961580883132,0.070917056712547,-0.12765077343158304,0.13139151198133847,-0.17394057309833943,False,False,0.05017020188535476,0.10034040377070952,0.05013593154076818,0.10027186308153636
835,13.916666666666666,False,False,50.0617043010246,50.0,61.69037742590984,49.781521477711365,53.79165409488397,47.577357235774116,74.0,0.061704301024597896,2.818622197901007,2.846808419880017,2.8282955383432933,1.253176289262151,2.6953680755144447,1.2502188785498383,1.2175970146895907,2.846808419880017,1.0870644973595536,1.2848718741083567,1.248953046120505,1.0897415712730611,1.2886841448944522,2.672820088005613,2.978602450352153,0.07108713020486146,-0.12785544341652955,0.13179403047213567,-0.173988331874404,False,False,0.05013593154076818,0.10027186308153636,0.05010191334431055,0.1002038266886211
840,14.0,False,False,50.05619203222956,50.0,61.69023497331689,49.77607701688936,53.79003149504808,47.565994564339704,74.0,0.056192032229560596,2.815897683943773,2.8440566607832105,2.825711269178883,1.2539776371736637,2.6935103556893734,1.2510530081666156,1.2186767711926678,2.8440566607832105,1.0879550365588235,1.286140385478942,1.2497863311947641,1.0906175515550753,1.2899333229539378,2.670021276436609,2.9762505552847616,0.07125655176126999,-0.12805921963759248,0.13219389450155106,-0.1740353843466016,False,False,0.05010191334431055,0.1002038266886211,0.05006814584295412,0.10013629168590824
845,14.083333333333334,False,False,50.05075391027674,50.0,61.690142304432214,49.770706551934964,53.7884641474115,47.55473342431458,74.0,0.05075391027673959,2.8131829950352443,2.841314824985597,2.8231359158606852,1.2547702810582868,2.691672250472639,1.2518779110291784,1.2197507452941956,2.841314824985597,1.0888406997600428,1.2874024411594343,1.250610398849267,1.091488635327963,1.2911760744813905,2.6672330840392657,2.9739059505971026,0.07142532918719491,-0.12826210996623266,0.13259112561150577,-0.1740817409463311,False,False,0.05006814584295412,0.10013629168590824,0.050034627539368604,0.10006925507873721
850,14.166666666666666,False,False,50.045389407552335,50.0,61.690099095946934,49.76540955302421,53.78695180850488,47.54357301894,74.0,0.045389407552335115,2.8104781638839804,2.83858294552282,2.820569517318184,1.2555543570426353,2.6898533266274103,1.252693733914601,1.220818940864383,2.83858294552282,1.0897214807668614,1.2886580512546157,1.2514253957323036,1.092354818650047,1.2924124109280635,2.6644555334858926,2.971568690620523,0.07159347006368044,-0.12846412221433612,0.13298574509770278,-0.1741274120369276,False,False,0.050034627539368604,0.10006925507873721,0.05000135689529641,0.10000271379059282
855,14.25,False,False,50.040097987236514,50.0,61.69010501659637,49.7601854810081,53.78549422112288,47.53251254864646,74.0,0.04009798723651414,2.807783222788587,2.8358610550164727,2.818012112053208,1.2563299985695318,2.688053163377672,1.2535006206219768,1.2218813624356426,2.8358610550164727,1.0905973741486372,1.289907226337809,1.2522314654757338,1.0932160984291133,1.293642344316708,2.661688647106619,2.9692388290330323,0.07176098188106539,-0.12866526400652933,0.1333777740165596,-0.1741724079098539,False,False,0.05000135689529641,0.10000271379059282,0.04996833233481105,0.0999366646696221
860,14.333333333333334,False,False,50.03487910383716,50.0,61.69015972740891,49.75503378817806,53.78409111427471,47.52155121085012,74.0,0.03487910383716297,2.80509820356857,2.8331491856042557,2.8154637380698255,1.2570973364689717,2.6862713520057766,1.2542987120542373,1.2229380151878742,2.8331491856042557,1.0914683752632943,1.2911499774800088,1.253028748841416,1.0940724723043465,1.2948658871293481,2.6589324468230418,2.9669164187960155,0.07192787194147399,-0.1288655428835277,0.13376723319175987,-0.1742167387812139,False,False,0.04996833233481105,0.0999366646696221,0.04993555224736122,0.09987110449472245
865,14.416666666666666,False,False,50.0297322037155,50.0,61.69026288196885,49.749953918686856,53.78274220407112,47.510688200575245,74.0,0.029732203715497008,2.802423137500469,2.8304473688754737,2.8129244328095284,1.2578564990265522,2.6845074954634836,1.255088146296961,1.2239889049484647,2.8304473688754737,1.0923344802378014,1.2923863162364932,1.2538173837944215,1.0949239387099674,1.2960830523766438,2.656186954086947,2.9646015120960136,0.0720941474281791,-0.12906496623849728,0.13415414322053998,-0.1742604147885265,False,False,0.04993555224736122,0.09987110449472245,0.049903014990695146,0.09980602998139029
870,14.5,False,False,50.02465672560258,50.0,61.69041412669091,49.74494530893762,53.781447194001366,47.4999227105424,74.0,0.024656725602582696,2.799758055258969,2.8277556358115588,2.8103942330914804,1.2586076120494707,2.6827612079960534,1.2558690586943064,1.2250340381922888,2.8277556358115588,1.0931956859739078,1.2936162546585648,1.2545975055323197,1.0957704968340098,1.2972938535622573,2.6534521898237866,2.962294160291211,0.0722598153699685,-0.129263541358279,0.1345385244796522,-0.17430344598777214,False,False,0.049903014990695146,0.09980602998139029,0.04987071889361275,0.0997414377872255
875,14.583333333333334,False,False,50.01965210110619,50.0,61.69061310110461,49.74000738856346,53.78020577550682,47.48925393152032,74.0,0.01965210110618898,2.7971029868627166,2.8250740167313437,2.807873175057499,1.2593507989301995,2.6810321147789864,1.256641581922194,1.2260734220122778,2.8250740167313437,1.094051990139578,1.2948398052908416,1.2553692465876793,1.0966121465924197,1.2984983046624259,2.6507281743806597,2.959994413862408,0.07242488265014813,-0.12946127541985808,0.13492039713106418,-0.17434584235068407,False,False,0.04987071889361275,0.0997414377872255,0.049838662258587726,0.09967732451717545
880,14.666666666666666,False,False,50.01471775520731,50.0,61.69085943814623,49.73513958013687,53.77901762865389,47.47868105276691,74.0,0.014717755207307448,2.7944579616245795,2.8224025412408253,2.805361294121534,1.260086180707929,2.679319851566994,1.257405846058851,1.2271070641488495,2.8224025412408253,1.0949033911548147,1.2960569811628304,1.2561327369159245,1.0974488886850589,1.2996964201873131,2.648014927478558,2.957702322368217,0.07258935603846361,-0.12965817546379066,0.1352997811273915,-0.17438761376226752,False,False,0.049838662258587726,0.09967732451717545,0.049806843364243264,0.09961368672848653
885,14.75,False,False,50.009853106746085,50.0,61.691152764456774,49.73034130102351,53.77788242228312,47.468203262012636,74.0,0.009853106746085416,2.791823008106094,2.819741238187155,2.8028586249233873,1.2608138761278802,2.677624064354815,1.2581619786528324,1.2281349729163322,2.819741238187155,1.0957498881991963,1.2972677958020689,1.256888103924621,1.0982807244458184,1.3008882150363583,2.645312468168601,2.955417934404228,0.0727532421200261,-0.12985424847051386,0.135676696217073,-0.17442877001855406,False,False,0.049806843364243264,0.09961368672848653,0.04977526046773183,0.09955052093546365
890,14.833333333333334,False,False,50.00505756889638,50.0,61.69149270068441,49.72561196148911,53.77679981522778,47.4578197463857,74.0,0.005057568896383202,2.789198154075871,2.81709013561663,2.8003652012864144,1.261534001698572,2.6759444090494875,1.2589101047886315,1.2291571573059719,2.81709013561663,1.0965914811714792,1.2984722631992145,1.2576354725906187,1.0991076560837392,1.3020737047445137,2.6426208147920836,2.953141297565952,0.07291654743854181,-0.1300495012222327,0.1360511619493221,-0.17446932082454625,False,False,0.04977526046773183,0.09955052093546365,0.04974391180694153,0.09948782361388306
895,14.916666666666666,False,False,50.000330549628856,50.0,61.69187886178971,49.720950968052385,53.775769455505284,47.44752969155895,74.0,0.00033054962885614714,2.7865834264717346,2.814449260736452,2.7978810561790177,1.2622466717471301,2.6742805511536982,1.2596503471499767,1.2301736268387777,2.814449260736452,1.0974281707368407,1.2996703978606576,1.2583749654746954,1.0999296863130335,1.3032529051172776,2.6399399849440774,2.950872458415287,0.07307927827849992,-0.13024394052574428,0.13642319767883482,-0.17450927579237474,False,False,0.04974391180694153,0.09948782361388306,0.049712795602618334,0.09942559120523667
900,15.0,False,False,49.99567145216245,50.0,61.69231085735271,49.71635772154548,53.774790982485136,47.43733228351312,74.0,-0.004328547837552321,2.7839788513663746,2.8118186398800384,2.7954062216796824,1.262951998472722,2.67263216545985,1.2603828260809102,1.2311843916685303,2.8118186398800384,1.098259958242809,1.3008622147297035,1.2591067027801275,1.1007468187214975,1.304425832603998,2.637269995440409,2.94861146245034,0.07324144093546758,-0.13043757294703284,0.13679282257030145,-0.17454864443962936,False,False,0.049712795602618334,0.09942559120523667,0.04968191006040086,0.09936382012080172
905,15.083333333333334,False,False,49.99107967540368,50.0,61.69278829188031,49.711831619490354,53.77386402581252,47.42722670745341,74.0,-0.008920324596317641,2.781384453936329,2.8091982984756925,2.7929407289453745,1.2636500919981912,2.6709989357544908,1.261107659644752,1.2321894624787728,2.8091982984756925,1.0990868457762557,1.3020477292486952,1.2598308024551899,1.1015590573951677,1.3055925039273248,2.6346108622878237,2.9463583540783964,0.07340304144855203,-0.13063040508360513,0.13716005560270395,-0.17458743618786876,False,False,0.04968191006040086,0.09936382012080172,0.04965125337269596,0.09930250674539191
910,15.166666666666666,False,False,49.9865546143738,50.0,61.69331076511306,49.707372054737895,53.772988207343204,47.417212149372055,74.0,-0.013445385626198458,2.778800258434088,2.8065882610184287,2.7904846081831103,1.2643410604199727,2.6693805545327667,1.2618249636810268,1.2331888505563893,2.8065882610184287,1.0999088360875993,1.3032269572882438,1.2605473802224425,1.1023664072446588,1.3067529364142336,2.6319626006571313,2.94411317659185,0.07356408585784435,-0.13082244331173043,0.13752491557342106,-0.17462566036129745,False,False,0.04965125337269596,0.09930250674539191,0.049620823720481225,0.09924164744096245
915,15.25,False,False,49.98209566062374,50.0,61.6938778723306,49.7029784165654,53.77216314020351,47.407287795089566,74.0,-0.01790433937625835,2.7762262881631528,2.8039885510447844,2.7880378886244905,1.2650250098563482,2.66777672272255,1.2625348518604518,1.2341825677474572,2.8039885510447844,1.1007259326400651,1.3043999152013985,1.261256549651944,1.1031688737449445,1.3079071477403867,2.6293252248591967,2.941875972146945,0.07372457999292958,-0.13101369400251262,0.1378874211021608,-0.17466332618558766,False,False,0.049620823720481225,0.09924164744096245,0.04959061927502793,0.09918123855005587
920,15.333333333333334,False,False,49.97770220263665,50.0,61.6944892046544,49.6986500920634,53.77138843004343,47.397452831222985,74.0,-0.02229779736335047,2.773662565455872,2.801399191110431,2.7856005985030707,1.26570204449413,2.6661871494179303,1.2632374357380536,1.2351706263983853,2.801399191110431,1.101538139562059,1.3055666197808258,1.2619584221758942,1.1039664629913482,1.3090551559906138,2.6266987483235624,2.9396467817451324,0.07388452959222858,-0.1312041634070371,0.13824759063470138,-0.17470044278686858,False,False,0.04959061927502793,0.09918123855005587,0.04956063819950101,0.09912127639900202
925,15.416666666666666,False,False,49.97337362621811,50.0,61.695144349347615,49.694386465339285,53.770663675598676,47.38770644554982,74.0,-0.02662637378188748,2.771109111653895,2.798820202770434,2.7831727650343474,1.2663722666338137,2.6646115516217526,1.2639328248045008,1.2361530394000602,2.798820202770434,1.1023454616289898,1.3067270882453375,1.2626531071618503,1.1047591817316302,1.310196979695383,2.6240831835796126,2.937425645216922,0.0740439402953228,-0.13139385766842993,0.13860544244648798,-0.1747370191908213,False,False,0.04956063819950101,0.09912127639900202,0.049530878650500265,0.09906175730100053
930,15.5,False,False,49.969109314873975,50.0,61.69584289011091,49.690186917633945,53.76998846876385,47.37804782694493,74.0,-0.030890685126024664,2.768565947091092,2.7962516065620027,2.780754414398267,1.2670357767332838,2.663049653996894,1.2646211265357248,1.2371298201878471,2.7962516065620027,1.10314790426582,1.3078813382470327,1.2633407120005815,1.1055470373439553,1.3113326378130596,2.6214785422400673,2.935212601208058,0.07420281762521252,-0.1315827828438918,0.13896099464605527,-0.1747730643219354,False,False,0.049530878650500265,0.09906175730100053,0.04950133877950113,0.09900267755900226
935,15.583333333333334,False,False,49.96490865017576,50.0,61.69658440737393,49.68605082927625,53.76936239487182,47.368476165500944,74.0,-0.035091349824242,2.766033091078793,2.7936934219895813,2.7783455717240626,1.267692673450117,2.6615011886259814,1.2653024464408977,1.2381009826532956,2.7936934219895813,1.103945473539873,1.3090293878686063,1.2640213420767852,1.1063300377101883,1.3124621496074025,2.6188848349867118,2.933007687167895,0.07436116695410688,-0.13177094494310726,0.1393142651783137,-0.1748085870028695,False,False,0.04950133877950113,0.09900267755900226,0.04947201673421281,0.09894403346842562
940,15.666666666666666,False,False,49.96077101211394,50.0,61.6973684785819,49.681977578532226,53.76878503384831,47.358990653417905,74.0,-0.03922898788606233,2.763510561893208,2.79114566751214,2.775946261077303,1.2683430536825466,2.659965894779266,1.265976888108837,1.2390665412030013,2.79114566751214,1.104738176114568,1.3101712555814855,1.264695100871586,1.1071081913763885,1.3135855348121628,2.6163020715582133,2.9308109393398234,0.07451899360916148,-0.1319583498266128,0.1396652718276834,-0.17484359595392673,False,False,0.04947201673421281,0.09894403346842562,0.04944291065988829,0.09888582131977658
945,15.75,False,False,49.95669577943895,50.0,61.6981946784766,49.67796654229502,53.768255959818994,47.349590484537856,74.0,-0.04330422056104766,2.7609983767649005,2.7886083605325496,2.7735565054490183,1.268987012609141,2.65844351869038,1.2666445532528994,1.2400265107291761,2.7886083605325496,1.1055260192704384,1.3113069602711513,1.2653620900211082,1.107881507411484,1.3147028134937786,2.6137302607399047,2.928622392753661,0.07467630276460246,-0.13214500331769208,0.14001403222111142,-0.1748780997926449,False,False,0.04944291065988829,0.09888582131977658,0.04941401870053086,0.09882803740106172
950,15.833333333333334,False,False,49.952682329990296,50.0,61.699062579371706,49.674017097069736,53.76777474186893,47.34027485489245,74.0,-0.047317670009704216,2.7584965518701883,2.78608151738889,2.771176326746783,1.2696246437272471,2.6569338133396925,1.2673055417544268,1.2409809065655009,2.78608151738889,1.1063090108749862,1.3124365212112017,1.2660224092725458,1.108649995417681,1.3158140060657144,2.611169410355402,2.9264420812198257,0.07483309950021355,-0.13233091114781992,0.14036056383093554,-0.17491210703348825,False,False,0.04941401870053086,0.09882803740106172,0.04938533900006713,0.09877067800013425
955,15.916666666666666,False,False,49.94873004101333,50.0,61.69997175142191,49.67012861840232,53.76734094453815,47.33104296302035,74.0,-0.05126995898667275,2.756005102324358,2.7835651533476016,2.768805745787614,1.2702560388902504,2.6554365382450245,1.2679599517048108,1.2419297445165558,2.7835651533476016,1.1070871593635498,1.3135599580483464,1.2666761566452351,1.1094136655666254,1.3169191333284693,2.6086195272599775,2.924270037325258,0.07498938881191353,-0.13251607894993045,0.14070488397765635,-0.1749456260876241,False,False,0.04938533900006713,0.09877067800013425,0.04935686970338398,0.09871373940676796
960,16.0,False,False,49.94483828946485,50.0,61.70092176288564,49.66630048184009,53.766954127870186,47.321894009895644,74.0,-0.05516171053515251,2.753524042176575,2.781059282598341,2.7664447822926177,1.2708812883436937,2.653951459259451,1.268607879446213,1.2428730408136746,2.781059282598341,1.1078604737392823,1.3146772908064026,1.2673234283720831,1.1101725285074278,1.318018216381363,2.6060806173355364,2.922106292430914,0.0751451755676884,-0.1327005123062468,0.1410470098325729,-0.1749786652628047,False,False,0.04935686970338398,0.09871373940676796,0.04932860895742665,0.0986572179148533
965,16.083333333333332,False,False,49.94100645230669,50.0,61.70191218038101,49.662532062647244,53.76661384811112,47.31282719942749,74.0,-0.05899354769331211,2.751053384406396,2.77856391825046,2.764093454883225,1.271500480760306,2.6524783483759573,1.2692494196110138,1.2438108121296592,2.77856391825046,1.1086289635440532,1.3157885398611529,1.2679643189727814,1.1109265954394245,1.3191112766989805,2.60355268548714,2.919950876670776,0.07530046456932138,-0.13288421669023465,0.14138695842031623,-0.17501123276331976,False,False,0.04932860895742665,0.0986572179148533,0.04930055491211219,0.09860110982422438
970,16.166666666666668,False,False,49.93723390678787,50.0,61.702942569134876,49.65882273674349,53.76631965768438,47.303841738327705,74.0,-0.062766093212133,2.748593140921769,2.7760790723309867,2.7617517810789582,1.272113703273984,2.651016983538706,1.26988466516004,1.244743075534634,2.7760790723309867,1.1093926388607045,1.3168937259464517,1.2685989213416633,1.1116758779991875,1.3201983360217797,2.6010357356409513,2.9178038189522706,0.07545526048714568,-0.1330671975354465,0.14172474662128387,-0.17504333669003547,False,False,0.04930055491211219,0.09860110982422438,0.049272705721235224,0.09854541144247045
975,16.25,False,False,49.933520030715876,50.0,61.70401249322507,49.65517188070765,53.76607110597915,47.29493683669285,74.0,-0.06647996928412425,2.7461433225584417,2.773604755784026,2.759419777296611,1.2727210415127577,2.649567148460693,1.2705137074195998,1.2456698484960453,2.773604755784026,1.1101515102791006,1.3179928701240462,1.2692273267037764,1.1124203883228825,1.3212794164219799,2.5985297707435198,2.915665146957992,0.07560956792593454,-0.13324946017316286,0.14206039117396596,-0.17507498504050645,False,False,0.049272705721235224,0.09854541144247045,0.049245059543370974,0.09849011908674195
980,16.333333333333332,False,False,49.92986420271662,50.0,61.705121515815215,49.6515788717726,53.76586773943575,47.28611170797186,74.0,-0.0701357972833776,2.743703939080677,2.7711409784714838,2.757097458850756,1.2733225796307939,2.6481286324475626,1.2711366361173995,1.2465911488786605,2.7711409784714838,1.1109055888926638,1.3190859937838135,1.269849624702738,1.1131601390074037,1.3223545402681358,2.5960347927623317,2.913534887148677,0.0757633913894753,-0.13343100987125678,0.14239390867719326,-0.17510618570915204,False,False,0.049245059543370974,0.09849011908674195,0.04921761454263492,0.09843522908526985
985,16.416666666666668,False,False,49.92626580248372,50.0,61.70626919938233,49.64804308811987,53.76570910184179,47.27736556912107,74.0,-0.07373419751628063,2.741274999183196,2.768687749175028,2.754784839955504,1.273918400339468,2.6467012302273765,1.27175353941737,1.247506994929854,2.768687749175028,1.1116548862852533,1.3201731186342411,1.2704659033860937,1.113895143107376,1.3234237302255196,2.5935508026875187,2.9114130647672978,0.07591673529566556,-0.13361185182247803,0.14272531559226964,-0.17513694648750944,False,False,0.04921761454263492,0.09843522908526985,0.04919036888945631,0.09838073777891262
990,16.5,False,False,49.922724211017155,50.0,61.70745510593719,49.64456390947391,53.76559473457947,47.26869764071745,74.0,-0.07727578898284548,2.7388565104942706,2.766245075599213,2.7524819337274082,1.2745085849375366,2.645284741786118,1.2723645039534495,1.2484174052501749,2.766245075599213,1.112399414519827,1.321254266694629,1.2710762493371022,1.1146254140888179,1.3244870092130816,2.591077800534685,2.909299703844272,0.07606960396290674,-0.13379199116135698,0.14305462824505888,-0.17516727506452812,False,False,0.04919036888945631,0.09838073777891262,0.04916332076128064,0.09832664152256128
995,16.583333333333332,False,False,49.919238810851695,50.0,61.70867879723726,49.64114071768819,53.7655241771419,47.26010714730967,74.0,-0.08076118914830488,2.736448479579881,2.76381296437568,2.7501887521894783,1.2750932133404527,2.643878972208748,1.2729696148623628,1.249322398763916,2.76381296437568,1.1131391861149138,1.322329460275018,1.2716807475722363,1.1153509658079068,1.3255444003854433,2.5886157853487317,2.9071948272036265,0.07622200162152737,-0.1339714329560091,0.14338186282794663,-0.1751971790269482,False,False,0.04916332076128064,0.09832664152256128,0.04913646834324412,0.09827293668648825
1000,16.666666666666668,False,False,49.91580898627513,50.0,61.709939834992426,49.63777289517029,53.76549696757435,47.251593317704845,74.0,-0.08419101372486892,2.734050911948873,2.761391421068362,2.747905306276179,1.2756723641088494,2.6424837315256,1.2735689558154428,1.2502219947926916,2.761391421068362,1.113874214024047,1.3233987219590064,1.2722794817022534,1.1160718126339562,1.3265959272590389,2.586164755208662,2.9050984564701268,0.07637393246634727,-0.13415018215873542,0.14370703540176466,-0.17522666585970015,False,False,0.04913646834324412,0.09827293668648825,0.04910980982878834,0.09821961965757668
1005,16.75,False,False,49.912434123536634,50.0,61.711237781063,49.63445982730114,53.765512641876334,47.243155384347745,74.0,-0.08756587646336556,2.73166381205905,2.7589804501796404,2.745631605839394,1.2762461144762327,2.6410988345639392,1.274162609049518,1.2511162129377136,2.7589804501796404,1.114604511660672,1.3244620746319693,1.272872533873624,1.1167879691944913,1.3276416134602764,2.583724707233256,2.90301061207726,0.07652540052256285,-0.13432824374322228,0.14403016189761964,-0.17525574294638435,False,False,0.04910980982878834,0.09821961965757668,0.04908334342023938,0.09816668684047876
1010,16.833333333333332,False,False,49.90911361104551,50.0,61.71257219765085,49.631200901155175,53.76557073543491,47.234792584479294,74.0,-0.09088638895448753,2.7292871833241183,2.7565800551573596,2.743367659655258,1.2768145403759001,2.639724100804508,1.274750655396921,1.2520050731386527,2.7565800551573596,1.1153300928332994,1.3255195414194458,1.2734599848271047,1.1174994506106504,1.3286814829639684,2.581295637587586,2.9009313132760197,0.07667640982531565,-0.13450562252800236,0.14435125811866012,-0.17528441756977342,False,False,0.04908334342023938,0.09816668684047876,0.0490570673293534,0.0981141346587068
1015,16.916666666666668,False,False,49.905846839560695,50.0,61.71394264748294,49.6279955069832,53.76567078233041,47.22650415943504,74.0,-0.09415316043930488,2.726921028121446,2.7541902384026606,2.7411134754318027,1.2773777164671283,2.6383593542428696,1.2753331743146274,1.2528885956000615,2.7541902384026606,1.1160509717741052,1.3265711457189118,1.2740419139563075,1.1182062722454245,1.3297155598445305,2.5788775414902863,2.8988605781444385,0.076826964244469,-0.13468232335463703,0.1446703397417779,-0.1753126969123744,False,False,0.0490570673293534,0.0981141346587068,0.049030979777839406,0.09806195955567881
1020,17.0,False,False,49.90263320237083,50.0,61.715348693987835,49.62484303661516,53.765812316563654,47.21828935562618,74.0,-0.09736679762917078,2.724565347800562,2.7518110012785675,2.7388690598173624,1.2779357161606462,2.6370044232553953,1.2759102439125838,1.2537668008649507,2.7518110012785675,1.116767163082612,1.3276169111465637,1.2746183992784155,1.118908449960003,1.330743868535221,2.5764704132215503,2.8967984235978164,0.07697706767027035,-0.1348583509049477,0.14498742231924888,-0.17534058805701713,False,False,0.049030979777839406,0.09806195955567881,0.049005078997795465,0.09801015799559093
1025,17.083333333333332,False,False,49.89947209546568,50.0,61.71678990146488,49.62174288493256,53.76599487107085,47.21014742358739,74.0,-0.10052790453431726,2.7222201426923425,2.749442344119266,2.7366344184096834,1.2784886116434264,2.6356591404697225,1.2764819409812402,1.2546397097412136,2.749442344119266,1.1174786817666498,1.3286568615813055,1.275189517507397,1.1196059998500183,1.3317664335672235,2.5740742461317745,2.894744865399572,0.07712672382600982,-0.13503370989119534,0.14530252128030607,-0.17536809798749164,False,False,0.049005078997795465,0.09801015799559093,0.04897936323217396,0.09795872646434792
1030,17.166666666666668,False,False,49.896362917698994,50.0,61.718265835246704,49.61869445010558,53.76621797891859,47.20207761893273,74.0,-0.10363708230100599,2.7198854121188405,2.7470842662400288,2.7344095557656733,1.2790364739028135,2.6343233426395316,1.2770483410183158,1.2555073432869086,2.7470842662400288,1.118185543186994,1.329691021112363,1.275755344068648,1.120298938372917,1.3327832796997852,2.5716890326508164,2.8926999181727022,0.07727593641287656,-0.13520840491399166,0.14561565193267345,-0.17539523358921238,False,False,0.04897936323217396,0.09795872646434792,0.048953830735201216,0.09790766147040243
1035,17.25,False,False,49.89330507094254,50.0,61.719776061854304,49.61569713290487,53.766481173225024,47.19407920219949,74.0,-0.10669492905746125,2.717561154403698,2.744736765947735,2.7321944754117595,1.2795793727500242,2.6329968705234927,1.2776095182548377,1.2563697228396906,2.744736765947735,1.1188877630579477,1.3307194140427634,1.2763159531136354,1.1209872823174625,1.3337944318924406,2.569314764297822,2.890663595411759,0.07742470905275001,-0.13538244052222814,0.1459268294640239,-0.17542200164991328,False,False,0.048953830735201216,0.09790766147040243,0.048928479772701365,0.09785695954540273
1040,17.333333333333332,False,False,49.89029796023249,50.0,61.72132014914576,49.61275033754514,53.76678398723099,47.18615143882422,74.0,-0.10970203976751236,2.715247366883101,2.742399840551932,2.7299891798547904,1.2801173768430287,2.631679568768223,1.2781655456804681,1.2572268699726648,2.742399840551932,1.1195853574411407,1.331742064885984,1.2768714175784681,1.121671048751138,1.3347999152550605,2.566951431691546,2.8886359094953393,0.07757304528239573,-0.13555582122152665,0.14623606894340746,-0.17544840886038582,False,False,0.048928479772701365,0.09785695954540273,0.048903308622504645,0.09780661724500929
1045,17.416666666666668,False,False,49.887340993907564,50.0,61.722897666457946,49.609853471603465,53.76712595473931,47.178293599442746,74.0,-0.11265900609243573,2.712944045917229,2.740073486376401,2.7277936705934427,1.280650553708847,2.6303712857951296,1.2787164950681587,1.2580788064943864,2.740073486376401,1.1202783427228913,1.332758998346089,1.2774218091253262,1.1223502550483624,1.335799755078675,2.5645990245611814,2.886616871699018,0.07772094858428868,-0.13572855144602403,0.1465433853226168,-0.17547446181521975,False,False,0.048903308622504645,0.09780661724500929,0.04887831557472935,0.0977566311494587
1050,17.5,False,False,49.88443358373967,50.0,61.724508184741865,49.60700594593445,53.767506610176895,47.17050495986153,74.0,-0.11556641626032871,2.710651186902165,2.737757698771187,2.7256079481301,1.2811789697652725,2.6290718736909913,1.2792624369981382,1.2589255544488607,2.737757698771187,1.1209667356080668,1.3337702393143138,1.2779671983035314,1.1230249188720687,1.3367939768195862,2.5622575317575933,2.8846064922087007,0.07786842237072555,-0.135900635576792,0.14684879343751378,-0.1755001670135936,False,False,0.04887831557472935,0.0977566311494587,0.048853498932095306,0.09770699786419061
1055,17.583333333333332,False,False,49.88157514505697,50.0,61.726151276691446,49.60420717488937,53.76792548872247,47.16278480108819,74.0,-0.11842485494302935,2.7083687842822135,2.7354524721250355,2.7234320119831468,1.2817026903420488,2.6277811881021464,1.279803440881282,1.2597671361008271,2.7354524721250355,1.121650553110882,1.3347758128625236,1.278507654417763,1.1236950581595986,1.3377826060877593,2.55992694126496,2.8826047801343435,0.0780154699869322,-0.13607207794122855,0.147152308009308,-0.17552553086007538,False,False,0.048853498932095306,0.09770699786419061,0.04882885701017852,0.09765771402035704
1060,17.666666666666668,False,False,49.87876509685986,50.0,61.72782651686603,49.601456576838565,53.768382126494394,47.155132409415984,74.0,-0.12123490314014163,2.7060968315625966,2.7331577998782226,2.721265860699652,1.2822217797015183,2.626499088132171,1.2803395749818633,1.2606035739063282,2.7331577998782226,1.122329812542917,1.3357757442338407,1.2790432456891268,1.1243606910834871,1.3387656686100295,2.557607240212781,2.880611743524025,0.07816209470370139,-0.13624288282284103,0.14745394364580244,-0.17555055966544142,False,False,0.04882885701017852,0.09765771402035704,0.04880438813767017,0.09760877627534034
1065,17.75,False,False,49.876002861929976,50.0,61.72953348180682,49.59875357438425,53.768876060949985,47.147547076694245,74.0,-0.123997138070024,2.7038353213224955,2.7308736745357205,2.7191094918684033,1.282736301058757,2.6252254362429053,1.2808709064397215,1.2614348904979944,2.7308736745357205,1.1230045314916643,1.336770058823738,1.2795740391819437,1.1250218360494495,1.339743190230487,2.5552984148881945,2.8786273893783023,0.07830829973249265,-0.1364130544485449,0.14775371484258182,-0.17557525964752596,False,False,0.04880438813767017,0.09760877627534034,0.04878009065660149,0.09756018131320297
1070,17.833333333333332,False,False,49.873287866932365,50.0,61.73127175014727,49.596097592732264,53.769406831080666,47.1400281004221,74.0,-0.12671213306763462,2.701584245228397,2.728600087680681,2.7169629021332486,1.2832463166012154,2.623960098158732,1.2813975012918677,1.262261108758621,2.728600087680681,1.1236747278079566,1.3377587821699612,1.280100100862319,1.1256785118089305,1.3407151970253415,2.553000450748604,2.8766517236648728,0.0784540882667204,-0.13658259694969055,0.1480516359841917,-0.17559963693207692,False,False,0.04878009065660149,0.09756018131320297,0.048755962922530274,0.09751192584506055
1075,17.916666666666668,False,False,49.87061954251124,50.0,61.73304090271755,49.59348806204643,53.76997397671392,47.132574783063454,74.0,-0.12938045748875737,2.6993435940477166,2.7263370299881937,2.7148260872067382,1.2837518875078866,2.6227029427739774,1.2819194244935388,1.263082251703445,2.7263370299881937,1.124340419632775,1.3387419399817841,1.2806214956274289,1.12633073721085,1.3416817150569627,2.550713332434564,2.874684751333442,0.07859946335351764,-0.13675151449259504,0.1483477213452482,-0.17562369755362983,False,False,0.048755962922530274,0.09751192584506055,0.04873200330474153,0.09746400660948305
1080,18.0,False,False,49.86799732337949,50.0,61.73484052264354,49.590924416735184,53.770577039843005,47.12518643313433,74.0,-0.1320026766205089,2.697113357662665,2.724084491239292,2.7126990418840027,1.2842530739680105,2.6214538420633238,1.2824367399387278,1.263898342509574,2.724084491239292,1.1250016253343564,1.339719558079498,1.281138287290878,1.1269785313884593,1.3426427705629587,2.5484370437828856,2.872726476330834,0.07874442805338466,-0.13691981112111473,0.14864198509154214,-0.17564744745640626,False,False,0.04873200330474153,0.09746400660948305,0.04870821018641296,0.09741642037282593
1085,18.083333333333332,False,False,49.86542064840182,50.0,61.73667019543999,49.588406095043474,53.77121556415977,47.117862364722136,74.0,-0.1345793515981768,2.6948935250843387,2.721842460335182,2.7105817600568596,1.2847499351993343,2.6202126709951457,1.28294951048021,1.2647094045307041,2.721842460335182,1.1256583635245985,1.3406916624131575,1.281650538655913,1.1276219136722485,1.3435983898712762,2.546171567839976,2.870776901616279,0.0788889853405721,-0.13708749085845562,0.14893444128109712,-0.17567089249520595,False,False,0.04870821018641296,0.09741642037282593,0.04868458196472493,0.09736916392944986
1090,18.166666666666668,False,False,49.862888960672514,50.0,61.73852950909859,49.58593253925633,53.7718890952409,47.11060189757702,74.0,-0.13711103932748614,2.6926840844669933,2.719610925311663,2.7084742347281274,1.285242529465943,2.6189793074476397,1.2834577979490693,1.2655154612824027,2.719610925311663,1.126310653046526,1.3416582790523368,1.2821583115007797,1.1282609036157898,1.3445485994281772,2.5439168868753375,2.8688360291768604,0.0790331381457745,-0.13725455766661288,0.14922510386519727,-0.1756940384363257,False,False,0.04868458196472493,0.09736916392944986,0.0486611170510478,0.0973222341020956
1095,18.25,False,False,49.860401707587094,50.0,61.74041805417057,49.583503196206614,53.77259718052126,47.103404357018874,74.0,-0.13959829241290578,2.690485023122489,2.717389873353714,2.706376458026099,1.285730914095675,2.617753632127677,1.283961663173759,1.266316536412678,2.717389873353714,1.1269585129710935,1.3426194341851667,1.2826616665640813,1.1288955209337241,1.3454934257383182,2.5416729823952293,2.8669038600431063,0.07917688932564015,-0.1374210154789539,0.1495139866893922,-0.17571689095848475,False,False,0.0486611170510478,0.0973222341020956,0.048637813871001426,0.09727562774200285
1100,18.333333333333332,False,False,49.85795834090878,50.0,61.742335423844494,49.58111751778093,53.773339369714435,47.09626907423556,74.0,-0.14204165909121969,2.6882963275348724,2.7151792908102212,2.704288421219168,1.2862151454971322,2.6165355284922556,1.2844611659987015,1.2671126536725479,2.7151792908102212,1.1276019625741505,1.343575154097495,1.2831606636472772,1.1295257854905245,1.3464328953555642,2.539439835156468,2.8649803943046863,0.07932024168301632,-0.13758686818202337,0.14980110349446507,-0.17573945565375304,False,False,0.048637813871001426,0.09727562774200285,0.04861467086457597,0.09722934172915194
1105,18.416666666666668,False,False,49.855558316829594,50.0,61.74428121401888,49.57877495897688,53.774115215096586,47.08919538646319,74.0,-0.14444168317040607,2.686117983375081,2.7129791632088316,2.702210114730577,1.2866952791763058,2.6153248826724864,1.2849563653024467,1.2679038370043327,2.7129791632088316,1.128241021319374,1.3445254651579635,1.2836553615707544,1.1301517174413056,1.3473670350257991,2.537217425180339,2.8630656311262195,0.0794631980214664,-0.13775211956302713,0.1500864679173879,-0.1757617380284926,False,False,0.04861467086457597,0.09722934172915194,0.048591686486205425,0.09718337297241085
1110,18.5,False,False,49.85320109602648,50.0,61.7462550233703,49.5764749802434,53.77492427064892,47.08218263617214,74.0,-0.1467989039735187,2.6839499755157425,2.7107894752709,2.7001415281532792,1.2871713697528202,2.614121583400015,1.2854473190154003,1.2686901104239314,2.7107894752709,1.1288757088916748,1.3454703938535029,1.284145818188472,1.1307733369675073,1.3482958714245736,2.5350057317665944,2.8611595687631364,0.0796057610006422,-0.13791677345642417,0.1503700934922363,-0.1757837435043057,False,False,0.048591686486205425,0.09718337297241085,0.048568859204842225,0.09713771840968445
1115,18.583333333333332,False,False,49.850886143712515,50.0,61.7482564534167,49.57421704675973,53.77576609338287,47.075230172157944,74.0,-0.1491138562874852,2.6817922880460543,2.7086102109265147,2.6980826502648654,1.2876434709758164,2.6129255219357734,1.2859340841371425,1.2694714980502522,2.7086102109265147,1.1295060451339707,1.3464099667281777,1.284632090475816,1.1313906644732865,1.3492194313554127,2.532804733507533,2.8592622045776035,0.0797479333051605,-0.13808083357696566,0.15065199365108883,-0.17580547741898167,False,False,0.048568859204842225,0.09713771840968445,0.048546187504004266,0.09709237500800853
1120,18.666666666666668,False,False,49.84861292968348,50.0,61.750285108576385,49.57200062771488,53.77664024280086,47.068337349007464,74.0,-0.15138707031651677,2.6796449042867203,2.7064413533295877,2.6960334690425682,1.2881116357394806,2.6117365920010207,1.2864167167533413,1.2702480241346439,2.7064413533295877,1.130132050066414,1.3473442104044062,1.2851142344271012,1.1320037205158335,1.3501377416820133,2.530614408302132,2.8573735350544993,0.0798897175473694,-0.13824430361881035,0.15093218172491163,-0.17582694502745566,False,False,0.048546187504004266,0.09709237500800853,0.0485236698818257,0.0970473397636514
1125,18.75,False,False,49.84638092835993,50.0,61.75234059622277,49.569825197115584,53.77754628091745,47.061503527054825,74.0,-0.1536190716400725,2.6775078068049285,2.7042828848729776,2.6939939716783154,1.28857591609823,2.6105546897105496,1.2868952720522846,1.271019713016749,2.7042828848729776,1.1307537438808128,1.3482731515793553,1.285592305201999,1.1326125257760722,1.3510508293007824,2.528434733370208,2.8554935558173744,0.08003111628403325,-0.1384071872406769,0.15121067094439677,-0.17584815150276967,False,False,0.0485236698818257,0.0970473397636514,0.04850130485107899,0.09700260970215797
1130,18.833333333333332,False,False,49.844189618824856,50.0,61.754422526734814,49.567690233676196,53.7784837725176,47.05472807254534,74.0,-0.15581038117514368,2.675380977429352,2.702134787203646,2.691964144593791,1.2890363632815667,2.6093797135080226,1.2873698043410347,1.2717865891245037,2.702134787203646,1.1313711469245142,1.3491968170107513,1.2860663570230373,1.1332171010740693,1.3519587211580448,2.526265685266617,2.8536222616444613,0.08017213203354112,-0.13856948805043445,0.15148747444081545,-0.17586910193702865,False,False,0.04850130485107899,0.09700260970215797,0.048479090939193274,0.09695818187838655
1135,18.916666666666668,False,False,49.8420384848573,50.0,61.75653051354355,49.565595221319306,53.77945228520124,47.0480103576143,74.0,-0.15796151514270207,2.673264397265165,2.6999970412378165,2.6899439734555393,1.2894930277086143,2.6082115641033257,1.287840367061222,1.2725486769447072,2.6999970412378165,1.1319842796937338,1.35011523351209,1.2865364433073865,1.1338174673133188,1.35286144419609,2.524107239895449,2.8517596464846324,0.08031276725138281,-0.1387312096313884,0.15176260524681595,-0.1758898013423673,False,False,0.048479090939193274,0.09695818187838655,0.04845702668826001,0.09691405337652002
1140,19.0,False,False,49.83992701496206,50.0,61.75866417317496,49.563539647843456,53.78045138973331,47.04134976053302,74.0,-0.16007298503794232,2.6711580467090403,2.697869627176131,2.687933443190041,1.2899459590023348,2.607050144411898,1.2883070128044831,1.2733060010818826,2.697869627176131,1.1325931628133343,1.351028427934258,1.2870026165790023,1.1344136456021339,1.3537590254762861,2.521959372524216,2.849905703473363,0.0804530243944035,-0.13889235547974876,0.15203607629723193,-0.17591025465191468,False,False,0.04845702668826001,0.09691405337652002,0.04843511065505679,0.09687022131011358
1145,19.083333333333332,False,False,49.837854702395376,50.0,61.760823125288745,49.56152300634022,53.78148065938319,47.03474566507528,74.0,-0.16214529760462426,2.6690619054641425,2.695752524518784,2.6859325379987897,1.2903952060034516,2.6058953594959555,1.2887697933275641,1.2740585861847014,2.695752524518784,1.133197817061369,1.3519364271918821,1.28746492854184,1.13500565706878,1.3546514919958992,2.519822057798031,2.84806042494864,0.08059290581119782,-0.13905292911592126,0.15230790042985598,-0.1759304667207533,False,False,0.04843511065505679,0.09687022131011358,0.04841334141099742,0.09682668282199484
1150,19.166666666666668,False,False,49.835821045187146,50.0,61.76300699271394,49.55954479477813,53.7825396707846,47.02819746120987,74.0,-0.16417895481285427,2.6669759525550734,2.6936457120806243,2.6839412413733355,1.290840816784073,2.604747116507544,1.2892287595670902,1.274806456960696,2.6936457120806243,1.1337982633262593,1.3528392582222721,1.2879234300798545,1.1355935229895222,1.3555388708177945,2.5176952697537334,2.8462238024668247,0.0807324138570984,-0.13921293397117385,0.1525780903862004,-0.17595044232689094,False,False,0.04841334141099742,0.09682668282199484,0.048391717542141374,0.09678343508428275
1155,19.25,False,False,49.83382554615957,50.0,61.76521540148083,49.55760451589231,53.78362800359288,47.02170454474623,74.0,-0.1661744538404335,2.6649001663427816,2.6915491680062096,2.681959536110279,1.2912828386610344,2.6036053246333593,1.2896839616540188,1.2755496381762623,2.6915491680062096,1.1343945226172465,1.3537369479976022,1.2883781712862856,1.1361772647133064,1.3564211889967313,2.5155789818339938,2.844395826818458,0.08087155082046893,-0.13937237346295595,0.15284665881224857,-0.17597018617221583,False,False,0.048391717542141374,0.09678343508428275,0.04837023764915703,0.09674047529831406
1160,19.333333333333332,False,False,49.831867712942355,50.0,61.767447980849745,49.55570167707459,53.78474524069587,47.01526631746341,74.0,-0.16813228705764516,2.662834524539415,2.6894628697848093,2.679987404326226,1.291721318208962,2.602469895041273,1.2901354489277794,1.2762881546566587,2.6894628697848093,1.1349866160503186,1.3546295235125274,1.2888292014343734,1.1367569037039258,1.3572984736231113,2.5134731669013526,2.842576488043995,0.08101031896645261,-0.1395312509527329,0.1531136182591859,-0.17598970288345672,False,False,0.04837023764915703,0.09674047529831406,0.04834890034727343,0.09669780069454686
1165,19.416666666666668,False,False,49.82994705798492,50.0,61.76970436333654,49.55383579056908,53.78589096805308,47.008882186916345,74.0,-0.17005294201508292,2.6607790042231017,2.6873867942653327,2.678024827472674,1.292156301273068,2.6013407408285043,1.2905832699501145,1.27702203127129,2.6873867942653327,1.135574564850627,1.355517011788259,1.2892765690359285,1.1373324614916918,1.3581707517761974,2.5113777972521856,2.840765775449445,0.08114872050490729,-0.13968956977959834,0.1533789811841122,-0.1760089970131471,False,False,0.04834890034727343,0.09669780069454686,0.04832770426625949,0.09665540853251899
1170,19.5,False,False,49.82806309856536,50.0,61.77198418473526,49.552006373362836,53.78706477489224,47.002551566554494,74.0,-0.17193690143464124,2.6587335818526583,2.6853209176711847,2.676071786350815,1.292587832981686,2.6002177769713812,1.2910274725186295,1.2777512929337083,2.6853209176711847,1.1361583903390624,1.3563994398607546,1.2897203218559754,1.1379039597000677,1.359038050552265,2.5092928446306084,2.8389636776219342,0.08128675761855675,-0.13984733323364051,0.1536427599507495,-0.17602807304057633,False,False,0.04832770426625949,0.09665540853251899,0.04830664805036085,0.0966132961007217
1175,19.583333333333332,False,False,49.82621535679659,50.0,61.77428708413772,49.55021294799184,53.78826625365592,46.99627387562354,74.0,-0.1737846432034118,2.65669823328221,2.683265215615032,2.6741282611262713,1.2930159577585523,2.5991009202766335,1.291468103680055,1.278475964557465,2.683265215615032,1.13673811392993,1.3572768347799893,1.290160506883467,1.138471419961034,1.3599003969814447,2.507218280242294,2.837170182445168,0.08142443242397968,-0.14000454459643108,0.15390496683013577,-0.17604693537273786,False,False,0.04830664805036085,0.0966132961007217,0.04828573035824608,0.09657146071649216
1180,19.666666666666668,False,False,49.82440335962947,50.0,61.77661270395038,49.548455041212534,53.78949500050577,46.99004853955388,74.0,-0.1755966403705287,2.654672933775714,2.681219663113471,2.672194231343731,1.2934407193348378,2.597990089334172,1.2919052097432442,1.279196071114975,2.681219663113471,1.1373137571038987,1.3581492235844463,1.290597170375213,1.1390348640534111,1.360757818167504,2.505154074768185,2.8353852771147645,0.08156174705252894,-0.14016120706156387,0.1541656140012937,-0.17606558834528574,False,False,0.04828573035824608,0.09657146071649216,0.04826494986292256,0.09652989972584512
1185,19.75,False,False,49.822626638853755,50.0,61.77896068990862,49.546732184504286,53.79075061462014,46.98387498929925,74.0,-0.1773733611462447,2.6526576580213868,2.6791842346016006,2.6702696759414746,1.2938621607609453,2.596885204471291,1.292338836291888,1.279911637608084,2.6791842346016006,1.1378853414345043,1.3590166333291471,1.2910303578851654,1.139594313776429,1.361610341162831,2.5031001983781356,2.833608948153512,0.08169870355474718,-0.14031732383165485,0.15442471355191145,-0.17608403622346502,False,False,0.04826494986292256,0.09652989972584512,0.04824430525172799,0.09648861050345597
1190,19.833333333333332,False,False,49.82088473109585,50.0,61.78133069108832,49.54504391457181,53.79203269859848,46.97775266163999,74.0,-0.1791152689041482,2.650652380146014,2.677158903947474,2.668354573265824,1.2942803244180698,2.595786187708261,1.2927690281969832,1.280622689038637,2.677158903947474,1.1384528885655774,1.359879091064565,1.2914601142351332,1.1401497909762428,1.3624579929963465,2.50105662074441,2.8318411814264612,0.08183530395770955,-0.14047289806239416,0.1546822774789871,-0.1761022832030643,False,False,0.04824430525172799,0.09648861050345597,0.04822379522617508,0.09644759045235016
1195,19.916666666666668,False,False,49.81917717781467,50.0,61.78372235991517,49.54338977323831,53.79334085857505,46.97168099923427,74.0,-0.18082282218532697,2.648657073729145,2.6751436444664365,2.6664489010854355,1.294695252029532,2.5946929627152455,1.2931958296290451,1.2813292504084803,2.6751436444664365,1.1390164202015827,1.3607366238284166,1.2918864835294244,1.1407013175294676,1.3633008006583944,2.4990233110550997,2.830081962155914,0.0819715502499141,-0.14062793287901276,0.1549383176894774,-0.17612033341133682,False,False,0.04822379522617508,0.09644759045235016,0.048203418501937066,0.09640683700387413
1200,20.0,False,False,49.81750352529503,50.0,61.78613535217162,49.54176930642573,53.79467470431373,46.96565945065344,74.0,-0.1824964747049691,2.6466717118171665,2.673138428935338,2.6645526366055066,1.2951069846718908,2.593605454770513,1.2936192840700687,1.2820313467636062,2.673138428935338,1.1395759580988223,1.3615892586382932,1.2923095092280619,1.1412489154195564,1.36413879117846,2.497000238027404,2.828331274936277,0.08210744441485374,-0.14078243134404977,0.15519284600093863,-0.17613819090793426,False,False,0.048203418501937066,0.09640683700387413,0.048183173808747405,0.09636634761749481
1205,20.083333333333332,False,False,49.81586332463862,50.0,61.78856932700155,49.54018206557311,53.796033848705584,46.95968746989872,74.0,-0.1841366753613798,2.644696266937245,2.6711432296066175,2.6626657564818403,1.2955155627858421,2.5925235907198894,1.2940394343252617,1.2827290031205758,2.6711432296066175,1.140131524083194,1.3624370225108147,1.2927292340882106,1.1417926065782502,1.3649719914679135,2.4949873699207896,2.8265891037487627,0.08224298834733768,-0.1409363965423256,0.15544587414214517,-0.17615585968582792,False,False,0.048183173808747405,0.09636634761749481,0.04816305989028119,0.09632611978056238
1210,20.166666666666668,False,False,49.81425613175328,50.0,61.79102394691294,49.5386276066185,53.797417908541476,46.953764517028276,74.0,-0.18574386824671762,2.6427307111111324,2.6691580182222436,2.660788236834776,1.2959210261869067,2.591447298937414,1.2944563225345376,1.2834222445106662,2.6691580182222436,1.1406831400113613,1.3632799424241622,1.2931457001934632,1.142332413044073,1.3658004284797944,2.492984674550022,2.824855431975952,0.08237818396912822,-0.14108983146659315,0.15569741375370816,-0.1761733436722217,False,False,0.04816305989028119,0.09632611978056238,0.048143075504113245,0.09628615100822649
1215,20.25,False,False,49.81268150733998,50.0,61.79349887777847,49.53710549020025,53.79882650387706,46.9478900575603,74.0,-0.18731849266001888,2.6407750158688357,2.667182766027524,2.658920053262987,1.2963234140759146,2.5903765092871556,1.294869990183786,1.2841110959651543,2.667182766027524,1.1412308277944636,1.3641180453431268,1.293558949012413,1.1428683568470595,1.3666241290947778,2.490992119298062,2.823130242416214,0.08251303312962355,-0.14124273911809482,0.1559474763886901,-0.17619064672946205,False,False,0.048143075504113245,0.09628615100822649,0.048123219421581064,0.09624643884316213
1220,20.333333333333332,False,False,49.81113901687813,50.0,61.795993788834245,49.53561528216363,53.8002592583719,46.94206356272456,74.0,-0.18886098312187016,2.638829152262139,2.6652174437847607,2.657061180857138,1.2967227650492872,2.589311153086149,1.29528047811592,1.2847955824858854,2.6652174437847607,1.1417746093786088,1.3649513582009045,1.293969021325438,1.143400460028963,1.367443120142615,2.489009671128818,2.8214135172979544,0.0826475376567295,-0.14139512245692254,0.15619607351319376,-0.17620777265594256,False,False,0.048123219421581064,0.09624643884316213,0.048103490427717215,0.09620698085543443
1225,20.416666666666668,False,False,49.80962823060892,50.0,61.79850835267663,49.53415655285024,53.80171579938044,46.9362845094987,74.0,-0.1903717693910778,2.636893090877982,2.663262021786762,2.6552115942133865,1.2971191171091327,2.588251163068419,1.2956878265417164,1.2854757290747056,2.663262021786762,1.1423145067364056,1.3657799078919166,1.294375957327202,1.143928744675907,1.3682574284359756,2.4870372965997682,2.8197052382937295,0.08278169936127,-0.14154698439879865,0.15644321650696735,-0.17622472518699395,False,False,0.048103490427717215,0.09620698085543443,0.04808388732111793,0.09616777464223586
1230,20.5,False,False,49.80814872351721,50.0,61.80104224525753,49.532728877302105,53.803195757711066,46.93055238035667,74.0,-0.19185127648278666,2.634966801851677,2.6613164698701937,2.653371267446749,1.2975125076731429,2.587196473350044,1.296092075050439,1.2861515607187448,2.6613164698701937,1.1428505418733008,1.3666037212793967,1.2947797965387964,1.14445323287586,1.369067080729099,2.4850749618744175,2.8180053865341708,0.08291552001035418,-0.14169832784288472,0.1566889166639771,-0.1762415079957762,False,False,0.04808388732111793,0.09616777464223586,0.048064408913870475,0.09612881782774095
1235,20.583333333333332,False,False,49.806700075311525,50.0,61.80359514587789,49.531331835162234,53.80469876773822,46.924866663325176,74.0,-0.1932999246884748,2.6330502548799797,2.6593807574287793,2.6515401742042943,1.297902973584313,2.5861470193952414,1.2964932626202654,1.2868231023904173,2.6593807574287793,1.143382736818259,1.3674228251872984,1.2951805779102417,1.144973946742225,1.3698721037425314,2.4831226327346205,2.8163139426217736,0.08304900135211413,-0.14184915564819223,0.15693318519299426,-0.1762581246941588,False,False,0.048064408913870475,0.09612881782774095,0.04804505403140728,0.09609010806281457
1240,20.666666666666668,False,False,49.80528187040285,50.0,61.80616673717967,49.529965011792804,53.80622446733376,46.91922685188376,74.0,-0.19471812959714896,2.6311434192339966,2.6574548534263367,2.649718287678197,1.298290551120478,2.5851027379834246,1.2968914276285115,1.2874903789885594,2.6574548534263367,1.1439111136225186,1.3682372464002484,1.2955783397765572,1.1454909083085956,1.3706725240590023,2.481180274592748,2.8146308866444993,0.08318214507044286,-0.14199947067996388,0.15717603321816265,-0.17627457883358888,False,False,0.04804505403140728,0.09609010806281457,0.048025821512437554,0.09605164302487511
1245,20.75,False,False,49.80389369788183,50.0,61.80875670513645,49.52862799574422,53.80777249848348,46.91363244546077,74.0,-0.19610630211816726,2.6292462637719325,2.655538726409652,2.6479055806186236,1.2986752760036735,2.584063567177201,1.2972866078616652,1.2881534154561542,2.655538726409652,1.1444356943279295,1.3690470116330642,1.2959731199016915,1.1460041397699436,1.3714683683657165,2.4792478525036903,2.8129561981892133,0.08331495290956226,-0.1421492756862106,0.15741747177956134,-0.17629087390596165,False,False,0.048025821512437554,0.09605164302487511,0.04800671020880768,0.09601342041761536
1250,20.833333333333332,False,False,49.80253515149456,50.0,61.81136473904251,49.52732038139628,53.80934250596674,46.90808294824708,74.0,-0.19746484850544022,2.6273587569516708,2.6536323445211876,2.646102025346452,1.2990571834093245,2.583029446291297,1.2976788405252322,1.2888122366478911,2.6536323445211876,1.1449565010214542,1.3698521475864067,1.2963649554199492,1.1465136631383934,1.3722596631112034,2.4773253311767123,2.8112898563549558,0.08344742646331227,-0.1422985735094977,0.1576575118337682,-0.1763070133444753,False,False,0.04800671020880768,0.09601342041761536,0.047987718985381185,0.09597543797076237
1255,20.916666666666668,False,False,49.801205829617274,50.0,61.81399053150079,49.526041767342086,53.81093413888849,46.90257787048929,74.0,-0.19879417038272607,2.625480866843192,2.651735675511624,2.6443075937658342,1.2994363079752687,2.5820003158623517,1.298068162253399,1.289466867403744,2.651735675511624,1.1454735557628772,1.3706526808756123,1.2967538829677778,1.1470195005544892,1.3730464348176352,2.4754126749871475,2.809631839766032,0.08357956741389128,-0.14244736684925474,0.1578961642544079,-0.17632300052447647,False,False,0.047987718985381185,0.09597543797076237,0.04796884671994554,0.09593769343989109
1260,21.0,False,False,49.7999053352299,50.0,61.81663377840947,49.52479175690198,53.812547049515615,46.897116727441066,74.0,-0.20009466477009852,2.6236125611408223,2.6498486867522306,2.64252225737659,1.2998126838106132,2.580976117619575,1.2984546091185087,1.2901173325195396,2.6498486867522306,1.1459868806324416,1.3714486380794337,1.2971399385666247,1.147521674061192,1.373828709855863,2.4735098479879225,2.8079821265849336,0.08371137733632339,-0.14259565845834765,0.158133439832703,-0.17633883876430811,False,False,0.04796884671994554,0.09593769343989109,0.047950092303097165,0.09590018460619433
1265,21.083333333333332,False,False,49.79863327588821,50.0,61.8192941789473,49.52356995772668,53.814180893977145,46.89169903993477,74.0,-0.2013667241117929,2.6217538071753115,2.647971345247065,2.640745987286428,1.3001863445044364,2.5799567944562254,1.2988382166403754,1.2907636567616738,2.647971345247065,1.1464964976956291,1.3722400457059052,1.2975231576815078,1.1480202057562305,1.3746065145987714,2.4716168139209325,2.8063406945250775,0.08384285783709755,-0.14274345100544328,0.15836934927801272,-0.17635453132613232,False,False,0.047950092303097165,0.09590018460619433,0.04793145463808583,0.09586290927617167
1270,21.166666666666668,False,False,49.79738926369513,50.0,61.821971435558254,49.52237598231309,53.81583533170952,46.88632433386356,74.0,-0.20261073630486948,2.619904571925741,2.6461036176449984,2.6389787542230048,1.3005573231343255,2.5789422904018915,1.299219019795419,1.2914058648376796,2.6461036176449984,1.1470024290238199,1.3730269302140508,1.2979035752795882,1.148515117657929,1.3753798752880986,2.469733536228234,2.80470752086337,0.08397401045041897,-0.1428907471797507,0.15860390321837148,-0.17637008141676436,False,False,0.04793145463808583,0.09586290927617167,0.04791293264072471,0.09582586528144942
1275,21.25,False,False,49.79617291527115,50.0,61.824665253934604,49.52120944760955,53.81751002596864,46.88099214059074,74.0,-0.20382708472885014,2.6180648220312603,2.644245470251573,2.637220528545802,1.3009256522747699,2.5779325505955417,1.299597053025633,1.2920439814109432,2.644245470251573,1.1475046966675329,1.3738093179881643,1.298281225756955,1.149006431804547,1.376148818134746,2.4678599780630983,2.8030825824525945,0.08410483672380287,-0.14303754960639625,0.15883711220102148,-0.17638549218847466,False,False,0.04791293264072471,0.09582586528144942,0.047894525239269625,0.09578905047853925
1280,21.333333333333332,False,False,49.79498385172359,50.0,61.82737534299948,49.52006997523005,53.81920464347202,46.87570199660413,74.0,-0.2050161482764068,2.616234523802649,2.6423968690406756,2.635471280257846,1.3012913640054005,2.576927521259322,1.299972350247396,1.2926780310859887,2.6423968690406756,1.1480033226684254,1.3745872353508244,1.2986561429971972,1.1494941701734307,1.3769133692388738,2.465996102300864,2.801465855733612,0.08423533815288509,-0.14318386091255797,0.15906898669293623,-0.17640076673981175,False,False,0.047894525239269625,0.09578905047853925,0.04787623137427747,0.09575246274855494
1285,21.416666666666668,False,False,49.79382169861523,50.0,61.830101414888254,49.518957191061915,53.82091885466673,46.87045344371478,74.0,-0.20617830138476734,2.6144136432337057,2.6405577796660427,2.633730979017238,1.3016544899190836,2.575927149673078,1.3003449448601168,1.2933080384231925,2.6405577796660427,1.1484983290434871,1.3753607085480737,1.2990283603567605,1.1499783547495859,1.3776735546594072,2.464141871549659,2.7998573167473917,0.08436551623621469,-0.14332968367360666,0.15929953708134903,-0.17641590811638386,False,False,0.04787623137427747,0.09575246274855494,0.047858049998500664,0.09571609999700133
1290,21.5,False,False,49.792686085931955,50.0,61.832843184929295,49.51787072517882,53.82265233340584,46.86524602874245,74.0,-0.20731391406804534,2.6126021460124598,2.638728167472584,2.6319995941485255,1.3020150611298726,2.574931384149577,1.30071486975473,1.2939340279387852,2.638728167472584,1.1489897377956153,1.376129763760972,1.2993979107088762,1.150459007485301,1.3784294003745614,2.462297248160926,2.798256941146853,0.0844953724357762,-0.14347502045348426,0.159528773674269,-0.17643091931165822,False,False,0.047858049998500664,0.09571609999700133,0.04783998007674478,0.09567996015348956
1295,21.583333333333332,False,False,49.791576648049926,50.0,61.83560037162373,49.51681021236182,53.824404756991974,46.86007930352074,74.0,-0.20842335195007422,2.6107999975322147,2.636907997507537,2.6302770946538896,1.30237310828082,2.573940174010403,1.301082157322035,1.2945560240754186,2.636907997507537,1.149477570907905,1.3768944271008317,1.2997648263996326,1.1509361502773738,1.379180932259969,2.4604621942397995,2.79666470420853,0.08462490818455048,-0.14361987379804475,0.15975670670099307,-0.1764458032677374,False,False,0.04783998007674478,0.09567996015348956,0.04782202058577528,0.09564404117155056
1300,21.666666666666668,False,False,49.79049302370171,50.0,61.838372696624695,49.51577529231787,53.8261758063907,46.85495282504995,74.0,-0.20950697629829307,2.6090071629024107,2.6350972345314347,2.6285634492241647,1.3027286615516531,2.572953469562511,1.3014468394608925,1.2951740511874505,2.6350972345314347,1.14996185033042,1.377654724596927,1.300129139306546,1.1514098049568615,1.379928176079289,2.458636671655303,2.7950805808440564,0.08475412489183842,-0.14376424623058903,0.15998334631262168,-0.17646056287613154,False,False,0.04782202058577528,0.09564404117155056,0.0478041705141412,0.0956083410282824
1305,21.75,False,False,49.789434855942176,50.0,61.84115988471568,49.5147656077749,53.827965166358354,46.849866155576464,74.0,-0.21056514405782423,2.607223606959314,2.6332958430289075,2.62685862624968,1.3030817506663142,2.5719712220754136,1.3018089475862678,1.2957881336292394,2.6332958430289075,1.1504425979708153,1.3784106821880189,1.3004908807946323,1.1518799934302753,1.380671157626263,2.4568206420503906,2.7935045456114693,0.08488302399702352,-0.14390814019896414,0.1602087025825618,-0.17647520097851688,False,False,0.0478041705141412,0.0956083410282824,0.047786428862108626,0.09557285772421725
1310,21.833333333333332,False,False,49.78840179211354,50.0,61.843961663788484,49.51378080682754,53.82977252450408,46.84481886174769,74.0,-0.21159820788646044,2.6054492942765313,2.631503787219297,2.6251625938309298,1.3034324049003725,2.570993383758978,1.3021685126371385,1.2963982956374185,2.631503787219297,1.1509198357325008,1.3791623257614143,1.300850081789622,1.152346737415979,1.3814099024619488,2.4550140668517986,2.7919365727263283,0.08501160682453035,-0.14405155822143945,0.16043278550703155,-0.17648972036749822,False,False,0.047786428862108626,0.09557285772421725,0.04776879464148988,0.09553758928297976
1315,21.916666666666668,False,False,49.78739348380993,50.0,61.84677776482036,49.51282054194489,53.83159757254912,46.83981051567424,74.0,-0.2126065161900712,2.603684189175351,2.6297210310671044,2.6234753197890637,1.3037806530883065,2.570019907741825,1.302525565084263,1.2970045613750427,2.6297210310671044,1.1513935854549646,1.3799096810941713,1.301206772734031,1.1528100586637533,1.382144436135096,2.4532169072797636,2.7903766360726694,0.08513987476005336,-0.14419450271128942,0.16065560500556497,-0.17650412378734082,False,False,0.04776879464148988,0.09553758928297976,0.04775126687553163,0.09550253375106325
1320,22.0,False,False,49.7864095868416,50.0,61.8496079218508,49.51188446867716,53.833440005570836,46.83484069424424,74.0,-0.21359041315839988,2.6019282557349075,2.627947538292257,2.6217967716762165,1.3041265236306583,2.5690507480502953,1.302880134937808,1.2976069549904514,2.627947538292257,1.1518638689439313,1.380652773884096,1.3015609835871602,1.1532699789179583,1.3828747841461186,2.451429124357538,2.7888247092137513,0.08526782915566722,-0.14433697607249307,0.16087717092149445,-0.17651841393471868,False,False,0.04775126687553163,0.09550253375106325,0.04773384459880145,0.0954676891976029
1325,22.083333333333332,False,False,49.78544976119859,50.0,61.852451871957776,49.510972247700295,53.835299521676674,46.829908978810906,74.0,-0.214550238801408,2.600181457802176,2.6261832723801977,2.6201269167856447,1.304470044501072,2.5680858595879763,1.303232251754847,1.2982055005142594,2.6261832723801977,1.1523307079824179,1.381391629761654,1.3019127438836677,1.1537265197794773,1.3836009718098157,2.449650678920768,2.7872807654026617,0.08539547129555625,-0.14447898073478216,0.161097493022464,-0.1765325934594295,False,False,0.04773384459880145,0.0954676891976029,0.047716526857047116,0.09543305371409423
1330,22.166666666666668,False,False,49.78451367101394,50.0,61.85530935523351,49.510083543828024,53.83717582283368,46.825014955883496,74.0,-0.21548632898606002,2.598443759001789,2.624428196591807,2.618465722161715,1.3048112432532002,2.5671251981157717,1.3035819446467316,1.2988002219035026,2.624428196591807,1.1527941242903574,1.382126274250403,1.3022620827189257,1.154179702852805,1.3843230244032303,2.4478815316266838,2.785744777592711,0.08552280249972766,-0.14462051905069773,0.16131658100090407,-0.17654666496512306,False,False,0.047716526857047116,0.09543305371409423,0.04769931270706388,0.09539862541412776
1335,22.25,False,False,49.78360098452673,50.0,61.858180114759826,49.509218025632116,53.83906861432939,46.820158216631356,74.0,-0.21639901547327156,2.596715122745685,2.6226822739731417,2.616813154609697,1.3051501470275066,2.566168720232485,1.3039292422863265,1.299391143056355,2.6226822739731417,1.1532541395452465,1.3828567327884456,1.302609028734378,1.1546295496831156,1.385040967103472,2.446121642963143,2.784216718447664,0.08564982404711707,-0.14476159337323935,0.16153444447452214,-0.17656063100999875,False,False,0.04769931270706388,0.09539862541412776,0.04768220121659501,0.09536440243319003
1340,22.333333333333332,False,False,49.78271137404461,50.0,61.86106389658325,49.50837536627661,53.84097760479437,46.81533835687553,74.0,-0.21728862595539056,2.594995512242583,2.6209454673650088,2.6151691807054034,1.3054867825579393,2.565216383355921,1.304274172915128,1.2999782877679809,2.6209454673650088,1.153710775377831,1.3835830307249035,1.3029536101175383,1.1550760817239851,1.3857548249561698,2.4443709732574908,2.7826965603518032,0.0857765371881889,-0.14490220604399573,0.16175109298679446,-0.17657449410751802,False,False,0.04768220121659501,0.09536440243319003,0.04766519146417678,0.09533038292835357
1345,22.416666666666668,False,False,49.78184451590628,50.0,61.863960449689586,49.50755524192793,53.842902506437646,46.81055497726576,74.0,-0.21815548409372099,2.593284890507289,2.619217739412362,2.6135337668046468,1.3058211761785006,2.5642681457044674,1.3046167643502538,1.3005616798041137,2.619217739412362,1.1541640533583415,1.3843051933069226,1.3032958546898499,1.155519320468757,1.3864646230075648,2.4426294826852812,2.781184275419801,0.08590294320345104,-0.1450423593353567,0.16196653600743893,-0.17658825672708067,False,False,0.04766519146417678,0.09533038292835357,0.04764828253904568,0.09529656507809137
1350,22.5,False,False,49.781000090443406,50.0,61.86686952597842,49.50675733410695,53.84484303427673,46.80580768258616,74.0,-0.21899990955659376,2.5915832203698312,2.6174990525735295,2.6119068790525413,1.3061533538296988,2.563323966279159,1.3049570439913192,1.3011413427833305,2.6174990525735295,1.1546139950276115,1.3850232457115423,1.3036357897895414,1.1559592871927262,1.3871703860473965,2.440897131278808,2.7796798355064265,0.08602904326406602,-0.14518205559060426,0.16218078293289695,-0.17660192129472163,False,False,0.04764828253904568,0.09529656507809137,0.04763147354097216,0.09526294708194433
1355,22.583333333333332,False,False,49.780177781942626,50.0,61.86979088023715,49.5059813271922,53.84679890740838,46.80109608283054,74.0,-0.21982221805737368,2.589890464484428,2.615789369129272,2.610288483392617,1.3064833410648975,2.562383804846199,1.3052950388271916,1.3017173002947766,2.615789369129272,1.1550606218372519,1.3857372129866126,1.3039734424180551,1.1563960032828038,1.38787213893926,2.439173878935502,2.778183212216086,0.08615483864448348,-0.14532129701197283,0.16239384308681393,-0.17661549019377,False,False,0.04763147354097216,0.09526294708194433,0.04761476358017349,0.09522952716034698
1360,22.666666666666668,False,False,49.77937727860727,50.0,61.87272427011485,49.5052269104707,53.84876984753634,46.796419791900384,74.0,-0.2206227213927292,2.5882065853382876,2.6140886511916706,2.6086785455757937,1.3068111630565518,2.5614476219199314,1.3056307754426293,1.3022895757951574,2.6140886511916706,1.1555039552121897,1.3864471201140518,1.3043088390936193,1.1568294898878548,1.3885699062716221,2.4374596854261434,2.776694376912176,0.08628033047646477,-0.14546008590730253,0.16260572572050558,-0.1766289657655271,False,False,0.04761476358017349,0.09522952716034698,0.0475981517771789,0.0951963035543578
1365,22.75,False,False,49.7785982725189,50.0,61.87566945609605,49.504493775947516,53.85075558035402,46.79177842877787,74.0,-0.22140172748110132,2.586531545260245,2.612396860712847,2.60707703116916,1.3071368446023428,2.5605153787462402,1.3059642800248115,1.3028581927117466,2.612396860712847,1.1559440164859458,1.3871529919458352,1.3046420060123183,1.1572597682787693,1.389263712718554,2.435754510402937,2.775213300726282,0.08640552000680746,-0.14559842443297732,0.16281644001343487,-0.17664235030991016,False,False,0.0475981517771789,0.0951963035543578,0.047581637262699386,0.09516327452539877
1370,22.833333333333332,False,False,49.777840459598714,50.0,61.878626201474255,49.50378162039817,53.85275583399482,46.78717161615814,74.0,-0.22215954040128594,2.5848653064292297,2.610713959493522,2.6054839055646095,1.3074604101312095,2.5595870372863745,1.3062955783697539,1.3034231743393776,2.610713959493522,1.1563808269667373,1.3878548532707897,1.3049729689163088,1.1576868594812622,1.389953582673182,2.4340583134074145,2.7737399545672035,0.08653040833380432,-0.14573631485811545,0.16302599507368143,-0.1766556460861075,False,False,0.047581637262699386,0.09516327452539877,0.047565219177505495,0.09513043835501099
1375,22.916666666666668,False,False,49.77710353956898,50.0,61.88159427232523,49.503090144089676,53.85477034051033,46.78259898170573,74.0,-0.2228964604310235,2.5832078308825768,2.6090399091914027,2.603899133987309,1.3077818837092785,2.558662560201179,1.3066246958886174,1.3039845438993054,2.6090399091914027,1.1568144078685894,1.3885527287463824,1.3053017532109608,1.1581107845780962,1.3906395405505436,2.432371053878192,2.7722743091298048,0.08665499665123821,-0.14587375932120916,0.16323439993840205,-0.17666885531321075,False,False,0.047565219177505495,0.09513043835501099,0.04754889667231696,0.09509779334463392
1380,23.0,False,False,49.77638721591432,50.0,61.88457343748028,49.50241905132014,53.85679883477717,46.77806015708327,74.0,-0.22361278408568097,2.581559080524169,2.607374671329411,2.602322681503998,1.3081012890456951,2.5577419108357176,1.306951657613912,1.3045423245097756,2.607374671329411,1.1572447803571806,1.3892466429452388,1.3056283838916443,1.1585315644886514,1.3913216105677861,2.4306926911585602,2.7708163349037123,0.08677928605801055,-0.14601076002112423,0.16344166357430145,-0.17668198017085057,False,False,0.04754889667231696,0.09509779334463392,0.04753266890767801,0.09506533781535602
1385,23.083333333333332,False,False,49.77569119584287,50.0,61.887563468499465,49.50176804944572,53.85884105519199,46.773554778530254,74.0,-0.2243088041571326,2.579919017132426,2.60571820730375,2.600754513031136,1.3084186494983576,2.5568250532042827,1.3072764882055943,1.3050965392301714,2.60571820730375,1.15767196551598,1.3899366203219183,1.3059528856023008,1.1589492201637297,1.3919998169395735,2.4290231845039396,2.769366002181843,0.0869032777094021,-0.14614731906644174,0.16364779487809278,-0.17669502279981053,False,False,0.04753266890767801,0.09506533781535602,0.047516535053814805,0.09503307010762961
1390,23.166666666666668,False,False,49.77501519024773,50.0,61.8905641396446,49.501136850330525,53.86089674283116,46.769082486111884,74.0,-0.22498480975227153,2.578287602368131,2.604070478391812,2.599194593342891,1.3087339880795559,2.555911951975779,1.3075992119570594,1.3056472109874357,2.604070478391812,1.1580959843809258,1.3906226852482446,1.306275282591514,1.1593637723591905,1.392674183652326,2.427362493089167,2.767923281068768,0.08702697266489023,-0.14628343862824522,0.1638528026769559,-0.1767079853026452,False,False,0.047516535053814805,0.09503307010762961,0.04750049429056866,0.09500098858113731
1395,23.25,False,False,49.774358913667996,50.0,61.893575227852374,49.50052516937563,53.86296564244229,46.76464292455514,74.0,-0.2256410863320042,2.576664797782099,2.6024314457599202,2.597642887078967,1.3090473274615158,2.5550025724594634,1.3079198528010447,1.3061943626202175,2.6024314457599202,1.158516857893423,1.3913048619669166,1.3065955988003681,1.159775241834204,1.3933447346630543,2.425710576015635,2.7664881414889138,0.08715037204283682,-0.1464191207860135,0.1640566957289935,-0.17672086974428547,False,False,0.04750049429056866,0.09500098858113731,0.04748454580721046,0.09496909161442092
1400,23.333333333333332,False,False,49.77372208425022,50.0,61.896596512707305,49.499932724549815,53.865047501674276,46.760235742559686,74.0,-0.22627791574978318,2.575050564822698,2.600801070470925,2.5960993587522743,1.3093586899818532,2.5540968805910333,1.3082384343154168,1.3067380169230183,2.600801070470925,1.1589346069319797,1.3919831746237614,1.3069138577453032,1.160183649304249,1.394011493852933,2.4240673923182996,2.7650605531946177,0.08727347692991483,-0.14655436761876928,0.16425948272369295,-0.1767336781526252,False,False,0.04748454580721046,0.09496909161442092,0.04746868880238161,0.09493737760476322
1405,23.416666666666668,False,False,49.77310442370959,50.0,61.899627776414704,49.499359239052744,53.867142070870166,46.7558605925966,74.0,-0.2268955762904099,2.5734448648432062,2.5991793134916383,2.5945639727564584,1.309668097648936,2.553194842919068,1.3085549797288814,1.307278196513753,2.5991793134916383,1.1593492523187956,1.3926576472749244,1.307230082664546,1.1605890152637852,1.394674484850535,2.42243290097252,2.7636404857740153,0.08739628833678204,-0.14668918124996777,0.164461172282377,-0.1767464125191185,False,False,0.04746868880238161,0.09493737760476322,0.047452922483933686,0.09490584496786737
1410,23.5,False,False,49.77250565729153,50.0,61.90266880377379,49.49880443792699,53.86924910419543,46.7515171318637,74.0,-0.2274943427084679,2.5718476591090234,2.5975661357001134,2.593036693373268,1.3099755721471602,2.552296426591782,1.308869511926581,1.3078149239956203,2.5975661357001134,1.1597608147667797,1.3933283038344701,1.3075442964009654,1.1609913603375435,1.3953337313836678,2.4208070609007555,2.762227908658761,0.08751880738804751,-0.1468235636580768,0.16466177295864748,-0.17675907479935793,False,False,0.047452922483933686,0.09490584496786737,0.047437246068853516,0.09487449213770703
1415,23.583333333333332,False,False,49.771925513733,50.0,61.90571938215064,49.498268051327926,53.87136835789545,46.74720502075606,74.0,-0.22807448626699767,2.570258908804733,2.5959614978927807,2.591517484779758,1.3102811348421344,2.5514015993441146,1.309182053455611,1.3083482217952316,2.5959614978927807,1.1601693149547627,1.3939951681501672,1.30785652148993,1.1613907048278265,1.3959892568272179,2.4191898309791475,2.7608227911316345,0.08764103503198628,-0.1469575169674051,0.1648612932388538,-0.17677166691363322,False,False,0.047437246068853516,0.09487449213770703,0.047421658783103386,0.09484331756620677
1420,23.666666666666668,False,False,49.77136372522424,50.0,61.90877930145132,49.49774981174372,53.873499592259236,46.74292392454488,74.0,-0.22863627477575932,2.5686785750410146,2.594365360791425,2.590006311055391,1.310584806785784,2.5505103294851197,1.3094926265304412,1.3088781122950515,2.594365360791425,1.1605747734373033,1.394658263913863,1.308166780100737,1.1617870691795429,1.3966410846687083,2.4175811700439094,2.7594251023339424,0.08776297237365682,-0.14709104311550858,0.16505974154251746,-0.1767841907475156,False,False,0.047421658783103386,0.09484331756620677,0.047406159861548704,0.09481231972309741
1425,23.75,False,False,49.77082002737042,50.0,61.91184835409496,49.497249455451765,53.87564256969711,46.73867351169324,74.0,-0.22917997262958067,2.5671066188614065,2.5927776850500206,2.588503136188926,1.310886608721368,2.549622585885668,1.3098012530382461,1.3094046177598193,2.5927776850500206,1.160977210728039,1.3953176147453865,1.3084750941391121,1.1621804735978256,1.3972892381264368,2.4159810368976307,2.758034811272817,0.08788462036661748,-0.1472241441619937,0.1652571262227962,-0.17679664815238993,False,False,0.047406159861548704,0.09481231972309741,0.04739074854781714,0.09478149709563428
1430,23.833333333333332,False,False,49.77029415915354,50.0,61.91492633498712,49.4967667224634,53.877797056060565,46.734453454978585,74.0,-0.2297058408464565,2.5655430012489298,2.591198431261419,2.5870079240852237,1.3111865610884132,2.5487383379664306,1.3101079545441465,1.30992776033655,2.591198431261419,1.1613766472383245,1.3959732441317183,1.3087814851154236,1.16257093826847,1.397933740370418,2.4143893903154,2.756651886828338,0.08800598003386795,-0.1473568220680801,0.16545345556691915,-0.176809040946019,False,False,0.04739074854781714,0.09478149709563428,0.04737542409420183,0.09475084818840367
1435,23.916666666666668,False,False,49.76978586289442,50.0,61.91801304149292,49.496301354958035,53.879962820025206,46.7302634309388,74.0,-0.2302141371055768,2.563987683132566,2.589627559963892,2.585520638571869,1.3114846840275731,2.5478575556861665,1.3104127522963698,1.3104475621281109,2.589627559963892,1.1617731033023908,1.3966251754526875,1.309085974261825,1.1629584833435165,1.3985746145084625,2.412806189050819,2.75527629776052,0.08812705238035168,-0.14748907878459439,0.16564873779662825,-0.17682137091307304,False,False,0.04737542409420183,0.09475084818840367,0.04736018576153946,0.09472037152307893
1440,24.0,False,False,49.76929488421492,50.0,61.92110827341053,49.495853099951276,53.882139632711606,46.72610311952515,74.0,-0.2307051157850779,2.562440625393594,2.5880650316475298,2.5840412434056694,1.3117809973853978,2.5469802095302656,1.3107156672313174,1.3109640450607822,2.5880650316475298,1.1621665991919499,1.3972734319960878,1.3093885824883273,1.163343128745165,1.3992118833905796,2.411231391841863,2.7539080127161544,0.08824783832979732,-0.14762091631561725,0.1658429810686246,-0.1768336398056669,False,False,0.04736018576153946,0.09472037152307893,0.0473450328191158,0.0946900656382316
1445,24.083333333333332,False,False,49.768820972000306,50.0,61.92421183294478,49.4954217068241,53.88432726885379,46.72197220509383,74.0,-0.23117902799969414,2.560901788871788,2.586510806760506,2.5825697022790086,1.3120755207190329,2.5461062704995783,1.311016719978556,1.3114772310019818,2.586510806760506,1.1625571550616984,1.3979180369036972,1.309689330426727,1.1637248944599663,1.399845569903639,2.4096649574166333,2.752547000235505,0.08836833890165718,-0.14775233654201547,0.16603619347499876,-0.1768458493438727,False,False,0.0473450328191158,0.0946900656382316,0.04732996454454637,0.09465992908909274
1450,24.166666666666668,False,False,49.76836387836172,50.0,61.92732352468066,49.495006928481146,53.88652550546159,46.71787037523048,74.0,-0.23163612163828162,2.559371134371481,2.584964845715196,2.581105978826069,1.3123682733008395,2.545235710099499,1.3113159308657232,1.311987141701402,2.584964845715196,1.1629447910068205,1.3985590132292702,1.3099882383720343,1.1641038002778281,1.4004756967108511,2.4081068444989415,2.751193228758868,0.08848855500944919,-0.14788334142357384,0.16622838304367216,-0.1768580012162544,False,False,0.04732996454454637,0.09465992908909274,0.04731498022365997,0.09462996044731994
1455,24.25,False,False,49.767923358599084,50.0,61.93044315555723,49.4946085206961,53.888734122697116,46.71379732148984,74.0,-0.23207664140091566,2.557848622667489,2.583427108894164,2.579650036628905,1.312659274122939,2.5443685003293086,1.3116133199233522,1.3124937988204421,2.583427108894164,1.1633295270216197,1.3991963838976584,1.3102853263264025,1.1644798659877171,1.401102286447916,2.406557011813809,2.7498466666329957,0.08860848762747375,-0.14801393283272501,0.16641955773883188,-0.17687009708035495,False,False,0.04731498022365997,0.09462996044731994,0.047300079150422884,0.09460015830084577
1460,24.333333333333332,False,False,49.767499171163934,50.0,61.9335705348415,49.494226242667175,53.890952903152275,46.70975273875294,74.0,-0.23250082883606638,2.556334214510902,2.581897556656011,2.5782018392234023,1.3129485419016815,2.543504613671763,1.31190890688962,1.3129972239027758,2.581897556656011,1.16371138302964,1.3998301717354094,1.3105806140137704,1.1648531112189007,1.4017253615647234,2.405015418092798,2.748507282117369,0.08872813766194754,-0.14814411268387517,0.16660972546135788,-0.17688213856321333,False,False,0.047300079150422884,0.09460015830084577,0.04728526062679383,0.09457052125358766
1465,24.416666666666668,False,False,49.76709107762272,50.0,61.93670547410254,49.4938598569688,53.89318163243048,46.705736325712316,74.0,-0.2329089223772769,2.5548278706347483,2.5803761493410957,2.5767613501050834,1.3132360950820454,2.542644023082921,1.3122027112150143,1.313497438374352,2.5803761493410957,1.1640903788555454,1.400460399443123,1.3108741208652193,1.1652235555322787,1.402344944417112,2.4034820220792463,2.7471750433903583,0.08884750604276004,-0.14827388284207332,0.16679889404926262,-0.1768941272618494,False,False,0.04728526062679383,0.09457052125358766,0.047270523962656956,0.09454104792531391
1470,24.5,False,False,49.76669884262019,50.0,61.93984778718573,49.49350912859805,53.895420098889545,46.70174778463258,74.0,-0.23330115737981316,2.5533295517595227,2.578862847277118,2.5753285327348023,1.3135219518419612,2.5417867019822102,1.312494752066928,1.3139944635875418,2.578862847277118,1.164466534234528,1.401087089605297,1.3111658660336163,1.1655912184352635,1.4029610572821882,2.4019567825333654,2.7458499185552285,0.08896659369464643,-0.14840324515227832,0.16698707127811074,-0.17690606474375237,False,False,0.047270523962656956,0.09454104792531391,0.04725586847569106,0.09451173695138212
1475,24.583333333333332,False,False,49.766322233843056,50.0,61.94299729018723,49.493173826136996,53.89766809331883,46.69778682105402,74.0,-0.23367776615694424,2.5518392185985928,2.5773576107845786,2.573903350544297,1.3138061300965673,2.540932624242718,1.312785048334175,1.3144883207622753,2.5773576107845786,1.164839868824701,1.4017102647031847,1.311455868378971,1.16595611928216,1.4035737222591205,2.400439658237217,2.7445318756460333,0.08908540149684518,-0.14853220148011537,0.1671742648614547,-0.17691795254736142,False,False,0.04725586847569106,0.09451173695138212,0.047241293491284905,0.09448258698256981
1480,24.666666666666668,False,False,49.76596102198395,50.0,61.946153801428565,49.492853721103145,53.89992540945101,46.69385314421823,74.0,-0.2340389780160521,2.550356831863474,2.575860400182109,2.5724857669416252,1.3140886475023963,2.5400817641817084,1.3130736186314358,1.3149790310154732,2.575860400182109,1.1652104021822225,1.402329947090357,1.311744146497722,1.1663182773766894,1.4041829613720804,2.398930607999576,2.743220882633363,0.08920393035660723,-0.14866075363878384,0.167360482451254,-0.1769297921825328,False,False,0.047241293491284905,0.09448258698256981,0.04722679834242563,0.09445359668485126
1485,24.75,False,False,49.76561498070562,50.0,61.94931714143143,49.49254858760303,53.90219184355278,46.689946466697876,74.0,-0.23438501929437905,2.5488823522689845,2.5743711757916743,2.5710757453164694,1.3143695214614923,2.539234096551351,1.3133604813036244,1.3154666153757626,2.5743711757916743,1.1655781537776373,1.402946159009469,1.3120307187227356,1.1666777119350977,1.4047887965337493,2.397429590660664,2.7419169074299763,0.08932218115798674,-0.14878890344066487,0.167545731638302,-0.1769415851310101,False,False,0.04722679834242563,0.09445359668485126,0.0472123823696135,0.094424764739227
1490,24.833333333333332,False,False,49.765283886605324,50.0,61.95248713289267,49.492258203194794,53.90446719438224,46.68606650434365,74.0,-0.23471611339467557,2.5474157405382782,2.572889897943661,2.5696732490453202,1.3146487691254625,2.5383895965296595,1.3136456544301938,1.3159510947393303,2.572889897943661,1.1659431429958627,1.4035589225926706,1.3123156031086638,1.1670344420391254,1.4053912494986907,2.395936565096785,2.7406199178963107,0.0894401547593604,-0.14891665270020482,0.16773001995264947,-0.17695333284687598,False,False,0.0472123823696135,0.094424764739227,0.047198044920740805,0.09439608984148161
1495,24.916666666666668,False,False,49.764967519179606,50.0,61.95566360065954,49.49198234824155,53.906751263516284,46.68221297655138,74.0,-0.23503248082039363,2.545956957407754,2.571416526981831,2.568278241496548,1.3149264073994615,2.5375482397116427,1.3139291558293626,1.316432489899353,2.571416526981831,1.1663053891196726,1.4041682598455012,1.3125988174758731,1.1673884867081776,1.4059903419359008,2.394451490224821,2.739329881845849,0.08955785203654787,-0.14904400319117528,0.1679133548640177,-0.17696503675701036,False,False,0.047198044920740805,0.09439608984148161,0.04718378535101939,0.09436757070203879
1500,25.0,False,False,49.76466566078923,50.0,61.95884637170501,49.49172080526599,53.90904385500433,46.67838560594679,74.0,-0.23533433921077318,2.54450596363185,2.5699510232681684,2.566890686035335,1.315202452946113,2.536710002100642,1.314211003062277,1.3169108215754295,2.5699510232681684,1.1666649113433425,1.4047741926609483,1.31288037933723,1.1677398649026487,1.4065860954325209,2.3929743250066453,2.738046767050399,0.0896752738570914,-0.1491709566727808,0.16809574378223058,-0.17697669826152307,False,False,0.04718378535101939,0.09436757070203879,0.047169603022861224,0.09433920604572245
1505,25.083333333333332,False,False,49.76437809662457,50.0,61.962035275103524,49.4914733610226,53.91134477512905,46.67458411816396,74.0,-0.23562190337543143,2.543062719987721,2.5684933471875984,2.565510546028522,1.3154769221893639,2.5358748600998777,1.3144912134371014,1.317386110310572,2.5684933471875984,1.1670217287815488,1.4053767428287305,1.3131603060006,1.1680885953630218,1.4071785313333012,2.391505028453392,2.7367705412452095,0.08979242102272922,-0.14929751494755017,0.1682771940576111,-0.17698831873420628,False,False,0.047169603022861224,0.09433920604572245,0.04715549730581276,0.09431099461162552
1510,25.166666666666668,False,False,49.764104614671076,50.0,61.965230142006675,49.491239803741024,53.91365383337179,46.670808242663675,74.0,-0.23589538532892362,2.541627187279798,2.567043459152596,2.5641377848493008,1.315749831318281,2.5350427905041713,1.3147698040130509,1.3178583766036447,2.567043459152596,1.1673758604244306,1.40597593199076,1.313438614510278,1.1684346969064918,1.4077676710375961,2.3900435596296457,2.7355011721340134,0.08990929443395146,-0.14942367969715287,0.16845771298141754,-0.17699989952295025,False,False,0.04715549730581276,0.09431099461162552,0.04714146757642559,0.09428293515285117
1515,25.25,False,False,49.76384500567515,50.0,61.96843080561933,49.49101992489796,53.91597084093115,46.66705771143916,74.0,-0.2361549943248491,2.540199326344241,2.5656013196076835,2.5627723658818296,1.3160211962907828,2.5342137704918613,1.3150467916043467,1.3183276408210713,2.5656013196076835,1.1677273252021196,1.406571781706048,1.313715321646987,1.1687781881193344,1.4083535356920858,2.388589877657507,2.734238627393926,0.09002589487101442,-0.14954945270173692,0.16863730778624264,-0.17701144195017626,False,False,0.04714146757642559,0.09428293515285117,0.04712751321818534,0.09425502643637068
1520,25.333333333333332,False,False,49.76359906311044,50.0,61.971637101175894,49.490813518876934,53.918295611880914,46.663332260001646,74.0,-0.23640093688955943,2.5387790980532756,2.5641668890338085,2.561414252525717,1.3162910328373132,2.533387777616892,1.3153221927841143,1.3187939232115515,2.5641668890338085,1.1680761419312624,1.407164313397601,1.3139904439864496,1.1691190875569657,1.4089361463911874,2.3871439417205593,2.7329828746802374,0.09014222317963583,-0.14967483565458584,0.16881598564642886,-0.1770229473132492,False,False,0.04712751321818534,0.09425502643637068,0.04711363362143456,0.09422726724286912
1525,25.416666666666668,False,False,49.76336658314406,50.0,61.97484886591684,49.49062038293069,53.92062796260703,46.65963162687966,74.0,-0.23663341685593764,2.5373664633194215,2.562740127952616,2.5600634082003983,1.3165593564644507,2.532564789801081,1.3155960238882223,1.3192572439060588,2.562740127952616,1.1684223293385558,1.4077535483763168,1.314263997840817,1.1694574136280922,1.4095155240615513,2.38570571106772,2.731733881631095,0.09025828015549253,-0.14979983027796662,0.16899375367847913,-0.17703441688489585,False,False,0.04711363362143456,0.09422726724286912,0.04709982818323097,0.09419965636646194
1530,25.5,False,False,49.76314736460364,50.0,61.978065939065374,49.49044031593788,53.922967712113106,46.6559555538686,74.0,-0.23685263539636026,2.535961383099617,2.561320996930613,2.5587197963494077,1.3168261824584655,2.5317447853265547,1.3158683010190457,1.3197176229767047,2.561320996930613,1.1687659060454543,1.408339507826063,1.3145359993025978,1.169793184752012,1.4100916896196933,2.384275145017015,2.730491615872078,0.09037406664298864,-0.1499244382246927,0.169170618941465,-0.177045851913598,False,False,0.04709982818323097,0.09419965636646194,0.047086096307328226,0.09417219261465645
1535,25.583333333333332,False,False,49.762941208944135,50.0,61.98128816180437,49.490273120478875,53.9253146811731,46.652303785285504,74.0,-0.23705879105586547,2.5345638183992327,2.559909456583225,2.5573833804445467,1.3170915258888154,2.530927742828355,1.3161390400491844,1.320175080333729,2.559909456583225,1.1691068906045081,1.4089222128403556,1.3148064642153714,1.170126419108808,1.4106646637225229,2.382852202959222,2.7292560450206524,0.09048958338879376,-0.150048661224921,0.16934658843742723,-0.17705725362400315,False,False,0.047086096307328226,0.09417219261465645,0.04707243740401782,0.09414487480803564
1540,25.666666666666668,False,False,49.762747920215396,50.0,61.98451537725369,49.4901186015939,53.92766869352718,46.64867606898763,74.0,-0.2372520797846036,2.5331737302759887,2.5585054675787484,2.556054123989937,1.3173554016115858,2.530113641287198,1.3164082566251067,1.320629635784362,2.5585054675787484,1.1694453014443102,1.4095016843676529,1.3150754082030744,1.170457134874032,1.4112344670023473,2.3814368443614407,2.72802713669054,0.09060483121798524,-0.15017250091033008,0.16952166911179178,-0.17706862321730776,False,False,0.04707243740401782,0.09414487480803564,0.04705885089009719,0.09411770178019438
1545,25.75,False,False,49.76256730502979,50.0,61.98774743044744,49.48997656644706,53.93002957501398,46.64507215561014,74.0,-0.23743269497020947,2.531791079843761,2.557108990642199,2.5547319905259904,1.3176178242728747,2.5293024600223997,1.3166759661707457,1.3210813090475404,2.557108990642199,1.1697811569068068,1.4100779432490034,1.3153428466992865,1.1707853501055485,1.4118011199540328,2.380029028770549,2.726804858495954,0.09071981090649239,-0.15029595894199188,0.169695867853755,-0.17707996187164987,False,False,0.04705885089009719,0.09411770178019438,0.04704533618875221,0.09409067237750442
1550,25.833333333333332,False,False,49.76239917253026,50.0,61.9909841683118,49.48984682519766,53.93239715371658,46.641491798678615,74.0,-0.2376008274697412,2.5304158282762956,2.5557199865590587,2.5534169436332514,1.3178788083121202,2.528494178684951,1.3169421838910271,1.3215301197097598,2.5557199865590587,1.1701144752392918,1.4106510102103724,1.3156087948740152,1.1711110827406297,1.4123646429324137,2.3786287158165753,2.7255891780557615,0.09083452322265395,-0.15041903696913006,0.16986919149670276,-0.17709127074248343,False,False,0.04704533618875221,0.09409067237750442,0.04703189272948846,0.09406378545897692
1555,25.916666666666668,False,False,49.76224333435855,50.0,61.99422543964275,49.4897291897611,53.93477126012049,46.63793475473265,74.0,-0.2377566656414487,2.52904793681082,2.554338416178928,2.552108946936168,1.3181383679653786,2.5276887772507455,1.31720692477535,1.321976087283938,2.554338416178928,1.1704452745858904,1.411220905854451,1.3158732677069112,1.1714343506880465,1.4129250562446791,2.3772358652159697,2.7243800629975246,0.09094896896074123,-0.15054173659589143,0.17004164681859635,-0.17710255096295846,False,False,0.04703189272948846,0.09406378545897692,0.04701851994802736,0.09403703989605472
1560,26.0,False,False,49.76209960462398,50.0,61.99747109508434,49.48962347558586,53.93715172656728,46.63440078284163,74.0,-0.23790039537602325,2.527687366751559,2.5529642404190747,2.550807964106747,1.3183965172685463,2.5268862360139503,1.3174702036010015,1.322419231121121,2.5529642404190747,1.1707735730106028,1.4117876506840124,1.3161362799726248,1.1717551716386203,1.413482379961233,2.3758504367747886,2.723177480961448,0.09106314884011213,-0.1506640594825006,0.17021324054237352,-0.17711380364428608,False,False,0.04701851994802736,0.09403703989605472,0.0470052172862509,0.0940104345725018
1565,26.083333333333332,False,False,49.76196779987236,50.0,62.00072098710706,49.489529499511654,53.93953838819386,46.630889645402526,74.0,-0.23803220012764115,2.526334079473155,2.5515974202678864,2.5495139588681184,1.3186532700605293,2.526086535580522,1.3177320349365247,1.3228595705134922,2.5515974202678864,1.1710993884538838,1.4123512650588046,1.3163978462115211,1.1720735633330723,1.4140366341838297,2.3744723903917846,2.7219813996042332,0.09117706367033751,-0.1507860071804199,0.17038397933634686,-0.1771250298761018,False,False,0.0470052172862509,0.0940104345725018,0.04699198419210508,0.09398396838421016
1570,26.166666666666668,False,False,49.76184773905521,50.0,62.00397496998634,49.48944708154758,53.94193108168414,46.627401107050545,74.0,-0.23815226094478703,2.5249880364239976,2.5502379167882374,2.5482268949980087,1.318908639986365,2.52528965686186,1.3179924331450272,1.323297124606079,2.5502379167882374,1.1714227387871714,1.412911769250388,1.3166579807589642,1.1723895432710663,1.414587838754904,2.373101686061415,2.7207917866028297,0.09129071414882506,-0.1509075813350127,0.1705538698145923,-0.1771362307268225,False,False,0.04699198419210508,0.09398396838421016,0.046978820119505334,0.09395764023901067
1575,26.25,False,False,49.76173924349949,50.0,62.00723289978157,49.48937604393773,53.94432964644516,46.62393493566171,74.0,-0.23826075650050882,2.5236491991294563,2.5488856911207507,2.5469467363321225,1.319162640500289,2.5244955810686,1.3182514123874365,1.3237319124408988,2.5488856911207507,1.1717436417589244,1.4134691833884665,1.3169166977892475,1.172703128947033,1.4151360134936795,2.3717382838767502,2.7196086096580943,0.09140410105278063,-0.15102878349386573,0.17072291853734356,-0.17714740724400047,False,False,0.046978820119505334,0.09395764023901067,0.0469657245282909,0.0939314490565818
1580,26.333333333333332,False,False,49.761642136877434,50.0,62.01049463431508,49.48931621083053,53.94673392376137,46.62049090161122,74.0,-0.23835786312256602,2.5223175291950297,2.54754070448698,2.545673446767422,1.319415284868755,2.523704289704535,1.3185089866257023,1.324163952971676,2.54754070448698,1.1720621150311934,1.4140235274977557,1.3171740112423778,1.1730143377363913,1.4156811780826597,2.370382144032314,2.718431836498363,0.0915172251109837,-0.1511496152352847,0.17089113201138284,-0.17715856045466616,False,False,0.0469657245282909,0.0939314490565818,0.046952696884117594,0.09390539376823519
1585,26.416666666666668,False,False,49.76155624517687,50.0,62.01376003315154,49.48926740915436,53.94914375696243,46.617068777906674,74.0,-0.2384437548231304,2.520992988309403,2.546202918192497,2.5444069902653386,1.3196665861734058,2.522915764560667,1.3187651696259484,1.3245932650196939,2.546202918192497,1.1723781761708567,1.414574821489501,1.3174299348533625,1.1733231868930367,1.416223352065393,2.3690332268268284,2.7172614348829227,0.0916300870456992,-0.15127007812665716,0.17105851669042593,-0.1771696913656684,False,False,0.046952696884117594,0.09390539376823519,0.04693973665839752,0.09387947331679504
1590,26.5,False,False,49.76148139667168,50.0,62.01702895757751,49.48922946798677,53.95155899161289,46.61366834033988,74.0,-0.2385186033283233,2.5196755382474154,2.5448722936298895,2.5431473308548753,1.3199165573139953,2.5221299877093895,1.319019974961579,1.3250198673032265,2.5448722936298895,1.1726918426399016,1.4151230851520507,1.3176844822107796,1.1736296935959043,1.4167625548932952,2.367691492665875,2.7160973726054003,0.09174268759006865,-0.15139017370732222,0.17122507897551076,-0.17718080096401456,False,False,0.04693973665839752,0.09387947331679504,0.04692684332820103,0.09385368665640206
1595,26.583333333333332,False,False,49.761417421892794,50.0,62.02030127058125,49.48920221882852,53.953979475276206,46.610289367272166,74.0,-0.23858257810720573,2.5183651408729495,2.543548792281679,2.5418944326356376,1.3201652110112643,2.521346941498786,1.3192734160163193,1.325443778422823,2.543548792281679,1.1730031318047953,1.4156683381604902,1.3179376666542795,1.1739338748991879,1.4172988058761309,2.366356902064483,2.714939617497058,0.09185502745330787,-0.15150990352363514,0.1713908252153793,-0.17719189021719606,False,False,0.04692684332820103,0.09385368665640206,0.04691401637621235,0.0938280327524247
1600,26.666666666666668,False,False,49.76136415359944,50.0,62.02357683683285,49.48918549497434,53.956405057675354,46.60693163976156,74.0,-0.23863584640056246,2.5170617581417343,2.5422323757231515,2.5406482597807702,1.320412559809769,2.5205666085470546,1.3195255059872235,1.3258650168907389,2.5422323757231515,1.1733120609281222,1.4162106000685586,1.3181895013917257,1.1742357478062138,1.4178321242561391,2.3650294156496403,2.7137881374300186,0.09196710736540026,-0.15162926908452512,0.17155576170686704,-0.17720296007351122,False,False,0.04691401637621235,0.0938280327524247,0.04690125529064019,0.09380251058128038
1605,26.75,False,False,49.761321426750534,50.0,62.02685552266445,49.48917913208963,53.95883559028695,46.603594941202,74.0,-0.23867857324946584,2.5157653521040624,2.540923005625103,2.5394087765398297,1.320658616080663,2.5197889717370483,1.319776257887626,1.3262836011015042,2.540923005625103,1.1736186471856238,1.4167498903259508,1.3184399994113392,1.174535329181225,1.4183625291200712,2.3637089941627107,2.712642900320375,0.09207892801856699,-0.15174827192027918,0.17171989469527205,-0.17721401146239213,False,False,0.04690125529064019,0.09380251058128038,0.0468885595651305,0.093777119130261
1610,26.833333333333332,False,False,49.76128907847659,50.0,62.030137196050795,49.48918296848603,53.96127092670371,46.60027905762486,74.0,-0.23871092152341333,2.5144758849074327,2.539620643756507,2.538175947241543,1.3209033920244384,2.5190140142109287,1.3200256845500487,1.3266995493172091,2.539620643756507,1.1739229076488584,1.4172862282612384,1.3186891735256268,1.1748326357774657,1.4188900394275137,2.362395598461795,2.711503874131252,0.09219049011030456,-0.15186691353974346,0.17188323037474484,-0.17722504529471195,False,False,0.0468885595651305,0.093777119130261,0.046875928698708526,0.09375185739741705
1615,26.916666666666668,False,False,49.76126694805191,50.0,62.03342172659002,49.48919684389186,53.963710922664504,46.596983777714286,74.0,-0.23873305194808836,2.5131933187991096,2.538325251987101,2.536949736296523,1.3211468996736153,2.518241719364939,1.3202737986290523,1.3271128797263647,2.538325251987101,1.174224859282766,1.4178196330796888,1.3189370363860236,1.1751276843114218,1.4194146740853744,2.3610891895240016,2.71037102687576,0.09230179435900965,-0.15198519541494293,0.17204577488865924,-0.1772360624630993,False,False,0.046875928698708526,0.09375185739741705,0.04686336219571574,0.09372672439143148
1620,27.0,False,False,49.76125487686719,50.0,62.03670898548468,49.48922060063286,53.96615543551655,46.593708892333204,74.0,-0.2387451231328086,2.5119176161286094,2.5370367922898955,2.535730108199881,1.3213891508953959,2.5174720708442724,1.3205206126040532,1.327523610385042,2.5370367922898955,1.1745245189687,1.4183501238865472,1.31918360046825,1.175420491329076,1.4199364518143693,2.3597897284476566,2.709244326619883,0.09241284142932726,-0.15210311905596607,0.1722075343299876,-0.17724706384223898,False,False,0.04686336219571574,0.09372672439143148,0.04685085956573951,0.09370171913147902
1625,27.083333333333332,False,False,49.761252708402075,50.0,62.039998845522874,49.48925408300602,53.968604324811444,46.59045419502664,74.0,-0.23874729159792452,2.5106487393501045,2.5357552267436057,2.53451702753377,1.3216301573942706,2.5167050525380623,1.3207661387820895,1.3279317592463031,2.5357552267436057,1.174821903476704,1.4188777196595581,1.31942887805767,1.1757110733283012,1.4204553912716467,2.3584971764544287,2.7081237414852857,0.09252363202534353,-0.15222068591800197,0.17236851474168002,-0.17725805028917696,False,False,0.04685085956573951,0.09370171913147902,0.04683842032350692,0.09367684064701384
1630,27.166666666666668,False,False,49.76126028819844,50.0,62.04329118105991,49.48929713755775,53.97105745185718,46.58721948162553,74.0,-0.23873971180155706,2.50938665102476,2.5344805175350076,2.533310458969857,1.321869930714583,2.5159406485744706,1.3210103893005407,1.3283373441454842,2.5344805175350076,1.1751170294845723,1.4194024392682674,1.3196728812785752,1.175999446665305,1.4209715109574597,2.357211494891398,2.7070092396520327,0.09263416681197545,-0.15233789748017923,0.17252872211702508,-0.17726902264360955,False,False,0.04683842032350692,0.09367684064701384,0.04682604398886327,0.09365208797772653
1635,27.25,False,False,49.76127746383382,50.0,62.046585867999816,49.489349612158314,53.97351468000818,46.584004550486746,74.0,-0.2387225361661791,2.508131313822993,2.533212626961223,2.5321103672717156,1.322108482243053,2.5151788433158764,1.3212533761298089,1.328740382844344,2.533212626961223,1.175409913563875,1.4199243014602783,1.3199156220795432,1.1762856276764846,1.4214848293372395,2.3559326452330485,2.705900789361257,0.09274444649289548,-0.15245475516785945,0.17268816240003382,-0.17727998172817472,False,False,0.04682604398886327,0.09365208797772653,0.04681373008668381,0.09362746017336762
1640,27.333333333333332,False,False,49.76130408489511,50.0,62.04988278377739,49.48941135748525,53.97597587404534,46.58080920194902,74.0,-0.2386959151048913,2.506882690526661,2.5319515174319274,2.5309167172971527,1.3223458232112622,2.5144196213541683,1.3214951110759476,1.3291408929574846,2.5319515174319274,1.175700572206786,1.4204433248883217,1.3201571122773659,1.1765696324945254,1.4219953646579153,2.35466058908318,2.7047983589177163,0.09285447170043071,-0.1525712604629592,0.17284684148578888,-0.17729092834874738,False,False,0.04681373008668381,0.09362746017336762,0.046801478146806325,0.09360295629361265
1645,27.416666666666668,False,False,49.7613400029527,50.0,62.05318180734034,49.48948222609866,53.97844090105104,46.57763323907723,74.0,-0.2386599970473,2.5056407440311808,2.5306971514714927,2.5297294740004483,1.3225819646980943,2.5136629675061313,1.3217356057832566,1.329538891996499,2.5306971514714927,1.1759890217859459,1.4209595280703333,1.3203973634838349,1.1768514772224468,1.422503135122169,2.353395288176792,2.7037019166923244,0.09296424312567009,-0.15268741477405223,0.17300476522083175,-0.17730186329470055,False,False,0.046801478146806325,0.09360295629361265,0.04678928770397769,0.09357857540795537
1650,27.5,False,False,49.76138507153468,50.0,62.05648281913161,49.48956207211967,53.98090962975805,46.57447646709193,74.0,-0.23861492846531718,2.5044054373475806,2.5294494917210564,2.528548602434558,1.3228169176321405,2.512908866808936,1.3219748717368345,1.3299343973846862,2.5294494917210564,1.1762752785827333,1.4214729294179511,1.3206363871789564,1.1771311778555618,1.4230081588106074,2.3521367043818495,2.7026114311245624,0.09307376142592116,-0.15280321952912446,0.173161939403506,-0.17731278733920686,False,False,0.04678928770397769,0.09357857540795537,0.046777158297757464,0.09355431659551493
1655,27.583333333333332,False,False,49.761439146101736,50.0,62.05978570107206,49.48965075181207,53.983381930608196,46.57133869341053,74.0,-0.23856085389826376,2.5031767336044783,2.528208500940523,2.5273740677532057,1.3230506927940624,2.512157304515708,1.3222129202650805,1.3303274264276206,2.528208500940523,1.1765593587837522,1.4219835472332236,1.3208741946963074,1.1774087502810493,1.4235104536815373,2.350884799701035,2.7015268707248574,0.0931830272539167,-0.1529186761465713,0.17331836978433435,-0.17732370123948815,False,False,0.046777158297757464,0.09355431659551493,0.04676508947250759,0.09353017894501518
1660,27.666666666666668,False,False,49.76150208402196,50.0,62.06309033654326,49.489748123261634,53.98585767584495,46.56821972771791,74.0,-0.23849791597803716,2.501954596050002,2.5269741420105016,2.526205835212946,1.32328330081892,2.511408266091203,1.3224497625421687,1.3307179963278668,2.5269741420105016,1.1768412784758282,1.4224913997038198,1.3211107971644651,1.1776842103007008,1.4240100375939133,2.3496395362734024,2.7004482040768734,0.09329204126604651,-0.153033786027166,0.17347406206637173,-0.17733460573709925,False,False,0.04676508947250759,0.09353017894501518,0.04675308077727964,0.09350616155455928
1665,27.75,False,False,49.76157374454616,50.0,62.06639661037051,49.48985404665778,53.9883367394024,46.56511938186174,74.0,-0.2384262554538381,2.500738988053639,2.5257463779341753,2.525043870175138,1.3235147521984585,2.5106617372075632,1.322685409590474,1.3311061241702646,2.5257463779341753,1.1771210536501486,1.4229965049073723,1.3213462056241498,1.1779575735949468,1.424506928271564,2.348400876375994,2.6993753998397407,0.09340080410129947,-0.15314855057531784,0.1736290219055654,-0.17734550155818152,False,False,0.04675308077727964,0.09350616155455928,0.046741131765771105,0.09348226353154221
1670,27.833333333333332,False,False,49.761653988783515,50.0,62.06970440880622,49.48996838397394,53.99081899707089,46.56203746998611,74.0,-0.23834601121648546,2.499529873108026,2.5245251718391066,2.5238881381078673,1.3237450572833618,2.509917703740159,1.3229198722829603,1.3314918269366445,2.5245251718391066,1.17739870019403,1.423498880803457,1.3215804309257237,1.1782288557661438,1.4250011433466687,2.347168782425376,2.6983084267502147,0.09350931641002425,-0.1532629711705007,0.17378325491110802,-0.17735638941373066,False,False,0.046741131765771105,0.09348226353154221,0.046729241996279924,0.09345848399255985
1675,27.916666666666668,False,False,49.76174267967738,50.0,62.07301361951324,49.4900909986485,53.99330432628249,46.558973808338024,74.0,-0.23825732032261726,2.498327214830674,2.5233104869789806,2.5227386045877953,1.3239742262854663,2.5091761517635223,1.3231531613455316,1.331875121520543,2.5233104869789806,1.1776742338997412,1.4239985452426165,1.3218134837877642,1.1784980723360778,1.425492700357453,2.345943216979137,2.69724725362478,0.0936175788369098,-0.15337704918446526,0.17393676664579916,-0.17736726999984365,False,False,0.046729241996279924,0.09345848399255985,0.04671741103161931,0.09343482206323862
1680,28.0,False,False,49.76183968198149,50.0,62.076324131548674,49.490221756469595,53.99579260598921,46.555928215154104,74.0,-0.23816031801850812,2.4971309769656345,2.522102286735291,2.5215952353019584,1.3242022692799416,2.50843706754736,1.3233852873593441,1.3322560246830564,2.522102286735291,1.1779476704691931,1.4244955159712436,1.3220453747824195,1.1787652386792513,1.4259816166816617,2.3447241427373173,2.6961918493616825,0.0937255919986053,-0.15349078600380506,0.17408956262639164,-0.17737814399797358,False,False,0.04671741103161931,0.09343482206323862,0.046705638439069976,0.09341127687813995
1685,28.083333333333332,False,False,49.76194486223643,50.0,62.079635835347716,49.49036052495613,53.99828371707107,46.552900511003045,74.0,-0.2380551377635669,2.495941123385104,2.520900534618955,2.5204579960495,1.3244291962074342,2.5077004375526504,1.3236162607630817,1.332634553082271,2.520900534618955,1.1782190254949068,1.4249898106127505,1.3222761143207664,1.1790303701065983,1.4264679096204547,2.343511522543772,2.6951421829428943,0.0938333565381837,-0.1536041829756727,0.1742416483239393,-0.17738901207518287,False,False,0.046705638439069976,0.09341127687813995,0.0466939237903254,0.0933878475806508
1690,28.166666666666668,False,False,49.76205808874648,50.0,62.08294862270782,49.49050717304016,54.00077754198754,46.5498905184775,74.0,-0.2379419112535217,2.494757618090973,2.5197051942718827,2.5193268527433332,1.324655016876175,2.5069662484278163,1.3238460918551913,1.33301072328798,2.5197051942718827,1.1784883144749025,1.4254814466826382,1.3225057127113815,1.179293481839647,1.4269515963727517,2.342305319387512,2.6940982234360424,0.09394087308477173,-0.153717241448333,0.17439302916415977,-0.1773998748843706,False,False,0.0466939237903254,0.0933878475806508,0.04668226666143743,0.09336453332287487
1695,28.25,False,False,49.76217923155648,50.0,62.08626238677301,49.490661571351495,54.00327396469456,46.54689806211424,74.0,-0.23782076844351963,2.493580425216314,2.518516229468477,2.5182017714117775,1.3248797409640585,2.5062344870049773,1.3240747907960895,1.3333845517669671,2.518516229468477,1.178755552815726,1.425970441591718,1.3227341801017702,1.1795545890026313,1.427432694027516,2.341105496403947,2.693059939996238,0.0940481422605488,-0.1538299627643358,0.17454371052776096,-0.17741073306453004,False,False,0.04668226666143743,0.09336453332287487,0.04667066663273126,0.09334133326546253
1700,28.333333333333332,False,False,49.76230816242939,50.0,62.08957702201833,49.490823592502466,54.00577287068513,46.54392296842104,74.0,-0.2376918375706083,2.492409509026817,2.517333604117085,2.5170827182000926,1.3251033780206816,2.5055051402962865,1.3243023676103225,1.3337560548682905,2.517333604117085,1.1790207558299362,1.4264568126437793,1.322961526493009,1.1798137066042353,1.4279112195456747,2.3399120168761147,2.6920273018678893,0.09415516467738416,-0.15394234826405517,0.17469369775080423,-0.17742158724097035,False,False,0.04667066663273126,0.09334133326546253,0.04665912328879472,0.09331824657758944
1705,28.416666666666668,False,False,49.76244475482373,50.0,62.09289242423473,49.49099311107236,54.008274147154346,46.54096506601074,74.0,-0.23755524517626725,2.49124483392217,2.516157282261392,2.515969659372002,1.3253259374693536,2.504778195490325,1.3245288321887052,1.334125248823284,2.516157282261392,1.1792839387280465,1.4269405770277088,1.3231877617836745,1.1800708495479997,1.4283871897706901,2.338724844235838,2.6910002783864275,0.09426194094740614,-0.1540543992752843,0.17484299612503573,-0.17743243802555364,False,False,0.04665912328879472,0.09331824657758944,0.04664763621837771,0.09329527243675542
1710,28.5,False,False,49.76258888387164,50.0,62.09620849051382,49.49117000299106,54.01077768300506,46.538024185598076,74.0,-0.23741111612835653,2.490086364437381,2.514987228081755,2.5148625613111326,1.3255474286090723,2.50405363994859,1.3247541942904104,1.3344921497749875,2.514987228081755,1.1795451166176232,1.427421751816768,1.323412895696629,1.1803260326715035,1.4288606214679127,2.337543942064829,2.689978838979987,0.09436847169292517,-0.15416611710348405,0.1749916108982319,-0.17744328601692594,False,False,0.04664763621837771,0.09329527243675542,0.04663620501437876,0.09327241002875752
1715,28.583333333333332,False,False,49.76274042635691,50.0,62.099525119233135,49.49135414522382,54.01328336852844,46.535100159717224,74.0,-0.2372595736430867,2.4889340652440537,2.513823405896494,2.513761390522408,1.325767860616467,2.5033314612020363,1.3249784635450372,1.3348567737928625,2.513823405896494,1.1798043045169806,1.4279003539824566,1.3236369378815198,1.1805792707462668,1.4293315313246404,2.336369274095764,2.68896295317103,0.09447475753177792,-0.1542775030465957,0.17513954727453607,-0.17745413180073033,False,False,0.04663620501437876,0.09327241002875752,0.04662482927375049,0.09324965854750097
1720,28.666666666666668,False,False,49.76289926069365,50.0,62.102842210041395,49.4915454175611,54.015791095240694,46.53219282257376,74.0,-0.23710073930634934,2.4877879011516106,2.5126657801631267,2.512666113633397,1.3259872425477122,2.5026116469477,1.3252016494546353,1.335219136784499,2.5126657801631267,1.1800615173618976,1.4283764004014023,1.3238598978269238,1.180830578341671,1.4297999358142057,2.3352008042132826,2.6879525905779285,0.09458079902970673,-0.15438855844282795,0.17528681041480176,-0.17746497594984412,False,False,0.04662482927375049,0.09324965854750097,0.04661350859749635,0.0932270171949927
1725,28.75,False,False,49.763065266904825,50.0,62.106159663843954,49.49174370080072,54.01830075674872,46.529302010781606,74.0,-0.23693473309517543,2.4866478371084595,2.5115143154795443,2.5115766973956055,1.326205583340411,2.5018941850453875,1.3254237613957054,1.3355792545839087,2.5115143154795443,1.1803167699662118,1.4288499078161223,1.3240817848749886,1.181079970039433,1.430265851410598,2.334038496454967,2.6869477209164594,0.09468659682668923,-0.1544992845444757,0.1754334054369151,-0.17747581902457732,False,False,0.04661350859749635,0.0932270171949927,0.04660224259056399,0.09320448518112798
1730,28.833333333333332,False,False,49.76323832660135,50.0,62.10947738278868,49.4919488770353,54.020812247768774,46.52642756251161,74.0,-0.23676167339864662,2.4855138382031203,2.5103689765851516,2.510493108685713,1.3264228918154435,2.501179063514427,1.3256448086211643,1.3359371429368094,2.5103689765851516,1.180570077065253,1.429320892878614,1.3243026082946472,1.1813274602869264,1.4307292944419472,2.3328823150122506,2.6859483140012967,0.09479215150513776,-0.15460968264988306,0.17557933741614518,-0.17748666157290094,False,False,0.04660224259056399,0.09320448518112798,0.0465910308618309,0.0931820617236618
1735,28.916666666666668,False,False,49.763418322961414,50.0,62.11279527025166,49.492160830541096,54.02332546448387,46.52356931779173,74.0,-0.23658167703858624,2.4843858696652963,2.5092297283619494,2.5094153145067737,1.3266391766787895,2.5004662705304925,1.325864800262273,1.3362928174564788,2.5092297283619494,1.180821453299261,1.4297893721339403,1.3245223771937618,1.1815730634137804,1.4311902811072672,2.331732224231301,2.6849543397474065,0.09489746365078844,-0.15471975404269833,0.17572461138545714,-0.17749750413064813,False,False,0.0465910308618309,0.0931820617236618,0.04657987302404786,0.09315974604809572
1740,29.0,False,False,49.763605140710006,50.0,62.116113230823395,49.492379446563014,54.02584030471929,46.52072711865067,74.0,-0.23639485928999449,2.483263896866902,2.508096535835571,2.5083432819893536,1.3268544465233205,2.4997557944224877,1.3260837453305399,1.3366462936826156,2.508096535835571,1.1810709132049808,1.4302553620119756,1.3247411005923369,1.1818167937128357,1.4316488275575627,2.330588188613846,2.6839657681714297,0.09500253387494717,-0.1548294999697799,0.1758692323358586,-0.17750834722172515,False,False,0.04657987302404786,0.09315974604809572,0.04656876869378785,0.0931375373875757
1745,29.083333333333332,False,False,49.763798666098616,50.0,62.11943117029501,49.49260461250457,54.028356667458624,46.51790080869473,74.0,-0.2362013339013842,2.4821478853230445,2.506969364176275,2.507276978392638,1.3270687098305627,2.499047623669497,1.3263016527195939,1.336997587022479,2.506969364176275,1.181318471236846,1.4307188788487477,1.3249587873493056,1.182058665302599,1.4321049497584288,2.329450172817962,2.682982569392988,0.09510736273594977,-0.15493892171988,0.1760132052167127,-0.17751919135831296,False,False,0.04656876869378785,0.0931375373875757,0.04655771749137416,0.09311543498274832
1750,29.166666666666668,False,False,49.763998786885445,50.0,62.122748995644685,49.49283621641357,54.03087445346338,46.51509023363346,74.0,-0.23600121311455524,2.481037800692956,2.505848178699886,2.506216371105475,1.32728197497243,2.498341746897796,1.3265185312070207,1.3373467128244647,2.505848178699886,1.1815641417386928,1.4311799388583006,1.3251754462503869,1.182298692319902,1.4325586636828522,2.328318141658819,2.6820047136359566,0.09521195085838752,-0.1550480205045628,0.17615653493607075,-0.17753003704106707,False,False,0.04655771749137416,0.09311543498274832,0.046546719040872986,0.09309343808174597
1755,29.25,False,False,49.7642053923157,50.0,62.12606661502436,49.493074148773545,54.033393564369156,46.51229524049595,74.0,-0.23579460768429783,2.47993360878089,2.504732944868699,2.505161427647388,1.3274942502129308,2.497638152877918,1.3267343894561736,1.337693686289813,2.504732944868699,1.1818079389838017,1.4316385581728845,1.3253910859495137,1.1825368886725078,1.433009985063957,2.3271920601093856,2.6810321712296976,0.09531629877414405,-0.15515679761730516,0.1762992263609986,-0.1775408847593134,False,False,0.046546719040872986,0.09309343808174597,0.04653577297002088,0.09307154594004176
1760,29.333333333333332,False,False,49.76441837310212,50.0,62.12938393774638,49.493318300689694,54.03591390377864,46.50951567856341,74.0,-0.23558162689788276,2.478835275536966,2.5036236282923356,2.5041121156695416,1.3277055437098466,2.496936830521787,1.3269492360179576,1.3380385225609008,2.5036236282923356,1.1820498771254129,1.4320947527936203,1.3256057149834761,1.1827732683178924,1.4334589296739255,2.3260718933010893,2.680064912610225,0.09542040711302469,-0.1552652542430084,0.1764412843178893,-0.17755173499124632,False,False,0.04653577297002088,0.09307154594004176,0.046524878910171596,0.09304975782034319
1765,29.416666666666668,False,False,49.76463762140587,50.0,62.13270087427059,49.49356856538055,54.03843537607477,46.50675139834261,74.0,-0.23536237859413234,2.477742767057976,2.5025201947285556,2.503068402955657,1.3279158635163846,2.496237768879908,1.3271630793325766,1.338381236647665,2.5025201947285556,1.1822899702495027,1.4325485386434134,1.3258193417719213,1.1830078449887742,1.4339055130496603,2.324957606524444,2.679102908321346,0.09552427640199523,-0.15537339165889086,0.17658271359279043,-0.17756258820411164,False,False,0.046524878910171596,0.09304975782034319,0.04651403649627257,0.09302807299254515
1770,29.5,False,False,49.76486303081759,50.0,62.13601733619141,49.49382483726607,54.040957887503374,46.50400225248957,74.0,-0.23513696918241322,2.4766560495881516,2.501422610084033,2.502030257422895,1.3281252175827998,2.4955409571386054,1.3273759277312625,1.338721843471749,2.501422610084033,1.1825282323257802,1.432999931518096,1.3260319746759253,1.1832406324195415,1.434349750719346,2.323849165229633,2.6781461290157504,0.09562790724759695,-0.15548121105220747,0.17672351893171756,-0.17757344485439974,False,False,0.04651403649627257,0.09302807299254515,0.04650324536679607,0.09300649073359214
1775,29.583333333333332,False,False,49.765094496338776,50.0,62.139333236225184,49.49408701195763,54.04348134534823,46.501268095094275,74.0,-0.2349055036612242,2.4755750895198854,2.500330840415084,2.500997647122692,1.3283336137579942,2.49484638461733,1.327587789437966,1.3390603578665015,2.500330840415084,1.1827646772442728,1.4334489471231444,1.3262436218662061,1.183471644215359,1.434791658071683,2.3227465350270546,2.6771945454560555,0.09573130020518161,-0.15558871365114246,0.17686370504097138,-0.1775843053880295,False,False,0.04650324536679607,0.09300649073359214,0.04649250516371568,0.09298501032743137
1780,29.666666666666668,False,False,49.76533191436326,50.0,62.142648488197565,49.49435498654869,54.04600565823473,46.498548781935185,74.0,-0.23466808563674135,2.4744998533944202,2.4992448519283643,2.499970540241555,1.3285410597910903,2.4941540407660097,1.3277986725710302,1.3393967945622627,2.4992448519283643,1.1829993188012895,1.4338956010597859,1.3264542914841968,1.1837008939050013,1.4352312504088536,2.3216496816878407,2.6762481285158177,0.0958344558465909,-0.15569590065726135,0.1770032765874534,-0.17759517024052363,False,False,0.04649250516371568,0.09298501032743137,0.04648181553243446,0.09296363106486892
1785,29.75,False,False,49.76557518265922,50.0,62.14596300703131,49.4946286596053,54.048530736025775,46.495844170383606,74.0,-0.23442481734078058,2.473430307902493,2.498164610981518,2.4989489051018294,1.3287475633329757,2.493463915162458,1.3280085851448247,1.339731168186363,2.498164610981518,1.1832321707037008,1.4343399088294035,1.3266639915249017,1.1839283949102337,1.4356685429160205,2.3205585711443217,2.6753068491804908,0.09593737472965747,-0.15580277327612935,0.1771422381989729,-0.17760603983719614,False,False,0.04648181553243446,0.09296363106486892,0.04647117612178811,0.09294235224357622
1790,29.833333333333332,False,False,49.76582420035099,50.0,62.1492767087339,49.494907931457284,54.05105648995231,46.493154119509626,74.0,-0.2341757996490088,2.4723664198849447,2.497090084083794,2.4979327101624063,1.3289531319378274,2.4927759975098365,1.3282175350713683,1.3400634932484081,2.497090084083794,1.1834632465627,1.4347818858274286,1.3268727298954675,1.1841541605407289,1.4361035506563755,2.319473169490476,2.6743706785483568,0.0960400574079674,-0.15590933270767926,0.17728059446456257,-0.17761691459331796,False,False,0.04647117612178811,0.09294235224357622,0.046460586583935405,0.09292117316787081
1795,29.916666666666668,False,False,49.76607886790157,50.0,62.15258951038562,49.49519270298806,54.053582832708166,46.49047849015718,74.0,-0.23392113209843046,2.471308156333292,2.496021237896625,2.4969219240194165,1.3291577730646056,2.492090277634164,1.3284255301619106,1.3403937841991411,2.496021237896625,1.1836925598891839,1.435221547338856,1.327080514385898,1.1843782040875732,1.4365362886647577,2.3183934429823236,2.6734395878314055,0.09614250446561656,-0.1560155801115679,0.17741834993478056,-0.17762779491430125,False,False,0.046460586583935405,0.09292117316787081,0.04645004657438213,0.09290009314876425
1800,30.0,False,False,49.766339087094984,50.0,62.155901330127584,49.4954828765272,54.056109677833575,46.487817144408986,74.0,-0.233660912905016,2.4702554843902664,2.4949580392341693,2.4959165154068645,1.329361494078531,2.491406745481879,1.3286325781285024,1.3407220553862955,2.4949580392341693,1.1839201241210522,1.435658908565662,1.327287352727626,1.1846005387011571,1.4369667718256685,2.317319358038316,2.6725135483561933,0.09624471643937293,-0.1561215166851384,0.177555509122024,-0.17763868119585347,False,False,0.04645004657438213,0.09290009314876425,0.046439555751888476,0.09287911150377695
1805,30.083333333333332,False,False,49.76660476101918,50.0,62.15921208715011,49.495778356142495,54.05863694019812,46.48516994599513,74.0,-0.23339523898081893,2.4692083713503123,2.4939004550638155,2.4949164531972547,1.3295643022525285,2.490725391117454,1.3288386865855244,1.3410483210398798,2.4939004550638155,1.1841459526012101,1.436093984604931,1.3274932524910128,1.184821177438946,1.4373950149211567,2.316250881239653,2.67159253156464,0.09634669388127692,-0.1562271436009337,0.1776920765008243,-0.17764957382416258,False,False,0.046439555751888476,0.09287911150377695,0.04642911377846606,0.09285822755693213
1810,30.166666666666668,False,False,49.766875794048914,50.0,62.16252170168107,49.4960790473316,54.06116453602422,46.48253676030749,74.0,-0.23312420595108563,2.4681667846600543,2.4928484525066548,2.4939217064021464,1.3297662047686567,2.490046204721047,1.329043863051207,1.3413725952868936,2.4928484525066548,1.184370058576181,1.4365267904475914,1.3276982212171333,1.1850401332604616,1.437821032625912,2.315187979330611,2.67067650901481,0.09644843733901842,-0.15633246202643192,0.17782805650815536,-0.1776604731760436,False,False,0.04642911377846606,0.09285822755693213,0.04641872031930739,0.09283744063861478
1815,30.25,False,False,49.76715209182904,50.0,62.16583009497444,49.49638485611358,54.063692382858264,46.47991745436904,74.0,-0.23284790817096024,2.467130691918734,2.4918019988379214,2.4929322441727106,1.329967208719508,2.489369176586217,1.3292481149491127,1.3416948921954737,2.4918019988379214,1.1845924551970861,1.4369573409795107,1.3279022663152773,1.1852574190980874,1.4382448395781882,2.314130619218806,2.6697654523816565,0.0965499473827145,-0.15643747309738631,0.1779634535437351,-0.1776713796191154,False,False,0.04641872031930739,0.09283744063861478,0.046408375042770386,0.09281675008554077
1820,30.333333333333332,False,False,49.76743356125788,50.0,62.169137189299065,49.49669568992257,54.066220399051105,46.477311896382254,74.0,-0.23256643874211846,2.4661000608786074,2.4907610614873934,2.491948035800231,1.3301673211095897,2.4886942971176684,1.3294514496096035,1.3420152257307474,2.4907610614873934,1.18481315554266,1.437385651004637,1.328105395106877,1.1854730477480804,1.4386664502709199,2.3130787679754468,2.668859333457709,0.0966512245401725,-0.156542177982667,0.17809827197031547,-0.17768229351194664,False,False,0.046408375042770386,0.09281675008554077,0.04639807762031843,0.09279615524063686
1825,30.416666666666668,False,False,49.76772011047091,50.0,62.17244290792756,49.49701145820088,54.06874850423155,46.474719956130116,74.0,-0.23227988952908873,2.4650748594453167,2.48972560803977,2.490969050716578,1.3303665488566794,2.488021556829053,1.3296538742712813,1.3423336097254015,2.48972560803977,1.1850321725977102,1.4378117352235598,1.328307614810865,1.1856870318881056,1.4390858790693652,2.3120323928355466,2.6679581241537607,0.09675226934396375,-0.15664657783729585,0.1782325161139906,-0.17769321520422343,False,False,0.04639807762031843,0.09279615524063686,0.046387827726494066,0.09277565545298813
1830,30.5,False,False,49.768011648824604,50.0,62.175747175125174,49.497332070891105,54.07127661949929,46.472141505135994,74.0,-0.23198835117539574,2.464055055678225,2.488695606235007,2.4899952584946536,1.3305648987931618,2.487350946340813,1.3298553960824022,1.3426500579532603,2.488695606235007,1.1852495192441872,1.4382356082247005,1.3285089325876016,1.1858993841803502,1.4395031403143326,2.310991461198111,2.667061796499486,0.09685308236107226,-0.15675067377291008,0.17836619026447886,-0.17770414503689613,False,False,0.046387827726494066,0.09277565545298813,0.04637762503887543,0.09275525007775086
1835,30.583333333333332,False,False,49.76830808688056,50.0,62.179049916139114,49.497657439030064,54.073804666759926,46.469576416087484,74.0,-0.23169191311944104,2.463040617790728,2.4876710239686353,2.4890266288487983,1.3307623776673407,2.4866824563780647,1.3300560221022726,1.3429645840998548,2.4876710239686353,1.1854652082907549,1.4386572845139938,1.328709355480305,1.1861101171665496,1.4399182482173023,2.3099559406263057,2.6661703226440623,0.09695366411744755,-0.15685446693330518,0.17849929867542702,-0.17771508334232955,False,False,0.04637762503887543,0.09275525007775086,0.046367469238045224,0.09273493847609045
1840,30.666666666666668,False,False,49.76860933638975,50.0,62.18235105718768,49.49798747534286,54.07633256904921,46.467024563109554,74.0,-0.23139066361024874,2.4620315141505276,2.486651829292033,2.488063131635184,1.3309589921447338,2.486016077768527,1.330255759302618,1.34327720173299,2.486651829292033,1.18567925245799,1.4390767785001894,1.3289088904443362,1.1863192432832017,1.4403312168757494,2.3089257988475715,2.665283674856725,0.09705401514275946,-0.15695795844978822,0.1786318455646918,-0.17772603044446145,False,False,0.046367469238045224,0.09273493847609045,0.04635736000754313,0.09271472001508627
1845,30.75,False,False,49.768915310277094,50.0,62.18565052544986,49.49832209333623,54.07886025067556,46.464485821881325,74.0,-0.23108468972290552,2.461027713279883,2.4856379904126817,2.487104736852148,1.33115474880934,2.4853518014404923,1.330454614568934,1.3435879243468936,2.4856379904126817,1.185891664371743,1.4394941044883243,1.329107544376484,1.1865267749206996,1.440742060332375,2.307901003753745,2.6644018255273156,0.0971541359854815,-0.15706114942619398,0.1787638351146339,-0.17773698665893667,False,False,0.04635736000754313,0.09271472001508627,0.04634729703384241,0.09269459406768482
1850,30.833333333333332,False,False,49.76922592262606,50.0,62.18894824905471,49.498661208193184,54.081387636872556,46.4619600693327,74.0,-0.23077407737393685,2.460029183855832,2.48462947569439,2.4861514146405304,1.3313496541648935,2.484689618420836,1.3306525947018135,1.343896765318068,2.48462947569439,1.1861024565785006,1.4399092766951929,1.329305324056395,1.1867327243210934,1.4411507924729676,2.3068815234011315,2.663524747166795,0.09725402715489961,-0.15716404099697456,0.1788952714724048,-0.17774795229325857,False,False,0.04634729703384241,0.09269459406768482,0.0463372800062942,0.0926745600125884
1855,30.916666666666668,False,False,49.76954108866373,50.0,62.19224415707115,49.499004735867054,54.083914654274814,46.45944718404762,74.0,-0.23045891133627094,2.4590358947103805,2.4836262536574845,2.485203135283963,1.3315437146360918,2.484029519833072,1.3308497064182503,1.3442037379494378,2.4836262536574845,1.1863116415238106,1.4403223092278654,1.3295022361905013,1.1869371037050676,1.4415574271534775,2.3058673260105556,2.6626524124077107,0.09735368920403964,-0.15726663424437026,0.1790261587502262,-0.1777589276469289,False,False,0.0463372800062942,0.0926745600125884,0.04632730861712057,0.09265461723424114
1860,31.0,False,False,49.7698607247457,50.0,62.19553817949782,49.49935259307624,54.08644123033349,46.45694704575745,74.0,-0.23013927525430233,2.4580478148306732,2.48262829297898,2.484259869209133,1.3317369365698082,2.4833714968954395,1.3310459563529264,1.344508855470349,2.48262829297898,1.1865192315783002,1.4407332161098154,1.3296982874266634,1.1871399251985195,1.4419619781266881,2.304858379967391,2.6617847940046606,0.0974531226563391,-0.15736893027182952,0.17915650102568081,-0.17776991301158862,False,False,0.04632730861712057,0.09265461723424114,0.04631738256133813,0.09263476512267627
1865,31.083333333333332,False,False,49.770184748341734,50.0,62.19883024725286,49.49970469819932,54.0889672934413,46.454459535443334,74.0,-0.2298152516582661,2.4570649133591287,2.48163556249272,2.483321586986026,1.3319293262362808,2.4827155409190325,1.3312413510594696,1.3448121309924228,2.48163556249272,1.1867252390318734,1.4411420112752105,1.3298934842955987,1.1873412008068907,1.4423644590166478,2.3038546538215687,2.660921864834709,0.09755232802422498,-0.15747093018553215,0.1792863023419886,-0.17778090867115148,False,False,0.04631738256133813,0.09263476512267627,0.04630750153679101,0.09261500307358202
1870,31.166666666666668,False,False,49.77051307802089,50.0,62.20212029216427,49.50006097036995,54.09149277323515,46.45198453559077,74.0,-0.22948692197910958,2.4560871595935585,2.480648031189494,2.482388259328139,1.3321208898302839,2.482061643305967,1.3314358970117066,1.3451135775537024,2.480648031189494,1.1869296760799268,1.4415487085552334,1.3300878332840966,1.1875409424979233,1.4427648834015094,2.3028561162875505,2.6600635978977807,0.09765130584780701,-0.15757263505577912,0.17941556670828662,-0.17779191490194357,False,False,0.04630750153679101,0.09261500307358202,0.046297665244021936,0.09259533048804387
1875,31.25,False,False,49.77084563343754,50.0,62.205408246959834,49.50042133037234,54.094017600203344,46.44952192984802,74.0,-0.22915436656246158,2.4551145229872535,2.479665668217126,2.4814598570926654,1.332311633472282,2.4814097955475867,1.3316296006048745,1.3454132080745058,2.479665668217126,1.1871325548408103,1.4419533216956282,1.3302813407471605,1.1877391620857813,1.4431632646977497,2.301862736244298,2.6592099663170345,0.09775005662324388,-0.15767404598872448,0.17954429809990868,-0.17780293197282804,False,False,0.046297665244021936,0.09259533048804387,0.046287873386334964,0.09257574677266993
1880,31.333333333333332,False,False,49.771182335317015,50.0,62.20869404525767,49.50078569943665,54.09654170620559,46.44707160346705,74.0,-0.22881766468298537,2.454146973149048,2.4786884428805385,2.480536351280666,1.3325015632095611,2.480759989222703,1.331822468156833,1.345711035416289,2.4786884428805385,1.1873338873323118,1.4423558643332826,1.3304740130251504,1.1879358713885817,1.443559616317786,2.3008744827351877,2.658360943339197,0.09784858090149706,-0.1577751640277072,0.17967250045865857,-0.17781396014535078,False,False,0.046287873386334964,0.09257574677266993,0.04627812566968456,0.09255625133936912
1885,31.416666666666668,False,False,49.77152310544195,50.0,62.211977621556485,49.501154000434816,54.0990650237377,46.44463344266845,74.0,-0.22847689455804954,2.453184479843364,2.4777163246417975,2.479617713037192,1.3326906850173477,2.4801122159958684,1.3320145059092419,1.346007072322782,2.4777163246417975,1.1875336855044998,1.4427563500291702,1.3306658563412839,1.1881310820466644,1.4439539514883322,2.299891324967949,2.65751650233488,0.09794687916555023,-0.15787599027611754,0.17980017769308265,-0.17782499967384835,False,False,0.04627812566968456,0.09255625133936912,0.0462684218027101,0.0925368436054202
1890,31.5,False,False,49.77186786663831,50.0,62.21525891122632,49.50152615607665,54.10158748666313,46.442207335263795,74.0,-0.22813213336169014,2.4522270129902273,2.4767492831201294,2.4787039136514144,1.3328790047999013,2.479466467615692,1.3322057200287294,1.3463013315082846,2.4767492831201294,1.1877319612067374,1.4431547922354442,1.3308568768602074,1.188324805763492,1.4443462834913887,2.2989132323145376,2.6566766167988742,0.09804495198310414,-0.15797652574479248,0.1799273336787448,-0.17783605080559184,False,False,0.0462684218027101,0.0925368436054202,0.04625876149663876,0.09251752299327752
1895,31.583333333333332,False,False,49.77221654276202,50.0,62.21853785049909,49.50190209190569,54.104109029097565,46.43979316969519,74.0,-0.2277834572379831,2.4512745426652645,2.475787288091917,2.477794924556706,1.3330665283915977,2.4788227359131803,1.332396116608035,1.3465938255105085,2.475787288091917,1.1879287262376097,1.443551204345462,1.3310470806587091,1.1885170539397716,1.444736625298444,2.2979401743110155,2.6558412603504142,0.09814279978793539,-0.15807677157073696,0.18005397225849729,-0.17784711378090146,False,False,0.04625876149663876,0.09251752299327752,0.046249144465308985,0.09249828893061797
1900,31.666666666666668,False,False,49.7725690586855,50.0,62.22181437645953,49.50228173299597,54.106629587176045,46.4373908365451,74.0,-0.22743094131450192,2.450327039099676,2.474830309490673,2.476890717330715,1.3332532615579893,2.478181012800119,1.332585701667137,1.34688456685245,2.474830309490673,1.1881239922654632,1.4439455996144064,1.3312364737696498,1.1887078381340521,1.4451249900311582,2.2969721206574008,2.6550104067334157,0.09824042317870818,-0.15817672871839794,0.18018009724274275,-0.1778581888332722,False,False,0.046249144465308985,0.09249828893061797,0.046239570425103176,0.09247914085020635
1905,31.75,False,False,49.772925340284566,50.0,62.22508842703594,49.502665005748355,54.10914909701363,46.435000226784275,74.0,-0.22707465971543428,2.4493844726801877,2.4738783174069896,2.4759912636954082,1.3334392099968493,2.4775412902674825,1.332774481154362,1.3471735679540962,2.4738783174069896,1.188317770919828,1.4443379912507976,1.3314250621233896,1.1888971696606188,1.4455113905593362,2.2960090412174954,2.654184029816694,0.09833782260524004,-0.1582763982934774,0.18030571240970428,-0.17786927618949422,False,False,0.046239570425103176,0.09247914085020635,0.04623003909493902,0.09246007818987804
1910,31.833333333333332,False,False,49.77328531442538,50.0,62.22835994099141,49.50305183818717,54.11166749612567,46.43262123298429,74.0,-0.2267146855746205,2.448446813948984,2.472931282088474,2.4750965355170944,1.3336243793392,2.47690356038388,1.3329624609474733,1.3474608411177087,2.472931282088474,1.1885100737275462,1.444728392352705,1.3316128515770744,1.1890850597990181,1.4458958397105373,2.295050906018706,2.653362103594167,0.09843499859282856,-0.15837578131869057,0.18043082150569312,-0.1778803760697678,False,False,0.04623003909493902,0.09246007818987804,0.046220550196225896,0.09244110039245179
1915,31.916666666666668,False,False,49.77364890895154,50.0,62.23162885791477,49.5034421587574,54.11418472300935,46.43025374895486,74.0,-0.22635109104845696,2.44751403360362,2.4719891739396562,2.4742065048064363,1.3338087751503245,2.4762678152940287,1.3331496468547481,1.347746398586687,2.4719891739396562,1.1887009121314402,1.4451168159265004,1.331799847973207,1.1892715197636399,1.4462783502397303,2.2940976852518338,2.6525446021850208,0.09853195165304318,-0.15847487882304723,0.18055542824536452,-0.17789148868782245,False,False,0.046220550196225896,0.09244110039245179,0.04621110345282916,0.09242220690565832
1920,32.0,False,False,49.774016052671584,50.0,62.23489511821195,49.503835896921686,54.11670071695664,46.427897669578996,74.0,-0.22598394732841598,2.4465861024969096,2.471051963521879,2.4733211437184273,1.3339924029307602,2.4756340472172624,1.3333360446160272,1.348030252516137,2.471051963521879,1.1888902974986215,1.4455032748952439,1.3319860570078619,1.1894565606758913,1.446658934801549,2.2931493492708452,2.6517314998338604,0.0986286822854121,-0.1585736918402456,0.18067953631198153,-0.1779026142510336,False,False,0.04621110345282916,0.09242220690565832,0.046201698591069956,0.09240339718213991
1925,32.083333333333336,False,False,49.7743866753464,50.0,62.23815866309734,49.50423298315759,54.119215418176275,46.425552890913494,74.0,-0.22561332465360096,2.4456629916368002,2.4701196215531684,2.472440424552353,1.334175268117278,2.475002248446067,1.3335216599037563,1.3483124149728702,2.4701196215531684,1.189078241114915,1.4458877820931921,1.3321714843624706,1.18964019358021,1.4470376059663796,2.29220586859264,2.6509227709108445,0.0987251909935094,-0.15867222139266035,0.18080314935767605,-0.17791375296052836,False,False,0.046201698591069956,0.09240339718213991,0.046192335339668475,0.09238467067933695
1930,32.166666666666664,False,False,49.77476070767688,50.0,62.24141943458513,49.50463334895509,54.12172876777493,46.42321931016856,74.0,-0.225239292323117,2.4447446721862276,2.46919211890809,2.4715643197517423,1.3343573760838452,2.474372411344649,1.3337064983240094,1.348592897935405,2.46919211890809,1.1892647541856185,1.446270350266637,1.3323561356306073,1.1898224294347528,1.4474143762111258,2.291267213896787,2.6501183899117913,0.09882147827572085,-0.15877046850065213,0.18092627100370118,-0.1779249050113032,False,False,0.046192335339668475,0.09238467067933695,0.0461830134297173,0.0923660268594346
1935,32.25,False,False,49.775138081291885,50.0,62.24467737548103,49.50503692651427,54.1242407077898,46.42089682573154,74.0,-0.22486191870811467,2.443831115462949,2.4682694266175784,2.4706928019042893,1.334538732142572,2.4737445283475283,1.3338905654174895,1.3488717133086812,2.4682694266175784,1.1894498478339688,1.4466509920724477,1.3325400163619179,1.1900032791393844,1.4477892579472686,2.290333356025251,2.649318331458269,0.09891754463858748,-0.15886843416929675,0.18104890484069047,-0.1779360705923274,False,False,0.0461830134297173,0.0923660268594346,0.04617373259467552,0.09234746518935104
1940,32.333333333333336,False,False,49.77551872873602,50.0,62.247932429373805,49.50544364934283,54.1267511810242,46.41858533702211,74.0,-0.22448127126398276,2.4429222929393632,2.467351515868757,2.46982584374176,1.3347193415446423,2.4731185919581673,1.3340738666605219,1.3491488728946297,2.467351515868757,1.1896335331084467,1.4470297200854523,1.332723132018191,1.190182753474119,1.4481622634593831,2.2894042659821014,2.6485225702976676,0.09901339056475345,-0.15896611942051075,0.18117105442891068,-0.17794724988665545,False,False,0.04617373259467552,0.09234746518935104,0.046164492570298074,0.09232898514059615
1945,32.416666666666664,False,False,49.77590258345806,50.0,62.251184540627165,49.50585345105482,54.12926013134783,46.41628474474541,74.0,-0.22409741654193738,2.442018176242309,2.466438358004732,2.4689634181398845,1.3348992094812324,2.472494594747619,1.3342564074660226,1.3494243884510344,2.466438358004732,1.1898158209692353,1.4474065467849733,1.3329054880026434,1.1903608632252882,1.4485334050313747,2.2884799149332067,2.6477310813032418,0.09910901658034033,-0.15906352522574618,0.18129272329850954,-0.17795844307152553,False,False,0.046164492570298074,0.09232898514059615,0.04615529309466888,0.09231058618933775
1950,32.5,False,False,49.776289579799176,50.0,62.25443365437149,49.50626626716752,54.13176750304114,46.413994950326725,74.0,-0.223710420200824,2.441118737152852,2.4655299245243807,2.4681054981182244,1.335078341084411,2.47187252935321,1.3344381931844569,1.3496982716032382,2.4655299245243807,1.189996722317605,1.4477814845842796,1.333087089659921,1.1905376189766077,1.448902694737619,2.2875602742059096,2.646943839474152,0.09920442313438071,-0.15916065262663048,0.1814139149497711,-0.17796965031847112,False,False,0.04615529309466888,0.09231058618933775,0.04614613390812377,0.09229226781624754
1955,32.583333333333336,False,False,49.77667965298133,50.0,62.257679716495865,49.50668203360067,54.134273241816565,46.41171585678184,74.0,-0.22332034701867087,2.4402239476060488,2.4646261870821093,2.4672520568400307,1.3352567414280274,2.471252388477247,1.3346192291047816,1.3499705339177217,2.4646261870821093,1.190176247950005,1.4481545457847578,1.3332679422760976,1.19071303134314,1.4492701446769884,2.2866453152886943,2.646160819935469,0.09929961075926674,-0.1592575025745817,0.18153463285335958,-0.17798087179341504,False,False,0.04614613390812377,0.09229226781624754,0.046137014753235735,0.09227402950647147
1960,32.666666666666664,False,False,49.77707273909604,50.0,62.260922673640174,49.50710068667507,54.136777293845995,46.409447367880595,74.0,-0.2229272609039583,2.439333779690701,2.463727117487608,2.466403067612082,1.3354344155285833,2.4706341648857517,1.3347995204553702,1.3502411869021036,2.463727117487608,1.1903544086016944,1.4485257426196143,1.333448051093319,1.1908871108361032,1.4496357668377344,2.2857350098308307,2.645381997938175,0.09939457993563083,-0.15935407606600038,0.1816548804505671,-0.17799210765677742,False,False,0.046137014753235735,0.09227402950647147,0.046127935374806674,0.09225587074961335
1965,32.75,False,False,49.777468775093055,50.0,62.26416247318716,49.50752216460975,54.13927960604487,46.407189388386406,74.0,-0.22253122490694466,2.438448205649092,2.4628326877055833,2.4655585038845027,1.3356113683460922,2.470017851407218,1.3349790724049242,1.3505102419315609,2.4628326877055833,1.1905312149339449,1.4488950872411408,1.333627421251231,1.1910598678275686,1.4499995730622464,2.284829329642016,2.644607348859144,0.09948933113068548,-0.15945037410399232,0.18177466115356067,-0.17800335806356715,False,False,0.046127935374806674,0.09225587074961335,0.04611889551981288,0.09223779103962576
1970,32.833333333333336,False,False,49.77786769876939,50.0,62.26739906325477,49.50794640542261,54.14178012655718,46.404941824467514,74.0,-0.22213230123060868,2.4375671978767075,2.4619428698554744,2.46471833925058,1.3357876047849222,2.4694034409313996,1.3351578900633672,1.3507777103518401,2.4619428698554744,1.1907066775122384,1.44926259169899,1.3338060578455497,1.1912313127294707,1.450361575226132,2.28392824669199,2.643836848201093,0.09958386487429194,-0.15954639762236944,0.18189397834561882,-0.1780146231634845,False,False,0.04611889551981288,0.09223779103962576,0.04610989493741152,0.09221978987482304
1975,32.916666666666664,False,False,49.77826944875843,50.0,62.27063239268837,49.508373348727496,54.14427880378743,46.4027045828648,74.0,-0.2217305512415706,2.4366907289219424,2.461057636211162,2.4638825474465413,1.3359631296946297,2.468790926408119,1.3353359784827297,1.3510436033909627,2.461057636211162,1.1908808068497094,1.4496282679836787,1.33398396595735,1.191401455754158,1.4507217849988256,2.28303173311015,2.6430704715925404,0.0996781816078629,-0.15964214763680484,0.18201283538137858,-0.17802590310101163,False,False,0.04610989493741152,0.09221978987482304,0.04610093337889863,0.09220186675779726
1980,33.0,False,False,49.77867396451901,50.0,62.27386241105326,49.508802934534415,54.146775587427406,46.40047757176697,74.0,-0.22132603548099183,2.4358187714857955,2.4601769592006533,2.4630511023513453,1.3361379478707756,2.468180300846103,1.3355133426580157,1.3513079322180874,2.4601769592006533,1.191053613361019,1.44999212798053,1.3341611505505626,1.1915703071433157,1.451080214072584,2.2821397611851424,2.642308194787724,0.0997722818544966,-0.15973762507477174,0.18213123558707078,-0.17803719801551088,False,False,0.04610093337889863,0.09220186675779726,0.04609201059766675,0.0921840211953335
1985,33.083333333333336,False,False,49.77908118632491,50.0,62.27708906862719,49.50923510384799,54.14927042757687,46.39826070005411,74.0,-0.22091881367509103,2.434951298421547,2.4593008114057624,2.462223977986433,1.3363120640557282,2.4675715573118406,1.335689987528056,1.3515707079140795,2.4593008114057624,1.1912251074018367,1.4503541835092262,1.3343376165744758,1.1917378769903593,1.4514368739849302,2.2812523033644467,2.641549993666522,0.09986616607085064,-0.15983283092372025,0.18224918226075948,-0.17804850804131567,False,False,0.04609201059766675,0.0921840211953335,0.046083126349213105,0.09216625269842621
1990,33.166666666666664,False,False,49.779491055254425,50.0,62.28031231639292,49.509669798367085,54.15176327534481,46.396053877809166,74.0,-0.2205089447455748,2.4340882827344252,2.4584291655617694,2.4614011485154843,1.3364854829394563,2.466964688928464,1.3358659179763457,1.3518319414862254,2.4584291655617694,1.1913952992418282,1.4507144462968504,1.3345133688905209,1.1919041753656368,1.4517917762439283,2.2803693322539496,2.640795844234346,0.09995983475770287,-0.15992776612058868,0.18236667867257683,-0.17805983330781983,False,False,0.046083126349213105,0.09216625269842621,0.046074280391108356,0.09214856078221671
1995,33.25,False,False,49.77990351317988,50.0,62.28353210603091,49.510106960783716,54.154254082431535,46.3938570159563,74.0,-0.2200964868201183,2.4332296975812593,2.457561994557072,2.460582588244148,1.336658209160307,2.4663596888746575,1.3360411388318727,1.3520916438535189,2.457561994557072,1.191564199083425,1.4510729279967314,1.3346884123454856,1.1920692122214005,1.452144932233207,2.279490820617504,2.6400457226220286,0.10005328837968808,-0.16002243163211838,0.18248372806495672,-0.17807117393956773,False,False,0.046074280391108356,0.09214856078221671,0.04606547248294671,0.09213094496589341
2000,33.333333333333336,False,False,49.78031850275752,50.0,62.28674838991208,49.51054653418332,54.15674280146542,46.39167002654598,74.0,-0.2196814972424832,2.4323755162701217,2.456699271432823,2.459768271619766,1.3368302473057718,2.465756550383581,1.3362156548699302,1.3523498258760902,2.456699271432823,1.1917318170467044,1.4514296401733753,1.3348627516836586,1.1922329974919792,1.4524963533121964,2.2786167413764815,2.639299605085691,0.10014652743610619,-0.160116828384111,0.18260033365286832,-0.17808253005634134,False,False,0.04606547248294671,0.09213094496589341,0.046056702386352726,0.09211340477270545
2005,33.416666666666664,False,False,49.780735967417435,50.0,62.28996112109075,49.51098846294329,54.15922938556295,46.389492822374734,74.0,-0.219264032582565,2.4315257122599543,2.455840969382554,2.4589581732310863,1.3370016019132391,2.4651552667418235,1.336389470812915,1.352606498311061,2.455840969382554,1.1918981631891663,1.4517845943223142,1.3350363916346852,1.192395540967876,1.4528460506902812,2.277747067609302,2.638557468006598,0.10023955237922011,-0.16021095734318513,0.18271649862404393,-0.17809390177325213,False,False,0.046056702386352726,0.09211340477270545,0.04604796986494991,0.09209593972989982
2010,33.5,False,False,49.78115585135364,50.0,62.29317025329746,49.511432691534075,54.16171378888687,46.387325317459684,74.0,-0.2188441486463617,2.430680259160187,2.4549870617517886,2.45815226780795,1.337172277470736,2.464555831288373,1.3365625913311137,1.3528616718714057,2.4549870617517886,1.1920632474806743,1.4521378018450972,1.3352093368696387,1.1925568524591101,1.4531940355902015,2.276881772550973,2.6378192878910003,0.10033236371879584,-0.16030481941229557,0.18283222613921168,-0.1781052892008157,False,False,0.04604796986494991,0.09209593972989982,0.046039274684330105,0.09207854936866021
2015,33.583333333333336,False,False,49.78157809951421,50.0,62.29637574093207,49.511879166017316,54.16419596591052,46.38516742640563,74.0,-0.21842190048578658,2.429839130730341,2.4541375220376445,2.4573505302209866,1.3373422784176578,2.4639582374136104,1.3367350210434765,1.3531153571523737,2.4541375220376445,1.1922270798365204,1.4524892740824205,1.3353815920010221,1.1927169415874934,1.453540319040385,2.2760208295925985,2.637085041369964,0.10042496188801131,-0.16039841556488033,0.18294751933231934,-0.1781166924450459,False,False,0.046039274684330105,0.09207854936866021,0.04603061661203414,0.09206123322406828
2020,33.666666666666664,False,False,49.78200265759171,50.0,62.29957753905682,49.512327832247884,54.166675872339134,46.38301906518986,74.0,-0.21799734240828883,2.4290023008796267,2.453292323888423,2.456552935481281,1.337511609145484,2.4633624785583232,1.3369067645183808,1.3533675647197834,2.453292323888423,1.1923896700760723,1.4528390222728325,1.3355531615974088,1.1928758180425687,1.45388491213094,2.275164212280894,2.6363547051991825,0.1005173474111567,-0.16049174667721466,0.18306238131075947,-0.17812811160752906,False,False,0.04603061661203414,0.09206123322406828,0.04602199541753818,0.09204399083507636
2025,33.75,False,False,49.78242947201361,50.0,62.30277560338954,49.512778637671744,54.169153463975476,46.380880150188666,74.0,-0.2175705279863891,2.4281697436665253,2.4524514411031904,2.4557594587400384,1.3376802739984863,2.462768548212741,1.3370778262743743,1.3536183050217279,2.4524514411031904,1.1925510279737552,1.4531870576037726,1.3357240501541583,1.193033491297736,1.4542278257298384,2.2743118943176794,2.635628256258789,0.10060952070811058,-0.1605848137239918,0.18317681515559858,-0.17813954678551092,False,False,0.04602199541753818,0.09204399083507636,0.04601341087222618,0.09202682174445236
2030,33.833333333333336,False,False,49.782858489932785,50.0,62.3059698902968,49.51323153012762,54.171628697916525,46.378750599197716,74.0,-0.21714151006721494,2.4273414332983614,2.451614847631345,2.454970075288234,1.3378482772744207,2.46217643991559,1.3372482107809212,1.3538675884474378,2.451614847631345,1.1927111632053322,1.453533391157908,1.3358942621373444,1.1931899708648457,1.454569070737561,2.2734638495593726,2.6349056715531347,0.1007014822901231,-0.16067761758259214,0.18329082392178986,-0.1781509980719722,False,False,0.04601341087222618,0.09202682174445236,0.04600486274935051,0.09200972549870103
2035,33.916666666666664,False,False,49.783289659218404,50.0,62.30916035678741,49.51368645784733,54.174101531598595,46.37663033061198,74.0,-0.2167103407815958,2.426517344130868,2.4507825175721765,2.4541847605562537,1.338015623225211,2.461586147253167,1.3374179224591165,1.3541154253272818,2.4507825175721765,1.1928700853908432,1.4538780339561288,1.3360638019983981,1.1933452661471016,1.454908657940055,2.272620052016468,2.6341869282105796,0.10079323261277318,-0.16077015918018023,0.18340441063840318,-0.17816246555570858,False,False,0.04600486274935051,0.09200972549870103,0.04599635082405407,0.09199270164810815
2040,34.0,False,False,49.78372292844664,50.0,62.312346960505664,49.51414337035487,54.17657192314337,46.37451926371892,74.0,-0.21627707155335685,2.425697450667739,2.4499544251744165,2.4534034901135238,1.3381823160576236,2.4609976638584325,1.3375869656824046,1.3543618258886183,2.4499544251744165,1.193027804079098,1.4542209969420918,1.3362326740569643,1.1934993864559849,1.4552465980257077,2.2717804758530096,2.633472003483251,0.10088477213708935,-0.16086243943263345,0.1835175783088343,-0.17817394932140695,False,False,0.04599635082405407,0.09199270164810815,0.0459878748733056,0.0919757497466112
2045,34.083333333333336,False,False,49.78415824689176,50.0,62.315529659724895,49.51460221726864,54.17903983152709,46.37241731883965,74.0,-0.2158417531082435,2.424881727560175,2.4491305448357767,2.45262623966813,1.3383483599339254,2.4604109834101244,1.3377553447772794,1.3546068003146594,2.4491305448357767,1.19318432874013,1.4545622909747369,1.3364008826766167,1.193652341092107,1.4555829016662536,2.270945095386054,2.6327608747468108,0.10097610135159418,-0.16095445922255247,0.183630329911034,-0.1781854494497228,False,False,0.0459878748733056,0.0919757497466112,0.04597943467591276,0.09195886935182553
2050,34.166666666666664,False,False,49.784595564516955,50.0,62.31870841334106,49.51506294920062,54.18150521608951,46.370324416906364,74.0,-0.21540443548304467,2.4240701496064188,2.448310851102483,2.4518529850664326,1.3385137589725353,2.4598260996318895,1.3379230640239799,1.3548503587003233,2.448310851102483,1.1933396687873046,1.4549019268504404,1.3365684321037863,1.1938041392304684,1.455917579402081,2.270113885085132,2.632053519500191,0.10106722070175778,-0.16104621946985498,0.18374266839770792,-0.1781969660173508,False,False,0.04597943467591276,0.09195886935182553,0.045971030012457954,0.09194206002491591
2055,34.25,False,False,49.7850348319658,50.0,62.32188318086621,49.515525517756984,54.18396803703355,46.3682404798863,74.0,-0.21496516803419752,2.4232626917512796,2.447495318668792,2.4510837022926615,1.3386785172486655,2.4592430062914334,1.3380901276571586,1.355092511052235,2.447495318668792,1.1934938335549348,1.4552399152806874,1.3367353265849033,1.1939547899866962,1.4562506417085221,2.269286819571689,2.6313499153653406,0.1011581306562872,-0.1611377210655387,0.18385459669654836,-0.17820849909710335,False,False,0.045971030012457954,0.09194206002491591,0.045962660665332764,0.09192532133066553
2060,34.333333333333336,False,False,49.78547600055348,50.0,62.32505392242238,49.51598987464038,54.18642825529511,46.36616543066751,74.0,-0.21452399944652,2.4224593290856524,2.446683922376509,2.4503183674685145,1.3388426387949486,2.4586616971996866,1.3382565398665571,1.3553332673328715,2.446683922376509,1.1936468323041884,1.4555762668980279,1.3369015703078277,1.1941043024467473,1.4565820990256015,2.26846387361853,2.6306500400869353,0.10124883169273002,-0.16122896488612426,0.18396611771042615,-0.17822004875797903,False,False,0.045962660665332764,0.09192532133066553,0.045954326418685465,0.09190865283737093
2065,34.416666666666664,False,False,49.78591902225817,50.0,62.32822059873522,49.51645597254924,54.18888583221308,46.36409919277399,74.0,-0.21408097774182977,2.421660036846029,2.4458766372144893,2.4495569568527324,1.339006127602059,2.4580821662099916,1.338422304797664,1.355572637416417,2.4458766372144893,1.1937986742379754,1.4559109922710127,1.3370671674018468,1.194252685581714,1.4569119616728938,2.2676450221492557,2.6299538715321105,0.10133932425647685,-0.16131995183470305,0.18407723431762113,-0.17823161506523366,False,False,0.045954326418685465,0.09190865283737093,0.045946027058400854,0.09189205411680171
2070,34.5,False,False,49.786363849712636,50.0,62.33138317112784,49.516923764579666,54.19134072993009,46.36204169070507,74.0,-0.21363615028736405,2.420864790413999,2.445073438318139,2.448799446840683,1.3391689876193233,2.4575044072173027,1.3385874265523554,1.3558106311181928,2.445073438318139,1.1939493684830156,1.4562441018863206,1.337232121981606,1.1943999483423295,1.4572402399440751,2.2668302402376876,2.6292613876901556,0.10142960882588237,-0.16141068277586323,0.18418794937201666,-0.1782431980804513,False,False,0.045946027058400854,0.09189205411680171,0.045937762372092655,0.09187552474418531
2075,34.583333333333336,False,False,49.786810436195864,50.0,62.33454160151476,49.51739320512494,54.19379291102811,46.35999284962127,74.0,-0.21318956380413567,2.4200735653157435,2.444274300968901,2.4480458139639216,1.339331222755317,2.456928414157407,1.3387519091895381,1.356047258150511,2.444274300968901,1.1940989241062836,1.4565756061652375,1.3373964380738927,1.1945460995363473,1.4575669439843475,2.2660195031072874,2.628572566672215,0.10151968583383653,-0.1615011586141637,0.1842982657033141,-0.17825479786161358,False,False,0.045937762372092655,0.09187552474418531,0.04592953214907803,0.09185906429815606
2080,34.666666666666664,False,False,49.787258735624874,50.0,62.3376958523958,49.517864248079725,54.19624233908863,46.35795259582014,74.0,-0.21274126437512564,2.419286337221525,2.4434792005937402,2.4472960348897512,1.3394928368784567,2.456354181006158,1.3389157567257706,1.356282528210968,2.4434792005937402,1.1942473500899153,1.4569055154386255,1.3375601197201377,1.1946911480353304,1.4578920839972767,2.2652127861305766,2.627887386710974,0.10160955578630859,-0.16159138017563768,0.18440818611723397,-0.1782664144631636,False,False,0.04592953214907803,0.09185906429815606,0.04592133618036623,0.09184267236073246
2085,34.75,False,False,49.78770870254654,50.0,62.340845886850154,49.518336848937565,54.19868897764922,46.35592085584182,74.0,-0.21229129745346142,2.418503081945165,2.4426881127646167,2.4465500864207756,1.3396538338175794,2.45578170177873,1.3390789731358794,1.3565164508794352,2.4426881127646167,1.1943946553781641,1.457233839993919,1.3377231708739146,1.1948351024965072,1.458215669966693,2.2644100648285415,2.6272058261603437,0.10169921908725787,-0.16168134838292803,0.18451771339572698,-0.17827804793607527,False,False,0.04592133618036623,0.09184267236073246,0.04591317425862714,0.09182634851725428
2090,34.833333333333336,False,False,49.78816029212963,50.0,62.34399166853049,49.518810963294754,54.20113279144654,46.35389755752849,74.0,-0.211839707870368,2.4177237754435184,2.4419010131979535,2.4458079454944426,1.3398142173625156,2.455210970528883,1.3392415623535676,1.356749035691637,2.4419010131979535,1.194540848821645,1.4575605900194148,1.337885595474154,1.1949779716367306,1.4585377119306924,2.263611314870036,2.6265278634951192,0.10178867623905541,-0.16177106405490638,0.18462685029716575,-0.17828969832791763,False,False,0.04591317425862714,0.09182634851725428,0.045905046178189544,0.09181009235637909
2095,34.916666666666664,False,False,49.78861346015684,50.0,62.34713316165711,49.519286547749964,54.20357374537018,46.3518826291276,74.0,-0.21138653984316136,2.416948393815939,2.4411178777540985,2.4450695891825776,1.3399739912646478,2.454641981348248,1.339403528272008,1.3569802920950043,2.4411178777540985,1.1946859392244158,1.4578857756514065,1.3380473974012148,1.195119764006202,1.4588582197554083,2.2628165120711756,2.6258534773106565,0.10187792766040404,-0.16186052808880236,0.18473559955655805,-0.17830136568292287,False,False,0.045905046178189544,0.09181009235637909,0.045896951735002765,0.09179390347000553
2100,35.0,False,False,49.78906816301702,50.0,62.35027033101208,49.519763559306845,54.20601180527955,46.3498759999873,74.0,-0.21093183698297935,2.416176913303743,2.4403386824367805,2.444334994690916,1.3401331592374663,2.454074728365625,1.3395648747444309,1.3572102294781054,2.4403386824367805,1.1948299353073677,1.458209406937609,1.3382085805061708,1.1952604881644713,1.459177203311053,2.262025632394743,2.6251826463225183,0.10196697383294762,-0.16194974131363415,0.18484396388573776,-0.17831305004203735,False,False,0.045896951735002765,0.09179390347000553,0.04588889072664054,0.09177778145328108
2105,35.083333333333336,False,False,49.78952435769753,50.0,62.35340314193365,49.52024195537549,54.20844693736532,46.34787760000801,74.0,-0.21047564230246962,2.4154093102896597,2.4395634033925564,2.443604139358631,1.3402917249571114,2.4535092057462955,1.3397256055847002,1.357438857170646,2.4395634033925564,1.1949728457370092,1.4585314938660014,1.3383691486108091,1.1954001525787445,1.459494672370267,2.2612386519495544,2.6245153493661197,0.10205581519962115,-0.1620387045919014,0.18495194597356335,-0.17832475144300197,False,False,0.04588889072664054,0.09177778145328108,0.045880862952275746,0.09176172590455149
2110,35.166666666666664,False,False,49.789982001776444,50.0,62.35653156031048,49.520721694372654,54.210879108403105,46.34588735985677,74.0,-0.21001799822355594,2.414645561297284,2.4387920169102566,2.442877000657837,1.3404496920629094,2.452945407691351,1.3398857245678846,1.357666184414038,2.4387920169102566,1.1951146791141605,1.4588520463535524,1.3385291054783466,1.1955387656372598,1.4598106366215393,2.260455546989861,2.6238515653963765,0.10214445220750124,-0.16212741877677828,0.18505954848611994,-0.17833646992039576,False,False,0.045880862952275746,0.09176172590455149,0.04587286821263798,0.09174573642527596
2115,35.25,False,False,49.79044105341536,50.0,62.35965555257612,49.5212027348253,54.213308285863874,46.34390521105872,74.0,-0.20955894658464302,2.4138856429905164,2.4380244994204214,2.4421535561931185,1.3406070641578987,2.4523833284370364,1.3400452354308092,1.3578922204055472,2.4380244994204214,1.1952554439690914,1.4591710742414088,1.3386884548427134,1.1956763357095261,1.4601251057294857,2.2596762939147137,2.623191273487329,0.10223288532393848,-0.1622158846960211,0.18516677406690762,-0.17834820550570774,False,False,0.04587286821263798,0.09174573642527596,0.04586490631006001,0.09172981262012002
2120,35.333333333333336,False,False,49.79090147135171,50.0,62.362775085703454,49.521685036270355,54.215734437546516,46.341931085680955,74.0,-0.20909852864829048,2.4131295321730017,2.4372608274947316,2.4414337837010214,1.3407638448093475,2.4518229622541066,1.3402041418726114,1.3581169742541443,2.4372608274947316,1.1953951487781336,1.4594885873115493,1.3388472003939116,1.195812871043501,1.4604380892320674,2.25890086926734,2.6225344528317684,0.10232111497792307,-0.16230410321064337,0.18527362533703684,-0.1783599582273916,False,False,0.04586490631006001,0.09172981262012002,0.04585697704838377,0.09171395409676754
2125,35.416666666666664,False,False,49.79136321489165,50.0,62.36589012719915,49.5221685586576,54.21815753205914,46.3399649167407,74.0,-0.2086367851083466,2.412377205787563,2.436500977845439,2.440717661049554,1.3409200375492643,2.451264303447195,1.3403624475552771,1.3583404550099387,2.436500977845439,1.1955338019421564,1.4598045952653025,1.339005345792657,1.1959483798702832,1.460749596645327,2.2581292497345187,2.6218810827408614,0.10240914163538828,-0.16239207513965548,0.18538010489542245,-0.17837172811092028,False,False,0.04585697704838377,0.09171395409676754,0.04584908023300362,0.09169816046600723
2130,35.5,False,False,49.791826243902705,50.0,62.36900064509829,49.52265326205231,54.22057753839929,46.33800663784465,74.0,-0.20817375609729538,2.4116286409156285,2.4357449273247846,2.44000516623769,1.341075645874899,2.4507073463542004,1.3405201561041777,1.358562671678892,2.4357449273247846,1.195671411805538,1.4601191077423568,1.3391628946557377,1.1960828703662785,1.461059637425588,2.257361412145931,2.6212311426437553,0.10249696574669587,-0.16247980131261364,0.1854862153189707,-0.17838351517885354,False,False,0.04584908023300362,0.09169816046600723,0.045841215670808136,0.09168243134161627
2135,35.583333333333336,False,False,49.79229051880676,50.0,62.37210660795908,49.52313910783424,54.22299442593909,46.33605618317365,74.0,-0.20770948119324117,2.4108838147766534,2.43499265292442,2.4392962773948432,1.3412306732492352,2.450152085345681,1.3406772711085884,1.3587836331639573,2.43499265292442,1.1958079866569373,1.4604321343215787,1.339319850585298,1.1962163505843577,1.461368220900658,2.2565973334735414,2.6205846120871894,0.10258458773670065,-0.16256728257959963,0.18559195916276927,-0.17839531945087872,False,False,0.045841215670808136,0.09168243134161627,0.04583338317020038,0.09166676634040076
2140,35.666666666666664,False,False,49.792756000573064,50.0,62.37520798485737,49.523626057203025,54.225408164919045,46.33411348790196,74.0,-0.20724399942693594,2.4101427047275408,2.434244131774816,2.438590972780365,1.3413851231014788,2.4495985148242676,1.3408337961222037,1.359003348338656,2.434244131774816,1.1959435347072247,1.4607436844989758,1.3394762171249113,1.196348828606924,1.4616753564229308,2.25583699083093,2.61994147073509,0.10267200808427468,-0.16265451973173217,0.18569733896027385,-0.17840714094388588,False,False,0.04583338317020038,0.09166676634040076,0.04582558254106406,0.09165116508212812
2145,35.75,False,False,49.79322265071119,50.0,62.37830474538154,49.524114072975905,54.227818725711884,46.33217848756619,74.0,-0.20677734928880653,2.409405288262054,2.433499341144674,2.43788923078301,1.3415389988275317,2.4490466292240867,1.3409897346636488,1.3592218259587845,2.433499341144674,1.1960780641226647,1.461053767720931,1.3396319977742224,1.1964803123214716,1.4619810531449837,2.2550803614726744,2.619301698368171,0.10275922718619923,-0.16274151363731293,0.1858023572234968,-0.1784189796719997,False,False,0.04582558254106406,0.09165116508212812,0.04581781359473484,0.09163562718946967
2150,35.833333333333336,False,False,49.79369043126431,50.0,62.38139685962722,49.52460311689611,54.23022607984526,46.3302511189361,74.0,-0.20630956873569062,2.408671543010228,2.4327582584403302,2.437191029920423,1.341692303790465,2.448496423010193,1.3411450902169713,1.3594390747948546,2.4327582584403302,1.196211582979087,1.4613623933383975,1.3397871960328758,1.1966108097541963,1.4622853203532271,2.254327422793678,2.6186652748835186,0.10284624555837252,-0.16282826504065828,0.1859070164431884,-0.1784308356466524,False,False,0.04581781359473484,0.09163562718946967,0.04581007614401224,0.09162015228802448
2155,35.916666666666664,False,False,49.794159304802356,50.0,62.38448429819218,49.5250931526278,54.23263019840213,46.32833131864683,74.0,-0.2058406951976437,2.4079414467377753,2.432020861205153,2.436496348838598,1.3418450413209793,2.4479478906780208,1.3412998662321378,1.3596551034849382,2.432020861205153,1.1963440993338768,1.461669570678942,1.3399418153419447,1.1967403286506084,1.462588167048551,2.2535781523285263,2.618032180294169,0.10293306356361276,-0.1629147748343298,0.1860113190890158,-0.17844270887662672,False,False,0.04581007614401224,0.09162015228802448,0.045802370003122664,0.09160474000624533
2160,36.0,False,False,49.7946292344155,50.0,62.38756703217126,49.525584143663224,54.235031053863885,46.32641902476955,74.0,-0.2053707655844974,2.4072149773454896,2.4312871271189445,2.4358051663113476,1.3419972147178603,2.44740102675284,1.3414540661255114,1.3598699206376752,2.4312871271189445,1.196475621143277,1.4619753089640772,1.3400958591132168,1.196868876876409,1.4628896023472409,2.25283252775084,2.6174023947287024,0.10301968170956566,-0.16300104376126612,0.18611526760975794,-0.17845459936810437,False,False,0.045802370003122664,0.09160474000624533,0.04579469498772641,0.09158938997545282
2165,36.083333333333336,False,False,49.79510018370735,50.0,62.39064503315119,49.526076054222656,54.23742861859036,46.324514175512206,74.0,-0.2048998162926523,2.406492112868644,2.43055703399733,2.4351174612397712,1.3421488272484279,2.4468558257892354,1.3416076932803311,1.3600835347881275,2.43055703399733,1.196606156330814,1.4622796173777226,1.3402493307145507,1.1969964621179165,1.463189635181439,2.2520905268726,2.6167758984307974,0.10310610039331158,-0.16308707267021094,0.18621886443346725,-0.17846650712473,False,False,0.04579469498772641,0.09158938997545282,0.04578705091485851,0.09157410182971702
2170,36.166666666666664,False,False,49.795572116788755,50.0,62.39371827320579,49.52656884895734,54.23982286580565,46.32261671005821,74.0,-0.2044278832112454,2.4057728314763853,2.4298305597911494,2.4344332126516988,1.3422998821489744,2.4463122823705796,1.3417607510471745,1.3602959544124953,2.4298305597911494,1.1967357127431206,1.462582505022074,1.3404022335138053,1.1971230920777445,1.4634882744948563,2.251352127643503,2.616152671758813,0.10319232008236101,-0.1631728623347508,0.18632211196766368,-0.17847843214764625,False,False,0.04578705091485851,0.09157410182971702,0.04577943760298798,0.09155887520597596
2175,36.25,False,False,49.7960449982712,50.0,62.396786724890895,49.52706249325103,54.24221376898739,46.320726568043305,74.0,-0.20395500172880077,2.405057111471132,2.4291076825858435,2.433752399701158,1.3424503826252,2.4457703911085367,1.3419132427444205,1.3605071879133994,2.4291076825858435,1.1968642981775084,1.462883980945203,1.3405545708202682,1.19724877433908,1.4637855291070874,2.2506173081502894,2.6155326951853444,0.10327834119368795,-0.16325841357431936,0.18642501259950084,-0.17849037443555416,False,False,0.04577943760298798,0.09155887520597596,0.04577185487192634,0.09154370974385267
2180,36.333333333333336,False,False,49.79651879326053,50.0,62.39985036123948,49.527556952324574,54.24460130232482,46.318843689944025,74.0,-0.20348120673946823,2.4043449312879575,2.428388380600837,2.4330750016678167,1.3426003318526376,2.445230146642561,1.342065171658702,1.3607172436640305,2.428388380600837,1.1969919203615111,1.4631840541206393,1.340706345899298,1.1973735165120563,1.4640814078600164,2.2498860466160835,2.6149159492967886,0.10336416419598593,-0.1633437271519742,0.18652756869595155,-0.17850233398475357,False,False,0.04577185487192634,0.09154370974385267,0.04576430254285734,0.09152860508571468
2185,36.416666666666664,False,False,49.79699346735079,50.0,62.40290915575691,49.52805219273437,54.24698544006043,46.31696801651394,74.0,-0.2030065326492121,2.4036362694939815,2.4276726321889215,2.432400997956436,1.3427497329770748,2.444691543639418,1.3422165410453482,1.360926129934569,2.4276726321889215,1.1971185869826009,1.463482733477125,1.3408575620308967,1.1974973260358455,1.4643759194199435,2.2491583213997237,2.6143024147928924,0.10344978948537453,-0.1634288038987235,0.1866297826039709,-0.17851431078919777,False,False,0.04576430254285734,0.09152860508571468,0.04575678043831911,0.09151356087663821
2190,36.5,False,False,49.79746898661801,50.0,62.405963082416015,49.528548181177854,54.24936615742099,46.315099489575566,74.0,-0.20253101338199286,2.402931104787752,2.4269604158356297,2.431730368096308,1.3428985891149638,2.44415457679271,1.3423673541288244,1.3611338549510492,2.4269604158356297,1.1972443056464834,1.4637800278569408,1.3410082224218514,1.1976202103836153,1.4646690724825766,2.2484341109950936,2.6136920724863075,0.10353521753152739,-0.1635136445674339,0.1867316566506778,-0.1785263048405361,False,False,0.04575678043831911,0.09151356087663821,0.04574928838218014,0.09149857676436028
2195,36.583333333333336,False,False,49.797945317614136,50.0,62.409012115652395,49.52904488419678,54.25174342979197,46.31323805131416,74.0,-0.20205468238586377,2.40222941599863,2.426251710158616,2.4310630917407003,1.3430469033538301,2.4436192408224153,1.3425176141031625,1.361340426910074,2.426251710158616,1.1973690839143263,1.4640759460531727,1.341158330249664,1.1977421769667855,1.4649608756773183,2.2477133940304586,2.6130849033021413,0.1036204487672443,-0.16359824994328842,0.1868331931435252,-0.17853831612815751,False,False,0.04574928838218014,0.09149857676436028,0.04574182619962614,0.09148365239925228
2200,36.666666666666664,False,False,49.79842242736105,50.0,62.4120562303598,49.52954226997484,54.254117232829515,46.31138364437107,74.0,-0.20157757263895348,2.4015311820861647,2.425546493907026,2.4303991486663,1.3431946787526712,2.443085530474433,1.3426673241323857,1.3615458538905205,2.425546493907026,1.1974929292978718,1.4643704968048532,1.3413078887064787,1.1978632330543069,1.465251337486579,2.2469961492677797,2.612480888277488,0.10370548359605847,-0.16368262083621365,0.186934394370462,-0.17855034463924646,False,False,0.04574182619962614,0.09148365239925228,0.04573439371715126,0.09146878743430252
2205,36.75,False,False,49.798900283344636,50.0,62.41509540188537,49.53004030624584,54.25648754315052,46.30953621243015,74.0,-0.20109971665536364,2.400836382139475,2.4248447459608697,2.429738518772634,1.3433419183423498,2.4425534405201463,1.3428164873509238,1.3617501439565514,2.4248447459608697,1.1976158492285525,1.4646636887661133,1.3414569008965829,1.1979833859779296,1.465540466451077,2.2462823556020584,2.611880008560986,0.10379032249452558,-0.16376675797862172,0.18703526260011616,-0.17856239035881138,False,False,0.04573439371715126,0.09146878743430252,0.045726990762545786,0.09145398152509157
2210,36.833333333333336,False,False,49.79937885350898,50.0,62.41812960602505,49.53053896149296,54.258854337310716,46.307695699344166,74.0,-0.2006211464910166,2.400144995376623,2.4241464453303894,2.4290811820815223,1.343488625125983,2.442022965755983,1.342965106864027,1.3619533050987502,2.4241464453303894,1.197737851103563,1.4649555305522906,1.3416053699389068,1.1981026429229475,1.4658282709606139,2.2455719920606443,2.6112822454123368,0.10387496586186362,-0.16385066217580269,0.1871358000819474,-0.17857445326974508,False,False,0.045726990762545786,0.09145398152509157,0.045719617164879454,0.09143923432975891
2215,36.916666666666664,False,False,49.7998581062506,50.0,62.421158819019055,49.531038204652155,54.26121759257942,46.30586204979349,74.0,-0.20014189374939662,2.3994570011439853,2.423451571155425,2.4284271187364905,1.3436348020793205,2.441494101002999,1.3431131857481642,1.3621553452488389,2.423451571155425,1.1978589422511787,1.4652460307052746,1.3417532988938092,1.1982210110717118,1.4661147593976214,2.244865037802569,2.610687580201846,0.10395941414878251,-0.1639343341771271,0.1872360090464209,-0.17858653335285624,False,False,0.045719617164879454,0.09143923432975891,0.045712272754492654,0.09142454550898531
2220,37.0,False,False,49.80033801041279,50.0,62.42418301754742,49.53153800541389,54.26357728651981,46.30403520892611,74.0,-0.19966198958721293,2.39877237891563,2.4227601027047863,2.4277763090022075,1.343780452151121,2.4409668411064627,1.343260727051425,1.3623562722649605,2.4227601027047863,1.1979791299497577,1.4655351977125461,1.3419006908070061,1.1983384974980453,1.4663999400316012,2.244161472117871,2.610095994409961,0.10404366776664076,-0.16401777476691515,0.18733589170517462,-0.17859863058691516,False,False,0.045712272754492654,0.09142454550898531,0.045704957362984355,0.09140991472596871
2225,37.083333333333336,False,False,49.80081853527982,50.0,62.42720217872539,49.53203833302924,54.26593339736613,46.30221512267732,74.0,-0.1991814647201835,2.3980911082926823,2.422072019375609,2.427128733263916,1.3439255782635209,2.440441180935451,1.3434077337939128,1.3625560939905428,2.422072019375609,1.1980984214109374,1.4658230399904,1.3420475487095702,1.1984551093188751,1.4666838211707969,2.2434612744269105,2.6095074696267817,0.10412772718025409,-0.16410098467166767,0.1874354502511726,-0.17861074494869866,False,False,0.045704957362984355,0.09140991472596871,0.045697670823172346,0.09139534164634469
2230,37.166666666666664,False,False,49.80129965057169,50.0,62.43021628009906,49.532539158107426,54.268285903261656,46.30040173711803,74.0,-0.19870034942830728,2.3974131690026943,2.421387300692721,2.426484372026846,1.3440701833123976,2.439917115382457,1.343554208968122,1.362754818166004,2.421387300692721,1.1982168238140216,1.4661095659183678,1.342193875574003,1.1985708534706265,1.4669664109386058,2.2427644242796956,2.6089219875515974,0.10421159277260172,-0.16418396469537755,0.1875346868588763,-0.17862287641302554,False,False,0.045697670823172346,0.09139534164634469,0.04569041296914093,0.09138082593828185
2235,37.25,False,False,49.80178132643842,50.0,62.43322529964101,49.53304045142178,54.2706347833181,46.29859499935594,74.0,-0.19821867356157696,2.3967385408990136,2.420705926308004,2.4258432059156467,1.3442142701677253,2.4393946393630004,1.3437001555393242,1.3629524524876162,2.420705926308004,1.1983343442585157,1.4663947837917835,1.3423396743874492,1.1986857369290238,1.4672477174934235,2.242070901355201,2.6083395299924046,0.10429526500580732,-0.1642667155585924,0.18763360368440063,-0.1786350249528028,False,False,0.04569041296914093,0.09138082593828185,0.04568318363615909,0.09136636727231819
2240,37.333333333333336,False,False,49.802263533454784,50.0,62.436229215745975,49.533542183912786,54.27298001678804,46.296794856828136,74.0,-0.1977364665452157,2.396067203960148,2.4200278759997493,2.425205215673803,1.3443578416739284,2.4388737478152533,1.3438455764459376,1.3631490046075032,2.4200278759997493,1.1984509898014668,1.4666787018591496,1.3424849480491958,1.1987997665821115,1.4675277489016803,2.241380685460689,2.607760078865423,0.10437874429417704,-0.1643492380253917,0.1877322028656736,-0.1786471905390603,False,False,0.04568318363615909,0.09136636727231819,0.04567598266072309,0.09135196532144618
2245,37.416666666666664,False,False,49.80274624261494,50.0,62.43922800722646,49.53404432728877,54.27532158335437,46.29500125754597,74.0,-0.197253757385063,2.395399138289131,2.4193531296720225,2.424570382163056,1.344500900650226,2.4383544356996696,1.3439904745998923,1.3633444821042122,2.4193531296720225,1.198566767444599,1.4669613283093086,1.3426296995024587,1.1989129492582444,1.4678065131658702,2.2406937565310323,2.607183616194619,0.10446203106165797,-0.1644315328459678,0.18783048652259637,-0.17865937314099023,False,False,0.04567598266072309,0.09135196532144618,0.045668809880515214,0.09133761976103043
2250,37.5,False,False,49.80322942532713,50.0,62.442221653308614,49.53454685313162,54.277659463176555,46.293214150132464,74.0,-0.1967705746728683,2.3947343241128873,2.4186816673540164,2.423938686362826,1.344643449890973,2.4378366979986263,1.3441348528869934,1.3635388925268581,2.4186816673540164,1.1986816841323906,1.4672426712695463,1.3427739316025964,1.1990252917778985,1.468084018276385,2.2400100946280253,2.6066101241112123,0.1045451257495269,-0.1645136007489596,0.18792845675719594,-0.1786715727259911,False,False,0.045668809880515214,0.09133761976103043,0.04566166513439473,0.09132333026878946
2255,37.583333333333336,False,False,49.803713053408565,50.0,62.445210133627874,49.53504973379673,54.27999363653774,46.29143348351999,74.0,-0.1962869465914352,2.3940727417815935,2.4180134691994093,2.423310109369619,1.3447854921659943,2.4373205297160707,1.3442787141672774,1.3637322433509782,2.4180134691994093,1.1987957467680748,1.4675227388216199,1.3429176472196105,1.199136800855725,1.4683602721135975,2.2393296799397127,2.606039584853195,0.10462802876261934,-0.16459544249525315,0.1880261156537859,-0.17868378925969663,False,False,0.04566166513439473,0.09132333026878946,0.045654548262397364,0.09130909652479473
2260,37.666666666666664,False,False,49.80419709908024,50.0,62.448193428224904,49.53555294241586,54.282324084327094,46.289659207359115,74.0,-0.19580290091975883,2.3934143717680425,2.417348515485723,2.4226846323964537,1.3449270302209162,2.4368059258771755,1.3444220612753572,1.3639245419785313,2.417348515485723,1.1989089621921216,1.4678015389802732,1.3430608491942166,1.199247483157103,1.4686352825044455,2.238652492779701,2.605471980764838,0.10471074052591423,-0.16467705882142836,0.18812346527911483,-0.17869602270602192,False,False,0.045654548262397364,0.09130909652479473,0.04564745910571585,0.0912949182114317
2265,37.75,False,False,49.8046815349619,50.0,62.45117151754142,49.5360564517037,54.28465078794636,46.2878912719373,74.0,-0.19531846503809902,2.3927591946670064,2.4166867866136763,2.4220622367722697,1.3450680667774886,2.4362928815280043,1.34456489702077,1.364115795796761,2.4166867866136763,1.1990213371865848,1.4680790796976109,1.343203540323202,1.1993573453561253,1.4689090572804362,2.2379785135864845,2.6049072942961984,0.10479326148367529,-0.16475845044063564,0.18822050768252208,-0.17870827302719183,False,False,0.04564745910571585,0.0912949182114317,0.04564039750668807,0.09128079501337615
2270,37.833333333333336,False,False,49.80516633406706,50.0,62.454144382416,49.536560235755175,54.28697372882868,46.28612962776717,74.0,-0.19483366593293994,2.392107191194595,2.416028263106541,2.421442903941341,1.3452086045339051,2.4357813917351825,1.3447072241883138,1.3643060120899009,2.416028263106541,1.1991328784968802,1.4683553688849003,1.3433457233887112,1.1994663939660812,1.469181604108166,2.2373077229227576,2.604345508002633,0.10487559201826513,-0.16483961812381964,0.18831724489609236,-0.17872054018378325,False,False,0.04564039750668807,0.09128079501337615,0.04563336330879268,0.09126672661758536
2275,37.916666666666664,False,False,49.80565146979806,50.0,62.457112004080244,49.53706426765578,54.28929288929773,46.28437422631654,74.0,-0.19434853020194254,2.3914583421876197,2.415372925609496,2.4208266154626954,1.345348646165118,2.435271451585575,1.3448490455383793,1.3644951981569011,2.415372925609496,1.1992435927933274,1.4686304143741495,1.3434874011436024,1.1995746356186892,1.4694529307685729,2.2366401014747406,2.603786604544294,0.10495773261167174,-0.16492056253821197,0.18841367893479832,-0.17873282413475522,False,False,0.04563336330879268,0.09126672661758536,0.04562635635663022,0.09125271271326044
2280,38.0,False,False,49.80613691594116,50.0,62.460074364154515,49.53756852247519,54.2916082512335,46.28262501887029,74.0,-0.19386308405884023,2.390812628602954,2.4147207548889837,2.420213353009517,1.345488194323147,2.4347630561859748,1.3449903638072807,1.3646833611642706,2.4147207548889837,1.1993534867312678,1.468904223978242,1.3436285763260913,1.1996820766761205,1.4697230447689893,2.235975630051496,2.603230566685642,0.10503968360471871,-0.1650012844881501,0.18850981179665816,-0.1787451248374876,False,False,0.04562635635663022,0.09125271271326044,0.04561937649591105,0.0912387529918221
2285,38.083333333333336,False,False,49.80662264666179,50.0,62.46303144464413,49.538072974279636,54.29391979785086,46.28088195804336,74.0,-0.1933773533382066,2.3901700315168926,2.4140717318320615,2.419603098368569,1.345627251637382,2.4342562006627966,1.345131181707576,1.364870508293234,2.4140717318320615,1.1994625668712906,1.469176805411197,1.343769251645108,1.199788723681749,1.4699919537939168,2.2353142895842466,2.6026773772949365,0.10512144550068281,-0.16508178461148493,0.18860564546287506,-0.17875744224781487,False,False,0.04561937649591105,0.0912387529918221,0.04561242357345363,0.09122484714690726
2290,38.166666666666664,False,False,49.80710863649982,50.0,62.46598322793534,49.538577598527155,54.29622751178942,46.27914499615222,74.0,-0.19289136350018055,2.389530532124513,2.4134258374457582,2.418995833439592,1.3457658207148855,2.4337508801617767,1.3452715019283843,1.3650566466220062,2.4134258374457582,1.1995708397652263,1.4694481663741898,1.3439094297949397,1.1998945829184395,1.4702596652633415,2.2346560611257034,2.602127019343751,0.1052030186413353,-0.16516206370356667,0.18870118189799268,-0.17876977632005486,False,False,0.04561242357345363,0.09122484714690726,0.0456054974371714,0.0912109948743428
2295,38.25,False,False,49.80759486036478,50.0,62.46892969679141,49.539082370276454,54.29853137684356,46.27741408668655,74.0,-0.19240513963521977,2.3888941117390377,2.4127830528564282,2.418391540234727,1.3459039041406857,2.433247089847678,1.3454113271357007,1.3652417832140873,2.4127830528564282,1.1996783118785577,1.4697183144779888,1.3440491134405876,1.1999996607996695,1.4705261867238784,2.23400092584938,2.6015794759064605,0.10528440350979107,-0.16524212241441782,0.1887964230500323,-0.17878212700704843,False,False,0.0456054974371714,0.0912109948743428,0.04559859793604992,0.09119719587209985
2300,38.333333333333336,False,False,49.80808129353133,50.0,62.47187083434885,49.53958726568497,54.300831376490684,46.27568918305422,74.0,-0.1919187064686696,2.3882607517911922,2.412143359309104,2.41779020087792,1.346041504478065,2.43274482490401,1.3455506599726998,1.3654259250446832,2.412143359309104,1.1997849896567232,1.4699872573092778,1.3441883052031245,1.2001039635302597,1.4707915255095305,2.233348865048916,2.601034730159747,0.10536560046484733,-0.16532196151442347,0.188891370850643,-0.17879449426018823,False,False,0.04559859793604992,0.09119719587209985,0.04559172492015344,0.09118344984030688
2305,38.416666666666664,False,False,49.8085679116347,50.0,62.47480662411348,49.540092260815854,54.303127495185,46.27397023968142,74.0,-0.19143208836530334,2.387630433828567,2.4115067381668527,2.417191797604332,1.3461786242688474,2.432244080532747,1.3456895030600402,1.3656090790595683,2.4115067381668527,1.199890879467123,1.4702550023726937,1.3443270077036233,1.2002074973929895,1.471055689028325,2.232699860137403,2.6004927653820933,0.10544660996875677,-0.1654015816665788,0.1889860272152406,-0.17880687802944983,False,False,0.04559172492015344,0.09118344984030688,0.04558487824061077,0.09116975648122154
2310,38.5,False,False,49.809054690666116,50.0,62.477737049956644,49.540597331641,54.30541971726875,46.27225721108366,74.0,-0.19094530933388398,2.387003139514981,2.4108731709101305,2.416596312759748,1.3463152660336797,2.431744851954055,1.3458278589961632,1.365791252175086,2.4108731709101305,1.199995987648212,1.4705215571399495,1.3444652235631567,1.2003102685830271,1.4713186845967723,2.232053892646704,2.599953564953283,0.10552743242168638,-0.16548098359205876,0.18908039404315247,-0.17881927826342636,False,False,0.04558487824061077,0.09116975648122154,0.04557805774959415,0.0911561154991883
2315,38.583333333333336,False,False,49.809541606968445,50.0,62.48066209611152,49.5411024555391,54.30770802737372,46.27055005220634,74.0,-0.19045839303155532,2.3863788506298396,2.410242639136138,2.4160037287999936,1.3464514322723078,2.4312471344060285,1.3459657303575827,1.3659724512045706,2.410242639136138,1.200100320491615,1.470786929031966,1.344602955329583,1.2004122831902162,1.4715805194221714,2.2314109442267824,2.5994171123538936,0.10560806821760083,-0.16556016801435436,0.1891744732177556,-0.17883169490935558,False,False,0.04557805774959415,0.0911561154991883,0.045571263300324655,0.09114252660064931
2320,38.666666666666664,False,False,49.810028637231675,50.0,62.48358174716932,49.541607609504595,54.30999241087972,46.268848718813295,74.0,-0.1899713627683255,2.3857575490674994,2.4096151245581745,2.4154140282903382,1.3465871254638475,2.4307509231444295,1.3461031196991773,1.3661526829466404,2.4096151245581745,1.2002038842216796,1.4710511253984517,1.3447402055654039,1.2005135473452873,1.4718412007488506,2.230770996645019,2.598883391164793,0.10568851780221022,-0.16563913560135313,0.18926826660661833,-0.1788441279131554,False,False,0.045571263300324655,0.09114252660064931,0.045564494747041884,0.09112898949408377
2325,38.75,False,False,49.81051575848871,50.0,62.48649598807567,49.54211277134699,54.31227285314301,46.267153166828315,74.0,-0.18948424151128762,2.3851392168366305,2.408990609004997,2.414827193904906,1.346722348067053,2.4302562134424317,1.3462400295544714,1.3663319541263355,2.408990609004997,1.2003066850303135,1.4713141535527683,1.3448769768038347,1.200614067044722,1.472100735683051,2.2301340317855525,2.5983523850666335,0.10576878155671565,-0.1657178870816134,0.18936177606163662,-0.17885657721944437,False,False,0.045564494747041884,0.09112898949408377,0.04555775194502246,0.09111550389004491
2330,38.833333333333336,False,False,49.811002948111025,50.0,62.489404804126835,49.54261791819875,54.314549340173414,46.2654633529101,74.0,-0.18899705188897542,2.3845238360595795,2.4083690744201753,2.414243208426093,1.3468571025205818,2.4297630005903774,1.3463764624359158,1.3665102714686965,2.4083690744201753,1.2004087290467118,1.4715760207416746,1.3450132715488055,1.2007138483652322,1.4723591314074311,2.2295000316485907,2.597824077839348,0.10584885993873461,-0.16579642310346432,0.18945500341917265,-0.17886904277158466,False,False,0.04555775194502246,0.09111550389004491,0.045551034750544714,0.09110206950108943
2335,38.916666666666664,False,False,49.81149018380443,50.0,62.492308180966255,49.54312302891032,54.31682185766604,46.26377923362642,74.0,-0.1885098161955696,2.3839113889717325,2.40775050286145,2.4136620547439693,1.346991391243253,2.4292712798955334,1.346512420835162,1.3666876415810385,2.40775050286145,1.2005100223810388,1.4718367341890428,1.3451490922896028,1.200812897158523,1.472616394875852,2.2288689783497526,2.5972984533616374,0.10592875329481344,-0.16587474442251549,0.18954795050018758,-0.17888152451169725,False,False,0.045551034750544714,0.09110206950108943,0.045544343020891775,0.09108868604178355
2340,39.0,False,False,49.81197744360493,50.0,62.49520610458081,49.54362808136255,54.31909039244384,46.26210076668033,74.0,-0.18802255639506882,2.3833018579208827,2.4071348765000917,2.413083715855695,1.3471252166343017,2.428781046681855,1.3466479072233333,1.3668640710853925,2.4071348765000917,1.2006105710597508,1.472096301031194,1.3452844415008713,1.2009112194315856,1.4728725331936927,2.2282408541193925,2.596775495610476,0.10600846210830017,-0.1659528516538069,0.1896406191103841,-0.17889402238069918,False,False,0.045544343020891775,0.09108868604178355,0.045537676614339856,0.09107535322867971
2345,39.083333333333336,False,False,49.81246470587461,50.0,62.49809856129739,49.54413305516029,54.321354930813754,46.26042790950982,74.0,-0.18753529412538938,2.382695225366594,2.4065221776202597,2.412508174864934,1.3472585810736326,2.4282922962897566,1.34678292405129,1.3670395664860644,2.4065221776202597,1.2007103810996405,1.4723547283909748,1.3454193216279693,1.2010088209230196,1.473127553194196,2.227615641301932,2.596255188660588,0.10608798670813169,-0.16603074556304476,0.18973301104032814,-0.17890653631832754,False,False,0.045537676614339856,0.09107535322867971,0.045531035390151506,0.09106207078030301
2350,39.166666666666664,False,False,49.81295194929754,50.0,62.50098553777928,49.54463792894514,54.3236154603494,46.25876062080309,74.0,-0.1870480507024581,2.3820914738795675,2.405912388618363,2.4119354149812597,1.3473914869220658,2.4278050240758873,1.3469174737498921,1.3672141343020758,2.405912388618363,1.2008094584278821,1.4726120232978173,1.345553735101612,1.20110570755174,1.4733814618871959,2.226993322355194,2.5957375166839585,0.10616732758512004,-0.16610842675033588,0.18982512806559537,-0.17891906626316922,False,False,0.045531035390151506,0.09106207078030301,0.04552441920856027,0.09104883841712054
2355,39.25,False,False,49.81343915287577,50.0,62.50386702102268,49.54514268219213,54.3258719680114,46.2570988588978,74.0,-0.18656084712422683,2.3814905861410103,2.4053054920024204,2.4113654195195764,1.3475239365215812,2.427319225412909,1.3470515587302585,1.3673877809788701,2.4053054920024204,1.2009078089666654,1.472868192772402,1.3456876843085865,1.201201885021781,1.4736342660639452,2.2263738798497346,2.5952224639493076,0.10624648508507506,-0.1661858959570892,0.18991697194688717,-0.17893161215268583,False,False,0.04552441920856027,0.09104883841712054,0.04551782793076519,0.09103565586153038
2360,39.333333333333336,False,False,49.81392629592536,50.0,62.50674299835332,49.545647294913955,54.3281244416018,46.25544258301702,74.0,-0.1860737040746372,2.3808925449420033,2.4047014703914233,2.410798171899521,1.3476559321955572,2.4268348956892867,1.3471851813840188,1.3675605129030284,2.4047014703914233,1.2010054385679956,1.4731232437614783,1.3458211716796087,1.2012973590732199,1.473885972548059,2.2257572964681827,2.5947100148215996,0.1063254596450307,-0.1662631538298085,0.19000854443017623,-0.1789441739232407,False,False,0.04551782793076519,0.09103565586153038,0.045511261418921714,0.09102252283784343
2365,39.416666666666664,False,False,49.81441335807248,50.0,62.50961345742292,49.546151747066254,54.330372869070665,46.25379175267779,74.0,-0.1855866419275216,2.380297333182873,2.4041003065147017,2.410233655644891,1.3477874762490076,2.426352030309076,1.3473183440835637,1.3677323364317,2.4041003065147017,1.201102353045019,1.4733771831692128,1.3459541995575366,1.2013921353825576,1.4741365880959174,2.225143555004575,2.594200153761525,0.10640425166421741,-0.16634020104914238,0.19009984724682338,-0.1789567515101269,False,False,0.045511261418921714,0.09102252283784343,0.045504719536134795,0.09100943907226959
2370,39.5,False,False,49.81490031924958,50.0,62.5124783862059,49.54665601884973,54.33261723864226,46.252146327797185,74.0,-0.18509968075041883,2.37970493387256,2.4035019832112856,2.40967185438305,1.3479185709688137,2.4258706246917225,1.3474510491822909,1.367903257877888,2.4035019832112856,1.2011985581665143,1.4736300178516968,1.3460867702852284,1.2014862195975788,1.4743861194315486,2.2245326383636974,2.5936928653250018,0.1064828615536606,-0.16641703828030918,0.19019088211371615,-0.1789693448475882,False,False,0.045504719536134795,0.09100943907226959,0.045498202146455335,0.09099640429291067
2375,39.583333333333336,False,False,49.81538715969144,50.0,62.51533777299595,49.54716009131107,54.33485753873669,46.25050626862406,74.0,-0.18461284030856007,2.3791153301279926,2.4029064834292724,2.40911275184435,1.3480492186239523,2.4253906742718594,1.347583299014851,1.368073283481017,2.4029064834292724,1.201294059660577,1.473881754620664,1.3462188862201856,1.2015796172718671,1.4746345731811625,2.2239245295604224,2.593188134162656,0.10656128970014556,-0.16649366620914985,0.19028165073338377,-0.17898195386884996,False,False,0.045498202146455335,0.09099640429291067,0.045491709114841176,0.09098341822968235
2380,39.666666666666664,False,False,49.815873859931585,50.0,62.518191606402716,49.547663945150525,54.33709375834856,46.2488715360597,74.0,-0.18412614006841466,2.3785285051734597,2.4023137902251945,2.408556331861539,1.3481794214657215,2.4249121744991156,1.347715095897378,1.368242419465796,2.4023137902251945,1.2013888631977656,1.4741324002266467,1.346350549661338,1.2016723339932858,1.4748819560016508,2.223319211719053,2.592685945019332,0.10663953653585478,-0.1665700854725103,0.1903721547941375,-0.17899457850614153,False,False,0.045491709114841176,0.09098341822968235,0.045485240307202315,0.09097048061440463
2385,39.75,False,False,49.816360400798416,50.0,62.52103987534849,49.54816756192066,54.33932588640278,46.24724209110874,74.0,-0.1836395992015838,2.377944442339988,2.401723886763388,2.4080025783691923,1.3483091817279613,2.4244351208379267,1.347846442127732,1.3684106719833564,2.401723886763388,1.2014829744202142,1.4743819613881155,1.3464817629076151,1.201764375219081,1.4751282744157166,2.222716668072671,2.5921862827335693,0.10671760243236017,-0.16664629676427545,0.19046239597018122,-0.179007218690717,False,False,0.045485240307202315,0.09097048061440463,0.045478795590338766,0.09095759118067753
2390,39.833333333333336,False,False,49.816846763411604,50.0,62.52388256906494,49.548670922834006,54.34155391245994,46.24561789547736,74.0,-0.18315323658839588,2.377363125064716,2.401136756315363,2.4074514754031204,1.3484385016272733,2.4239595087673513,1.3479773399857229,1.3685780471701128,2.401136756315363,1.2015763989100965,1.4746304447599639,1.3466125282286612,1.2018557464617814,1.4753735349977868,2.222116881962475,2.591689132237109,0.10679548782767401,-0.16672230070833138,0.190552375921746,-0.17901987435288813,False,False,0.045478795590338766,0.09095759118067753,0.04547237483196616,0.09094474966393232
2395,39.916666666666664,False,False,49.817332929178434,50.0,62.5267196770899,49.5491740099617,54.34377782592624,46.2439989109004,74.0,-0.18266707082156586,2.376784536890273,2.4005523822591757,2.4069030070997917,1.3485673833632326,2.423485333780887,1.3481077917333464,1.368744551088903,2.4005523822591757,1.2016691422252939,1.4748778569691943,1.3467428478941201,1.2019464530911423,1.4756177441759837,2.2215198368371407,2.591194478554382,0.10687319308708076,-0.16679809799776057,0.19064209629520645,-0.17903254542203495,False,False,0.04547237483196616,0.09094474966393232,0.04546597790069273,0.09093195580138547
